Date,Residual,Fund,Sector,Year
1999-01-05,0.00836413006485552,STMDX,real estate,1999
1999-01-06,0.00044271711405858205,STMDX,real estate,1999
1999-01-07,-0.005385615355052351,STMDX,real estate,1999
1999-01-08,-0.002434280656581482,STMDX,real estate,1999
1999-01-11,-0.004506619182426182,STMDX,real estate,1999
1999-01-12,-0.0007453508785559191,STMDX,real estate,1999
1999-01-13,-0.0020155660944973664,STMDX,real estate,1999
1999-01-14,-0.000423622067876057,STMDX,real estate,1999
1999-01-15,0.0019108709839237175,STMDX,real estate,1999
1999-01-19,0.0037214553989862536,STMDX,real estate,1999
1999-01-20,-0.005346874171869179,STMDX,real estate,1999
1999-01-21,0.005077454760027347,STMDX,real estate,1999
1999-01-22,-0.00013142465764895742,STMDX,real estate,1999
1999-01-25,0.002084769789507684,STMDX,real estate,1999
1999-01-26,-0.0004555803392447763,STMDX,real estate,1999
1999-01-27,-0.0018831389059683723,STMDX,real estate,1999
1999-01-28,-0.007187745113040261,STMDX,real estate,1999
1999-01-29,-0.0029056096356564563,STMDX,real estate,1999
1999-02-01,-0.003846568828506431,STMDX,real estate,1999
1999-02-02,-0.005492471893875397,STMDX,real estate,1999
1999-02-03,-0.0036629775453816435,STMDX,real estate,1999
1999-02-04,-0.0020426864220407415,STMDX,real estate,1999
1999-02-05,-0.003718848564013389,STMDX,real estate,1999
1999-02-08,-0.0010789475739682677,STMDX,real estate,1999
1999-02-09,0.003403027461453366,STMDX,real estate,1999
1999-02-10,-0.01213101690925398,STMDX,real estate,1999
1999-02-11,-0.004781792323601654,STMDX,real estate,1999
1999-02-12,-0.008907090789290088,STMDX,real estate,1999
1999-02-16,0.0011114697212050006,STMDX,real estate,1999
1999-02-17,9.967632110028117e-05,STMDX,real estate,1999
1999-02-18,0.007299577741140247,STMDX,real estate,1999
1999-02-19,-0.006088365601906404,STMDX,real estate,1999
1999-02-22,0.0025429440732789533,STMDX,real estate,1999
1999-02-23,0.0017604459116309732,STMDX,real estate,1999
1999-02-24,-0.0009936598542127709,STMDX,real estate,1999
1999-02-25,0.001072324151368753,STMDX,real estate,1999
1999-02-26,-0.005154132531291254,STMDX,real estate,1999
1999-03-01,-0.00467087527205011,STMDX,real estate,1999
1999-03-02,0.0009919504095131835,STMDX,real estate,1999
1999-03-03,0.005507242494743367,STMDX,real estate,1999
1999-03-04,0.0015819705781092964,STMDX,real estate,1999
1999-03-05,0.008117474333466893,STMDX,real estate,1999
1999-03-08,-0.004637788093798658,STMDX,real estate,1999
1999-03-09,-0.0006036765263194655,STMDX,real estate,1999
1999-03-10,-0.001890926128594712,STMDX,real estate,1999
1999-03-11,-0.002161440840161464,STMDX,real estate,1999
1999-03-12,0.0006438765321104681,STMDX,real estate,1999
1999-03-15,-0.004262257967266469,STMDX,real estate,1999
1999-03-16,-0.006561554207234073,STMDX,real estate,1999
1999-03-17,-0.0012876140783825408,STMDX,real estate,1999
1999-03-18,-0.008033552922991067,STMDX,real estate,1999
1999-03-19,0.0001486321405729323,STMDX,real estate,1999
1999-03-22,-0.0042482716462332645,STMDX,real estate,1999
1999-03-23,0.0010482233114761236,STMDX,real estate,1999
1999-03-24,0.0028945733607575073,STMDX,real estate,1999
1999-03-25,-0.0010364147789554733,STMDX,real estate,1999
1999-03-26,-9.092928905027895e-05,STMDX,real estate,1999
1999-03-29,0.0070264609977266565,STMDX,real estate,1999
1999-03-30,0.0010168819910739758,STMDX,real estate,1999
1999-03-31,-0.00039740379058587037,STMDX,real estate,1999
1999-04-01,0.0008904354685697315,STMDX,real estate,1999
1999-04-05,0.00260691247052774,STMDX,real estate,1999
1999-04-06,0.0006863394758830593,STMDX,real estate,1999
1999-04-07,-0.004945611482339007,STMDX,real estate,1999
1999-04-08,-0.0014834370874885739,STMDX,real estate,1999
1999-04-09,0.004403302777498667,STMDX,real estate,1999
1999-04-12,0.009411938337451322,STMDX,real estate,1999
1999-04-13,0.007747094982250709,STMDX,real estate,1999
1999-04-14,0.015453413020128016,STMDX,real estate,1999
1999-04-15,0.013783564898980284,STMDX,real estate,1999
1999-04-16,0.025653396336480918,STMDX,real estate,1999
1999-04-19,0.02213682275746925,STMDX,real estate,1999
1999-04-20,0.004681975427469811,STMDX,real estate,1999
1999-04-21,0.0032134695122916046,STMDX,real estate,1999
1999-04-22,0.001743249043231827,STMDX,real estate,1999
1999-04-23,0.0019101544498446982,STMDX,real estate,1999
1999-04-26,-0.005461037128923653,STMDX,real estate,1999
1999-04-27,0.0014784766619727223,STMDX,real estate,1999
1999-04-28,-0.0012391310562400982,STMDX,real estate,1999
1999-04-29,-0.001539133431216571,STMDX,real estate,1999
1999-04-30,0.0058060309401864844,STMDX,real estate,1999
1999-05-03,0.002378256288485927,STMDX,real estate,1999
1999-05-04,0.00164886197564309,STMDX,real estate,1999
1999-05-05,-0.003731452002335827,STMDX,real estate,1999
1999-05-06,0.0051789001258714575,STMDX,real estate,1999
1999-05-07,0.003183935410240913,STMDX,real estate,1999
1999-05-10,0.007430046134492786,STMDX,real estate,1999
1999-05-11,0.0060571721690780254,STMDX,real estate,1999
1999-05-12,0.0019037937014147349,STMDX,real estate,1999
1999-05-13,0.000709479403677317,STMDX,real estate,1999
1999-05-14,-0.00532401042979533,STMDX,real estate,1999
1999-05-17,-0.004730022778756179,STMDX,real estate,1999
1999-05-18,-0.0037879910659813264,STMDX,real estate,1999
1999-05-19,0.007250056138415386,STMDX,real estate,1999
1999-05-20,0.009513109398962981,STMDX,real estate,1999
1999-05-21,0.005821107183658934,STMDX,real estate,1999
1999-05-24,-0.0008363355266806107,STMDX,real estate,1999
1999-05-25,-0.0052571103224383475,STMDX,real estate,1999
1999-05-26,-0.004057128073078635,STMDX,real estate,1999
1999-05-27,0.0012629604631524806,STMDX,real estate,1999
1999-05-28,0.004966508722091121,STMDX,real estate,1999
1999-06-01,0.0012160419133309735,STMDX,real estate,1999
1999-06-02,0.0007071423112336383,STMDX,real estate,1999
1999-06-03,-0.002624238192251626,STMDX,real estate,1999
1999-06-04,0.0009225857398505346,STMDX,real estate,1999
1999-06-07,0.0009215487408006432,STMDX,real estate,1999
1999-06-08,0.0027426110859782808,STMDX,real estate,1999
1999-06-09,-0.0010746290905111061,STMDX,real estate,1999
1999-06-10,-0.0005288162038223263,STMDX,real estate,1999
1999-06-11,0.0005714112353811697,STMDX,real estate,1999
1999-06-14,-0.0033093245161380635,STMDX,real estate,1999
1999-06-15,0.008510058033186935,STMDX,real estate,1999
1999-06-16,-0.0005763065440482899,STMDX,real estate,1999
1999-06-17,-0.0018578165094070495,STMDX,real estate,1999
1999-06-18,-0.003312039572668159,STMDX,real estate,1999
1999-06-21,0.0029552331339094584,STMDX,real estate,1999
1999-06-22,-0.003582869945165005,STMDX,real estate,1999
1999-06-23,-0.004646114882524864,STMDX,real estate,1999
1999-06-24,-0.0003382726024574623,STMDX,real estate,1999
1999-06-25,0.000700768750902973,STMDX,real estate,1999
1999-06-28,0.007108063331740727,STMDX,real estate,1999
1999-06-29,0.0013472935897059558,STMDX,real estate,1999
1999-06-30,-0.002463158373985567,STMDX,real estate,1999
1999-07-01,-0.0004475495943405994,STMDX,real estate,1999
1999-07-02,-0.0007267140913469339,STMDX,real estate,1999
1999-07-06,-0.004401138351893541,STMDX,real estate,1999
1999-07-07,-0.0025771332010640366,STMDX,real estate,1999
1999-07-08,-0.0029273493792166053,STMDX,real estate,1999
1999-07-09,0.0009597607239810688,STMDX,real estate,1999
1999-07-12,-0.0027417001741890878,STMDX,real estate,1999
1999-07-13,0.0008256029073308887,STMDX,real estate,1999
1999-07-14,-0.0022720581121768975,STMDX,real estate,1999
1999-07-15,0.0013262391881022212,STMDX,real estate,1999
1999-07-16,0.0006117708685721877,STMDX,real estate,1999
1999-07-19,-0.004550083905520683,STMDX,real estate,1999
1999-07-20,-0.001342548416349005,STMDX,real estate,1999
1999-07-21,0.0005455488002944678,STMDX,real estate,1999
1999-07-22,0.000684113394659989,STMDX,real estate,1999
1999-07-23,-0.003906461862643248,STMDX,real estate,1999
1999-07-26,-0.0020624352341834995,STMDX,real estate,1999
1999-07-27,0.002792313527090618,STMDX,real estate,1999
1999-07-28,-0.00036932662410789813,STMDX,real estate,1999
1999-07-29,-0.007120721370146185,STMDX,real estate,1999
1999-07-30,0.008118139444132753,STMDX,real estate,1999
1999-08-02,0.003501339135755649,STMDX,real estate,1999
1999-08-03,-0.008242837911497023,STMDX,real estate,1999
1999-08-04,-0.009828432818085951,STMDX,real estate,1999
1999-08-05,-0.0053241343319855505,STMDX,real estate,1999
1999-08-06,0.0012376565397102177,STMDX,real estate,1999
1999-08-09,-0.005345766241232305,STMDX,real estate,1999
1999-08-10,-0.0022030576496582066,STMDX,real estate,1999
1999-08-11,-0.0018442378585161968,STMDX,real estate,1999
1999-08-12,0.001785922062165169,STMDX,real estate,1999
1999-08-13,0.0029583874628018626,STMDX,real estate,1999
1999-08-16,0.0007657580640520155,STMDX,real estate,1999
1999-08-17,0.003111111246129305,STMDX,real estate,1999
1999-08-18,0.0016700252829255952,STMDX,real estate,1999
1999-08-19,0.0013541093552174959,STMDX,real estate,1999
1999-08-20,0.0001110512742196338,STMDX,real estate,1999
1999-08-23,-0.0009214937675680884,STMDX,real estate,1999
1999-08-24,-0.0012897325899062402,STMDX,real estate,1999
1999-08-25,-0.004621433835692651,STMDX,real estate,1999
1999-08-26,0.0022196034447337495,STMDX,real estate,1999
1999-08-27,0.0009442771637518762,STMDX,real estate,1999
1999-08-30,-0.0026291939039968268,STMDX,real estate,1999
1999-08-31,0.014267549667209306,STMDX,real estate,1999
1999-09-01,-0.0156998647113444,STMDX,real estate,1999
1999-09-02,-0.0021352785388187977,STMDX,real estate,1999
1999-09-03,0.004469928624957984,STMDX,real estate,1999
1999-09-07,0.002134226439961807,STMDX,real estate,1999
1999-09-08,0.000539346333109257,STMDX,real estate,1999
1999-09-09,-0.0034183709090490014,STMDX,real estate,1999
1999-09-10,0.003360716726277818,STMDX,real estate,1999
1999-09-13,-0.0013974784921311585,STMDX,real estate,1999
1999-09-14,-0.0027253826960707867,STMDX,real estate,1999
1999-09-15,0.003536897497461052,STMDX,real estate,1999
1999-09-16,-0.004374258430860092,STMDX,real estate,1999
1999-09-17,0.0007119453703956656,STMDX,real estate,1999
1999-09-20,-0.003342413335945672,STMDX,real estate,1999
1999-09-21,-0.004599123145019014,STMDX,real estate,1999
1999-09-22,-0.0003420576546214911,STMDX,real estate,1999
1999-09-23,-0.002030633014921453,STMDX,real estate,1999
1999-09-24,0.0022990660377684574,STMDX,real estate,1999
1999-09-27,0.005847786373315295,STMDX,real estate,1999
1999-09-28,-0.0006793637285470583,STMDX,real estate,1999
1999-09-29,-0.0017365049131192931,STMDX,real estate,1999
1999-09-30,0.0026377003133612733,STMDX,real estate,1999
1999-10-01,-0.0037632689316552895,STMDX,real estate,1999
1999-10-04,-0.00028529931743604764,STMDX,real estate,1999
1999-10-05,0.0018580814093956041,STMDX,real estate,1999
1999-10-06,-0.003115684692892263,STMDX,real estate,1999
1999-10-07,-0.000268499143209191,STMDX,real estate,1999
1999-10-08,-0.003548367254133893,STMDX,real estate,1999
1999-10-11,0.00015659594778646892,STMDX,real estate,1999
1999-10-12,-0.0027226089273040092,STMDX,real estate,1999
1999-10-13,-0.0002034218933440815,STMDX,real estate,1999
1999-10-14,-0.004507268330777428,STMDX,real estate,1999
1999-10-15,0.00018660170177082916,STMDX,real estate,1999
1999-10-18,-0.002232027771785903,STMDX,real estate,1999
1999-10-19,0.0011232691140375278,STMDX,real estate,1999
1999-10-20,0.003369761647649449,STMDX,real estate,1999
1999-10-21,-0.007484663152586186,STMDX,real estate,1999
1999-10-22,0.0017184019176784023,STMDX,real estate,1999
1999-10-25,0.000994254251981614,STMDX,real estate,1999
1999-10-26,-0.003593454307275845,STMDX,real estate,1999
1999-10-27,0.001537158699385068,STMDX,real estate,1999
1999-10-28,-0.0007642164863362888,STMDX,real estate,1999
1999-10-29,0.010139988614457071,STMDX,real estate,1999
1999-11-01,0.0016195970409962237,STMDX,real estate,1999
1999-11-02,0.006205518944562138,STMDX,real estate,1999
1999-11-03,-0.003503951678623817,STMDX,real estate,1999
1999-11-04,-0.008575577812893486,STMDX,real estate,1999
1999-11-05,-0.0038969174254740294,STMDX,real estate,1999
1999-11-08,0.0007677535490374846,STMDX,real estate,1999
1999-11-09,-0.002154477628888204,STMDX,real estate,1999
1999-11-10,-0.0027243441874739527,STMDX,real estate,1999
1999-11-11,-0.0075742496051623455,STMDX,real estate,1999
1999-11-12,-0.0006193609141181977,STMDX,real estate,1999
1999-11-15,-0.0026262932976102524,STMDX,real estate,1999
1999-11-16,-0.0010073968242783227,STMDX,real estate,1999
1999-11-17,-0.0059152301369015765,STMDX,real estate,1999
1999-11-18,0.002404076449049105,STMDX,real estate,1999
1999-11-19,0.002841914622594967,STMDX,real estate,1999
1999-11-22,-0.00651945373211439,STMDX,real estate,1999
1999-11-23,-0.0037180403755691046,STMDX,real estate,1999
1999-11-24,-0.0006629917835238967,STMDX,real estate,1999
1999-11-26,0.0013147269553638937,STMDX,real estate,1999
1999-11-29,0.001759886284812048,STMDX,real estate,1999
1999-11-30,0.010210005395406545,STMDX,real estate,1999
1999-12-01,-0.008011452483290542,STMDX,real estate,1999
1999-12-02,-0.004051863872333121,STMDX,real estate,1999
1999-12-03,-0.004535151216251555,STMDX,real estate,1999
1999-12-06,-0.002541340090205821,STMDX,real estate,1999
1999-12-07,0.0022988268398563905,STMDX,real estate,1999
1999-12-08,-0.008865186290942994,STMDX,real estate,1999
1999-12-09,-0.006406549650784321,STMDX,real estate,1999
1999-12-10,-0.0023880779925576456,STMDX,real estate,1999
1999-12-13,-0.0012433316641415632,STMDX,real estate,1999
1999-12-14,-0.007234103755486515,STMDX,real estate,1999
1999-12-15,-0.009523116791726564,STMDX,real estate,1999
1999-12-16,0.0014046114222702184,STMDX,real estate,1999
1999-12-17,0.027553957850300473,STMDX,real estate,1999
1999-12-20,0.0017281910150474394,STMDX,real estate,1999
1999-12-21,0.002058028684295791,STMDX,real estate,1999
1999-12-22,-0.0027777464905532636,STMDX,real estate,1999
1999-12-23,0.0005249863715129511,STMDX,real estate,1999
1999-12-27,0.0010576177747726827,STMDX,real estate,1999
1999-12-28,0.006762714903882159,STMDX,real estate,1999
1999-12-29,0.009517652578323545,STMDX,real estate,1999
1999-12-30,0.006726190521842757,STMDX,real estate,1999
2000-01-05,-0.00013687115643959977,STMDX,real estate,2000
2000-01-06,0.02251804344820467,STMDX,real estate,2000
2000-01-07,0.010466351633877921,STMDX,real estate,2000
2000-01-10,0.008272420903563884,STMDX,real estate,2000
2000-01-11,0.0003274013779332528,STMDX,real estate,2000
2000-01-12,-0.004568756649584748,STMDX,real estate,2000
2000-01-13,-0.005836286062309286,STMDX,real estate,2000
2000-01-14,-0.009062411492843075,STMDX,real estate,2000
2000-01-18,0.0010044805823932845,STMDX,real estate,2000
2000-01-19,0.00013575935077284442,STMDX,real estate,2000
2000-01-20,0.0031851422707232756,STMDX,real estate,2000
2000-01-21,-0.0036443830475077596,STMDX,real estate,2000
2000-01-24,-0.0024455842435714987,STMDX,real estate,2000
2000-01-25,-0.0036461990717364355,STMDX,real estate,2000
2000-01-26,0.004735985947238968,STMDX,real estate,2000
2000-01-27,-0.00011411258431365712,STMDX,real estate,2000
2000-01-28,0.0012583741942963885,STMDX,real estate,2000
2000-01-31,-0.020722014978536433,STMDX,real estate,2000
2000-02-01,-0.003413254154581351,STMDX,real estate,2000
2000-02-02,0.00048544264699711744,STMDX,real estate,2000
2000-02-03,0.0004543003323079584,STMDX,real estate,2000
2000-02-04,-0.003874823485726259,STMDX,real estate,2000
2000-02-07,-0.0033823353351901944,STMDX,real estate,2000
2000-02-08,-0.004052551591004367,STMDX,real estate,2000
2000-02-09,0.001818101219788999,STMDX,real estate,2000
2000-02-10,-0.0011293084541402817,STMDX,real estate,2000
2000-02-11,-0.0025987307402542464,STMDX,real estate,2000
2000-02-14,-0.0013053059464042517,STMDX,real estate,2000
2000-02-15,-0.003669241248630543,STMDX,real estate,2000
2000-02-16,-0.009814813253444502,STMDX,real estate,2000
2000-02-17,0.009312251371307156,STMDX,real estate,2000
2000-02-18,-0.006293267244465022,STMDX,real estate,2000
2000-02-22,-0.009103228372969504,STMDX,real estate,2000
2000-02-23,-0.0027943000130972073,STMDX,real estate,2000
2000-02-24,-0.004235759645163184,STMDX,real estate,2000
2000-02-25,0.004261895090780513,STMDX,real estate,2000
2000-02-28,-0.005822817009484333,STMDX,real estate,2000
2000-02-29,0.00888615121631596,STMDX,real estate,2000
2000-03-01,-0.0034950824509956463,STMDX,real estate,2000
2000-03-02,-0.0023794072871437233,STMDX,real estate,2000
2000-03-03,-0.0024918738414525486,STMDX,real estate,2000
2000-03-06,-0.0006122847917967095,STMDX,real estate,2000
2000-03-07,-0.011277268380621774,STMDX,real estate,2000
2000-03-08,0.006400164030284018,STMDX,real estate,2000
2000-03-09,-0.006738172684787245,STMDX,real estate,2000
2000-03-10,-0.0033576164467093265,STMDX,real estate,2000
2000-03-13,0.001061675436615304,STMDX,real estate,2000
2000-03-14,0.001617461914563128,STMDX,real estate,2000
2000-03-15,0.0051978589918346375,STMDX,real estate,2000
2000-03-16,0.010487210583358591,STMDX,real estate,2000
2000-03-17,0.006300526696079962,STMDX,real estate,2000
2000-03-20,0.0015111992398554588,STMDX,real estate,2000
2000-03-21,-0.001879143496622192,STMDX,real estate,2000
2000-03-22,0.0029513441950590534,STMDX,real estate,2000
2000-03-23,-0.00701206975378161,STMDX,real estate,2000
2000-03-24,-0.007042044236888964,STMDX,real estate,2000
2000-03-27,0.006274231884314283,STMDX,real estate,2000
2000-03-28,-0.002675799824604933,STMDX,real estate,2000
2000-03-29,0.0009457169461264906,STMDX,real estate,2000
2000-03-30,-0.00176996985455562,STMDX,real estate,2000
2000-03-31,-0.00032208167092255416,STMDX,real estate,2000
2000-04-03,-0.003704263511785119,STMDX,real estate,2000
2000-04-04,-0.0009776051351392985,STMDX,real estate,2000
2000-04-05,0.0017168738325767392,STMDX,real estate,2000
2000-04-06,0.005452583748735586,STMDX,real estate,2000
2000-04-07,0.0029212733584865185,STMDX,real estate,2000
2000-04-10,0.004637329385892607,STMDX,real estate,2000
2000-04-11,0.00017451123838743156,STMDX,real estate,2000
2000-04-12,0.01333878376180708,STMDX,real estate,2000
2000-04-13,0.004848846368203269,STMDX,real estate,2000
2000-04-14,0.0037605668654446915,STMDX,real estate,2000
2000-04-17,-0.008596224289889437,STMDX,real estate,2000
2000-04-18,0.0013254665193595206,STMDX,real estate,2000
2000-04-19,0.0021895855705631045,STMDX,real estate,2000
2000-04-20,0.0007321583117758702,STMDX,real estate,2000
2000-04-24,0.002449714852408426,STMDX,real estate,2000
2000-04-25,-0.0008457900625758281,STMDX,real estate,2000
2000-04-26,0.00389598091498106,STMDX,real estate,2000
2000-04-27,0.003920442197359563,STMDX,real estate,2000
2000-04-28,0.004855070364268517,STMDX,real estate,2000
2000-05-01,0.005198849392396682,STMDX,real estate,2000
2000-05-02,0.00716353700762906,STMDX,real estate,2000
2000-05-03,0.0036346091457799333,STMDX,real estate,2000
2000-05-04,0.00110978923463726,STMDX,real estate,2000
2000-05-05,-0.0019408313584202222,STMDX,real estate,2000
2000-05-08,-0.004497833534719711,STMDX,real estate,2000
2000-05-09,0.0032966287853227307,STMDX,real estate,2000
2000-05-10,-0.0024108906380762617,STMDX,real estate,2000
2000-05-11,0.005369143015112081,STMDX,real estate,2000
2000-05-12,-0.0017258466822760408,STMDX,real estate,2000
2000-05-15,0.0007888999393450436,STMDX,real estate,2000
2000-05-16,-0.002433172128100423,STMDX,real estate,2000
2000-05-17,-0.003962268638556666,STMDX,real estate,2000
2000-05-18,-0.0014198654177020186,STMDX,real estate,2000
2000-05-19,0.0005122483926631302,STMDX,real estate,2000
2000-05-22,0.00048519709119262966,STMDX,real estate,2000
2000-05-23,-0.000561443516025475,STMDX,real estate,2000
2000-05-24,-0.004920104691012777,STMDX,real estate,2000
2000-05-25,-0.003795707806340544,STMDX,real estate,2000
2000-05-26,0.002219566359019065,STMDX,real estate,2000
2000-05-30,6.551423607080182e-05,STMDX,real estate,2000
2000-05-31,-0.002524317414135142,STMDX,real estate,2000
2000-06-01,-0.005131504599367427,STMDX,real estate,2000
2000-06-02,0.0026637300964427292,STMDX,real estate,2000
2000-06-05,-0.001786301575079677,STMDX,real estate,2000
2000-06-06,0.005434334876736879,STMDX,real estate,2000
2000-06-07,0.002565445394680582,STMDX,real estate,2000
2000-06-08,0.0021287964307670397,STMDX,real estate,2000
2000-06-09,0.0013707374041776635,STMDX,real estate,2000
2000-06-12,0.002994077764577132,STMDX,real estate,2000
2000-06-13,0.0018585342701450827,STMDX,real estate,2000
2000-06-14,0.01007162673031631,STMDX,real estate,2000
2000-06-15,-0.0037966794594264434,STMDX,real estate,2000
2000-06-16,-0.0060330866330412115,STMDX,real estate,2000
2000-06-19,0.0019367611297555834,STMDX,real estate,2000
2000-06-20,0.00513265284514553,STMDX,real estate,2000
2000-06-21,0.0023649447441392957,STMDX,real estate,2000
2000-06-22,0.0009104771451925332,STMDX,real estate,2000
2000-06-23,0.001982411059684261,STMDX,real estate,2000
2000-06-26,0.0022941261038335724,STMDX,real estate,2000
2000-06-27,0.004390807988830849,STMDX,real estate,2000
2000-06-28,0.009177309719116152,STMDX,real estate,2000
2000-06-29,0.002963591718000042,STMDX,real estate,2000
2000-06-30,-0.0261427578582351,STMDX,real estate,2000
2000-07-03,0.015055419176990837,STMDX,real estate,2000
2000-07-05,0.003137952460312269,STMDX,real estate,2000
2000-07-06,0.005286889890950656,STMDX,real estate,2000
2000-07-07,0.0003685231268902595,STMDX,real estate,2000
2000-07-10,0.0012161056610641365,STMDX,real estate,2000
2000-07-11,-0.0028685531989284963,STMDX,real estate,2000
2000-07-12,-0.005772839325954279,STMDX,real estate,2000
2000-07-13,0.0019176510369086817,STMDX,real estate,2000
2000-07-14,-0.004176040536138336,STMDX,real estate,2000
2000-07-17,0.004231886152987332,STMDX,real estate,2000
2000-07-18,-0.0015514524585949728,STMDX,real estate,2000
2000-07-19,-0.0020094303097218623,STMDX,real estate,2000
2000-07-20,0.007634394318603797,STMDX,real estate,2000
2000-07-21,0.004648540193956716,STMDX,real estate,2000
2000-07-24,-0.0011000179006434357,STMDX,real estate,2000
2000-07-25,0.0033558249548990564,STMDX,real estate,2000
2000-07-26,0.013591959685344775,STMDX,real estate,2000
2000-07-27,-0.001886552754215624,STMDX,real estate,2000
2000-07-28,0.000938385867520799,STMDX,real estate,2000
2000-07-31,0.007798751406341525,STMDX,real estate,2000
2000-08-01,-0.00099663456543143,STMDX,real estate,2000
2000-08-02,-0.00413619631076115,STMDX,real estate,2000
2000-08-03,-0.009056543747075178,STMDX,real estate,2000
2000-08-04,-0.007163477951510521,STMDX,real estate,2000
2000-08-07,-0.0070443886846147585,STMDX,real estate,2000
2000-08-08,0.000261636078542946,STMDX,real estate,2000
2000-08-09,-0.0006361541509202589,STMDX,real estate,2000
2000-08-10,3.5117478479122733e-05,STMDX,real estate,2000
2000-08-11,0.006470813341118467,STMDX,real estate,2000
2000-08-14,0.0012585768320807602,STMDX,real estate,2000
2000-08-15,-0.008190868469682396,STMDX,real estate,2000
2000-08-16,0.004877418334741468,STMDX,real estate,2000
2000-08-17,-0.002154015241635221,STMDX,real estate,2000
2000-08-18,-0.005684823634426688,STMDX,real estate,2000
2000-08-21,-0.00846588648642587,STMDX,real estate,2000
2000-08-22,-0.0013604611537308639,STMDX,real estate,2000
2000-08-23,-0.008267341002994259,STMDX,real estate,2000
2000-08-24,-0.0013186801081949509,STMDX,real estate,2000
2000-08-25,-0.002434182709998065,STMDX,real estate,2000
2000-08-28,-0.0017988670433568472,STMDX,real estate,2000
2000-08-29,-0.00640569057333344,STMDX,real estate,2000
2000-08-30,0.006873935789854885,STMDX,real estate,2000
2000-08-31,0.0017035639196347802,STMDX,real estate,2000
2000-09-01,-0.006554806440715485,STMDX,real estate,2000
2000-09-05,0.010075981748044293,STMDX,real estate,2000
2000-09-06,0.003276306747197675,STMDX,real estate,2000
2000-09-07,0.005020419678071611,STMDX,real estate,2000
2000-09-08,0.008852422158606918,STMDX,real estate,2000
2000-09-11,0.0028223231748338955,STMDX,real estate,2000
2000-09-12,2.932189697210869e-05,STMDX,real estate,2000
2000-09-13,0.0033756750597698742,STMDX,real estate,2000
2000-09-14,-0.0016458557440997908,STMDX,real estate,2000
2000-09-15,-0.00459725931637498,STMDX,real estate,2000
2000-09-18,-0.01605864776079491,STMDX,real estate,2000
2000-09-19,0.014358533841938309,STMDX,real estate,2000
2000-09-20,-0.0029062264540084875,STMDX,real estate,2000
2000-09-21,-0.002014149859350411,STMDX,real estate,2000
2000-09-22,0.00036455633313419713,STMDX,real estate,2000
2000-09-25,-0.004230733126427815,STMDX,real estate,2000
2000-09-26,0.0017998744643807749,STMDX,real estate,2000
2000-09-27,0.0025540985358786334,STMDX,real estate,2000
2000-09-28,0.01011008235871248,STMDX,real estate,2000
2000-09-29,-0.000442005983146493,STMDX,real estate,2000
2000-10-02,-0.02414914578980665,STMDX,real estate,2000
2000-10-03,-0.0022170116546883227,STMDX,real estate,2000
2000-10-04,-0.006085563482204872,STMDX,real estate,2000
2000-10-05,-8.244719848226104e-05,STMDX,real estate,2000
2000-10-06,-0.0001432233047022201,STMDX,real estate,2000
2000-10-09,-0.0025499346665406597,STMDX,real estate,2000
2000-10-10,0.0024446676633217107,STMDX,real estate,2000
2000-10-11,-0.004585063129650112,STMDX,real estate,2000
2000-10-12,-0.005301970418506219,STMDX,real estate,2000
2000-10-13,-0.0037989096225023167,STMDX,real estate,2000
2000-10-16,0.002835420873536352,STMDX,real estate,2000
2000-10-17,-0.007080116568450137,STMDX,real estate,2000
2000-10-18,-0.004144986437568408,STMDX,real estate,2000
2000-10-19,-7.872395020091204e-05,STMDX,real estate,2000
2000-10-20,0.00024969317113058,STMDX,real estate,2000
2000-10-23,-0.008594790595682682,STMDX,real estate,2000
2000-10-24,-0.00498143888126613,STMDX,real estate,2000
2000-10-25,-0.003046853354655756,STMDX,real estate,2000
2000-10-26,0.007265792707322268,STMDX,real estate,2000
2000-10-27,0.003997722491258698,STMDX,real estate,2000
2000-10-30,-0.004079874351053531,STMDX,real estate,2000
2000-10-31,0.0051912027101608,STMDX,real estate,2000
2000-11-01,-0.016545656997363538,STMDX,real estate,2000
2000-11-02,0.005659182064579108,STMDX,real estate,2000
2000-11-03,-0.004896015616895569,STMDX,real estate,2000
2000-11-06,-0.0024265681206384546,STMDX,real estate,2000
2000-11-07,0.00014086195553380306,STMDX,real estate,2000
2000-11-08,0.006099450367881291,STMDX,real estate,2000
2000-11-09,-0.004163453218016702,STMDX,real estate,2000
2000-11-10,-0.0024854911936091,STMDX,real estate,2000
2000-11-13,7.665822519693332e-05,STMDX,real estate,2000
2000-11-14,0.0024100446702481964,STMDX,real estate,2000
2000-11-15,0.0009096075400713403,STMDX,real estate,2000
2000-11-16,-0.0025935577940253926,STMDX,real estate,2000
2000-11-17,0.0041474671295137116,STMDX,real estate,2000
2000-11-20,0.0020783916203300414,STMDX,real estate,2000
2000-11-21,-0.0012108227928689333,STMDX,real estate,2000
2000-11-22,-0.0007525656257554056,STMDX,real estate,2000
2000-11-24,0.005139687666566963,STMDX,real estate,2000
2000-11-27,-0.003172318138622268,STMDX,real estate,2000
2000-11-28,-0.001864048432602833,STMDX,real estate,2000
2000-11-29,0.0008620675121074335,STMDX,real estate,2000
2000-11-30,0.0015740869870457096,STMDX,real estate,2000
2000-12-01,0.0033190645103704664,STMDX,real estate,2000
2000-12-04,-0.010262410809999286,STMDX,real estate,2000
2000-12-05,0.012977678370742634,STMDX,real estate,2000
2000-12-06,-0.007342212632988522,STMDX,real estate,2000
2000-12-07,0.0033171885192557916,STMDX,real estate,2000
2000-12-08,0.009477656659062307,STMDX,real estate,2000
2000-12-11,-0.004487312824714696,STMDX,real estate,2000
2000-12-12,-6.534142976026883e-05,STMDX,real estate,2000
2000-12-13,0.0006538861703002715,STMDX,real estate,2000
2000-12-14,0.0009300995653915721,STMDX,real estate,2000
2000-12-15,0.00523657777861248,STMDX,real estate,2000
2000-12-18,0.012724309402826728,STMDX,real estate,2000
2000-12-19,0.0022306186151712613,STMDX,real estate,2000
2000-12-20,-0.004083610574568008,STMDX,real estate,2000
2000-12-21,0.0019513412819977876,STMDX,real estate,2000
2000-12-22,-0.005877851908161667,STMDX,real estate,2000
2000-12-26,0.0008559120763268081,STMDX,real estate,2000
2000-12-27,0.011363075794391421,STMDX,real estate,2000
2000-12-28,0.010632115146036675,STMDX,real estate,2000
2000-12-29,-0.010223757794663434,STMDX,real estate,2000
2001-01-03,0.0024731948122282063,STMDX,real estate,2001
2001-01-04,0.0055135315057993,STMDX,real estate,2001
2001-01-05,-0.0045598384262331825,STMDX,real estate,2001
2001-01-08,0.0021606155262706064,STMDX,real estate,2001
2001-01-09,0.0048530361889556894,STMDX,real estate,2001
2001-01-10,-0.0042193334773795955,STMDX,real estate,2001
2001-01-11,0.004426175657548805,STMDX,real estate,2001
2001-01-12,0.0011967832586414968,STMDX,real estate,2001
2001-01-16,1.567222696806066e-05,STMDX,real estate,2001
2001-01-17,-0.0010351794239320338,STMDX,real estate,2001
2001-01-18,-0.0028809994131439123,STMDX,real estate,2001
2001-01-19,0.0016617032067275223,STMDX,real estate,2001
2001-01-22,0.005301463842946597,STMDX,real estate,2001
2001-01-23,0.006866586893565649,STMDX,real estate,2001
2001-01-24,-0.002547199658300571,STMDX,real estate,2001
2001-01-25,0.0017902064289335232,STMDX,real estate,2001
2001-01-26,-0.0031572488605489265,STMDX,real estate,2001
2001-01-29,0.003985365161512296,STMDX,real estate,2001
2001-01-30,0.001541710593827979,STMDX,real estate,2001
2001-01-31,-0.004402911443190944,STMDX,real estate,2001
2001-02-01,-0.003799198924891347,STMDX,real estate,2001
2001-02-02,0.0014166597276785136,STMDX,real estate,2001
2001-02-05,-0.003639099077614702,STMDX,real estate,2001
2001-02-06,0.005613345587736044,STMDX,real estate,2001
2001-02-07,-0.0005528616153726289,STMDX,real estate,2001
2001-02-08,4.9380352997879535e-05,STMDX,real estate,2001
2001-02-09,-0.0031126715281616854,STMDX,real estate,2001
2001-02-12,0.0011022558143452916,STMDX,real estate,2001
2001-02-13,-0.0015679659091255116,STMDX,real estate,2001
2001-02-14,0.0039089145588217305,STMDX,real estate,2001
2001-02-15,-0.001183220248919238,STMDX,real estate,2001
2001-02-16,0.004435192156601547,STMDX,real estate,2001
2001-02-20,0.002147552088595967,STMDX,real estate,2001
2001-02-21,0.0034414851965026676,STMDX,real estate,2001
2001-02-22,-0.007785640987304729,STMDX,real estate,2001
2001-02-23,-3.3826048271440486e-05,STMDX,real estate,2001
2001-02-26,-0.0005826204944987352,STMDX,real estate,2001
2001-02-27,0.0012425725472327183,STMDX,real estate,2001
2001-02-28,0.012637707648763045,STMDX,real estate,2001
2001-03-01,0.004886768057231184,STMDX,real estate,2001
2001-03-02,0.008551251030906863,STMDX,real estate,2001
2001-03-05,-0.00303783225052995,STMDX,real estate,2001
2001-03-06,-0.0007548232240171368,STMDX,real estate,2001
2001-03-07,0.0036973579878322544,STMDX,real estate,2001
2001-03-08,0.0033224659353115723,STMDX,real estate,2001
2001-03-09,0.009462923461644556,STMDX,real estate,2001
2001-03-12,0.004834583151616879,STMDX,real estate,2001
2001-03-13,0.0012945959911654786,STMDX,real estate,2001
2001-03-14,0.0004901101819987878,STMDX,real estate,2001
2001-03-15,-0.006417712832412211,STMDX,real estate,2001
2001-03-16,0.0009365994993633256,STMDX,real estate,2001
2001-03-19,0.0052972592334237885,STMDX,real estate,2001
2001-03-20,0.0025085690179791273,STMDX,real estate,2001
2001-03-21,0.0011001369252026608,STMDX,real estate,2001
2001-03-22,-0.0036948234988912103,STMDX,real estate,2001
2001-03-23,-0.009063220989047795,STMDX,real estate,2001
2001-03-26,0.00833592284391632,STMDX,real estate,2001
2001-03-27,-0.0033166839365683185,STMDX,real estate,2001
2001-03-28,0.0020014572504140305,STMDX,real estate,2001
2001-03-29,0.004820672174944076,STMDX,real estate,2001
2001-03-30,0.003685330019309074,STMDX,real estate,2001
2001-04-02,0.003140887299030439,STMDX,real estate,2001
2001-04-03,-0.0023682643165709536,STMDX,real estate,2001
2001-04-04,0.0006845329326118656,STMDX,real estate,2001
2001-04-05,-0.0024726694745160777,STMDX,real estate,2001
2001-04-06,-0.008597572464499298,STMDX,real estate,2001
2001-04-09,0.002320097832918583,STMDX,real estate,2001
2001-04-10,-0.0037758252325477957,STMDX,real estate,2001
2001-04-11,-0.010913487344400008,STMDX,real estate,2001
2001-04-12,-0.006144050313590261,STMDX,real estate,2001
2001-04-16,-0.0027259900053577275,STMDX,real estate,2001
2001-04-17,0.0041584522596207025,STMDX,real estate,2001
2001-04-18,-0.007553051063975487,STMDX,real estate,2001
2001-04-19,-0.005280085844930109,STMDX,real estate,2001
2001-04-20,5.08707529837814e-05,STMDX,real estate,2001
2001-04-23,0.005135645299673434,STMDX,real estate,2001
2001-04-24,0.0019494376935438652,STMDX,real estate,2001
2001-04-25,-0.0016099297334363199,STMDX,real estate,2001
2001-04-26,0.004916228980118259,STMDX,real estate,2001
2001-04-27,0.005018920587658379,STMDX,real estate,2001
2001-04-30,-0.004281158891790443,STMDX,real estate,2001
2001-05-01,-0.0020775277384835226,STMDX,real estate,2001
2001-05-02,-0.003600928526397116,STMDX,real estate,2001
2001-05-03,0.003265434940112322,STMDX,real estate,2001
2001-05-04,-0.0014519383839750035,STMDX,real estate,2001
2001-05-07,-0.003201768080576449,STMDX,real estate,2001
2001-05-08,0.002990926087282674,STMDX,real estate,2001
2001-05-09,-0.000434900837363555,STMDX,real estate,2001
2001-05-10,-0.0013271250160737048,STMDX,real estate,2001
2001-05-11,0.005192109717207865,STMDX,real estate,2001
2001-05-14,0.0028993767563381574,STMDX,real estate,2001
2001-05-15,0.002755189332760661,STMDX,real estate,2001
2001-05-16,-0.0026261120962378587,STMDX,real estate,2001
2001-05-17,0.0006821762443646631,STMDX,real estate,2001
2001-05-18,0.0042423257609864986,STMDX,real estate,2001
2001-05-21,-0.0004337120932448764,STMDX,real estate,2001
2001-05-22,0.003148425088477989,STMDX,real estate,2001
2001-05-23,0.00550252026387952,STMDX,real estate,2001
2001-05-24,0.006589518555578285,STMDX,real estate,2001
2001-05-25,0.001105795272805992,STMDX,real estate,2001
2001-05-29,0.0005301578016224703,STMDX,real estate,2001
2001-05-30,-0.0026538443909617402,STMDX,real estate,2001
2001-05-31,-0.0009766753189468674,STMDX,real estate,2001
2001-06-01,-0.0017006031934814413,STMDX,real estate,2001
2001-06-04,-0.0008515703380412921,STMDX,real estate,2001
2001-06-05,0.0013808944098963657,STMDX,real estate,2001
2001-06-06,0.0006529177432147918,STMDX,real estate,2001
2001-06-07,0.001806844794137961,STMDX,real estate,2001
2001-06-08,-0.0005034054106501941,STMDX,real estate,2001
2001-06-11,0.006603404018552573,STMDX,real estate,2001
2001-06-12,0.006980805245373239,STMDX,real estate,2001
2001-06-13,0.0026142048549037257,STMDX,real estate,2001
2001-06-14,0.006637204618979221,STMDX,real estate,2001
2001-06-15,-0.004222991112342417,STMDX,real estate,2001
2001-06-18,0.0017022470844281308,STMDX,real estate,2001
2001-06-19,-0.004806387143903893,STMDX,real estate,2001
2001-06-20,0.006419450563904746,STMDX,real estate,2001
2001-06-21,-0.002026551650507081,STMDX,real estate,2001
2001-06-22,-0.001692175611583031,STMDX,real estate,2001
2001-06-25,-0.0004972408238824587,STMDX,real estate,2001
2001-06-26,0.008662933647318767,STMDX,real estate,2001
2001-06-27,0.00242980047244859,STMDX,real estate,2001
2001-06-28,0.0014245982605688738,STMDX,real estate,2001
2001-06-29,-0.001972240925071407,STMDX,real estate,2001
2001-07-02,-0.0017149770523125904,STMDX,real estate,2001
2001-07-03,-0.0013491080047692318,STMDX,real estate,2001
2001-07-05,0.0034526177907048443,STMDX,real estate,2001
2001-07-06,0.005630900034162011,STMDX,real estate,2001
2001-07-09,-0.013166356737259802,STMDX,real estate,2001
2001-07-10,-0.004316295886413883,STMDX,real estate,2001
2001-07-11,-0.005515393365620534,STMDX,real estate,2001
2001-07-12,-0.0013977167587102442,STMDX,real estate,2001
2001-07-13,-0.000719019476692357,STMDX,real estate,2001
2001-07-16,-0.0004678713881252324,STMDX,real estate,2001
2001-07-17,0.006836474214888855,STMDX,real estate,2001
2001-07-18,-0.002034651711598701,STMDX,real estate,2001
2001-07-19,-0.000400826483642292,STMDX,real estate,2001
2001-07-20,0.0042884605700381035,STMDX,real estate,2001
2001-07-23,-0.0012578521377066094,STMDX,real estate,2001
2001-07-24,-0.001808172148742392,STMDX,real estate,2001
2001-07-25,-5.377782652289751e-05,STMDX,real estate,2001
2001-07-26,0.002694433565078161,STMDX,real estate,2001
2001-07-27,-0.003484193940385575,STMDX,real estate,2001
2001-07-30,-0.005955421897567852,STMDX,real estate,2001
2001-07-31,-0.003972209180886309,STMDX,real estate,2001
2001-08-01,-0.005813388463159067,STMDX,real estate,2001
2001-08-02,0.0008500564112278283,STMDX,real estate,2001
2001-08-03,0.0022817457102474108,STMDX,real estate,2001
2001-08-06,0.0035491629575526346,STMDX,real estate,2001
2001-08-07,0.0020110343942622956,STMDX,real estate,2001
2001-08-08,0.0071414895422538364,STMDX,real estate,2001
2001-08-09,0.0034189335240249735,STMDX,real estate,2001
2001-08-10,0.003586849455218721,STMDX,real estate,2001
2001-08-13,-0.004061312219472066,STMDX,real estate,2001
2001-08-14,0.003447336171589789,STMDX,real estate,2001
2001-08-15,0.007707824778058643,STMDX,real estate,2001
2001-08-16,0.0038779323624046017,STMDX,real estate,2001
2001-08-17,0.001928352448865704,STMDX,real estate,2001
2001-08-20,0.001513699840256612,STMDX,real estate,2001
2001-08-21,0.0076653805017201,STMDX,real estate,2001
2001-08-22,-0.002125041167449181,STMDX,real estate,2001
2001-08-23,-0.0023229789127358165,STMDX,real estate,2001
2001-08-24,-0.010699351853408689,STMDX,real estate,2001
2001-08-27,0.0017033744046931446,STMDX,real estate,2001
2001-08-28,-0.0003366083717699104,STMDX,real estate,2001
2001-08-29,-0.0030381809820219444,STMDX,real estate,2001
2001-08-30,-0.0031482964254897884,STMDX,real estate,2001
2001-08-31,-0.008337196907696753,STMDX,real estate,2001
2001-09-04,-0.005114565425618681,STMDX,real estate,2001
2001-09-05,-0.0034020773102663463,STMDX,real estate,2001
2001-09-06,-0.004434745674573713,STMDX,real estate,2001
2001-09-07,-0.0067168597980688475,STMDX,real estate,2001
2001-09-10,-0.010985154958992785,STMDX,real estate,2001
2001-09-17,-0.0316361065115542,STMDX,real estate,2001
2001-09-18,0.011765219975293593,STMDX,real estate,2001
2001-09-19,-0.006074121233649781,STMDX,real estate,2001
2001-09-20,-0.018316887371422376,STMDX,real estate,2001
2001-09-21,-0.01809711820044606,STMDX,real estate,2001
2001-09-24,0.005381941289212891,STMDX,real estate,2001
2001-09-25,0.013144777796396202,STMDX,real estate,2001
2001-09-26,0.01397419288569081,STMDX,real estate,2001
2001-09-27,0.001946752702443249,STMDX,real estate,2001
2001-09-28,0.010414873815788464,STMDX,real estate,2001
2001-10-01,-0.01311747392284617,STMDX,real estate,2001
2001-10-02,-0.010600727341533623,STMDX,real estate,2001
2001-10-03,-0.00807088694010931,STMDX,real estate,2001
2001-10-04,0.007830840159999897,STMDX,real estate,2001
2001-10-05,0.0003641497421993667,STMDX,real estate,2001
2001-10-08,0.0011410494840262495,STMDX,real estate,2001
2001-10-09,0.0003386626064779112,STMDX,real estate,2001
2001-10-10,0.00476878268006853,STMDX,real estate,2001
2001-10-11,0.0006397195421461764,STMDX,real estate,2001
2001-10-12,-0.00031350776384107956,STMDX,real estate,2001
2001-10-15,0.005781194653621512,STMDX,real estate,2001
2001-10-16,-0.013361276131553409,STMDX,real estate,2001
2001-10-17,-0.0016330820227715937,STMDX,real estate,2001
2001-10-18,-0.007884798011527564,STMDX,real estate,2001
2001-10-19,-0.004072719303922201,STMDX,real estate,2001
2001-10-22,-0.01149820934016534,STMDX,real estate,2001
2001-10-23,0.0006511079531795362,STMDX,real estate,2001
2001-10-24,-0.00501691556775854,STMDX,real estate,2001
2001-10-25,-0.0016232820140972782,STMDX,real estate,2001
2001-10-26,-0.0035472401193279803,STMDX,real estate,2001
2001-10-29,0.007027570962173657,STMDX,real estate,2001
2001-10-30,-0.0014270910814795307,STMDX,real estate,2001
2001-10-31,0.009392633633932793,STMDX,real estate,2001
2001-11-01,0.004573923686618306,STMDX,real estate,2001
2001-11-02,-0.01217799531344287,STMDX,real estate,2001
2001-11-05,-0.006807487963076343,STMDX,real estate,2001
2001-11-06,0.0047830546307327665,STMDX,real estate,2001
2001-11-07,-0.005009521788705678,STMDX,real estate,2001
2001-11-08,0.003008025084787862,STMDX,real estate,2001
2001-11-09,-0.0026601580572045546,STMDX,real estate,2001
2001-11-12,0.002194063602509568,STMDX,real estate,2001
2001-11-13,-0.0008933436855226096,STMDX,real estate,2001
2001-11-14,0.006453202867029567,STMDX,real estate,2001
2001-11-15,0.0064893443344237155,STMDX,real estate,2001
2001-11-16,0.004314184619648852,STMDX,real estate,2001
2001-11-19,-0.0006890195143986842,STMDX,real estate,2001
2001-11-20,0.001789286377181047,STMDX,real estate,2001
2001-11-21,0.0031118092114529967,STMDX,real estate,2001
2001-11-23,0.00012228903570375618,STMDX,real estate,2001
2001-11-26,-0.0029786940351932117,STMDX,real estate,2001
2001-11-27,0.002309572958655851,STMDX,real estate,2001
2001-11-28,0.003988895488680099,STMDX,real estate,2001
2001-11-29,0.005381216540382484,STMDX,real estate,2001
2001-11-30,-0.001284557135337935,STMDX,real estate,2001
2001-12-03,-0.008541255372923771,STMDX,real estate,2001
2001-12-04,0.004224805008772573,STMDX,real estate,2001
2001-12-05,-0.00015843715710094249,STMDX,real estate,2001
2001-12-06,0.00022517870328100085,STMDX,real estate,2001
2001-12-07,0.0023330854297026176,STMDX,real estate,2001
2001-12-10,-0.0003045388988243752,STMDX,real estate,2001
2001-12-11,0.004913766945223014,STMDX,real estate,2001
2001-12-12,-0.004869388719123956,STMDX,real estate,2001
2001-12-13,-0.00046469393772143996,STMDX,real estate,2001
2001-12-14,0.004015227630998082,STMDX,real estate,2001
2001-12-17,0.0002755242251605162,STMDX,real estate,2001
2001-12-18,-0.0016217319980509851,STMDX,real estate,2001
2001-12-19,-0.00651063430572855,STMDX,real estate,2001
2001-12-20,-0.003357131693666968,STMDX,real estate,2001
2001-12-21,0.008974372772456593,STMDX,real estate,2001
2001-12-24,0.0007026533318575354,STMDX,real estate,2001
2001-12-26,-0.0018448265912881612,STMDX,real estate,2001
2001-12-27,0.0017038476619828068,STMDX,real estate,2001
2001-12-28,0.00021782251408301965,STMDX,real estate,2001
2001-12-29,-0.0007056576604323446,STMDX,real estate,2001
2001-12-30,-0.0007056576604323446,STMDX,real estate,2001
2001-12-31,-0.0007056576604323446,STMDX,real estate,2001
2002-01-01,-0.0004371487001773171,STMDX,real estate,2002
2002-01-03,-0.0015241555395924936,STMDX,real estate,2002
2002-01-04,-0.004854817564345472,STMDX,real estate,2002
2002-01-07,-0.002990054935064686,STMDX,real estate,2002
2002-01-08,0.004448896355716315,STMDX,real estate,2002
2002-01-09,-0.0007659188445497682,STMDX,real estate,2002
2002-01-10,0.0003717007623178386,STMDX,real estate,2002
2002-01-11,0.003144697131582742,STMDX,real estate,2002
2002-01-14,0.015451154254160509,STMDX,real estate,2002
2002-01-15,-0.004942035739039839,STMDX,real estate,2002
2002-01-16,-0.00196100539722899,STMDX,real estate,2002
2002-01-17,0.006047831488968044,STMDX,real estate,2002
2002-01-18,-0.006331767929117918,STMDX,real estate,2002
2002-01-22,-0.00041817431801474333,STMDX,real estate,2002
2002-01-23,4.649055235765457e-05,STMDX,real estate,2002
2002-01-24,-0.0033059056367696254,STMDX,real estate,2002
2002-01-25,-0.0010960996731443737,STMDX,real estate,2002
2002-01-28,0.004264038685329754,STMDX,real estate,2002
2002-01-29,0.0072368899492375165,STMDX,real estate,2002
2002-01-30,0.0037761177697203177,STMDX,real estate,2002
2002-01-31,-0.002051401397986422,STMDX,real estate,2002
2002-02-01,-0.006996133268816389,STMDX,real estate,2002
2002-02-04,0.00916418541042072,STMDX,real estate,2002
2002-02-05,0.00010390993438979352,STMDX,real estate,2002
2002-02-06,-0.0027372014167646084,STMDX,real estate,2002
2002-02-07,-0.001369925106574545,STMDX,real estate,2002
2002-02-08,1.9645350974416623e-05,STMDX,real estate,2002
2002-02-11,0.0014883800559129523,STMDX,real estate,2002
2002-02-12,-0.001253898889193819,STMDX,real estate,2002
2002-02-13,0.0008928353592489941,STMDX,real estate,2002
2002-02-14,-0.004234874594185972,STMDX,real estate,2002
2002-02-15,0.008877608389811498,STMDX,real estate,2002
2002-02-19,0.0029011633850527935,STMDX,real estate,2002
2002-02-20,0.004368761780591511,STMDX,real estate,2002
2002-02-21,-0.004598774932035334,STMDX,real estate,2002
2002-02-22,0.009144559255484283,STMDX,real estate,2002
2002-02-25,-0.006918739299552742,STMDX,real estate,2002
2002-02-26,-0.0004903294203043036,STMDX,real estate,2002
2002-02-27,-0.0013358981574963507,STMDX,real estate,2002
2002-02-28,0.0002981989378392811,STMDX,real estate,2002
2002-03-01,-0.0018592435042992118,STMDX,real estate,2002
2002-03-04,0.004282512336596081,STMDX,real estate,2002
2002-03-05,0.012422512330398367,STMDX,real estate,2002
2002-03-06,-0.002546619161031826,STMDX,real estate,2002
2002-03-07,-0.003623280526711696,STMDX,real estate,2002
2002-03-08,-0.0003917762704301552,STMDX,real estate,2002
2002-03-11,-0.0053850745376650975,STMDX,real estate,2002
2002-03-12,-0.0013091319184540305,STMDX,real estate,2002
2002-03-13,0.0027129056493468157,STMDX,real estate,2002
2002-03-14,0.010337160706085398,STMDX,real estate,2002
2002-03-15,0.0024409574537996004,STMDX,real estate,2002
2002-03-18,0.0019584174775183387,STMDX,real estate,2002
2002-03-19,-0.0015728067636225616,STMDX,real estate,2002
2002-03-20,0.002567614462997071,STMDX,real estate,2002
2002-03-21,0.008875533695923988,STMDX,real estate,2002
2002-03-22,-0.0004225794597311718,STMDX,real estate,2002
2002-03-25,0.0011926593345249438,STMDX,real estate,2002
2002-03-26,0.003580489471071168,STMDX,real estate,2002
2002-03-27,0.0035477475868493855,STMDX,real estate,2002
2002-03-28,-0.0016714159257695826,STMDX,real estate,2002
2002-04-01,-0.004715161082516253,STMDX,real estate,2002
2002-04-02,0.0003201050535676655,STMDX,real estate,2002
2002-04-03,0.00012328755127415407,STMDX,real estate,2002
2002-04-04,0.006473151315444235,STMDX,real estate,2002
2002-04-05,0.005372558292520647,STMDX,real estate,2002
2002-04-08,0.0077901073728969825,STMDX,real estate,2002
2002-04-09,0.009670876441887986,STMDX,real estate,2002
2002-04-10,0.005988717664996272,STMDX,real estate,2002
2002-04-11,0.0016704019903524539,STMDX,real estate,2002
2002-04-12,0.017615983466031458,STMDX,real estate,2002
2002-04-15,-0.010132650482981438,STMDX,real estate,2002
2002-04-16,-0.015875496336736867,STMDX,real estate,2002
2002-04-17,-0.015201760087447402,STMDX,real estate,2002
2002-04-18,0.0037102400495109427,STMDX,real estate,2002
2002-04-19,-0.008095144184904115,STMDX,real estate,2002
2002-04-22,-0.004589740799248505,STMDX,real estate,2002
2002-04-23,-0.007671715089622691,STMDX,real estate,2002
2002-04-24,0.006331678404050796,STMDX,real estate,2002
2002-04-25,0.0052955907028074305,STMDX,real estate,2002
2002-04-26,-0.0018366924049927139,STMDX,real estate,2002
2002-04-29,0.0025683234370211805,STMDX,real estate,2002
2002-04-30,0.0114633554901029,STMDX,real estate,2002
2002-05-01,-0.007176150973361033,STMDX,real estate,2002
2002-05-02,0.008035778864306661,STMDX,real estate,2002
2002-05-03,0.004129289407873904,STMDX,real estate,2002
2002-05-06,-0.0032329565413772307,STMDX,real estate,2002
2002-05-07,-0.005827267968712598,STMDX,real estate,2002
2002-05-08,-0.016050356059558686,STMDX,real estate,2002
2002-05-09,-0.008128889736137311,STMDX,real estate,2002
2002-05-10,-0.0023678445203734483,STMDX,real estate,2002
2002-05-13,-0.0045995309505612435,STMDX,real estate,2002
2002-05-14,-0.004370763168117308,STMDX,real estate,2002
2002-05-15,0.007531891115013062,STMDX,real estate,2002
2002-05-16,-0.008082403473945359,STMDX,real estate,2002
2002-05-17,7.640088258016164e-05,STMDX,real estate,2002
2002-05-20,-0.0007681062908468472,STMDX,real estate,2002
2002-05-21,-0.004867284036123022,STMDX,real estate,2002
2002-05-22,-0.0018689601059103328,STMDX,real estate,2002
2002-05-23,0.009954601488899747,STMDX,real estate,2002
2002-05-24,-0.0015157474442937975,STMDX,real estate,2002
2002-05-28,0.007682338237043654,STMDX,real estate,2002
2002-05-29,0.008287404733175166,STMDX,real estate,2002
2002-05-30,0.0029142275668042543,STMDX,real estate,2002
2002-05-31,-0.0007622761831571436,STMDX,real estate,2002
2002-06-03,-8.900642656268012e-05,STMDX,real estate,2002
2002-06-04,0.0047019833726599765,STMDX,real estate,2002
2002-06-05,-0.0024525221115182377,STMDX,real estate,2002
2002-06-06,0.0016928537206561357,STMDX,real estate,2002
2002-06-07,0.0016879884237326684,STMDX,real estate,2002
2002-06-10,0.00039007348151442805,STMDX,real estate,2002
2002-06-11,0.0030797449442234747,STMDX,real estate,2002
2002-06-12,0.002457790471688398,STMDX,real estate,2002
2002-06-13,0.001454948588995648,STMDX,real estate,2002
2002-06-14,-0.0009977444274477405,STMDX,real estate,2002
2002-06-17,-0.0005026403517233869,STMDX,real estate,2002
2002-06-18,-0.009655008027705326,STMDX,real estate,2002
2002-06-19,0.005797211312286046,STMDX,real estate,2002
2002-06-20,0.007212215193792835,STMDX,real estate,2002
2002-06-21,0.013676127978752312,STMDX,real estate,2002
2002-06-24,-0.004895173614435302,STMDX,real estate,2002
2002-06-25,0.013779149890046024,STMDX,real estate,2002
2002-06-26,-0.0037078678127587276,STMDX,real estate,2002
2002-06-27,-0.00478173407552598,STMDX,real estate,2002
2002-06-28,0.021760954151881777,STMDX,real estate,2002
2002-07-01,-0.012953935068696243,STMDX,real estate,2002
2002-07-02,-0.00450364192630216,STMDX,real estate,2002
2002-07-03,-0.013764468947239098,STMDX,real estate,2002
2002-07-05,-0.006048584028550734,STMDX,real estate,2002
2002-07-08,-0.006829996418068443,STMDX,real estate,2002
2002-07-09,0.006730883588942039,STMDX,real estate,2002
2002-07-10,0.001565293796890986,STMDX,real estate,2002
2002-07-11,-0.023067430457800294,STMDX,real estate,2002
2002-07-12,-0.0015806599352931453,STMDX,real estate,2002
2002-07-15,-0.014611283641490884,STMDX,real estate,2002
2002-07-16,0.018076522412881126,STMDX,real estate,2002
2002-07-17,-0.005841307901028415,STMDX,real estate,2002
2002-07-18,-0.014478066701900303,STMDX,real estate,2002
2002-07-19,-0.005144075762203845,STMDX,real estate,2002
2002-07-22,-0.007610995830372759,STMDX,real estate,2002
2002-07-23,-0.02811615189108401,STMDX,real estate,2002
2002-07-24,-0.005770862131217915,STMDX,real estate,2002
2002-07-25,0.02865516937122976,STMDX,real estate,2002
2002-07-26,0.03180286661924883,STMDX,real estate,2002
2002-07-29,0.030415753799653295,STMDX,real estate,2002
2002-07-30,0.004955795609800751,STMDX,real estate,2002
2002-07-31,0.0030448022324942557,STMDX,real estate,2002
2002-08-01,-0.009634596101357869,STMDX,real estate,2002
2002-08-02,-0.015490527484024384,STMDX,real estate,2002
2002-08-05,-0.000884653551334106,STMDX,real estate,2002
2002-08-06,-0.0020928695280980243,STMDX,real estate,2002
2002-08-07,0.010150816775877328,STMDX,real estate,2002
2002-08-08,-0.011731007579480143,STMDX,real estate,2002
2002-08-09,-0.01040483721474628,STMDX,real estate,2002
2002-08-12,0.010783905682555956,STMDX,real estate,2002
2002-08-13,-0.008703139612271378,STMDX,real estate,2002
2002-08-14,-0.002755829543256252,STMDX,real estate,2002
2002-08-15,-0.007534831663532825,STMDX,real estate,2002
2002-08-16,0.01302376949744366,STMDX,real estate,2002
2002-08-19,-0.01532731263748878,STMDX,real estate,2002
2002-08-20,0.0026555306076616464,STMDX,real estate,2002
2002-08-21,0.005817736097907243,STMDX,real estate,2002
2002-08-22,-0.004692875736526329,STMDX,real estate,2002
2002-08-23,0.004780605700960133,STMDX,real estate,2002
2002-08-26,0.010331919950566692,STMDX,real estate,2002
2002-08-27,-0.00167477093083901,STMDX,real estate,2002
2002-08-28,0.011023458158821891,STMDX,real estate,2002
2002-08-29,0.001927583377082009,STMDX,real estate,2002
2002-08-30,0.008022934566619486,STMDX,real estate,2002
2002-09-03,-0.0026045782528462437,STMDX,real estate,2002
2002-09-04,0.0032255435802745975,STMDX,real estate,2002
2002-09-05,-0.0048431184344849675,STMDX,real estate,2002
2002-09-06,0.002665964846409734,STMDX,real estate,2002
2002-09-09,-0.007495872308330799,STMDX,real estate,2002
2002-09-10,-0.005266405343998115,STMDX,real estate,2002
2002-09-11,0.0001502200974685796,STMDX,real estate,2002
2002-09-12,-0.0009217036468427689,STMDX,real estate,2002
2002-09-13,0.00639895029506516,STMDX,real estate,2002
2002-09-16,-0.004126088209351744,STMDX,real estate,2002
2002-09-17,0.0008923226031400059,STMDX,real estate,2002
2002-09-18,0.001742664066847733,STMDX,real estate,2002
2002-09-19,-0.001102701361754983,STMDX,real estate,2002
2002-09-20,0.007919407915690277,STMDX,real estate,2002
2002-09-23,-0.0003194165196843948,STMDX,real estate,2002
2002-09-24,-0.0017532767624754766,STMDX,real estate,2002
2002-09-25,-0.00963706971772328,STMDX,real estate,2002
2002-09-26,0.007493851848024289,STMDX,real estate,2002
2002-09-27,-0.0018205139528118131,STMDX,real estate,2002
2002-09-30,0.008171539098619578,STMDX,real estate,2002
2002-10-01,-0.023141584573692156,STMDX,real estate,2002
2002-10-02,-0.0025366956923329603,STMDX,real estate,2002
2002-10-03,0.0036151395144940097,STMDX,real estate,2002
2002-10-04,-0.009101526220275161,STMDX,real estate,2002
2002-10-07,-0.02381708289886989,STMDX,real estate,2002
2002-10-08,-0.01853165785958646,STMDX,real estate,2002
2002-10-09,-0.02348275836279544,STMDX,real estate,2002
2002-10-10,0.007920073375471364,STMDX,real estate,2002
2002-10-11,0.003042259892805618,STMDX,real estate,2002
2002-10-14,-0.012186398569294281,STMDX,real estate,2002
2002-10-15,0.009516510801219548,STMDX,real estate,2002
2002-10-16,-0.002683622440693284,STMDX,real estate,2002
2002-10-17,0.010844249249169288,STMDX,real estate,2002
2002-10-18,-0.0029704687243459534,STMDX,real estate,2002
2002-10-21,-0.008793836481310893,STMDX,real estate,2002
2002-10-22,-0.011328870150280229,STMDX,real estate,2002
2002-10-23,-0.00015433635128119178,STMDX,real estate,2002
2002-10-24,0.012918793219106266,STMDX,real estate,2002
2002-10-25,0.005276259117756559,STMDX,real estate,2002
2002-10-28,-0.002935802874778884,STMDX,real estate,2002
2002-10-29,-0.0013029537956207662,STMDX,real estate,2002
2002-10-30,-0.004777995655278179,STMDX,real estate,2002
2002-10-31,0.012705197850420917,STMDX,real estate,2002
2002-11-01,-0.001449160340890052,STMDX,real estate,2002
2002-11-04,0.002640934845366415,STMDX,real estate,2002
2002-11-05,0.002749542644002453,STMDX,real estate,2002
2002-11-06,0.0033592805778396026,STMDX,real estate,2002
2002-11-07,-0.001535138568696295,STMDX,real estate,2002
2002-11-08,-0.0025657536882677853,STMDX,real estate,2002
2002-11-11,-0.006154482866990185,STMDX,real estate,2002
2002-11-12,0.007871267282320767,STMDX,real estate,2002
2002-11-13,-0.0038476835762431996,STMDX,real estate,2002
2002-11-14,0.007691986557940251,STMDX,real estate,2002
2002-11-15,-0.005133687110216272,STMDX,real estate,2002
2002-11-18,-0.005164815980293898,STMDX,real estate,2002
2002-11-19,-0.0019278760647641474,STMDX,real estate,2002
2002-11-20,-0.001919831573273252,STMDX,real estate,2002
2002-11-21,-0.004602527214552271,STMDX,real estate,2002
2002-11-22,0.006479290510878305,STMDX,real estate,2002
2002-11-25,0.0027802722578930887,STMDX,real estate,2002
2002-11-26,0.0050229498583910185,STMDX,real estate,2002
2002-11-27,0.0025271225787105635,STMDX,real estate,2002
2002-11-29,0.0006018832439429533,STMDX,real estate,2002
2002-12-02,0.003194738625064639,STMDX,real estate,2002
2002-12-03,-0.0032083795327868207,STMDX,real estate,2002
2002-12-04,-0.0012319065651993982,STMDX,real estate,2002
2002-12-05,0.00392560174423613,STMDX,real estate,2002
2002-12-06,-0.0040976065143208335,STMDX,real estate,2002
2002-12-09,0.010820360866646946,STMDX,real estate,2002
2002-12-10,-0.005195562488583231,STMDX,real estate,2002
2002-12-11,3.276565278966079e-05,STMDX,real estate,2002
2002-12-12,0.0003571787878856489,STMDX,real estate,2002
2002-12-13,0.000545003873680526,STMDX,real estate,2002
2002-12-16,-0.0005205878633140534,STMDX,real estate,2002
2002-12-17,-0.006255922456131824,STMDX,real estate,2002
2002-12-18,-0.0031261606699231857,STMDX,real estate,2002
2002-12-19,0.0022734256835023636,STMDX,real estate,2002
2002-12-20,-0.0005070587624194951,STMDX,real estate,2002
2002-12-23,0.007451134376840024,STMDX,real estate,2002
2002-12-24,0.0023705089894031743,STMDX,real estate,2002
2002-12-26,-0.0013377025979836015,STMDX,real estate,2002
2002-12-27,0.005017538118178994,STMDX,real estate,2002
2002-12-30,0.00024166674931387763,STMDX,real estate,2002
2003-01-03,-0.004012954130655021,STMDX,real estate,2003
2003-01-06,0.0008445928074414279,STMDX,real estate,2003
2003-01-07,-0.01309245183133536,STMDX,real estate,2003
2003-01-08,-0.0034715159766273724,STMDX,real estate,2003
2003-01-09,-0.0038215642759853426,STMDX,real estate,2003
2003-01-10,-0.00841619975661672,STMDX,real estate,2003
2003-01-13,-0.0029324866521072725,STMDX,real estate,2003
2003-01-14,0.00047311044797981785,STMDX,real estate,2003
2003-01-15,0.002460145917074659,STMDX,real estate,2003
2003-01-16,-0.008139467332153733,STMDX,real estate,2003
2003-01-17,-0.003526073368644087,STMDX,real estate,2003
2003-01-21,0.0021744839832791582,STMDX,real estate,2003
2003-01-22,0.0006402233672335553,STMDX,real estate,2003
2003-01-23,-0.0011283217680575948,STMDX,real estate,2003
2003-01-24,0.0025690163335848303,STMDX,real estate,2003
2003-01-27,-0.0014732386542484132,STMDX,real estate,2003
2003-01-28,-0.0016584158445260705,STMDX,real estate,2003
2003-01-29,0.006577521269077543,STMDX,real estate,2003
2003-01-30,0.0014245421552850478,STMDX,real estate,2003
2003-01-31,0.00454714860488537,STMDX,real estate,2003
2003-02-03,-0.011791147000893135,STMDX,real estate,2003
2003-02-04,0.006315179857728887,STMDX,real estate,2003
2003-02-05,-0.00158453718353168,STMDX,real estate,2003
2003-02-06,0.002080244166178803,STMDX,real estate,2003
2003-02-07,-0.0036818433710314354,STMDX,real estate,2003
2003-02-10,0.004043529380549625,STMDX,real estate,2003
2003-02-11,-0.0056232523592711844,STMDX,real estate,2003
2003-02-12,0.0018685130172060947,STMDX,real estate,2003
2003-02-13,0.00026723833708210956,STMDX,real estate,2003
2003-02-14,-0.015583648372569335,STMDX,real estate,2003
2003-02-18,0.0014700178019954532,STMDX,real estate,2003
2003-02-19,0.003907220830511361,STMDX,real estate,2003
2003-02-20,0.0032150901947782984,STMDX,real estate,2003
2003-02-21,0.001891051338583586,STMDX,real estate,2003
2003-02-24,-0.0018892760715397772,STMDX,real estate,2003
2003-02-25,0.0036088706645175193,STMDX,real estate,2003
2003-02-26,0.002096400679484095,STMDX,real estate,2003
2003-02-27,0.0016695587211879373,STMDX,real estate,2003
2003-02-28,-0.0017551770225223574,STMDX,real estate,2003
2003-03-03,0.003026607348745428,STMDX,real estate,2003
2003-03-04,0.0034856809288607,STMDX,real estate,2003
2003-03-05,-0.0009659455291139121,STMDX,real estate,2003
2003-03-06,-0.0033665881070848837,STMDX,real estate,2003
2003-03-07,-0.0034231824220811217,STMDX,real estate,2003
2003-03-10,-7.721866735796619e-05,STMDX,real estate,2003
2003-03-11,0.0023531422161956867,STMDX,real estate,2003
2003-03-12,-0.0053332517795053845,STMDX,real estate,2003
2003-03-13,-0.005607242143514305,STMDX,real estate,2003
2003-03-14,-0.0018059320505832872,STMDX,real estate,2003
2003-03-17,0.003926193338615365,STMDX,real estate,2003
2003-03-18,-0.001819239395984003,STMDX,real estate,2003
2003-03-19,9.96132963928852e-05,STMDX,real estate,2003
2003-03-20,0.00598289666855147,STMDX,real estate,2003
2003-03-21,0.003219465545463672,STMDX,real estate,2003
2003-03-24,-0.005799335853398041,STMDX,real estate,2003
2003-03-25,0.005794073243433524,STMDX,real estate,2003
2003-03-26,0.0029555816069685645,STMDX,real estate,2003
2003-03-27,-0.0038036140616783177,STMDX,real estate,2003
2003-03-28,-0.0016147485012185474,STMDX,real estate,2003
2003-03-31,0.0038613384279951616,STMDX,real estate,2003
2003-04-01,0.01105609758080785,STMDX,real estate,2003
2003-04-02,-0.0030644703071225007,STMDX,real estate,2003
2003-04-03,-0.005850698320428695,STMDX,real estate,2003
2003-04-04,-0.009855083807705544,STMDX,real estate,2003
2003-04-07,0.010772479175878329,STMDX,real estate,2003
2003-04-08,-0.007537657848586893,STMDX,real estate,2003
2003-04-09,0.006912622431043726,STMDX,real estate,2003
2003-04-10,-0.004352843716466718,STMDX,real estate,2003
2003-04-11,-0.003536163172746796,STMDX,real estate,2003
2003-04-14,0.003109618185609595,STMDX,real estate,2003
2003-04-15,0.0011416753494408877,STMDX,real estate,2003
2003-04-16,0.010846740522592796,STMDX,real estate,2003
2003-04-17,-0.0017206142395738188,STMDX,real estate,2003
2003-04-21,0.003600580403886677,STMDX,real estate,2003
2003-04-22,-0.00021709370770980028,STMDX,real estate,2003
2003-04-23,-0.000439479823512794,STMDX,real estate,2003
2003-04-24,-0.004888588823809862,STMDX,real estate,2003
2003-04-25,-0.002689573538065166,STMDX,real estate,2003
2003-04-28,-0.007287585548970311,STMDX,real estate,2003
2003-04-29,-0.0015800667411181748,STMDX,real estate,2003
2003-04-30,-0.004633004320494465,STMDX,real estate,2003
2003-05-01,0.004869527655178775,STMDX,real estate,2003
2003-05-02,0.009011784599239084,STMDX,real estate,2003
2003-05-05,0.00852951569445192,STMDX,real estate,2003
2003-05-06,0.0005220487215935139,STMDX,real estate,2003
2003-05-07,-0.0034249979608112473,STMDX,real estate,2003
2003-05-08,0.007660330855398966,STMDX,real estate,2003
2003-05-09,0.0036518410331769554,STMDX,real estate,2003
2003-05-12,-0.003311988263061441,STMDX,real estate,2003
2003-05-13,0.0010799887643416924,STMDX,real estate,2003
2003-05-14,-0.00021160470863180975,STMDX,real estate,2003
2003-05-15,1.788210981296199e-06,STMDX,real estate,2003
2003-05-16,0.0021113766906189733,STMDX,real estate,2003
2003-05-19,0.00596045110568111,STMDX,real estate,2003
2003-05-20,0.007984068243009899,STMDX,real estate,2003
2003-05-21,0.0022135242525866267,STMDX,real estate,2003
2003-05-22,0.0008494940550023439,STMDX,real estate,2003
2003-05-23,0.003941677524539168,STMDX,real estate,2003
2003-05-27,-0.008487552209878912,STMDX,real estate,2003
2003-05-28,-0.012159580307415412,STMDX,real estate,2003
2003-05-29,-0.018688014393815875,STMDX,real estate,2003
2003-05-30,0.009419875316482966,STMDX,real estate,2003
2003-06-02,0.007000982547677812,STMDX,real estate,2003
2003-06-03,-0.0029463705010099985,STMDX,real estate,2003
2003-06-04,0.0020241025087404723,STMDX,real estate,2003
2003-06-05,-0.0012138272684617682,STMDX,real estate,2003
2003-06-06,0.008258831609092476,STMDX,real estate,2003
2003-06-09,-0.0028769229016523392,STMDX,real estate,2003
2003-06-10,0.0069244174732311925,STMDX,real estate,2003
2003-06-11,0.0024706144683491367,STMDX,real estate,2003
2003-06-12,-0.012045700118230848,STMDX,real estate,2003
2003-06-13,-0.010670696451937963,STMDX,real estate,2003
2003-06-16,0.0004230948028179967,STMDX,real estate,2003
2003-06-17,-0.00909472988417112,STMDX,real estate,2003
2003-06-18,-0.009122678735996962,STMDX,real estate,2003
2003-06-19,0.0048808555433719845,STMDX,real estate,2003
2003-06-20,0.0033620028106628834,STMDX,real estate,2003
2003-06-23,-0.006810802018507717,STMDX,real estate,2003
2003-06-24,0.002321028744468252,STMDX,real estate,2003
2003-06-25,0.01213737419906102,STMDX,real estate,2003
2003-06-26,0.004361352185257817,STMDX,real estate,2003
2003-06-27,0.005686791011117487,STMDX,real estate,2003
2003-06-30,-0.00030103815754959495,STMDX,real estate,2003
2003-07-01,0.004565855353616763,STMDX,real estate,2003
2003-07-02,0.006449130338021636,STMDX,real estate,2003
2003-07-03,0.005468368251946413,STMDX,real estate,2003
2003-07-07,0.0020455634897451544,STMDX,real estate,2003
2003-07-08,-0.0007333314769347923,STMDX,real estate,2003
2003-07-09,-0.002667688558647418,STMDX,real estate,2003
2003-07-10,-0.008331621571271576,STMDX,real estate,2003
2003-07-11,0.0018820134184122771,STMDX,real estate,2003
2003-07-14,0.0024931231513444004,STMDX,real estate,2003
2003-07-15,-0.0011717881561855424,STMDX,real estate,2003
2003-07-16,0.004167813486254199,STMDX,real estate,2003
2003-07-17,-0.009027075907981075,STMDX,real estate,2003
2003-07-18,0.002229200015267198,STMDX,real estate,2003
2003-07-21,-0.00349192679295048,STMDX,real estate,2003
2003-07-22,0.001391632212152263,STMDX,real estate,2003
2003-07-23,-0.0051786804587715465,STMDX,real estate,2003
2003-07-24,0.00937961401976401,STMDX,real estate,2003
2003-07-25,-0.0051707257157813085,STMDX,real estate,2003
2003-07-28,-0.0008501624636831425,STMDX,real estate,2003
2003-07-29,0.011072660448841155,STMDX,real estate,2003
2003-07-30,0.010011142418027943,STMDX,real estate,2003
2003-07-31,-0.004131893781779281,STMDX,real estate,2003
2003-08-01,-0.003917315852294762,STMDX,real estate,2003
2003-08-04,-0.01056431392077202,STMDX,real estate,2003
2003-08-05,0.0003866700976985146,STMDX,real estate,2003
2003-08-06,-0.006433369132377445,STMDX,real estate,2003
2003-08-07,-0.0012826154081820263,STMDX,real estate,2003
2003-08-08,-0.002729422399571878,STMDX,real estate,2003
2003-08-11,-0.0010685974572042796,STMDX,real estate,2003
2003-08-12,-0.0006879366308625307,STMDX,real estate,2003
2003-08-13,-0.002966025944300633,STMDX,real estate,2003
2003-08-14,0.0021304045263422335,STMDX,real estate,2003
2003-08-15,-0.008306039938801803,STMDX,real estate,2003
2003-08-18,0.0015988329853230988,STMDX,real estate,2003
2003-08-19,0.0030150832395059134,STMDX,real estate,2003
2003-08-20,0.0020253973239814527,STMDX,real estate,2003
2003-08-21,-0.0001511259002984727,STMDX,real estate,2003
2003-08-22,-0.006233335208074421,STMDX,real estate,2003
2003-08-25,-0.00662071631123171,STMDX,real estate,2003
2003-08-26,0.004954214932923248,STMDX,real estate,2003
2003-08-27,0.008647325076766025,STMDX,real estate,2003
2003-08-28,-0.004188293479241438,STMDX,real estate,2003
2003-08-29,0.004753375622100516,STMDX,real estate,2003
2003-09-02,0.008580783617329306,STMDX,real estate,2003
2003-09-03,0.005840615777697116,STMDX,real estate,2003
2003-09-04,0.0023155069962566797,STMDX,real estate,2003
2003-09-05,-0.0029356703271716765,STMDX,real estate,2003
2003-09-08,-0.0007767339443530467,STMDX,real estate,2003
2003-09-09,-0.00020828885729756892,STMDX,real estate,2003
2003-09-10,-0.009255129028867671,STMDX,real estate,2003
2003-09-11,0.006309839757165103,STMDX,real estate,2003
2003-09-12,0.0007272329994949429,STMDX,real estate,2003
2003-09-15,-0.002224914316055656,STMDX,real estate,2003
2003-09-16,-0.0048806842925461225,STMDX,real estate,2003
2003-09-17,-0.003588472501928369,STMDX,real estate,2003
2003-09-18,-0.0013140509143135881,STMDX,real estate,2003
2003-09-19,0.009754183831694034,STMDX,real estate,2003
2003-09-22,0.003645587889450416,STMDX,real estate,2003
2003-09-23,0.0028094242065436117,STMDX,real estate,2003
2003-09-24,-0.0014703864602022042,STMDX,real estate,2003
2003-09-25,-0.00047215351589781395,STMDX,real estate,2003
2003-09-26,-0.0006606754428752177,STMDX,real estate,2003
2003-09-29,0.004522676922413585,STMDX,real estate,2003
2003-09-30,0.014398621965924497,STMDX,real estate,2003
2003-10-01,0.0019890605438224723,STMDX,real estate,2003
2003-10-02,0.0034638529922950308,STMDX,real estate,2003
2003-10-03,0.003567268903031576,STMDX,real estate,2003
2003-10-06,0.00649675403250559,STMDX,real estate,2003
2003-10-07,-0.0040666935563202795,STMDX,real estate,2003
2003-10-08,-0.002861847361759747,STMDX,real estate,2003
2003-10-09,0.0028103840261792757,STMDX,real estate,2003
2003-10-10,-0.0032775022197056797,STMDX,real estate,2003
2003-10-13,0.002906923905891063,STMDX,real estate,2003
2003-10-14,0.0005059235180745929,STMDX,real estate,2003
2003-10-15,-0.004023268084071885,STMDX,real estate,2003
2003-10-16,-0.0015962311732644289,STMDX,real estate,2003
2003-10-17,-0.004198996069049576,STMDX,real estate,2003
2003-10-20,-0.004079053149284276,STMDX,real estate,2003
2003-10-21,-0.0003482945330540553,STMDX,real estate,2003
2003-10-22,-0.007037728852812221,STMDX,real estate,2003
2003-10-23,-0.006429691211724851,STMDX,real estate,2003
2003-10-24,-0.006959795892564556,STMDX,real estate,2003
2003-10-27,0.010103040416633915,STMDX,real estate,2003
2003-10-28,-0.01065093421359116,STMDX,real estate,2003
2003-10-29,0.007704904774196464,STMDX,real estate,2003
2003-10-30,-0.0007420245545582886,STMDX,real estate,2003
2003-10-31,0.0018924339812716262,STMDX,real estate,2003
2003-11-03,0.002445650576644862,STMDX,real estate,2003
2003-11-04,0.0011313223432592042,STMDX,real estate,2003
2003-11-05,-0.003035160784847531,STMDX,real estate,2003
2003-11-06,0.00329021652728719,STMDX,real estate,2003
2003-11-07,0.00407694378963973,STMDX,real estate,2003
2003-11-10,-0.0034385881120161813,STMDX,real estate,2003
2003-11-11,-0.005124255474290131,STMDX,real estate,2003
2003-11-12,0.005490549299673855,STMDX,real estate,2003
2003-11-13,0.003528076072163628,STMDX,real estate,2003
2003-11-14,0.003575442437069039,STMDX,real estate,2003
2003-11-17,-0.0004627406771627197,STMDX,real estate,2003
2003-11-18,0.0015799253448099152,STMDX,real estate,2003
2003-11-19,-0.004833558316909354,STMDX,real estate,2003
2003-11-20,-0.006015975392984947,STMDX,real estate,2003
2003-11-21,-0.0051658397750747485,STMDX,real estate,2003
2003-11-24,0.002356560562701884,STMDX,real estate,2003
2003-11-25,0.0035838442604192427,STMDX,real estate,2003
2003-11-26,0.001425675806310396,STMDX,real estate,2003
2003-11-28,0.00014285858201076038,STMDX,real estate,2003
2003-12-01,0.001997977112136373,STMDX,real estate,2003
2003-12-02,-0.003420228887380222,STMDX,real estate,2003
2003-12-03,-0.002903346854975425,STMDX,real estate,2003
2003-12-04,-0.005103609943248632,STMDX,real estate,2003
2003-12-05,0.007662671309548436,STMDX,real estate,2003
2003-12-08,0.0041128968093217585,STMDX,real estate,2003
2003-12-09,0.002614593620031613,STMDX,real estate,2003
2003-12-10,-0.004488802424817552,STMDX,real estate,2003
2003-12-11,0.0027221300456713483,STMDX,real estate,2003
2003-12-12,0.0030190535540867364,STMDX,real estate,2003
2003-12-15,-0.007242059596710777,STMDX,real estate,2003
2003-12-16,0.00347338880889711,STMDX,real estate,2003
2003-12-17,-0.0021682324171547465,STMDX,real estate,2003
2003-12-18,-0.0032574401903387924,STMDX,real estate,2003
2003-12-19,0.0038417387237802483,STMDX,real estate,2003
2003-12-22,0.002920221650700313,STMDX,real estate,2003
2003-12-23,0.0007716886153879663,STMDX,real estate,2003
2003-12-24,0.0011842949154560296,STMDX,real estate,2003
2003-12-26,0.0013341054811297204,STMDX,real estate,2003
2003-12-29,-0.0005610517254769206,STMDX,real estate,2003
2003-12-30,0.0021602963088364962,STMDX,real estate,2003
2004-01-05,-0.006038814864989027,STMDX,real estate,2004
2004-01-06,-0.0024938924244839117,STMDX,real estate,2004
2004-01-07,-0.006994658048268028,STMDX,real estate,2004
2004-01-08,-0.0010080812660219055,STMDX,real estate,2004
2004-01-09,0.006109803111552706,STMDX,real estate,2004
2004-01-12,-0.0028804638845661965,STMDX,real estate,2004
2004-01-13,0.006434248538941206,STMDX,real estate,2004
2004-01-14,-0.003906561282144141,STMDX,real estate,2004
2004-01-15,-0.0038752754688596057,STMDX,real estate,2004
2004-01-16,-0.008304784034929695,STMDX,real estate,2004
2004-01-20,-0.0006733192141599232,STMDX,real estate,2004
2004-01-21,-0.004164406313119307,STMDX,real estate,2004
2004-01-22,0.003778370225141129,STMDX,real estate,2004
2004-01-23,0.00787228892968843,STMDX,real estate,2004
2004-01-26,0.002058329805509981,STMDX,real estate,2004
2004-01-27,0.015888301187187634,STMDX,real estate,2004
2004-01-28,0.009837376616810905,STMDX,real estate,2004
2004-01-29,-8.455407757044543e-05,STMDX,real estate,2004
2004-01-30,0.010656351167566379,STMDX,real estate,2004
2004-02-02,0.004174273582339483,STMDX,real estate,2004
2004-02-03,-0.0013723165423609042,STMDX,real estate,2004
2004-02-04,-0.017527459846525935,STMDX,real estate,2004
2004-02-05,0.003545653140880387,STMDX,real estate,2004
2004-02-06,0.005430470704692327,STMDX,real estate,2004
2004-02-09,-0.0001685817863018767,STMDX,real estate,2004
2004-02-10,0.0034845339850409184,STMDX,real estate,2004
2004-02-11,-0.005410895560332328,STMDX,real estate,2004
2004-02-12,-0.009450458868857696,STMDX,real estate,2004
2004-02-13,-0.004863453910244026,STMDX,real estate,2004
2004-02-17,-0.003617031162143488,STMDX,real estate,2004
2004-02-18,-0.0005803001183247712,STMDX,real estate,2004
2004-02-19,0.0006805502477758726,STMDX,real estate,2004
2004-02-20,0.0016535334831572989,STMDX,real estate,2004
2004-02-23,0.0009864775917233133,STMDX,real estate,2004
2004-02-24,0.005713715538668922,STMDX,real estate,2004
2004-02-25,0.0051639836980952,STMDX,real estate,2004
2004-02-26,0.00015742104988934703,STMDX,real estate,2004
2004-02-27,0.003883585773044281,STMDX,real estate,2004
2004-03-01,0.0012421592322918555,STMDX,real estate,2004
2004-03-02,0.008899134181657402,STMDX,real estate,2004
2004-03-03,0.004716670252158369,STMDX,real estate,2004
2004-03-04,0.0029688274294431085,STMDX,real estate,2004
2004-03-05,0.0018119092567512795,STMDX,real estate,2004
2004-03-08,0.007201492621985846,STMDX,real estate,2004
2004-03-09,0.002073957829922543,STMDX,real estate,2004
2004-03-10,-0.0007763541863649755,STMDX,real estate,2004
2004-03-11,-0.0034152991116717848,STMDX,real estate,2004
2004-03-12,0.0020355469153194774,STMDX,real estate,2004
2004-03-15,-0.0005022273985983254,STMDX,real estate,2004
2004-03-16,-0.00384842601169038,STMDX,real estate,2004
2004-03-17,0.0031277545350669334,STMDX,real estate,2004
2004-03-18,0.002955712143313625,STMDX,real estate,2004
2004-03-19,0.013297330678561623,STMDX,real estate,2004
2004-03-22,0.0033097655852784872,STMDX,real estate,2004
2004-03-23,0.006683982591246622,STMDX,real estate,2004
2004-03-24,-0.010501818528864853,STMDX,real estate,2004
2004-03-25,0.0006551565111887255,STMDX,real estate,2004
2004-03-26,-0.008672960846956384,STMDX,real estate,2004
2004-03-29,-0.001964259450156408,STMDX,real estate,2004
2004-03-30,0.004324917495019195,STMDX,real estate,2004
2004-03-31,0.011840653194907328,STMDX,real estate,2004
2004-04-01,-0.0027166883489776416,STMDX,real estate,2004
2004-04-02,-0.014943778397842387,STMDX,real estate,2004
2004-04-05,-0.0440273913355863,STMDX,real estate,2004
2004-04-06,-0.04105361850877554,STMDX,real estate,2004
2004-04-07,0.019722191691635072,STMDX,real estate,2004
2004-04-08,-0.01803342114592439,STMDX,real estate,2004
2004-04-12,-0.05339742137207848,STMDX,real estate,2004
2004-04-13,0.0009997131437100622,STMDX,real estate,2004
2004-04-14,-0.013041973633836993,STMDX,real estate,2004
2004-04-15,0.025110229555813247,STMDX,real estate,2004
2004-04-16,0.007582065917688537,STMDX,real estate,2004
2004-04-19,0.003543400193456978,STMDX,real estate,2004
2004-04-20,-0.02415849338711195,STMDX,real estate,2004
2004-04-21,-0.0002280644256847904,STMDX,real estate,2004
2004-04-22,0.004784792767715719,STMDX,real estate,2004
2004-04-23,-0.012436078334398339,STMDX,real estate,2004
2004-04-26,0.004657873955517929,STMDX,real estate,2004
2004-04-27,0.0061975743213465075,STMDX,real estate,2004
2004-04-28,-6.148824482538583e-05,STMDX,real estate,2004
2004-04-29,-0.007047289517532918,STMDX,real estate,2004
2004-04-30,0.005438207181689543,STMDX,real estate,2004
2004-05-03,-0.00017867313817062497,STMDX,real estate,2004
2004-05-04,0.013032916460035023,STMDX,real estate,2004
2004-05-05,-0.014230465619849818,STMDX,real estate,2004
2004-05-06,0.0021443444276951205,STMDX,real estate,2004
2004-05-07,-0.02361238588298272,STMDX,real estate,2004
2004-05-10,-0.007558703475848255,STMDX,real estate,2004
2004-05-11,0.003536353674432808,STMDX,real estate,2004
2004-05-12,-0.002499690977313267,STMDX,real estate,2004
2004-05-13,0.0028122222932998285,STMDX,real estate,2004
2004-05-14,0.008893352080344199,STMDX,real estate,2004
2004-05-17,0.00934038489381847,STMDX,real estate,2004
2004-05-18,0.014741342621765824,STMDX,real estate,2004
2004-05-19,-0.021883229738214674,STMDX,real estate,2004
2004-05-20,0.015847824930388204,STMDX,real estate,2004
2004-05-21,-0.002808551251656085,STMDX,real estate,2004
2004-05-24,0.007568684419224526,STMDX,real estate,2004
2004-05-25,0.00786050591797866,STMDX,real estate,2004
2004-05-26,0.011261696955954366,STMDX,real estate,2004
2004-05-27,-0.0011885072346470818,STMDX,real estate,2004
2004-05-28,0.014316779209292304,STMDX,real estate,2004
2004-06-01,-0.012944930173773943,STMDX,real estate,2004
2004-06-02,0.009000946533889893,STMDX,real estate,2004
2004-06-03,-0.0031895851765459194,STMDX,real estate,2004
2004-06-04,-0.006031098955679234,STMDX,real estate,2004
2004-06-07,-0.0013005288707637567,STMDX,real estate,2004
2004-06-08,-0.003749464407823668,STMDX,real estate,2004
2004-06-09,0.0009372036998888458,STMDX,real estate,2004
2004-06-10,-0.006961222135301753,STMDX,real estate,2004
2004-06-14,-0.012499125807931825,STMDX,real estate,2004
2004-06-15,0.014445059944038694,STMDX,real estate,2004
2004-06-16,0.004271510146329075,STMDX,real estate,2004
2004-06-17,0.0083292559891279,STMDX,real estate,2004
2004-06-18,0.003020817264358316,STMDX,real estate,2004
2004-06-21,0.010826049988663657,STMDX,real estate,2004
2004-06-22,-0.00789551855543623,STMDX,real estate,2004
2004-06-23,0.00021639869117761907,STMDX,real estate,2004
2004-06-24,-0.0013183809262781606,STMDX,real estate,2004
2004-06-25,0.010579301577327845,STMDX,real estate,2004
2004-06-28,0.004665711485865736,STMDX,real estate,2004
2004-06-29,-0.021716453383816166,STMDX,real estate,2004
2004-06-30,0.011008456011683803,STMDX,real estate,2004
2004-07-01,0.004986328464931665,STMDX,real estate,2004
2004-07-02,0.0200294835240002,STMDX,real estate,2004
2004-07-06,0.002231570158753738,STMDX,real estate,2004
2004-07-07,0.00782981867354827,STMDX,real estate,2004
2004-07-08,-0.011585505258277605,STMDX,real estate,2004
2004-07-09,-0.0018504418301496183,STMDX,real estate,2004
2004-07-12,0.00819440033055117,STMDX,real estate,2004
2004-07-13,-0.009779588949034168,STMDX,real estate,2004
2004-07-14,0.005891880850428714,STMDX,real estate,2004
2004-07-15,0.01408726933713098,STMDX,real estate,2004
2004-07-16,-0.002056262650632054,STMDX,real estate,2004
2004-07-19,0.008812135160202088,STMDX,real estate,2004
2004-07-20,-0.005654572578304324,STMDX,real estate,2004
2004-07-21,0.0007559048151512017,STMDX,real estate,2004
2004-07-22,-0.02471743864551498,STMDX,real estate,2004
2004-07-23,0.0006423888501637482,STMDX,real estate,2004
2004-07-26,-0.0065423508005777115,STMDX,real estate,2004
2004-07-27,-0.0036744951109535977,STMDX,real estate,2004
2004-07-28,0.0028112689791804407,STMDX,real estate,2004
2004-07-29,-0.006128508031313277,STMDX,real estate,2004
2004-07-30,0.009112430532693703,STMDX,real estate,2004
2004-08-02,0.01047422985733655,STMDX,real estate,2004
2004-08-03,0.005082690485270815,STMDX,real estate,2004
2004-08-04,0.008270609825756572,STMDX,real estate,2004
2004-08-05,-0.008129959953104438,STMDX,real estate,2004
2004-08-06,0.00741631329368975,STMDX,real estate,2004
2004-08-09,-0.0009708501173873395,STMDX,real estate,2004
2004-08-10,-0.004142366018253327,STMDX,real estate,2004
2004-08-11,-0.0009064451826376506,STMDX,real estate,2004
2004-08-12,-0.0020605479191354494,STMDX,real estate,2004
2004-08-13,-0.001990369989465561,STMDX,real estate,2004
2004-08-16,0.007899323753790823,STMDX,real estate,2004
2004-08-17,0.004726449086314509,STMDX,real estate,2004
2004-08-18,0.0033510337369907963,STMDX,real estate,2004
2004-08-19,-0.01713531269048266,STMDX,real estate,2004
2004-08-20,0.02002915744379681,STMDX,real estate,2004
2004-08-23,-0.0007766885523656213,STMDX,real estate,2004
2004-08-24,0.010560377635582933,STMDX,real estate,2004
2004-08-25,-0.009306854765755908,STMDX,real estate,2004
2004-08-26,0.002956120965738978,STMDX,real estate,2004
2004-08-27,0.000648135652721159,STMDX,real estate,2004
2004-08-30,0.008947484205673876,STMDX,real estate,2004
2004-08-31,0.010472005001581422,STMDX,real estate,2004
2004-09-01,-0.008826222412688918,STMDX,real estate,2004
2004-09-02,-0.003605078692499473,STMDX,real estate,2004
2004-09-03,0.0073051426828660455,STMDX,real estate,2004
2004-09-07,0.003214586413503393,STMDX,real estate,2004
2004-09-08,-0.0010212280420630803,STMDX,real estate,2004
2004-09-09,-0.014129008874201047,STMDX,real estate,2004
2004-09-10,-0.0011448767918232176,STMDX,real estate,2004
2004-09-13,-0.013295110241119828,STMDX,real estate,2004
2004-09-14,-0.015983449259859957,STMDX,real estate,2004
2004-09-15,0.012909246946904129,STMDX,real estate,2004
2004-09-16,0.015075775285159125,STMDX,real estate,2004
2004-09-17,-0.00911461967387885,STMDX,real estate,2004
2004-09-20,-0.009175601508821674,STMDX,real estate,2004
2004-09-21,0.0032879899567602655,STMDX,real estate,2004
2004-09-22,-0.00047043342196283894,STMDX,real estate,2004
2004-09-23,0.00042931067208202287,STMDX,real estate,2004
2004-09-24,-0.0018516319026993123,STMDX,real estate,2004
2004-09-27,0.0023214893109527552,STMDX,real estate,2004
2004-09-28,0.004476990113035894,STMDX,real estate,2004
2004-09-29,-0.0024782189618384235,STMDX,real estate,2004
2004-09-30,0.00752697611507137,STMDX,real estate,2004
2004-10-01,0.006842813416530242,STMDX,real estate,2004
2004-10-04,-0.0009247843061878069,STMDX,real estate,2004
2004-10-05,-0.0009438895549386328,STMDX,real estate,2004
2004-10-06,0.0012733416336937432,STMDX,real estate,2004
2004-10-07,-0.00714332909614647,STMDX,real estate,2004
2004-10-08,0.010061630968246648,STMDX,real estate,2004
2004-10-11,-0.008673094864243319,STMDX,real estate,2004
2004-10-12,0.012884860354285495,STMDX,real estate,2004
2004-10-13,0.0004626728096609658,STMDX,real estate,2004
2004-10-14,0.013874700897422479,STMDX,real estate,2004
2004-10-15,0.00412133039635965,STMDX,real estate,2004
2004-10-18,0.0028552872161043447,STMDX,real estate,2004
2004-10-19,-0.0008337139760784254,STMDX,real estate,2004
2004-10-20,-0.004718326657488364,STMDX,real estate,2004
2004-10-21,0.006534792554843135,STMDX,real estate,2004
2004-10-22,-0.004074032934330219,STMDX,real estate,2004
2004-10-25,-0.002799901266676145,STMDX,real estate,2004
2004-10-26,0.0024365354395895523,STMDX,real estate,2004
2004-10-27,0.0010037548547086068,STMDX,real estate,2004
2004-10-28,-0.0019268904229212485,STMDX,real estate,2004
2004-10-29,-0.010634748815733328,STMDX,real estate,2004
2004-11-01,0.010318746710397841,STMDX,real estate,2004
2004-11-02,-0.012698505378804516,STMDX,real estate,2004
2004-11-03,0.0036857701521841035,STMDX,real estate,2004
2004-11-04,0.002182979072702828,STMDX,real estate,2004
2004-11-05,-0.035097212436919066,STMDX,real estate,2004
2004-11-08,0.003866650828574713,STMDX,real estate,2004
2004-11-09,0.00535203727256894,STMDX,real estate,2004
2004-11-10,0.005567587913254069,STMDX,real estate,2004
2004-11-11,0.004969641151941203,STMDX,real estate,2004
2004-11-12,0.015596396735075128,STMDX,real estate,2004
2004-11-15,0.002204817348612718,STMDX,real estate,2004
2004-11-16,-0.004412187377538998,STMDX,real estate,2004
2004-11-17,-0.021845302627513465,STMDX,real estate,2004
2004-11-18,-0.003459630209449791,STMDX,real estate,2004
2004-11-19,-0.006998577457099704,STMDX,real estate,2004
2004-11-22,0.0073779904789313105,STMDX,real estate,2004
2004-11-23,0.008238155481380124,STMDX,real estate,2004
2004-11-24,0.008343059372536418,STMDX,real estate,2004
2004-11-26,-0.004590880783140708,STMDX,real estate,2004
2004-11-29,0.0005979598430658896,STMDX,real estate,2004
2004-11-30,-0.00023973330720243548,STMDX,real estate,2004
2004-12-01,0.01458977450505599,STMDX,real estate,2004
2004-12-02,-0.01102172824459538,STMDX,real estate,2004
2004-12-03,0.01176010721015259,STMDX,real estate,2004
2004-12-06,0.0018112681793850908,STMDX,real estate,2004
2004-12-07,-0.008890464653285073,STMDX,real estate,2004
2004-12-08,0.0013759434487828175,STMDX,real estate,2004
2004-12-09,0.0014127013689624996,STMDX,real estate,2004
2004-12-10,0.0048333600505427576,STMDX,real estate,2004
2004-12-13,-0.010352702043644869,STMDX,real estate,2004
2004-12-14,-0.0036339776016363636,STMDX,real estate,2004
2004-12-15,0.0023534863600306226,STMDX,real estate,2004
2004-12-16,-0.010999727118267879,STMDX,real estate,2004
2004-12-17,0.012850198141823928,STMDX,real estate,2004
2004-12-20,-0.0048444825418314675,STMDX,real estate,2004
2004-12-21,0.0048121160705689135,STMDX,real estate,2004
2004-12-22,0.0050174629240475966,STMDX,real estate,2004
2004-12-23,-0.011348133314166484,STMDX,real estate,2004
2004-12-27,-0.00041356585718649254,STMDX,real estate,2004
2004-12-28,-0.0007318449029931062,STMDX,real estate,2004
2004-12-29,0.0010757399098927172,STMDX,real estate,2004
2004-12-30,0.0019048871837322242,STMDX,real estate,2004
2005-01-05,-0.02946024577387403,STMDX,real estate,2005
2005-01-06,0.0007080149007551613,STMDX,real estate,2005
2005-01-07,-0.002060575778064679,STMDX,real estate,2005
2005-01-10,-0.005888446524353637,STMDX,real estate,2005
2005-01-11,-0.0044620561969625945,STMDX,real estate,2005
2005-01-12,-0.00887212043088124,STMDX,real estate,2005
2005-01-13,0.01147007040416319,STMDX,real estate,2005
2005-01-14,0.004111403329656412,STMDX,real estate,2005
2005-01-18,0.0012453835844114611,STMDX,real estate,2005
2005-01-19,0.014396869939680548,STMDX,real estate,2005
2005-01-20,-0.0011233479691979452,STMDX,real estate,2005
2005-01-21,0.00923301712150049,STMDX,real estate,2005
2005-01-24,-0.004962682244289147,STMDX,real estate,2005
2005-01-25,-0.018752412165870223,STMDX,real estate,2005
2005-01-26,0.001694368485120034,STMDX,real estate,2005
2005-01-27,-0.011086344510808397,STMDX,real estate,2005
2005-01-28,0.0035132056117689833,STMDX,real estate,2005
2005-01-31,-0.005917867962682465,STMDX,real estate,2005
2005-02-01,-0.0017636034862754295,STMDX,real estate,2005
2005-02-02,0.0051944567567356915,STMDX,real estate,2005
2005-02-03,0.0010965387361827788,STMDX,real estate,2005
2005-02-04,0.006880646912206004,STMDX,real estate,2005
2005-02-07,-0.0030133671103282156,STMDX,real estate,2005
2005-02-08,0.0019823162809714514,STMDX,real estate,2005
2005-02-09,0.008853603901857115,STMDX,real estate,2005
2005-02-10,0.0015517221282275568,STMDX,real estate,2005
2005-02-11,-0.0014464163916050052,STMDX,real estate,2005
2005-02-14,0.0004272914447412379,STMDX,real estate,2005
2005-02-15,-0.0014685016403022063,STMDX,real estate,2005
2005-02-16,0.004689325803303617,STMDX,real estate,2005
2005-02-17,0.004633750805021292,STMDX,real estate,2005
2005-02-18,-0.011238120908855311,STMDX,real estate,2005
2005-02-22,-0.01148259181167868,STMDX,real estate,2005
2005-02-23,-0.009794456173876899,STMDX,real estate,2005
2005-02-24,-0.005432409543290881,STMDX,real estate,2005
2005-02-25,0.009779995567178807,STMDX,real estate,2005
2005-02-28,0.00019429700949527996,STMDX,real estate,2005
2005-03-01,0.004474629702615233,STMDX,real estate,2005
2005-03-02,-0.004147162612043409,STMDX,real estate,2005
2005-03-03,0.003900992100529509,STMDX,real estate,2005
2005-03-04,0.004295537507224828,STMDX,real estate,2005
2005-03-07,0.0054366391920682225,STMDX,real estate,2005
2005-03-08,-0.0036299262902896793,STMDX,real estate,2005
2005-03-09,-0.015087710715016954,STMDX,real estate,2005
2005-03-10,0.005911298796202257,STMDX,real estate,2005
2005-03-11,-0.005199823946383991,STMDX,real estate,2005
2005-03-14,0.008993079527219784,STMDX,real estate,2005
2005-03-15,0.003855786633712441,STMDX,real estate,2005
2005-03-16,-0.0005609344184322219,STMDX,real estate,2005
2005-03-17,0.004977432162664608,STMDX,real estate,2005
2005-03-18,-0.0022989237913204267,STMDX,real estate,2005
2005-03-21,-0.002170912508045436,STMDX,real estate,2005
2005-03-22,-0.0045920655198962,STMDX,real estate,2005
2005-03-23,-0.007429787491474573,STMDX,real estate,2005
2005-03-24,0.00417475691413249,STMDX,real estate,2005
2005-03-28,-0.006243090711758502,STMDX,real estate,2005
2005-03-29,0.0059837754769966325,STMDX,real estate,2005
2005-03-30,-0.003623162070008167,STMDX,real estate,2005
2005-03-31,-0.00025448860425272336,STMDX,real estate,2005
2005-04-01,0.003991265450845049,STMDX,real estate,2005
2005-04-04,-0.0029188315777221654,STMDX,real estate,2005
2005-04-05,-0.004165843513420121,STMDX,real estate,2005
2005-04-06,-0.0004919706281222044,STMDX,real estate,2005
2005-04-07,0.0017543737409109394,STMDX,real estate,2005
2005-04-08,0.0023239944006216064,STMDX,real estate,2005
2005-04-11,-0.0007881479526638763,STMDX,real estate,2005
2005-04-12,0.00885036049835354,STMDX,real estate,2005
2005-04-13,0.009935323292352478,STMDX,real estate,2005
2005-04-14,0.004691951864542604,STMDX,real estate,2005
2005-04-15,0.012996919979554869,STMDX,real estate,2005
2005-04-18,0.0022725534170591334,STMDX,real estate,2005
2005-04-19,-0.0005390891958981714,STMDX,real estate,2005
2005-04-20,0.00621003472135113,STMDX,real estate,2005
2005-04-21,-0.013722909563989675,STMDX,real estate,2005
2005-04-22,0.004625131105197894,STMDX,real estate,2005
2005-04-25,0.0045993416661514646,STMDX,real estate,2005
2005-04-26,0.010212661059993414,STMDX,real estate,2005
2005-04-27,0.0042192917670889635,STMDX,real estate,2005
2005-04-28,0.0066757971564273405,STMDX,real estate,2005
2005-04-29,-0.0025133811166396115,STMDX,real estate,2005
2005-05-02,-0.0054715102108875,STMDX,real estate,2005
2005-05-03,-0.0026021609252289074,STMDX,real estate,2005
2005-05-04,-0.001366629028106134,STMDX,real estate,2005
2005-05-05,0.004031337566325219,STMDX,real estate,2005
2005-05-06,-0.005741964829774536,STMDX,real estate,2005
2005-05-09,0.010465300235292806,STMDX,real estate,2005
2005-05-10,0.010268420300283495,STMDX,real estate,2005
2005-05-11,-0.006621366669351217,STMDX,real estate,2005
2005-05-12,0.000425442531620324,STMDX,real estate,2005
2005-05-13,-0.0055034651092635955,STMDX,real estate,2005
2005-05-16,0.0036739923424724125,STMDX,real estate,2005
2005-05-17,-0.0004039927689534024,STMDX,real estate,2005
2005-05-18,0.0010603901462855354,STMDX,real estate,2005
2005-05-19,0.0033428011026457906,STMDX,real estate,2005
2005-05-20,0.0038881139958180924,STMDX,real estate,2005
2005-05-23,-0.003599844336327101,STMDX,real estate,2005
2005-05-24,-0.008217141586028782,STMDX,real estate,2005
2005-05-25,-0.012421252398911889,STMDX,real estate,2005
2005-05-26,-0.006209448987109401,STMDX,real estate,2005
2005-05-27,0.005117419384553106,STMDX,real estate,2005
2005-05-31,0.013378666348091227,STMDX,real estate,2005
2005-06-01,0.004258268186202032,STMDX,real estate,2005
2005-06-02,-0.004393647679341773,STMDX,real estate,2005
2005-06-03,0.004438001941321551,STMDX,real estate,2005
2005-06-06,0.012282260781258703,STMDX,real estate,2005
2005-06-07,0.0038984476624464113,STMDX,real estate,2005
2005-06-08,0.004802038896411208,STMDX,real estate,2005
2005-06-09,-0.0055759342412401115,STMDX,real estate,2005
2005-06-10,0.0003704243211460963,STMDX,real estate,2005
2005-06-13,0.003664243635796134,STMDX,real estate,2005
2005-06-14,0.008802134298508858,STMDX,real estate,2005
2005-06-15,-0.0011158580384600133,STMDX,real estate,2005
2005-06-16,0.0006464362100379829,STMDX,real estate,2005
2005-06-17,0.00859735481276404,STMDX,real estate,2005
2005-06-20,-0.0022085870768648926,STMDX,real estate,2005
2005-06-21,-0.009609900133564263,STMDX,real estate,2005
2005-06-22,0.0002204938827072429,STMDX,real estate,2005
2005-06-23,0.009953973282912554,STMDX,real estate,2005
2005-06-24,0.0024462974299154054,STMDX,real estate,2005
2005-06-27,-0.002797531327017257,STMDX,real estate,2005
2005-06-28,0.0005898232728412198,STMDX,real estate,2005
2005-06-29,0.006435925213536605,STMDX,real estate,2005
2005-06-30,0.004821490007078948,STMDX,real estate,2005
2005-07-01,0.0027794740033366813,STMDX,real estate,2005
2005-07-05,0.00825966243330522,STMDX,real estate,2005
2005-07-06,-0.00023546158565774036,STMDX,real estate,2005
2005-07-07,9.680803495416748e-05,STMDX,real estate,2005
2005-07-08,0.004432946613108831,STMDX,real estate,2005
2005-07-11,0.007559379978404366,STMDX,real estate,2005
2005-07-12,-0.005246745424119469,STMDX,real estate,2005
2005-07-13,-0.00873196263430024,STMDX,real estate,2005
2005-07-14,-0.023676205947418975,STMDX,real estate,2005
2005-07-15,0.005102594833630612,STMDX,real estate,2005
2005-07-18,0.003937294051005726,STMDX,real estate,2005
2005-07-19,0.0017426941483477676,STMDX,real estate,2005
2005-07-20,0.005866355680162987,STMDX,real estate,2005
2005-07-21,-0.01027332839769049,STMDX,real estate,2005
2005-07-22,0.0029476675886914187,STMDX,real estate,2005
2005-07-25,0.0025231092782996576,STMDX,real estate,2005
2005-07-26,0.005379734837751094,STMDX,real estate,2005
2005-07-27,-0.0033954015929094365,STMDX,real estate,2005
2005-07-28,0.003960693261823356,STMDX,real estate,2005
2005-07-29,0.005555844420068395,STMDX,real estate,2005
2005-08-01,-0.00035295581519889207,STMDX,real estate,2005
2005-08-02,0.003970161567646998,STMDX,real estate,2005
2005-08-03,-0.009151090848730148,STMDX,real estate,2005
2005-08-04,-0.015026031298412916,STMDX,real estate,2005
2005-08-05,-0.02613895489643631,STMDX,real estate,2005
2005-08-08,-0.031593728371870904,STMDX,real estate,2005
2005-08-09,0.0011135518364092604,STMDX,real estate,2005
2005-08-10,0.005279024288395335,STMDX,real estate,2005
2005-08-11,0.006749194133408624,STMDX,real estate,2005
2005-08-12,0.006633675117300418,STMDX,real estate,2005
2005-08-15,0.0002501268241834713,STMDX,real estate,2005
2005-08-16,0.014012663206543641,STMDX,real estate,2005
2005-08-17,-0.007155004140779326,STMDX,real estate,2005
2005-08-18,-0.006090369793396251,STMDX,real estate,2005
2005-08-19,-0.005679299244212826,STMDX,real estate,2005
2005-08-22,0.008143616835797883,STMDX,real estate,2005
2005-08-23,0.0029554478945440473,STMDX,real estate,2005
2005-08-24,0.012468752840281407,STMDX,real estate,2005
2005-08-25,-2.464742479086051e-05,STMDX,real estate,2005
2005-08-26,-0.00599281027976301,STMDX,real estate,2005
2005-08-29,-0.007970662435645783,STMDX,real estate,2005
2005-08-30,0.007447527186267634,STMDX,real estate,2005
2005-08-31,0.009821049730964947,STMDX,real estate,2005
2005-09-01,0.006480934951377903,STMDX,real estate,2005
2005-09-02,-0.0018014307992770167,STMDX,real estate,2005
2005-09-06,0.013056979365888309,STMDX,real estate,2005
2005-09-07,-0.009491523570639813,STMDX,real estate,2005
2005-09-08,-0.0007912055907204531,STMDX,real estate,2005
2005-09-09,-0.006718749722008742,STMDX,real estate,2005
2005-09-12,0.0016951805364513112,STMDX,real estate,2005
2005-09-13,-0.002632224998032973,STMDX,real estate,2005
2005-09-14,0.0011330861602602805,STMDX,real estate,2005
2005-09-15,0.0026432274133667824,STMDX,real estate,2005
2005-09-16,-0.007375289898620229,STMDX,real estate,2005
2005-09-19,-0.005466889436464871,STMDX,real estate,2005
2005-09-20,0.001762290707386995,STMDX,real estate,2005
2005-09-21,-0.007379746585342031,STMDX,real estate,2005
2005-09-22,0.0015088563136547743,STMDX,real estate,2005
2005-09-23,0.0011142044800489367,STMDX,real estate,2005
2005-09-26,0.003303807842924095,STMDX,real estate,2005
2005-09-27,-0.0014568505579352403,STMDX,real estate,2005
2005-09-28,-0.007154594349394331,STMDX,real estate,2005
2005-09-29,0.0059264408099950205,STMDX,real estate,2005
2005-09-30,0.005478812589329042,STMDX,real estate,2005
2005-10-03,0.005733286409334118,STMDX,real estate,2005
2005-10-04,-0.006726813307241727,STMDX,real estate,2005
2005-10-05,-0.0049223189178159,STMDX,real estate,2005
2005-10-06,0.003260190106914057,STMDX,real estate,2005
2005-10-07,-0.008303344171678193,STMDX,real estate,2005
2005-10-10,-0.006549283176359022,STMDX,real estate,2005
2005-10-11,-0.005593106961085182,STMDX,real estate,2005
2005-10-12,-0.0054165857812150916,STMDX,real estate,2005
2005-10-13,0.0014542680570319372,STMDX,real estate,2005
2005-10-14,0.012330399937934692,STMDX,real estate,2005
2005-10-17,-0.0025567991761764894,STMDX,real estate,2005
2005-10-18,0.000594258568823754,STMDX,real estate,2005
2005-10-19,-0.0007577831932945693,STMDX,real estate,2005
2005-10-20,0.0010535882168285493,STMDX,real estate,2005
2005-10-21,0.00898156894845999,STMDX,real estate,2005
2005-10-24,0.0077175254130463205,STMDX,real estate,2005
2005-10-25,-0.0036976386183050105,STMDX,real estate,2005
2005-10-26,-0.00423509092594704,STMDX,real estate,2005
2005-10-27,-0.0009095699920258805,STMDX,real estate,2005
2005-10-28,0.010870989731793155,STMDX,real estate,2005
2005-10-31,0.0020365079246974587,STMDX,real estate,2005
2005-11-01,-0.019116482502354395,STMDX,real estate,2005
2005-11-02,0.0013449909611996623,STMDX,real estate,2005
2005-11-03,-0.010239688691014433,STMDX,real estate,2005
2005-11-04,0.0004158659191130789,STMDX,real estate,2005
2005-11-07,0.005566076479910306,STMDX,real estate,2005
2005-11-08,-0.005140797497463417,STMDX,real estate,2005
2005-11-09,0.010083899598922603,STMDX,real estate,2005
2005-11-10,0.00692255708792086,STMDX,real estate,2005
2005-11-11,-0.00035783102961462355,STMDX,real estate,2005
2005-11-14,-0.00750697646017792,STMDX,real estate,2005
2005-11-15,-0.00116251108719692,STMDX,real estate,2005
2005-11-16,-0.007383480995784898,STMDX,real estate,2005
2005-11-17,0.005389397859812567,STMDX,real estate,2005
2005-11-18,0.00106798299427807,STMDX,real estate,2005
2005-11-21,-5.338742793140408e-05,STMDX,real estate,2005
2005-11-22,0.0017601071228514047,STMDX,real estate,2005
2005-11-23,-0.0022188622635622712,STMDX,real estate,2005
2005-11-25,0.00027901095532392164,STMDX,real estate,2005
2005-11-28,-0.004436651902238264,STMDX,real estate,2005
2005-11-29,0.0049330599502033995,STMDX,real estate,2005
2005-11-30,0.0028612907434062574,STMDX,real estate,2005
2005-12-01,0.0041965139997363204,STMDX,real estate,2005
2005-12-02,-0.00782784072349973,STMDX,real estate,2005
2005-12-05,-0.004222575096946644,STMDX,real estate,2005
2005-12-06,-0.006609365955416278,STMDX,real estate,2005
2005-12-07,0.0027217205160114596,STMDX,real estate,2005
2005-12-08,0.007278886363740698,STMDX,real estate,2005
2005-12-09,0.001653536964226513,STMDX,real estate,2005
2005-12-12,-0.006132233992014413,STMDX,real estate,2005
2005-12-13,-0.00016966865720097288,STMDX,real estate,2005
2005-12-14,-0.002218742784721392,STMDX,real estate,2005
2005-12-15,-0.005149617492516517,STMDX,real estate,2005
2005-12-16,0.005763182320322862,STMDX,real estate,2005
2005-12-19,-0.005827797883639432,STMDX,real estate,2005
2005-12-20,-0.0018502082624908428,STMDX,real estate,2005
2005-12-21,0.004492612707663127,STMDX,real estate,2005
2005-12-22,-0.0017724986242562799,STMDX,real estate,2005
2005-12-23,0.0014350751923280437,STMDX,real estate,2005
2005-12-27,0.006357351301826204,STMDX,real estate,2005
2005-12-28,-0.001960962412745809,STMDX,real estate,2005
2005-12-29,-0.0007900740395618442,STMDX,real estate,2005
2005-12-30,0.0007364410462227244,STMDX,real estate,2005
2006-01-04,-0.0022671552466863873,STMDX,real estate,2006
2006-01-05,0.009263760104699148,STMDX,real estate,2006
2006-01-06,0.0017201726659101923,STMDX,real estate,2006
2006-01-09,0.005083672556458901,STMDX,real estate,2006
2006-01-10,0.0061374762722305725,STMDX,real estate,2006
2006-01-11,-0.005526638587656349,STMDX,real estate,2006
2006-01-12,-0.00027418651550107113,STMDX,real estate,2006
2006-01-13,-0.007977129906113139,STMDX,real estate,2006
2006-01-17,-0.0011267966880943365,STMDX,real estate,2006
2006-01-18,0.00335464736828336,STMDX,real estate,2006
2006-01-19,0.00986439881237872,STMDX,real estate,2006
2006-01-20,0.001961144892649435,STMDX,real estate,2006
2006-01-23,0.003357778158667173,STMDX,real estate,2006
2006-01-24,0.00613942154673746,STMDX,real estate,2006
2006-01-25,-0.0012521142007629257,STMDX,real estate,2006
2006-01-26,-0.0009803397327575606,STMDX,real estate,2006
2006-01-27,7.048509598580471e-05,STMDX,real estate,2006
2006-01-30,-0.003059895496546893,STMDX,real estate,2006
2006-01-31,0.010722972941251643,STMDX,real estate,2006
2006-02-01,-0.004929023210900009,STMDX,real estate,2006
2006-02-02,0.003052563552007544,STMDX,real estate,2006
2006-02-03,-0.004028260354320444,STMDX,real estate,2006
2006-02-06,0.003297879556273549,STMDX,real estate,2006
2006-02-07,-0.0022309436282813523,STMDX,real estate,2006
2006-02-08,-0.012212570158918724,STMDX,real estate,2006
2006-02-09,0.001565863870023008,STMDX,real estate,2006
2006-02-10,0.001532395912031166,STMDX,real estate,2006
2006-02-13,0.0014249154189117795,STMDX,real estate,2006
2006-02-14,-0.0052116176915567025,STMDX,real estate,2006
2006-02-15,0.004968271248248076,STMDX,real estate,2006
2006-02-16,-0.0002969940760693037,STMDX,real estate,2006
2006-02-17,0.008493915924104102,STMDX,real estate,2006
2006-02-21,0.00391254904816668,STMDX,real estate,2006
2006-02-22,0.007356311949865418,STMDX,real estate,2006
2006-02-23,-0.0018324529022081153,STMDX,real estate,2006
2006-02-24,-0.008112070738813076,STMDX,real estate,2006
2006-02-27,-0.0008205690082484342,STMDX,real estate,2006
2006-02-28,0.003973695523905427,STMDX,real estate,2006
2006-03-01,-0.002855389659346278,STMDX,real estate,2006
2006-03-02,-0.004452383483257826,STMDX,real estate,2006
2006-03-03,-0.0014791900410822106,STMDX,real estate,2006
2006-03-06,0.020769654423189766,STMDX,real estate,2006
2006-03-07,-0.008182225656966717,STMDX,real estate,2006
2006-03-08,0.0011519957742932622,STMDX,real estate,2006
2006-03-09,0.014128428290119606,STMDX,real estate,2006
2006-03-10,0.0030487306410072277,STMDX,real estate,2006
2006-03-13,-0.006889487854846372,STMDX,real estate,2006
2006-03-14,-0.003211270676883797,STMDX,real estate,2006
2006-03-15,0.008443958053823728,STMDX,real estate,2006
2006-03-16,0.00599486573558251,STMDX,real estate,2006
2006-03-17,0.005738072014953159,STMDX,real estate,2006
2006-03-20,-0.008253431682974684,STMDX,real estate,2006
2006-03-21,-0.00984248463724995,STMDX,real estate,2006
2006-03-22,-0.0009380022014242205,STMDX,real estate,2006
2006-03-23,0.004244883939651681,STMDX,real estate,2006
2006-03-24,-0.00402410087823335,STMDX,real estate,2006
2006-03-27,-0.004913612729681729,STMDX,real estate,2006
2006-03-28,0.011057524002552603,STMDX,real estate,2006
2006-03-29,0.011405698910496732,STMDX,real estate,2006
2006-03-30,-0.012485281875224083,STMDX,real estate,2006
2006-03-31,0.003996961382872179,STMDX,real estate,2006
2006-04-03,-0.021213850566081723,STMDX,real estate,2006
2006-04-04,-0.011232746844462514,STMDX,real estate,2006
2006-04-05,0.002581809768782096,STMDX,real estate,2006
2006-04-06,-0.004558753614357067,STMDX,real estate,2006
2006-04-07,-0.005519316005834194,STMDX,real estate,2006
2006-04-10,-0.011313805063700914,STMDX,real estate,2006
2006-04-11,0.0010948364328195112,STMDX,real estate,2006
2006-04-12,-0.0013186711555408471,STMDX,real estate,2006
2006-04-13,-0.008897029802821104,STMDX,real estate,2006
2006-04-17,-0.004836482127876901,STMDX,real estate,2006
2006-04-18,0.009848247910346908,STMDX,real estate,2006
2006-04-19,0.009765511681263122,STMDX,real estate,2006
2006-04-20,-0.004387638575467936,STMDX,real estate,2006
2006-04-21,0.0007340425508584855,STMDX,real estate,2006
2006-04-24,-0.0063657102177988355,STMDX,real estate,2006
2006-04-25,-0.004643677499543895,STMDX,real estate,2006
2006-04-26,-0.005320572596537917,STMDX,real estate,2006
2006-04-27,0.002338625875326135,STMDX,real estate,2006
2006-04-28,-0.0007531695088239302,STMDX,real estate,2006
2006-05-01,-0.005062873518855388,STMDX,real estate,2006
2006-05-02,-0.009671417438994743,STMDX,real estate,2006
2006-05-03,0.005345176560760498,STMDX,real estate,2006
2006-05-04,0.007075253192511696,STMDX,real estate,2006
2006-05-05,-0.00017526674285027466,STMDX,real estate,2006
2006-05-08,0.004663395290728624,STMDX,real estate,2006
2006-05-09,-0.003847486098256669,STMDX,real estate,2006
2006-05-10,-0.004055182635416254,STMDX,real estate,2006
2006-05-11,-0.011927437423762541,STMDX,real estate,2006
2006-05-12,-0.0029537773987324423,STMDX,real estate,2006
2006-05-15,0.009260218183298682,STMDX,real estate,2006
2006-05-16,-0.0013896011326558332,STMDX,real estate,2006
2006-05-17,0.0031396372958218,STMDX,real estate,2006
2006-05-18,-0.0010542693054367593,STMDX,real estate,2006
2006-05-19,-0.0036502687612752116,STMDX,real estate,2006
2006-05-22,0.000963673692192816,STMDX,real estate,2006
2006-05-23,-0.004206542272224803,STMDX,real estate,2006
2006-05-24,-0.0053103457761507055,STMDX,real estate,2006
2006-05-25,0.00827927678187528,STMDX,real estate,2006
2006-05-26,0.0020131214485877968,STMDX,real estate,2006
2006-05-30,0.00533020114233341,STMDX,real estate,2006
2006-05-31,-0.006230260005193072,STMDX,real estate,2006
2006-06-01,0.00918144155188397,STMDX,real estate,2006
2006-06-02,0.006242298608872265,STMDX,real estate,2006
2006-06-05,0.011992782779845751,STMDX,real estate,2006
2006-06-06,-0.0015966505703736494,STMDX,real estate,2006
2006-06-07,0.009250641509928837,STMDX,real estate,2006
2006-06-08,0.0027806846517670065,STMDX,real estate,2006
2006-06-09,0.005109746183445202,STMDX,real estate,2006
2006-06-12,-0.005558383930103645,STMDX,real estate,2006
2006-06-13,0.002677736485081653,STMDX,real estate,2006
2006-06-14,-0.011036715441411982,STMDX,real estate,2006
2006-06-15,-0.002018627926293249,STMDX,real estate,2006
2006-06-16,0.003550283876102936,STMDX,real estate,2006
2006-06-19,-0.003134714814343015,STMDX,real estate,2006
2006-06-20,-0.009375389654112493,STMDX,real estate,2006
2006-06-21,0.0047041321784416935,STMDX,real estate,2006
2006-06-22,-0.0009897692139260103,STMDX,real estate,2006
2006-06-23,-0.005909693596973867,STMDX,real estate,2006
2006-06-26,0.007638694462690906,STMDX,real estate,2006
2006-06-27,0.0034452376053044327,STMDX,real estate,2006
2006-06-28,0.002854868497323633,STMDX,real estate,2006
2006-06-29,0.003740152577489185,STMDX,real estate,2006
2006-06-30,0.007999369130327645,STMDX,real estate,2006
2006-07-03,0.007123664216456513,STMDX,real estate,2006
2006-07-05,0.0029991318776754245,STMDX,real estate,2006
2006-07-06,-0.0014461889885164856,STMDX,real estate,2006
2006-07-07,-0.0019828554076631996,STMDX,real estate,2006
2006-07-10,0.007943104473380577,STMDX,real estate,2006
2006-07-11,-0.002795359666146939,STMDX,real estate,2006
2006-07-12,0.006358216089020565,STMDX,real estate,2006
2006-07-13,-3.2525756247393095e-05,STMDX,real estate,2006
2006-07-14,-0.004711101566235953,STMDX,real estate,2006
2006-07-17,0.0024874830596380935,STMDX,real estate,2006
2006-07-18,0.006571380287362572,STMDX,real estate,2006
2006-07-19,0.005983717233861334,STMDX,real estate,2006
2006-07-20,-0.007504064561519297,STMDX,real estate,2006
2006-07-21,-0.006950621863872411,STMDX,real estate,2006
2006-07-24,2.9439256881480524e-05,STMDX,real estate,2006
2006-07-25,0.002023290334107687,STMDX,real estate,2006
2006-07-26,0.0015564298879502426,STMDX,real estate,2006
2006-07-27,-0.006606371394535895,STMDX,real estate,2006
2006-07-28,0.005161871993069925,STMDX,real estate,2006
2006-07-31,-0.005958806763640274,STMDX,real estate,2006
2006-08-01,0.0012355290027166715,STMDX,real estate,2006
2006-08-02,-0.00327665245550587,STMDX,real estate,2006
2006-08-03,0.009791440050629433,STMDX,real estate,2006
2006-08-04,0.012472386697530827,STMDX,real estate,2006
2006-08-07,-0.0049481239239852854,STMDX,real estate,2006
2006-08-08,-0.009210217229130726,STMDX,real estate,2006
2006-08-09,-0.0014736065304513757,STMDX,real estate,2006
2006-08-10,-0.0010702079735608397,STMDX,real estate,2006
2006-08-11,-0.0022391492938983923,STMDX,real estate,2006
2006-08-14,0.008242456437404138,STMDX,real estate,2006
2006-08-15,-0.0012899468251826203,STMDX,real estate,2006
2006-08-16,-0.004472651903740183,STMDX,real estate,2006
2006-08-17,-0.0019595540780858694,STMDX,real estate,2006
2006-08-18,-0.004220259294203096,STMDX,real estate,2006
2006-08-21,0.007818693028936051,STMDX,real estate,2006
2006-08-22,0.004562382567872244,STMDX,real estate,2006
2006-08-23,-0.00711271316327974,STMDX,real estate,2006
2006-08-24,0.004220892280350743,STMDX,real estate,2006
2006-08-25,-0.003670080675189642,STMDX,real estate,2006
2006-08-28,0.007843156582211696,STMDX,real estate,2006
2006-08-29,0.0018634721310191262,STMDX,real estate,2006
2006-08-30,0.00800920223459832,STMDX,real estate,2006
2006-08-31,0.0006847467035570894,STMDX,real estate,2006
2006-09-01,-0.011193031459965105,STMDX,real estate,2006
2006-09-05,0.005559055102979112,STMDX,real estate,2006
2006-09-06,-0.0002804686829165192,STMDX,real estate,2006
2006-09-07,-0.006423500034933965,STMDX,real estate,2006
2006-09-08,0.004272209653445166,STMDX,real estate,2006
2006-09-11,0.0014773631881513038,STMDX,real estate,2006
2006-09-12,3.774652559962628e-05,STMDX,real estate,2006
2006-09-13,-0.0015159037654857406,STMDX,real estate,2006
2006-09-14,-0.0036008540035879543,STMDX,real estate,2006
2006-09-15,0.004072717326840086,STMDX,real estate,2006
2006-09-18,-0.007278908370927114,STMDX,real estate,2006
2006-09-19,0.007882233161546364,STMDX,real estate,2006
2006-09-20,-0.004964689135650431,STMDX,real estate,2006
2006-09-21,-0.004533338040928986,STMDX,real estate,2006
2006-09-22,0.005815800080067858,STMDX,real estate,2006
2006-09-25,-0.007847749296662612,STMDX,real estate,2006
2006-09-26,-0.007892030399870393,STMDX,real estate,2006
2006-09-27,0.009420793859495112,STMDX,real estate,2006
2006-09-28,-0.001906880170711472,STMDX,real estate,2006
2006-09-29,-0.002773194576601317,STMDX,real estate,2006
2006-10-02,0.0010870458468755183,STMDX,real estate,2006
2006-10-03,0.005035400728718267,STMDX,real estate,2006
2006-10-04,-4.600173788265466e-05,STMDX,real estate,2006
2006-10-05,0.007062333657968333,STMDX,real estate,2006
2006-10-06,-0.007534914194794304,STMDX,real estate,2006
2006-10-09,0.0039953781772556415,STMDX,real estate,2006
2006-10-10,-0.002162413627284326,STMDX,real estate,2006
2006-10-11,-0.001659193847942539,STMDX,real estate,2006
2006-10-12,0.002265278328603612,STMDX,real estate,2006
2006-10-13,0.004883342697890248,STMDX,real estate,2006
2006-10-16,0.0028065910594570645,STMDX,real estate,2006
2006-10-17,0.0001369726173879272,STMDX,real estate,2006
2006-10-18,0.0005451413255920083,STMDX,real estate,2006
2006-10-19,-0.005083689051954424,STMDX,real estate,2006
2006-10-20,-0.002628171273910661,STMDX,real estate,2006
2006-10-23,-0.0006670476246952717,STMDX,real estate,2006
2006-10-24,-0.008022234731887772,STMDX,real estate,2006
2006-10-25,-0.0008221491404255079,STMDX,real estate,2006
2006-10-26,0.004334253756041892,STMDX,real estate,2006
2006-10-27,-0.004103395690043491,STMDX,real estate,2006
2006-10-30,0.00531852648701934,STMDX,real estate,2006
2006-10-31,-0.00010174655644155193,STMDX,real estate,2006
2006-11-01,-0.006922178786885533,STMDX,real estate,2006
2006-11-02,-0.015311527314147207,STMDX,real estate,2006
2006-11-03,-0.008719543139830959,STMDX,real estate,2006
2006-11-06,-0.0031821468268676796,STMDX,real estate,2006
2006-11-07,-0.01172258939116183,STMDX,real estate,2006
2006-11-08,0.0024210461330658023,STMDX,real estate,2006
2006-11-09,0.0027018596110917753,STMDX,real estate,2006
2006-11-10,0.0029362452354361745,STMDX,real estate,2006
2006-11-13,-0.0014108828149005776,STMDX,real estate,2006
2006-11-14,0.004165474752215145,STMDX,real estate,2006
2006-11-15,-0.002535853117530628,STMDX,real estate,2006
2006-11-16,0.0064444743672284165,STMDX,real estate,2006
2006-11-17,-0.0034441266864209787,STMDX,real estate,2006
2006-11-20,0.021291939364877444,STMDX,real estate,2006
2006-11-21,0.008804449754519645,STMDX,real estate,2006
2006-11-22,-0.0008155993438717318,STMDX,real estate,2006
2006-11-24,0.009121370966902253,STMDX,real estate,2006
2006-11-27,-0.010795295387495293,STMDX,real estate,2006
2006-11-28,-0.0004522406346875274,STMDX,real estate,2006
2006-11-29,0.0047568135874436444,STMDX,real estate,2006
2006-11-30,0.0048793002038775325,STMDX,real estate,2006
2006-12-01,-0.002558578155989432,STMDX,real estate,2006
2006-12-04,0.0020450522674485775,STMDX,real estate,2006
2006-12-05,-0.010498247644759408,STMDX,real estate,2006
2006-12-06,-0.004255331992496031,STMDX,real estate,2006
2006-12-07,-0.0020834812165075327,STMDX,real estate,2006
2006-12-08,-0.0011238259336832231,STMDX,real estate,2006
2006-12-11,0.00025440136184899653,STMDX,real estate,2006
2006-12-12,-0.0030909779009585556,STMDX,real estate,2006
2006-12-13,-0.006528798220650494,STMDX,real estate,2006
2006-12-14,-0.0093716279010725,STMDX,real estate,2006
2006-12-15,-0.004668645273020353,STMDX,real estate,2006
2006-12-18,-0.0075731701079725525,STMDX,real estate,2006
2006-12-19,-0.009207423998415313,STMDX,real estate,2006
2006-12-20,0.00842103305446464,STMDX,real estate,2006
2006-12-21,-0.003971472022612655,STMDX,real estate,2006
2006-12-22,-0.0007506891254695476,STMDX,real estate,2006
2006-12-26,0.003478055690164657,STMDX,real estate,2006
2006-12-27,0.003575839528661669,STMDX,real estate,2006
2006-12-28,0.0029557610557159556,STMDX,real estate,2006
2006-12-29,0.00606898398882841,STMDX,real estate,2006
2007-01-04,0.00037758917832892455,STMDX,real estate,2007
2007-01-05,-0.005063403357140917,STMDX,real estate,2007
2007-01-08,-0.00496573591480771,STMDX,real estate,2007
2007-01-09,0.012841780813389351,STMDX,real estate,2007
2007-01-10,0.006057214716780843,STMDX,real estate,2007
2007-01-11,0.005344085774847569,STMDX,real estate,2007
2007-01-12,-0.0031111006792788505,STMDX,real estate,2007
2007-01-16,0.01115803619646827,STMDX,real estate,2007
2007-01-17,0.0006870767587905957,STMDX,real estate,2007
2007-01-18,0.0018129189804954818,STMDX,real estate,2007
2007-01-19,0.008576184876402496,STMDX,real estate,2007
2007-01-22,-0.0029644583218372328,STMDX,real estate,2007
2007-01-23,0.00017396175205855284,STMDX,real estate,2007
2007-01-24,0.0010933748839464068,STMDX,real estate,2007
2007-01-25,0.017758645238765493,STMDX,real estate,2007
2007-01-26,0.006854414461980142,STMDX,real estate,2007
2007-01-29,0.002253571685143491,STMDX,real estate,2007
2007-01-30,0.00010512064660327461,STMDX,real estate,2007
2007-01-31,-0.0028049623813724946,STMDX,real estate,2007
2007-02-01,-0.0022396306044795765,STMDX,real estate,2007
2007-02-02,0.0013315025114098477,STMDX,real estate,2007
2007-02-05,0.0005925852063775479,STMDX,real estate,2007
2007-02-06,0.009610303923077712,STMDX,real estate,2007
2007-02-07,0.009580852809671948,STMDX,real estate,2007
2007-02-08,-0.0010113589963788002,STMDX,real estate,2007
2007-02-09,0.0009215883467829315,STMDX,real estate,2007
2007-02-12,-0.005757160207224305,STMDX,real estate,2007
2007-02-13,0.003115132714180794,STMDX,real estate,2007
2007-02-14,-0.014758228740403521,STMDX,real estate,2007
2007-02-15,0.0050623484480529475,STMDX,real estate,2007
2007-02-16,0.0011811471742248288,STMDX,real estate,2007
2007-02-20,0.005825552702760544,STMDX,real estate,2007
2007-02-21,-0.002257783973582506,STMDX,real estate,2007
2007-02-22,0.0005174262769575548,STMDX,real estate,2007
2007-02-23,-0.006409880957369837,STMDX,real estate,2007
2007-02-26,-0.0020315268910948234,STMDX,real estate,2007
2007-02-27,0.012847216323084568,STMDX,real estate,2007
2007-02-28,-0.00022621231373335694,STMDX,real estate,2007
2007-03-01,-0.004131387143601187,STMDX,real estate,2007
2007-03-02,-0.0001990102310549923,STMDX,real estate,2007
2007-03-05,-0.01904527130660138,STMDX,real estate,2007
2007-03-06,0.008148919412852056,STMDX,real estate,2007
2007-03-07,-0.007582051900037384,STMDX,real estate,2007
2007-03-08,0.0031177251937634046,STMDX,real estate,2007
2007-03-09,0.011696233344045945,STMDX,real estate,2007
2007-03-12,0.0030925785800634755,STMDX,real estate,2007
2007-03-13,0.000329395520501017,STMDX,real estate,2007
2007-03-14,-0.001032454336871982,STMDX,real estate,2007
2007-03-15,0.008193483148546845,STMDX,real estate,2007
2007-03-16,-0.002440590721740462,STMDX,real estate,2007
2007-03-19,-0.0063976363447406604,STMDX,real estate,2007
2007-03-20,0.0007692855978762882,STMDX,real estate,2007
2007-03-21,-0.004667229328513028,STMDX,real estate,2007
2007-03-22,0.0014863767362446293,STMDX,real estate,2007
2007-03-23,-0.0014686355516540443,STMDX,real estate,2007
2007-03-26,-0.009247882816922777,STMDX,real estate,2007
2007-03-27,-0.007212132341674544,STMDX,real estate,2007
2007-03-28,0.004759036947394308,STMDX,real estate,2007
2007-03-29,0.0036209785273903713,STMDX,real estate,2007
2007-03-30,0.008144224016155839,STMDX,real estate,2007
2007-04-02,0.007879473793251804,STMDX,real estate,2007
2007-04-03,-0.0030168061613127985,STMDX,real estate,2007
2007-04-04,-0.00209498282482617,STMDX,real estate,2007
2007-04-05,-5.34700895725047e-05,STMDX,real estate,2007
2007-04-09,-0.0036575932760382415,STMDX,real estate,2007
2007-04-10,0.0026466606619712113,STMDX,real estate,2007
2007-04-11,-0.005239948324833432,STMDX,real estate,2007
2007-04-12,-0.007811842945405226,STMDX,real estate,2007
2007-04-13,0.003325470249402554,STMDX,real estate,2007
2007-04-16,-0.0021442891043184373,STMDX,real estate,2007
2007-04-17,0.006315776089002535,STMDX,real estate,2007
2007-04-18,-0.006458798350021909,STMDX,real estate,2007
2007-04-19,-0.005360277049620145,STMDX,real estate,2007
2007-04-20,-0.002613597807034184,STMDX,real estate,2007
2007-04-23,0.013600202241546329,STMDX,real estate,2007
2007-04-24,-0.004046004601565654,STMDX,real estate,2007
2007-04-25,-0.010434394557172908,STMDX,real estate,2007
2007-04-26,-0.0016088909069414399,STMDX,real estate,2007
2007-04-27,-0.002249625544972279,STMDX,real estate,2007
2007-04-30,-0.003898505712542315,STMDX,real estate,2007
2007-05-01,-0.005001228667217169,STMDX,real estate,2007
2007-05-02,0.0001475426336032164,STMDX,real estate,2007
2007-05-03,-0.0037656627591073433,STMDX,real estate,2007
2007-05-04,-0.006337385238588778,STMDX,real estate,2007
2007-05-07,0.0006790549784184489,STMDX,real estate,2007
2007-05-08,0.0010656622029695706,STMDX,real estate,2007
2007-05-09,0.005627602777172393,STMDX,real estate,2007
2007-05-10,0.0006266998418417973,STMDX,real estate,2007
2007-05-11,0.006484759715023207,STMDX,real estate,2007
2007-05-14,-0.004082355634177551,STMDX,real estate,2007
2007-05-15,-0.010417226373905892,STMDX,real estate,2007
2007-05-16,-0.013091251401817678,STMDX,real estate,2007
2007-05-17,-0.011541862573345264,STMDX,real estate,2007
2007-05-18,-0.016357187925680874,STMDX,real estate,2007
2007-05-21,0.008142820399262257,STMDX,real estate,2007
2007-05-22,0.011831673252052947,STMDX,real estate,2007
2007-05-23,-0.005020171375948242,STMDX,real estate,2007
2007-05-24,-0.0023655998418896495,STMDX,real estate,2007
2007-05-25,0.0027389100390741157,STMDX,real estate,2007
2007-05-29,0.024820597277357144,STMDX,real estate,2007
2007-05-30,0.010313127837413035,STMDX,real estate,2007
2007-05-31,0.0017869987111334565,STMDX,real estate,2007
2007-06-01,-0.004543601216962299,STMDX,real estate,2007
2007-06-04,0.005084742759531764,STMDX,real estate,2007
2007-06-05,-0.008711977894486168,STMDX,real estate,2007
2007-06-06,0.009607980278830926,STMDX,real estate,2007
2007-06-07,-0.004075144289455358,STMDX,real estate,2007
2007-06-08,-0.004649502478708449,STMDX,real estate,2007
2007-06-11,-0.013847087614028288,STMDX,real estate,2007
2007-06-12,-0.0030803528885068824,STMDX,real estate,2007
2007-06-13,0.0014827198700075837,STMDX,real estate,2007
2007-06-14,-0.015404980337491141,STMDX,real estate,2007
2007-06-15,0.005104351916873624,STMDX,real estate,2007
2007-06-18,-0.009749487041646989,STMDX,real estate,2007
2007-06-19,0.001928261092898342,STMDX,real estate,2007
2007-06-20,-0.005783559212378428,STMDX,real estate,2007
2007-06-21,-0.0024687213721279527,STMDX,real estate,2007
2007-06-22,0.007950096688940492,STMDX,real estate,2007
2007-06-25,-0.00507266269834451,STMDX,real estate,2007
2007-06-26,0.009686480667035206,STMDX,real estate,2007
2007-06-27,0.005610640173192434,STMDX,real estate,2007
2007-06-28,-0.0036048851320663326,STMDX,real estate,2007
2007-06-29,-0.005013070204838498,STMDX,real estate,2007
2007-07-02,0.011004487319742979,STMDX,real estate,2007
2007-07-03,-0.004235261144587753,STMDX,real estate,2007
2007-07-05,0.012745622367354999,STMDX,real estate,2007
2007-07-06,-0.003442186485637085,STMDX,real estate,2007
2007-07-09,-0.004534913994100159,STMDX,real estate,2007
2007-07-10,-0.0035630611219703776,STMDX,real estate,2007
2007-07-11,-0.010105084927294238,STMDX,real estate,2007
2007-07-12,-0.003506221890998735,STMDX,real estate,2007
2007-07-13,0.004587034417299376,STMDX,real estate,2007
2007-07-16,-0.005586409555707855,STMDX,real estate,2007
2007-07-17,-0.0031753523167866978,STMDX,real estate,2007
2007-07-18,0.0011340025374498388,STMDX,real estate,2007
2007-07-19,0.0013028837324454098,STMDX,real estate,2007
2007-07-20,-0.006871548385139778,STMDX,real estate,2007
2007-07-23,-0.02022588690244005,STMDX,real estate,2007
2007-07-24,-0.007800085122140185,STMDX,real estate,2007
2007-07-25,-0.005382239619748068,STMDX,real estate,2007
2007-07-26,0.008830995072821746,STMDX,real estate,2007
2007-07-27,-0.007638843242753959,STMDX,real estate,2007
2007-07-30,-0.011042569525251003,STMDX,real estate,2007
2007-07-31,0.012607453315667492,STMDX,real estate,2007
2007-08-01,0.003716339680664216,STMDX,real estate,2007
2007-08-02,0.0015252199521353527,STMDX,real estate,2007
2007-08-03,-0.0071257656552088725,STMDX,real estate,2007
2007-08-06,0.00448927685627544,STMDX,real estate,2007
2007-08-07,-0.005923075227182341,STMDX,real estate,2007
2007-08-08,0.024196154708467643,STMDX,real estate,2007
2007-08-09,0.02404796903609404,STMDX,real estate,2007
2007-08-10,-0.00752661565498093,STMDX,real estate,2007
2007-08-13,-0.0043256502792570475,STMDX,real estate,2007
2007-08-14,-0.010808114727871944,STMDX,real estate,2007
2007-08-15,0.003827273632073122,STMDX,real estate,2007
2007-08-16,0.03099446071075458,STMDX,real estate,2007
2007-08-17,0.007714345338325809,STMDX,real estate,2007
2007-08-20,0.015811682795865218,STMDX,real estate,2007
2007-08-21,0.006710799093802828,STMDX,real estate,2007
2007-08-22,-0.008458154115121429,STMDX,real estate,2007
2007-08-23,-0.006357844530020321,STMDX,real estate,2007
2007-08-24,-0.012967393761856343,STMDX,real estate,2007
2007-08-27,-0.004259132010036427,STMDX,real estate,2007
2007-08-28,4.973746077219579e-05,STMDX,real estate,2007
2007-08-29,0.008492606374602966,STMDX,real estate,2007
2007-08-30,0.00910441283108987,STMDX,real estate,2007
2007-08-31,0.004316398196898339,STMDX,real estate,2007
2007-09-04,-0.004976070856470419,STMDX,real estate,2007
2007-09-05,-0.006974715769968115,STMDX,real estate,2007
2007-09-06,0.0036429597788269737,STMDX,real estate,2007
2007-09-07,-0.0017319392437997912,STMDX,real estate,2007
2007-09-10,-0.004537031987399047,STMDX,real estate,2007
2007-09-11,0.004871378623006548,STMDX,real estate,2007
2007-09-12,-0.00473270530769777,STMDX,real estate,2007
2007-09-13,0.0075349621170101525,STMDX,real estate,2007
2007-09-14,0.008354878974494787,STMDX,real estate,2007
2007-09-17,0.002822349210777517,STMDX,real estate,2007
2007-09-18,-0.0022798373845882257,STMDX,real estate,2007
2007-09-19,0.011104452837144249,STMDX,real estate,2007
2007-09-20,-0.004856636076787251,STMDX,real estate,2007
2007-09-21,-0.0005798903376504098,STMDX,real estate,2007
2007-09-24,0.013004521985708829,STMDX,real estate,2007
2007-09-25,-0.008974659701600602,STMDX,real estate,2007
2007-09-26,-0.0019294411039809832,STMDX,real estate,2007
2007-09-27,-0.0005550357014086653,STMDX,real estate,2007
2007-09-28,-0.004295004685381881,STMDX,real estate,2007
2007-10-01,0.007342458889903345,STMDX,real estate,2007
2007-10-02,0.016462045548173366,STMDX,real estate,2007
2007-10-03,-0.0015210956127680911,STMDX,real estate,2007
2007-10-04,0.007316415330827724,STMDX,real estate,2007
2007-10-05,0.011480956672438725,STMDX,real estate,2007
2007-10-08,-0.003672325130649522,STMDX,real estate,2007
2007-10-09,-0.0057422229294009025,STMDX,real estate,2007
2007-10-10,0.0024363635633614274,STMDX,real estate,2007
2007-10-11,0.0013464443385847093,STMDX,real estate,2007
2007-10-12,-0.011154314427217578,STMDX,real estate,2007
2007-10-15,-0.008462069590489011,STMDX,real estate,2007
2007-10-16,-0.0026587051765867772,STMDX,real estate,2007
2007-10-17,-0.006299118238665771,STMDX,real estate,2007
2007-10-18,0.006956635200965045,STMDX,real estate,2007
2007-10-19,-0.004451813054523392,STMDX,real estate,2007
2007-10-22,0.007393042994344913,STMDX,real estate,2007
2007-10-23,-0.0016414291614717039,STMDX,real estate,2007
2007-10-24,-0.003695243092139987,STMDX,real estate,2007
2007-10-25,0.0013155898722040813,STMDX,real estate,2007
2007-10-26,-0.004423156033392236,STMDX,real estate,2007
2007-10-29,-0.01413041954280653,STMDX,real estate,2007
2007-10-30,0.015181636273282294,STMDX,real estate,2007
2007-10-31,0.0039452509367563695,STMDX,real estate,2007
2007-11-01,-0.011246327093512913,STMDX,real estate,2007
2007-11-02,-0.017986199281399693,STMDX,real estate,2007
2007-11-05,-0.004623367883585005,STMDX,real estate,2007
2007-11-06,-0.0020525874203040882,STMDX,real estate,2007
2007-11-07,0.0040706500650129415,STMDX,real estate,2007
2007-11-08,0.014250424328550285,STMDX,real estate,2007
2007-11-09,0.019503440890358586,STMDX,real estate,2007
2007-11-12,0.015635718988460542,STMDX,real estate,2007
2007-11-13,0.00037449665514185243,STMDX,real estate,2007
2007-11-14,-0.009374057813328408,STMDX,real estate,2007
2007-11-15,0.01358948931989676,STMDX,real estate,2007
2007-11-16,-0.01420390155165909,STMDX,real estate,2007
2007-11-19,-0.0029556226725677495,STMDX,real estate,2007
2007-11-20,-0.017524811160582708,STMDX,real estate,2007
2007-11-21,0.02631554138029269,STMDX,real estate,2007
2007-11-23,-0.0029939768404280507,STMDX,real estate,2007
2007-11-26,-0.01721626660236894,STMDX,real estate,2007
2007-11-27,0.006501386548766025,STMDX,real estate,2007
2007-11-28,-0.0004071916407324752,STMDX,real estate,2007
2007-11-29,-0.004604532644329258,STMDX,real estate,2007
2007-11-30,-0.0030515506605575107,STMDX,real estate,2007
2007-12-03,-0.0018277231504315594,STMDX,real estate,2007
2007-12-04,-0.011682065364054743,STMDX,real estate,2007
2007-12-05,0.004430874531676593,STMDX,real estate,2007
2007-12-06,0.015717703681367195,STMDX,real estate,2007
2007-12-07,0.00013718788967285577,STMDX,real estate,2007
2007-12-10,0.003792846332490365,STMDX,real estate,2007
2007-12-11,-0.010248779741429834,STMDX,real estate,2007
2007-12-12,-0.015312606759365268,STMDX,real estate,2007
2007-12-13,-0.005271866157278669,STMDX,real estate,2007
2007-12-14,-0.01210552086231329,STMDX,real estate,2007
2007-12-17,-0.008653454837878854,STMDX,real estate,2007
2007-12-18,0.0019519119721795042,STMDX,real estate,2007
2007-12-19,0.010168758793347783,STMDX,real estate,2007
2007-12-20,-0.0017835435310091952,STMDX,real estate,2007
2007-12-21,-0.0004976668405450007,STMDX,real estate,2007
2007-12-24,0.024658635771088365,STMDX,real estate,2007
2007-12-26,-0.011204342786507358,STMDX,real estate,2007
2007-12-27,-0.010087528104655965,STMDX,real estate,2007
2007-12-28,-0.007491694254410397,STMDX,real estate,2007
2007-12-29,0.000896451489246383,STMDX,real estate,2007
2008-01-04,0.0011776368419775703,STMDX,real estate,2008
2008-01-07,0.0128705993453285,STMDX,real estate,2008
2008-01-08,-0.013919826296725297,STMDX,real estate,2008
2008-01-09,0.006829986226668725,STMDX,real estate,2008
2008-01-10,0.006768831754742079,STMDX,real estate,2008
2008-01-11,0.005700615742572926,STMDX,real estate,2008
2008-01-14,-0.011144785738481797,STMDX,real estate,2008
2008-01-15,0.009520980731373446,STMDX,real estate,2008
2008-01-16,0.026924949174207992,STMDX,real estate,2008
2008-01-17,0.01616938779164872,STMDX,real estate,2008
2008-01-18,-0.003982639138208932,STMDX,real estate,2008
2008-01-22,0.039653644093727104,STMDX,real estate,2008
2008-01-23,0.05083198624158225,STMDX,real estate,2008
2008-01-24,-0.033786428933756586,STMDX,real estate,2008
2008-01-25,0.005996600349645321,STMDX,real estate,2008
2008-01-28,0.010902000374447659,STMDX,real estate,2008
2008-01-29,-0.013479600139532805,STMDX,real estate,2008
2008-01-30,-0.011474065638794297,STMDX,real estate,2008
2008-01-31,-0.00434885614767332,STMDX,real estate,2008
2008-02-01,0.007671906087807236,STMDX,real estate,2008
2008-02-04,0.006826220260575206,STMDX,real estate,2008
2008-02-05,-0.0005421630609054734,STMDX,real estate,2008
2008-02-06,-0.0078004752063014805,STMDX,real estate,2008
2008-02-07,0.016919748465963863,STMDX,real estate,2008
2008-02-08,-0.0210698577623764,STMDX,real estate,2008
2008-02-11,-0.026034657875203704,STMDX,real estate,2008
2008-02-12,0.00986142432826693,STMDX,real estate,2008
2008-02-13,-0.004925303038738166,STMDX,real estate,2008
2008-02-14,-0.011557948743856463,STMDX,real estate,2008
2008-02-15,0.00835567507865881,STMDX,real estate,2008
2008-02-19,-0.014312662038956363,STMDX,real estate,2008
2008-02-20,0.011654021922961662,STMDX,real estate,2008
2008-02-21,-0.012620361018507664,STMDX,real estate,2008
2008-02-22,0.009617116625214823,STMDX,real estate,2008
2008-02-25,0.007046976080461641,STMDX,real estate,2008
2008-02-26,-0.010454758811491173,STMDX,real estate,2008
2008-02-27,-0.005211022184438287,STMDX,real estate,2008
2008-02-28,-0.005993757280347194,STMDX,real estate,2008
2008-02-29,0.012263371349683553,STMDX,real estate,2008
2008-03-03,0.011420922861125428,STMDX,real estate,2008
2008-03-04,-0.003002356618522482,STMDX,real estate,2008
2008-03-05,-0.009721927322210697,STMDX,real estate,2008
2008-03-06,-0.014383998613617579,STMDX,real estate,2008
2008-03-07,0.028227090280736864,STMDX,real estate,2008
2008-03-10,0.00423774008143993,STMDX,real estate,2008
2008-03-11,0.010117494699349444,STMDX,real estate,2008
2008-03-12,-0.0031843954734156847,STMDX,real estate,2008
2008-03-13,0.00961890038767375,STMDX,real estate,2008
2008-03-14,0.007172755660952334,STMDX,real estate,2008
2008-03-17,0.015775787186579012,STMDX,real estate,2008
2008-03-18,-0.02666992179002676,STMDX,real estate,2008
2008-03-19,0.020133341324794368,STMDX,real estate,2008
2008-03-20,0.003599975698063484,STMDX,real estate,2008
2008-03-24,-0.013203165682731038,STMDX,real estate,2008
2008-03-25,0.0005799337403568964,STMDX,real estate,2008
2008-03-26,0.0003760127477688939,STMDX,real estate,2008
2008-03-27,-0.009252541254467755,STMDX,real estate,2008
2008-03-28,-0.004617817073838343,STMDX,real estate,2008
2008-03-31,-0.00240992395776828,STMDX,real estate,2008
2008-04-01,0.0023577868348481842,STMDX,real estate,2008
2008-04-02,0.000602414038289169,STMDX,real estate,2008
2008-04-03,0.013973627675342548,STMDX,real estate,2008
2008-04-04,-0.013294144240627963,STMDX,real estate,2008
2008-04-07,-0.0008891607612394987,STMDX,real estate,2008
2008-04-08,-0.010576599649884557,STMDX,real estate,2008
2008-04-09,-0.014757561651231307,STMDX,real estate,2008
2008-04-10,0.00727875346921816,STMDX,real estate,2008
2008-04-11,0.006656680795077391,STMDX,real estate,2008
2008-04-14,0.0015093430684858997,STMDX,real estate,2008
2008-04-15,0.007927995759046621,STMDX,real estate,2008
2008-04-16,-0.003205331453792072,STMDX,real estate,2008
2008-04-17,0.00024980926049569634,STMDX,real estate,2008
2008-04-18,-0.018654581838517748,STMDX,real estate,2008
2008-04-21,-0.013759625932742384,STMDX,real estate,2008
2008-04-22,-0.0008661935009390701,STMDX,real estate,2008
2008-04-23,0.01346142776294381,STMDX,real estate,2008
2008-04-24,0.013295091640443405,STMDX,real estate,2008
2008-04-25,-0.009679880074419141,STMDX,real estate,2008
2008-04-28,-0.0008706015870693634,STMDX,real estate,2008
2008-04-29,-0.00840824895538058,STMDX,real estate,2008
2008-04-30,-0.006810173923790155,STMDX,real estate,2008
2008-05-01,-0.005279963415890498,STMDX,real estate,2008
2008-05-02,-0.010850010810053243,STMDX,real estate,2008
2008-05-05,0.002010546579105724,STMDX,real estate,2008
2008-05-06,-0.0069382946084278205,STMDX,real estate,2008
2008-05-07,-0.006622685389881141,STMDX,real estate,2008
2008-05-08,0.003932712988360134,STMDX,real estate,2008
2008-05-09,2.7654700043534212e-05,STMDX,real estate,2008
2008-05-12,0.009884808240193556,STMDX,real estate,2008
2008-05-13,0.0008705930438452137,STMDX,real estate,2008
2008-05-14,-0.0005095466909726645,STMDX,real estate,2008
2008-05-15,-0.005809879612984509,STMDX,real estate,2008
2008-05-16,-0.01239313856745488,STMDX,real estate,2008
2008-05-19,-0.004607769143964341,STMDX,real estate,2008
2008-05-20,-0.0024087370429834547,STMDX,real estate,2008
2008-05-21,-0.0013074030422672994,STMDX,real estate,2008
2008-05-22,-0.0017676647559233196,STMDX,real estate,2008
2008-05-23,0.012825054495323306,STMDX,real estate,2008
2008-05-27,0.007234263994351545,STMDX,real estate,2008
2008-05-28,-0.007247656980250316,STMDX,real estate,2008
2008-05-29,0.0018867328062589063,STMDX,real estate,2008
2008-05-30,-0.007943737334152908,STMDX,real estate,2008
2008-06-02,0.0007965921854487315,STMDX,real estate,2008
2008-06-03,0.012942010052264724,STMDX,real estate,2008
2008-06-04,0.007361710947375073,STMDX,real estate,2008
2008-06-05,-0.003311275614506847,STMDX,real estate,2008
2008-06-06,0.0006970570089197894,STMDX,real estate,2008
2008-06-09,-0.031414918668523466,STMDX,real estate,2008
2008-06-10,0.005540249464167188,STMDX,real estate,2008
2008-06-11,-0.0011408794893055102,STMDX,real estate,2008
2008-06-12,0.001799396949503317,STMDX,real estate,2008
2008-06-13,-0.0003870464916651446,STMDX,real estate,2008
2008-06-16,0.010708073168881673,STMDX,real estate,2008
2008-06-17,-0.021378706405281278,STMDX,real estate,2008
2008-06-18,-0.002520789250695224,STMDX,real estate,2008
2008-06-19,0.019735841926414484,STMDX,real estate,2008
2008-06-20,-0.0020144050542657416,STMDX,real estate,2008
2008-06-23,-0.020443959944423957,STMDX,real estate,2008
2008-06-24,0.004043584896813984,STMDX,real estate,2008
2008-06-25,0.0006879436658324177,STMDX,real estate,2008
2008-06-26,0.001183478105431516,STMDX,real estate,2008
2008-06-27,-0.002922415265388236,STMDX,real estate,2008
2008-06-30,-0.008795607950122675,STMDX,real estate,2008
2008-07-01,0.001391689396096794,STMDX,real estate,2008
2008-07-02,0.0024601663898000115,STMDX,real estate,2008
2008-07-03,-0.008661020935419709,STMDX,real estate,2008
2008-07-07,-0.00603275228850903,STMDX,real estate,2008
2008-07-08,0.04572735480483387,STMDX,real estate,2008
2008-07-09,-0.043938387825438546,STMDX,real estate,2008
2008-07-10,0.01852274096834355,STMDX,real estate,2008
2008-07-11,0.018776992829101738,STMDX,real estate,2008
2008-07-14,-0.025629209993824627,STMDX,real estate,2008
2008-07-15,0.009274388621986703,STMDX,real estate,2008
2008-07-16,0.027358606149552163,STMDX,real estate,2008
2008-07-17,0.0005440615577558122,STMDX,real estate,2008
2008-07-18,-0.011671149579941994,STMDX,real estate,2008
2008-07-21,0.009192100558044692,STMDX,real estate,2008
2008-07-22,0.02335153977502267,STMDX,real estate,2008
2008-07-23,0.009517441188053127,STMDX,real estate,2008
2008-07-24,-0.032347230552570154,STMDX,real estate,2008
2008-07-25,0.02072622407429631,STMDX,real estate,2008
2008-07-28,-0.006811903953659947,STMDX,real estate,2008
2008-07-29,0.019590824418640167,STMDX,real estate,2008
2008-07-30,-0.027639781087603694,STMDX,real estate,2008
2008-07-31,0.007383763550778912,STMDX,real estate,2008
2008-08-01,0.008297828095946494,STMDX,real estate,2008
2008-08-04,-0.0028973272133292205,STMDX,real estate,2008
2008-08-05,0.006791046771824322,STMDX,real estate,2008
2008-08-06,-0.017879195235473613,STMDX,real estate,2008
2008-08-07,-0.006349862084076754,STMDX,real estate,2008
2008-08-08,0.00836155348631189,STMDX,real estate,2008
2008-08-11,0.004351187362187432,STMDX,real estate,2008
2008-08-12,-0.00904335635140631,STMDX,real estate,2008
2008-08-13,0.0031438190096046326,STMDX,real estate,2008
2008-08-14,0.0030207419898195843,STMDX,real estate,2008
2008-08-15,-0.015006783851004355,STMDX,real estate,2008
2008-08-18,0.0009436076386942528,STMDX,real estate,2008
2008-08-19,-0.006841091971480076,STMDX,real estate,2008
2008-08-20,-0.008886519835400992,STMDX,real estate,2008
2008-08-21,-0.01537644872028908,STMDX,real estate,2008
2008-08-22,0.008821970338997301,STMDX,real estate,2008
2008-08-25,-0.003070959678255082,STMDX,real estate,2008
2008-08-26,0.004576620142694776,STMDX,real estate,2008
2008-08-27,-0.006594707835863277,STMDX,real estate,2008
2008-08-28,0.013178832664314664,STMDX,real estate,2008
2008-08-29,-5.4453312434364284e-05,STMDX,real estate,2008
2008-09-02,0.01093760862236709,STMDX,real estate,2008
2008-09-03,0.015732402677020238,STMDX,real estate,2008
2008-09-04,0.007293376560421266,STMDX,real estate,2008
2008-09-05,-0.003574506837690359,STMDX,real estate,2008
2008-09-08,0.009095898393380774,STMDX,real estate,2008
2008-09-09,0.002183786227395977,STMDX,real estate,2008
2008-09-10,0.0025804550304501716,STMDX,real estate,2008
2008-09-11,-0.016723146962959585,STMDX,real estate,2008
2008-09-12,0.003308092638507636,STMDX,real estate,2008
2008-09-15,-0.006278449778831685,STMDX,real estate,2008
2008-09-16,0.02426972335030595,STMDX,real estate,2008
2008-09-17,0.007188316149178413,STMDX,real estate,2008
2008-09-18,0.04468047206798858,STMDX,real estate,2008
2008-09-19,-0.015459246674033145,STMDX,real estate,2008
2008-09-22,-0.053112122472036546,STMDX,real estate,2008
2008-09-23,0.03444550819547814,STMDX,real estate,2008
2008-09-24,-0.012534142915889931,STMDX,real estate,2008
2008-09-25,0.0002089745894815441,STMDX,real estate,2008
2008-09-26,0.027142843707142393,STMDX,real estate,2008
2008-09-29,0.028466996326409144,STMDX,real estate,2008
2008-09-30,0.009558207021083134,STMDX,real estate,2008
2008-10-01,-0.02606372248140816,STMDX,real estate,2008
2008-10-02,-0.0033904574885118208,STMDX,real estate,2008
2008-10-03,-0.03198697310990692,STMDX,real estate,2008
2008-10-06,0.024730870441061363,STMDX,real estate,2008
2008-10-07,-0.01193107884913601,STMDX,real estate,2008
2008-10-08,0.01032388211071034,STMDX,real estate,2008
2008-10-09,-0.013621858819913832,STMDX,real estate,2008
2008-10-10,0.1371800769972089,STMDX,real estate,2008
2008-10-13,-0.14619307429691228,STMDX,real estate,2008
2008-10-14,-0.03286893763813708,STMDX,real estate,2008
2008-10-15,0.016708244698033156,STMDX,real estate,2008
2008-10-16,-0.00816049360296734,STMDX,real estate,2008
2008-10-17,-0.001244690204796831,STMDX,real estate,2008
2008-10-20,-0.0654726711256277,STMDX,real estate,2008
2008-10-21,0.009817841127148553,STMDX,real estate,2008
2008-10-22,0.0029354837525596006,STMDX,real estate,2008
2008-10-23,-0.03429908094611367,STMDX,real estate,2008
2008-10-24,0.0068492623299405975,STMDX,real estate,2008
2008-10-27,-0.016135751919288926,STMDX,real estate,2008
2008-10-28,-0.019831969459018772,STMDX,real estate,2008
2008-10-29,-0.010361198710450117,STMDX,real estate,2008
2008-10-30,0.008352830371873385,STMDX,real estate,2008
2008-10-31,0.0493299258730299,STMDX,real estate,2008
2008-11-03,-0.02889113795420767,STMDX,real estate,2008
2008-11-04,-0.007281082262938138,STMDX,real estate,2008
2008-11-05,-0.04133622858165933,STMDX,real estate,2008
2008-11-06,0.03230882107023055,STMDX,real estate,2008
2008-11-07,0.014405916175876617,STMDX,real estate,2008
2008-11-10,-0.06294028757856356,STMDX,real estate,2008
2008-11-11,0.020496715332245813,STMDX,real estate,2008
2008-11-12,0.004196657013020667,STMDX,real estate,2008
2008-11-13,0.01632021576329208,STMDX,real estate,2008
2008-11-14,-0.04778829501242631,STMDX,real estate,2008
2008-11-17,-0.015499554482081467,STMDX,real estate,2008
2008-11-18,-0.02995855866933859,STMDX,real estate,2008
2008-11-19,-0.042995878193729006,STMDX,real estate,2008
2008-11-20,0.01219830365330564,STMDX,real estate,2008
2008-11-21,-0.009311218929481661,STMDX,real estate,2008
2008-11-24,0.06539460007798627,STMDX,real estate,2008
2008-11-25,0.00816282979496032,STMDX,real estate,2008
2008-11-26,0.005156569189568652,STMDX,real estate,2008
2008-11-28,-0.018684212521635397,STMDX,real estate,2008
2008-12-01,-0.06821110904325078,STMDX,real estate,2008
2008-12-02,0.06454812539617291,STMDX,real estate,2008
2008-12-03,0.011624196747156233,STMDX,real estate,2008
2008-12-04,-0.002313407509857649,STMDX,real estate,2008
2008-12-05,0.06128818598721026,STMDX,real estate,2008
2008-12-08,0.03794181630873482,STMDX,real estate,2008
2008-12-09,-0.05259534592000777,STMDX,real estate,2008
2008-12-10,0.06092713014689851,STMDX,real estate,2008
2008-12-11,-0.11021594601333345,STMDX,real estate,2008
2008-12-12,0.08324993631534842,STMDX,real estate,2008
2008-12-15,-0.021535173068258348,STMDX,real estate,2008
2008-12-16,0.07220749796056586,STMDX,real estate,2008
2008-12-17,0.02482789657628235,STMDX,real estate,2008
2008-12-18,-0.04659970731245851,STMDX,real estate,2008
2008-12-19,0.0672646523283017,STMDX,real estate,2008
2008-12-22,-0.01262928765335836,STMDX,real estate,2008
2008-12-23,0.0053712680018119345,STMDX,real estate,2008
2008-12-24,-0.0010641402477820378,STMDX,real estate,2008
2008-12-26,0.004968705338266245,STMDX,real estate,2008
2008-12-29,-0.04546943551772144,STMDX,real estate,2008
2008-12-30,0.010398445734416888,STMDX,real estate,2008
2009-01-05,-0.022197424073804834,STMDX,real estate,2009
2009-01-06,0.02776577049496262,STMDX,real estate,2009
2009-01-07,0.027609403017134816,STMDX,real estate,2009
2009-01-08,-0.01575181721325896,STMDX,real estate,2009
2009-01-09,0.001987898029112832,STMDX,real estate,2009
2009-01-12,-0.00043884210872186663,STMDX,real estate,2009
2009-01-13,0.024710684405736684,STMDX,real estate,2009
2009-01-14,0.01783154984480642,STMDX,real estate,2009
2009-01-15,0.033330201935386244,STMDX,real estate,2009
2009-01-16,0.020270140857658006,STMDX,real estate,2009
2009-01-20,-0.0019725225336554436,STMDX,real estate,2009
2009-01-21,0.00799176487507744,STMDX,real estate,2009
2009-01-22,-0.012376992445871912,STMDX,real estate,2009
2009-01-23,0.014828457040632594,STMDX,real estate,2009
2009-01-26,-0.01692653445361382,STMDX,real estate,2009
2009-01-27,-0.005760520866698177,STMDX,real estate,2009
2009-01-28,0.009150061678831922,STMDX,real estate,2009
2009-01-29,-0.01321279547954974,STMDX,real estate,2009
2009-01-30,0.00861197992462939,STMDX,real estate,2009
2009-02-02,0.03018961383935742,STMDX,real estate,2009
2009-02-03,-0.035054270832709566,STMDX,real estate,2009
2009-02-04,-0.007263705656334338,STMDX,real estate,2009
2009-02-05,-0.04713894758171111,STMDX,real estate,2009
2009-02-06,0.006293059608957263,STMDX,real estate,2009
2009-02-09,0.0018975890570087812,STMDX,real estate,2009
2009-02-10,0.012140974095359247,STMDX,real estate,2009
2009-02-11,0.0051859870470687235,STMDX,real estate,2009
2009-02-12,-0.011982722574502024,STMDX,real estate,2009
2009-02-13,-0.02460204264647023,STMDX,real estate,2009
2009-02-17,0.02190944533246031,STMDX,real estate,2009
2009-02-18,0.016856570108108527,STMDX,real estate,2009
2009-02-19,-0.018072244602976777,STMDX,real estate,2009
2009-02-20,0.07109775493061438,STMDX,real estate,2009
2009-02-23,0.0061225354046566954,STMDX,real estate,2009
2009-02-24,0.009738106029453422,STMDX,real estate,2009
2009-02-25,-0.0035611723544826633,STMDX,real estate,2009
2009-02-26,-0.013566041503336707,STMDX,real estate,2009
2009-02-27,0.022244977106534086,STMDX,real estate,2009
2009-03-02,0.02277938138307005,STMDX,real estate,2009
2009-03-03,0.013830253092631358,STMDX,real estate,2009
2009-03-04,-0.018854108990752124,STMDX,real estate,2009
2009-03-05,0.01175591881242885,STMDX,real estate,2009
2009-03-06,-0.01530563672980079,STMDX,real estate,2009
2009-03-09,0.03192730292863752,STMDX,real estate,2009
2009-03-10,0.0033165742367008283,STMDX,real estate,2009
2009-03-11,-0.024633370958390056,STMDX,real estate,2009
2009-03-12,0.002229391439480352,STMDX,real estate,2009
2009-03-13,-0.030978856916097607,STMDX,real estate,2009
2009-03-16,-0.06376504173525487,STMDX,real estate,2009
2009-03-17,0.01976333710165415,STMDX,real estate,2009
2009-03-18,0.0005081519563792936,STMDX,real estate,2009
2009-03-19,-0.03054212638662811,STMDX,real estate,2009
2009-03-20,-0.03127877201034358,STMDX,real estate,2009
2009-03-23,0.017510610080413186,STMDX,real estate,2009
2009-03-24,-0.03927599223380439,STMDX,real estate,2009
2009-03-25,-0.0021166048482095974,STMDX,real estate,2009
2009-03-26,-0.010477229509942426,STMDX,real estate,2009
2009-03-27,-0.011139656343595032,STMDX,real estate,2009
2009-03-30,0.021564626489704683,STMDX,real estate,2009
2009-03-31,0.05490218611772231,STMDX,real estate,2009
2009-04-01,-0.04020704504991354,STMDX,real estate,2009
2009-04-02,0.004077921537659873,STMDX,real estate,2009
2009-04-03,0.05101200974887611,STMDX,real estate,2009
2009-04-06,0.006028063352324383,STMDX,real estate,2009
2009-04-07,-0.030187811995720328,STMDX,real estate,2009
2009-04-08,0.00034783925054121187,STMDX,real estate,2009
2009-04-09,0.028906547408977745,STMDX,real estate,2009
2009-04-13,0.006856426115384434,STMDX,real estate,2009
2009-04-14,-0.042670909069652756,STMDX,real estate,2009
2009-04-15,0.0562618856928503,STMDX,real estate,2009
2009-04-16,0.010324174464329285,STMDX,real estate,2009
2009-04-17,-0.010056427104170724,STMDX,real estate,2009
2009-04-20,-0.02132821499966414,STMDX,real estate,2009
2009-04-21,0.05060246784945844,STMDX,real estate,2009
2009-04-22,-0.013288832757723933,STMDX,real estate,2009
2009-04-23,0.007356924115426721,STMDX,real estate,2009
2009-04-24,0.022007968441827046,STMDX,real estate,2009
2009-04-27,-0.041794314907494454,STMDX,real estate,2009
2009-04-28,0.018435171757100625,STMDX,real estate,2009
2009-04-29,0.0032161113859198107,STMDX,real estate,2009
2009-04-30,-0.014125489495180362,STMDX,real estate,2009
2009-05-01,-0.04124850861558268,STMDX,real estate,2009
2009-05-04,0.017263172260001,STMDX,real estate,2009
2009-05-05,-0.03645093759157954,STMDX,real estate,2009
2009-05-06,-0.0021258498007204613,STMDX,real estate,2009
2009-05-07,-0.02627425915346482,STMDX,real estate,2009
2009-05-08,0.031039228129505318,STMDX,real estate,2009
2009-05-11,0.00150554482931025,STMDX,real estate,2009
2009-05-12,-0.0029159276571918743,STMDX,real estate,2009
2009-05-13,-0.014181929300236776,STMDX,real estate,2009
2009-05-14,0.01665246139232893,STMDX,real estate,2009
2009-05-15,-0.024631780476784472,STMDX,real estate,2009
2009-05-18,0.020586819548972235,STMDX,real estate,2009
2009-05-19,-0.017157029811594213,STMDX,real estate,2009
2009-05-20,0.0025047163337399894,STMDX,real estate,2009
2009-05-21,0.026606272455647794,STMDX,real estate,2009
2009-05-22,-0.016666769844377555,STMDX,real estate,2009
2009-05-26,0.010095766761663585,STMDX,real estate,2009
2009-05-27,-0.007039650780193918,STMDX,real estate,2009
2009-05-28,-0.005558537081699073,STMDX,real estate,2009
2009-05-29,-0.009741286229967224,STMDX,real estate,2009
2009-06-01,-0.011370164164267949,STMDX,real estate,2009
2009-06-02,-0.011636006366302035,STMDX,real estate,2009
2009-06-03,0.024043021037233034,STMDX,real estate,2009
2009-06-04,0.014805282255093796,STMDX,real estate,2009
2009-06-05,-0.008419509995737115,STMDX,real estate,2009
2009-06-08,0.0050874196815864775,STMDX,real estate,2009
2009-06-09,-0.016996856385745503,STMDX,real estate,2009
2009-06-10,-0.016987467651713425,STMDX,real estate,2009
2009-06-11,-0.02796249446178878,STMDX,real estate,2009
2009-06-12,0.025536957204501273,STMDX,real estate,2009
2009-06-15,-0.0028844749080184293,STMDX,real estate,2009
2009-06-16,0.01663625195759904,STMDX,real estate,2009
2009-06-17,-0.009514549227067907,STMDX,real estate,2009
2009-06-18,-0.00781202217473962,STMDX,real estate,2009
2009-06-19,0.004873289884464807,STMDX,real estate,2009
2009-06-22,0.011281723325222918,STMDX,real estate,2009
2009-06-23,-0.002991021412356335,STMDX,real estate,2009
2009-06-24,-0.001837866735780267,STMDX,real estate,2009
2009-06-25,-0.02719124468460076,STMDX,real estate,2009
2009-06-26,0.020019894879396774,STMDX,real estate,2009
2009-06-29,-0.018925977126651783,STMDX,real estate,2009
2009-06-30,0.022143124756083765,STMDX,real estate,2009
2009-07-01,0.010462284127166568,STMDX,real estate,2009
2009-07-02,-0.0007075489352477912,STMDX,real estate,2009
2009-07-06,0.03121120641037845,STMDX,real estate,2009
2009-07-07,0.003756855609627789,STMDX,real estate,2009
2009-07-08,-0.005681362582787699,STMDX,real estate,2009
2009-07-09,-0.020849776538733357,STMDX,real estate,2009
2009-07-10,0.006364687895122199,STMDX,real estate,2009
2009-07-13,-0.0024783783302509757,STMDX,real estate,2009
2009-07-14,-0.005387974006342305,STMDX,real estate,2009
2009-07-15,-0.01959223120906424,STMDX,real estate,2009
2009-07-16,0.011788115578327815,STMDX,real estate,2009
2009-07-17,-0.042125262660017024,STMDX,real estate,2009
2009-07-20,0.012422478766951874,STMDX,real estate,2009
2009-07-21,-0.015682109492374138,STMDX,real estate,2009
2009-07-22,0.004019394462359244,STMDX,real estate,2009
2009-07-23,-0.005447322311696819,STMDX,real estate,2009
2009-07-24,-0.0017175539333728878,STMDX,real estate,2009
2009-07-27,0.007007299534682857,STMDX,real estate,2009
2009-07-28,0.0127299481161396,STMDX,real estate,2009
2009-07-29,-0.006281476241561018,STMDX,real estate,2009
2009-07-30,0.012184494558330938,STMDX,real estate,2009
2009-07-31,-0.003968799895801471,STMDX,real estate,2009
2009-08-03,-0.01513442110537366,STMDX,real estate,2009
2009-08-04,0.04389247367181854,STMDX,real estate,2009
2009-08-05,0.04467948914747612,STMDX,real estate,2009
2009-08-06,-3.8022634057579413e-06,STMDX,real estate,2009
2009-08-07,0.022788793544437774,STMDX,real estate,2009
2009-08-10,-0.016121803330340335,STMDX,real estate,2009
2009-08-11,-0.003360261264575729,STMDX,real estate,2009
2009-08-12,-0.006305162950519182,STMDX,real estate,2009
2009-08-13,-0.012821700902533244,STMDX,real estate,2009
2009-08-14,0.00890370103484117,STMDX,real estate,2009
2009-08-17,0.0008670741224097583,STMDX,real estate,2009
2009-08-18,-0.005008734079362483,STMDX,real estate,2009
2009-08-19,-0.023634141068309654,STMDX,real estate,2009
2009-08-20,0.017528802542968427,STMDX,real estate,2009
2009-08-21,-0.011209013930250034,STMDX,real estate,2009
2009-08-24,-0.0046412446523855545,STMDX,real estate,2009
2009-08-25,0.006103203367220497,STMDX,real estate,2009
2009-08-26,0.0032645131934326307,STMDX,real estate,2009
2009-08-27,0.003384632323714696,STMDX,real estate,2009
2009-08-28,0.004784309394508533,STMDX,real estate,2009
2009-08-31,0.0007036642059192015,STMDX,real estate,2009
2009-09-01,-0.008639194232803703,STMDX,real estate,2009
2009-09-02,-0.011027435310603437,STMDX,real estate,2009
2009-09-03,0.002603950689343798,STMDX,real estate,2009
2009-09-04,-0.01811753655243542,STMDX,real estate,2009
2009-09-08,0.0139569930567593,STMDX,real estate,2009
2009-09-09,0.003328218216732178,STMDX,real estate,2009
2009-09-10,-0.006867814440527111,STMDX,real estate,2009
2009-09-11,-0.004375091735970146,STMDX,real estate,2009
2009-09-14,0.019847264509822535,STMDX,real estate,2009
2009-09-15,0.0029560770397410487,STMDX,real estate,2009
2009-09-16,0.005472738422943366,STMDX,real estate,2009
2009-09-17,-0.006870391519003784,STMDX,real estate,2009
2009-09-18,-0.000870240052435954,STMDX,real estate,2009
2009-09-21,-0.009806544219443691,STMDX,real estate,2009
2009-09-22,0.019579638357913653,STMDX,real estate,2009
2009-09-23,-0.02001269938866291,STMDX,real estate,2009
2009-09-24,-0.006493623808887395,STMDX,real estate,2009
2009-09-25,0.011786515196333988,STMDX,real estate,2009
2009-09-28,0.003544931055768044,STMDX,real estate,2009
2009-09-29,-0.010011449605911542,STMDX,real estate,2009
2009-09-30,-0.0022740154760689316,STMDX,real estate,2009
2009-10-01,0.010917424186290499,STMDX,real estate,2009
2009-10-02,0.0008259356549328249,STMDX,real estate,2009
2009-10-05,-0.0021174874575894016,STMDX,real estate,2009
2009-10-06,-0.027865699563744312,STMDX,real estate,2009
2009-10-07,-0.0083127827736105,STMDX,real estate,2009
2009-10-08,0.0017722737594708,STMDX,real estate,2009
2009-10-09,-0.0030539144751892764,STMDX,real estate,2009
2009-10-12,-0.009435269510169774,STMDX,real estate,2009
2009-10-13,-0.009223881932029901,STMDX,real estate,2009
2009-10-14,-0.0026583147108338243,STMDX,real estate,2009
2009-10-15,-0.015262266562893565,STMDX,real estate,2009
2009-10-16,-0.005877028398468721,STMDX,real estate,2009
2009-10-19,0.0024697760850567584,STMDX,real estate,2009
2009-10-20,-0.01098529687243524,STMDX,real estate,2009
2009-10-21,0.004502745259857744,STMDX,real estate,2009
2009-10-22,0.005312640907335447,STMDX,real estate,2009
2009-10-23,0.010223219936728641,STMDX,real estate,2009
2009-10-26,0.017503561906721952,STMDX,real estate,2009
2009-10-27,-0.004201029707444771,STMDX,real estate,2009
2009-10-28,0.0008916843469164645,STMDX,real estate,2009
2009-10-29,-0.00584475975902727,STMDX,real estate,2009
2009-10-30,0.03700042981704858,STMDX,real estate,2009
2009-11-02,-0.011244467995087253,STMDX,real estate,2009
2009-11-03,0.0068833634070045065,STMDX,real estate,2009
2009-11-04,-0.03000765665724453,STMDX,real estate,2009
2009-11-05,-0.011908980933891769,STMDX,real estate,2009
2009-11-06,-0.017345489008281197,STMDX,real estate,2009
2009-11-09,-0.0021329175637174874,STMDX,real estate,2009
2009-11-10,-0.011473624268369353,STMDX,real estate,2009
2009-11-11,0.009476704477612513,STMDX,real estate,2009
2009-11-12,0.0034504532846505193,STMDX,real estate,2009
2009-11-13,0.0028184032720186634,STMDX,real estate,2009
2009-11-16,-0.004374894302557584,STMDX,real estate,2009
2009-11-17,-0.017859938339498355,STMDX,real estate,2009
2009-11-18,0.01776040186842058,STMDX,real estate,2009
2009-11-19,0.002322907351986786,STMDX,real estate,2009
2009-11-20,0.00348503529037618,STMDX,real estate,2009
2009-11-23,-0.014396232369105233,STMDX,real estate,2009
2009-11-24,-0.014338667317087418,STMDX,real estate,2009
2009-11-25,-0.004719469480701773,STMDX,real estate,2009
2009-11-27,0.005286969961221504,STMDX,real estate,2009
2009-11-30,0.028695679528604565,STMDX,real estate,2009
2009-12-01,-0.012882022980933487,STMDX,real estate,2009
2009-12-02,0.014802658100062864,STMDX,real estate,2009
2009-12-03,0.007688114889755698,STMDX,real estate,2009
2009-12-04,0.016764984668426075,STMDX,real estate,2009
2009-12-07,-0.012365897927183709,STMDX,real estate,2009
2009-12-08,0.01669747436240938,STMDX,real estate,2009
2009-12-09,-0.010009982796033615,STMDX,real estate,2009
2009-12-10,-0.015473833120632987,STMDX,real estate,2009
2009-12-11,0.004488399178946747,STMDX,real estate,2009
2009-12-14,0.006183195759841095,STMDX,real estate,2009
2009-12-15,-0.0013340758318292987,STMDX,real estate,2009
2009-12-16,0.003142730792232034,STMDX,real estate,2009
2009-12-17,0.016591075676340862,STMDX,real estate,2009
2009-12-18,-0.003612828934500603,STMDX,real estate,2009
2009-12-21,-0.007834502256686634,STMDX,real estate,2009
2009-12-22,0.0010347278803152183,STMDX,real estate,2009
2009-12-23,0.007224181142474344,STMDX,real estate,2009
2009-12-24,0.002405086383092928,STMDX,real estate,2009
2009-12-28,0.0030688615371732486,STMDX,real estate,2009
2009-12-29,-0.00914334464375539,STMDX,real estate,2009
2009-12-30,0.003668272143876832,STMDX,real estate,2009
2010-01-05,-0.0031381360906724788,STMDX,real estate,2010
2010-01-06,-0.0057867009487483105,STMDX,real estate,2010
2010-01-07,0.0050876703362479295,STMDX,real estate,2010
2010-01-08,-0.010860838565541875,STMDX,real estate,2010
2010-01-11,0.003951918514193537,STMDX,real estate,2010
2010-01-12,-0.003803373170467297,STMDX,real estate,2010
2010-01-13,0.007322055999581958,STMDX,real estate,2010
2010-01-14,-0.0054992964937708045,STMDX,real estate,2010
2010-01-15,0.00864841858204448,STMDX,real estate,2010
2010-01-19,0.006218447035874212,STMDX,real estate,2010
2010-01-20,-0.00023675632757154744,STMDX,real estate,2010
2010-01-21,-5.296721197666984e-05,STMDX,real estate,2010
2010-01-22,0.007858819033720453,STMDX,real estate,2010
2010-01-25,-0.0009736542846170478,STMDX,real estate,2010
2010-01-26,-0.0021853409737525586,STMDX,real estate,2010
2010-01-27,0.0009285782674446864,STMDX,real estate,2010
2010-01-28,0.004045874590772203,STMDX,real estate,2010
2010-01-29,0.01228465045615173,STMDX,real estate,2010
2010-02-01,-0.0053099349747506,STMDX,real estate,2010
2010-02-02,-0.004995250400599021,STMDX,real estate,2010
2010-02-03,-0.009979545061767152,STMDX,real estate,2010
2010-02-04,0.00539511558256249,STMDX,real estate,2010
2010-02-05,0.010869056483560676,STMDX,real estate,2010
2010-02-08,-0.013097193200596172,STMDX,real estate,2010
2010-02-09,-0.01842641647909718,STMDX,real estate,2010
2010-02-10,0.003131462448723407,STMDX,real estate,2010
2010-02-11,-0.004418230758319567,STMDX,real estate,2010
2010-02-12,0.012530067398552384,STMDX,real estate,2010
2010-02-16,0.006804135914393876,STMDX,real estate,2010
2010-02-17,0.0032551164899031586,STMDX,real estate,2010
2010-02-18,0.004537954591787664,STMDX,real estate,2010
2010-02-19,-0.00334843068644074,STMDX,real estate,2010
2010-02-22,0.003643460122501653,STMDX,real estate,2010
2010-02-23,0.010219661153827164,STMDX,real estate,2010
2010-02-24,-0.0011041384849916572,STMDX,real estate,2010
2010-02-25,0.0032198762564136663,STMDX,real estate,2010
2010-02-26,-0.0029201726926464068,STMDX,real estate,2010
2010-03-01,-0.0063630206770613346,STMDX,real estate,2010
2010-03-02,-0.0014763068262127095,STMDX,real estate,2010
2010-03-03,-0.0059543275282208374,STMDX,real estate,2010
2010-03-04,-0.0008789234686702352,STMDX,real estate,2010
2010-03-05,0.004637029299572142,STMDX,real estate,2010
2010-03-08,0.009711825100505006,STMDX,real estate,2010
2010-03-09,0.00247068442351132,STMDX,real estate,2010
2010-03-10,-0.0023472458900312084,STMDX,real estate,2010
2010-03-11,0.0010470982353875348,STMDX,real estate,2010
2010-03-12,0.006966124913732632,STMDX,real estate,2010
2010-03-15,-0.002777686430047801,STMDX,real estate,2010
2010-03-16,0.01048934622236036,STMDX,real estate,2010
2010-03-17,0.0016157450694001376,STMDX,real estate,2010
2010-03-18,-0.0034328997138635448,STMDX,real estate,2010
2010-03-19,-0.00198423380693248,STMDX,real estate,2010
2010-03-22,0.00321136889555419,STMDX,real estate,2010
2010-03-23,-0.012841503711615685,STMDX,real estate,2010
2010-03-24,0.008696764590082675,STMDX,real estate,2010
2010-03-25,0.0067655224236403905,STMDX,real estate,2010
2010-03-26,-0.004985650573370761,STMDX,real estate,2010
2010-03-29,-0.006950255095637435,STMDX,real estate,2010
2010-03-30,-0.004087951813270077,STMDX,real estate,2010
2010-03-31,-0.006997870800563205,STMDX,real estate,2010
2010-04-01,-0.005842714732044377,STMDX,real estate,2010
2010-04-05,0.013303637633967002,STMDX,real estate,2010
2010-04-06,0.017896881506177124,STMDX,real estate,2010
2010-04-07,-0.012257778828007835,STMDX,real estate,2010
2010-04-08,-0.0050307524907186995,STMDX,real estate,2010
2010-04-09,0.007243542187944823,STMDX,real estate,2010
2010-04-12,-0.010838799265017447,STMDX,real estate,2010
2010-04-13,0.020135088284294576,STMDX,real estate,2010
2010-04-14,-0.014442217600105193,STMDX,real estate,2010
2010-04-15,-0.027083578981791128,STMDX,real estate,2010
2010-04-16,0.0005260487474453047,STMDX,real estate,2010
2010-04-19,0.0008953803185149977,STMDX,real estate,2010
2010-04-20,0.00322166890276593,STMDX,real estate,2010
2010-04-21,0.01764379126941493,STMDX,real estate,2010
2010-04-22,0.011009611793383655,STMDX,real estate,2010
2010-04-23,0.0031694564590024395,STMDX,real estate,2010
2010-04-26,0.008755291076125606,STMDX,real estate,2010
2010-04-27,0.002387176240228838,STMDX,real estate,2010
2010-04-28,-0.0077429605705847705,STMDX,real estate,2010
2010-04-29,0.022216285035147953,STMDX,real estate,2010
2010-04-30,-0.009516316115178901,STMDX,real estate,2010
2010-05-03,0.016051967117983585,STMDX,real estate,2010
2010-05-04,0.00878978508820575,STMDX,real estate,2010
2010-05-05,0.0071206891249688325,STMDX,real estate,2010
2010-05-06,-0.01087900185302726,STMDX,real estate,2010
2010-05-07,-0.00017588973111969802,STMDX,real estate,2010
2010-05-10,0.010039569242733255,STMDX,real estate,2010
2010-05-11,0.006440052371400397,STMDX,real estate,2010
2010-05-12,0.0010193565555388154,STMDX,real estate,2010
2010-05-13,-0.00047395080024579574,STMDX,real estate,2010
2010-05-14,-0.006380498159989329,STMDX,real estate,2010
2010-05-17,-0.0013668006676349387,STMDX,real estate,2010
2010-05-18,-0.007112498920482463,STMDX,real estate,2010
2010-05-19,-0.002438196160633766,STMDX,real estate,2010
2010-05-20,-0.001959440603193585,STMDX,real estate,2010
2010-05-21,0.013119880105589666,STMDX,real estate,2010
2010-05-24,-0.006324214640392671,STMDX,real estate,2010
2010-05-25,0.008135696274283583,STMDX,real estate,2010
2010-05-26,0.0050252771633124025,STMDX,real estate,2010
2010-05-27,0.009206499301408544,STMDX,real estate,2010
2010-05-28,0.003670298027517482,STMDX,real estate,2010
2010-06-01,-0.0012605139972452217,STMDX,real estate,2010
2010-06-02,-0.014643439217829807,STMDX,real estate,2010
2010-06-03,-0.005863195987687852,STMDX,real estate,2010
2010-06-04,-0.009083178081224386,STMDX,real estate,2010
2010-06-07,0.011633907542445697,STMDX,real estate,2010
2010-06-08,0.0038641051136340497,STMDX,real estate,2010
2010-06-09,0.01297989274673141,STMDX,real estate,2010
2010-06-10,0.002731456019063598,STMDX,real estate,2010
2010-06-11,0.005533019197008057,STMDX,real estate,2010
2010-06-14,0.011278757327540564,STMDX,real estate,2010
2010-06-15,-0.0061983519583982336,STMDX,real estate,2010
2010-06-16,-0.00960918798733336,STMDX,real estate,2010
2010-06-17,-0.00025199134650400563,STMDX,real estate,2010
2010-06-18,-0.006975118804339494,STMDX,real estate,2010
2010-06-21,-0.004555041010648109,STMDX,real estate,2010
2010-06-22,-0.009596787581829497,STMDX,real estate,2010
2010-06-23,0.006130791120131591,STMDX,real estate,2010
2010-06-24,0.0020025297413944453,STMDX,real estate,2010
2010-06-25,0.019251262918930312,STMDX,real estate,2010
2010-06-28,-0.005280223643460242,STMDX,real estate,2010
2010-06-29,0.007362769974167141,STMDX,real estate,2010
2010-06-30,0.004472207938706428,STMDX,real estate,2010
2010-07-01,0.0025846070098774847,STMDX,real estate,2010
2010-07-02,-0.010006504226382294,STMDX,real estate,2010
2010-07-06,-0.031135519745080453,STMDX,real estate,2010
2010-07-07,0.007764255054826488,STMDX,real estate,2010
2010-07-08,-0.002888954136146272,STMDX,real estate,2010
2010-07-09,0.003993450573446473,STMDX,real estate,2010
2010-07-12,-0.0037044722518170116,STMDX,real estate,2010
2010-07-13,0.005192842357553351,STMDX,real estate,2010
2010-07-14,-0.007387969111440019,STMDX,real estate,2010
2010-07-15,-0.0036286485812099525,STMDX,real estate,2010
2010-07-16,0.0023440824089483864,STMDX,real estate,2010
2010-07-19,0.006922056696355612,STMDX,real estate,2010
2010-07-20,0.004606853228782666,STMDX,real estate,2010
2010-07-21,-0.0089025378411383,STMDX,real estate,2010
2010-07-22,0.008711463823959313,STMDX,real estate,2010
2010-07-23,-0.0013904442630041074,STMDX,real estate,2010
2010-07-26,0.011007969845043541,STMDX,real estate,2010
2010-07-27,0.00022018194738632663,STMDX,real estate,2010
2010-07-28,0.006515650958512066,STMDX,real estate,2010
2010-07-29,-0.0011853169715667772,STMDX,real estate,2010
2010-07-30,0.004044009711740617,STMDX,real estate,2010
2010-08-02,-0.00012368712181295982,STMDX,real estate,2010
2010-08-03,-0.0027136733877976263,STMDX,real estate,2010
2010-08-04,-0.0029949119570593383,STMDX,real estate,2010
2010-08-05,-0.01178184329395529,STMDX,real estate,2010
2010-08-06,0.0019406137885227119,STMDX,real estate,2010
2010-08-09,0.005648301097557182,STMDX,real estate,2010
2010-08-10,-0.0052156494501687965,STMDX,real estate,2010
2010-08-11,0.008260209421085164,STMDX,real estate,2010
2010-08-12,-0.0018327709122570096,STMDX,real estate,2010
2010-08-13,0.0004239648105085281,STMDX,real estate,2010
2010-08-16,0.00027404148856052406,STMDX,real estate,2010
2010-08-17,0.004222389302426641,STMDX,real estate,2010
2010-08-18,-9.243560401236885e-05,STMDX,real estate,2010
2010-08-19,-0.002148166571391108,STMDX,real estate,2010
2010-08-20,0.0012050500578384385,STMDX,real estate,2010
2010-08-23,0.0010608553123224555,STMDX,real estate,2010
2010-08-24,0.014367171515874867,STMDX,real estate,2010
2010-08-25,0.012357201366883216,STMDX,real estate,2010
2010-08-26,0.00217749732626122,STMDX,real estate,2010
2010-08-27,-0.0035681650581369205,STMDX,real estate,2010
2010-08-30,0.0090522151118174,STMDX,real estate,2010
2010-08-31,0.009753221305560476,STMDX,real estate,2010
2010-09-01,-0.006879746679414191,STMDX,real estate,2010
2010-09-02,-0.001844301228251806,STMDX,real estate,2010
2010-09-03,-0.0049104343118572796,STMDX,real estate,2010
2010-09-07,-0.0024031133742816128,STMDX,real estate,2010
2010-09-08,-0.008251041814315572,STMDX,real estate,2010
2010-09-09,-0.016056262641430577,STMDX,real estate,2010
2010-09-10,-0.0017431825548247714,STMDX,real estate,2010
2010-09-13,0.0007157217680617157,STMDX,real estate,2010
2010-09-14,-0.00467759396091105,STMDX,real estate,2010
2010-09-15,0.002509238522961677,STMDX,real estate,2010
2010-09-16,-0.005108749535734088,STMDX,real estate,2010
2010-09-17,0.0020149371979067032,STMDX,real estate,2010
2010-09-20,0.004022380618292354,STMDX,real estate,2010
2010-09-21,-0.01327717150235471,STMDX,real estate,2010
2010-09-22,-0.0059760349832150205,STMDX,real estate,2010
2010-09-23,-0.013672464422345551,STMDX,real estate,2010
2010-09-24,0.004972713321675187,STMDX,real estate,2010
2010-09-27,-0.0038184603924828735,STMDX,real estate,2010
2010-09-28,0.0017217471489222504,STMDX,real estate,2010
2010-09-29,-0.004074528749345367,STMDX,real estate,2010
2010-09-30,0.00698945985652114,STMDX,real estate,2010
2010-10-01,-0.000771887429686229,STMDX,real estate,2010
2010-10-04,0.016169371444563364,STMDX,real estate,2010
2010-10-05,-0.00731944338339615,STMDX,real estate,2010
2010-10-06,-0.007137620298754643,STMDX,real estate,2010
2010-10-07,0.0027569036862679615,STMDX,real estate,2010
2010-10-08,-0.004187327666141276,STMDX,real estate,2010
2010-10-11,-0.0026369272128742545,STMDX,real estate,2010
2010-10-12,0.0012738270298270895,STMDX,real estate,2010
2010-10-13,0.00040540406792442807,STMDX,real estate,2010
2010-10-14,0.001891871511526103,STMDX,real estate,2010
2010-10-15,-0.0039936118290388395,STMDX,real estate,2010
2010-10-18,0.008861462962557003,STMDX,real estate,2010
2010-10-19,0.0032164499907795362,STMDX,real estate,2010
2010-10-20,0.009286398964398345,STMDX,real estate,2010
2010-10-21,-0.003797021408888481,STMDX,real estate,2010
2010-10-22,-0.0007526265983100941,STMDX,real estate,2010
2010-10-25,-0.0010003765169590848,STMDX,real estate,2010
2010-10-26,-0.009067774363078034,STMDX,real estate,2010
2010-10-27,-0.004987682805598367,STMDX,real estate,2010
2010-10-28,-0.005808679644567889,STMDX,real estate,2010
2010-10-29,0.0025558622302908245,STMDX,real estate,2010
2010-11-01,0.0030674889563445766,STMDX,real estate,2010
2010-11-02,-0.004142569650940804,STMDX,real estate,2010
2010-11-03,-0.007558291442093041,STMDX,real estate,2010
2010-11-04,-0.0017330766496704356,STMDX,real estate,2010
2010-11-05,0.0031021766844493877,STMDX,real estate,2010
2010-11-08,-0.004168053862050771,STMDX,real estate,2010
2010-11-09,-0.027692216782104137,STMDX,real estate,2010
2010-11-10,0.005344498208230781,STMDX,real estate,2010
2010-11-11,-0.0016375943803408647,STMDX,real estate,2010
2010-11-12,0.0034532694691068663,STMDX,real estate,2010
2010-11-15,-0.006974744603049985,STMDX,real estate,2010
2010-11-16,-0.012210813705748485,STMDX,real estate,2010
2010-11-17,0.0054536051498358445,STMDX,real estate,2010
2010-11-18,-0.013087939209013508,STMDX,real estate,2010
2010-11-19,0.0006114434849166408,STMDX,real estate,2010
2010-11-22,0.0019134764065164413,STMDX,real estate,2010
2010-11-23,0.009499198567250287,STMDX,real estate,2010
2010-11-24,0.0022550326650801963,STMDX,real estate,2010
2010-11-26,0.011886811544744864,STMDX,real estate,2010
2010-11-29,-0.003299819668190445,STMDX,real estate,2010
2010-11-30,-0.0018315914696827107,STMDX,real estate,2010
2010-12-01,-0.018973904549022636,STMDX,real estate,2010
2010-12-02,-0.0022806831823154843,STMDX,real estate,2010
2010-12-03,-0.004039289667883954,STMDX,real estate,2010
2010-12-06,0.000634105151213936,STMDX,real estate,2010
2010-12-07,0.0024377755539273247,STMDX,real estate,2010
2010-12-08,-0.019080032688143452,STMDX,real estate,2010
2010-12-09,-0.015675178574979663,STMDX,real estate,2010
2010-12-10,0.0022970060480854695,STMDX,real estate,2010
2010-12-13,6.783070775921132e-05,STMDX,real estate,2010
2010-12-14,-0.012309429477664707,STMDX,real estate,2010
2010-12-15,-0.003268466311219115,STMDX,real estate,2010
2010-12-16,-0.004749380978251888,STMDX,real estate,2010
2010-12-17,0.005100239227690015,STMDX,real estate,2010
2010-12-20,0.007317211604327135,STMDX,real estate,2010
2010-12-21,0.0015336776764444983,STMDX,real estate,2010
2010-12-22,0.0019941345552309184,STMDX,real estate,2010
2010-12-23,-0.0015843564150680352,STMDX,real estate,2010
2010-12-27,0.010352847377582103,STMDX,real estate,2010
2010-12-28,0.002476657409374608,STMDX,real estate,2010
2010-12-29,0.0014569525205068003,STMDX,real estate,2010
2010-12-30,0.005453239226503731,STMDX,real estate,2010
2011-01-05,-0.0019375097706027895,STMDX,real estate,2011
2011-01-06,-0.006290809261447497,STMDX,real estate,2011
2011-01-07,-0.0002759084976451283,STMDX,real estate,2011
2011-01-10,0.0004450019347023746,STMDX,real estate,2011
2011-01-11,-0.0068956940040076475,STMDX,real estate,2011
2011-01-12,-0.005080066166747236,STMDX,real estate,2011
2011-01-13,0.00277120723457922,STMDX,real estate,2011
2011-01-14,-0.0012019069187937529,STMDX,real estate,2011
2011-01-18,0.006526465483936727,STMDX,real estate,2011
2011-01-19,-0.00033270226686075467,STMDX,real estate,2011
2011-01-20,0.0009040828502880285,STMDX,real estate,2011
2011-01-21,-0.0008887821701219526,STMDX,real estate,2011
2011-01-24,-0.0006148632425289884,STMDX,real estate,2011
2011-01-25,0.011171870075771952,STMDX,real estate,2011
2011-01-26,-0.004226985210634572,STMDX,real estate,2011
2011-01-27,0.00995778145098039,STMDX,real estate,2011
2011-01-28,0.0027177936234105,STMDX,real estate,2011
2011-01-31,0.0039257991055807375,STMDX,real estate,2011
2011-02-01,-0.015393414646495279,STMDX,real estate,2011
2011-02-02,-0.0006179682740176402,STMDX,real estate,2011
2011-02-03,-0.0012630293615559258,STMDX,real estate,2011
2011-02-04,-0.01332021105191244,STMDX,real estate,2011
2011-02-07,0.003448349205482249,STMDX,real estate,2011
2011-02-08,-0.0016978035780661539,STMDX,real estate,2011
2011-02-09,0.0016130224338198247,STMDX,real estate,2011
2011-02-10,0.0026425339388919463,STMDX,real estate,2011
2011-02-11,-5.3867523871036806e-05,STMDX,real estate,2011
2011-02-14,-0.0018532859955349942,STMDX,real estate,2011
2011-02-15,-0.0009908920053755738,STMDX,real estate,2011
2011-02-16,-0.003735288185633376,STMDX,real estate,2011
2011-02-17,-0.0035989796508668816,STMDX,real estate,2011
2011-02-18,0.0010374283719181707,STMDX,real estate,2011
2011-02-22,0.013487339340044192,STMDX,real estate,2011
2011-02-23,-0.0016250509867153972,STMDX,real estate,2011
2011-02-24,-0.0045726717946952345,STMDX,real estate,2011
2011-02-25,0.008685773968116199,STMDX,real estate,2011
2011-02-28,0.01406185013766144,STMDX,real estate,2011
2011-03-01,-0.009265951731216245,STMDX,real estate,2011
2011-03-02,-0.010997776664128558,STMDX,real estate,2011
2011-03-03,-0.0032124607205143187,STMDX,real estate,2011
2011-03-04,-0.0007553964880835824,STMDX,real estate,2011
2011-03-07,0.00029708435058094056,STMDX,real estate,2011
2011-03-08,0.003092415595096553,STMDX,real estate,2011
2011-03-09,0.0006797648022565845,STMDX,real estate,2011
2011-03-10,0.007312631879177637,STMDX,real estate,2011
2011-03-11,0.001128956813429633,STMDX,real estate,2011
2011-03-14,-0.0024859472484509036,STMDX,real estate,2011
2011-03-15,0.005767214442576998,STMDX,real estate,2011
2011-03-16,0.007412280261595069,STMDX,real estate,2011
2011-03-17,-0.006570514362321563,STMDX,real estate,2011
2011-03-18,0.005704334967456267,STMDX,real estate,2011
2011-03-21,-0.006712850710980238,STMDX,real estate,2011
2011-03-22,-0.005393483047173301,STMDX,real estate,2011
2011-03-23,-0.011905122618902662,STMDX,real estate,2011
2011-03-24,-0.005481790485736869,STMDX,real estate,2011
2011-03-25,0.00479927760457575,STMDX,real estate,2011
2011-03-28,-0.0011130201088201809,STMDX,real estate,2011
2011-03-29,-0.0019535438419989006,STMDX,real estate,2011
2011-03-30,0.005827368641798733,STMDX,real estate,2011
2011-03-31,0.00994593941956373,STMDX,real estate,2011
2011-04-01,-0.004283786202500464,STMDX,real estate,2011
2011-04-04,-0.0011522174591607067,STMDX,real estate,2011
2011-04-05,0.0010209513638166523,STMDX,real estate,2011
2011-04-06,-0.002005396175023345,STMDX,real estate,2011
2011-04-07,-0.010482316745003991,STMDX,real estate,2011
2011-04-08,-0.0035128832969931437,STMDX,real estate,2011
2011-04-11,0.004639499945096222,STMDX,real estate,2011
2011-04-12,0.008239977429328341,STMDX,real estate,2011
2011-04-13,-0.002665780997194658,STMDX,real estate,2011
2011-04-14,0.01271492735546793,STMDX,real estate,2011
2011-04-15,0.006753006276003076,STMDX,real estate,2011
2011-04-18,0.0032588639877294597,STMDX,real estate,2011
2011-04-19,0.0029318321131094824,STMDX,real estate,2011
2011-04-20,-0.0032530661347972313,STMDX,real estate,2011
2011-04-21,-5.495996291767554e-05,STMDX,real estate,2011
2011-04-25,0.004095030602861731,STMDX,real estate,2011
2011-04-26,-0.0019854031814122482,STMDX,real estate,2011
2011-04-27,-0.002104642544856817,STMDX,real estate,2011
2011-04-28,0.0073937341239262745,STMDX,real estate,2011
2011-04-29,-0.006934210122827038,STMDX,real estate,2011
2011-05-02,0.0018635301489801255,STMDX,real estate,2011
2011-05-03,-0.0049693720214764436,STMDX,real estate,2011
2011-05-04,0.00146600559193038,STMDX,real estate,2011
2011-05-05,0.008988150998199019,STMDX,real estate,2011
2011-05-06,-0.013831843230618299,STMDX,real estate,2011
2011-05-09,-0.0011248878640285616,STMDX,real estate,2011
2011-05-10,0.006408272735453781,STMDX,real estate,2011
2011-05-11,-0.00024125377099254441,STMDX,real estate,2011
2011-05-12,-0.0028438149653058184,STMDX,real estate,2011
2011-05-13,-0.0018285015613690673,STMDX,real estate,2011
2011-05-16,0.0076535157454373556,STMDX,real estate,2011
2011-05-17,-0.0010904650646193323,STMDX,real estate,2011
2011-05-18,-0.0009376280142654979,STMDX,real estate,2011
2011-05-19,0.0005335675648945482,STMDX,real estate,2011
2011-05-20,-0.0015296625256198144,STMDX,real estate,2011
2011-05-23,0.0035412259888862267,STMDX,real estate,2011
2011-05-24,0.00492819343029266,STMDX,real estate,2011
2011-05-25,0.0005432456356257347,STMDX,real estate,2011
2011-05-26,0.008110545226437112,STMDX,real estate,2011
2011-05-27,0.0009249307294855518,STMDX,real estate,2011
2011-05-31,0.0019704074063558053,STMDX,real estate,2011
2011-06-01,-0.0026912078204083395,STMDX,real estate,2011
2011-06-02,-0.007311815593175846,STMDX,real estate,2011
2011-06-03,0.011732632618502017,STMDX,real estate,2011
2011-06-06,-0.0011314387022235417,STMDX,real estate,2011
2011-06-07,0.009305442895304697,STMDX,real estate,2011
2011-06-08,-0.00037588586524078815,STMDX,real estate,2011
2011-06-09,-0.018694868926453074,STMDX,real estate,2011
2011-06-10,-0.006841000341960829,STMDX,real estate,2011
2011-06-13,0.0010740521972260769,STMDX,real estate,2011
2011-06-14,0.001006860728405834,STMDX,real estate,2011
2011-06-15,0.0045677945082394835,STMDX,real estate,2011
2011-06-16,0.0052591537867647505,STMDX,real estate,2011
2011-06-17,0.0021566485616170343,STMDX,real estate,2011
2011-06-20,0.00685957775339344,STMDX,real estate,2011
2011-06-21,-0.006549981966836484,STMDX,real estate,2011
2011-06-22,0.002754198934676648,STMDX,real estate,2011
2011-06-23,-0.01591743336435657,STMDX,real estate,2011
2011-06-24,0.01149261910111549,STMDX,real estate,2011
2011-06-27,-0.005438002879058949,STMDX,real estate,2011
2011-06-28,-0.005598379572915117,STMDX,real estate,2011
2011-06-29,-0.002752551416918293,STMDX,real estate,2011
2011-06-30,-0.009262000862886975,STMDX,real estate,2011
2011-07-01,0.0022112685733625785,STMDX,real estate,2011
2011-07-05,0.008366551322763907,STMDX,real estate,2011
2011-07-06,0.00637169495736286,STMDX,real estate,2011
2011-07-07,3.218245808363218e-05,STMDX,real estate,2011
2011-07-08,0.005099580426812475,STMDX,real estate,2011
2011-07-11,0.0036091395421086053,STMDX,real estate,2011
2011-07-12,0.009847746544482162,STMDX,real estate,2011
2011-07-13,-0.011561738812206348,STMDX,real estate,2011
2011-07-14,-0.0024413904963584785,STMDX,real estate,2011
2011-07-15,0.0036993580291486356,STMDX,real estate,2011
2011-07-18,0.0014529940549476159,STMDX,real estate,2011
2011-07-19,-0.0022026656596666264,STMDX,real estate,2011
2011-07-20,0.00800903291570887,STMDX,real estate,2011
2011-07-21,-0.008084614008870642,STMDX,real estate,2011
2011-07-22,0.003752656277493516,STMDX,real estate,2011
2011-07-25,-0.002986091484058463,STMDX,real estate,2011
2011-07-26,0.0046877682069037755,STMDX,real estate,2011
2011-07-27,-0.004166518710810082,STMDX,real estate,2011
2011-07-28,0.0034233304845656723,STMDX,real estate,2011
2011-07-29,0.00751581771220561,STMDX,real estate,2011
2011-08-01,-0.009685371130808518,STMDX,real estate,2011
2011-08-02,-0.0009905035364206546,STMDX,real estate,2011
2011-08-03,-0.012904420189573145,STMDX,real estate,2011
2011-08-04,0.004766524446943282,STMDX,real estate,2011
2011-08-05,-0.02470710710168117,STMDX,real estate,2011
2011-08-08,-0.011539482387085145,STMDX,real estate,2011
2011-08-09,0.03748405740214757,STMDX,real estate,2011
2011-08-10,0.023613750614611365,STMDX,real estate,2011
2011-08-11,-0.002574114146288664,STMDX,real estate,2011
2011-08-12,-0.011330050349454251,STMDX,real estate,2011
2011-08-15,0.013619780519261906,STMDX,real estate,2011
2011-08-16,0.004190699271730778,STMDX,real estate,2011
2011-08-17,0.0016667589494318011,STMDX,real estate,2011
2011-08-18,0.0034103952091326106,STMDX,real estate,2011
2011-08-19,-0.001052108801272978,STMDX,real estate,2011
2011-08-22,0.0012897773045962078,STMDX,real estate,2011
2011-08-23,-0.011796830602541938,STMDX,real estate,2011
2011-08-24,-0.0016903618336098249,STMDX,real estate,2011
2011-08-25,-0.004162430718877216,STMDX,real estate,2011
2011-08-26,-0.0013100261013745066,STMDX,real estate,2011
2011-08-29,0.0017751151892610659,STMDX,real estate,2011
2011-08-30,0.0009218733031628392,STMDX,real estate,2011
2011-08-31,0.005585721476056539,STMDX,real estate,2011
2011-09-01,-0.005722625601560831,STMDX,real estate,2011
2011-09-02,0.005394560791700229,STMDX,real estate,2011
2011-09-06,0.0038074678546400993,STMDX,real estate,2011
2011-09-07,0.005730234582499431,STMDX,real estate,2011
2011-09-08,0.0026065523775930938,STMDX,real estate,2011
2011-09-09,0.00013955827935957857,STMDX,real estate,2011
2011-09-12,-0.0048295124982562065,STMDX,real estate,2011
2011-09-13,-0.005964448019259758,STMDX,real estate,2011
2011-09-14,-0.010889155026276767,STMDX,real estate,2011
2011-09-15,-0.004837265369897205,STMDX,real estate,2011
2011-09-16,0.00212535407669229,STMDX,real estate,2011
2011-09-19,-0.010973287734712707,STMDX,real estate,2011
2011-09-20,-0.0038625755352179837,STMDX,real estate,2011
2011-09-21,-0.013296933032392835,STMDX,real estate,2011
2011-09-22,0.009409278431492658,STMDX,real estate,2011
2011-09-23,0.004126321395975082,STMDX,real estate,2011
2011-09-26,-0.01322663655898579,STMDX,real estate,2011
2011-09-27,0.0008364688880342155,STMDX,real estate,2011
2011-09-28,-0.007342580335591341,STMDX,real estate,2011
2011-09-29,0.011347615622850919,STMDX,real estate,2011
2011-09-30,0.0031398439688462357,STMDX,real estate,2011
2011-10-03,-0.015418521886438767,STMDX,real estate,2011
2011-10-04,0.01911210751452154,STMDX,real estate,2011
2011-10-05,-0.03152965384416934,STMDX,real estate,2011
2011-10-06,0.00527450938727363,STMDX,real estate,2011
2011-10-07,-0.024069851110930372,STMDX,real estate,2011
2011-10-10,0.010398269406286409,STMDX,real estate,2011
2011-10-11,-0.01984205245584341,STMDX,real estate,2011
2011-10-12,0.00910283696784314,STMDX,real estate,2011
2011-10-13,-0.005601600119322333,STMDX,real estate,2011
2011-10-14,0.005540220793610613,STMDX,real estate,2011
2011-10-17,-0.005865496773416041,STMDX,real estate,2011
2011-10-18,0.012581349183823417,STMDX,real estate,2011
2011-10-19,0.0013987573780835805,STMDX,real estate,2011
2011-10-20,0.0011831966964716148,STMDX,real estate,2011
2011-10-21,0.007882992850758448,STMDX,real estate,2011
2011-10-24,0.013110960076476512,STMDX,real estate,2011
2011-10-25,0.00201625470543932,STMDX,real estate,2011
2011-10-26,-0.0029609987206001623,STMDX,real estate,2011
2011-10-27,0.006006793354916995,STMDX,real estate,2011
2011-10-28,-0.004282347917845764,STMDX,real estate,2011
2011-10-31,0.016552153729905983,STMDX,real estate,2011
2011-11-01,-0.003811208071390737,STMDX,real estate,2011
2011-11-02,0.007890483052220825,STMDX,real estate,2011
2011-11-03,-0.00790421266822597,STMDX,real estate,2011
2011-11-04,0.0008445094175373105,STMDX,real estate,2011
2011-11-07,-0.007618353499698278,STMDX,real estate,2011
2011-11-08,-0.003352018684270182,STMDX,real estate,2011
2011-11-09,-0.002024458327849081,STMDX,real estate,2011
2011-11-10,-0.01087554504081143,STMDX,real estate,2011
2011-11-11,0.004679099720142535,STMDX,real estate,2011
2011-11-14,-0.01058376745127489,STMDX,real estate,2011
2011-11-15,0.004772128111918995,STMDX,real estate,2011
2011-11-16,0.005765612086238613,STMDX,real estate,2011
2011-11-17,0.0014727600320469,STMDX,real estate,2011
2011-11-18,0.009066805970076315,STMDX,real estate,2011
2011-11-21,-0.006176408252403582,STMDX,real estate,2011
2011-11-22,-0.0020520771719695257,STMDX,real estate,2011
2011-11-23,-0.004078953887524241,STMDX,real estate,2011
2011-11-25,0.0035446135459575086,STMDX,real estate,2011
2011-11-28,-0.00782371537621904,STMDX,real estate,2011
2011-11-29,-0.006995826880737067,STMDX,real estate,2011
2011-11-30,0.00011896839221536143,STMDX,real estate,2011
2011-12-01,-0.011426214226482836,STMDX,real estate,2011
2011-12-02,0.0042349045013026654,STMDX,real estate,2011
2011-12-05,-0.0010614956205847199,STMDX,real estate,2011
2011-12-06,-0.0032246789967760327,STMDX,real estate,2011
2011-12-07,0.005054029520497841,STMDX,real estate,2011
2011-12-08,-0.0005736195895504302,STMDX,real estate,2011
2011-12-09,0.001428559559979961,STMDX,real estate,2011
2011-12-12,-0.0006938809562173527,STMDX,real estate,2011
2011-12-13,0.00036260556685312195,STMDX,real estate,2011
2011-12-14,0.015709347952779555,STMDX,real estate,2011
2011-12-15,0.011541240002703537,STMDX,real estate,2011
2011-12-16,0.009532806421747905,STMDX,real estate,2011
2011-12-19,0.0011197459708827198,STMDX,real estate,2011
2011-12-20,-0.003378717504652143,STMDX,real estate,2011
2011-12-21,-0.0005251870847272099,STMDX,real estate,2011
2011-12-22,0.0014163490692543947,STMDX,real estate,2011
2011-12-23,-0.00661656735266164,STMDX,real estate,2011
2011-12-27,0.004442684078541004,STMDX,real estate,2011
2011-12-28,0.0021094813177039862,STMDX,real estate,2011
2011-12-29,-0.0025859092315507377,STMDX,real estate,2011
2011-12-30,0.0009104610172917353,STMDX,real estate,2011
2012-01-04,-0.014692368996001869,STMDX,real estate,2012
2012-01-05,0.008891364920190286,STMDX,real estate,2012
2012-01-06,-0.0023677789839570912,STMDX,real estate,2012
2012-01-09,-0.005067357535819982,STMDX,real estate,2012
2012-01-10,0.006518934779468228,STMDX,real estate,2012
2012-01-11,0.004447190618588018,STMDX,real estate,2012
2012-01-12,-0.00973634349454323,STMDX,real estate,2012
2012-01-13,0.001816576749334058,STMDX,real estate,2012
2012-01-17,0.004146795682882936,STMDX,real estate,2012
2012-01-18,0.0008456353801976884,STMDX,real estate,2012
2012-01-19,7.246901853301662e-05,STMDX,real estate,2012
2012-01-20,0.005549483301810638,STMDX,real estate,2012
2012-01-23,0.004541187210707584,STMDX,real estate,2012
2012-01-24,0.006647382180656235,STMDX,real estate,2012
2012-01-25,0.005775192465771292,STMDX,real estate,2012
2012-01-26,0.010610305292644819,STMDX,real estate,2012
2012-01-27,0.002159902374171038,STMDX,real estate,2012
2012-01-30,-0.005648257983222561,STMDX,real estate,2012
2012-01-31,0.004210455967719836,STMDX,real estate,2012
2012-02-01,0.0031785762641166936,STMDX,real estate,2012
2012-02-02,-0.0018136772741376452,STMDX,real estate,2012
2012-02-03,0.0018487965678198291,STMDX,real estate,2012
2012-02-06,-0.00078140031526307,STMDX,real estate,2012
2012-02-07,-0.004226677498373503,STMDX,real estate,2012
2012-02-08,-0.0011530238244421725,STMDX,real estate,2012
2012-02-09,-0.008714022296242708,STMDX,real estate,2012
2012-02-10,-0.0032489503653557027,STMDX,real estate,2012
2012-02-13,0.00482194739225784,STMDX,real estate,2012
2012-02-14,-0.01164511236898124,STMDX,real estate,2012
2012-02-15,-0.00228424016524263,STMDX,real estate,2012
2012-02-16,0.0004059331641933575,STMDX,real estate,2012
2012-02-17,-0.002273232527069585,STMDX,real estate,2012
2012-02-21,-0.01684267903544053,STMDX,real estate,2012
2012-02-22,-0.005551693329645073,STMDX,real estate,2012
2012-02-23,0.011256456243638404,STMDX,real estate,2012
2012-02-24,-0.0008860866210943521,STMDX,real estate,2012
2012-02-27,-0.0008441440721525597,STMDX,real estate,2012
2012-02-28,-0.008745301943403496,STMDX,real estate,2012
2012-02-29,0.0006045754234968955,STMDX,real estate,2012
2012-03-01,0.0021246413550411484,STMDX,real estate,2012
2012-03-02,-0.0021435597224991124,STMDX,real estate,2012
2012-03-05,0.014035023266717322,STMDX,real estate,2012
2012-03-06,-0.0023509999413351933,STMDX,real estate,2012
2012-03-07,-0.00028816290316669053,STMDX,real estate,2012
2012-03-08,-0.009903986905328375,STMDX,real estate,2012
2012-03-09,0.004151107596239332,STMDX,real estate,2012
2012-03-12,0.0024562644794497396,STMDX,real estate,2012
2012-03-13,0.007554268280120185,STMDX,real estate,2012
2012-03-14,-0.00488403919939348,STMDX,real estate,2012
2012-03-15,-0.0043148427474924405,STMDX,real estate,2012
2012-03-16,0.00038735443639303924,STMDX,real estate,2012
2012-03-19,0.005270275284605989,STMDX,real estate,2012
2012-03-20,-8.724646272613478e-05,STMDX,real estate,2012
2012-03-21,-0.0010556424507814832,STMDX,real estate,2012
2012-03-22,-0.007346817144729364,STMDX,real estate,2012
2012-03-23,0.001743147815465094,STMDX,real estate,2012
2012-03-26,0.0010529008547207636,STMDX,real estate,2012
2012-03-27,0.003099169562142493,STMDX,real estate,2012
2012-03-28,0.0024783984550503977,STMDX,real estate,2012
2012-03-29,0.0006888087312642188,STMDX,real estate,2012
2012-03-30,0.005040047560487209,STMDX,real estate,2012
2012-04-02,0.00021698369496862217,STMDX,real estate,2012
2012-04-03,0.000833004974611216,STMDX,real estate,2012
2012-04-04,-0.002429353846669041,STMDX,real estate,2012
2012-04-05,-0.003257000940532319,STMDX,real estate,2012
2012-04-09,-0.0025707060854614945,STMDX,real estate,2012
2012-04-10,-0.010096427983400845,STMDX,real estate,2012
2012-04-11,0.006530036781192983,STMDX,real estate,2012
2012-04-12,0.002597526531405452,STMDX,real estate,2012
2012-04-13,0.003971647654086926,STMDX,real estate,2012
2012-04-16,0.013580674459155397,STMDX,real estate,2012
2012-04-17,-0.002709846963009391,STMDX,real estate,2012
2012-04-18,-0.005074320485896283,STMDX,real estate,2012
2012-04-19,0.006959117168657616,STMDX,real estate,2012
2012-04-20,0.00923742516442868,STMDX,real estate,2012
2012-04-23,-0.006882090051046774,STMDX,real estate,2012
2012-04-24,0.01068349278185029,STMDX,real estate,2012
2012-04-25,-0.000660917330211416,STMDX,real estate,2012
2012-04-26,-0.001595920878839331,STMDX,real estate,2012
2012-04-27,0.00242665274719133,STMDX,real estate,2012
2012-04-30,0.000577250517320646,STMDX,real estate,2012
2012-05-01,0.0048439579558955045,STMDX,real estate,2012
2012-05-02,0.0010209577615016402,STMDX,real estate,2012
2012-05-03,0.00323815288699047,STMDX,real estate,2012
2012-05-04,0.003842457887857734,STMDX,real estate,2012
2012-05-07,0.00475620408646353,STMDX,real estate,2012
2012-05-08,0.0027721949330375426,STMDX,real estate,2012
2012-05-09,0.0016170394885910923,STMDX,real estate,2012
2012-05-10,-0.0008494977424699836,STMDX,real estate,2012
2012-05-11,0.0043038160969023215,STMDX,real estate,2012
2012-05-14,-0.004926928677007995,STMDX,real estate,2012
2012-05-15,0.0007792267589827604,STMDX,real estate,2012
2012-05-16,-0.007975746303881159,STMDX,real estate,2012
2012-05-17,-0.017168836790182808,STMDX,real estate,2012
2012-05-18,-0.006536171497711923,STMDX,real estate,2012
2012-05-21,0.006607905572274817,STMDX,real estate,2012
2012-05-22,-0.00021943996984168036,STMDX,real estate,2012
2012-05-23,0.003432923395709026,STMDX,real estate,2012
2012-05-24,0.0013070615564967395,STMDX,real estate,2012
2012-05-25,-0.0025614597299578948,STMDX,real estate,2012
2012-05-29,0.004195100057611293,STMDX,real estate,2012
2012-05-30,-0.011142068299693164,STMDX,real estate,2012
2012-05-31,0.008623698947127929,STMDX,real estate,2012
2012-06-01,-0.005094721877985708,STMDX,real estate,2012
2012-06-04,-0.005860898976063545,STMDX,real estate,2012
2012-06-05,0.012648650476157854,STMDX,real estate,2012
2012-06-06,0.0034362697125577685,STMDX,real estate,2012
2012-06-07,-0.008852481141744837,STMDX,real estate,2012
2012-06-08,0.006333350582563797,STMDX,real estate,2012
2012-06-11,-0.012215529718453175,STMDX,real estate,2012
2012-06-12,0.0017017226431181934,STMDX,real estate,2012
2012-06-13,-0.0008742947105242734,STMDX,real estate,2012
2012-06-14,0.006777145932270865,STMDX,real estate,2012
2012-06-15,-0.0026176299453758304,STMDX,real estate,2012
2012-06-18,0.005986374791806206,STMDX,real estate,2012
2012-06-19,-0.0032668225137664287,STMDX,real estate,2012
2012-06-20,-3.479379670496695e-05,STMDX,real estate,2012
2012-06-21,0.002124421286912804,STMDX,real estate,2012
2012-06-22,-0.007115827043798495,STMDX,real estate,2012
2012-06-25,0.006485940868401781,STMDX,real estate,2012
2012-06-26,-0.00015115952634099303,STMDX,real estate,2012
2012-06-27,-0.0026418502145890265,STMDX,real estate,2012
2012-06-28,0.013165266640431918,STMDX,real estate,2012
2012-06-29,0.006170354922374974,STMDX,real estate,2012
2012-07-02,0.007330028310530968,STMDX,real estate,2012
2012-07-03,-4.615811096423013e-05,STMDX,real estate,2012
2012-07-05,-0.0013911714378105518,STMDX,real estate,2012
2012-07-06,0.008564459337355985,STMDX,real estate,2012
2012-07-09,0.001333431117346416,STMDX,real estate,2012
2012-07-10,-0.0050414294311859,STMDX,real estate,2012
2012-07-11,0.0002766678233377974,STMDX,real estate,2012
2012-07-12,0.006362771525048514,STMDX,real estate,2012
2012-07-13,-0.0018401942207875166,STMDX,real estate,2012
2012-07-16,0.002815501331017548,STMDX,real estate,2012
2012-07-17,0.003915683067195108,STMDX,real estate,2012
2012-07-18,-0.012296062788339394,STMDX,real estate,2012
2012-07-19,-0.012583539723790012,STMDX,real estate,2012
2012-07-20,0.0014467268258089548,STMDX,real estate,2012
2012-07-23,0.0005107344351342243,STMDX,real estate,2012
2012-07-24,0.0029381470705915802,STMDX,real estate,2012
2012-07-25,0.0005555730432450386,STMDX,real estate,2012
2012-07-26,-0.006153123200900469,STMDX,real estate,2012
2012-07-27,-0.0027315692238325737,STMDX,real estate,2012
2012-07-30,0.0023315253357989005,STMDX,real estate,2012
2012-07-31,0.005357157733905976,STMDX,real estate,2012
2012-08-01,-0.0038201696937544653,STMDX,real estate,2012
2012-08-02,0.00561575217804195,STMDX,real estate,2012
2012-08-03,-0.00619409180846958,STMDX,real estate,2012
2012-08-06,-0.002702683877533517,STMDX,real estate,2012
2012-08-07,-0.014067853054766828,STMDX,real estate,2012
2012-08-08,-0.0070510573175167224,STMDX,real estate,2012
2012-08-09,-0.0018991220558514314,STMDX,real estate,2012
2012-08-10,-0.00019505305153231633,STMDX,real estate,2012
2012-08-13,0.0004359739787139894,STMDX,real estate,2012
2012-08-14,-0.00266893123255586,STMDX,real estate,2012
2012-08-15,0.0034670575182544562,STMDX,real estate,2012
2012-08-16,0.00034902695280914116,STMDX,real estate,2012
2012-08-17,0.000991399772452582,STMDX,real estate,2012
2012-08-20,-0.002913837902844464,STMDX,real estate,2012
2012-08-21,0.003648369982386987,STMDX,real estate,2012
2012-08-22,-0.0009131469660941815,STMDX,real estate,2012
2012-08-23,0.0030105727055637133,STMDX,real estate,2012
2012-08-24,-0.00029171892149171697,STMDX,real estate,2012
2012-08-27,0.0024863586635365887,STMDX,real estate,2012
2012-08-28,0.004357533085321503,STMDX,real estate,2012
2012-08-29,0.0004295415927596175,STMDX,real estate,2012
2012-08-30,0.0032666989639595764,STMDX,real estate,2012
2012-08-31,-0.001950937442487097,STMDX,real estate,2012
2012-09-04,0.009106116127931394,STMDX,real estate,2012
2012-09-05,-0.0018534986584836498,STMDX,real estate,2012
2012-09-06,-0.006710189408978896,STMDX,real estate,2012
2012-09-07,-0.002587124670962185,STMDX,real estate,2012
2012-09-10,-0.003868397912473973,STMDX,real estate,2012
2012-09-11,0.0017634043283009746,STMDX,real estate,2012
2012-09-12,-0.001843901502021848,STMDX,real estate,2012
2012-09-13,-0.0007147786839586667,STMDX,real estate,2012
2012-09-14,0.0032722176337612444,STMDX,real estate,2012
2012-09-17,-0.002367255084380672,STMDX,real estate,2012
2012-09-18,-0.007785761680939451,STMDX,real estate,2012
2012-09-19,-0.005730929968660899,STMDX,real estate,2012
2012-09-20,-0.014274666639615947,STMDX,real estate,2012
2012-09-21,0.0019784793483582142,STMDX,real estate,2012
2012-09-24,-0.001692675032432256,STMDX,real estate,2012
2012-09-25,-0.00732995853606906,STMDX,real estate,2012
2012-09-26,0.0036646965824270817,STMDX,real estate,2012
2012-09-27,-0.0015238248964310579,STMDX,real estate,2012
2012-09-28,0.0019425649374768667,STMDX,real estate,2012
2012-10-01,-0.010403690417170552,STMDX,real estate,2012
2012-10-02,0.0038656063845305963,STMDX,real estate,2012
2012-10-03,0.0018608574062065298,STMDX,real estate,2012
2012-10-04,-0.0063497584872299,STMDX,real estate,2012
2012-10-05,5.098411177932723e-06,STMDX,real estate,2012
2012-10-08,0.0007002710800070786,STMDX,real estate,2012
2012-10-09,0.004622149340756877,STMDX,real estate,2012
2012-10-10,0.007503191315255277,STMDX,real estate,2012
2012-10-11,-0.0003655734534024611,STMDX,real estate,2012
2012-10-12,-0.0016857721492767284,STMDX,real estate,2012
2012-10-15,0.0015817835875941988,STMDX,real estate,2012
2012-10-16,-0.0024425108870227237,STMDX,real estate,2012
2012-10-17,-0.006281435205883761,STMDX,real estate,2012
2012-10-18,0.009451369564214426,STMDX,real estate,2012
2012-10-19,0.0065936792275522755,STMDX,real estate,2012
2012-10-22,-0.004562838023605364,STMDX,real estate,2012
2012-10-23,0.0005396345635369938,STMDX,real estate,2012
2012-10-24,0.0008948732230289109,STMDX,real estate,2012
2012-10-25,-0.008359313240236352,STMDX,real estate,2012
2012-10-26,-0.006749716627220829,STMDX,real estate,2012
2012-10-31,0.0113291061829554,STMDX,real estate,2012
2012-11-01,-0.00591050776486806,STMDX,real estate,2012
2012-11-02,0.011699566531637718,STMDX,real estate,2012
2012-11-05,-0.006372208675527367,STMDX,real estate,2012
2012-11-06,-0.00391243117769827,STMDX,real estate,2012
2012-11-07,0.009087798103226932,STMDX,real estate,2012
2012-11-08,-0.0029779741807101426,STMDX,real estate,2012
2012-11-09,-0.0035854877461357704,STMDX,real estate,2012
2012-11-12,-0.0012046267440791415,STMDX,real estate,2012
2012-11-13,0.0016958833970675685,STMDX,real estate,2012
2012-11-14,-0.010384501918752006,STMDX,real estate,2012
2012-11-15,-0.003752492646115823,STMDX,real estate,2012
2012-11-16,0.004201046476949825,STMDX,real estate,2012
2012-11-19,-0.001016014513610157,STMDX,real estate,2012
2012-11-20,0.006094637322187135,STMDX,real estate,2012
2012-11-21,-0.003012885119086885,STMDX,real estate,2012
2012-11-23,-0.0029425648705887607,STMDX,real estate,2012
2012-11-26,0.002991188546249109,STMDX,real estate,2012
2012-11-27,-0.0013434884373868146,STMDX,real estate,2012
2012-11-28,-0.007364881312337316,STMDX,real estate,2012
2012-11-29,0.0024959179377742656,STMDX,real estate,2012
2012-11-30,0.0025375416727554867,STMDX,real estate,2012
2012-12-03,0.0077342581345413,STMDX,real estate,2012
2012-12-04,0.0021116537207960017,STMDX,real estate,2012
2012-12-05,-0.004875778192749,STMDX,real estate,2012
2012-12-06,0.004043636852615943,STMDX,real estate,2012
2012-12-07,0.0006922206864535948,STMDX,real estate,2012
2012-12-10,6.146181488853552e-05,STMDX,real estate,2012
2012-12-11,-0.002833852965498292,STMDX,real estate,2012
2012-12-12,-0.0035487957678423153,STMDX,real estate,2012
2012-12-13,-0.0030809728732600385,STMDX,real estate,2012
2012-12-14,0.0016546972742691336,STMDX,real estate,2012
2012-12-17,-0.003329142684978465,STMDX,real estate,2012
2012-12-18,-0.0008391831887172331,STMDX,real estate,2012
2012-12-19,0.005023538944268854,STMDX,real estate,2012
2012-12-20,0.007927736515284861,STMDX,real estate,2012
2012-12-21,0.005270500734148362,STMDX,real estate,2012
2012-12-24,0.00408042914623913,STMDX,real estate,2012
2012-12-26,-0.001427049822153584,STMDX,real estate,2012
2012-12-27,0.004784149639015975,STMDX,real estate,2012
2012-12-28,0.001892577605482843,STMDX,real estate,2012
2012-12-29,-0.0002680783318908995,STMDX,real estate,2012
2012-12-30,-0.0002680783318908995,STMDX,real estate,2012
2013-01-03,0.002805685934445327,STMDX,real estate,2013
2013-01-04,0.000527553901278227,STMDX,real estate,2013
2013-01-07,0.004911876916650441,STMDX,real estate,2013
2013-01-08,0.002434721447625591,STMDX,real estate,2013
2013-01-09,0.002006797293003596,STMDX,real estate,2013
2013-01-10,-0.008888531322118268,STMDX,real estate,2013
2013-01-11,-0.00033445967411213943,STMDX,real estate,2013
2013-01-14,0.002888764433391273,STMDX,real estate,2013
2013-01-15,0.005799407057939909,STMDX,real estate,2013
2013-01-16,-0.0009106538038594239,STMDX,real estate,2013
2013-01-17,-0.002526812312524668,STMDX,real estate,2013
2013-01-18,0.0003351191067448645,STMDX,real estate,2013
2013-01-22,0.0027313965337957564,STMDX,real estate,2013
2013-01-23,-0.0013237442727370835,STMDX,real estate,2013
2013-01-24,0.0016108615165928894,STMDX,real estate,2013
2013-01-25,0.0030973555498277844,STMDX,real estate,2013
2013-01-28,0.004646265353550448,STMDX,real estate,2013
2013-01-29,0.0005392401400285221,STMDX,real estate,2013
2013-01-30,-0.0028584790736758308,STMDX,real estate,2013
2013-01-31,-0.000504184201678796,STMDX,real estate,2013
2013-02-01,-0.0011970879780921744,STMDX,real estate,2013
2013-02-04,0.009117801111412258,STMDX,real estate,2013
2013-02-05,-0.010006226342625657,STMDX,real estate,2013
2013-02-06,0.0030701949199203,STMDX,real estate,2013
2013-02-07,0.00029701789947447006,STMDX,real estate,2013
2013-02-08,0.0027771616820089834,STMDX,real estate,2013
2013-02-11,0.00173736844646384,STMDX,real estate,2013
2013-02-12,0.006263687246553103,STMDX,real estate,2013
2013-02-13,-0.0011955518350635391,STMDX,real estate,2013
2013-02-14,-0.005046985499834675,STMDX,real estate,2013
2013-02-15,0.003341585904985467,STMDX,real estate,2013
2013-02-19,-0.00046479718408606353,STMDX,real estate,2013
2013-02-20,0.0072134144199043695,STMDX,real estate,2013
2013-02-21,-0.00386636849554884,STMDX,real estate,2013
2013-02-22,0.0008764070423575264,STMDX,real estate,2013
2013-02-25,0.00349428300089865,STMDX,real estate,2013
2013-02-26,0.0009264172553014264,STMDX,real estate,2013
2013-02-27,-0.0025486273388968927,STMDX,real estate,2013
2013-02-28,0.0028544717989556893,STMDX,real estate,2013
2013-03-01,0.0033677231069090033,STMDX,real estate,2013
2013-03-04,0.00196716559388379,STMDX,real estate,2013
2013-03-05,0.0008529324441300893,STMDX,real estate,2013
2013-03-06,-0.0007448629865299271,STMDX,real estate,2013
2013-03-07,-0.003054650560298594,STMDX,real estate,2013
2013-03-08,-0.0014269930886993993,STMDX,real estate,2013
2013-03-11,-0.0019015790200985292,STMDX,real estate,2013
2013-03-12,-0.0006090795963649216,STMDX,real estate,2013
2013-03-13,0.000761776260870772,STMDX,real estate,2013
2013-03-14,0.00064266822843859,STMDX,real estate,2013
2013-03-15,0.005927011376569519,STMDX,real estate,2013
2013-03-18,0.0007908163909101382,STMDX,real estate,2013
2013-03-19,-0.0017700062370681066,STMDX,real estate,2013
2013-03-20,-0.002234640525270471,STMDX,real estate,2013
2013-03-21,0.006531353415210264,STMDX,real estate,2013
2013-03-22,0.0001579960712276042,STMDX,real estate,2013
2013-03-25,0.0062633306575210195,STMDX,real estate,2013
2013-03-26,0.0026017028299507782,STMDX,real estate,2013
2013-03-27,0.0009075055858231059,STMDX,real estate,2013
2013-03-28,0.0015515088594340895,STMDX,real estate,2013
2013-04-01,0.005724225099459258,STMDX,real estate,2013
2013-04-02,-0.0006038081931560094,STMDX,real estate,2013
2013-04-03,0.006346353533354673,STMDX,real estate,2013
2013-04-04,0.010943450210448003,STMDX,real estate,2013
2013-04-05,0.008344309303584015,STMDX,real estate,2013
2013-04-08,0.005337681253918617,STMDX,real estate,2013
2013-04-09,-0.005467911166222882,STMDX,real estate,2013
2013-04-10,-0.0055117252430615825,STMDX,real estate,2013
2013-04-11,0.0015239212233297186,STMDX,real estate,2013
2013-04-12,0.003027138384427488,STMDX,real estate,2013
2013-04-15,0.0036990701057161395,STMDX,real estate,2013
2013-04-16,0.002003097036298659,STMDX,real estate,2013
2013-04-17,0.0025702988924519877,STMDX,real estate,2013
2013-04-18,0.005271312371488403,STMDX,real estate,2013
2013-04-19,0.007972305885542208,STMDX,real estate,2013
2013-04-22,-0.005242926196026063,STMDX,real estate,2013
2013-04-23,-0.0030275511469246173,STMDX,real estate,2013
2013-04-24,0.001756204072672153,STMDX,real estate,2013
2013-04-25,-0.005148837309342338,STMDX,real estate,2013
2013-04-26,-5.082102101700795e-06,STMDX,real estate,2013
2013-04-29,0.0025826621997190654,STMDX,real estate,2013
2013-04-30,0.010873020744207403,STMDX,real estate,2013
2013-05-01,-0.0014580431004611264,STMDX,real estate,2013
2013-05-02,0.0011259752514650428,STMDX,real estate,2013
2013-05-03,-0.004736681318074175,STMDX,real estate,2013
2013-05-06,0.004470554110266888,STMDX,real estate,2013
2013-05-07,0.0025167719425454047,STMDX,real estate,2013
2013-05-08,-0.001867518718523445,STMDX,real estate,2013
2013-05-09,-0.004006410742647633,STMDX,real estate,2013
2013-05-10,0.0017184494117322576,STMDX,real estate,2013
2013-05-13,0.0049831207199185655,STMDX,real estate,2013
2013-05-14,-0.00472768996330026,STMDX,real estate,2013
2013-05-15,0.001827984410407723,STMDX,real estate,2013
2013-05-16,0.0010331627788137373,STMDX,real estate,2013
2013-05-17,-0.003260048188504533,STMDX,real estate,2013
2013-05-20,0.001247997316333917,STMDX,real estate,2013
2013-05-21,0.004268957364673177,STMDX,real estate,2013
2013-05-22,-0.018081210952509346,STMDX,real estate,2013
2013-05-23,-0.013482449008926192,STMDX,real estate,2013
2013-05-24,-0.002059080892856887,STMDX,real estate,2013
2013-05-28,-0.014095189606010793,STMDX,real estate,2013
2013-05-29,-0.01431354600290849,STMDX,real estate,2013
2013-05-30,-0.01211779945929243,STMDX,real estate,2013
2013-05-31,0.004664356713330646,STMDX,real estate,2013
2013-06-03,-0.00019634557002804788,STMDX,real estate,2013
2013-06-04,-0.008499451246903472,STMDX,real estate,2013
2013-06-05,0.006599660088613461,STMDX,real estate,2013
2013-06-06,0.009907450419461596,STMDX,real estate,2013
2013-06-07,-0.012867620569487826,STMDX,real estate,2013
2013-06-10,-0.0040417617200939945,STMDX,real estate,2013
2013-06-11,-0.003533364185949142,STMDX,real estate,2013
2013-06-12,-0.005127996829382798,STMDX,real estate,2013
2013-06-13,0.008954691717098964,STMDX,real estate,2013
2013-06-14,0.012408468732498752,STMDX,real estate,2013
2013-06-17,-0.0039041224700879108,STMDX,real estate,2013
2013-06-18,0.0005599574546005133,STMDX,real estate,2013
2013-06-19,-0.015961500872603326,STMDX,real estate,2013
2013-06-20,-0.013420946414160972,STMDX,real estate,2013
2013-06-21,0.005674134446192363,STMDX,real estate,2013
2013-06-24,0.006213025068438916,STMDX,real estate,2013
2013-06-25,0.007692864908842618,STMDX,real estate,2013
2013-06-26,0.004210771506606507,STMDX,real estate,2013
2013-06-27,0.017364341643959277,STMDX,real estate,2013
2013-06-28,0.00021685994847873025,STMDX,real estate,2013
2013-07-01,-0.007086467229845763,STMDX,real estate,2013
2013-07-02,0.014843489272301155,STMDX,real estate,2013
2013-07-03,-0.005790143964966759,STMDX,real estate,2013
2013-07-05,-0.01162056838135933,STMDX,real estate,2013
2013-07-08,-0.0028198025424543945,STMDX,real estate,2013
2013-07-09,0.00800807099606971,STMDX,real estate,2013
2013-07-10,0.0008600677926241557,STMDX,real estate,2013
2013-07-11,0.010490132519273429,STMDX,real estate,2013
2013-07-12,-0.004671484727754005,STMDX,real estate,2013
2013-07-15,0.0011129867475070834,STMDX,real estate,2013
2013-07-16,0.0042967997581854446,STMDX,real estate,2013
2013-07-17,0.0017256117459143795,STMDX,real estate,2013
2013-07-18,0.004609325040022423,STMDX,real estate,2013
2013-07-19,-0.002046157288872828,STMDX,real estate,2013
2013-07-22,0.003499289208361918,STMDX,real estate,2013
2013-07-23,0.0030014620004553912,STMDX,real estate,2013
2013-07-24,-0.016455801289516833,STMDX,real estate,2013
2013-07-25,0.0021822454171403767,STMDX,real estate,2013
2013-07-26,0.0007725628665222071,STMDX,real estate,2013
2013-07-29,-0.004288206641722685,STMDX,real estate,2013
2013-07-30,-0.0009355169350491942,STMDX,real estate,2013
2013-07-31,-0.01549143597900361,STMDX,real estate,2013
2013-08-01,-0.013926736183727109,STMDX,real estate,2013
2013-08-02,-0.004532820201731108,STMDX,real estate,2013
2013-08-05,0.0001441344976213163,STMDX,real estate,2013
2013-08-06,0.0033529183074309053,STMDX,real estate,2013
2013-08-07,0.0009352493179311788,STMDX,real estate,2013
2013-08-08,-0.003658088249128757,STMDX,real estate,2013
2013-08-09,0.012973441325374343,STMDX,real estate,2013
2013-08-12,-0.003914265236593585,STMDX,real estate,2013
2013-08-13,-0.015001919945916311,STMDX,real estate,2013
2013-08-14,0.005000253276617681,STMDX,real estate,2013
2013-08-15,-0.005556228183086719,STMDX,real estate,2013
2013-08-16,-0.02076807226156554,STMDX,real estate,2013
2013-08-19,-0.006922842374147919,STMDX,real estate,2013
2013-08-20,0.018587068734641936,STMDX,real estate,2013
2013-08-21,0.003642324440703744,STMDX,real estate,2013
2013-08-22,-0.0027201309000112438,STMDX,real estate,2013
2013-08-23,0.006910555927446669,STMDX,real estate,2013
2013-08-26,0.0009451491282825241,STMDX,real estate,2013
2013-08-27,0.010800981001783151,STMDX,real estate,2013
2013-08-28,-0.009257786299706104,STMDX,real estate,2013
2013-08-29,0.0013565577930972064,STMDX,real estate,2013
2013-08-30,-0.005009140424234601,STMDX,real estate,2013
2013-09-03,-0.011995827537916427,STMDX,real estate,2013
2013-09-04,0.0012695951527856115,STMDX,real estate,2013
2013-09-05,-0.010476359040151604,STMDX,real estate,2013
2013-09-06,0.01613210864559287,STMDX,real estate,2013
2013-09-09,0.009948282782377428,STMDX,real estate,2013
2013-09-10,-0.004404954596260396,STMDX,real estate,2013
2013-09-11,0.0053872170041889735,STMDX,real estate,2013
2013-09-12,-0.0033365881898394286,STMDX,real estate,2013
2013-09-13,0.003626876312115322,STMDX,real estate,2013
2013-09-16,0.004697086567487872,STMDX,real estate,2013
2013-09-17,-0.004464469146705934,STMDX,real estate,2013
2013-09-18,0.01936837287257289,STMDX,real estate,2013
2013-09-19,0.0009829288063437506,STMDX,real estate,2013
2013-09-20,-0.007356932085847292,STMDX,real estate,2013
2013-09-23,0.00033949158721051104,STMDX,real estate,2013
2013-09-24,-0.002250739315799609,STMDX,real estate,2013
2013-09-25,0.004729426487096963,STMDX,real estate,2013
2013-09-26,0.002620003171550885,STMDX,real estate,2013
2013-09-27,0.0012536209025881939,STMDX,real estate,2013
2013-09-30,-0.002892733629719536,STMDX,real estate,2013
2013-10-01,0.009743474308838485,STMDX,real estate,2013
2013-10-02,0.0011966667134483645,STMDX,real estate,2013
2013-10-03,-0.006059572293814023,STMDX,real estate,2013
2013-10-04,-0.0072138681993403585,STMDX,real estate,2013
2013-10-07,0.013348621126900119,STMDX,real estate,2013
2013-10-08,0.0016528597319780038,STMDX,real estate,2013
2013-10-09,0.002494815030300797,STMDX,real estate,2013
2013-10-10,0.0039343889601721055,STMDX,real estate,2013
2013-10-11,0.0048057228936696835,STMDX,real estate,2013
2013-10-14,-0.003980767918245611,STMDX,real estate,2013
2013-10-15,0.005519197831208401,STMDX,real estate,2013
2013-10-16,0.0030487759295561995,STMDX,real estate,2013
2013-10-17,0.01029162630370758,STMDX,real estate,2013
2013-10-18,-0.006366902794345937,STMDX,real estate,2013
2013-10-21,-0.005318173325103261,STMDX,real estate,2013
2013-10-22,0.0032674393403536815,STMDX,real estate,2013
2013-10-23,0.007475743673431053,STMDX,real estate,2013
2013-10-24,-0.0005240185517511424,STMDX,real estate,2013
2013-10-25,0.003153870174665684,STMDX,real estate,2013
2013-10-28,-0.007059979951370475,STMDX,real estate,2013
2013-10-29,-0.010176608932050506,STMDX,real estate,2013
2013-10-30,-5.74740499614812e-05,STMDX,real estate,2013
2013-10-31,-0.0028117623734418688,STMDX,real estate,2013
2013-11-01,0.0016750813148588045,STMDX,real estate,2013
2013-11-04,0.0005523441725439949,STMDX,real estate,2013
2013-11-05,-0.01179971194137177,STMDX,real estate,2013
2013-11-06,-0.005701596878780288,STMDX,real estate,2013
2013-11-07,-0.0005273799226145678,STMDX,real estate,2013
2013-11-08,-0.02392266106072291,STMDX,real estate,2013
2013-11-11,0.0026847904157112565,STMDX,real estate,2013
2013-11-12,-0.002589406626199232,STMDX,real estate,2013
2013-11-13,-0.0004984674451133366,STMDX,real estate,2013
2013-11-14,0.002451418385531711,STMDX,real estate,2013
2013-11-15,0.0011124859852100918,STMDX,real estate,2013
2013-11-18,-0.0017156642916480508,STMDX,real estate,2013
2013-11-19,-0.004666415310921625,STMDX,real estate,2013
2013-11-20,-0.004434424531892813,STMDX,real estate,2013
2013-11-21,0.0021043268718415843,STMDX,real estate,2013
2013-11-22,-0.0075863127303797935,STMDX,real estate,2013
2013-11-25,-0.0026610510803320615,STMDX,real estate,2013
2013-11-26,-0.0023035536280086757,STMDX,real estate,2013
2013-11-27,0.008330054729712872,STMDX,real estate,2013
2013-11-29,-0.006545694783332539,STMDX,real estate,2013
2013-12-02,-0.005359394481801427,STMDX,real estate,2013
2013-12-03,0.0025286785113181657,STMDX,real estate,2013
2013-12-04,0.003992892312280796,STMDX,real estate,2013
2013-12-05,0.010186163960014413,STMDX,real estate,2013
2013-12-06,-0.00256468594412891,STMDX,real estate,2013
2013-12-09,0.0010060701327347689,STMDX,real estate,2013
2013-12-10,0.0011921658863776972,STMDX,real estate,2013
2013-12-11,-0.01278431275379745,STMDX,real estate,2013
2013-12-12,-0.0018524704916052922,STMDX,real estate,2013
2013-12-13,0.005051809273295049,STMDX,real estate,2013
2013-12-16,-0.002892207691157464,STMDX,real estate,2013
2013-12-17,0.009720255180590602,STMDX,real estate,2013
2013-12-18,0.0016798774725554667,STMDX,real estate,2013
2013-12-19,-0.011334342288864499,STMDX,real estate,2013
2013-12-20,0.00393450664987042,STMDX,real estate,2013
2013-12-23,-0.0030172141131263623,STMDX,real estate,2013
2013-12-24,0.0004215993480826657,STMDX,real estate,2013
2013-12-26,-0.0037697409557400354,STMDX,real estate,2013
2013-12-27,0.0009607417448693938,STMDX,real estate,2013
2013-12-30,0.003741891884594589,STMDX,real estate,2013
2014-01-03,0.007317534640002009,STMDX,real estate,2014
2014-01-06,0.0038534281766526273,STMDX,real estate,2014
2014-01-07,-0.0030902836215669985,STMDX,real estate,2014
2014-01-08,-0.0046091142726145335,STMDX,real estate,2014
2014-01-09,-0.002214027048346865,STMDX,real estate,2014
2014-01-10,0.006237398030768202,STMDX,real estate,2014
2014-01-13,0.000984016286314877,STMDX,real estate,2014
2014-01-14,0.0007802381487122482,STMDX,real estate,2014
2014-01-15,0.0019535292272064566,STMDX,real estate,2014
2014-01-16,0.0022174772182333028,STMDX,real estate,2014
2014-01-17,-0.002943716562134287,STMDX,real estate,2014
2014-01-21,0.0046745247238515995,STMDX,real estate,2014
2014-01-22,0.003024114504324176,STMDX,real estate,2014
2014-01-23,-0.0005996671642974436,STMDX,real estate,2014
2014-01-24,-0.0004529545129738303,STMDX,real estate,2014
2014-01-27,-0.006548130305190166,STMDX,real estate,2014
2014-01-28,0.0036832233480479223,STMDX,real estate,2014
2014-01-29,-0.00249827993343722,STMDX,real estate,2014
2014-01-30,0.006957117353396775,STMDX,real estate,2014
2014-01-31,0.008162845125039432,STMDX,real estate,2014
2014-02-03,-0.00597981122604653,STMDX,real estate,2014
2014-02-04,0.00638170440201977,STMDX,real estate,2014
2014-02-05,-0.002732803086522069,STMDX,real estate,2014
2014-02-06,-0.0006183627845908687,STMDX,real estate,2014
2014-02-07,-0.0008731507209996849,STMDX,real estate,2014
2014-02-10,0.00978151849801534,STMDX,real estate,2014
2014-02-11,-0.0014427841881999217,STMDX,real estate,2014
2014-02-12,-0.001761659730020774,STMDX,real estate,2014
2014-02-13,0.0022193838532800726,STMDX,real estate,2014
2014-02-14,7.061354311983792e-05,STMDX,real estate,2014
2014-02-18,0.0025771965322228226,STMDX,real estate,2014
2014-02-19,0.003029096287285261,STMDX,real estate,2014
2014-02-20,-0.005852179791957816,STMDX,real estate,2014
2014-02-21,0.0026686253802761044,STMDX,real estate,2014
2014-02-24,-0.0028138813602725985,STMDX,real estate,2014
2014-02-25,0.003154155543096753,STMDX,real estate,2014
2014-02-26,0.0022617485329015524,STMDX,real estate,2014
2014-02-27,-0.0073263720618778234,STMDX,real estate,2014
2014-02-28,0.004573340867825574,STMDX,real estate,2014
2014-03-03,0.004511297201829469,STMDX,real estate,2014
2014-03-04,0.0067926758581949645,STMDX,real estate,2014
2014-03-05,-0.003501523240238727,STMDX,real estate,2014
2014-03-06,-0.008601415516811445,STMDX,real estate,2014
2014-03-07,-0.01186774975843012,STMDX,real estate,2014
2014-03-10,-0.007378812174692812,STMDX,real estate,2014
2014-03-11,0.007381938820247876,STMDX,real estate,2014
2014-03-12,0.0021297743017737736,STMDX,real estate,2014
2014-03-13,0.0013538411801551015,STMDX,real estate,2014
2014-03-14,0.004240046332765147,STMDX,real estate,2014
2014-03-17,-0.0023752892882031263,STMDX,real estate,2014
2014-03-18,-3.647687691054127e-05,STMDX,real estate,2014
2014-03-19,-0.01716966822127894,STMDX,real estate,2014
2014-03-20,-0.0029830059014842305,STMDX,real estate,2014
2014-03-21,0.009287618532191129,STMDX,real estate,2014
2014-03-24,-0.004348017264891056,STMDX,real estate,2014
2014-03-25,0.005809088032924863,STMDX,real estate,2014
2014-03-26,-0.008449779408750984,STMDX,real estate,2014
2014-03-27,0.005743406661057422,STMDX,real estate,2014
2014-03-28,0.0019204439232282326,STMDX,real estate,2014
2014-03-31,0.0030959710068065825,STMDX,real estate,2014
2014-04-01,0.0005401479793175215,STMDX,real estate,2014
2014-04-02,-0.0021733956112488443,STMDX,real estate,2014
2014-04-03,-0.00374230693879793,STMDX,real estate,2014
2014-04-04,0.00637124754217742,STMDX,real estate,2014
2014-04-07,0.008690934184509983,STMDX,real estate,2014
2014-04-08,0.0019743480077664705,STMDX,real estate,2014
2014-04-09,-0.008328207851705982,STMDX,real estate,2014
2014-04-10,0.0016456291492259623,STMDX,real estate,2014
2014-04-11,-0.0036005855111611767,STMDX,real estate,2014
2014-04-14,0.002344743726752312,STMDX,real estate,2014
2014-04-15,0.00687479127231581,STMDX,real estate,2014
2014-04-16,0.0009830878667521506,STMDX,real estate,2014
2014-04-17,-0.004070788095172629,STMDX,real estate,2014
2014-04-21,0.0010751068154075238,STMDX,real estate,2014
2014-04-22,-0.000162347291541231,STMDX,real estate,2014
2014-04-23,-0.004588260946773183,STMDX,real estate,2014
2014-04-24,0.0025236610217902154,STMDX,real estate,2014
2014-04-25,-0.0011741563446436894,STMDX,real estate,2014
2014-04-28,0.003982148518559575,STMDX,real estate,2014
2014-04-29,-0.004754926398737884,STMDX,real estate,2014
2014-04-30,0.0031497216269046283,STMDX,real estate,2014
2014-05-01,0.0029982747506024175,STMDX,real estate,2014
2014-05-02,0.002985901126019634,STMDX,real estate,2014
2014-05-05,-0.0013562845947175683,STMDX,real estate,2014
2014-05-06,-0.00021648467777209655,STMDX,real estate,2014
2014-05-07,0.007079530421561092,STMDX,real estate,2014
2014-05-08,0.001853898116472108,STMDX,real estate,2014
2014-05-09,0.0009469112153125013,STMDX,real estate,2014
2014-05-12,-0.001224439336635694,STMDX,real estate,2014
2014-05-13,-0.009543953717391558,STMDX,real estate,2014
2014-05-14,0.0007504592849863578,STMDX,real estate,2014
2014-05-15,0.0016320534439241328,STMDX,real estate,2014
2014-05-16,0.006907822014040367,STMDX,real estate,2014
2014-05-19,-0.0047338694058258884,STMDX,real estate,2014
2014-05-20,-0.0012659627032170495,STMDX,real estate,2014
2014-05-21,-0.009582921088474413,STMDX,real estate,2014
2014-05-22,-0.0037329203719380527,STMDX,real estate,2014
2014-05-23,0.006013702417710157,STMDX,real estate,2014
2014-05-27,0.0020399283952150576,STMDX,real estate,2014
2014-05-28,-0.005659921755314526,STMDX,real estate,2014
2014-05-29,-0.0012137601130132849,STMDX,real estate,2014
2014-05-30,0.002613922563733461,STMDX,real estate,2014
2014-06-02,0.00228641384752998,STMDX,real estate,2014
2014-06-03,-0.0005323413144227869,STMDX,real estate,2014
2014-06-04,0.0005968347278363594,STMDX,real estate,2014
2014-06-05,0.01388335005045525,STMDX,real estate,2014
2014-06-06,-0.006182076307198278,STMDX,real estate,2014
2014-06-09,-0.013112963575310638,STMDX,real estate,2014
2014-06-10,-0.008101316185250564,STMDX,real estate,2014
2014-06-11,-0.0014191233743431097,STMDX,real estate,2014
2014-06-12,0.0003853116461764489,STMDX,real estate,2014
2014-06-13,0.0008901578915760794,STMDX,real estate,2014
2014-06-16,-0.005679924547926214,STMDX,real estate,2014
2014-06-17,0.0013430478453763284,STMDX,real estate,2014
2014-06-18,0.0021609931533696563,STMDX,real estate,2014
2014-06-19,0.005736647461297739,STMDX,real estate,2014
2014-06-20,0.00027586511457258853,STMDX,real estate,2014
2014-06-23,-0.00453171511421324,STMDX,real estate,2014
2014-06-24,0.0020954368619527947,STMDX,real estate,2014
2014-06-25,-0.0034717558673666394,STMDX,real estate,2014
2014-06-26,-0.0010029687685463935,STMDX,real estate,2014
2014-06-27,0.00652579598706085,STMDX,real estate,2014
2014-06-30,-0.002860582801939698,STMDX,real estate,2014
2014-07-01,0.00079172693237847,STMDX,real estate,2014
2014-07-02,-0.004032805122179232,STMDX,real estate,2014
2014-07-03,-0.007187552509365091,STMDX,real estate,2014
2014-07-07,0.0023618674106988314,STMDX,real estate,2014
2014-07-08,0.005827094896427918,STMDX,real estate,2014
2014-07-09,-0.0022910824524237754,STMDX,real estate,2014
2014-07-10,0.005531443702350151,STMDX,real estate,2014
2014-07-11,-0.0027912024742092327,STMDX,real estate,2014
2014-07-14,0.0011389277573582825,STMDX,real estate,2014
2014-07-15,0.0014081391058953236,STMDX,real estate,2014
2014-07-16,-0.0006968729087656858,STMDX,real estate,2014
2014-07-17,6.686309053469033e-05,STMDX,real estate,2014
2014-07-18,0.003577244263189762,STMDX,real estate,2014
2014-07-21,-0.00402095978914576,STMDX,real estate,2014
2014-07-22,0.0020654524424103754,STMDX,real estate,2014
2014-07-23,0.00014919065396251955,STMDX,real estate,2014
2014-07-24,-0.0022856600700290907,STMDX,real estate,2014
2014-07-25,-0.006926975678625916,STMDX,real estate,2014
2014-07-28,0.005247810124407687,STMDX,real estate,2014
2014-07-29,-0.0046061512575282845,STMDX,real estate,2014
2014-07-30,-0.0017844324236745961,STMDX,real estate,2014
2014-07-31,-0.0013848477272966203,STMDX,real estate,2014
2014-08-01,-0.0019606816491845704,STMDX,real estate,2014
2014-08-04,0.002830305774170246,STMDX,real estate,2014
2014-08-05,-0.005309863063430183,STMDX,real estate,2014
2014-08-06,-0.0013095257903631187,STMDX,real estate,2014
2014-08-07,0.003787809793017091,STMDX,real estate,2014
2014-08-08,-0.0020341831404084333,STMDX,real estate,2014
2014-08-11,0.0038658132457688567,STMDX,real estate,2014
2014-08-12,-0.0026195312870117473,STMDX,real estate,2014
2014-08-13,0.008819146350562228,STMDX,real estate,2014
2014-08-14,-0.004731698612532657,STMDX,real estate,2014
2014-08-15,-0.0032882332115408437,STMDX,real estate,2014
2014-08-18,0.004880979938779637,STMDX,real estate,2014
2014-08-19,-0.0016111111286342783,STMDX,real estate,2014
2014-08-20,0.0007196606411703304,STMDX,real estate,2014
2014-08-21,-0.0031000102763060256,STMDX,real estate,2014
2014-08-22,-0.007548742825693643,STMDX,real estate,2014
2014-08-25,-0.0060686153422450425,STMDX,real estate,2014
2014-08-26,0.0013513557038957083,STMDX,real estate,2014
2014-08-27,0.0005369211737329149,STMDX,real estate,2014
2014-08-28,-0.00250266131491595,STMDX,real estate,2014
2014-08-29,0.002341563755610639,STMDX,real estate,2014
2014-09-02,0.000588856495753543,STMDX,real estate,2014
2014-09-03,0.0008996743769702189,STMDX,real estate,2014
2014-09-04,-0.003097488925818005,STMDX,real estate,2014
2014-09-05,0.006176298753405224,STMDX,real estate,2014
2014-09-08,-0.0007288189595437583,STMDX,real estate,2014
2014-09-09,-0.002480443346277588,STMDX,real estate,2014
2014-09-10,-0.01602825865565478,STMDX,real estate,2014
2014-09-11,0.0002123954548484937,STMDX,real estate,2014
2014-09-12,-0.027148933509762316,STMDX,real estate,2014
2014-09-15,-0.004813452643911441,STMDX,real estate,2014
2014-09-16,0.010743668661497702,STMDX,real estate,2014
2014-09-17,-0.001038375852568729,STMDX,real estate,2014
2014-09-18,-0.010638538881862274,STMDX,real estate,2014
2014-09-19,-0.00030884403712437916,STMDX,real estate,2014
2014-09-22,-0.003067358466654053,STMDX,real estate,2014
2014-09-23,-0.004574171948737551,STMDX,real estate,2014
2014-09-24,-0.006293281097383376,STMDX,real estate,2014
2014-09-25,0.003822899994262603,STMDX,real estate,2014
2014-09-26,0.007376536414563778,STMDX,real estate,2014
2014-09-29,-0.0012483015621967783,STMDX,real estate,2014
2014-09-30,-0.003729211758323974,STMDX,real estate,2014
2014-10-01,0.006182125662551402,STMDX,real estate,2014
2014-10-02,-0.0024096475567769145,STMDX,real estate,2014
2014-10-03,-0.0013094795004842015,STMDX,real estate,2014
2014-10-06,0.0019178891112609667,STMDX,real estate,2014
2014-10-07,0.0013856976436997185,STMDX,real estate,2014
2014-10-08,0.011242241149097214,STMDX,real estate,2014
2014-10-09,0.008704019516996118,STMDX,real estate,2014
2014-10-10,0.005825607655172996,STMDX,real estate,2014
2014-10-13,0.009623224493762664,STMDX,real estate,2014
2014-10-14,0.014556262746814472,STMDX,real estate,2014
2014-10-15,-0.0014669283237260184,STMDX,real estate,2014
2014-10-16,0.0008167566918487543,STMDX,real estate,2014
2014-10-17,-0.006864595183194041,STMDX,real estate,2014
2014-10-20,0.008138253235353317,STMDX,real estate,2014
2014-10-21,-0.0024932595415857912,STMDX,real estate,2014
2014-10-22,0.0030342669947390566,STMDX,real estate,2014
2014-10-23,0.0013484948014451954,STMDX,real estate,2014
2014-10-24,-0.007267982906160003,STMDX,real estate,2014
2014-10-27,0.006366968592711347,STMDX,real estate,2014
2014-10-28,-0.0019982124236963585,STMDX,real estate,2014
2014-10-29,-0.0035263043656683537,STMDX,real estate,2014
2014-10-30,0.003151107833825593,STMDX,real estate,2014
2014-10-31,0.0031717652543259006,STMDX,real estate,2014
2014-11-03,0.00914235471236133,STMDX,real estate,2014
2014-11-04,0.0025307774370003106,STMDX,real estate,2014
2014-11-05,-0.007733786120009073,STMDX,real estate,2014
2014-11-06,-0.010155921498686809,STMDX,real estate,2014
2014-11-07,-0.003003619520344096,STMDX,real estate,2014
2014-11-10,0.005730069854329761,STMDX,real estate,2014
2014-11-11,-0.005706505213000463,STMDX,real estate,2014
2014-11-12,-0.006683439934698168,STMDX,real estate,2014
2014-11-13,0.0023104065115765347,STMDX,real estate,2014
2014-11-14,-0.008014263389093067,STMDX,real estate,2014
2014-11-17,0.001247228623108792,STMDX,real estate,2014
2014-11-18,-0.0006692180415436384,STMDX,real estate,2014
2014-11-19,-0.0053165233408966825,STMDX,real estate,2014
2014-11-20,0.0008666970257315422,STMDX,real estate,2014
2014-11-21,0.0031063397577116656,STMDX,real estate,2014
2014-11-24,0.0015741857769629116,STMDX,real estate,2014
2014-11-25,0.0011996870558397348,STMDX,real estate,2014
2014-11-26,0.007060550695105763,STMDX,real estate,2014
2014-11-28,0.0025281210861145082,STMDX,real estate,2014
2014-12-01,-0.001287391162574988,STMDX,real estate,2014
2014-12-02,0.0007217330500664731,STMDX,real estate,2014
2014-12-03,-0.004679217361547454,STMDX,real estate,2014
2014-12-04,0.001669238182020292,STMDX,real estate,2014
2014-12-05,-0.0025848392502403937,STMDX,real estate,2014
2014-12-08,0.007571650971244578,STMDX,real estate,2014
2014-12-09,0.004839588427178317,STMDX,real estate,2014
2014-12-10,0.005893652769896984,STMDX,real estate,2014
2014-12-11,-0.002476472245112002,STMDX,real estate,2014
2014-12-12,-0.0006050758089277009,STMDX,real estate,2014
2014-12-15,-0.006908339833966264,STMDX,real estate,2014
2014-12-16,0.002236166109689278,STMDX,real estate,2014
2014-12-17,0.00839730191834653,STMDX,real estate,2014
2014-12-18,-0.0086883187329133,STMDX,real estate,2014
2014-12-19,-0.05191905050077083,STMDX,real estate,2014
2014-12-22,0.06658567753641699,STMDX,real estate,2014
2014-12-23,-0.0037876763337536543,STMDX,real estate,2014
2014-12-24,-0.0033326888858494536,STMDX,real estate,2014
2014-12-26,0.0013633735283411106,STMDX,real estate,2014
2014-12-29,0.002173267040980225,STMDX,real estate,2014
2014-12-30,0.0009476588266101873,STMDX,real estate,2014
2015-01-05,0.016780269179536393,STMDX,real estate,2015
2015-01-06,0.01457142908969437,STMDX,real estate,2015
2015-01-07,0.005127630152828546,STMDX,real estate,2015
2015-01-08,-0.008926447873675053,STMDX,real estate,2015
2015-01-09,0.004937385988799621,STMDX,real estate,2015
2015-01-12,0.01191546559955821,STMDX,real estate,2015
2015-01-13,0.001183109509012667,STMDX,real estate,2015
2015-01-14,0.011368276866807898,STMDX,real estate,2015
2015-01-15,0.006815184837428005,STMDX,real estate,2015
2015-01-16,7.639545648798797e-05,STMDX,real estate,2015
2015-01-20,-0.009072237590442778,STMDX,real estate,2015
2015-01-21,-0.005269726852039045,STMDX,real estate,2015
2015-01-22,0.007894673304222121,STMDX,real estate,2015
2015-01-23,0.0003270408170709593,STMDX,real estate,2015
2015-01-26,0.006945527671142146,STMDX,real estate,2015
2015-01-27,0.007437953926253063,STMDX,real estate,2015
2015-01-28,0.004625503708239984,STMDX,real estate,2015
2015-01-29,-0.0039343755718085505,STMDX,real estate,2015
2015-01-30,-0.01008037304364496,STMDX,real estate,2015
2015-02-02,-0.011870725337150159,STMDX,real estate,2015
2015-02-03,-0.0008798282212008068,STMDX,real estate,2015
2015-02-04,-0.0009241838994311856,STMDX,real estate,2015
2015-02-05,0.003254085958096427,STMDX,real estate,2015
2015-02-06,-0.0244499381962375,STMDX,real estate,2015
2015-02-09,-0.0031441572555808792,STMDX,real estate,2015
2015-02-10,-0.0027330467942421055,STMDX,real estate,2015
2015-02-11,-0.002064713575836746,STMDX,real estate,2015
2015-02-12,0.002748732362337497,STMDX,real estate,2015
2015-02-13,-0.008788298599877595,STMDX,real estate,2015
2015-02-17,-0.0014641097487170403,STMDX,real estate,2015
2015-02-18,0.007752423547649116,STMDX,real estate,2015
2015-02-19,-0.017284379059938945,STMDX,real estate,2015
2015-02-20,0.00489220452322534,STMDX,real estate,2015
2015-02-23,0.007404744935659328,STMDX,real estate,2015
2015-02-24,-0.01987656396364408,STMDX,real estate,2015
2015-02-25,0.0008151560728236406,STMDX,real estate,2015
2015-02-26,-0.008248614529254251,STMDX,real estate,2015
2015-02-27,0.009638988133638553,STMDX,real estate,2015
2015-03-02,0.0022969999477858273,STMDX,real estate,2015
2015-03-03,0.0007857386062049073,STMDX,real estate,2015
2015-03-04,-0.006560070600875398,STMDX,real estate,2015
2015-03-05,0.002087792336528751,STMDX,real estate,2015
2015-03-06,-0.020850541569093814,STMDX,real estate,2015
2015-03-09,0.0071275310131342084,STMDX,real estate,2015
2015-03-10,0.009478258123687983,STMDX,real estate,2015
2015-03-11,0.0035392083759432794,STMDX,real estate,2015
2015-03-12,0.007377987944053945,STMDX,real estate,2015
2015-03-13,0.003830803121331232,STMDX,real estate,2015
2015-03-16,0.0007443117896667843,STMDX,real estate,2015
2015-03-17,0.0004900201601668989,STMDX,real estate,2015
2015-03-18,0.00986431131889874,STMDX,real estate,2015
2015-03-19,0.002449167800736159,STMDX,real estate,2015
2015-03-20,0.01419923943101177,STMDX,real estate,2015
2015-03-23,-0.000960370776081921,STMDX,real estate,2015
2015-03-24,-0.004986052005902304,STMDX,real estate,2015
2015-03-25,-0.007340477883813904,STMDX,real estate,2015
2015-03-26,-0.0036166823965175965,STMDX,real estate,2015
2015-03-27,0.0014608022033517024,STMDX,real estate,2015
2015-03-30,0.0030078733146793515,STMDX,real estate,2015
2015-03-31,-0.0015817423943584649,STMDX,real estate,2015
2015-04-01,-0.0004036634927508014,STMDX,real estate,2015
2015-04-02,0.005517097506915458,STMDX,real estate,2015
2015-04-06,0.0031845253473344014,STMDX,real estate,2015
2015-04-07,-0.013732741792956192,STMDX,real estate,2015
2015-04-08,-0.0009227027885067966,STMDX,real estate,2015
2015-04-09,-0.022750079315227486,STMDX,real estate,2015
2015-04-10,-0.00373975871039889,STMDX,real estate,2015
2015-04-13,0.0002501753552132456,STMDX,real estate,2015
2015-04-14,0.00043837256374374594,STMDX,real estate,2015
2015-04-15,-0.009759203164500102,STMDX,real estate,2015
2015-04-16,0.0020352177669406345,STMDX,real estate,2015
2015-04-17,0.0014971428195218713,STMDX,real estate,2015
2015-04-20,-0.0028607219822746515,STMDX,real estate,2015
2015-04-21,0.0035041855220834268,STMDX,real estate,2015
2015-04-22,0.00016609475826134638,STMDX,real estate,2015
2015-04-23,-0.0010752124103556582,STMDX,real estate,2015
2015-04-24,-0.00012836837036983443,STMDX,real estate,2015
2015-04-27,0.00025523490631917424,STMDX,real estate,2015
2015-04-28,-0.003977044550988007,STMDX,real estate,2015
2015-04-29,-0.012728676044694447,STMDX,real estate,2015
2015-04-30,-0.008983311597850326,STMDX,real estate,2015
2015-05-01,-0.0009393210661392806,STMDX,real estate,2015
2015-05-04,-0.0012928654608341836,STMDX,real estate,2015
2015-05-05,-0.01195493839481428,STMDX,real estate,2015
2015-05-06,0.000937024317953972,STMDX,real estate,2015
2015-05-07,0.011458788004593965,STMDX,real estate,2015
2015-05-08,0.0029523434090414236,STMDX,real estate,2015
2015-05-11,-0.011467061990060146,STMDX,real estate,2015
2015-05-12,0.004330137109348322,STMDX,real estate,2015
2015-05-13,-0.008558727405815937,STMDX,real estate,2015
2015-05-14,0.011782257358990002,STMDX,real estate,2015
2015-05-15,0.007142785755619566,STMDX,real estate,2015
2015-05-18,-0.00422342706258866,STMDX,real estate,2015
2015-05-19,-0.0020181890879251547,STMDX,real estate,2015
2015-05-20,-0.0012034488229232076,STMDX,real estate,2015
2015-05-21,-0.007668076972877642,STMDX,real estate,2015
2015-05-22,0.001385146912512161,STMDX,real estate,2015
2015-05-26,0.0005146249731617517,STMDX,real estate,2015
2015-05-27,0.0019896413995709045,STMDX,real estate,2015
2015-05-28,-0.0014582186425358807,STMDX,real estate,2015
2015-05-29,-0.005535617408356936,STMDX,real estate,2015
2015-06-01,0.009363357504693892,STMDX,real estate,2015
2015-06-02,-0.007365669889051913,STMDX,real estate,2015
2015-06-03,-0.014241934537534293,STMDX,real estate,2015
2015-06-04,0.004910678086442095,STMDX,real estate,2015
2015-06-05,-0.008996183631328947,STMDX,real estate,2015
2015-06-08,0.000955050802984274,STMDX,real estate,2015
2015-06-09,-0.005687962997463318,STMDX,real estate,2015
2015-06-10,-0.0006676952701376859,STMDX,real estate,2015
2015-06-11,0.003891481366008407,STMDX,real estate,2015
2015-06-12,0.004047803371184593,STMDX,real estate,2015
2015-06-15,-0.0015168937682577474,STMDX,real estate,2015
2015-06-16,0.0031362493116027556,STMDX,real estate,2015
2015-06-17,0.005006190860899238,STMDX,real estate,2015
2015-06-18,0.005948668111656863,STMDX,real estate,2015
2015-06-19,-0.004365222783166647,STMDX,real estate,2015
2015-06-22,-0.013938327055651002,STMDX,real estate,2015
2015-06-23,-0.006333440286845233,STMDX,real estate,2015
2015-06-24,-0.0008960668223060532,STMDX,real estate,2015
2015-06-25,-0.006314733247788633,STMDX,real estate,2015
2015-06-26,0.00565478183789619,STMDX,real estate,2015
2015-06-29,0.0001904884584692755,STMDX,real estate,2015
2015-06-30,-0.0009844098185842844,STMDX,real estate,2015
2015-07-01,0.010444087661752748,STMDX,real estate,2015
2015-07-02,0.0038049679493006284,STMDX,real estate,2015
2015-07-06,0.007224687616105721,STMDX,real estate,2015
2015-07-07,0.009271431911909142,STMDX,real estate,2015
2015-07-08,0.006640485883614513,STMDX,real estate,2015
2015-07-09,-0.005100111368559269,STMDX,real estate,2015
2015-07-10,-0.000816427885355386,STMDX,real estate,2015
2015-07-13,-0.006899291837777722,STMDX,real estate,2015
2015-07-14,0.00022231285230150076,STMDX,real estate,2015
2015-07-15,0.001596610937232627,STMDX,real estate,2015
2015-07-16,0.0032167037265928445,STMDX,real estate,2015
2015-07-17,-0.0046141137889079,STMDX,real estate,2015
2015-07-20,0.0015373038377343145,STMDX,real estate,2015
2015-07-21,-0.001717049300515477,STMDX,real estate,2015
2015-07-22,0.004911473900788276,STMDX,real estate,2015
2015-07-23,-0.006712549339473285,STMDX,real estate,2015
2015-07-24,0.009426354668683568,STMDX,real estate,2015
2015-07-27,0.004992837424390189,STMDX,real estate,2015
2015-07-28,-0.009225989285055447,STMDX,real estate,2015
2015-07-29,0.0017882322769284375,STMDX,real estate,2015
2015-07-30,-0.00588399589320448,STMDX,real estate,2015
2015-07-31,0.01040434206241043,STMDX,real estate,2015
2015-08-03,0.007719047883954124,STMDX,real estate,2015
2015-08-04,-0.006488853282589907,STMDX,real estate,2015
2015-08-05,-0.010626728333329085,STMDX,real estate,2015
2015-08-06,0.006136901658060181,STMDX,real estate,2015
2015-08-07,0.005872420684264459,STMDX,real estate,2015
2015-08-10,-0.01200009213421385,STMDX,real estate,2015
2015-08-11,0.012416354877224155,STMDX,real estate,2015
2015-08-12,0.0010448552939456937,STMDX,real estate,2015
2015-08-13,0.001961037323286654,STMDX,real estate,2015
2015-08-14,0.0023665564876461567,STMDX,real estate,2015
2015-08-17,0.004854267715627162,STMDX,real estate,2015
2015-08-18,0.0025830162256430585,STMDX,real estate,2015
2015-08-19,-0.00045108655443032615,STMDX,real estate,2015
2015-08-20,0.008052306045998308,STMDX,real estate,2015
2015-08-21,0.004554498286096886,STMDX,real estate,2015
2015-08-24,-0.0150774998538768,STMDX,real estate,2015
2015-08-25,-0.014015221821968755,STMDX,real estate,2015
2015-08-26,-0.0014709638938890587,STMDX,real estate,2015
2015-08-27,0.0008605726895643852,STMDX,real estate,2015
2015-08-28,-0.0018583310724640618,STMDX,real estate,2015
2015-08-31,-0.015352865758957297,STMDX,real estate,2015
2015-09-01,0.0011212403966818392,STMDX,real estate,2015
2015-09-02,-0.0033772868730258566,STMDX,real estate,2015
2015-09-03,0.0009319040507360257,STMDX,real estate,2015
2015-09-04,-0.008176314559300974,STMDX,real estate,2015
2015-09-08,-0.0031212642040812696,STMDX,real estate,2015
2015-09-09,-0.0022448442442413556,STMDX,real estate,2015
2015-09-10,-0.002153468843107931,STMDX,real estate,2015
2015-09-11,0.014749823640200381,STMDX,real estate,2015
2015-09-14,0.0026167629995277643,STMDX,real estate,2015
2015-09-15,-0.0012638380442876983,STMDX,real estate,2015
2015-09-16,0.005331128770917403,STMDX,real estate,2015
2015-09-17,0.011311646154850759,STMDX,real estate,2015
2015-09-18,0.006184450135676581,STMDX,real estate,2015
2015-09-21,0.005618314087950047,STMDX,real estate,2015
2015-09-22,-0.005262196377531225,STMDX,real estate,2015
2015-09-23,0.009374833185608156,STMDX,real estate,2015
2015-09-24,-0.005667649984313632,STMDX,real estate,2015
2015-09-25,0.004856426261811581,STMDX,real estate,2015
2015-09-28,0.0018767206550082786,STMDX,real estate,2015
2015-09-29,0.008791305627304673,STMDX,real estate,2015
2015-09-30,-0.007024322171841831,STMDX,real estate,2015
2015-10-01,0.0033534726165022127,STMDX,real estate,2015
2015-10-02,-0.0023598101038372673,STMDX,real estate,2015
2015-10-05,0.004511964324410644,STMDX,real estate,2015
2015-10-06,-0.0013020227026668196,STMDX,real estate,2015
2015-10-07,0.008064385470743902,STMDX,real estate,2015
2015-10-08,0.001894100138980677,STMDX,real estate,2015
2015-10-09,-0.0024582076447564115,STMDX,real estate,2015
2015-10-12,0.00487116056285409,STMDX,real estate,2015
2015-10-13,-0.003331501849929349,STMDX,real estate,2015
2015-10-14,-0.005046266328914378,STMDX,real estate,2015
2015-10-15,0.003319693344723188,STMDX,real estate,2015
2015-10-16,0.0025271411599943356,STMDX,real estate,2015
2015-10-19,0.015161464039402378,STMDX,real estate,2015
2015-10-20,0.001955368885717123,STMDX,real estate,2015
2015-10-21,-0.0005080291211342859,STMDX,real estate,2015
2015-10-22,-0.002096722596097016,STMDX,real estate,2015
2015-10-23,-0.01833228376902314,STMDX,real estate,2015
2015-10-26,0.0025365643672148803,STMDX,real estate,2015
2015-10-27,0.0038054893943044853,STMDX,real estate,2015
2015-10-28,-0.0052679764687518366,STMDX,real estate,2015
2015-10-29,7.689598689599039e-05,STMDX,real estate,2015
2015-10-30,-0.006247670942746172,STMDX,real estate,2015
2015-11-02,0.01125865673313384,STMDX,real estate,2015
2015-11-03,-0.01136125718623765,STMDX,real estate,2015
2015-11-04,0.0004878084731353282,STMDX,real estate,2015
2015-11-05,0.005034815041625897,STMDX,real estate,2015
2015-11-06,-0.02747174785026341,STMDX,real estate,2015
2015-11-09,-0.008451562067714084,STMDX,real estate,2015
2015-11-10,0.009079216460720324,STMDX,real estate,2015
2015-11-11,0.005028234644254539,STMDX,real estate,2015
2015-11-12,0.0021607596861320313,STMDX,real estate,2015
2015-11-13,-0.004121999476065053,STMDX,real estate,2015
2015-11-16,-0.0018848596973149653,STMDX,real estate,2015
2015-11-17,0.0007468259631861283,STMDX,real estate,2015
2015-11-18,-0.001880045696472701,STMDX,real estate,2015
2015-11-19,0.0033704000238733746,STMDX,real estate,2015
2015-11-20,0.006552904131600359,STMDX,real estate,2015
2015-11-23,0.003541725571872453,STMDX,real estate,2015
2015-11-24,-0.008234705463263572,STMDX,real estate,2015
2015-11-25,0.005340158873725297,STMDX,real estate,2015
2015-11-27,0.007155496769409734,STMDX,real estate,2015
2015-11-30,-0.00504883945146047,STMDX,real estate,2015
2015-12-01,0.005533636484741634,STMDX,real estate,2015
2015-12-02,-0.013523043937050012,STMDX,real estate,2015
2015-12-03,-0.004783251158016411,STMDX,real estate,2015
2015-12-04,0.0037446945683076455,STMDX,real estate,2015
2015-12-07,0.0018008377285270304,STMDX,real estate,2015
2015-12-08,0.002831677022824974,STMDX,real estate,2015
2015-12-09,-0.000331322180989471,STMDX,real estate,2015
2015-12-10,-0.008135325260744423,STMDX,real estate,2015
2015-12-11,0.011386453529514375,STMDX,real estate,2015
2015-12-14,0.0005528576531545959,STMDX,real estate,2015
2015-12-15,0.003966661164083983,STMDX,real estate,2015
2015-12-16,0.008128870635579452,STMDX,real estate,2015
2015-12-17,0.006273466235350701,STMDX,real estate,2015
2015-12-18,0.014170932845750873,STMDX,real estate,2015
2015-12-21,-0.002626594702438452,STMDX,real estate,2015
2015-12-22,-0.002104713567800884,STMDX,real estate,2015
2015-12-23,0.0013852380957571683,STMDX,real estate,2015
2015-12-24,0.0011280221518287605,STMDX,real estate,2015
2015-12-28,0.00742801951894264,STMDX,real estate,2015
2015-12-29,0.0019021410303268092,STMDX,real estate,2015
2015-12-30,0.0006754825101237425,STMDX,real estate,2015
2016-01-06,0.004751301464310137,STMDX,real estate,2016
2016-01-07,0.0009599194452274591,STMDX,real estate,2016
2016-01-08,-0.006205950143744832,STMDX,real estate,2016
2016-01-11,0.005604614513544825,STMDX,real estate,2016
2016-01-12,-0.013222981495299374,STMDX,real estate,2016
2016-01-13,0.005107265616225825,STMDX,real estate,2016
2016-01-14,-0.013660789673227602,STMDX,real estate,2016
2016-01-15,0.007760218665340999,STMDX,real estate,2016
2016-01-19,0.0043282409865417135,STMDX,real estate,2016
2016-01-20,-0.01378061380606167,STMDX,real estate,2016
2016-01-21,0.001757875438442324,STMDX,real estate,2016
2016-01-22,0.01201174614908201,STMDX,real estate,2016
2016-01-25,0.005266078576595059,STMDX,real estate,2016
2016-01-26,0.010876022050247226,STMDX,real estate,2016
2016-01-27,-0.010423314842198083,STMDX,real estate,2016
2016-01-28,-0.010604374010848232,STMDX,real estate,2016
2016-01-29,0.002761842634236091,STMDX,real estate,2016
2016-02-01,0.0011994742716117666,STMDX,real estate,2016
2016-02-02,0.004125113540046809,STMDX,real estate,2016
2016-02-03,0.0024108178160449616,STMDX,real estate,2016
2016-02-04,-0.0005626073451841176,STMDX,real estate,2016
2016-02-05,-0.004287690500496932,STMDX,real estate,2016
2016-02-08,-0.01769801363106606,STMDX,real estate,2016
2016-02-09,-0.012308967800101451,STMDX,real estate,2016
2016-02-10,0.006813951832471378,STMDX,real estate,2016
2016-02-11,-0.002392669073851694,STMDX,real estate,2016
2016-02-12,-0.004372364132832542,STMDX,real estate,2016
2016-02-16,0.005633662492611933,STMDX,real estate,2016
2016-02-17,-0.00588990475665785,STMDX,real estate,2016
2016-02-18,0.010883270199645337,STMDX,real estate,2016
2016-02-19,0.0071688452825924304,STMDX,real estate,2016
2016-02-22,-0.0011091866992999286,STMDX,real estate,2016
2016-02-23,0.006553327392904611,STMDX,real estate,2016
2016-02-24,-0.003726460975108253,STMDX,real estate,2016
2016-02-25,0.010772324066759745,STMDX,real estate,2016
2016-02-26,-0.003852661518293694,STMDX,real estate,2016
2016-02-29,0.003210119834244967,STMDX,real estate,2016
2016-03-01,0.007842128967799528,STMDX,real estate,2016
2016-03-02,0.004161595218431346,STMDX,real estate,2016
2016-03-03,0.0003886923535812532,STMDX,real estate,2016
2016-03-04,-0.0035302029540023577,STMDX,real estate,2016
2016-03-07,0.00221601343110557,STMDX,real estate,2016
2016-03-08,-0.0009536801587116221,STMDX,real estate,2016
2016-03-09,0.0010137899690543907,STMDX,real estate,2016
2016-03-10,-0.003873439282407902,STMDX,real estate,2016
2016-03-11,0.008276998863680694,STMDX,real estate,2016
2016-03-14,-0.0003167286916415388,STMDX,real estate,2016
2016-03-15,0.0029461107008408797,STMDX,real estate,2016
2016-03-16,0.007066844461934365,STMDX,real estate,2016
2016-03-17,0.00893417034151894,STMDX,real estate,2016
2016-03-18,-0.007721981746467053,STMDX,real estate,2016
2016-03-21,-0.009024557491544127,STMDX,real estate,2016
2016-03-22,0.0004746970983690363,STMDX,real estate,2016
2016-03-23,-0.0018775869084756173,STMDX,real estate,2016
2016-03-24,0.0006728636520922746,STMDX,real estate,2016
2016-03-28,0.00800361985693342,STMDX,real estate,2016
2016-03-29,0.012851651716418316,STMDX,real estate,2016
2016-03-30,-0.004873702358890931,STMDX,real estate,2016
2016-03-31,0.007721178436668922,STMDX,real estate,2016
2016-04-01,-0.007246314088062678,STMDX,real estate,2016
2016-04-04,0.000965027678241568,STMDX,real estate,2016
2016-04-05,0.0006027191720384692,STMDX,real estate,2016
2016-04-06,-0.0067032245580828905,STMDX,real estate,2016
2016-04-07,0.0026059845510257506,STMDX,real estate,2016
2016-04-08,0.0043911078676051665,STMDX,real estate,2016
2016-04-11,-0.0015811694570753703,STMDX,real estate,2016
2016-04-12,-0.00042329814823697815,STMDX,real estate,2016
2016-04-13,-0.012414089712066107,STMDX,real estate,2016
2016-04-14,-0.005803846304863343,STMDX,real estate,2016
2016-04-15,0.008374059098615091,STMDX,real estate,2016
2016-04-18,-0.001873229286377915,STMDX,real estate,2016
2016-04-19,-0.0012950290481308021,STMDX,real estate,2016
2016-04-20,-0.01594467063178025,STMDX,real estate,2016
2016-04-21,-0.012942314876446821,STMDX,real estate,2016
2016-04-22,0.008500943447362854,STMDX,real estate,2016
2016-04-25,0.010828519084352704,STMDX,real estate,2016
2016-04-26,0.002669546508958908,STMDX,real estate,2016
2016-04-27,-0.0015112448700559924,STMDX,real estate,2016
2016-04-28,0.0043444714844125204,STMDX,real estate,2016
2016-04-29,-0.005421311274201106,STMDX,real estate,2016
2016-05-02,0.009354029534697585,STMDX,real estate,2016
2016-05-03,0.006456853167609914,STMDX,real estate,2016
2016-05-04,0.020006816598838344,STMDX,real estate,2016
2016-05-05,0.0030900858805043728,STMDX,real estate,2016
2016-05-06,0.00769666279297488,STMDX,real estate,2016
2016-05-09,0.008723713753913153,STMDX,real estate,2016
2016-05-10,-0.006637092637227017,STMDX,real estate,2016
2016-05-11,-0.01547688334405983,STMDX,real estate,2016
2016-05-12,0.006104230523777685,STMDX,real estate,2016
2016-05-13,-0.0039012419370243728,STMDX,real estate,2016
2016-05-16,0.003785946376266009,STMDX,real estate,2016
2016-05-17,-0.011975554023324522,STMDX,real estate,2016
2016-05-18,-0.011524716747292114,STMDX,real estate,2016
2016-05-19,-0.008512035448618442,STMDX,real estate,2016
2016-05-20,0.004421840930420029,STMDX,real estate,2016
2016-05-23,0.0016411484534318574,STMDX,real estate,2016
2016-05-24,0.0027290142156225824,STMDX,real estate,2016
2016-05-25,-0.005126632272797427,STMDX,real estate,2016
2016-05-26,0.0009017156845537314,STMDX,real estate,2016
2016-05-27,0.0023203104783246736,STMDX,real estate,2016
2016-05-31,0.002307430302439467,STMDX,real estate,2016
2016-06-01,-0.0012415006576887281,STMDX,real estate,2016
2016-06-02,0.002457468228805755,STMDX,real estate,2016
2016-06-03,0.005221961684365414,STMDX,real estate,2016
2016-06-06,-0.010861570177781346,STMDX,real estate,2016
2016-06-07,0.0033275031822888636,STMDX,real estate,2016
2016-06-08,0.004618783872905186,STMDX,real estate,2016
2016-06-09,0.004219509503981523,STMDX,real estate,2016
2016-06-10,0.003438450318921404,STMDX,real estate,2016
2016-06-13,0.0077804765140460815,STMDX,real estate,2016
2016-06-14,-0.0007625797357980343,STMDX,real estate,2016
2016-06-15,0.009178499418145325,STMDX,real estate,2016
2016-06-16,0.004990104130421266,STMDX,real estate,2016
2016-06-17,0.002657513507608252,STMDX,real estate,2016
2016-06-20,-0.0040967707186891165,STMDX,real estate,2016
2016-06-21,0.0035140331950876858,STMDX,real estate,2016
2016-06-22,0.000803127648667057,STMDX,real estate,2016
2016-06-23,-0.0037988668391653567,STMDX,real estate,2016
2016-06-24,0.01894781943883853,STMDX,real estate,2016
2016-06-27,0.013002700441797816,STMDX,real estate,2016
2016-06-28,0.008456656472324698,STMDX,real estate,2016
2016-06-29,0.001135616988606392,STMDX,real estate,2016
2016-06-30,0.0005866070445263126,STMDX,real estate,2016
2016-07-01,-0.0008047782566844978,STMDX,real estate,2016
2016-07-05,0.015173604224007174,STMDX,real estate,2016
2016-07-06,-0.006965335558110198,STMDX,real estate,2016
2016-07-07,-0.009489026980217695,STMDX,real estate,2016
2016-07-08,0.0037392754257220915,STMDX,real estate,2016
2016-07-11,0.002718535624335321,STMDX,real estate,2016
2016-07-12,-0.005978182973031804,STMDX,real estate,2016
2016-07-13,0.004772223116527844,STMDX,real estate,2016
2016-07-14,-0.013611023999425806,STMDX,real estate,2016
2016-07-15,0.0006031111345166905,STMDX,real estate,2016
2016-07-18,-4.4574426117578855e-05,STMDX,real estate,2016
2016-07-19,0.004972065851749764,STMDX,real estate,2016
2016-07-20,-0.003363778520123728,STMDX,real estate,2016
2016-07-21,0.004164196209256162,STMDX,real estate,2016
2016-07-22,0.0055771007292499735,STMDX,real estate,2016
2016-07-25,0.00046436563726497343,STMDX,real estate,2016
2016-07-26,-0.003170489451254116,STMDX,real estate,2016
2016-07-27,-0.006586572030899495,STMDX,real estate,2016
2016-07-28,0.009609088909087236,STMDX,real estate,2016
2016-07-29,0.010109653869722254,STMDX,real estate,2016
2016-08-01,0.00425859401913148,STMDX,real estate,2016
2016-08-02,-0.011826942258231932,STMDX,real estate,2016
2016-08-03,-0.007465248742641366,STMDX,real estate,2016
2016-08-04,-0.005103690699604129,STMDX,real estate,2016
2016-08-05,-0.007894917542748474,STMDX,real estate,2016
2016-08-08,0.0007624315795199736,STMDX,real estate,2016
2016-08-09,0.0037428373984575276,STMDX,real estate,2016
2016-08-10,0.00026126627944811636,STMDX,real estate,2016
2016-08-11,-0.013678531510625404,STMDX,real estate,2016
2016-08-12,0.00514085419409239,STMDX,real estate,2016
2016-08-15,-0.005316511373147153,STMDX,real estate,2016
2016-08-16,-0.008722107307464423,STMDX,real estate,2016
2016-08-17,0.0025922450132352167,STMDX,real estate,2016
2016-08-18,-0.0028886408500088875,STMDX,real estate,2016
2016-08-19,-0.005990833904945978,STMDX,real estate,2016
2016-08-22,0.004333806764178415,STMDX,real estate,2016
2016-08-23,-0.0009804291025498004,STMDX,real estate,2016
2016-08-24,9.07229012600888e-06,STMDX,real estate,2016
2016-08-25,0.005071518983836215,STMDX,real estate,2016
2016-08-26,-0.0066733909294956345,STMDX,real estate,2016
2016-08-29,0.007040012434587737,STMDX,real estate,2016
2016-08-30,-0.00040578290922411303,STMDX,real estate,2016
2016-08-31,0.003973497589685419,STMDX,real estate,2016
2016-09-01,-0.0019499353349526976,STMDX,real estate,2016
2016-09-02,0.005284370503147591,STMDX,real estate,2016
2016-09-06,0.004626765210012606,STMDX,real estate,2016
2016-09-07,0.006718867750169625,STMDX,real estate,2016
2016-09-08,-0.011274390639746196,STMDX,real estate,2016
2016-09-09,-0.019923568143356933,STMDX,real estate,2016
2016-09-12,0.0013402791776595448,STMDX,real estate,2016
2016-09-13,-0.013653562480008454,STMDX,real estate,2016
2016-09-14,0.00371260751645779,STMDX,real estate,2016
2016-09-15,-0.0029441293172275318,STMDX,real estate,2016
2016-09-16,0.0025086525974568623,STMDX,real estate,2016
2016-09-19,0.009673470161715788,STMDX,real estate,2016
2016-09-20,-0.001497350455747775,STMDX,real estate,2016
2016-09-21,0.00469726203504797,STMDX,real estate,2016
2016-09-22,0.012829246775664004,STMDX,real estate,2016
2016-09-23,0.006231888287891356,STMDX,real estate,2016
2016-09-26,0.0092199444768557,STMDX,real estate,2016
2016-09-27,-0.015006328510684973,STMDX,real estate,2016
2016-09-28,0.003217380181652703,STMDX,real estate,2016
2016-09-29,-0.0063274679551133094,STMDX,real estate,2016
2016-09-30,-0.01270755911993118,STMDX,real estate,2016
2016-10-03,-0.015711471205177713,STMDX,real estate,2016
2016-10-04,-0.009867699866648457,STMDX,real estate,2016
2016-10-05,-0.023582436092472448,STMDX,real estate,2016
2016-10-06,0.00032656938400949887,STMDX,real estate,2016
2016-10-07,0.0013633343562040525,STMDX,real estate,2016
2016-10-10,0.0029747554400600985,STMDX,real estate,2016
2016-10-11,-0.00028369193758933167,STMDX,real estate,2016
2016-10-12,0.011566716413502823,STMDX,real estate,2016
2016-10-13,0.009665886414390866,STMDX,real estate,2016
2016-10-14,-0.003463261618800028,STMDX,real estate,2016
2016-10-17,0.004028900713524585,STMDX,real estate,2016
2016-10-18,0.0007621223364200633,STMDX,real estate,2016
2016-10-19,-0.00015718308135901217,STMDX,real estate,2016
2016-10-20,-0.001363478194285661,STMDX,real estate,2016
2016-10-21,-0.0018551535047741958,STMDX,real estate,2016
2016-10-24,-0.000845068974759887,STMDX,real estate,2016
2016-10-25,2.6313355400907085e-05,STMDX,real estate,2016
2016-10-26,-0.01169851109338469,STMDX,real estate,2016
2016-10-27,-0.02141579918606801,STMDX,real estate,2016
2016-10-28,0.003407149179797111,STMDX,real estate,2016
2016-10-31,0.016518317490078458,STMDX,real estate,2016
2016-11-01,-0.015935458402427084,STMDX,real estate,2016
2016-11-02,-0.010280747202485072,STMDX,real estate,2016
2016-11-03,-0.001401003696425246,STMDX,real estate,2016
2016-11-04,0.00811655397558811,STMDX,real estate,2016
2016-11-07,-0.00029431681745723665,STMDX,real estate,2016
2016-11-08,0.00365940689185107,STMDX,real estate,2016
2016-11-09,-0.025261949474591816,STMDX,real estate,2016
2016-11-10,-0.019635123941837244,STMDX,real estate,2016
2016-11-11,0.0071213148411827095,STMDX,real estate,2016
2016-11-14,0.020249781250068485,STMDX,real estate,2016
2016-11-15,-0.014052628494202886,STMDX,real estate,2016
2016-11-16,-0.0009629671525990106,STMDX,real estate,2016
2016-11-17,-0.011828207464267094,STMDX,real estate,2016
2016-11-18,0.0037120014192042155,STMDX,real estate,2016
2016-11-21,-0.008751766108969777,STMDX,real estate,2016
2016-11-22,0.01546163186495637,STMDX,real estate,2016
2016-11-23,-0.004437945460327604,STMDX,real estate,2016
2016-11-25,0.0026898432557887863,STMDX,real estate,2016
2016-11-28,0.007462973513243409,STMDX,real estate,2016
2016-11-29,0.007240992567941194,STMDX,real estate,2016
2016-11-30,-0.009650481710973324,STMDX,real estate,2016
2016-12-01,-0.013700183564250961,STMDX,real estate,2016
2016-12-02,0.010457042111967574,STMDX,real estate,2016
2016-12-05,0.003119728989350804,STMDX,real estate,2016
2016-12-06,0.0006244682256698777,STMDX,real estate,2016
2016-12-07,0.011006825507226965,STMDX,real estate,2016
2016-12-08,0.004586132902001593,STMDX,real estate,2016
2016-12-09,-0.006216708685903027,STMDX,real estate,2016
2016-12-12,0.009245196080488748,STMDX,real estate,2016
2016-12-13,-0.002298048798982825,STMDX,real estate,2016
2016-12-14,-0.01579449312166014,STMDX,real estate,2016
2016-12-15,-0.007565759959590387,STMDX,real estate,2016
2016-12-16,0.017870545928729307,STMDX,real estate,2016
2016-12-19,0.007528203114802736,STMDX,real estate,2016
2016-12-20,-0.00014644279925673772,STMDX,real estate,2016
2016-12-21,-0.011752627307808152,STMDX,real estate,2016
2016-12-22,-1.6114424337704963e-06,STMDX,real estate,2016
2016-12-23,0.001442360762834805,STMDX,real estate,2016
2016-12-27,-0.0012813378404324624,STMDX,real estate,2016
2016-12-28,0.0008505277390509118,STMDX,real estate,2016
2016-12-29,0.012504590726935457,STMDX,real estate,2016
2016-12-30,0.012658587058560114,STMDX,real estate,2016
2017-01-04,0.012207441876309733,STMDX,real estate,2017
2017-01-05,0.0034954461435727975,STMDX,real estate,2017
2017-01-06,-0.0033944592814888663,STMDX,real estate,2017
2017-01-09,-0.00662904911782396,STMDX,real estate,2017
2017-01-10,-0.007588886925284443,STMDX,real estate,2017
2017-01-11,-0.006625945183337719,STMDX,real estate,2017
2017-01-12,0.006111466426761012,STMDX,real estate,2017
2017-01-13,-0.0016538591111828344,STMDX,real estate,2017
2017-01-17,0.01021352858180946,STMDX,real estate,2017
2017-01-18,0.0011378229405642835,STMDX,real estate,2017
2017-01-19,-0.007025241104497155,STMDX,real estate,2017
2017-01-20,0.006471798297024302,STMDX,real estate,2017
2017-01-23,0.01047835465302878,STMDX,real estate,2017
2017-01-24,-0.0018761429177929798,STMDX,real estate,2017
2017-01-25,-0.01144659367775425,STMDX,real estate,2017
2017-01-26,-0.0015544346380761585,STMDX,real estate,2017
2017-01-27,-0.01031782930713684,STMDX,real estate,2017
2017-01-30,-0.0030638825835858693,STMDX,real estate,2017
2017-01-31,0.007933388645482565,STMDX,real estate,2017
2017-02-01,-0.014488404729260882,STMDX,real estate,2017
2017-02-02,0.010403042310532695,STMDX,real estate,2017
2017-02-03,0.003730775494731732,STMDX,real estate,2017
2017-02-06,-0.0028417611895383372,STMDX,real estate,2017
2017-02-07,-0.002422535654453804,STMDX,real estate,2017
2017-02-08,0.007449176017579628,STMDX,real estate,2017
2017-02-09,0.0005899483617186735,STMDX,real estate,2017
2017-02-10,0.004346839744159231,STMDX,real estate,2017
2017-02-13,-0.0013704711159211265,STMDX,real estate,2017
2017-02-14,-0.0071487866167814365,STMDX,real estate,2017
2017-02-15,-0.005623475358179624,STMDX,real estate,2017
2017-02-16,0.006013551106497893,STMDX,real estate,2017
2017-02-17,0.001726261582894199,STMDX,real estate,2017
2017-02-21,0.008972205480065611,STMDX,real estate,2017
2017-02-22,-0.0016020313945782638,STMDX,real estate,2017
2017-02-23,0.005934013420743736,STMDX,real estate,2017
2017-02-24,0.006124766331357004,STMDX,real estate,2017
2017-02-27,0.004331703296748384,STMDX,real estate,2017
2017-02-28,-0.00433436905947587,STMDX,real estate,2017
2017-03-01,-0.010625174551739384,STMDX,real estate,2017
2017-03-02,-0.002523735311172925,STMDX,real estate,2017
2017-03-03,-0.003730386931357593,STMDX,real estate,2017
2017-03-06,-0.0029519008835940763,STMDX,real estate,2017
2017-03-07,-0.0032389728954016813,STMDX,real estate,2017
2017-03-08,-0.016913376429490527,STMDX,real estate,2017
2017-03-09,-0.013872295514030778,STMDX,real estate,2017
2017-03-10,-0.005940624520843206,STMDX,real estate,2017
2017-03-13,0.0026478187307748023,STMDX,real estate,2017
2017-03-14,-0.0001786021626799892,STMDX,real estate,2017
2017-03-15,0.016185008097681485,STMDX,real estate,2017
2017-03-16,-0.0016545874083678004,STMDX,real estate,2017
2017-03-17,0.0037689922180408593,STMDX,real estate,2017
2017-03-20,-0.00017166895718186029,STMDX,real estate,2017
2017-03-21,0.005083117953071426,STMDX,real estate,2017
2017-03-22,-0.0016847318287840892,STMDX,real estate,2017
2017-03-23,0.008400164671632926,STMDX,real estate,2017
2017-03-24,-8.453906606907676e-05,STMDX,real estate,2017
2017-03-27,-0.008458493843029284,STMDX,real estate,2017
2017-03-28,0.00048246951586833646,STMDX,real estate,2017
2017-03-29,0.0034750364258344458,STMDX,real estate,2017
2017-03-30,0.0013405742288142264,STMDX,real estate,2017
2017-03-31,0.006256735777320833,STMDX,real estate,2017
2017-04-03,0.0023607146616929447,STMDX,real estate,2017
2017-04-04,-0.0005152507350519238,STMDX,real estate,2017
2017-04-05,0.001902793777536437,STMDX,real estate,2017
2017-04-06,0.004384383045129513,STMDX,real estate,2017
2017-04-07,0.0019781768563651605,STMDX,real estate,2017
2017-04-10,0.005763345039983409,STMDX,real estate,2017
2017-04-11,0.007734000481810439,STMDX,real estate,2017
2017-04-12,0.001822415856496032,STMDX,real estate,2017
2017-04-13,0.0007682987281514694,STMDX,real estate,2017
2017-04-17,0.007616902206899606,STMDX,real estate,2017
2017-04-18,0.004562350648625263,STMDX,real estate,2017
2017-04-19,-0.0005503094103423477,STMDX,real estate,2017
2017-04-20,-0.003331868320777228,STMDX,real estate,2017
2017-04-21,-0.002508698467339448,STMDX,real estate,2017
2017-04-24,-0.015477195423899692,STMDX,real estate,2017
2017-04-25,0.0005745950622053626,STMDX,real estate,2017
2017-04-26,-0.006026556519515221,STMDX,real estate,2017
2017-04-27,0.00019386720835387616,STMDX,real estate,2017
2017-04-28,-0.0063412296240516405,STMDX,real estate,2017
2017-05-01,0.005311498269420354,STMDX,real estate,2017
2017-05-02,-0.0025390212406926817,STMDX,real estate,2017
2017-05-03,-0.010661243061719538,STMDX,real estate,2017
2017-05-04,-0.002438195279676202,STMDX,real estate,2017
2017-05-05,0.005187866322100408,STMDX,real estate,2017
2017-05-08,-0.005004990831963447,STMDX,real estate,2017
2017-05-09,-0.0049167138972250005,STMDX,real estate,2017
2017-05-10,0.006046885458212345,STMDX,real estate,2017
2017-05-11,-0.004052710993866053,STMDX,real estate,2017
2017-05-12,-0.0026215485406661135,STMDX,real estate,2017
2017-05-15,0.002472310679684705,STMDX,real estate,2017
2017-05-16,-0.006303682966367496,STMDX,real estate,2017
2017-05-17,0.015644493530365938,STMDX,real estate,2017
2017-05-18,0.002397868965174305,STMDX,real estate,2017
2017-05-19,0.0024636448398231764,STMDX,real estate,2017
2017-05-22,0.00262636474270495,STMDX,real estate,2017
2017-05-23,0.0016483478862701108,STMDX,real estate,2017
2017-05-24,0.005627121936303114,STMDX,real estate,2017
2017-05-25,-0.001047421083497941,STMDX,real estate,2017
2017-05-26,-0.006765196746141395,STMDX,real estate,2017
2017-05-30,-0.003775225549189286,STMDX,real estate,2017
2017-05-31,0.0015714209865762105,STMDX,real estate,2017
2017-06-01,0.0027281349165435035,STMDX,real estate,2017
2017-06-02,0.007496310439042027,STMDX,real estate,2017
2017-06-05,-0.0019248754347641144,STMDX,real estate,2017
2017-06-06,-0.0035907900291014946,STMDX,real estate,2017
2017-06-07,0.005567101730876984,STMDX,real estate,2017
2017-06-08,-0.0030981662122884605,STMDX,real estate,2017
2017-06-09,0.005686939797958044,STMDX,real estate,2017
2017-06-12,0.00604759879453435,STMDX,real estate,2017
2017-06-13,-6.477727915948006e-05,STMDX,real estate,2017
2017-06-14,0.003911583444149013,STMDX,real estate,2017
2017-06-15,0.003979073562295005,STMDX,real estate,2017
2017-06-16,-0.002909498346949496,STMDX,real estate,2017
2017-06-19,-0.002910270869727844,STMDX,real estate,2017
2017-06-20,0.001219071863240031,STMDX,real estate,2017
2017-06-21,-0.0024161387169726258,STMDX,real estate,2017
2017-06-22,0.0011151736864123975,STMDX,real estate,2017
2017-06-23,0.0015802426295187834,STMDX,real estate,2017
2017-06-26,0.0047488895718987385,STMDX,real estate,2017
2017-06-27,-0.004118041688411605,STMDX,real estate,2017
2017-06-28,-0.004021223667533441,STMDX,real estate,2017
2017-06-29,-0.00619398734083061,STMDX,real estate,2017
2017-06-30,-0.0003403214549096311,STMDX,real estate,2017
2017-07-03,0.008334397104861049,STMDX,real estate,2017
2017-07-05,-0.01440695227569232,STMDX,real estate,2017
2017-07-06,-0.013501798656758913,STMDX,real estate,2017
2017-07-07,0.002494320530542698,STMDX,real estate,2017
2017-07-10,-0.008931229977149376,STMDX,real estate,2017
2017-07-11,-7.710166013429986e-05,STMDX,real estate,2017
2017-07-12,0.008316207543756417,STMDX,real estate,2017
2017-07-13,0.00030620900194905777,STMDX,real estate,2017
2017-07-14,0.00637232693940855,STMDX,real estate,2017
2017-07-17,0.005542578860621488,STMDX,real estate,2017
2017-07-18,-0.0017939913830592224,STMDX,real estate,2017
2017-07-19,0.0061444736742240534,STMDX,real estate,2017
2017-07-20,-0.004401069563602545,STMDX,real estate,2017
2017-07-21,0.0010845591066812545,STMDX,real estate,2017
2017-07-24,-0.002189754913345102,STMDX,real estate,2017
2017-07-25,-0.0009033611403714273,STMDX,real estate,2017
2017-07-26,0.006761049978659237,STMDX,real estate,2017
2017-07-27,0.0024323328023795987,STMDX,real estate,2017
2017-07-28,-0.001427331456722913,STMDX,real estate,2017
2017-07-31,0.00144681150926477,STMDX,real estate,2017
2017-08-01,0.004514109654526387,STMDX,real estate,2017
2017-08-02,-0.00941216017300934,STMDX,real estate,2017
2017-08-03,-0.0034408179296852495,STMDX,real estate,2017
2017-08-04,0.0007523655323820108,STMDX,real estate,2017
2017-08-07,-0.001409872341159137,STMDX,real estate,2017
2017-08-08,-0.004792725612048453,STMDX,real estate,2017
2017-08-09,-0.0023142337004825476,STMDX,real estate,2017
2017-08-10,0.0003835936934938385,STMDX,real estate,2017
2017-08-11,-0.007745189903751519,STMDX,real estate,2017
2017-08-14,0.013571067575987469,STMDX,real estate,2017
2017-08-15,-0.003343074878228181,STMDX,real estate,2017
2017-08-16,0.004580129075283435,STMDX,real estate,2017
2017-08-17,0.0030701957682121453,STMDX,real estate,2017
2017-08-18,-0.007731535777828973,STMDX,real estate,2017
2017-08-21,0.009748065075001873,STMDX,real estate,2017
2017-08-22,-0.005330114681423297,STMDX,real estate,2017
2017-08-23,0.011103910301163833,STMDX,real estate,2017
2017-08-24,-0.0003050976741600232,STMDX,real estate,2017
2017-08-25,0.003155180530790237,STMDX,real estate,2017
2017-08-28,-0.006587023697721483,STMDX,real estate,2017
2017-08-29,-0.0018443727081260772,STMDX,real estate,2017
2017-08-30,0.00380496068745588,STMDX,real estate,2017
2017-08-31,0.0028377863156674415,STMDX,real estate,2017
2017-09-01,0.0004160468187349337,STMDX,real estate,2017
2017-09-05,0.0024862384655043855,STMDX,real estate,2017
2017-09-06,0.0007065472250215507,STMDX,real estate,2017
2017-09-07,0.006500708282764651,STMDX,real estate,2017
2017-09-08,-0.0006169429311031298,STMDX,real estate,2017
2017-09-11,0.0037743728251312314,STMDX,real estate,2017
2017-09-12,-0.013395163144883348,STMDX,real estate,2017
2017-09-13,-0.002535133219586779,STMDX,real estate,2017
2017-09-14,0.007132669760317138,STMDX,real estate,2017
2017-09-15,0.0007045299366084658,STMDX,real estate,2017
2017-09-18,-0.006261724458392773,STMDX,real estate,2017
2017-09-19,-0.008079531423187907,STMDX,real estate,2017
2017-09-20,-0.0027562482905892187,STMDX,real estate,2017
2017-09-21,-0.0014545559972074923,STMDX,real estate,2017
2017-09-22,-0.00669784323989873,STMDX,real estate,2017
2017-09-25,0.005453735239371697,STMDX,real estate,2017
2017-09-26,-0.0020992049938632065,STMDX,real estate,2017
2017-09-27,-0.00971499923711064,STMDX,real estate,2017
2017-09-28,0.006348449544457694,STMDX,real estate,2017
2017-09-29,0.00042805987734275634,STMDX,real estate,2017
2017-10-02,-0.0029683805138961605,STMDX,real estate,2017
2017-10-03,-0.0010204568719044392,STMDX,real estate,2017
2017-10-04,0.006217896471701952,STMDX,real estate,2017
2017-10-05,0.0015732864090478534,STMDX,real estate,2017
2017-10-06,-0.0014548222477218432,STMDX,real estate,2017
2017-10-09,0.0041518060413884405,STMDX,real estate,2017
2017-10-10,0.0013861097435142688,STMDX,real estate,2017
2017-10-11,0.004057995136712586,STMDX,real estate,2017
2017-10-12,0.0064149570856938,STMDX,real estate,2017
2017-10-13,-1.615610573213076e-05,STMDX,real estate,2017
2017-10-16,-0.005334319764019932,STMDX,real estate,2017
2017-10-17,0.0015722115585138682,STMDX,real estate,2017
2017-10-18,-0.0022640065169205505,STMDX,real estate,2017
2017-10-19,-0.0008459380386124913,STMDX,real estate,2017
2017-10-20,-0.005757214639021211,STMDX,real estate,2017
2017-10-23,-0.002138937121857209,STMDX,real estate,2017
2017-10-24,-0.004550190874658068,STMDX,real estate,2017
2017-10-25,0.0007828331814766932,STMDX,real estate,2017
2017-10-26,-0.0067412472079618115,STMDX,real estate,2017
2017-10-27,0.0004327151564544312,STMDX,real estate,2017
2017-10-30,0.003628721937734177,STMDX,real estate,2017
2017-10-31,0.002494869772060535,STMDX,real estate,2017
2017-11-01,0.0002041709585540089,STMDX,real estate,2017
2017-11-02,0.00708945371016553,STMDX,real estate,2017
2017-11-03,-0.0032304683508974003,STMDX,real estate,2017
2017-11-06,0.009101397663179488,STMDX,real estate,2017
2017-11-07,0.008854090055939083,STMDX,real estate,2017
2017-11-08,0.005198367447923559,STMDX,real estate,2017
2017-11-09,0.0019686202465046846,STMDX,real estate,2017
2017-11-10,0.0005082178188347575,STMDX,real estate,2017
2017-11-13,0.005042991918136104,STMDX,real estate,2017
2017-11-14,-0.0007676561369066657,STMDX,real estate,2017
2017-11-15,-0.006605421296484091,STMDX,real estate,2017
2017-11-16,0.0016729521859488658,STMDX,real estate,2017
2017-11-17,-0.001753868627568629,STMDX,real estate,2017
2017-11-20,-0.00287382807587657,STMDX,real estate,2017
2017-11-21,0.005027639814682465,STMDX,real estate,2017
2017-11-22,-0.002292554921403113,STMDX,real estate,2017
2017-11-24,0.0017392538560131463,STMDX,real estate,2017
2017-11-27,-0.003266375306546555,STMDX,real estate,2017
2017-11-28,-0.008795314780501984,STMDX,real estate,2017
2017-11-29,0.0004042403412635418,STMDX,real estate,2017
2017-11-30,-0.003408506953060296,STMDX,real estate,2017
2017-12-01,0.00480061580156271,STMDX,real estate,2017
2017-12-04,-0.008601111775474492,STMDX,real estate,2017
2017-12-05,-0.005101056982818694,STMDX,real estate,2017
2017-12-06,-0.000272774288968202,STMDX,real estate,2017
2017-12-07,0.0024023276998176605,STMDX,real estate,2017
2017-12-08,0.0006702296612521403,STMDX,real estate,2017
2017-12-11,-0.00016645096676750227,STMDX,real estate,2017
2017-12-12,0.002826383972857735,STMDX,real estate,2017
2017-12-13,0.0009252066853454429,STMDX,real estate,2017
2017-12-14,0.0024747967044786304,STMDX,real estate,2017
2017-12-15,-0.0004719979278570612,STMDX,real estate,2017
2017-12-18,0.0008095954693972734,STMDX,real estate,2017
2017-12-19,-0.01787848698914087,STMDX,real estate,2017
2017-12-20,-0.011586644383110328,STMDX,real estate,2017
2017-12-21,-0.003726972172322647,STMDX,real estate,2017
2017-12-22,0.007113218316898064,STMDX,real estate,2017
2017-12-26,0.00563470527082189,STMDX,real estate,2017
2017-12-27,0.004466017543027449,STMDX,real estate,2017
2017-12-28,0.004444115595664942,STMDX,real estate,2017
2017-12-29,0.0020424794537085033,STMDX,real estate,2017
2018-01-03,-0.0029383052476867344,STMDX,real estate,2018
2018-01-04,-0.01968036876959454,STMDX,real estate,2018
2018-01-05,-0.0017339207876291062,STMDX,real estate,2018
2018-01-08,0.004462837716989367,STMDX,real estate,2018
2018-01-09,-0.012775384158996598,STMDX,real estate,2018
2018-01-10,-0.012513785876480756,STMDX,real estate,2018
2018-01-11,-0.00821734842745182,STMDX,real estate,2018
2018-01-12,-0.010632046281878672,STMDX,real estate,2018
2018-01-16,0.00634489695410241,STMDX,real estate,2018
2018-01-17,0.0009965533410219224,STMDX,real estate,2018
2018-01-18,-0.009529061782619603,STMDX,real estate,2018
2018-01-19,0.004008767573723175,STMDX,real estate,2018
2018-01-22,0.004561929271596362,STMDX,real estate,2018
2018-01-23,0.011092123406918359,STMDX,real estate,2018
2018-01-24,-0.003980142751725843,STMDX,real estate,2018
2018-01-25,-0.0005576920376843067,STMDX,real estate,2018
2018-01-26,-0.007992532710659625,STMDX,real estate,2018
2018-01-29,0.0035446752707333213,STMDX,real estate,2018
2018-01-30,-0.012816292505870883,STMDX,real estate,2018
2018-01-31,0.018349963866952233,STMDX,real estate,2018
2018-02-01,-0.018318546219667053,STMDX,real estate,2018
2018-02-02,0.0012815801933146968,STMDX,real estate,2018
2018-02-05,-0.005975053108743494,STMDX,real estate,2018
2018-02-06,-0.011029315835674092,STMDX,real estate,2018
2018-02-07,-0.0006435336534914684,STMDX,real estate,2018
2018-02-08,-0.009565891208454334,STMDX,real estate,2018
2018-02-09,0.014655612143449957,STMDX,real estate,2018
2018-02-12,-0.0053326594060710926,STMDX,real estate,2018
2018-02-13,0.003948088620722213,STMDX,real estate,2018
2018-02-14,-0.012688426460673533,STMDX,real estate,2018
2018-02-15,0.0034278311216790654,STMDX,real estate,2018
2018-02-16,0.004201101215912774,STMDX,real estate,2018
2018-02-20,-0.00807239380413031,STMDX,real estate,2018
2018-02-21,-0.014231906204756308,STMDX,real estate,2018
2018-02-22,0.011595800534490363,STMDX,real estate,2018
2018-02-23,0.00915762547863009,STMDX,real estate,2018
2018-02-26,-0.003424409200309692,STMDX,real estate,2018
2018-02-27,-0.01572191008445905,STMDX,real estate,2018
2018-02-28,0.0039517431754134665,STMDX,real estate,2018
2018-03-01,0.006042779909654015,STMDX,real estate,2018
2018-03-02,-0.004042324047863606,STMDX,real estate,2018
2018-03-05,0.005660805861572988,STMDX,real estate,2018
2018-03-06,0.004789747273116247,STMDX,real estate,2018
2018-03-07,0.0066187419797921546,STMDX,real estate,2018
2018-03-08,0.000831922327016696,STMDX,real estate,2018
2018-03-09,-0.002498306291686684,STMDX,real estate,2018
2018-03-12,0.00554568047111071,STMDX,real estate,2018
2018-03-13,0.00460516392260213,STMDX,real estate,2018
2018-03-14,0.004169360229652758,STMDX,real estate,2018
2018-03-15,-0.0011822182919838243,STMDX,real estate,2018
2018-03-16,0.005686819677454325,STMDX,real estate,2018
2018-03-19,-0.0015702307527770132,STMDX,real estate,2018
2018-03-20,-0.004432600309507973,STMDX,real estate,2018
2018-03-21,-0.005951924617134582,STMDX,real estate,2018
2018-03-22,0.008261276399185998,STMDX,real estate,2018
2018-03-23,-0.004012014960479943,STMDX,real estate,2018
2018-03-26,-0.0026916123134619867,STMDX,real estate,2018
2018-03-27,0.010349796287211131,STMDX,real estate,2018
2018-03-28,0.024577325478016773,STMDX,real estate,2018
2018-03-29,-0.006691655792838916,STMDX,real estate,2018
2018-04-02,-0.0027510276136679633,STMDX,real estate,2018
2018-04-03,0.0005995413109820052,STMDX,real estate,2018
2018-04-04,0.00343033638129175,STMDX,real estate,2018
2018-04-05,-0.004617704903302975,STMDX,real estate,2018
2018-04-06,0.003983980642194237,STMDX,real estate,2018
2018-04-09,-0.004752126771678605,STMDX,real estate,2018
2018-04-10,-0.011577302141964141,STMDX,real estate,2018
2018-04-11,0.004830958320467055,STMDX,real estate,2018
2018-04-12,-0.016430888439377858,STMDX,real estate,2018
2018-04-13,0.007129967401637363,STMDX,real estate,2018
2018-04-16,0.002220050852006745,STMDX,real estate,2018
2018-04-17,0.005481589893941418,STMDX,real estate,2018
2018-04-18,-0.0016015597975335511,STMDX,real estate,2018
2018-04-19,-0.010851187015114548,STMDX,real estate,2018
2018-04-20,-0.004787357403286739,STMDX,real estate,2018
2018-04-23,0.00032508075202544804,STMDX,real estate,2018
2018-04-24,0.011079592904830259,STMDX,real estate,2018
2018-04-25,-0.002270954280480058,STMDX,real estate,2018
2018-04-26,0.007057541333744563,STMDX,real estate,2018
2018-04-27,0.015382325719421285,STMDX,real estate,2018
2018-04-30,0.0029781950584757246,STMDX,real estate,2018
2018-05-01,0.005555707423268415,STMDX,real estate,2018
2018-05-02,0.0007544465153413817,STMDX,real estate,2018
2018-05-03,6.178198472984921e-06,STMDX,real estate,2018
2018-05-04,0.00318525326567742,STMDX,real estate,2018
2018-05-07,0.006574824445917729,STMDX,real estate,2018
2018-05-08,-0.003965804941964907,STMDX,real estate,2018
2018-05-09,0.001726618933729978,STMDX,real estate,2018
2018-05-10,0.004078424947666875,STMDX,real estate,2018
2018-05-11,-0.005020137688651339,STMDX,real estate,2018
2018-05-14,-0.009178402967087433,STMDX,real estate,2018
2018-05-15,-0.01197575208069124,STMDX,real estate,2018
2018-05-16,-0.005171711147751155,STMDX,real estate,2018
2018-05-17,-0.005860817205629049,STMDX,real estate,2018
2018-05-18,0.0027387278276618894,STMDX,real estate,2018
2018-05-21,0.007037685579107283,STMDX,real estate,2018
2018-05-22,0.0017401109887371128,STMDX,real estate,2018
2018-05-23,0.008646806057224355,STMDX,real estate,2018
2018-05-24,-0.0006209997382604587,STMDX,real estate,2018
2018-05-25,0.004609587464606635,STMDX,real estate,2018
2018-05-29,0.01122127616964183,STMDX,real estate,2018
2018-05-30,0.006349913417599621,STMDX,real estate,2018
2018-05-31,0.0010747222001765496,STMDX,real estate,2018
2018-06-01,0.00040445837634065646,STMDX,real estate,2018
2018-06-04,0.006401086288099184,STMDX,real estate,2018
2018-06-05,-0.0036987837154592185,STMDX,real estate,2018
2018-06-06,-0.0010479600247077741,STMDX,real estate,2018
2018-06-07,-0.0016181980340064406,STMDX,real estate,2018
2018-06-08,0.0026902809055014635,STMDX,real estate,2018
2018-06-11,-0.002664376424108747,STMDX,real estate,2018
2018-06-12,0.0054780599499464145,STMDX,real estate,2018
2018-06-13,-0.016893208420014516,STMDX,real estate,2018
2018-06-14,0.00845769412445041,STMDX,real estate,2018
2018-06-15,-0.0009886827460902658,STMDX,real estate,2018
2018-06-18,0.002153166799491739,STMDX,real estate,2018
2018-06-19,0.00012518017780968138,STMDX,real estate,2018
2018-06-20,0.00909786533772018,STMDX,real estate,2018
2018-06-21,0.007931554407141723,STMDX,real estate,2018
2018-06-22,0.005668241402572258,STMDX,real estate,2018
2018-06-25,0.003866209507417879,STMDX,real estate,2018
2018-06-26,0.0024928806772138348,STMDX,real estate,2018
2018-06-27,0.00044534107044499806,STMDX,real estate,2018
2018-06-28,0.005622799194981503,STMDX,real estate,2018
2018-06-29,0.001036311635494524,STMDX,real estate,2018
2018-07-02,-0.006003466286505298,STMDX,real estate,2018
2018-07-03,0.008553923438062895,STMDX,real estate,2018
2018-07-05,0.008284868469779673,STMDX,real estate,2018
2018-07-06,-0.0001753905501184717,STMDX,real estate,2018
2018-07-09,-0.01277264174167135,STMDX,real estate,2018
2018-07-10,0.00036836770094568136,STMDX,real estate,2018
2018-07-11,0.0026016901609584977,STMDX,real estate,2018
2018-07-12,-0.003124777501511448,STMDX,real estate,2018
2018-07-13,-0.0017905149439664749,STMDX,real estate,2018
2018-07-16,-0.0048249068375310665,STMDX,real estate,2018
2018-07-17,-0.00911740768418125,STMDX,real estate,2018
2018-07-18,-0.007313309178047506,STMDX,real estate,2018
2018-07-19,0.013510422028439936,STMDX,real estate,2018
2018-07-20,-0.009492088101872631,STMDX,real estate,2018
2018-07-23,-0.002930723233928673,STMDX,real estate,2018
2018-07-24,-0.010282134755723977,STMDX,real estate,2018
2018-07-25,0.0028871070785094427,STMDX,real estate,2018
2018-07-26,0.002836693937594231,STMDX,real estate,2018
2018-07-27,-0.005471908233122366,STMDX,real estate,2018
2018-07-30,0.004401343356057582,STMDX,real estate,2018
2018-07-31,0.013718584454677073,STMDX,real estate,2018
2018-08-01,0.004833025333900582,STMDX,real estate,2018
2018-08-02,-0.00485383498286458,STMDX,real estate,2018
2018-08-03,0.00926895771593591,STMDX,real estate,2018
2018-08-06,-0.00360869840269691,STMDX,real estate,2018
2018-08-07,-0.003675133125862139,STMDX,real estate,2018
2018-08-08,-0.004284436338215017,STMDX,real estate,2018
2018-08-09,0.002271709378231065,STMDX,real estate,2018
2018-08-10,-0.005103615676503094,STMDX,real estate,2018
2018-08-13,0.0009167913694926794,STMDX,real estate,2018
2018-08-14,0.0020718446920065504,STMDX,real estate,2018
2018-08-15,0.012193370564548146,STMDX,real estate,2018
2018-08-16,0.0034271513659313102,STMDX,real estate,2018
2018-08-17,0.007145275273405783,STMDX,real estate,2018
2018-08-20,-0.0006953120554263735,STMDX,real estate,2018
2018-08-21,-0.007506285710871755,STMDX,real estate,2018
2018-08-22,-0.004914503309090892,STMDX,real estate,2018
2018-08-23,-0.00011227364479635626,STMDX,real estate,2018
2018-08-24,0.0013805042358880472,STMDX,real estate,2018
2018-08-27,-0.007187787133492817,STMDX,real estate,2018
2018-08-28,0.01114228293828283,STMDX,real estate,2018
2018-08-29,-0.0027106549601698783,STMDX,real estate,2018
2018-08-30,-0.0030024409097505447,STMDX,real estate,2018
2018-08-31,0.003811248575971618,STMDX,real estate,2018
2018-09-04,-0.010712167469194598,STMDX,real estate,2018
2018-09-05,0.0071444097312073395,STMDX,real estate,2018
2018-09-06,0.00572896734302711,STMDX,real estate,2018
2018-09-07,-0.008031588142051176,STMDX,real estate,2018
2018-09-10,0.004216342209957368,STMDX,real estate,2018
2018-09-11,-0.0015796099276140971,STMDX,real estate,2018
2018-09-12,-0.00044111888171634913,STMDX,real estate,2018
2018-09-13,0.0016652595952124471,STMDX,real estate,2018
2018-09-14,-0.007364015033196432,STMDX,real estate,2018
2018-09-17,0.008015553504652639,STMDX,real estate,2018
2018-09-18,-0.007902618934271367,STMDX,real estate,2018
2018-09-19,-0.011794754454146805,STMDX,real estate,2018
2018-09-20,0.0029074285219003893,STMDX,real estate,2018
2018-09-21,-0.000597286851231862,STMDX,real estate,2018
2018-09-24,-0.01808272309100354,STMDX,real estate,2018
2018-09-25,0.0001860658770320606,STMDX,real estate,2018
2018-09-26,-0.010412015503458176,STMDX,real estate,2018
2018-09-27,0.0031774204779702097,STMDX,real estate,2018
2018-09-28,0.014999906094532731,STMDX,real estate,2018
2018-10-01,-0.010172577142662885,STMDX,real estate,2018
2018-10-02,-0.0029500067418182572,STMDX,real estate,2018
2018-10-03,-0.009756975004538364,STMDX,real estate,2018
2018-10-04,-0.004224725956595005,STMDX,real estate,2018
2018-10-05,0.004352815760158658,STMDX,real estate,2018
2018-10-08,0.014980752900011494,STMDX,real estate,2018
2018-10-09,0.003702436231034145,STMDX,real estate,2018
2018-10-10,0.001817331257543667,STMDX,real estate,2018
2018-10-11,-0.01591424180020492,STMDX,real estate,2018
2018-10-12,-0.010386258672994891,STMDX,real estate,2018
2018-10-15,0.008619685688133863,STMDX,real estate,2018
2018-10-16,0.00906503871282501,STMDX,real estate,2018
2018-10-17,-0.0017907544221618537,STMDX,real estate,2018
2018-10-18,0.006683253815427845,STMDX,real estate,2018
2018-10-19,0.006560531890998221,STMDX,real estate,2018
2018-10-22,-0.011535420736240793,STMDX,real estate,2018
2018-10-23,0.008245064501849642,STMDX,real estate,2018
2018-10-24,0.024087033951170816,STMDX,real estate,2018
2018-10-25,0.0041510632217226714,STMDX,real estate,2018
2018-10-26,-0.015298143122696905,STMDX,real estate,2018
2018-10-29,0.01400330519357566,STMDX,real estate,2018
2018-10-30,0.003935937832495439,STMDX,real estate,2018
2018-10-31,-0.018531965797184892,STMDX,real estate,2018
2018-11-01,-0.0006258617286758186,STMDX,real estate,2018
2018-11-02,-0.004455578623563016,STMDX,real estate,2018
2018-11-05,0.012308598277154085,STMDX,real estate,2018
2018-11-06,0.00029735645235695607,STMDX,real estate,2018
2018-11-07,0.002057087432231654,STMDX,real estate,2018
2018-11-08,0.0017294529164325776,STMDX,real estate,2018
2018-11-09,0.0039204438512535356,STMDX,real estate,2018
2018-11-12,0.009020313833310289,STMDX,real estate,2018
2018-11-13,0.0020266539850720662,STMDX,real estate,2018
2018-11-14,0.00047110659185797647,STMDX,real estate,2018
2018-11-15,-0.012900385675901696,STMDX,real estate,2018
2018-11-16,0.010609954313678022,STMDX,real estate,2018
2018-11-19,0.009121578057853985,STMDX,real estate,2018
2018-11-20,0.0007087295686776397,STMDX,real estate,2018
2018-11-21,0.0005090683868546498,STMDX,real estate,2018
2018-11-23,0.0006352691272359223,STMDX,real estate,2018
2018-11-26,-0.006931923850137569,STMDX,real estate,2018
2018-11-27,0.002934465205489103,STMDX,real estate,2018
2018-11-28,-0.0016355189650453274,STMDX,real estate,2018
2018-11-29,0.001397522823825857,STMDX,real estate,2018
2018-11-30,0.006109898552086947,STMDX,real estate,2018
2018-12-03,-0.0017609078636874843,STMDX,real estate,2018
2018-12-04,0.0032715773867262425,STMDX,real estate,2018
2018-12-06,0.02652758550103011,STMDX,real estate,2018
2018-12-07,0.0010200368251074912,STMDX,real estate,2018
2018-12-10,-0.005485669147195203,STMDX,real estate,2018
2018-12-11,0.0016483615728803646,STMDX,real estate,2018
2018-12-12,-0.02147269002306546,STMDX,real estate,2018
2018-12-13,0.007795908550176999,STMDX,real estate,2018
2018-12-14,0.00778975870133182,STMDX,real estate,2018
2018-12-17,-0.02670140047673767,STMDX,real estate,2018
2018-12-18,0.008177839358439607,STMDX,real estate,2018
2018-12-19,-0.0023110691052537335,STMDX,real estate,2018
2018-12-20,-0.005116769238916264,STMDX,real estate,2018
2018-12-21,-0.002453269733053768,STMDX,real estate,2018
2018-12-24,-0.02390307624199415,STMDX,real estate,2018
2018-12-26,0.006793048804847334,STMDX,real estate,2018
2018-12-27,-0.0045070083903714425,STMDX,real estate,2018
2018-12-28,0.00339024825157209,STMDX,real estate,2018
2018-12-29,-5.065482127720677e-05,STMDX,real estate,2018
2019-01-03,0.015145400461318704,STMDX,real estate,2019
2019-01-04,-0.0022465912370111044,STMDX,real estate,2019
2019-01-07,0.004817119770764235,STMDX,real estate,2019
2019-01-08,0.015835149800304697,STMDX,real estate,2019
2019-01-09,-0.006468503055333174,STMDX,real estate,2019
2019-01-10,0.012951185216027537,STMDX,real estate,2019
2019-01-11,0.002923955695624484,STMDX,real estate,2019
2019-01-14,-0.0029903015798734825,STMDX,real estate,2019
2019-01-15,0.005066111879220453,STMDX,real estate,2019
2019-01-16,0.005735852290521498,STMDX,real estate,2019
2019-01-17,1.2379277358298517e-05,STMDX,real estate,2019
2019-01-18,-0.0033793399546952186,STMDX,real estate,2019
2019-01-22,0.0036363520956665743,STMDX,real estate,2019
2019-01-23,-0.000603540309197184,STMDX,real estate,2019
2019-01-24,0.0016768998875251163,STMDX,real estate,2019
2019-01-25,0.007653205599271596,STMDX,real estate,2019
2019-01-28,0.01306186255670852,STMDX,real estate,2019
2019-01-29,0.007760885736311416,STMDX,real estate,2019
2019-01-30,0.0011718727534849767,STMDX,real estate,2019
2019-01-31,0.004431670022229726,STMDX,real estate,2019
2019-02-01,-0.00739582706488476,STMDX,real estate,2019
2019-02-04,0.006170627753903252,STMDX,real estate,2019
2019-02-05,0.0035221958042407795,STMDX,real estate,2019
2019-02-06,-0.006364270324332738,STMDX,real estate,2019
2019-02-07,0.012384339049662492,STMDX,real estate,2019
2019-02-08,-0.0005692347545025269,STMDX,real estate,2019
2019-02-11,0.0015199492796907149,STMDX,real estate,2019
2019-02-12,-0.01350497236825475,STMDX,real estate,2019
2019-02-13,0.0036132640750914657,STMDX,real estate,2019
2019-02-14,0.003921995651082345,STMDX,real estate,2019
2019-02-15,0.001312342184933541,STMDX,real estate,2019
2019-02-19,-0.0041326388551938785,STMDX,real estate,2019
2019-02-20,-0.00917322068727535,STMDX,real estate,2019
2019-02-21,-0.0002425491900810891,STMDX,real estate,2019
2019-02-22,0.0026843982790774354,STMDX,real estate,2019
2019-02-25,-0.008419009513514786,STMDX,real estate,2019
2019-02-26,-0.003201962452570514,STMDX,real estate,2019
2019-02-27,-0.006209246726429673,STMDX,real estate,2019
2019-02-28,0.0025059560169903004,STMDX,real estate,2019
2019-03-01,-0.005976371715759019,STMDX,real estate,2019
2019-03-04,0.004530340246602783,STMDX,real estate,2019
2019-03-05,0.002562565966123042,STMDX,real estate,2019
2019-03-06,-0.0021437001957111713,STMDX,real estate,2019
2019-03-07,0.0005992700521876134,STMDX,real estate,2019
2019-03-08,0.0007129345823469785,STMDX,real estate,2019
2019-03-11,0.008161092170127539,STMDX,real estate,2019
2019-03-12,0.001280533638047736,STMDX,real estate,2019
2019-03-13,0.0014364279226641106,STMDX,real estate,2019
2019-03-14,0.0032586096002040574,STMDX,real estate,2019
2019-03-15,-0.005905725654546443,STMDX,real estate,2019
2019-03-18,-0.007975857027114787,STMDX,real estate,2019
2019-03-19,-0.00407827326293499,STMDX,real estate,2019
2019-03-20,0.004230190479945979,STMDX,real estate,2019
2019-03-21,0.012299159756539654,STMDX,real estate,2019
2019-03-22,0.0011523434896918748,STMDX,real estate,2019
2019-03-25,-0.0005657053916325945,STMDX,real estate,2019
2019-03-26,0.006188910004010935,STMDX,real estate,2019
2019-03-27,-0.0013303154527457444,STMDX,real estate,2019
2019-03-28,0.008085913317278435,STMDX,real estate,2019
2019-03-29,-0.006401004465222416,STMDX,real estate,2019
2019-04-01,-0.004541385017397269,STMDX,real estate,2019
2019-04-02,0.005808156822807135,STMDX,real estate,2019
2019-04-03,-0.0017355264895957232,STMDX,real estate,2019
2019-04-04,-0.003679027990934933,STMDX,real estate,2019
2019-04-05,0.0038046960482971933,STMDX,real estate,2019
2019-04-08,-0.0069463683443636145,STMDX,real estate,2019
2019-04-09,-0.0033862959820849434,STMDX,real estate,2019
2019-04-10,0.008723821053727925,STMDX,real estate,2019
2019-04-11,-0.0025097282252747725,STMDX,real estate,2019
2019-04-12,0.002007660887934061,STMDX,real estate,2019
2019-04-15,-0.0068689358116774905,STMDX,real estate,2019
2019-04-16,-0.025355284111847804,STMDX,real estate,2019
2019-04-17,-0.007919098852309996,STMDX,real estate,2019
2019-04-18,0.005919529610918984,STMDX,real estate,2019
2019-04-22,-0.012865782778950707,STMDX,real estate,2019
2019-04-23,0.0073681409167572955,STMDX,real estate,2019
2019-04-24,0.009862764979176944,STMDX,real estate,2019
2019-04-25,-0.0006199319311027661,STMDX,real estate,2019
2019-04-26,0.003968588524841263,STMDX,real estate,2019
2019-04-29,-0.012200390220685238,STMDX,real estate,2019
2019-04-30,0.008478833138956633,STMDX,real estate,2019
2019-05-01,0.005182344426131135,STMDX,real estate,2019
2019-05-02,0.0017774819033186538,STMDX,real estate,2019
2019-05-03,0.0064603832623722005,STMDX,real estate,2019
2019-05-06,-0.0012428781406257877,STMDX,real estate,2019
2019-05-07,-0.00963696237682064,STMDX,real estate,2019
2019-05-08,-0.0026202277660407336,STMDX,real estate,2019
2019-05-09,0.00418955873561505,STMDX,real estate,2019
2019-05-10,0.0055976334149499506,STMDX,real estate,2019
2019-05-13,0.006807110183993121,STMDX,real estate,2019
2019-05-14,0.0006494262024407506,STMDX,real estate,2019
2019-05-15,0.0026479956699090182,STMDX,real estate,2019
2019-05-16,0.0012690264985646639,STMDX,real estate,2019
2019-05-17,-0.0003019022008946457,STMDX,real estate,2019
2019-05-20,-0.013059618621484657,STMDX,real estate,2019
2019-05-21,0.006788531557334537,STMDX,real estate,2019
2019-05-22,0.003636925919647367,STMDX,real estate,2019
2019-05-23,0.0049873707256458425,STMDX,real estate,2019
2019-05-24,0.002264338013984655,STMDX,real estate,2019
2019-05-28,-0.007689307197772041,STMDX,real estate,2019
2019-05-29,-0.011363027625478894,STMDX,real estate,2019
2019-05-30,0.0021587087262812375,STMDX,real estate,2019
2019-05-31,0.01009722426044372,STMDX,real estate,2019
2019-06-03,0.0014169023916183686,STMDX,real estate,2019
2019-06-04,-0.015044949180671164,STMDX,real estate,2019
2019-06-05,0.015885285313294476,STMDX,real estate,2019
2019-06-06,-0.002681948838103447,STMDX,real estate,2019
2019-06-07,-0.0010662849436728237,STMDX,real estate,2019
2019-06-10,-0.004669609714918678,STMDX,real estate,2019
2019-06-11,0.001988910518232973,STMDX,real estate,2019
2019-06-12,0.003334231305400299,STMDX,real estate,2019
2019-06-13,0.0012384203629165346,STMDX,real estate,2019
2019-06-14,0.0008217567717176604,STMDX,real estate,2019
2019-06-17,0.008893479168382725,STMDX,real estate,2019
2019-06-18,-0.005490150846340763,STMDX,real estate,2019
2019-06-19,0.0038951480445211487,STMDX,real estate,2019
2019-06-20,-0.00024424579721881237,STMDX,real estate,2019
2019-06-21,-0.011935924495244091,STMDX,real estate,2019
2019-06-24,-0.0060231031744097325,STMDX,real estate,2019
2019-06-25,-0.009088809057922045,STMDX,real estate,2019
2019-06-26,-0.020748127248073733,STMDX,real estate,2019
2019-06-27,0.008596578254102984,STMDX,real estate,2019
2019-06-28,0.003214656939836182,STMDX,real estate,2019
2019-07-01,-0.004709507436605738,STMDX,real estate,2019
2019-07-02,0.016354315806966887,STMDX,real estate,2019
2019-07-03,0.007926554924782296,STMDX,real estate,2019
2019-07-05,-0.0033553435482868636,STMDX,real estate,2019
2019-07-08,0.005765915765354969,STMDX,real estate,2019
2019-07-09,0.002586504958568368,STMDX,real estate,2019
2019-07-10,0.0036239255003517835,STMDX,real estate,2019
2019-07-11,-0.013707276572619673,STMDX,real estate,2019
2019-07-12,-0.004598090905223453,STMDX,real estate,2019
2019-07-15,-0.002220378694160856,STMDX,real estate,2019
2019-07-16,-0.0025452206856286593,STMDX,real estate,2019
2019-07-17,-0.001385564266597084,STMDX,real estate,2019
2019-07-18,-0.0023058802587775638,STMDX,real estate,2019
2019-07-19,-0.01609031409480943,STMDX,real estate,2019
2019-07-22,-0.0023407629749188676,STMDX,real estate,2019
2019-07-23,0.007471798380183004,STMDX,real estate,2019
2019-07-24,-0.0017151086382837322,STMDX,real estate,2019
2019-07-25,-0.005236546389960432,STMDX,real estate,2019
2019-07-26,0.0005260734341916468,STMDX,real estate,2019
2019-07-29,0.004641745891028036,STMDX,real estate,2019
2019-07-30,0.00812698434006085,STMDX,real estate,2019
2019-07-31,-2.2700309096172766e-07,STMDX,real estate,2019
2019-08-01,0.003839427385297511,STMDX,real estate,2019
2019-08-02,0.008354832871003873,STMDX,real estate,2019
2019-08-05,-0.008754740300042935,STMDX,real estate,2019
2019-08-06,0.0054634779759741145,STMDX,real estate,2019
2019-08-07,0.009151654796220909,STMDX,real estate,2019
2019-08-08,0.007946476826705089,STMDX,real estate,2019
2019-08-09,0.0035507049256778404,STMDX,real estate,2019
2019-08-12,0.0042148157326144355,STMDX,real estate,2019
2019-08-13,-0.007009900946578889,STMDX,real estate,2019
2019-08-14,-0.003236687679920894,STMDX,real estate,2019
2019-08-15,0.00944373520536904,STMDX,real estate,2019
2019-08-16,0.0042803416497720174,STMDX,real estate,2019
2019-08-19,0.0021019932767741244,STMDX,real estate,2019
2019-08-20,-0.00595489632800655,STMDX,real estate,2019
2019-08-21,0.00027638636414952737,STMDX,real estate,2019
2019-08-22,0.004326439386830571,STMDX,real estate,2019
2019-08-23,-0.002881717255372812,STMDX,real estate,2019
2019-08-26,0.0032553177863657717,STMDX,real estate,2019
2019-08-27,-0.003861705346598505,STMDX,real estate,2019
2019-08-28,-0.0004969372410762118,STMDX,real estate,2019
2019-08-29,0.0030061888066006993,STMDX,real estate,2019
2019-08-30,4.680858844620823e-05,STMDX,real estate,2019
2019-09-03,0.011019009863879582,STMDX,real estate,2019
2019-09-04,0.0019930373994700686,STMDX,real estate,2019
2019-09-05,-0.012509792103698446,STMDX,real estate,2019
2019-09-06,0.0009786661157507519,STMDX,real estate,2019
2019-09-09,-0.006942436888945471,STMDX,real estate,2019
2019-09-10,-0.011913070936497176,STMDX,real estate,2019
2019-09-11,-0.0024627354545008894,STMDX,real estate,2019
2019-09-12,0.0025806000801564524,STMDX,real estate,2019
2019-09-13,-0.011094054891603037,STMDX,real estate,2019
2019-09-16,0.010034209905846225,STMDX,real estate,2019
2019-09-17,0.010112884454729278,STMDX,real estate,2019
2019-09-18,-0.003918099442348975,STMDX,real estate,2019
2019-09-19,0.003214531337874563,STMDX,real estate,2019
2019-09-20,0.0015008895609724905,STMDX,real estate,2019
2019-09-23,0.0016118296887826123,STMDX,real estate,2019
2019-09-24,0.0015580492139400403,STMDX,real estate,2019
2019-09-25,-0.0022417717051533724,STMDX,real estate,2019
2019-09-26,0.007763429269156849,STMDX,real estate,2019
2019-09-27,-0.005056749800132405,STMDX,real estate,2019
2019-09-30,0.00015950980619235458,STMDX,real estate,2019
2019-10-01,-0.003921941523895102,STMDX,real estate,2019
2019-10-02,0.004248126847203359,STMDX,real estate,2019
2019-10-03,0.007118637435825675,STMDX,real estate,2019
2019-10-04,-0.0014847485371033194,STMDX,real estate,2019
2019-10-07,-0.0007769029349059518,STMDX,real estate,2019
2019-10-08,0.0013068853698231337,STMDX,real estate,2019
2019-10-09,-0.0024779132470842506,STMDX,real estate,2019
2019-10-10,-0.0032858693744834133,STMDX,real estate,2019
2019-10-11,-0.006364345628348615,STMDX,real estate,2019
2019-10-14,0.00030643073612410097,STMDX,real estate,2019
2019-10-15,-0.0047645156263003115,STMDX,real estate,2019
2019-10-16,0.000737498997418981,STMDX,real estate,2019
2019-10-17,0.004833422723772796,STMDX,real estate,2019
2019-10-18,0.010036309976099068,STMDX,real estate,2019
2019-10-21,0.003912298373479471,STMDX,real estate,2019
2019-10-22,-0.0032354731383981462,STMDX,real estate,2019
2019-10-23,-0.0008329642771437888,STMDX,real estate,2019
2019-10-24,-9.702509478400501e-05,STMDX,real estate,2019
2019-10-25,-0.012631028579299496,STMDX,real estate,2019
2019-10-28,-0.0035408947852286245,STMDX,real estate,2019
2019-10-29,0.0018483852439516203,STMDX,real estate,2019
2019-10-30,0.004474728337248769,STMDX,real estate,2019
2019-10-31,-0.0007105919559747712,STMDX,real estate,2019
2019-11-01,-0.004972954936031492,STMDX,real estate,2019
2019-11-04,-0.011717518071695136,STMDX,real estate,2019
2019-11-05,-0.018218412208485513,STMDX,real estate,2019
2019-11-06,0.0035998962076218806,STMDX,real estate,2019
2019-11-07,-0.01174614278432163,STMDX,real estate,2019
2019-11-08,-0.0047040558073754134,STMDX,real estate,2019
2019-11-11,0.0020754645503386487,STMDX,real estate,2019
2019-11-12,-0.009612745442675208,STMDX,real estate,2019
2019-11-13,0.007987796288139958,STMDX,real estate,2019
2019-11-14,0.00794441910409372,STMDX,real estate,2019
2019-11-15,0.0020014683392703047,STMDX,real estate,2019
2019-11-18,0.005256192720722591,STMDX,real estate,2019
2019-11-19,0.0013896168947263947,STMDX,real estate,2019
2019-11-20,-0.0007781909404896474,STMDX,real estate,2019
2019-11-21,-0.014318841229770516,STMDX,real estate,2019
2019-11-22,-0.0060227695716470854,STMDX,real estate,2019
2019-11-25,-0.0007997528236383645,STMDX,real estate,2019
2019-11-26,0.011882960367589445,STMDX,real estate,2019
2019-11-27,0.0030532386690850957,STMDX,real estate,2019
2019-11-29,-0.003126705534795169,STMDX,real estate,2019
2019-12-02,-0.013732281998644342,STMDX,real estate,2019
2019-12-03,0.008277120045768454,STMDX,real estate,2019
2019-12-04,0.0007574153938716952,STMDX,real estate,2019
2019-12-05,-0.0015562639817151929,STMDX,real estate,2019
2019-12-06,-0.003513168908984978,STMDX,real estate,2019
2019-12-09,0.0015862830129903895,STMDX,real estate,2019
2019-12-10,-0.007506317561754405,STMDX,real estate,2019
2019-12-11,-0.012497213211775802,STMDX,real estate,2019
2019-12-12,-0.01878173770923419,STMDX,real estate,2019
2019-12-13,0.00042514184675595157,STMDX,real estate,2019
2019-12-16,0.004026354580455199,STMDX,real estate,2019
2019-12-17,-0.0095052472654812,STMDX,real estate,2019
2019-12-18,0.01156033996361725,STMDX,real estate,2019
2019-12-19,0.007556396246061576,STMDX,real estate,2019
2019-12-20,0.003620407788071412,STMDX,real estate,2019
2019-12-23,-0.007387964135635619,STMDX,real estate,2019
2019-12-24,0.0006233192143157594,STMDX,real estate,2019
2019-12-26,0.002746218020500587,STMDX,real estate,2019
2019-12-27,0.0031949948030151024,STMDX,real estate,2019
2019-12-30,0.003029292546422927,STMDX,real estate,2019
2020-01-06,-0.0032457970200357586,STMDX,real estate,2020
2020-01-07,-0.009792284868842286,STMDX,real estate,2020
2020-01-08,-0.00016174928573946257,STMDX,real estate,2020
2020-01-09,-0.006709249051692732,STMDX,real estate,2020
2020-01-10,0.012428773981062452,STMDX,real estate,2020
2020-01-13,0.0020164833933447365,STMDX,real estate,2020
2020-01-14,-0.0018310667361150293,STMDX,real estate,2020
2020-01-15,0.00649596526369613,STMDX,real estate,2020
2020-01-16,0.000581199954523071,STMDX,real estate,2020
2020-01-17,-0.0017692087998062566,STMDX,real estate,2020
2020-01-21,0.012361791041067117,STMDX,real estate,2020
2020-01-22,-0.00565767055039616,STMDX,real estate,2020
2020-01-23,0.006810685671086953,STMDX,real estate,2020
2020-01-24,0.007212385672895123,STMDX,real estate,2020
2020-01-27,0.013755211277304058,STMDX,real estate,2020
2020-01-28,-0.007375689636116161,STMDX,real estate,2020
2020-01-29,-0.0029817972928855912,STMDX,real estate,2020
2020-01-30,-0.0014380226148931515,STMDX,real estate,2020
2020-01-31,0.008164486796994979,STMDX,real estate,2020
2020-02-03,-0.0035429543722825673,STMDX,real estate,2020
2020-02-04,-0.005287748560494309,STMDX,real estate,2020
2020-02-05,-0.01307286476194908,STMDX,real estate,2020
2020-02-06,0.0012927297972027936,STMDX,real estate,2020
2020-02-07,0.005479075684066693,STMDX,real estate,2020
2020-02-10,0.005155401710257362,STMDX,real estate,2020
2020-02-11,0.006049162560649503,STMDX,real estate,2020
2020-02-12,0.00018754719225757416,STMDX,real estate,2020
2020-02-13,0.007829171005529979,STMDX,real estate,2020
2020-02-14,0.009503891496123433,STMDX,real estate,2020
2020-02-18,0.0020756679859133564,STMDX,real estate,2020
2020-02-19,-0.01800372641938352,STMDX,real estate,2020
2020-02-20,0.01759593938488633,STMDX,real estate,2020
2020-02-21,0.01319092332657514,STMDX,real estate,2020
2020-02-24,0.023395909422848075,STMDX,real estate,2020
2020-02-25,0.007858410342200271,STMDX,real estate,2020
2020-02-26,-0.00746438611935289,STMDX,real estate,2020
2020-02-27,-0.004434801307598907,STMDX,real estate,2020
2020-02-28,-0.019673623522939547,STMDX,real estate,2020
2020-03-02,-0.0031180038310355956,STMDX,real estate,2020
2020-03-03,0.030213176032039372,STMDX,real estate,2020
2020-03-04,-0.007713485638059042,STMDX,real estate,2020
2020-03-05,0.013579411605487413,STMDX,real estate,2020
2020-03-06,0.004274829055702379,STMDX,real estate,2020
2020-03-09,0.012300555718764997,STMDX,real estate,2020
2020-03-10,-0.015533721409618263,STMDX,real estate,2020
2020-03-11,-0.003578524146363511,STMDX,real estate,2020
2020-03-12,0.01111175496687386,STMDX,real estate,2020
2020-03-13,-0.0022101423749163324,STMDX,real estate,2020
2020-03-16,-0.05868125731332728,STMDX,real estate,2020
2020-03-17,-0.003013645979697631,STMDX,real estate,2020
2020-03-18,-0.035680083737238355,STMDX,real estate,2020
2020-03-19,0.004353199124679112,STMDX,real estate,2020
2020-03-20,0.007330854840993571,STMDX,real estate,2020
2020-03-23,-0.015919661676690903,STMDX,real estate,2020
2020-03-24,-0.01182501800439624,STMDX,real estate,2020
2020-03-25,0.03557054756732908,STMDX,real estate,2020
2020-03-26,0.009807508265177317,STMDX,real estate,2020
2020-03-27,0.04109975146246035,STMDX,real estate,2020
2020-03-30,-0.005861745886895545,STMDX,real estate,2020
2020-03-31,-0.004847493193621943,STMDX,real estate,2020
2020-04-01,-0.015716646735350233,STMDX,real estate,2020
2020-04-02,-0.011708021978331654,STMDX,real estate,2020
2020-04-03,0.0031497698088456504,STMDX,real estate,2020
2020-04-06,-0.0034406833194686876,STMDX,real estate,2020
2020-04-07,0.0032903102608750606,STMDX,real estate,2020
2020-04-08,0.026164768937120726,STMDX,real estate,2020
2020-04-09,0.0330828201263606,STMDX,real estate,2020
2020-04-13,-0.032755101842441466,STMDX,real estate,2020
2020-04-14,-0.0006837340138113462,STMDX,real estate,2020
2020-04-15,-0.013704307000231696,STMDX,real estate,2020
2020-04-16,-0.010179923950064531,STMDX,real estate,2020
2020-04-17,0.001829586479210804,STMDX,real estate,2020
2020-04-20,-0.017584257057564303,STMDX,real estate,2020
2020-04-21,0.014192119758006667,STMDX,real estate,2020
2020-04-22,-0.0033467873371468525,STMDX,real estate,2020
2020-04-23,-0.009119646277192642,STMDX,real estate,2020
2020-04-24,-0.009653713531301213,STMDX,real estate,2020
2020-04-27,0.015889633252153743,STMDX,real estate,2020
2020-04-28,0.010871957301861884,STMDX,real estate,2020
2020-04-29,-0.01444402991954946,STMDX,real estate,2020
2020-04-30,-0.0003875337165716343,STMDX,real estate,2020
2020-05-01,-0.0023953693135575875,STMDX,real estate,2020
2020-05-04,-0.003538101030427488,STMDX,real estate,2020
2020-05-05,-0.0022101739368004603,STMDX,real estate,2020
2020-05-06,-0.005339689957361846,STMDX,real estate,2020
2020-05-07,-0.003729140307528786,STMDX,real estate,2020
2020-05-08,0.010696744467320714,STMDX,real estate,2020
2020-05-11,-0.01406339513458219,STMDX,real estate,2020
2020-05-12,-0.023891401491751736,STMDX,real estate,2020
2020-05-13,-0.0014350027665660722,STMDX,real estate,2020
2020-05-14,-0.01044581160727988,STMDX,real estate,2020
2020-05-15,-0.007797732450206693,STMDX,real estate,2020
2020-05-18,0.023752690509344955,STMDX,real estate,2020
2020-05-19,-0.003741034186621476,STMDX,real estate,2020
2020-05-20,-0.008074415073706214,STMDX,real estate,2020
2020-05-21,0.010842499208682382,STMDX,real estate,2020
2020-05-22,0.01626745968522001,STMDX,real estate,2020
2020-05-26,0.020555582376372013,STMDX,real estate,2020
2020-05-27,0.005023670358179744,STMDX,real estate,2020
2020-05-28,0.011306161643107163,STMDX,real estate,2020
2020-05-29,-0.015814860568554134,STMDX,real estate,2020
2020-06-01,0.01671093995320569,STMDX,real estate,2020
2020-06-02,0.0012711299621867619,STMDX,real estate,2020
2020-06-03,0.016932797068407987,STMDX,real estate,2020
2020-06-04,-0.00995593825410486,STMDX,real estate,2020
2020-06-05,0.004125433960939659,STMDX,real estate,2020
2020-06-08,0.008016276336796984,STMDX,real estate,2020
2020-06-09,-0.005490051459992571,STMDX,real estate,2020
2020-06-10,-0.01726800583169015,STMDX,real estate,2020
2020-06-11,0.0021931114040812175,STMDX,real estate,2020
2020-06-12,0.02224455667907207,STMDX,real estate,2020
2020-06-15,0.0068278736431102716,STMDX,real estate,2020
2020-06-16,0.0011614636035703549,STMDX,real estate,2020
2020-06-17,-0.008461974894036129,STMDX,real estate,2020
2020-06-18,-0.010388862217941695,STMDX,real estate,2020
2020-06-19,-0.004421342773744513,STMDX,real estate,2020
2020-06-22,-0.00685496351197738,STMDX,real estate,2020
2020-06-23,-0.009777461022782239,STMDX,real estate,2020
2020-06-24,0.0032059899670733895,STMDX,real estate,2020
2020-06-25,0.003858861658803999,STMDX,real estate,2020
2020-06-26,0.00847944967505741,STMDX,real estate,2020
2020-06-29,-0.00030906144235231907,STMDX,real estate,2020
2020-06-30,-0.00015425132772419088,STMDX,real estate,2020
2020-07-01,0.01835033734606901,STMDX,real estate,2020
2020-07-02,-0.00935061237186486,STMDX,real estate,2020
2020-07-06,-0.01690830835251256,STMDX,real estate,2020
2020-07-07,-0.0075699395136699914,STMDX,real estate,2020
2020-07-08,-0.00930003611040596,STMDX,real estate,2020
2020-07-09,0.002143320934379283,STMDX,real estate,2020
2020-07-10,-0.008217006140082113,STMDX,real estate,2020
2020-07-13,-0.004587183713874635,STMDX,real estate,2020
2020-07-14,-0.0030475316100711317,STMDX,real estate,2020
2020-07-15,-0.002666228716651009,STMDX,real estate,2020
2020-07-16,-0.006244560702588383,STMDX,real estate,2020
2020-07-17,0.013366319763786723,STMDX,real estate,2020
2020-07-20,-0.017709366186394057,STMDX,real estate,2020
2020-07-21,-0.0002774028717392814,STMDX,real estate,2020
2020-07-22,0.012151542440533483,STMDX,real estate,2020
2020-07-23,0.009520638467656006,STMDX,real estate,2020
2020-07-24,0.0016384518949453877,STMDX,real estate,2020
2020-07-27,0.005075059402507397,STMDX,real estate,2020
2020-07-28,0.027030175304417137,STMDX,real estate,2020
2020-07-29,0.007761413653134597,STMDX,real estate,2020
2020-07-30,0.0008733573597087094,STMDX,real estate,2020
2020-07-31,-0.009754563984599701,STMDX,real estate,2020
2020-08-03,-0.01815174083052096,STMDX,real estate,2020
2020-08-04,0.00890060866511255,STMDX,real estate,2020
2020-08-05,-0.009751722233558606,STMDX,real estate,2020
2020-08-06,-0.004767514574431273,STMDX,real estate,2020
2020-08-07,0.011658235647801768,STMDX,real estate,2020
2020-08-10,-0.003890118920041271,STMDX,real estate,2020
2020-08-11,-0.007249682486704857,STMDX,real estate,2020
2020-08-12,-0.001292459445403335,STMDX,real estate,2020
2020-08-13,-0.009364578996112599,STMDX,real estate,2020
2020-08-14,-0.00017487035800022325,STMDX,real estate,2020
2020-08-17,0.007219873578702591,STMDX,real estate,2020
2020-08-18,-0.006133982160849466,STMDX,real estate,2020
2020-08-19,-0.014237528983726745,STMDX,real estate,2020
2020-08-20,0.006093061233610076,STMDX,real estate,2020
2020-08-21,-0.0018757058224427934,STMDX,real estate,2020
2020-08-24,-0.006110789446016035,STMDX,real estate,2020
2020-08-25,-0.0007765511898527818,STMDX,real estate,2020
2020-08-26,-0.019432905227214945,STMDX,real estate,2020
2020-08-27,0.011014267362232365,STMDX,real estate,2020
2020-08-28,-0.0032158211911213954,STMDX,real estate,2020
2020-08-31,-0.0032592165483911577,STMDX,real estate,2020
2020-09-01,-0.009834139734963354,STMDX,real estate,2020
2020-09-02,0.004971076451804491,STMDX,real estate,2020
2020-09-03,0.02429978450461049,STMDX,real estate,2020
2020-09-04,0.0037462392249102963,STMDX,real estate,2020
2020-09-08,0.014755603041195567,STMDX,real estate,2020
2020-09-09,-0.009543241372873754,STMDX,real estate,2020
2020-09-10,0.005203043256023783,STMDX,real estate,2020
2020-09-11,-0.005002415318813378,STMDX,real estate,2020
2020-09-14,0.00874189765176024,STMDX,real estate,2020
2020-09-15,0.009146628018882661,STMDX,real estate,2020
2020-09-16,0.007814835532976978,STMDX,real estate,2020
2020-09-17,-0.010303060750946304,STMDX,real estate,2020
2020-09-18,-0.0064598108885318695,STMDX,real estate,2020
2020-09-21,-0.013480314191511748,STMDX,real estate,2020
2020-09-22,-0.0004155703325064673,STMDX,real estate,2020
2020-09-23,-0.004403283105341122,STMDX,real estate,2020
2020-09-24,0.0025701140730275056,STMDX,real estate,2020
2020-09-25,0.0028371221262710015,STMDX,real estate,2020
2020-09-28,0.004463016062557782,STMDX,real estate,2020
2020-09-29,-4.847620871626084e-05,STMDX,real estate,2020
2020-09-30,-0.00456867767680443,STMDX,real estate,2020
2020-10-01,0.012504061924362054,STMDX,real estate,2020
2020-10-02,0.027815740024825,STMDX,real estate,2020
2020-10-05,-0.011482567599662735,STMDX,real estate,2020
2020-10-06,0.011103489782268855,STMDX,real estate,2020
2020-10-07,-0.01718626293656353,STMDX,real estate,2020
2020-10-08,0.008092495964924024,STMDX,real estate,2020
2020-10-09,-0.010072954936402199,STMDX,real estate,2020
2020-10-12,-0.011381034140948683,STMDX,real estate,2020
2020-10-13,-0.008459215215703123,STMDX,real estate,2020
2020-10-14,-0.007683167477592359,STMDX,real estate,2020
2020-10-15,0.00808741815249299,STMDX,real estate,2020
2020-10-16,-0.006340647752603462,STMDX,real estate,2020
2020-10-19,0.0012054018568812448,STMDX,real estate,2020
2020-10-20,0.0038593511089999367,STMDX,real estate,2020
2020-10-21,-0.00024539042025425745,STMDX,real estate,2020
2020-10-22,-0.004766433876024515,STMDX,real estate,2020
2020-10-23,0.003140440284248675,STMDX,real estate,2020
2020-10-26,0.007352541512201662,STMDX,real estate,2020
2020-10-27,-0.010218702214266856,STMDX,real estate,2020
2020-10-28,0.013298181049090668,STMDX,real estate,2020
2020-10-29,0.0008758419290284571,STMDX,real estate,2020
2020-10-30,0.004445212271571707,STMDX,real estate,2020
2020-11-02,0.011475753168185802,STMDX,real estate,2020
2020-11-03,0.0006759257068822237,STMDX,real estate,2020
2020-11-04,-0.018759325541532687,STMDX,real estate,2020
2020-11-05,-0.01435693745697083,STMDX,real estate,2020
2020-11-06,-0.004955728597440837,STMDX,real estate,2020
2020-11-09,0.009219243988993268,STMDX,real estate,2020
2020-11-10,0.02003509267991153,STMDX,real estate,2020
2020-11-11,0.0018449650789086423,STMDX,real estate,2020
2020-11-12,0.0014905764831392668,STMDX,real estate,2020
2020-11-13,0.009296338497052041,STMDX,real estate,2020
2020-11-16,-0.006863348025787425,STMDX,real estate,2020
2020-11-17,0.005982577156034084,STMDX,real estate,2020
2020-11-18,-0.005290960461318963,STMDX,real estate,2020
2020-11-19,-0.000607775739196913,STMDX,real estate,2020
2020-11-20,0.004267658881756882,STMDX,real estate,2020
2020-11-23,-0.008404895925183994,STMDX,real estate,2020
2020-11-24,-0.014534703738363498,STMDX,real estate,2020
2020-11-25,0.004614962474637815,STMDX,real estate,2020
2020-11-27,-0.006952702798181984,STMDX,real estate,2020
2020-11-30,-0.0032381947784846273,STMDX,real estate,2020
2020-12-01,0.0016709078818695523,STMDX,real estate,2020
2020-12-02,-0.01563292859431104,STMDX,real estate,2020
2020-12-03,0.006363841317757635,STMDX,real estate,2020
2020-12-04,0.006958996219227916,STMDX,real estate,2020
2020-12-07,-0.004706265821579193,STMDX,real estate,2020
2020-12-08,-0.007111966166486511,STMDX,real estate,2020
2020-12-09,0.005098809396372374,STMDX,real estate,2020
2020-12-10,-0.0005740448060100247,STMDX,real estate,2020
2020-12-11,0.0019196941130494806,STMDX,real estate,2020
2020-12-14,0.0012940174780124158,STMDX,real estate,2020
2020-12-15,0.006857375432067549,STMDX,real estate,2020
2020-12-16,-0.0010550556399280722,STMDX,real estate,2020
2020-12-17,0.005711959465870831,STMDX,real estate,2020
2020-12-18,-0.013965456459662379,STMDX,real estate,2020
2020-12-21,9.019593793307273e-05,STMDX,real estate,2020
2020-12-22,0.01348512523299911,STMDX,real estate,2020
2020-12-23,-0.010698293917413976,STMDX,real estate,2020
2020-12-24,0.005334712678814853,STMDX,real estate,2020
2020-12-28,-0.0029602072544329533,STMDX,real estate,2020
2020-12-29,-0.004512044684894128,STMDX,real estate,2020
2020-12-30,0.0032609947858032295,STMDX,real estate,2020
2021-01-05,-0.0034370399122143707,STMDX,real estate,2021
2021-01-06,-0.002534097774376178,STMDX,real estate,2021
2021-01-07,-0.011990376324785838,STMDX,real estate,2021
2021-01-08,0.004269136495105764,STMDX,real estate,2021
2021-01-11,-0.009803534391574081,STMDX,real estate,2021
2021-01-12,0.0002255040615736475,STMDX,real estate,2021
2021-01-13,0.013596822999764974,STMDX,real estate,2021
2021-01-14,0.005707357792547446,STMDX,real estate,2021
2021-01-15,0.016698545725807618,STMDX,real estate,2021
2021-01-19,-0.01061102812001883,STMDX,real estate,2021
2021-01-20,0.00888206466924521,STMDX,real estate,2021
2021-01-21,-0.00563695106370018,STMDX,real estate,2021
2021-01-22,0.0025794179554369497,STMDX,real estate,2021
2021-01-25,0.0008430023930190681,STMDX,real estate,2021
2021-01-26,0.008261035281286558,STMDX,real estate,2021
2021-01-27,-0.0032316709393310356,STMDX,real estate,2021
2021-01-28,-0.0019043935744517456,STMDX,real estate,2021
2021-01-29,0.005318029263098377,STMDX,real estate,2021
2021-02-01,0.012980218095251007,STMDX,real estate,2021
2021-02-02,-0.005427471320902311,STMDX,real estate,2021
2021-02-03,-0.003986103102257349,STMDX,real estate,2021
2021-02-04,-0.0037278400782395204,STMDX,real estate,2021
2021-02-05,0.001005774250278335,STMDX,real estate,2021
2021-02-08,-0.002329476713788789,STMDX,real estate,2021
2021-02-09,0.0034855472332463657,STMDX,real estate,2021
2021-02-10,0.006259553492821108,STMDX,real estate,2021
2021-02-11,-0.0020743526940279625,STMDX,real estate,2021
2021-02-12,-0.005403127333355444,STMDX,real estate,2021
2021-02-16,-0.009370593134109902,STMDX,real estate,2021
2021-02-17,-0.0015903636438427912,STMDX,real estate,2021
2021-02-18,-0.0011356640000236597,STMDX,real estate,2021
2021-02-19,0.004280933270988652,STMDX,real estate,2021
2021-02-22,0.01093015227622547,STMDX,real estate,2021
2021-02-23,0.0009088436242629064,STMDX,real estate,2021
2021-02-24,-0.00725830688494402,STMDX,real estate,2021
2021-02-25,-0.0012538274599822666,STMDX,real estate,2021
2021-02-26,-0.011484292885265356,STMDX,real estate,2021
2021-03-01,-0.01252989294165209,STMDX,real estate,2021
2021-03-02,-0.00521996342753539,STMDX,real estate,2021
2021-03-03,-0.0004561576983523174,STMDX,real estate,2021
2021-03-04,0.001917671969387919,STMDX,real estate,2021
2021-03-05,-0.002100402031694669,STMDX,real estate,2021
2021-03-08,0.00920537872962041,STMDX,real estate,2021
2021-03-09,-0.002431059005504964,STMDX,real estate,2021
2021-03-10,0.0036986133979940005,STMDX,real estate,2021
2021-03-11,0.000354650440071139,STMDX,real estate,2021
2021-03-12,0.016137794233459485,STMDX,real estate,2021
2021-03-15,0.00867921610125811,STMDX,real estate,2021
2021-03-16,-0.0017094999379126247,STMDX,real estate,2021
2021-03-17,-0.004778711683658311,STMDX,real estate,2021
2021-03-18,0.0014383525024510013,STMDX,real estate,2021
2021-03-19,-0.013424937206813356,STMDX,real estate,2021
2021-03-22,0.0020153535368374184,STMDX,real estate,2021
2021-03-23,0.006829731659304731,STMDX,real estate,2021
2021-03-24,-0.001710725675049579,STMDX,real estate,2021
2021-03-25,0.0033933661610894127,STMDX,real estate,2021
2021-03-26,0.009720055954264397,STMDX,real estate,2021
2021-03-29,-0.004835958334137694,STMDX,real estate,2021
2021-03-30,-0.00041311231032800286,STMDX,real estate,2021
2021-03-31,-0.01026485746617261,STMDX,real estate,2021
2021-04-01,0.009767249440909133,STMDX,real estate,2021
2021-04-05,-0.006102208717410701,STMDX,real estate,2021
2021-04-06,0.004211584887405008,STMDX,real estate,2021
2021-04-07,-0.0005670303697899462,STMDX,real estate,2021
2021-04-08,-0.006625650123097059,STMDX,real estate,2021
2021-04-09,-0.007476944946364803,STMDX,real estate,2021
2021-04-12,0.005886321952372509,STMDX,real estate,2021
2021-04-13,0.00329933802144816,STMDX,real estate,2021
2021-04-14,-0.005945790826341203,STMDX,real estate,2021
2021-04-15,0.011633337214408701,STMDX,real estate,2021
2021-04-16,-0.0014435621051902597,STMDX,real estate,2021
2021-04-19,0.005311824803153803,STMDX,real estate,2021
2021-04-20,0.014332217689000103,STMDX,real estate,2021
2021-04-21,-0.003982214222433618,STMDX,real estate,2021
2021-04-22,0.0005794663166155973,STMDX,real estate,2021
2021-04-23,-0.0029095331033746853,STMDX,real estate,2021
2021-04-26,-0.00013224772068757195,STMDX,real estate,2021
2021-04-27,-0.0025627329192724475,STMDX,real estate,2021
2021-04-28,-0.0034192698435796913,STMDX,real estate,2021
2021-04-29,0.0006919884899286603,STMDX,real estate,2021
2021-04-30,0.010714617060587031,STMDX,real estate,2021
2021-05-03,-0.006014537600419371,STMDX,real estate,2021
2021-05-04,-0.0030569506441763764,STMDX,real estate,2021
2021-05-05,-0.0167277876225445,STMDX,real estate,2021
2021-05-06,-0.0008259591285248299,STMDX,real estate,2021
2021-05-07,0.007637080815019724,STMDX,real estate,2021
2021-05-10,0.0054171530977998135,STMDX,real estate,2021
2021-05-11,-0.0070035677588814686,STMDX,real estate,2021
2021-05-12,-0.010097868971077827,STMDX,real estate,2021
2021-05-13,0.0050966135079609405,STMDX,real estate,2021
2021-05-14,0.0006840680657408914,STMDX,real estate,2021
2021-05-17,-0.0020800077426245366,STMDX,real estate,2021
2021-05-18,0.006552078919271322,STMDX,real estate,2021
2021-05-19,-0.003174727802899931,STMDX,real estate,2021
2021-05-20,0.003407287481901085,STMDX,real estate,2021
2021-05-21,-0.001015506080983573,STMDX,real estate,2021
2021-05-24,0.0036812180090567796,STMDX,real estate,2021
2021-05-25,0.0029024277201737084,STMDX,real estate,2021
2021-05-26,0.0021648809261906937,STMDX,real estate,2021
2021-05-27,-0.004850862025659835,STMDX,real estate,2021
2021-05-28,0.004764603657612495,STMDX,real estate,2021
2021-06-01,0.017062214286510828,STMDX,real estate,2021
2021-06-02,0.011320398569920412,STMDX,real estate,2021
2021-06-03,-0.0008675411278201667,STMDX,real estate,2021
2021-06-04,-0.005642366376633567,STMDX,real estate,2021
2021-06-07,0.012101664830631883,STMDX,real estate,2021
2021-06-08,0.00663584278626302,STMDX,real estate,2021
2021-06-09,0.0012158146142928717,STMDX,real estate,2021
2021-06-10,0.005130415537582435,STMDX,real estate,2021
2021-06-11,-0.006263639209734075,STMDX,real estate,2021
2021-06-14,0.003631050952816029,STMDX,real estate,2021
2021-06-15,-0.009867723618196097,STMDX,real estate,2021
2021-06-16,-0.004361333687217689,STMDX,real estate,2021
2021-06-17,0.00168137771573102,STMDX,real estate,2021
2021-06-18,-0.007966513282096714,STMDX,real estate,2021
2021-06-21,0.007811757182368213,STMDX,real estate,2021
2021-06-22,-0.008722153311065456,STMDX,real estate,2021
2021-06-23,-0.0032513309252363625,STMDX,real estate,2021
2021-06-24,-0.008729052701232186,STMDX,real estate,2021
2021-06-25,0.0043280524130559165,STMDX,real estate,2021
2021-06-28,-0.0046753668345295134,STMDX,real estate,2021
2021-06-29,-0.002530575880585551,STMDX,real estate,2021
2021-06-30,-0.007098059084316154,STMDX,real estate,2021
2021-07-01,-0.0017876154796554744,STMDX,real estate,2021
2021-07-02,0.00017002037303453718,STMDX,real estate,2021
2021-07-06,0.009617918026232039,STMDX,real estate,2021
2021-07-07,0.0004294191317332158,STMDX,real estate,2021
2021-07-08,0.0027451802335612466,STMDX,real estate,2021
2021-07-09,0.006847980171574822,STMDX,real estate,2021
2021-07-12,0.0061984895667262264,STMDX,real estate,2021
2021-07-13,-0.011133640637579646,STMDX,real estate,2021
2021-07-14,0.007290779257076876,STMDX,real estate,2021
2021-07-15,0.003602597551938781,STMDX,real estate,2021
2021-07-16,0.006731739915729846,STMDX,real estate,2021
2021-07-19,-0.007456112271976855,STMDX,real estate,2021
2021-07-20,0.00880322917421993,STMDX,real estate,2021
2021-07-21,-0.008070622238490286,STMDX,real estate,2021
2021-07-22,-0.009633333072601525,STMDX,real estate,2021
2021-07-23,0.0014349080184324573,STMDX,real estate,2021
2021-07-26,-0.005321394063190713,STMDX,real estate,2021
2021-07-27,0.00938625341009194,STMDX,real estate,2021
2021-07-28,-0.0047260766101415415,STMDX,real estate,2021
2021-07-29,-0.0061059985504508104,STMDX,real estate,2021
2021-07-30,0.00627635156659377,STMDX,real estate,2021
2021-08-02,-0.0014778393499931086,STMDX,real estate,2021
2021-08-03,-0.004577284158016917,STMDX,real estate,2021
2021-08-04,-0.0017593160664316526,STMDX,real estate,2021
2021-08-05,0.00522520075479676,STMDX,real estate,2021
2021-08-06,-0.003501959208940886,STMDX,real estate,2021
2021-08-09,-0.007118010500960001,STMDX,real estate,2021
2021-08-10,-0.014432970268140648,STMDX,real estate,2021
2021-08-11,0.0038610464246850913,STMDX,real estate,2021
2021-08-12,-0.0003008568936859429,STMDX,real estate,2021
2021-08-13,0.0049019152711348695,STMDX,real estate,2021
2021-08-16,-0.002560128273636191,STMDX,real estate,2021
2021-08-17,0.004984945230235849,STMDX,real estate,2021
2021-08-18,-0.0018362846175823608,STMDX,real estate,2021
2021-08-19,0.004059197480557191,STMDX,real estate,2021
2021-08-20,-0.000301154390899957,STMDX,real estate,2021
2021-08-23,-0.010621571510633674,STMDX,real estate,2021
2021-08-24,-0.007812000432358111,STMDX,real estate,2021
2021-08-25,-0.0027965940196866966,STMDX,real estate,2021
2021-08-26,0.005572194655585765,STMDX,real estate,2021
2021-08-27,0.004006079638355172,STMDX,real estate,2021
2021-08-30,0.007100440378667614,STMDX,real estate,2021
2021-08-31,0.005446041075013235,STMDX,real estate,2021
2021-09-01,0.014925220561029786,STMDX,real estate,2021
2021-09-02,0.0031122544390424158,STMDX,real estate,2021
2021-09-03,0.00027649862940542873,STMDX,real estate,2021
2021-09-07,-0.009831811051337597,STMDX,real estate,2021
2021-09-08,0.005980320776476044,STMDX,real estate,2021
2021-09-09,-0.020350585990850902,STMDX,real estate,2021
2021-09-10,-0.008551164955904154,STMDX,real estate,2021
2021-09-13,0.0039015670867764657,STMDX,real estate,2021
2021-09-14,0.0010793919800853686,STMDX,real estate,2021
2021-09-15,-0.003307556163117981,STMDX,real estate,2021
2021-09-16,0.002072744344081592,STMDX,real estate,2021
2021-09-17,-0.003818508679498577,STMDX,real estate,2021
2021-09-20,0.006976434340414477,STMDX,real estate,2021
2021-09-21,0.00018820093363634276,STMDX,real estate,2021
2021-09-22,0.0005014641449705834,STMDX,real estate,2021
2021-09-23,-0.01422114358309852,STMDX,real estate,2021
2021-09-24,-0.014259589031246613,STMDX,real estate,2021
2021-09-27,-0.014785447823325268,STMDX,real estate,2021
2021-09-28,0.007609811723894899,STMDX,real estate,2021
2021-09-29,0.006827092547971387,STMDX,real estate,2021
2021-09-30,-0.007809100630681014,STMDX,real estate,2021
2021-10-01,0.00389524418186594,STMDX,real estate,2021
2021-10-04,0.009504411615678129,STMDX,real estate,2021
2021-10-05,-0.01850933435101684,STMDX,real estate,2021
2021-10-06,0.006944102297533702,STMDX,real estate,2021
2021-10-07,-0.005522918066327086,STMDX,real estate,2021
2021-10-08,-0.010271283100897777,STMDX,real estate,2021
2021-10-11,0.0061589479748684,STMDX,real estate,2021
2021-10-12,0.013965729455199211,STMDX,real estate,2021
2021-10-13,0.0035658698702462285,STMDX,real estate,2021
2021-10-14,-0.001192175223815678,STMDX,real estate,2021
2021-10-15,-0.006075105551522957,STMDX,real estate,2021
2021-10-18,-0.0021559566849914426,STMDX,real estate,2021
2021-10-19,-0.004060074081008963,STMDX,real estate,2021
2021-10-20,0.011307148810261543,STMDX,real estate,2021
2021-10-21,-7.220324387578097e-05,STMDX,real estate,2021
2021-10-22,0.005159260034598754,STMDX,real estate,2021
2021-10-25,-0.002852950901420576,STMDX,real estate,2021
2021-10-26,0.0017231832231623628,STMDX,real estate,2021
2021-10-27,-0.004642463639741897,STMDX,real estate,2021
2021-10-28,0.007582180688775714,STMDX,real estate,2021
2021-10-29,-0.01438151598268244,STMDX,real estate,2021
2021-11-01,0.004402659395912178,STMDX,real estate,2021
2021-11-02,0.0004964181045735592,STMDX,real estate,2021
2021-11-03,-0.0009791295684440622,STMDX,real estate,2021
2021-11-04,-0.01605515469277108,STMDX,real estate,2021
2021-11-05,0.00152738744805105,STMDX,real estate,2021
2021-11-08,-0.0014934825004598248,STMDX,real estate,2021
2021-11-09,0.004278158626855396,STMDX,real estate,2021
2021-11-10,0.0021823767431194134,STMDX,real estate,2021
2021-11-11,-0.0003100560400240175,STMDX,real estate,2021
2021-11-12,-0.0054202601855658904,STMDX,real estate,2021
2021-11-15,0.007751916574318107,STMDX,real estate,2021
2021-11-16,-0.010693095955214046,STMDX,real estate,2021
2021-11-17,0.0056686999706729874,STMDX,real estate,2021
2021-11-18,-0.0036923230894212403,STMDX,real estate,2021
2021-11-19,-0.003237943637228317,STMDX,real estate,2021
2021-11-22,-0.0043395145496120885,STMDX,real estate,2021
2021-11-23,0.00709125024333546,STMDX,real estate,2021
2021-11-24,0.01028554864973674,STMDX,real estate,2021
2021-11-26,-0.01407552353329574,STMDX,real estate,2021
2021-11-29,0.0020795585374475904,STMDX,real estate,2021
2021-11-30,-0.005713955432877789,STMDX,real estate,2021
2021-12-01,-0.00765675486344169,STMDX,real estate,2021
2021-12-02,0.01648698608956909,STMDX,real estate,2021
2021-12-03,0.0018087552631529586,STMDX,real estate,2021
2021-12-06,0.008689071297332974,STMDX,real estate,2021
2021-12-07,0.0013227802516863445,STMDX,real estate,2021
2021-12-08,0.0040211280146414865,STMDX,real estate,2021
2021-12-09,-0.009863392170471007,STMDX,real estate,2021
2021-12-10,-0.005235268703463866,STMDX,real estate,2021
2021-12-13,0.01506333256711575,STMDX,real estate,2021
2021-12-14,-0.008972259960256006,STMDX,real estate,2021
2021-12-15,0.0026440449734302825,STMDX,real estate,2021
2021-12-16,0.005342529460210944,STMDX,real estate,2021
2021-12-17,0.006841902247419703,STMDX,real estate,2021
2021-12-20,-0.0002572668248703039,STMDX,real estate,2021
2021-12-21,-0.004006920776088633,STMDX,real estate,2021
2021-12-22,0.0030633442406559205,STMDX,real estate,2021
2021-12-23,-0.007560102813368649,STMDX,real estate,2021
2021-12-27,0.006228713823106153,STMDX,real estate,2021
2021-12-28,0.004762981793893937,STMDX,real estate,2021
2021-12-29,0.004872405230899334,STMDX,real estate,2021
2021-12-30,0.005483434987774622,STMDX,real estate,2021
2022-01-04,-0.0036965705727157543,STMDX,real estate,2022
2022-01-05,-0.01285189952443688,STMDX,real estate,2022
2022-01-06,0.0020710093195264977,STMDX,real estate,2022
2022-01-07,-0.0022850929226624814,STMDX,real estate,2022
2022-01-10,-0.003953954304625854,STMDX,real estate,2022
2022-01-11,-0.006514224951294875,STMDX,real estate,2022
2022-01-12,-0.0007491180052274227,STMDX,real estate,2022
2022-01-13,0.011319800236532868,STMDX,real estate,2022
2022-01-14,-0.008302884039648026,STMDX,real estate,2022
2022-01-18,0.006319782469552908,STMDX,real estate,2022
2022-01-19,-0.0035129643928286693,STMDX,real estate,2022
2022-01-20,-0.0024530830391603173,STMDX,real estate,2022
2022-01-21,0.013322436333619039,STMDX,real estate,2022
2022-01-24,-0.0015474588581792126,STMDX,real estate,2022
2022-01-25,0.00580280276201985,STMDX,real estate,2022
2022-01-26,-0.012701441640543992,STMDX,real estate,2022
2022-01-27,-0.01337917883123166,STMDX,real estate,2022
2022-01-28,0.010809337564537586,STMDX,real estate,2022
2022-01-31,-0.00016837325064755944,STMDX,real estate,2022
2022-02-01,-0.012831449064539494,STMDX,real estate,2022
2022-02-02,0.004017444031122191,STMDX,real estate,2022
2022-02-03,0.009402861258102427,STMDX,real estate,2022
2022-02-04,-0.012708472360969643,STMDX,real estate,2022
2022-02-07,-0.00019857093403386752,STMDX,real estate,2022
2022-02-08,-0.009752864415501855,STMDX,real estate,2022
2022-02-09,0.012827531756033614,STMDX,real estate,2022
2022-02-10,-0.009642352230493456,STMDX,real estate,2022
2022-02-11,0.006167118432576753,STMDX,real estate,2022
2022-02-14,-0.006996939638479697,STMDX,real estate,2022
2022-02-15,-0.006604152095748641,STMDX,real estate,2022
2022-02-16,0.002470548868129747,STMDX,real estate,2022
2022-02-17,0.009222632838967786,STMDX,real estate,2022
2022-02-18,-0.0007686132909937885,STMDX,real estate,2022
2022-02-22,0.008028458739856787,STMDX,real estate,2022
2022-02-23,-0.00017531188316021774,STMDX,real estate,2022
2022-02-24,0.005908439671392226,STMDX,real estate,2022
2022-02-25,0.007548913243908717,STMDX,real estate,2022
2022-02-28,-0.013991820200647282,STMDX,real estate,2022
2022-03-01,0.009744424319866326,STMDX,real estate,2022
2022-03-02,0.0043081288577907235,STMDX,real estate,2022
2022-03-03,0.014478160107571934,STMDX,real estate,2022
2022-03-04,0.015674045992414613,STMDX,real estate,2022
2022-03-07,0.008752494531234743,STMDX,real estate,2022
2022-03-08,0.000958342491504228,STMDX,real estate,2022
2022-03-09,-0.0070527476107097534,STMDX,real estate,2022
2022-03-10,0.008660381927188047,STMDX,real estate,2022
2022-03-11,0.000900239931163534,STMDX,real estate,2022
2022-03-14,0.0005250814839387156,STMDX,real estate,2022
2022-03-15,-0.00981076271843746,STMDX,real estate,2022
2022-03-16,-0.007801195331208915,STMDX,real estate,2022
2022-03-17,0.0028038851205519997,STMDX,real estate,2022
2022-03-18,-0.004984298742427604,STMDX,real estate,2022
2022-03-21,-0.006677150978231137,STMDX,real estate,2022
2022-03-22,-0.009309840773107146,STMDX,real estate,2022
2022-03-23,5.4634070828944725e-05,STMDX,real estate,2022
2022-03-24,-0.0048315377240584914,STMDX,real estate,2022
2022-03-25,0.009323249250200049,STMDX,real estate,2022
2022-03-28,0.005781417847152189,STMDX,real estate,2022
2022-03-29,0.019045758892923776,STMDX,real estate,2022
2022-03-30,-0.0009678430671027248,STMDX,real estate,2022
2022-03-31,0.002126918612395107,STMDX,real estate,2022
2022-04-01,0.017909919875559475,STMDX,real estate,2022
2022-04-04,-0.012963777659154891,STMDX,real estate,2022
2022-04-05,0.008470298968501593,STMDX,real estate,2022
2022-04-06,0.022291227819904964,STMDX,real estate,2022
2022-04-07,-0.011863909261380033,STMDX,real estate,2022
2022-04-08,0.0041535175928493,STMDX,real estate,2022
2022-04-11,0.001731717516240728,STMDX,real estate,2022
2022-04-12,0.003757656636577812,STMDX,real estate,2022
2022-04-13,-0.0023149099700552544,STMDX,real estate,2022
2022-04-14,0.0034694639606585725,STMDX,real estate,2022
2022-04-18,-0.004771261819010961,STMDX,real estate,2022
2022-04-19,0.010448357130106624,STMDX,real estate,2022
2022-04-20,0.01774618947451704,STMDX,real estate,2022
2022-04-21,0.006371443275840758,STMDX,real estate,2022
2022-04-22,0.0070475734329706954,STMDX,real estate,2022
2022-04-25,-0.006691121775055063,STMDX,real estate,2022
2022-04-26,0.008639344616288461,STMDX,real estate,2022
2022-04-27,-0.007661165406734893,STMDX,real estate,2022
2022-04-28,-0.001495908883475637,STMDX,real estate,2022
2022-04-29,-0.015314207314099743,STMDX,real estate,2022
2022-05-02,-0.029120820729180406,STMDX,real estate,2022
2022-05-03,0.008193329756150582,STMDX,real estate,2022
2022-05-04,-0.014420942945256088,STMDX,real estate,2022
2022-05-05,0.003492493143200246,STMDX,real estate,2022
2022-05-06,-0.00482076893596392,STMDX,real estate,2022
2022-05-09,-0.018420812690948783,STMDX,real estate,2022
2022-05-10,-0.01787916911282128,STMDX,real estate,2022
2022-05-11,0.011747114901657394,STMDX,real estate,2022
2022-05-12,0.007960693315861854,STMDX,real estate,2022
2022-05-13,0.00809282970299723,STMDX,real estate,2022
2022-05-16,-0.0030503430302118942,STMDX,real estate,2022
2022-05-17,-0.004030883578462209,STMDX,real estate,2022
2022-05-18,0.005033267892914365,STMDX,real estate,2022
2022-05-19,0.0009415277734740029,STMDX,real estate,2022
2022-05-20,0.004978326457867038,STMDX,real estate,2022
2022-05-23,-0.0037254509757243086,STMDX,real estate,2022
2022-05-24,0.01692482017357829,STMDX,real estate,2022
2022-05-25,0.000701175814297939,STMDX,real estate,2022
2022-05-26,-0.016455516110587792,STMDX,real estate,2022
2022-05-27,0.006204596390253746,STMDX,real estate,2022
2022-05-31,-0.008222533443454312,STMDX,real estate,2022
2022-06-01,0.0004341954152493844,STMDX,real estate,2022
2022-06-02,-0.0018053367179290732,STMDX,real estate,2022
2022-06-03,0.0013959609906206896,STMDX,real estate,2022
2022-06-06,-0.004905156101762469,STMDX,real estate,2022
2022-06-07,0.004932482637924971,STMDX,real estate,2022
2022-06-08,-0.013037260477681443,STMDX,real estate,2022
2022-06-09,-0.00302328918893224,STMDX,real estate,2022
2022-06-10,0.001256402789335618,STMDX,real estate,2022
2022-06-13,-0.018762751369565768,STMDX,real estate,2022
2022-06-14,-0.006495471365444676,STMDX,real estate,2022
2022-06-15,0.012709039737161055,STMDX,real estate,2022
2022-06-16,0.0006013364377790917,STMDX,real estate,2022
2022-06-17,0.003451345998204774,STMDX,real estate,2022
2022-06-21,-0.007292223423127721,STMDX,real estate,2022
2022-06-22,0.015052211260512172,STMDX,real estate,2022
2022-06-23,0.01345784633833156,STMDX,real estate,2022
2022-06-24,-0.0028021066513013726,STMDX,real estate,2022
2022-06-27,0.0016629904758794375,STMDX,real estate,2022
2022-06-28,0.005366140285099973,STMDX,real estate,2022
2022-06-29,-0.005658870835377376,STMDX,real estate,2022
2022-06-30,0.004953300005397562,STMDX,real estate,2022
2022-07-01,0.010161458299716332,STMDX,real estate,2022
2022-07-05,-0.006605492030794742,STMDX,real estate,2022
2022-07-06,-0.002364226755013443,STMDX,real estate,2022
2022-07-07,-0.010038168912221614,STMDX,real estate,2022
2022-07-08,-0.005863421649477168,STMDX,real estate,2022
2022-07-11,0.007971033337598452,STMDX,real estate,2022
2022-07-12,0.003546684507612671,STMDX,real estate,2022
2022-07-13,0.000527085226732173,STMDX,real estate,2022
2022-07-14,-0.0077033384089122,STMDX,real estate,2022
2022-07-15,0.0007160814736462129,STMDX,real estate,2022
2022-07-18,-0.00024923516422341915,STMDX,real estate,2022
2022-07-19,0.006217778475269203,STMDX,real estate,2022
2022-07-20,-0.007344223526999909,STMDX,real estate,2022
2022-07-21,-0.00033564648745036587,STMDX,real estate,2022
2022-07-22,0.014610939999651107,STMDX,real estate,2022
2022-07-25,0.0018918015019882125,STMDX,real estate,2022
2022-07-26,0.012771364839127037,STMDX,real estate,2022
2022-07-27,-0.015113916902948955,STMDX,real estate,2022
2022-07-28,0.025633624971395996,STMDX,real estate,2022
2022-07-29,-0.007965119160630115,STMDX,real estate,2022
2022-08-01,-0.007105277229450436,STMDX,real estate,2022
2022-08-02,-0.005822561844289342,STMDX,real estate,2022
2022-08-03,-0.009751173498145266,STMDX,real estate,2022
2022-08-04,0.0019688133754909463,STMDX,real estate,2022
2022-08-05,0.0035265068436913147,STMDX,real estate,2022
2022-08-08,0.008536921293308465,STMDX,real estate,2022
2022-08-09,0.01106643849502102,STMDX,real estate,2022
2022-08-10,-0.002579195218748562,STMDX,real estate,2022
2022-08-11,-0.0025415169214020117,STMDX,real estate,2022
2022-08-12,0.005279007667043298,STMDX,real estate,2022
2022-08-15,0.0020053020291108687,STMDX,real estate,2022
2022-08-16,-0.003888934356011401,STMDX,real estate,2022
2022-08-17,0.0007193806735555719,STMDX,real estate,2022
2022-08-18,-0.010391953056876424,STMDX,real estate,2022
2022-08-19,-3.8282818175661495e-05,STMDX,real estate,2022
2022-08-22,-0.003304732394668837,STMDX,real estate,2022
2022-08-23,-0.011999326639061586,STMDX,real estate,2022
2022-08-24,0.004523099632935592,STMDX,real estate,2022
2022-08-25,0.003738549860727221,STMDX,real estate,2022
2022-08-26,0.0030211389634096815,STMDX,real estate,2022
2022-08-29,-0.0036999543063432287,STMDX,real estate,2022
2022-08-30,-0.004546203673386687,STMDX,real estate,2022
2022-08-31,0.0028408962457311133,STMDX,real estate,2022
2022-09-01,0.0013165467860309743,STMDX,real estate,2022
2022-09-02,-0.007100523509518106,STMDX,real estate,2022
2022-09-06,0.01392999355693893,STMDX,real estate,2022
2022-09-07,0.006156408415860086,STMDX,real estate,2022
2022-09-08,-0.0015804032083898477,STMDX,real estate,2022
2022-09-09,-0.0027718224770767706,STMDX,real estate,2022
2022-09-12,0.0013701798563542835,STMDX,real estate,2022
2022-09-13,-0.0024135698739197464,STMDX,real estate,2022
2022-09-14,-0.014407059825918663,STMDX,real estate,2022
2022-09-15,-0.010937325160241172,STMDX,real estate,2022
2022-09-16,0.008103211543317154,STMDX,real estate,2022
2022-09-19,-0.008580997204780144,STMDX,real estate,2022
2022-09-20,-0.012847527921505668,STMDX,real estate,2022
2022-09-21,0.0002767568025177809,STMDX,real estate,2022
2022-09-22,-0.0050871458374267785,STMDX,real estate,2022
2022-09-23,0.0011841684430292723,STMDX,real estate,2022
2022-09-26,-0.018696409939786187,STMDX,real estate,2022
2022-09-27,-0.009813832284993055,STMDX,real estate,2022
2022-09-28,0.004006931775031541,STMDX,real estate,2022
2022-09-29,-0.010479983239526997,STMDX,real estate,2022
2022-09-30,0.025520688613838743,STMDX,real estate,2022
2022-10-03,-0.004694572272356142,STMDX,real estate,2022
2022-10-04,-0.008519795596566997,STMDX,real estate,2022
2022-10-05,-0.018909506741253388,STMDX,real estate,2022
2022-10-06,-0.019776005229259576,STMDX,real estate,2022
2022-10-07,-0.0013072395172933036,STMDX,real estate,2022
2022-10-10,-0.0039243804948684655,STMDX,real estate,2022
2022-10-11,0.018415435561898983,STMDX,real estate,2022
2022-10-12,-0.009908474244354024,STMDX,real estate,2022
2022-10-13,-0.002539636362001857,STMDX,real estate,2022
2022-10-14,-0.004834315139166823,STMDX,real estate,2022
2022-10-17,0.016678934864481736,STMDX,real estate,2022
2022-10-18,0.002066683725623325,STMDX,real estate,2022
2022-10-19,-0.018234802047022495,STMDX,real estate,2022
2022-10-20,0.0032961204801552754,STMDX,real estate,2022
2022-10-21,-0.014161947572585532,STMDX,real estate,2022
2022-10-24,-0.011534303588954489,STMDX,real estate,2022
2022-10-25,0.02749748075847025,STMDX,real estate,2022
2022-10-26,0.004172836070448233,STMDX,real estate,2022
2022-10-27,0.006339909022286998,STMDX,real estate,2022
2022-10-28,0.002881788489447895,STMDX,real estate,2022
2022-10-31,0.005363573497612909,STMDX,real estate,2022
2022-11-01,0.002147179821161966,STMDX,real estate,2022
2022-11-02,-0.0024282519264554256,STMDX,real estate,2022
2022-11-03,0.011917197108383992,STMDX,real estate,2022
2022-11-04,0.002471858680158855,STMDX,real estate,2022
2022-11-07,-0.008656694794969236,STMDX,real estate,2022
2022-11-08,0.00047408715485545375,STMDX,real estate,2022
2022-11-09,0.0069525501331839865,STMDX,real estate,2022
2022-11-10,0.029684603832066864,STMDX,real estate,2022
2022-11-11,-0.008680571489109348,STMDX,real estate,2022
2022-11-14,-0.015488019692345483,STMDX,real estate,2022
2022-11-15,0.004722293083812768,STMDX,real estate,2022
2022-11-16,-0.00014923787157769194,STMDX,real estate,2022
2022-11-17,-0.004820025629913066,STMDX,real estate,2022
2022-11-18,0.009723149424937755,STMDX,real estate,2022
2022-11-21,0.009663920410185033,STMDX,real estate,2022
2022-11-22,-0.004636638563134726,STMDX,real estate,2022
2022-11-23,-0.004273731987468699,STMDX,real estate,2022
2022-11-25,0.0067381813057073355,STMDX,real estate,2022
2022-11-28,-0.011527374516355295,STMDX,real estate,2022
2022-11-29,0.019999885202086003,STMDX,real estate,2022
2022-11-30,-0.0037916113475991164,STMDX,real estate,2022
2022-12-01,-0.0020497255182011054,STMDX,real estate,2022
2022-12-02,-0.0011894737355677741,STMDX,real estate,2022
2022-12-05,-0.0015201252730111976,STMDX,real estate,2022
2022-12-06,0.0039758035598187556,STMDX,real estate,2022
2022-12-07,0.002129997496369443,STMDX,real estate,2022
2022-12-08,0.0027540417693874292,STMDX,real estate,2022
2022-12-09,0.004709415072395598,STMDX,real estate,2022
2022-12-12,-0.005913614381449904,STMDX,real estate,2022
2022-12-13,0.013281524079479561,STMDX,real estate,2022
2022-12-14,-0.0024981484624089414,STMDX,real estate,2022
2022-12-15,0.007215906883277419,STMDX,real estate,2022
2022-12-16,-0.017088190515804222,STMDX,real estate,2022
2022-12-19,-0.004955810502300412,STMDX,real estate,2022
2022-12-20,-0.0030401197643447724,STMDX,real estate,2022
2022-12-21,-0.00318122794415129,STMDX,real estate,2022
2022-12-22,0.010021095981981505,STMDX,real estate,2022
2022-12-23,0.0038532372239199414,STMDX,real estate,2022
2022-12-27,0.0034538806408043565,STMDX,real estate,2022
2022-12-28,-0.006026627617261887,STMDX,real estate,2022
2022-12-29,0.008483747489991332,STMDX,real estate,2022
2022-12-30,-0.005724692343260557,STMDX,real estate,2022
2023-01-04,0.015150633278920432,STMDX,real estate,2023
2023-01-05,-0.015092511949270923,STMDX,real estate,2023
2023-01-06,0.0018145663051516402,STMDX,real estate,2023
2023-01-09,-0.0006167782577796289,STMDX,real estate,2023
2023-01-10,-0.00535895351355614,STMDX,real estate,2023
2023-01-11,0.02249912435753521,STMDX,real estate,2023
2023-01-12,0.008399893588336321,STMDX,real estate,2023
2023-01-13,-0.010771662825191515,STMDX,real estate,2023
2023-01-17,0.0065677231184444965,STMDX,real estate,2023
2023-01-18,0.0027551190790957632,STMDX,real estate,2023
2023-01-19,0.005002328210051744,STMDX,real estate,2023
2023-01-20,-0.00819255453156169,STMDX,real estate,2023
2023-01-23,-0.009146689247095083,STMDX,real estate,2023
2023-01-24,0.005473950914186177,STMDX,real estate,2023
2023-01-25,-0.0001934650869601379,STMDX,real estate,2023
2023-01-26,-0.001805396783366723,STMDX,real estate,2023
2023-01-27,0.009091581821834178,STMDX,real estate,2023
2023-01-30,0.0017015743227589107,STMDX,real estate,2023
2023-01-31,0.006027578886825976,STMDX,real estate,2023
2023-02-01,-0.00407599572257091,STMDX,real estate,2023
2023-02-02,0.0077000271647306925,STMDX,real estate,2023
2023-02-03,-0.007365289771354694,STMDX,real estate,2023
2023-02-06,0.0033944404012133163,STMDX,real estate,2023
2023-02-07,-0.014134729350042695,STMDX,real estate,2023
2023-02-08,0.009892867663373914,STMDX,real estate,2023
2023-02-09,-0.0023268532165645357,STMDX,real estate,2023
2023-02-10,0.0011773556495919706,STMDX,real estate,2023
2023-02-13,-0.0033694463098684277,STMDX,real estate,2023
2023-02-14,-0.005626130676689676,STMDX,real estate,2023
2023-02-15,0.0012401937796906186,STMDX,real estate,2023
2023-02-16,0.006313282544778663,STMDX,real estate,2023
2023-02-17,-0.0005664705548073384,STMDX,real estate,2023
2023-02-21,0.002783506295526445,STMDX,real estate,2023
2023-02-22,-0.007878944376093568,STMDX,real estate,2023
2023-02-23,0.0024868214874181798,STMDX,real estate,2023
2023-02-24,-0.003906754674409329,STMDX,real estate,2023
2023-02-27,-0.0006792948162656146,STMDX,real estate,2023
2023-02-28,0.0030754214666382645,STMDX,real estate,2023
2023-03-01,-0.009017363747657634,STMDX,real estate,2023
2023-03-02,0.0050796277260100435,STMDX,real estate,2023
2023-03-03,-0.001201451018427743,STMDX,real estate,2023
2023-03-06,-0.0035536914709385563,STMDX,real estate,2023
2023-03-07,-0.006935237075281132,STMDX,real estate,2023
2023-03-08,0.012253084600243408,STMDX,real estate,2023
2023-03-09,-0.0010513328512411872,STMDX,real estate,2023
2023-03-10,-0.016934495518941856,STMDX,real estate,2023
2023-03-13,0.015242315713007423,STMDX,real estate,2023
2023-03-14,-0.005145308175755528,STMDX,real estate,2023
2023-03-15,0.0057889901700572,STMDX,real estate,2023
2023-03-16,-0.019855143410129113,STMDX,real estate,2023
2023-03-17,-0.009045563119552007,STMDX,real estate,2023
2023-03-20,0.0018776131461653613,STMDX,real estate,2023
2023-03-21,-0.018310905142308175,STMDX,real estate,2023
2023-03-22,-0.01733403952710052,STMDX,real estate,2023
2023-03-23,-0.006365180457479472,STMDX,real estate,2023
2023-03-24,0.01955287240271394,STMDX,real estate,2023
2023-03-27,-0.0033089720849150336,STMDX,real estate,2023
2023-03-28,0.0017148868212364268,STMDX,real estate,2023
2023-03-29,0.005322051594275335,STMDX,real estate,2023
2023-03-30,0.005535930742223034,STMDX,real estate,2023
2023-03-31,0.007358522340076926,STMDX,real estate,2023
2023-04-03,-0.010722614118493193,STMDX,real estate,2023
2023-04-04,0.006460868895570973,STMDX,real estate,2023
2023-04-05,-0.0024169891676429083,STMDX,real estate,2023
2023-04-06,0.004910982771406589,STMDX,real estate,2023
2023-04-10,0.003940658671419468,STMDX,real estate,2023
2023-04-11,0.003600957787345057,STMDX,real estate,2023
2023-04-12,-0.0005013852453688962,STMDX,real estate,2023
2023-04-13,-0.016672516619657143,STMDX,real estate,2023
2023-04-14,-0.01086516352124788,STMDX,real estate,2023
2023-04-17,0.018896918234992573,STMDX,real estate,2023
2023-04-18,-0.0019180134280273647,STMDX,real estate,2023
2023-04-19,0.0057688760947072135,STMDX,real estate,2023
2023-04-20,-0.0037926488423388784,STMDX,real estate,2023
2023-04-21,0.002210967698492931,STMDX,real estate,2023
2023-04-24,-0.005757187128276138,STMDX,real estate,2023
2023-04-25,0.007014191964494912,STMDX,real estate,2023
2023-04-26,-0.0033275244830496577,STMDX,real estate,2023
2023-04-27,8.78492544591214e-07,STMDX,real estate,2023
2023-04-28,0.00469275806813709,STMDX,real estate,2023
2023-05-01,-0.0065910191574210485,STMDX,real estate,2023
2023-05-02,-0.0030150529106086482,STMDX,real estate,2023
2023-05-03,0.0049957094447290636,STMDX,real estate,2023
2023-05-04,0.01592026146644823,STMDX,real estate,2023
2023-05-05,-0.003398237710062639,STMDX,real estate,2023
2023-05-08,-0.004885758509710134,STMDX,real estate,2023
2023-05-09,0.000383603762188274,STMDX,real estate,2023
2023-05-10,0.005429149316949251,STMDX,real estate,2023
2023-05-11,-0.00836651996894208,STMDX,real estate,2023
2023-05-12,0.002751191438899221,STMDX,real estate,2023
2023-05-15,-0.004089624004602558,STMDX,real estate,2023
2023-05-16,-0.018001500941808295,STMDX,real estate,2023
2023-05-17,0.0008782985675089561,STMDX,real estate,2023
2023-05-18,-0.016253836578053023,STMDX,real estate,2023
2023-05-19,-0.0008581422317380256,STMDX,real estate,2023
2023-05-22,0.005588297218391235,STMDX,real estate,2023
2023-05-23,0.002130840783289902,STMDX,real estate,2023
2023-05-24,-0.011353592639618895,STMDX,real estate,2023
2023-05-25,-0.008249237314990854,STMDX,real estate,2023
2023-05-26,-0.0012162487075678564,STMDX,real estate,2023
2023-05-30,0.003025342386499987,STMDX,real estate,2023
2023-05-31,0.012050482810674279,STMDX,real estate,2023
2023-06-01,-0.009167601212172149,STMDX,real estate,2023
2023-06-02,0.009770667178150614,STMDX,real estate,2023
2023-06-05,-0.002590772977314377,STMDX,real estate,2023
2023-06-06,0.005310689388389146,STMDX,real estate,2023
2023-06-07,0.022442428843066044,STMDX,real estate,2023
2023-06-08,-0.013028760489910165,STMDX,real estate,2023
2023-06-09,-0.007085267704442184,STMDX,real estate,2023
2023-06-12,-0.01014105284278315,STMDX,real estate,2023
2023-06-13,-0.0020828702150138944,STMDX,real estate,2023
2023-06-14,0.003717668637437851,STMDX,real estate,2023
2023-06-15,-0.007815362888659354,STMDX,real estate,2023
2023-06-16,0.0035939918050417424,STMDX,real estate,2023
2023-06-20,-0.005398988724213522,STMDX,real estate,2023
2023-06-21,0.00034247717395529623,STMDX,real estate,2023
2023-06-22,-0.01820831630454727,STMDX,real estate,2023
2023-06-23,-0.005529123713606015,STMDX,real estate,2023
2023-06-26,0.027159398418740845,STMDX,real estate,2023
2023-06-27,0.0012859045308783873,STMDX,real estate,2023
2023-06-28,-0.0006264658640773278,STMDX,real estate,2023
2023-06-29,0.009615507523009475,STMDX,real estate,2023
2023-06-30,-0.007736647646155144,STMDX,real estate,2023
2023-07-03,0.009869821476607109,STMDX,real estate,2023
2023-07-05,0.004022438935436931,STMDX,real estate,2023
2023-07-06,0.0025679864109941263,STMDX,real estate,2023
2023-07-07,-0.00096553715988742,STMDX,real estate,2023
2023-07-10,0.0008257433723546934,STMDX,real estate,2023
2023-07-11,0.008090589366887429,STMDX,real estate,2023
2023-07-12,-0.003797550792884276,STMDX,real estate,2023
2023-07-13,-0.001241079549450413,STMDX,real estate,2023
2023-07-14,-0.0007444450177806765,STMDX,real estate,2023
2023-07-17,-0.01140990883320303,STMDX,real estate,2023
2023-07-18,-0.016015907034640748,STMDX,real estate,2023
2023-07-19,0.009692797198209006,STMDX,real estate,2023
2023-07-20,0.005172913552669934,STMDX,real estate,2023
2023-07-21,0.004590401822929529,STMDX,real estate,2023
2023-07-24,0.003305707762982288,STMDX,real estate,2023
2023-07-25,-0.013825162841258353,STMDX,real estate,2023
2023-07-26,0.007161347549555674,STMDX,real estate,2023
2023-07-27,-0.013580875079097648,STMDX,real estate,2023
2023-07-28,-0.008954226340703983,STMDX,real estate,2023
2023-07-31,0.0048137856224495365,STMDX,real estate,2023
2023-08-01,0.002463333414423486,STMDX,real estate,2023
2023-08-02,0.01243469773546122,STMDX,real estate,2023
2023-08-03,-0.006949357274657793,STMDX,real estate,2023
2023-08-04,-0.005276841846683438,STMDX,real estate,2023
2023-08-07,0.0046537818180748865,STMDX,real estate,2023
2023-08-08,-0.00041204584690333716,STMDX,real estate,2023
2023-08-09,0.008527372705200424,STMDX,real estate,2023
2023-08-10,-0.0029871764984833187,STMDX,real estate,2023
2023-08-11,0.0025172379033219904,STMDX,real estate,2023
2023-08-14,-0.011641809436117763,STMDX,real estate,2023
2023-08-15,0.002578604628296578,STMDX,real estate,2023
2023-08-16,-0.003603831782531682,STMDX,real estate,2023
2023-08-17,0.0023345606137556802,STMDX,real estate,2023
2023-08-18,0.0022914782221753255,STMDX,real estate,2023
2023-08-21,-0.016393247680564667,STMDX,real estate,2023
2023-08-22,0.006332166836435529,STMDX,real estate,2023
2023-08-23,0.004263481993622042,STMDX,real estate,2023
2023-08-24,0.011099627462770188,STMDX,real estate,2023
2023-08-25,-0.0045118248797104,STMDX,real estate,2023
2023-08-28,0.00200815376048426,STMDX,real estate,2023
2023-08-29,-0.0025157556745705866,STMDX,real estate,2023
2023-08-30,-0.0005672989601125398,STMDX,real estate,2023
2023-08-31,-0.00497257245040306,STMDX,real estate,2023
2023-09-01,-0.0023763237456400415,STMDX,real estate,2023
2023-09-05,-0.006201305962026042,STMDX,real estate,2023
2023-09-06,0.007438989065683983,STMDX,real estate,2023
2023-09-07,0.011249384267997807,STMDX,real estate,2023
2023-09-08,-0.008542757765077954,STMDX,real estate,2023
2023-09-11,-0.007463186257787203,STMDX,real estate,2023
2023-09-12,0.007254800456681928,STMDX,real estate,2023
2023-09-13,-0.01138699725869473,STMDX,real estate,2023
2023-09-14,0.011489009858723294,STMDX,real estate,2023
2023-09-15,0.012043179250268425,STMDX,real estate,2023
2023-09-18,-0.01039340903938056,STMDX,real estate,2023
2023-09-19,-0.0027455874784063057,STMDX,real estate,2023
2023-09-20,0.01125544643975672,STMDX,real estate,2023
2023-09-21,-0.01608213494223841,STMDX,real estate,2023
2023-09-22,-0.00546969740498608,STMDX,real estate,2023
2023-09-25,-0.005556240191948397,STMDX,real estate,2023
2023-09-26,-0.001210906395276292,STMDX,real estate,2023
2023-09-27,-0.006712020884954545,STMDX,real estate,2023
2023-09-28,0.005613122980388545,STMDX,real estate,2023
2023-09-29,0.0055703355141685455,STMDX,real estate,2023
2023-10-02,-0.016042883816951525,STMDX,real estate,2023
2023-10-03,-0.004536497280090646,STMDX,real estate,2023
2023-10-04,0.004150460569708816,STMDX,real estate,2023
2023-10-05,0.006263509333047661,STMDX,real estate,2023
2023-10-06,-0.011050652563232562,STMDX,real estate,2023
2023-10-09,0.007090322734921346,STMDX,real estate,2023
2023-10-10,-0.0010961004490241061,STMDX,real estate,2023
2023-10-11,0.014587935399270602,STMDX,real estate,2023
2023-10-12,-0.0065846384334000115,STMDX,real estate,2023
2023-10-13,0.0033918475581481184,STMDX,real estate,2023
2023-10-16,0.00023458575282257754,STMDX,real estate,2023
2023-10-17,-0.0009906111178066724,STMDX,real estate,2023
2023-10-18,-0.00590474325535012,STMDX,real estate,2023
2023-10-19,-0.011545534920408877,STMDX,real estate,2023
2023-10-20,0.007673264301880454,STMDX,real estate,2023
2023-10-23,-0.006938512655531089,STMDX,real estate,2023
2023-10-24,0.005292525335731722,STMDX,real estate,2023
2023-10-25,-0.005438736195022203,STMDX,real estate,2023
2023-10-26,0.030997097515525887,STMDX,real estate,2023
2023-10-27,-0.013543331763029322,STMDX,real estate,2023
2023-10-30,-0.003577696055336187,STMDX,real estate,2023
2023-10-31,0.013146782121887534,STMDX,real estate,2023
2023-11-01,-0.004653832596257798,STMDX,real estate,2023
2023-11-02,0.009191485031803646,STMDX,real estate,2023
2023-11-03,0.013959164913497813,STMDX,real estate,2023
2023-11-06,-0.01697898376010527,STMDX,real estate,2023
2023-11-07,-0.009884604117829814,STMDX,real estate,2023
2023-11-08,0.0061297215951383955,STMDX,real estate,2023
2023-11-09,-0.0066444117596011765,STMDX,real estate,2023
2023-11-10,-0.004575674583032733,STMDX,real estate,2023
2023-11-13,-0.009495835932070814,STMDX,real estate,2023
2023-11-14,0.033367365437255464,STMDX,real estate,2023
2023-11-15,-0.002384516167670749,STMDX,real estate,2023
2023-11-16,-0.005237161260684046,STMDX,real estate,2023
2023-11-17,-0.0017414820872853592,STMDX,real estate,2023
2023-11-20,-0.0013187199592545702,STMDX,real estate,2023
2023-11-21,-0.004498078267546467,STMDX,real estate,2023
2023-11-22,0.0019346243560436024,STMDX,real estate,2023
2023-11-24,0.0033446557443961925,STMDX,real estate,2023
2023-11-27,0.003886667448383279,STMDX,real estate,2023
2023-11-28,0.003507617857678525,STMDX,real estate,2023
2023-11-29,0.006479776840901808,STMDX,real estate,2023
2023-11-30,0.0052159514466860925,STMDX,real estate,2023
2023-12-01,0.01792580152333592,STMDX,real estate,2023
2023-12-04,0.014826821693295847,STMDX,real estate,2023
2023-12-05,-0.00430579659998648,STMDX,real estate,2023
2023-12-06,0.0011947078927686096,STMDX,real estate,2023
2023-12-07,-0.005496263400485161,STMDX,real estate,2023
2023-12-08,-0.005546687766806396,STMDX,real estate,2023
2023-12-11,-0.001747068161334716,STMDX,real estate,2023
2023-12-12,-0.0033200647763207483,STMDX,real estate,2023
2023-12-13,0.024228842507874358,STMDX,real estate,2023
2023-12-14,0.023573651045236666,STMDX,real estate,2023
2023-12-15,-0.011368860407115695,STMDX,real estate,2023
2023-12-18,-0.009806277086734799,STMDX,real estate,2023
2023-12-19,-0.0006891881746607618,STMDX,real estate,2023
2023-12-20,0.0016143351063372165,STMDX,real estate,2023
2023-12-21,0.0016890898046240492,STMDX,real estate,2023
2023-12-22,0.0014232416423142797,STMDX,real estate,2023
2023-12-26,0.0038146507124309963,STMDX,real estate,2023
2023-12-27,0.0032824658701068343,STMDX,real estate,2023
2023-12-28,0.00699547624920732,STMDX,real estate,2023
2023-12-29,-0.008312614135318972,STMDX,real estate,2023
2023-12-30,0.00048313258014502934,STMDX,real estate,2023
2024-01-03,-0.016205124284624513,STMDX,real estate,2024
2024-01-04,0.0013955556830872614,STMDX,real estate,2024
2024-01-05,-0.0032908175032050364,STMDX,real estate,2024
2024-01-08,0.006465396906249801,STMDX,real estate,2024
2024-01-09,-0.0063275796317210685,STMDX,real estate,2024
2024-01-10,-0.0012789288274959974,STMDX,real estate,2024
2024-01-11,-0.009262541721111621,STMDX,real estate,2024
2024-01-12,0.007066486495519196,STMDX,real estate,2024
2024-01-16,-0.002015452058754306,STMDX,real estate,2024
2024-01-17,-0.014282274706886635,STMDX,real estate,2024
2024-01-18,-0.011243798326317257,STMDX,real estate,2024
2024-01-19,0.005833466072520449,STMDX,real estate,2024
2024-01-22,0.0057211118861596345,STMDX,real estate,2024
2024-01-23,-0.008789864942371921,STMDX,real estate,2024
2024-01-24,-0.01496761246191157,STMDX,real estate,2024
2024-01-25,0.007666755913657694,STMDX,real estate,2024
2024-01-26,-0.0015024094207742183,STMDX,real estate,2024
2024-01-29,0.0023593727745028483,STMDX,real estate,2024
2024-01-30,-0.008117137443033978,STMDX,real estate,2024
2024-01-31,0.00036257288264369275,STMDX,real estate,2024
2024-02-01,0.011716495995995436,STMDX,real estate,2024
2024-02-02,-0.0167748433228261,STMDX,real estate,2024
2024-02-05,-0.016709798172084334,STMDX,real estate,2024
2024-02-06,0.009323317197162603,STMDX,real estate,2024
2024-02-07,-0.00631430353368791,STMDX,real estate,2024
2024-02-08,0.009501148075189583,STMDX,real estate,2024
2024-02-09,-0.0004258387143585953,STMDX,real estate,2024
2024-02-12,-0.002586124827739,STMDX,real estate,2024
2024-02-13,-0.009910729142622818,STMDX,real estate,2024
2024-02-14,0.0024299990888199856,STMDX,real estate,2024
2024-02-15,0.017808914341499265,STMDX,real estate,2024
2024-02-16,-0.006240676004926959,STMDX,real estate,2024
2024-02-20,9.339074123686491e-05,STMDX,real estate,2024
2024-02-21,0.007126660223570791,STMDX,real estate,2024
2024-02-22,-0.00978752938507241,STMDX,real estate,2024
2024-02-23,-0.0017915501476227693,STMDX,real estate,2024
2024-02-26,-0.009099203177317113,STMDX,real estate,2024
2024-02-27,-0.0007409169199223561,STMDX,real estate,2024
2024-02-28,0.010227720731530238,STMDX,real estate,2024
2024-02-29,0.005800092738165721,STMDX,real estate,2024
2024-03-01,0.005223009368472994,STMDX,real estate,2024
2024-03-04,0.013553556510760248,STMDX,real estate,2024
2024-03-05,-0.00421115069610406,STMDX,real estate,2024
2024-03-06,0.0005082499645251808,STMDX,real estate,2024
2024-03-07,-0.004064739887199187,STMDX,real estate,2024
2024-03-08,0.013816052820810183,STMDX,real estate,2024
2024-03-11,-0.0033584620251003085,STMDX,real estate,2024
2024-03-12,-0.009079518664249714,STMDX,real estate,2024
2024-03-13,-0.004955352033106683,STMDX,real estate,2024
2024-03-14,-0.01273119914396301,STMDX,real estate,2024
2024-03-15,-0.0005234394918137569,STMDX,real estate,2024
2024-03-18,-0.0037243828428580998,STMDX,real estate,2024
2024-03-19,-0.0020444933124586263,STMDX,real estate,2024
2024-03-20,-0.0013134235059450278,STMDX,real estate,2024
2024-03-21,0.005061360740513219,STMDX,real estate,2024
2024-03-22,-0.01002752980590215,STMDX,real estate,2024
2024-03-25,-0.0023844563601587913,STMDX,real estate,2024
2024-03-26,-0.002357710205499161,STMDX,real estate,2024
2024-03-27,0.021103127408933657,STMDX,real estate,2024
2024-03-28,0.007342808703926065,STMDX,real estate,2024
2024-04-01,-0.014850893817710598,STMDX,real estate,2024
2024-04-02,-0.008930079676888154,STMDX,real estate,2024
2024-04-03,0.0008783290581607999,STMDX,real estate,2024
2024-04-04,0.0007945919058488047,STMDX,real estate,2024
2024-04-05,0.00010411832838376749,STMDX,real estate,2024
2024-04-08,0.011452776605138944,STMDX,real estate,2024
2024-04-09,0.011841723574611482,STMDX,real estate,2024
2024-04-10,-0.031836133132781136,STMDX,real estate,2024
2024-04-11,-0.0025982130862913172,STMDX,real estate,2024
2024-04-12,0.008468828927219514,STMDX,real estate,2024
2024-04-15,-0.017541207527570178,STMDX,real estate,2024
2024-04-16,-0.011990664802873072,STMDX,real estate,2024
2024-04-17,-0.004202679900590533,STMDX,real estate,2024
2024-04-18,0.0018733040150955432,STMDX,real estate,2024
2024-04-19,0.009533162169539118,STMDX,real estate,2024
2024-04-22,0.004551165282106023,STMDX,real estate,2024
2024-04-23,0.0044329408208526625,STMDX,real estate,2024
2024-04-24,0.0009345348760920727,STMDX,real estate,2024
2024-04-25,-0.00227473469494228,STMDX,real estate,2024
2024-04-26,-0.0039987696482121846,STMDX,real estate,2024
2024-04-29,0.009549296749003674,STMDX,real estate,2024
2024-04-30,-0.006310845980441484,STMDX,real estate,2024
2024-05-01,0.003486777925681291,STMDX,real estate,2024
2024-05-02,0.008314846967652794,STMDX,real estate,2024
2024-05-03,0.0015162886389521414,STMDX,real estate,2024
2024-05-06,-0.005422152806632656,STMDX,real estate,2024
2024-05-07,0.009879435933160631,STMDX,real estate,2024
2024-05-08,-0.009779586890286032,STMDX,real estate,2024
2024-05-09,0.015819747494734818,STMDX,real estate,2024
2024-05-10,-0.003931182735133533,STMDX,real estate,2024
2024-05-13,0.0026312371967355586,STMDX,real estate,2024
2024-05-14,0.005006110867465685,STMDX,real estate,2024
2024-05-15,0.005916094499676357,STMDX,real estate,2024
2024-05-16,0.0001203414980742452,STMDX,real estate,2024
2024-05-17,0.0006608625343705091,STMDX,real estate,2024
2024-05-20,-0.004651286625547612,STMDX,real estate,2024
2024-05-21,-0.0028282752974939196,STMDX,real estate,2024
2024-05-22,-0.004337728713047369,STMDX,real estate,2024
2024-05-23,-0.015498913258518038,STMDX,real estate,2024
2024-05-24,-0.0026454332553435063,STMDX,real estate,2024
2024-05-28,-0.006311310013439853,STMDX,real estate,2024
2024-05-29,-0.0045178708243130365,STMDX,real estate,2024
2024-05-30,0.021483916320007904,STMDX,real estate,2024
2024-05-31,0.014014427551453407,STMDX,real estate,2024
2024-06-03,-0.002752734913606869,STMDX,real estate,2024
2024-06-04,0.008466003983741156,STMDX,real estate,2024
2024-06-05,-0.0077971775325072,STMDX,real estate,2024
2024-06-06,0.0026839950544650486,STMDX,real estate,2024
2024-06-07,-0.00732954919418276,STMDX,real estate,2024
2024-06-10,0.0014541451159315255,STMDX,real estate,2024
2024-06-11,-0.003975842728187166,STMDX,real estate,2024
2024-06-12,0.004572641904300445,STMDX,real estate,2024
2024-06-13,0.004665558982309426,STMDX,real estate,2024
2024-06-14,0.0008568025247434701,STMDX,real estate,2024
2024-06-17,-0.008354063398952328,STMDX,real estate,2024
2024-06-18,0.0026102471978655273,STMDX,real estate,2024
2024-06-20,-0.0020774850180147867,STMDX,real estate,2024
2024-06-21,0.003450253136582907,STMDX,real estate,2024
2024-06-24,0.010041890419257703,STMDX,real estate,2024
2024-06-25,-0.015349482693922707,STMDX,real estate,2024
2024-06-26,-0.0024106051108014302,STMDX,real estate,2024
2024-06-27,0.009956810562865551,STMDX,real estate,2024
2024-06-28,0.011640806483465115,STMDX,real estate,2024
2024-07-01,-0.008032407276993819,STMDX,real estate,2024
2024-07-02,0.000440312578291096,STMDX,real estate,2024
2024-07-03,-0.0031363599605671298,STMDX,real estate,2024
2024-07-05,-0.00044672784704216043,STMDX,real estate,2024
2024-07-08,0.0008224545769150219,STMDX,real estate,2024
2024-07-09,-0.0007944548483172697,STMDX,real estate,2024
2024-07-10,0.0028609922863013885,STMDX,real estate,2024
2024-07-11,0.031340611029796905,STMDX,real estate,2024
2024-07-12,0.002194873381997586,STMDX,real estate,2024
2024-07-15,0.004808193759562745,STMDX,real estate,2024
2024-07-16,0.00838995983420572,STMDX,real estate,2024
2024-07-17,0.01375153728914118,STMDX,real estate,2024
2024-07-18,-0.0010668749715439787,STMDX,real estate,2024
2024-07-19,0.003170796756930861,STMDX,real estate,2024
2024-07-22,0.003529981097894928,STMDX,real estate,2024
2024-07-23,0.0010046141072376567,STMDX,real estate,2024
2024-07-24,-0.0011378500918332052,STMDX,real estate,2024
2024-07-25,-0.007248653903340471,STMDX,real estate,2024
2024-07-26,0.008966998602553294,STMDX,real estate,2024
2024-07-29,0.004634089548683683,STMDX,real estate,2024
2024-07-30,0.013086988154339797,STMDX,real estate,2024
2024-07-31,-0.014574975404233314,STMDX,real estate,2024
2024-08-01,0.021631156898232227,STMDX,real estate,2024
2024-08-02,0.0099687730089335,STMDX,real estate,2024
2024-08-05,-0.01399628973591073,STMDX,real estate,2024
2024-08-06,0.0153094265235563,STMDX,real estate,2024
2024-08-07,-0.0011157638083398713,STMDX,real estate,2024
2024-08-08,-0.004016663678115449,STMDX,real estate,2024
2024-08-09,0.003136168418183849,STMDX,real estate,2024
2024-08-12,-0.0053063945682585234,STMDX,real estate,2024
2024-08-13,-0.0023286403767033533,STMDX,real estate,2024
2024-08-14,0.0019679114578937786,STMDX,real estate,2024
2024-08-15,-0.009462353828760418,STMDX,real estate,2024
2024-08-16,-0.0025631081152484242,STMDX,real estate,2024
2024-08-19,5.751029511966155e-05,STMDX,real estate,2024
2024-08-20,0.0028984348711619625,STMDX,real estate,2024
2024-08-21,0.0022995224289243557,STMDX,real estate,2024
2024-08-22,0.00997536894351626,STMDX,real estate,2024
2024-08-23,0.013772256069566325,STMDX,real estate,2024
2024-08-26,0.000724701287467433,STMDX,real estate,2024
2024-08-27,0.003148782620957676,STMDX,real estate,2024
2024-08-28,0.0019697474921197664,STMDX,real estate,2024
2024-08-29,-0.0032993609118580954,STMDX,real estate,2024
2024-08-30,0.005054882149804202,STMDX,real estate,2024
2024-09-03,0.015006765419561075,STMDX,real estate,2024
2024-09-04,0.0028284041850072097,STMDX,real estate,2024
2024-09-05,1.594614109475239e-06,STMDX,real estate,2024
2024-09-06,0.007191668248461238,STMDX,real estate,2024
2024-09-09,0.0024564949420358756,STMDX,real estate,2024
2024-09-10,0.013244749960197446,STMDX,real estate,2024
2024-09-11,-0.007927031666076346,STMDX,real estate,2024
2024-09-12,-0.00010086135837604655,STMDX,real estate,2024
2024-09-13,0.005246291408376901,STMDX,real estate,2024
2024-09-16,0.002693663389039914,STMDX,real estate,2024
2024-09-17,-0.006535689979495439,STMDX,real estate,2024
2024-09-18,-0.0003825338869701471,STMDX,real estate,2024
2024-09-19,-0.010180719431410794,STMDX,real estate,2024
2024-09-20,-0.002608959150369774,STMDX,real estate,2024
2024-09-23,0.00986281235571635,STMDX,real estate,2024
2024-09-24,-0.0033058504551871483,STMDX,real estate,2024
2024-09-25,-0.0015668594555095234,STMDX,real estate,2024
2024-09-26,-0.013146486861259962,STMDX,real estate,2024
2024-09-27,0.0024165397233195324,STMDX,real estate,2024
2024-09-30,0.005054822566301749,STMDX,real estate,2024
2024-10-01,-0.0016411247032242886,STMDX,real estate,2024
2024-10-02,-0.004436097633118027,STMDX,real estate,2024
2024-10-03,-0.006427634053838771,STMDX,real estate,2024
2024-10-04,-0.00958909991241113,STMDX,real estate,2024
2024-10-07,-0.0004887914451433871,STMDX,real estate,2024
2024-10-08,-0.004951994930208764,STMDX,real estate,2024
2024-10-09,-0.0032057726213394313,STMDX,real estate,2024
2024-10-10,-0.00609933922711875,STMDX,real estate,2024
2024-10-11,0.00592544643808931,STMDX,real estate,2024
2024-10-14,0.0024956232420438457,STMDX,real estate,2024
2024-10-15,0.01591833733669188,STMDX,real estate,2024
2024-10-16,0.008926171755677217,STMDX,real estate,2024
2024-10-17,-0.006954350334146326,STMDX,real estate,2024
2024-10-18,0.005902064783475047,STMDX,real estate,2024
2024-10-21,-0.017437471324742687,STMDX,real estate,2024
2024-10-22,0.003467176966976156,STMDX,real estate,2024
2024-10-23,0.014873766551750814,STMDX,real estate,2024
2024-10-24,-0.0019277717237764452,STMDX,real estate,2024
2024-10-25,-0.005999474843270472,STMDX,real estate,2024
2024-10-28,0.0018323654794286507,STMDX,real estate,2024
2024-10-29,-0.007681669038756861,STMDX,real estate,2024
2024-10-30,0.00442314725927481,STMDX,real estate,2024
2024-10-31,-0.005655339059507393,STMDX,real estate,2024
2024-11-01,-0.012477202409779722,STMDX,real estate,2024
2024-11-04,0.011027746027097773,STMDX,real estate,2024
2024-11-05,0.006705099096104335,STMDX,real estate,2024
2024-11-06,-0.028323485005357744,STMDX,real estate,2024
2024-11-07,0.007465484060455999,STMDX,real estate,2024
2024-11-08,0.013429273704064059,STMDX,real estate,2024
2024-11-11,-0.004244125532581505,STMDX,real estate,2024
2024-11-12,-0.008203937072641679,STMDX,real estate,2024
2024-11-13,0.004160004497308576,STMDX,real estate,2024
2024-11-14,-0.005296315193022352,STMDX,real estate,2024
2024-11-15,0.010456720622057313,STMDX,real estate,2024
2024-11-18,0.005383604238296839,STMDX,real estate,2024
2024-11-19,0.007116872415817602,STMDX,real estate,2024
2024-11-20,-0.004644737255124267,STMDX,real estate,2024
2024-11-21,0.0030293874059422066,STMDX,real estate,2024
2024-11-22,0.004834129970107086,STMDX,real estate,2024
2024-11-25,0.009634576202048425,STMDX,real estate,2024
2024-11-26,0.0014943773578265387,STMDX,real estate,2024
2024-11-27,0.008056152287511702,STMDX,real estate,2024
2024-11-29,-0.009189473485314209,STMDX,real estate,2024
2024-12-02,-0.013782371111955159,STMDX,real estate,2024
2024-12-03,-0.004672696511503009,STMDX,real estate,2024
2024-12-04,-0.0045563679569835735,STMDX,real estate,2024
2024-12-05,-0.0024542871819190934,STMDX,real estate,2024
2024-12-06,-0.002530739752793454,STMDX,real estate,2024
2024-12-09,0.005403723057098282,STMDX,real estate,2024
2024-12-10,-0.011958160388938467,STMDX,real estate,2024
2024-12-11,-0.006358405660158346,STMDX,real estate,2024
2024-12-12,0.00043645465768409747,STMDX,real estate,2024
2024-12-13,-0.001411378548946012,STMDX,real estate,2024
2024-12-16,-0.006195139852362719,STMDX,real estate,2024
2024-12-17,-0.00235793593694171,STMDX,real estate,2024
2024-12-18,-0.020948725484756018,STMDX,real estate,2024
2024-12-19,-0.013874364124265853,STMDX,real estate,2024
2024-12-20,0.009625003080658032,STMDX,real estate,2024
2024-12-23,-0.00034976955463688914,STMDX,real estate,2024
2024-12-24,0.0011265429187526316,STMDX,real estate,2024
2024-12-26,0.001987548971031471,STMDX,real estate,2024
2024-12-27,-0.002934292526775844,STMDX,real estate,2024
2024-12-30,0.0032592378623758547,STMDX,real estate,2024
2025-01-03,0.007836012009166959,STMDX,real estate,2025
2025-01-06,-0.02018570336035395,STMDX,real estate,2025
2025-01-07,-0.002069159071564559,STMDX,real estate,2025
2025-01-08,0.0026400240388924907,STMDX,real estate,2025
2025-01-10,-0.015357358936257145,STMDX,real estate,2025
2025-01-13,0.01239176524406791,STMDX,real estate,2025
2025-01-14,0.00736519481638398,STMDX,real estate,2025
2025-01-15,-0.007315950845496922,STMDX,real estate,2025
2025-01-16,0.019637830585196046,STMDX,real estate,2025
2025-01-17,-0.0071676864683210585,STMDX,real estate,2025
2025-01-21,0.012290373964602155,STMDX,real estate,2025
2025-01-22,-0.02051699203757419,STMDX,real estate,2025
2025-01-23,0.0042482653693958795,STMDX,real estate,2025
2025-01-24,0.0064885438972813805,STMDX,real estate,2025
2025-01-27,0.017513741953549107,STMDX,real estate,2025
2025-01-28,-0.01556784360188963,STMDX,real estate,2025
2025-01-29,-0.012422843787525327,STMDX,real estate,2025
2025-01-30,0.012894332725896221,STMDX,real estate,2025
2025-01-31,-0.00018096228806677508,STMDX,real estate,2025
2025-02-03,0.0010898827304950632,STMDX,real estate,2025
2025-02-04,-0.0017936821409059306,STMDX,real estate,2025
2025-02-05,0.010850604487380901,STMDX,real estate,2025
2025-02-06,0.0031773923404586923,STMDX,real estate,2025
2025-02-07,0.0029189206290459874,STMDX,real estate,2025
2025-02-10,-0.005196444048225955,STMDX,real estate,2025
2025-02-11,0.00594788452535502,STMDX,real estate,2025
2025-02-12,-0.005910245794169656,STMDX,real estate,2025
2025-02-13,0.00906787195908441,STMDX,real estate,2025
2025-02-14,-0.004172883777780814,STMDX,real estate,2025
2025-02-18,0.003686615340757159,STMDX,real estate,2025
2025-02-19,-0.002368199411378403,STMDX,real estate,2025
2025-02-20,0.009482122248352964,STMDX,real estate,2025
2025-02-21,-0.0003907269829614684,STMDX,real estate,2025
2025-02-24,0.0052803745333734,STMDX,real estate,2025
2025-02-25,0.016222644857618488,STMDX,real estate,2025
2025-02-26,-0.0065699119160371605,STMDX,real estate,2025
2025-02-27,0.014613235388884937,STMDX,real estate,2025
2025-02-28,0.0006871075504389654,STMDX,real estate,2025
2025-03-03,0.015853209472461192,STMDX,real estate,2025
2025-03-04,-0.006082280228735226,STMDX,real estate,2025
2025-03-05,0.004219452357511309,STMDX,real estate,2025
2025-03-06,-0.014113308711342094,STMDX,real estate,2025
2025-03-07,0.0033991196529328353,STMDX,real estate,2025
2025-03-10,0.004195545462931929,STMDX,real estate,2025
2025-03-11,-0.004115055665400165,STMDX,real estate,2025
2025-03-12,-0.007223541335787121,STMDX,real estate,2025
2025-03-13,-0.01034118280561676,STMDX,real estate,2025
2025-03-14,0.006761218510218615,STMDX,real estate,2025
2025-03-17,0.012221541349815774,STMDX,real estate,2025
2025-03-18,0.0012995871860330766,STMDX,real estate,2025
2025-03-19,-0.004505994326124234,STMDX,real estate,2025
2025-03-20,-0.00025760950711978324,STMDX,real estate,2025
2025-03-21,-0.01103409382105385,STMDX,real estate,2025
2025-03-24,0.007327022002625439,STMDX,real estate,2025
2025-03-25,-0.011758902846820971,STMDX,real estate,2025
2025-03-26,0.011289840333185256,STMDX,real estate,2025
2025-03-27,-0.00010597852756914967,STMDX,real estate,2025
2025-03-28,0.010338770746965851,STMDX,real estate,2025
2025-03-31,0.006834564887941959,STMDX,real estate,2025
2025-04-01,0.0012542569857151389,STMDX,real estate,2025
2025-04-02,0.0008431633431983045,STMDX,real estate,2025
2025-04-03,-0.005467135006368421,STMDX,real estate,2025
2025-04-04,-0.012208972227177217,STMDX,real estate,2025
2025-04-07,-0.028161312527550286,STMDX,real estate,2025
2025-04-08,-0.01771756915741572,STMDX,real estate,2025
2025-04-09,0.003999682677786026,STMDX,real estate,2025
2025-04-10,0.001793967436520147,STMDX,real estate,2025
2025-04-11,0.005322674811395841,STMDX,real estate,2025
2025-04-14,0.014626218738265868,STMDX,real estate,2025
2025-04-15,0.0051356268725375525,STMDX,real estate,2025
2025-04-16,0.012386902363355354,STMDX,real estate,2025
2025-04-17,0.014313227871572605,STMDX,real estate,2025
2025-04-21,-0.007748350267903135,STMDX,real estate,2025
2025-04-22,0.006272278223229946,STMDX,real estate,2025
2025-04-23,-0.006817407798601394,STMDX,real estate,2025
2025-04-24,-0.008783668182130833,STMDX,real estate,2025
2025-04-25,-0.0023256496226025563,STMDX,real estate,2025
2025-04-28,0.00601418469713587,STMDX,real estate,2025
2025-04-29,-0.0004421351384818672,STMDX,real estate,2025
2025-04-30,0.008789915674141908,STMDX,real estate,2025
2025-05-01,-0.00424332077191774,STMDX,real estate,2025
2025-05-02,0.006995064169795771,STMDX,real estate,2025
2025-05-05,0.00034990888915401594,STMDX,real estate,2025
2025-05-06,0.000565069498500353,STMDX,real estate,2025
2025-05-07,-0.0019345583770289387,STMDX,real estate,2025
2025-05-08,-0.008363474270598864,STMDX,real estate,2025
2025-05-09,0.007585444946600204,STMDX,real estate,2025
2025-05-12,-0.01437886345931309,STMDX,real estate,2025
2025-05-13,-0.013996989376609367,STMDX,real estate,2025
2025-05-14,-0.010282320303146875,STMDX,real estate,2025
2025-05-15,0.015034898024579666,STMDX,real estate,2025
2025-05-16,0.009538360151542306,STMDX,real estate,2025
2025-05-19,0.0004752955118276414,STMDX,real estate,2025
2025-05-20,-0.004692382285560664,STMDX,real estate,2025
2025-05-21,-0.015335466434541235,STMDX,real estate,2025
2025-05-22,-0.005107780290645258,STMDX,real estate,2025
2025-05-23,0.0028213015431923913,STMDX,real estate,2025
2025-05-27,0.006484835317264225,STMDX,real estate,2025
2025-05-28,0.0028675272335642755,STMDX,real estate,2025
2025-05-29,0.007471455237150235,STMDX,real estate,2025
2025-05-30,0.0007740750970679245,STMDX,real estate,2025
2025-06-02,-0.0012684405896209216,STMDX,real estate,2025
2025-06-03,-0.006311371655301616,STMDX,real estate,2025
2025-06-04,0.001179020486347561,STMDX,real estate,2025
2025-06-05,0.001548293745673801,STMDX,real estate,2025
2025-06-06,0.0016809020481348457,STMDX,real estate,2025
2025-06-09,0.0008556113900053232,STMDX,real estate,2025
2025-06-10,0.004799732920938149,STMDX,real estate,2025
2025-06-11,-0.005217796976530579,STMDX,real estate,2025
2025-06-12,0.0037203288956855186,STMDX,real estate,2025
2025-06-13,-0.0023670741874143196,STMDX,real estate,2025
2025-06-16,-0.0054681724286177865,STMDX,real estate,2025
2025-06-17,0.0034410806041639663,STMDX,real estate,2025
2025-06-18,0.004175709180602768,STMDX,real estate,2025
2025-06-20,0.00029167806852950767,STMDX,real estate,2025
2025-06-23,0.008217344707719527,STMDX,real estate,2025
2025-06-24,-0.00541524424835369,STMDX,real estate,2025
2025-06-25,-0.023629002658868532,STMDX,real estate,2025
2025-06-26,-0.004336186913212211,STMDX,real estate,2025
2025-06-27,-0.0003425328816517785,STMDX,real estate,2025
2025-06-30,0.003983848062205968,STMDX,real estate,2025
2025-07-01,0.004297776434875965,STMDX,real estate,2025
2025-07-02,0.0009731814160629819,STMDX,real estate,2025
2025-07-03,-0.0010183178931188366,STMDX,real estate,2025
2025-07-07,-0.004617375266434512,STMDX,real estate,2025
2025-07-08,-0.000637402995069926,STMDX,real estate,2025
2025-07-09,-0.0031263184377152173,STMDX,real estate,2025
2025-07-10,0.004102869085655923,STMDX,real estate,2025
2025-07-11,0.0036684805332713767,STMDX,real estate,2025
2025-07-14,0.006480623037251411,STMDX,real estate,2025
2025-07-15,-0.011179333224094867,STMDX,real estate,2025
2025-07-16,0.007480212284399558,STMDX,real estate,2025
2025-07-17,-0.005132408646574008,STMDX,real estate,2025
2025-07-18,0.0036426468198067228,STMDX,real estate,2025
2025-07-21,0.0011846715520038918,STMDX,real estate,2025
2025-07-22,0.015934870775850134,STMDX,real estate,2025
2025-07-23,-0.00412317749757723,STMDX,real estate,2025
2025-07-24,-0.005967980221668783,STMDX,real estate,2025
2025-07-25,-0.003591393187589691,STMDX,real estate,2025
2025-07-28,-0.01616897120897056,STMDX,real estate,2025
2025-07-29,0.016088320915718334,STMDX,real estate,2025
2025-07-30,-0.014589804607463298,STMDX,real estate,2025
2025-07-31,-0.013843971316801616,STMDX,real estate,2025
2025-08-01,0.003707227083503283,STMDX,real estate,2025
2025-08-04,-0.0012385647355790683,STMDX,real estate,2025
2025-08-05,0.006761661102330799,STMDX,real estate,2025
2025-08-06,-0.009351365244971146,STMDX,real estate,2025
2025-08-07,0.00376174992912016,STMDX,real estate,2025
2025-08-08,-0.013974920108926944,STMDX,real estate,2025
2025-08-11,-0.004234507668013823,STMDX,real estate,2025
2025-08-12,0.0005524624024903276,STMDX,real estate,2025
2025-08-13,0.006772991677276027,STMDX,real estate,2025
2025-08-14,-0.008651684415393827,STMDX,real estate,2025
2025-08-15,0.006843331396197234,STMDX,real estate,2025
2025-08-18,-0.007953417043887545,STMDX,real estate,2025
2025-08-19,0.0222289887505148,STMDX,real estate,2025
2025-08-20,0.0052239795228849,STMDX,real estate,2025
2025-08-21,-0.000845573611051829,STMDX,real estate,2025
2025-08-22,0.00902608953947738,STMDX,real estate,2025
2025-08-25,-0.003656951779935112,STMDX,real estate,2025
2025-08-26,-0.0035993191744847983,STMDX,real estate,2025
2025-08-27,0.008268870533980321,STMDX,real estate,2025
2025-08-28,-0.004642698141043252,STMDX,real estate,2025
2025-08-29,0.008516704226291147,STMDX,real estate,2025
2025-09-02,-0.012880533880569936,STMDX,real estate,2025
2025-09-03,-0.002552187013654639,STMDX,real estate,2025
2025-09-04,0.0018554211355763049,STMDX,real estate,2025
2025-09-05,0.009222545110008548,STMDX,real estate,2025
2025-09-08,-0.007977573564423163,STMDX,real estate,2025
2025-09-09,-0.0026468099487872124,STMDX,real estate,2025
2025-09-10,-0.0004266644343238129,STMDX,real estate,2025
2025-09-11,0.010510553225615771,STMDX,real estate,2025
2025-09-12,-0.004032413277963488,STMDX,real estate,2025
2025-09-15,-0.006377266146500108,STMDX,real estate,2025
2025-09-16,-0.0052058474674150325,STMDX,real estate,2025
2025-09-17,-0.001398666421710693,STMDX,real estate,2025
2025-09-18,0.0003488521275751815,STMDX,real estate,2025
2025-09-19,-0.00818232914894417,STMDX,real estate,2025
2025-09-22,-0.0013587066495147951,STMDX,real estate,2025
2025-09-23,0.009152566678650675,STMDX,real estate,2025
2025-09-24,-0.008223905281667396,STMDX,real estate,2025
2025-09-25,0.0008604894545027589,STMDX,real estate,2025
2025-09-26,0.005762517468618621,STMDX,real estate,2025
2025-09-29,-0.002662418728426818,STMDX,real estate,2025
2025-09-30,0.004217560728021279,STMDX,real estate,2025
2025-10-01,-0.00012528226871566712,STMDX,real estate,2025
2025-10-02,-0.006827208211432468,STMDX,real estate,2025
2025-10-03,0.0030334118923090406,STMDX,real estate,2025
2025-10-06,-0.0092144867136727,STMDX,real estate,2025
2025-10-07,-0.0015934549962036103,STMDX,real estate,2025
2025-10-08,-0.0068117266618228445,STMDX,real estate,2025
2025-10-09,-0.0028913247263251778,STMDX,real estate,2025
2025-10-10,-0.00039168141372524293,STMDX,real estate,2025
2025-10-13,0.00025880008056303715,STMDX,real estate,2025
2025-10-14,0.010936576667457357,STMDX,real estate,2025
2025-10-15,0.011386400560987529,STMDX,real estate,2025
2025-10-16,0.002541052702114904,STMDX,real estate,2025
2025-10-17,0.0057917105742105335,STMDX,real estate,2025
2025-10-20,0.003597321542563524,STMDX,real estate,2025
2025-10-21,-0.003397347660186539,STMDX,real estate,2025
2025-10-22,0.007309116837578284,STMDX,real estate,2025
2025-10-23,-0.0036442572578671583,STMDX,real estate,2025
2025-10-24,-0.00089808134806048,STMDX,real estate,2025
2025-10-27,-0.0035822242328301134,STMDX,real estate,2025
2025-10-28,-0.02075946420835227,STMDX,real estate,2025
2025-10-29,-0.02258098523813046,STMDX,real estate,2025
2025-10-30,0.013871977526561123,STMDX,real estate,2025
2025-10-31,-0.0011779730935147605,STMDX,real estate,2025
2025-11-03,-0.00017799855041547878,STMDX,real estate,2025
2025-11-04,0.009949797539168017,STMDX,real estate,2025
2025-11-05,-0.0007040761653682858,STMDX,real estate,2025
2025-11-06,0.002819584192211188,STMDX,real estate,2025
2025-11-07,0.014250512959466414,STMDX,real estate,2025
2025-11-10,-0.009420507081987516,STMDX,real estate,2025
2025-11-11,0.009741636894921687,STMDX,real estate,2025
2025-11-12,-0.00927275524145803,STMDX,real estate,2025
2025-11-13,-0.0009141024926224844,STMDX,real estate,2025
2025-11-14,0.0036952654507243637,STMDX,real estate,2025
2025-11-17,-0.0012804228218547481,STMDX,real estate,2025
2025-11-18,0.008748283256236417,STMDX,real estate,2025
2025-11-19,-0.00913202064905625,STMDX,real estate,2025
2025-11-20,0.006245757815467386,STMDX,real estate,2025
2025-11-21,0.008298938633585853,STMDX,real estate,2025
2025-11-24,-0.006718238844460886,STMDX,real estate,2025
2025-11-25,0.0019113873610494738,STMDX,real estate,2025
2025-11-26,0.0023014372866203086,STMDX,real estate,2025
2025-11-28,0.0004955187638687204,STMDX,real estate,2025
2025-12-01,-0.008592733054471852,STMDX,real estate,2025
2025-12-02,-0.0046731669191513794,STMDX,real estate,2025
2025-12-03,-0.0018389115732281988,STMDX,real estate,2025
2025-12-04,-0.0024256509615250958,STMDX,real estate,2025
2025-12-05,-0.00019529397800809435,STMDX,real estate,2025
2025-12-08,-0.004205459941223377,STMDX,real estate,2025
2025-12-09,-0.0033388864222982915,STMDX,real estate,2025
2025-12-10,-0.0006872655160288293,STMDX,real estate,2025
2025-12-11,0.0028526274071222196,STMDX,real estate,2025
2025-12-12,0.004794208063367184,STMDX,real estate,2025
2025-12-15,0.007732447487253385,STMDX,real estate,2025
2025-12-16,-0.007745248983825819,STMDX,real estate,2025
2025-12-17,0.011106555347976395,STMDX,real estate,2025
2025-12-18,-0.008912180176687566,STMDX,real estate,2025
2025-12-19,-0.008236331120015145,STMDX,real estate,2025
2025-12-22,0.001176366617545045,STMDX,real estate,2025
2025-12-23,-0.004182022713702885,STMDX,real estate,2025
2025-12-24,0.004908887104431882,STMDX,real estate,2025
2025-12-26,0.0014295982269897252,STMDX,real estate,2025
2025-12-29,0.004068354454960432,STMDX,real estate,2025
2025-12-30,0.0031210059196354165,STMDX,real estate,2025
2025-12-31,0.00020501721185948259,STMDX,real estate,2025
