Date,Daily_Return,Year
1999-01-04,0.0,1999
1999-01-05,0.002887518434836256,1999
1999-01-06,0.0009596315064641647,1999
1999-01-07,-0.006711445269201088,1999
1999-01-08,-0.0009656572447105383,1999
1999-01-11,-0.005796265144352719,1999
1999-01-12,-0.002915971083855995,1999
1999-01-13,-0.0009750691927431498,1999
1999-01-14,-0.004877897281172494,1999
1999-01-15,0.003921636346094548,1999
1999-01-19,0.002929816795712137,1999
1999-01-20,-0.0029212580448277903,1999
1999-01-21,-0.003906317190620401,1999
1999-01-22,0.0,1999
1999-01-25,0.004901807796093838,1999
1999-01-26,-0.00292609199725935,1999
1999-01-27,-0.007828077339677497,1999
1999-01-28,-0.00394476044546388,1999
1999-01-29,-0.006930650615756484,1999
1999-02-01,0.0019938100137739667,1999
1999-02-02,0.0,1999
1999-02-03,0.001989762251147109,1999
1999-02-04,-0.001985810959462042,1999
1999-02-05,-0.005970171092219534,1999
1999-02-08,-0.0010011799187199522,1999
1999-02-09,0.0,1999
1999-02-10,-0.008015523275846426,1999
1999-02-11,-0.0030307620388240197,1999
1999-02-12,-0.009118125509991581,1999
1999-02-16,0.0010220990504195004,1999
1999-02-17,-0.0010210554306333552,1999
1999-02-18,0.0,1999
1999-02-19,-0.0030677842012831746,1999
1999-02-22,0.01025666905989775,1999
1999-02-23,0.002030081028524089,1999
1999-02-24,0.0010135980290586488,1999
1999-02-25,-0.002024325599614629,1999
1999-02-26,-0.0030430574270562394,1999
1999-03-01,0.002035034250122081,1999
1999-03-02,-0.001014835447286755,1999
1999-03-03,-0.00304940557611455,1999
1999-03-04,0.0010197972611418749,1999
1999-03-05,0.005091076517867332,1999
1999-03-08,-0.006078886774338432,1999
1999-03-09,0.0050970919964692385,1999
1999-03-10,-0.00405661778130173,1999
1999-03-11,-0.002036693894715058,1999
1999-03-12,-0.0030617703953341735,1999
1999-03-15,-0.006140362483997852,1999
1999-03-16,-0.004120031253458389,1999
1999-03-17,-0.0020689558365409866,1999
1999-03-18,-0.001035617922042542,1999
1999-03-19,-0.001037445861594266,1999
1999-03-22,-0.00623038453300051,1999
1999-03-23,-0.006269867723554423,1999
1999-03-24,3.3983771396961515e-07,1999
1999-03-25,0.0010704884349865829,1999
1999-03-26,0.0021392815096552553,1999
1999-03-29,0.006403043325639457,1999
1999-03-30,0.0031812367534369557,1999
1999-03-31,0.016913994726188264,1999
1999-04-01,-0.011434945046224998,1999
1999-04-05,0.0031550592466425,1999
1999-04-06,-0.0010486282533406222,1999
1999-04-07,-0.004197334069622971,1999
1999-04-08,0.0,1999
1999-04-09,-0.0010539864308758418,1999
1999-04-12,0.009494044908607835,1999
1999-04-13,0.004179043836428642,1999
1999-04-14,0.009365864131141599,1999
1999-04-15,0.014433408505120315,1999
1999-04-16,0.02947082098329612,1999
1999-04-19,0.014807902874896417,1999
1999-04-20,0.0009730664530438471,1999
1999-04-21,0.0038866312839269668,1999
1999-04-22,0.0038718911335198225,1999
1999-04-23,0.0038578756646219237,1999
1999-04-26,-0.005764040897805134,1999
1999-04-27,-0.002898000487766339,1999
1999-04-28,0.0019376667969721595,1999
1999-04-29,-0.0009672667240293586,1999
1999-04-30,0.007744704072721875,1999
1999-05-03,0.003842439842582479,1999
1999-05-04,-0.0019137900712847822,1999
1999-05-05,0.0,1999
1999-05-06,0.0038346911313513754,1999
1999-05-07,0.005730935257469261,1999
1999-05-10,0.01234569296755117,1999
1999-05-11,0.008442660188677786,1999
1999-05-12,0.009301984998246082,1999
1999-05-13,-0.00276452560740581,1999
1999-05-14,-0.010166014542113522,1999
1999-05-17,-0.006536209212040678,1999
1999-05-18,-0.0037595285889737706,1999
1999-05-19,0.004717257268314734,1999
1999-05-20,0.008450064077727859,1999
1999-05-21,0.004655989348788081,1999
1999-05-24,-0.0009267058141836371,1999
1999-05-25,-0.002783211456496293,1999
1999-05-26,-0.008371978419772774,1999
1999-05-27,0.0009377094297748911,1999
1999-05-28,0.004686014007024619,1999
1999-06-01,0.0009332756747408855,1999
1999-06-02,-0.0018636277110791744,1999
1999-06-03,0.0,1999
1999-06-04,0.001867107303990423,1999
1999-06-07,0.0009315180416171742,1999
1999-06-08,-0.0027925444471617045,1999
1999-06-09,0.0009329609195176669,1999
1999-06-10,-0.005596619125963098,1999
1999-06-11,-0.0037526986967721943,1999
1999-06-14,-0.0018829315690364057,1999
1999-06-15,0.007547207382798904,1999
1999-06-16,0.0028093462792155854,1999
1999-06-17,0.001867107303990423,1999
1999-06-18,-0.0018636277110791744,1999
1999-06-21,0.0009329609195176669,1999
1999-06-22,-0.005596619125963098,1999
1999-06-23,-0.004690780322081589,1999
1999-06-24,-0.004788799220748707,1999
1999-06-25,0.0,1999
1999-06-28,0.009624736430837944,1999
1999-06-29,0.002859582571507424,1999
1999-06-30,0.002852022445073654,1999
1999-07-01,0.0009479951851998347,1999
1999-07-02,0.0009468015815172759,1999
1999-07-06,-0.006622450024325377,1999
1999-07-07,-0.0066668966947053265,1999
1999-07-08,-0.0047936132867973935,1999
1999-07-09,-0.000963746739211957,1999
1999-07-12,-0.0009639987901638447,1999
1999-07-13,0.0,1999
1999-07-14,-0.0028959174527865006,1999
1999-07-15,0.003872059598289068,1999
1999-07-16,0.002893125791865625,1999
1999-07-19,-0.0019228861972252487,1999
1999-07-20,-0.0028904879957039054,1999
1999-07-21,0.0,1999
1999-07-22,-0.0028990180168674273,1999
1999-07-23,-0.002906538842309847,1999
1999-07-26,-0.002915011436275261,1999
1999-07-27,0.0,1999
1999-07-28,-0.0019498848691232862,1999
1999-07-29,-0.00976526921324039,1999
1999-07-30,0.005916957460601724,1999
1999-08-02,-0.005882153011456226,1999
1999-08-03,-0.0019722678184613818,1999
1999-08-04,-0.00988182974100682,1999
1999-08-05,-0.003992166373851136,1999
1999-08-06,-0.0020036535186260807,1999
1999-08-09,-0.005020209640279494,1999
1999-08-10,-0.007063818059292903,1999
1999-08-11,0.0,1999
1999-08-12,0.0010162391154220352,1999
1999-08-13,0.0030461771538932148,1999
1999-08-16,0.0,1999
1999-08-17,0.0030362148779350395,1999
1999-08-18,0.002018121174411913,1999
1999-08-19,0.0010067923888570363,1999
1999-08-20,0.002012502178835973,1999
1999-08-23,-0.002008460148411273,1999
1999-08-24,-0.002011795210857481,1999
1999-08-25,-0.0040320162206282095,1999
1999-08-26,0.0,1999
1999-08-27,0.0,1999
1999-08-30,-0.0050612537918111045,1999
1999-08-31,0.013225263732808079,1999
1999-09-01,-0.006024282926026969,1999
1999-09-02,-0.006060794869074848,1999
1999-09-03,0.008130309674807545,1999
1999-09-07,0.002015850689620624,1999
1999-09-08,-0.007042186585973886,1999
1999-09-09,-0.0040527591236325655,1999
1999-09-10,0.002034625408503743,1999
1999-09-13,-0.0030453051868720715,1999
1999-09-14,-0.0010181494582975903,1999
1999-09-15,-0.0030585961371653037,1999
1999-09-16,-0.0010226333371282648,1999
1999-09-17,0.0,1999
1999-09-20,-0.0020468009414756905,1999
1999-09-21,-0.00820487662213587,1999
1999-09-22,-0.0031023936038142574,1999
1999-09-23,0.0,1999
1999-09-24,-0.002111822341578695,1999
1999-09-27,0.0021161292375344587,1999
1999-09-28,-0.0010559518401076495,1999
1999-09-29,-0.001056824806598744,1999
1999-09-30,0.0063487935522790195,1999
1999-10-01,-0.00630874066025211,1999
1999-10-04,0.003174315608204248,1999
1999-10-05,0.002109595052901314,1999
1999-10-06,0.0,1999
1999-10-07,-0.00631530060958474,1999
1999-10-08,-0.003178977988315679,1999
1999-10-11,0.0031891161182577843,1999
1999-10-12,-0.006356737167976245,1999
1999-10-13,-0.00533050199989904,1999
1999-10-14,-0.004287106838793298,1999
1999-10-15,-0.005382390042417473,1999
1999-10-18,-0.0021636438272355507,1999
1999-10-19,0.004338251327069553,1999
1999-10-20,0.002159631848705157,1999
1999-10-21,-0.005387692689176382,1999
1999-10-22,0.001082660749317954,1999
1999-10-25,0.0,1999
1999-10-26,-0.0010814898626927416,1999
1999-10-27,0.0032502260183122633,1999
1999-10-28,0.0,1999
1999-10-29,0.011878803501665036,1999
1999-11-01,0.002134606609749179,1999
1999-11-02,0.008519667274142773,1999
1999-11-03,0.0010559518401076495,1999
1999-11-04,-0.004219028283606985,1999
1999-11-05,-0.003178977988315679,1999
1999-11-08,0.004251720088138455,1999
1999-11-09,-0.0042337194979016335,1999
1999-11-10,-0.00425025285344538,1999
1999-11-11,-0.001067139582938026,1999
1999-11-12,0.0010682795863703465,1999
1999-11-15,-0.005336352802436606,1999
1999-11-16,0.0,1999
1999-11-17,-0.0053643238392427905,1999
1999-11-18,0.0010784855130947513,1999
1999-11-19,0.002155225854444831,1999
1999-11-22,-0.009677535088858824,1999
1999-11-23,-0.0065146533686886166,1999
1999-11-24,-0.0010927137661648212,1999
1999-11-26,0.0,1999
1999-11-29,-0.0054700490039384375,1999
1999-11-30,0.00660006075539199,1999
1999-12-01,-0.0032784766153386435,1999
1999-12-02,-0.013158050773651953,1999
1999-12-03,0.0011110108280942832,1999
1999-12-06,-0.00998817093950155,1999
1999-12-07,0.0,1999
1999-12-08,-0.00784845417587443,1999
1999-12-09,-0.00564920924071266,1999
1999-12-10,-0.006818523736049298,1999
1999-12-13,0.0011441493964057248,1999
1999-12-14,-0.012571435283788013,1999
1999-12-15,-0.00578687068203021,1999
1999-12-16,0.0023865662225917017,1999
1999-12-17,0.02738110233498925,1999
1999-12-20,0.006952117452538209,1999
1999-12-21,0.001151016617969347,1999
1999-12-22,-0.0011496933018732003,1999
1999-12-23,0.002301344365365887,1999
1999-12-27,0.002296833539835008,1999
1999-12-28,0.014890877630666433,1999
1999-12-29,0.013543968109185567,1999
1999-12-30,0.0011140955502340066,1999
1999-12-31,0.0,1999
2000-01-03,0.0,2000
2000-01-04,-0.008947957146496988,2000
2000-01-05,0.001128762160480301,2000
2000-01-06,0.02142002261053011,2000
2000-01-07,0.020971239982698675,2000
2000-01-10,0.012973169309126176,2000
2000-01-11,0.0010670854296839227,2000
2000-01-12,-0.003198242789315131,2000
2000-01-13,0.004278512680438773,2000
2000-01-14,-0.0031954727389493787,2000
2000-01-18,0.0021368512139496865,2000
2000-01-19,-0.001065947972134107,2000
2000-01-20,0.004268661157571296,2000
2000-01-21,0.0010627883255664994,2000
2000-01-24,-0.010615408519462077,2000
2000-01-25,-0.004292364092867373,2000
2000-01-26,-0.0010768703173175131,2000
2000-01-27,0.0010780312171363438,2000
2000-01-28,-0.006464769810603843,2000
2000-01-31,-0.008676862120333473,2000
2000-02-01,0.005470014432736425,2000
2000-02-02,-0.0021758093352007846,2000
2000-02-03,0.0032715651197889883,2000
2000-02-04,-0.00434859452920533,2000
2000-02-07,0.0,2000
2000-02-08,-0.0010909778298273665,2000
2000-02-09,-0.0010929053806780775,2000
2000-02-10,-0.0032824671276399098,2000
2000-02-11,-0.012074336693444265,2000
2000-02-14,-0.006667387237580535,2000
2000-02-15,0.0011183272415844492,2000
2000-02-16,-0.006703053148615634,2000
2000-02-17,0.006748287276894915,2000
2000-02-18,-0.010055039563422463,2000
2000-02-22,0.0022571020380723894,2000
2000-02-23,-0.0022520190013944896,2000
2000-02-24,-0.005643726345823996,2000
2000-02-25,0.0,2000
2000-02-28,0.0011355084859490105,2000
2000-02-29,0.01020391281916977,2000
2000-03-01,-0.008978668576096083,2000
2000-03-02,-0.005663071083465532,2000
2000-03-03,0.004556532010736802,2000
2000-03-06,-0.002267338222978643,2000
2000-03-07,-0.012500442168448478,2000
2000-03-08,0.00805496083083268,2000
2000-03-09,0.0011413063904957,2000
2000-03-10,-0.004560533120775756,2000
2000-03-13,0.0,2000
2000-03-14,-0.0022907991491317725,2000
2000-03-15,0.010333296248392854,2000
2000-03-16,0.0,2000
2000-03-17,0.026136321893188486,2000
2000-03-20,-0.002215271927052842,2000
2000-03-21,0.001109555297545084,2000
2000-03-22,0.005543618749284551,2000
2000-03-23,-0.003370996755725053,2000
2000-03-24,-0.0011264729080285862,2000
2000-03-27,-0.0011297322455019465,2000
2000-03-28,0.00226002875314113,2000
2000-03-29,0.0045092856201527365,2000
2000-03-30,0.002245386911224667,2000
2000-03-31,0.0044795617528308185,2000
2000-04-03,0.0022288919536255225,2000
2000-04-04,0.00111266176087077,2000
2000-04-05,0.0033334595173006853,2000
2000-04-06,0.009966746882342337,2000
2000-04-07,0.009868713169751686,2000
2000-04-10,0.007600107882785867,2000
2000-04-11,0.0021549110014240647,2000
2000-04-12,0.004301344217439551,2000
2000-04-13,0.00428245020867446,2000
2000-04-14,-0.0042641890314668585,2000
2000-04-17,-0.0010710449323160232,2000
2000-04-18,0.004287356618542848,2000
2000-04-19,0.0010673025972127714,2000
2000-04-20,-0.0010661646768840294,2000
2000-04-24,0.0,2000
2000-04-25,0.00853802896323863,2000
2000-04-26,0.007407558777529077,2000
2000-04-27,0.006302604779956145,2000
2000-04-28,0.0010430631243654176,2000
2000-05-01,0.01459861671121998,2000
2000-05-02,0.009250022657937063,2000
2000-05-03,0.0010183188982386682,2000
2000-05-04,-0.003051251372349739,2000
2000-05-05,0.004081361090055191,2000
2000-05-08,-0.004064771290669511,2000
2000-05-09,0.0010201716924382875,2000
2000-05-10,-0.005097231824612303,2000
2000-05-11,0.006147549616740244,2000
2000-05-12,0.002037011656121246,2000
2000-05-15,0.0020321990955169955,2000
2000-05-16,0.004056602087503469,2000
2000-05-17,-0.006060096326072184,2000
2000-05-18,-0.0010166218872483812,2000
2000-05-19,0.0,2000
2000-05-22,-0.0020341924801879907,2000
2000-05-23,0.0010189823065780423,2000
2000-05-24,-0.0010179450385946476,2000
2000-05-25,-0.011213296259562466,2000
2000-05-26,0.004123363290394311,2000
2000-05-30,0.004106958686237672,2000
2000-05-31,0.0,2000
2000-06-01,0.0020456433659876705,2000
2000-06-02,0.0051018324804055215,2000
2000-06-05,-0.001015291542979302,2000
2000-06-06,0.005081169318136514,2000
2000-06-07,0.004043924943612609,2000
2000-06-08,0.0020145212047877337,2000
2000-06-09,0.002010102093173094,2000
2000-06-12,0.0030093622968190292,2000
2000-06-13,0.006999480290772908,2000
2000-06-14,0.010924000696781677,2000
2000-06-15,0.0009824514735619072,2000
2000-06-16,-0.004906859594727475,2000
2000-06-19,0.004931055592171996,2000
2000-06-20,0.007850384484878514,2000
2000-06-21,0.001947183879505321,2000
2000-06-22,-0.005830770022279719,2000
2000-06-23,2.153256140058346e-07,2000
2000-06-26,0.004969929425609809,2000
2000-06-27,0.002967653632426126,2000
2000-06-28,0.0,2000
2000-06-29,0.0019719171988463735,2000
2000-06-30,-0.02066942802005678,2000
2000-07-03,0.02110567015003806,2000
2000-07-05,0.005905672695051489,2000
2000-07-06,0.009785165666523765,2000
2000-07-07,0.0038756758364104638,2000
2000-07-10,0.0009654396039886493,2000
2000-07-11,-0.0048214977036177276,2000
2000-07-12,-0.0009689014673806007,2000
2000-07-13,0.0,2000
2000-07-14,-0.0019401025042533604,2000
2000-07-17,0.0029156002154246963,2000
2000-07-18,-0.0019380828023137786,2000
2000-07-19,-0.0029126992889828562,2000
2000-07-20,0.014605336370244082,2000
2000-07-21,0.0009600192253309547,2000
2000-07-24,0.0009587523273921761,2000
2000-07-25,0.0028733636800744033,2000
2000-07-26,0.01337180726153675,2000
2000-07-27,0.004712162423252453,2000
2000-07-28,0.0009384730180370671,2000
2000-07-31,0.008434954418628404,2000
2000-08-01,0.008363864230493956,2000
2000-08-02,-0.005529305231211534,2000
2000-08-03,-0.008341611795713133,2000
2000-08-04,-0.008410969810327407,2000
2000-08-07,-0.0028275968938015206,2000
2000-08-08,0.0037804330903676853,2000
2000-08-09,0.0009423476981524903,2000
2000-08-10,0.0018807473837960664,2000
2000-08-11,0.003756399795382892,2000
2000-08-14,0.002805692709846097,2000
2000-08-15,-0.004663677577072645,2000
2000-08-16,0.0065603772406395144,2000
2000-08-17,-0.0009310788527446823,2000
2000-08-18,-0.005591746704338374,2000
2000-08-21,-0.0028117642592483394,2000
2000-08-22,-0.002819421119490517,2000
2000-08-23,0.0,2000
2000-08-24,-0.008482518463359123,2000
2000-08-25,-0.0028517185949239465,2000
2000-08-28,-0.0028600118172521505,2000
2000-08-29,-0.006691949296862787,2000
2000-08-30,0.00673703318132346,2000
2000-08-31,-0.0038243556249664135,2000
2000-09-01,0.0,2000
2000-09-05,0.0,2000
2000-09-06,0.0038390374695074225,2000
2000-09-07,0.009560026181866688,2000
2000-09-08,0.009469634290999895,2000
2000-09-11,0.007505006995704999,2000
2000-09-12,0.0009312805450372164,2000
2000-09-13,0.0,2000
2000-09-14,-0.0018606266323974996,2000
2000-09-15,-0.005591746704338374,2000
2000-09-18,-0.016869705821786707,2000
2000-09-19,0.01334637764876323,2000
2000-09-20,0.0,2000
2000-09-21,-0.0037637363402468482,2000
2000-09-22,0.008637226400101783,2000
2000-09-25,-0.003805767225543044,2000
2000-09-26,0.000955025712543911,2000
2000-09-27,0.007633932959795642,2000
2000-09-28,0.008522512629464352,2000
2000-09-29,-0.006572524282809855,2000
2000-10-02,-0.012287256016945913,2000
2000-10-03,-0.006698583981065265,2000
2000-10-04,-0.007706926658427649,2000
2000-10-05,0.005825140256892514,2000
2000-10-06,-0.0009651655076428067,2000
2000-10-09,0.0,2000
2000-10-10,0.0009660979520631496,2000
2000-10-11,-0.005791404513318055,2000
2000-10-12,-0.010680113578164008,2000
2000-10-13,0.0019627447330239356,2000
2000-10-16,0.0029385238324239893,2000
2000-10-17,-0.008789118194969192,2000
2000-10-18,-0.002955613923534939,2000
2000-10-19,0.003952430426335862,2000
2000-10-20,0.000984514748700871,2000
2000-10-23,-0.004916544558761116,2000
2000-10-24,-0.00494090660535873,2000
2000-10-25,-0.008936931943573478,2000
2000-10-26,0.006011846717378866,2000
2000-10-27,0.0069719189272059445,2000
2000-10-30,-0.0029677293950255423,2000
2000-10-31,0.005952844125673762,2000
2000-11-01,-0.008876636404312799,2000
2000-11-02,0.000995715419231269,2000
2000-11-03,-0.002981985555760236,2000
2000-11-06,0.0,2000
2000-11-07,0.0019932043059560645,2000
2000-11-08,0.0,2000
2000-11-09,0.000995715419231269,2000
2000-11-10,-0.007951796695027213,2000
2000-11-13,0.0010014879941750987,2000
2000-11-14,0.00500534592934887,2000
2000-11-15,0.003983498763440396,2000
2000-11-16,-0.0019838819721677003,2000
2000-11-17,0.0029828330317613894,2000
2000-11-20,0.0009903584224368878,2000
2000-11-21,0.0029707384513526502,2000
2000-11-22,-0.0039483874080828985,2000
2000-11-24,0.003964038969635819,2000
2000-11-27,0.002961097684943459,2000
2000-11-28,-0.00098416510925603,2000
2000-11-29,0.003940678571158651,2000
2000-11-30,-0.0009813375054993356,2000
2000-12-01,0.009823293909835495,2000
2000-12-04,-0.0029180303827076592,2000
2000-12-05,0.01951213155606113,2000
2000-12-06,-0.004784401757036427,2000
2000-12-07,-0.0009619996476356585,2000
2000-12-08,0.007699510201497173,2000
2000-12-11,0.00668606213462164,2000
2000-12-12,0.0009486153538986741,2000
2000-12-13,0.0009479857071472697,2000
2000-12-14,0.0,2000
2000-12-15,0.0028983163203553097,2000
2000-12-18,0.01252450602876487,2000
2000-12-19,0.0009512872424350949,2000
2000-12-20,-0.003802393114825553,2000
2000-12-21,0.0,2000
2000-12-22,0.0009545422350054622,2000
2000-12-26,0.004766301092262504,2000
2000-12-27,0.015180049779622617,2000
2000-12-28,0.012149940088834521,2000
2000-12-29,-0.010157154530755608,2000
2001-01-02,0.0,2001
2001-01-03,0.02155609214905696,2001
2001-01-04,0.0,2001
2001-01-05,-0.013761695294488674,2001
2001-01-08,0.0,2001
2001-01-09,0.0037207809772943357,2001
2001-01-10,-0.000926795423317528,2001
2001-01-11,0.0037106206795336494,2001
2001-01-12,-0.0009239039356144785,2001
2001-01-16,0.0009247583234690548,2001
2001-01-17,0.0009246762153043431,2001
2001-01-18,0.0009230504128523442,2001
2001-01-19,0.0009223276523053769,2001
2001-01-22,0.005530470954839162,2001
2001-01-23,0.008249154133796788,2001
2001-01-24,-0.0009085319966332106,2001
2001-01-25,0.0,2001
2001-01-26,-0.0009107521213288505,2001
2001-01-29,0.0018217694793807304,2001
2001-01-30,0.0045451288201137086,2001
2001-01-31,-0.004524564093454142,2001
2001-02-01,0.0018182667599844216,2001
2001-02-02,-0.003630122898702015,2001
2001-02-05,0.0009115823468850426,2001
2001-02-06,0.0036390800985390825,2001
2001-02-07,-0.0009065028686248144,2001
2001-02-08,-0.003630122898702015,2001
2001-02-09,-0.008196377186316828,2001
2001-02-12,0.0036728822611040712,2001
2001-02-13,-0.0009151789354796547,2001
2001-02-14,0.0009160172551760937,2001
2001-02-15,0.0018299119083733384,2001
2001-02-16,-0.0009128713718767889,2001
2001-02-20,-0.0018288749004503613,2001
2001-02-21,-0.005494445581273655,2001
2001-02-22,-0.004603723232871837,2001
2001-02-23,0.0018502896408001401,2001
2001-02-26,0.0018462294200780605,2001
2001-02-27,0.0009216702839920377,2001
2001-02-28,0.001841579060590126,2001
2001-03-01,0.007353351540547504,2001
2001-03-02,0.005474517596495865,2001
2001-03-05,-0.0018149666664244446,2001
2001-03-06,0.0018182667599844216,2001
2001-03-07,0.0018146507233358644,2001
2001-03-08,0.0009056187912557245,2001
2001-03-09,-0.0009047993879276461,2001
2001-03-12,-0.00543491115657635,2001
2001-03-13,0.0,2001
2001-03-14,-0.004553599253585672,2001
2001-03-15,-0.00457481162540363,2001
2001-03-16,-0.002757322822712127,2001
2001-03-19,0.009216895376014556,2001
2001-03-20,-0.001826569447190396,2001
2001-03-21,-0.0027445811723260105,2001
2001-03-22,-0.002796087011406656,2001
2001-03-23,0.0028039270353712453,2001
2001-03-26,0.01304740519956682,2001
2001-03-27,0.0,2001
2001-03-28,-0.00459983103304995,2001
2001-03-29,0.005545152657365993,2001
2001-03-30,0.009191585877757369,2001
2001-04-02,0.0018213243026679038,2001
2001-04-03,-0.011818269230829181,2001
2001-04-04,0.0009198148590396915,2001
2001-04-05,0.011948494609259841,2001
2001-04-06,-0.010898734529494303,2001
2001-04-09,0.005509822040043577,2001
2001-04-10,0.0018262512807327713,2001
2001-04-11,-0.010027977759262341,2001
2001-04-12,0.002763122813537633,2001
2001-04-16,-0.0045915708214155915,2001
2001-04-17,0.008302192234302064,2001
2001-04-18,0.010979698795815507,2001
2001-04-19,0.0027143691591684505,2001
2001-04-20,-0.005414723137224575,2001
2001-04-23,0.0,2001
2001-04-24,0.003629239911076887,2001
2001-04-25,0.005424886985911259,2001
2001-04-26,0.009892466781566522,2001
2001-04-27,0.008904320594851134,2001
2001-04-30,-0.0017651829876920155,2001
2001-05-01,0.005305519187278174,2001
2001-05-02,-0.004397490558848638,2001
2001-05-03,-0.0017671652188362419,2001
2001-05-04,0.0008848131701157946,2001
2001-05-07,-0.0053049737136245945,2001
2001-05-08,-0.0017774914813299958,2001
2001-05-09,0.0026717173539121397,2001
2001-05-10,-0.0017765814987510398,2001
2001-05-11,0.0026691576446573606,2001
2001-05-14,-0.000887046619518439,2001
2001-05-15,0.003551884574739761,2001
2001-05-16,0.006195026750645205,2001
2001-05-17,0.0008790640358449231,2001
2001-05-18,0.005273004475909726,2001
2001-05-21,0.005244686630737849,2001
2001-05-22,0.0034779374378972605,2001
2001-05-23,0.005199418970929459,2001
2001-05-24,0.0034481923168516726,2001
2001-05-25,-0.0017179360128314336,2001
2001-05-29,-0.0017213643257566469,2001
2001-05-30,-0.007758905456584753,2001
2001-05-31,0.0017384116313376996,2001
2001-06-01,0.005203211818044506,2001
2001-06-04,0.004314078034528324,2001
2001-06-05,0.003436343144821663,2001
2001-06-06,0.0017122875647757052,2001
2001-06-07,0.0025643924991078926,2001
2001-06-08,-0.002557833210808269,2001
2001-06-11,0.005983230970502795,2001
2001-06-12,0.0076457905055031805,2001
2001-06-13,0.002530607262514639,2001
2001-06-14,-0.0008411374438185293,2001
2001-06-15,0.000841845551633913,2001
2001-06-18,0.0008405609274073633,2001
2001-06-19,0.0,2001
2001-06-20,0.01008413526619023,2001
2001-06-21,1.1405628508320831e-07,2001
2001-06-22,-0.004227039502933683,2001
2001-06-25,-0.002546921204539365,2001
2001-06-26,0.011064265663639494,2001
2001-06-27,0.0,2001
2001-06-28,0.005050282486902313,2001
2001-06-29,0.009212552386553163,2001
2001-07-02,-0.003318909216523558,2001
2001-07-03,0.0008321532231472251,2001
2001-07-05,-0.0008314613199299492,2001
2001-07-06,-0.0008329396511966847,2001
2001-07-09,-0.009166263661101626,2001
2001-07-10,-0.006728612006032586,2001
2001-07-11,-0.005080901752666622,2001
2001-07-12,0.006809247034870625,2001
2001-07-13,0.003380741963423972,2001
2001-07-16,0.0,2001
2001-07-17,0.007581807163903553,2001
2001-07-18,0.0,2001
2001-07-19,0.0016726192477343194,2001
2001-07-20,-0.0008345752473766233,2001
2001-07-23,-0.005012535848513799,2001
2001-07-24,-0.005877154920929106,2001
2001-07-25,0.0033781146535054596,2001
2001-07-26,0.0033666278387254334,2001
2001-07-27,-0.0025161025810992443,2001
2001-07-30,-0.004205254837966521,2001
2001-07-31,0.0025333295802525413,2001
2001-08-01,0.0033700330887755925,2001
2001-08-02,0.002518667390213336,2001
2001-08-03,0.0025127916645288906,2001
2001-08-06,0.0025061552019431943,2001
2001-08-07,0.0033331867858550357,2001
2001-08-08,0.0016610567804165033,2001
2001-08-09,0.0024880127750359637,2001
2001-08-10,0.005789429923903189,2001
2001-08-13,-0.001643888208944122,2001
2001-08-14,0.004942119100557862,2001
2001-08-15,0.003278432519290053,2001
2001-08-16,0.005719253253940071,2001
2001-08-17,0.0,2001
2001-08-20,0.004873650522516648,2001
2001-08-21,0.004850231407500738,2001
2001-08-22,0.0008046871370332997,2001
2001-08-23,0.0008043655268632488,2001
2001-08-24,-0.005623107139238193,2001
2001-08-27,-0.0008076100627559812,2001
2001-08-28,-0.001616634725196131,2001
2001-08-29,-0.004858303664518782,2001
2001-08-30,-0.0073228134402939515,2001
2001-08-31,-0.004917814674720966,2001
2001-09-04,-0.001648039896169462,2001
2001-09-05,-0.0033005188851644718,2001
2001-09-06,-0.011589343317457645,2001
2001-09-07,-0.011724892028836309,2001
2001-09-10,-0.005084863791308014,2001
2001-09-17,-0.03747854531796602,2001
2001-09-18,0.011504034543626807,2001
2001-09-19,-0.005248641122304054,2001
2001-09-20,-0.02198836719026931,2001
2001-09-21,-0.013723831186811308,2001
2001-09-24,0.007421425206197929,2001
2001-09-25,0.013811983322208121,2001
2001-09-26,0.011808282987310514,2001
2001-09-27,0.0062832867287383465,2001
2001-09-28,0.012488816947178627,2001
2001-10-01,0.0,2001
2001-10-02,-0.00264369922052643,2001
2001-10-03,-0.010600250086140628,2001
2001-10-04,0.00982086282964989,2001
2001-10-05,0.0008842721048678559,2001
2001-10-08,-0.0026501211006929593,2001
2001-10-09,0.0026571629041733935,2001
2001-10-10,0.006183967376564015,2001
2001-10-11,0.0035120109563751,2001
2001-10-12,-0.0034997199017359204,2001
2001-10-15,0.007901384241384868,2001
2001-10-16,-0.007839441799489144,2001
2001-10-17,-0.0043896061615403825,2001
2001-10-18,-0.006173175200686054,2001
2001-10-19,-0.006210813933414716,2001
2001-10-22,-0.009821810137879528,2001
2001-10-23,-0.0027046044767087274,2001
2001-10-24,-0.007233656537265154,2001
2001-10-25,0.0018215154058798255,2001
2001-10-26,-0.002726732589228842,2001
2001-10-29,0.0036456242836901964,2001
2001-10-30,0.0027250393442801446,2001
2001-10-31,0.007246522621169538,2001
2001-11-01,0.014388180319774513,2001
2001-11-02,-0.006205307278990713,2001
2001-11-05,0.0,2001
2001-11-06,0.012488816947178627,2001
2001-11-07,-0.006167735675415176,2001
2001-11-08,0.000886388487178591,2001
2001-11-09,-0.005314208338722204,2001
2001-11-12,0.005342600028343414,2001
2001-11-13,0.008857562089451099,2001
2001-11-14,0.005267899996297176,2001
2001-11-15,0.006113406823942791,2001
2001-11-16,0.0008682674162332482,2001
2001-11-19,0.0008665939865692973,2001
2001-11-20,-0.0034657880280508646,2001
2001-11-21,0.003477841489448519,2001
2001-11-23,0.005200003677594545,2001
2001-11-26,-0.0034478591478024345,2001
2001-11-27,-0.002595558043832158,2001
2001-11-28,0.0,2001
2001-11-29,0.006938273064754474,2001
2001-11-30,-0.0034450041043503354,2001
2001-12-03,-0.003457371691413802,2001
2001-12-04,0.013009492045256144,2001
2001-12-05,0.00513664954828652,2001
2001-12-06,0.004259306161466414,2001
2001-12-07,0.0016962040979318083,2001
2001-12-10,-0.005927391448039665,2001
2001-12-11,0.006814731704605892,2001
2001-12-12,-0.005922487714125513,2001
2001-12-13,-0.005957208194826702,2001
2001-12-14,0.0042801627994750735,2001
2001-12-17,0.006820656619635823,2001
2001-12-18,0.0016931072667731861,2001
2001-12-19,-0.005916700056031399,2001
2001-12-20,-0.005102383168405833,2001
2001-12-21,0.004344713803072775,2001
2001-12-24,0.0034599225264477784,2001
2001-12-26,0.0025857696066908797,2001
2001-12-27,0.0017201109271300918,2001
2001-12-28,0.00429160516963667,2001
2001-12-29,0.0,2001
2001-12-30,0.0,2001
2001-12-31,0.0,2001
2002-01-01,0.0,2001
2002-01-02,0.0,2001
2002-01-02,0.0,2002
2002-01-03,0.009434305338090976,2002
2002-01-04,-0.0017000926587633636,2002
2002-01-07,-0.004255082425635659,2002
2002-01-08,0.001709261604116552,2002
2002-01-09,-0.0034124673840187913,2002
2002-01-10,-0.00171241120567045,2002
2002-01-11,0.0008574505041367697,2002
2002-01-14,0.012853645464280028,2002
2002-01-15,-0.0033841476101630352,2002
2002-01-16,-0.004244244115639839,2002
2002-01-17,0.003410223529808354,2002
2002-01-18,-0.005098393541576707,2002
2002-01-22,0.0,2002
2002-01-23,0.0008539010319343898,2002
2002-01-24,-0.002559851487424547,2002
2002-01-25,-0.0017105009984432762,2002
2002-01-28,0.0008571631087372911,2002
2002-01-29,-0.0008564290093852067,2002
2002-01-30,0.005998800172885899,2002
2002-01-31,0.0,2002
2002-02-01,0.0,2002
2002-02-04,0.0017032145813660193,2002
2002-02-05,-0.0017003185739778992,2002
2002-02-06,-0.0025560443280320255,2002
2002-02-07,-0.003415715544887288,2002
2002-02-08,0.0025705949340284473,2002
2002-02-11,0.006837827003054908,2002
2002-02-12,-0.0016977640992834608,2002
2002-02-13,0.004251462095354652,2002
2002-02-14,0.0008470020634283593,2002
2002-02-15,0.005076055844892791,2002
2002-02-19,-0.0016833633881642163,2002
2002-02-20,0.007588238477877152,2002
2002-02-21,-0.009204702883899296,2002
2002-02-22,0.010979707486223234,2002
2002-02-25,0.0,2002
2002-02-26,0.0008350261478393683,2002
2002-02-27,0.0,2002
2002-02-28,0.0,2002
2002-03-01,0.007512232330642243,2002
2002-03-04,0.013256005732443565,2002
2002-03-05,0.0114478201402477,2002
2002-03-06,0.002425550410725563,2002
2002-03-07,-0.0008068059574855013,2002
2002-03-08,-0.0008072468145025047,2002
2002-03-11,-0.0048463400573939275,2002
2002-03-12,0.0,2002
2002-03-13,0.0016231373157014062,2002
2002-03-14,0.008914427354775878,2002
2002-03-15,0.0016062935520329003,2002
2002-03-18,0.004009503030668382,2002
2002-03-19,0.002396073827793943,2002
2002-03-20,-0.0031868859357853108,2002
2002-03-21,0.007194069783728496,2002
2002-03-22,-0.0016115048377762786,2002
2002-03-25,-0.002421418251853602,2002
2002-03-26,0.0072817832841902685,2002
2002-03-27,0.0032128603591679017,2002
2002-03-28,-0.0008006427364820601,2002
2002-04-01,0.001602053725997532,2002
2002-04-02,0.00080010543339748,2002
2002-04-03,-0.0015983152360427022,2002
2002-04-04,0.004803444883175745,2002
2002-04-05,0.007968255174205296,2002
2002-04-08,0.00869527234310552,2002
2002-04-09,0.007837118136743593,2002
2002-04-10,0.010886605495273205,2002
2002-04-11,-0.004615695757691718,2002
2002-04-12,0.014683799885063076,2002
2002-04-15,-0.010662928591722465,2002
2002-04-16,-0.009237508836372643,2002
2002-04-17,-0.013209249829712388,2002
2002-04-18,0.0007873027822213885,2002
2002-04-19,-0.007080959642564055,2002
2002-04-22,-0.010300835344869141,2002
2002-04-23,-0.010408561342124978,2002
2002-04-24,0.004854903398370025,2002
2002-04-25,0.004830619478915166,2002
2002-04-26,-0.004807396774413775,2002
2002-04-29,0.0016098961016923763,2002
2002-04-30,0.011254258437853215,2002
2002-05-01,0.0063590109226709934,2002
2002-05-02,0.008689012151157804,2002
2002-05-03,0.0,2002
2002-05-06,-0.008614163579146572,2002
2002-05-07,-0.0047394519458671125,2002
2002-05-08,-0.003968368095181307,2002
2002-05-09,-0.010357881872083863,2002
2002-05-10,-0.008051963638696313,2002
2002-05-13,0.004870039789740543,2002
2002-05-14,0.0032315464869685506,2002
2002-05-15,0.004830619478915166,2002
2002-05-16,-0.004807396774413775,2002
2002-05-17,0.004025050645510397,2002
2002-05-20,-0.001603442165768132,2002
2002-05-21,-0.006425617503854841,2002
2002-05-22,0.0008080979748414929,2002
2002-05-23,0.016155448876473688,2002
2002-05-24,-0.0007956297058243633,2002
2002-05-28,0.005569140112376525,2002
2002-05-29,0.009493293188638452,2002
2002-05-30,0.0007844066918580861,2002
2002-05-31,-0.0023490611956403784,2002
2002-06-03,0.0,2002
2002-06-04,0.004708982824003893,2002
2002-06-05,-0.0015627056472342638,2002
2002-06-06,-0.0031290964442424185,2002
2002-06-07,-0.0007852339306188005,2002
2002-06-10,0.0023560388586920666,2002
2002-06-11,0.0007844066918580861,2002
2002-06-12,0.002348859939540704,2002
2002-06-13,-0.000781453215859651,2002
2002-06-14,-0.0015631240175844052,2002
2002-06-17,0.005481008619094396,2002
2002-06-18,-0.005451130923518788,2002
2002-06-19,-0.0007837918802622301,2002
2002-06-20,0.004702713992772001,2002
2002-06-21,-0.0062398668069296725,2002
2002-06-24,-0.001569862671310318,2002
2002-06-25,0.006288717918825348,2002
2002-06-26,-0.007031271882371626,2002
2002-06-27,0.0023609602006533503,2002
2002-06-28,0.007063877695957288,2002
2002-07-01,-0.007794055372667974,2002
2002-07-02,-0.010212328160075002,2002
2002-07-03,-0.011904492370954811,2002
2002-07-05,0.006425411074893139,2002
2002-07-08,-0.012768982616429225,2002
2002-07-09,-0.0024256443903519775,2002
2002-07-10,-0.014586338917654373,2002
2002-07-11,-0.018092154972595087,2002
2002-07-12,-0.004187401161598103,2002
2002-07-15,-0.005046702750980403,2002
2002-07-16,0.010143733303150437,2002
2002-07-17,-0.00669458082628871,2002
2002-07-18,-0.020219209141811967,2002
2002-07-19,-0.012037540286728654,2002
2002-07-22,-0.018277374737907248,2002
2002-07-23,-0.027481455195421778,2002
2002-07-24,0.0,2002
2002-07-25,0.022788901408496987,2002
2002-07-26,0.029411400906340646,2002
2002-07-29,0.04242483849340761,2002
2002-07-30,0.011627941725812496,2002
2002-07-31,0.0024632724682354112,2002
2002-08-01,-0.013923262507424927,2002
2002-08-02,-0.01661102513474577,2002
2002-08-05,-0.012669604486196473,2002
2002-08-06,0.003422619031261176,2002
2002-08-07,0.01534454035778765,2002
2002-08-08,-0.0016786191949101914,2002
2002-08-09,-0.00841077497407805,2002
2002-08-12,0.012722792742980271,2002
2002-08-13,-0.01172597168090772,2002
2002-08-14,0.006780229143235061,2002
2002-08-15,0.0,2002
2002-08-16,0.012625975001160139,2002
2002-08-19,-0.006649849237041594,2002
2002-08-20,-0.0008366075370811465,2002
2002-08-21,0.009212863720476028,2002
2002-08-22,0.0008293445277605116,2002
2002-08-23,-0.0008286572853754004,2002
2002-08-26,0.009128548401802883,2002
2002-08-27,-0.0008227933845974533,2002
2002-08-28,0.006584065742297751,2002
2002-08-29,-0.0008171389671056684,2002
2002-08-30,0.004091665075288242,2002
2002-09-03,-0.007334984834244884,2002
2002-09-04,0.005747354419204598,2002
2002-09-05,-0.005714511098588448,2002
2002-09-06,0.006568163901938373,2002
2002-09-09,-0.0016317454141748788,2002
2002-09-10,0.0,2002
2002-09-11,-0.0008171011941456863,2002
2002-09-12,-0.00408779626015765,2002
2002-09-13,0.004925700916436959,2002
2002-09-16,-0.0049015573110977595,2002
2002-09-17,-0.0032843984584818298,2002
2002-09-18,-0.000823514231606759,2002
2002-09-19,-0.005770939824696897,2002
2002-09-20,0.006739966129152952,2002
2002-09-23,-0.005020894197347525,2002
2002-09-24,-0.005887428812500262,2002
2002-09-25,-0.0025376835195346503,2002
2002-09-26,0.010177631716570268,2002
2002-09-27,-0.008396050883702322,2002
2002-09-30,-0.002540153139566792,2002
2002-10-01,-0.0025469440482924766,2002
2002-10-02,-0.011063719398483496,2002
2002-10-03,-0.0017210525588248204,2002
2002-10-04,-0.015517485574200962,2002
2002-10-07,-0.025394414542306842,2002
2002-10-08,-0.010781506676836417,2002
2002-10-09,-0.02815625646531994,2002
2002-10-10,0.020561002629315706,2002
2002-10-11,0.015567744142826134,2002
2002-10-14,-0.013525801253667646,2002
2002-10-15,0.020109589243809678,2002
2002-10-16,-0.007168083854193985,2002
2002-10-17,0.011732733303136955,2002
2002-10-18,-0.003567885845704999,2002
2002-10-21,-0.005371954306401028,2002
2002-10-22,-0.013501338658672868,2002
2002-10-23,-0.0027371546793009127,2002
2002-10-24,0.011894213842431167,2002
2002-10-25,0.01175360395177072,2002
2002-10-28,-0.006255497366576379,2002
2002-10-29,-0.008093768102243937,2002
2002-10-30,0.0009070152295997946,2002
2002-10-31,0.004528789795461563,2002
2002-11-01,0.00721412561743362,2002
2002-11-04,0.011637517014170262,2002
2002-11-05,0.0061950528894707535,2002
2002-11-06,0.0061564655513799416,2002
2002-11-07,-0.005244508037020368,2002
2002-11-08,-0.0061511657940678255,2002
2002-11-11,-0.00795790970061605,2002
2002-11-12,0.0071299774910451585,2002
2002-11-13,-0.007079500809624606,2002
2002-11-14,0.016042815711539093,2002
2002-11-15,-0.004385555193380908,2002
2002-11-18,-0.005286872800920439,2002
2002-11-19,0.0008856793623377435,2002
2002-11-20,0.004425373559484358,2002
2002-11-21,0.0035239875528265685,2002
2002-11-22,0.005267863180801191,2002
2002-11-25,0.001746494997398207,2002
2002-11-26,0.0008720007057163581,2002
2002-11-27,0.010453239214041066,2002
2002-11-29,0.0,2002
2002-12-02,0.008620098436595836,2002
2002-12-03,-0.004273213695601297,2002
2002-12-04,-0.0025749314496967823,2002
2002-12-05,0.0017217056270864006,2002
2002-12-06,-0.0017187464516491557,2002
2002-12-09,0.0034424316517804865,2002
2002-12-10,-0.003430621970125225,2002
2002-12-11,-0.000860308589991865,2002
2002-12-12,0.0017223165931641304,2002
2002-12-13,-0.005158935965922651,2002
2002-12-16,0.006914178591757247,2002
2002-12-17,-0.008583864783420991,2002
2002-12-18,-0.005194451367556807,2002
2002-12-19,-0.0008704825828631524,2002
2002-12-20,0.0017829151273787147,2002
2002-12-23,0.0053376863310030664,2002
2002-12-24,0.0017696363783943347,2002
2002-12-26,0.0,2002
2002-12-27,0.0,2002
2002-12-30,0.0061841510272939715,2002
2002-12-31,0.0,2002
2003-01-02,0.0,2003
2003-01-03,0.0061185213503167635,2003
2003-01-06,0.00955719236988295,2003
2003-01-07,-0.01290937248611801,2003
2003-01-08,-0.008718658899983245,2003
2003-01-09,0.0026392550594962483,2003
2003-01-10,-0.007894646101211378,2003
2003-01-13,-0.003536907240697551,2003
2003-01-14,0.0,2003
2003-01-15,-0.0026621234380275194,2003
2003-01-16,-0.008006588006647442,2003
2003-01-17,-0.008968652620086504,2003
2003-01-21,-0.0027153479075163744,2003
2003-01-22,-0.001814824216456179,2003
2003-01-23,0.0009088933324672421,2003
2003-01-24,-0.008174183788561162,2003
2003-01-27,-0.004578665014869809,2003
2003-01-28,0.0027598581144763212,2003
2003-01-29,0.008256900189921756,2003
2003-01-30,-0.005459221462559838,2003
2003-01-31,0.010978941788661434,2003
2003-02-03,-0.004525244244833915,2003
2003-02-04,0.0027270171240088015,2003
2003-02-05,0.0009066456453383775,2003
2003-02-06,0.000906384225622503,2003
2003-02-07,-0.0072399209502967965,2003
2003-02-10,0.0072927196641781045,2003
2003-02-11,-0.008144701318442249,2003
2003-02-12,-0.0036500808278102648,2003
2003-02-13,0.0018317829625846827,2003
2003-02-14,-0.0045708581887095034,2003
2003-02-18,0.0110192746782114,2003
2003-02-19,0.005449755255016786,2003
2003-02-20,0.0018067388007318996,2003
2003-02-21,0.00721325274963891,2003
2003-02-24,-0.005371029771622182,2003
2003-02-25,0.008100272794374419,2003
2003-02-26,-0.0035706540183929603,2003
2003-02-27,0.007168006195716448,2003
2003-02-28,0.003559045658436011,2003
2003-03-03,0.0,2003
2003-03-04,-0.005318868559093581,2003
2003-03-05,0.0017819225968696006,2003
2003-03-06,-0.00711699155614709,2003
2003-03-07,0.0,2003
2003-03-10,-0.009856590032113921,2003
2003-03-11,-0.0009055634372078236,2003
2003-03-12,-0.0018114248304043068,2003
2003-03-13,0.009074569768656282,2003
2003-03-14,-0.0008993073665835016,2003
2003-03-17,0.016201546954834667,2003
2003-03-18,0.003543173760039764,2003
2003-03-19,0.008825732639238248,2003
2003-03-20,0.011373595806974057,2003
2003-03-21,0.012312977697564786,2003
2003-03-24,-0.01911342321203746,2003
2003-03-25,0.009743309309256265,2003
2003-03-26,0.003509008431560101,2003
2003-03-27,-0.00262281945386178,2003
2003-03-28,-0.0017531800029857436,2003
2003-03-31,-0.005267709683644983,2003
2003-04-01,0.017652590301022952,2003
2003-04-02,0.006938890125557817,2003
2003-04-03,-0.0034460604670669692,2003
2003-04-04,-0.006914272395725285,2003
2003-04-07,0.00957381968708404,2003
2003-04-08,-0.004311316592909065,2003
2003-04-09,0.001732141182296143,2003
2003-04-10,-0.0017291460572002038,2003
2003-04-11,-0.003462808649821514,2003
2003-04-14,0.01042600291732021,2003
2003-04-15,0.005158688798590827,2003
2003-04-16,0.001710980446606447,2003
2003-04-17,0.00597794340722424,2003
2003-04-21,0.00509331114455569,2003
2003-04-22,0.010135104259651806,2003
2003-04-23,0.0016726593290861125,2003
2003-04-24,-0.009182335912860884,2003
2003-04-25,-0.005896954278221234,2003
2003-04-28,-0.001695132850318748,2003
2003-04-29,0.0016980112048923246,2003
2003-04-30,-0.004237419985546276,2003
2003-05-01,0.006808557839837137,2003
2003-05-02,0.008453143582784595,2003
2003-05-05,0.008381777346484931,2003
2003-05-06,0.007481755458000672,2003
2003-05-07,-0.0033005531751999495,2003
2003-05-08,0.004966922410331254,2003
2003-05-09,0.007413360734215502,2003
2003-05-12,0.00572347256012784,2003
2003-05-13,0.0024397341577411247,2003
2003-05-14,-0.0024337963416734,2003
2003-05-15,0.004065465771563748,2003
2003-05-16,0.0040485124492939395,2003
2003-05-19,-0.003225338660559407,2003
2003-05-20,0.008089683744909815,2003
2003-05-21,0.004013163582472501,2003
2003-05-22,0.007194587207303149,2003
2003-05-23,0.005555496587519748,2003
2003-05-27,-0.001578254839936677,2003
2003-05-28,-0.01106774656527909,2003
2003-05-29,-0.019983765820404287,2003
2003-05-30,0.017944261185362853,2003
2003-06-02,0.004807921340723498,2003
2003-06-03,0.005581787767962698,2003
2003-06-04,0.007930464294495065,2003
2003-06-05,0.0,2003
2003-06-06,0.010228333879540807,2003
2003-06-09,-0.007009677650275159,2003
2003-06-10,0.013333524049280898,2003
2003-06-11,0.00851427348624112,2003
2003-06-12,-0.010744600406975668,2003
2003-06-13,-0.010861489387851475,2003
2003-06-16,0.007059160086966498,2003
2003-06-17,-0.007009677650275159,2003
2003-06-18,-0.008627035892741386,2003
2003-06-19,-0.0031645782694470492,2003
2003-06-20,0.00161114611668145,2003
2003-06-23,-0.00884912101749813,2003
2003-06-24,0.006493510280443537,2003
2003-06-25,0.006451326928553547,2003
2003-06-26,0.011218318225219015,2003
2003-06-27,0.002376741410477612,2003
2003-06-30,0.0007909050557055597,2003
2003-07-01,0.006318834997666611,2003
2003-07-02,0.013343821781846898,2003
2003-07-03,0.0038730277634546617,2003
2003-07-07,0.010030559768398506,2003
2003-07-08,0.0007645945343657257,2003
2003-07-09,-0.00458040583046504,2003
2003-07-10,-0.014570595950203158,2003
2003-07-11,0.007782409380341804,2003
2003-07-14,0.0046327209357097665,2003
2003-07-15,-0.0007687437197863023,2003
2003-07-16,-0.0007693351413445848,2003
2003-07-17,-0.013086278061630097,2003
2003-07-18,0.0062395979457150474,2003
2003-07-21,-0.005425607777051034,2003
2003-07-22,0.005455205582886924,2003
2003-07-23,-0.0031006390461445488,2003
2003-07-24,0.006221031404899602,2003
2003-07-25,0.0038635853609445547,2003
2003-07-28,-0.003078603676790914,2003
2003-07-29,0.0069495437509634606,2003
2003-07-30,0.01150297156884772,2003
2003-07-31,0.0,2003
2003-08-01,-0.006065296170714385,2003
2003-08-04,-0.005339245896140876,2003
2003-08-05,-0.0061350651001227385,2003
2003-08-06,-0.0007712474657494139,2003
2003-08-07,0.003088110745887551,2003
2003-08-08,0.0,2003
2003-08-11,0.0,2003
2003-08-12,0.0030796177096223953,2003
2003-08-13,-0.004604554909567682,2003
2003-08-14,0.0053969692216260245,2003
2003-08-15,-0.0038347830127533067,2003
2003-08-18,0.004619380472032253,2003
2003-08-19,0.0038316609140214286,2003
2003-08-20,0.0007629134481732525,2003
2003-08-21,0.0022889137255173164,2003
2003-08-22,-0.009132832475792774,2003
2003-08-25,-0.007680335721180986,2003
2003-08-26,0.009287791404930301,2003
2003-08-27,0.009969297125111076,2003
2003-08-28,-0.001518717559722882,2003
2003-08-29,0.004562809523601441,2003
2003-09-02,0.011355030839873326,2003
2003-09-03,0.008233841345171689,2003
2003-09-04,0.001484448231179103,2003
2003-09-05,-0.0029647621257519186,2003
2003-09-08,0.0037171729186533664,2003
2003-09-09,-0.00148168201422183,2003
2003-09-10,-0.014094556528088775,2003
2003-09-11,0.006772113370794974,2003
2003-09-12,0.002989134885349465,2003
2003-09-15,-0.0014902471395660255,2003
2003-09-16,0.0014924712906378979,2003
2003-09-17,-0.0037256624644214087,2003
2003-09-18,0.004487281051253067,2003
2003-09-19,0.006797997791214705,2003
2003-09-22,-0.0007502133250321119,2003
2003-09-23,0.005255170086211347,2003
2003-09-24,-0.0067214892810774085,2003
2003-09-25,-0.0015037225587941627,2003
2003-09-26,0.0,2003
2003-09-29,0.009036100665831048,2003
2003-09-30,0.00522344430516819,2003
2003-10-01,0.008909610993407702,2003
2003-10-02,0.007357820484677369,2003
2003-10-03,0.008765652920846634,2003
2003-10-06,0.010137503282598992,2003
2003-10-07,-0.001433233499514297,2003
2003-10-08,-0.0014362228331039617,2003
2003-10-09,0.003595084816334193,2003
2003-10-10,-0.001432967157864229,2003
2003-10-13,0.004304562375419874,2003
2003-10-14,0.0014276922890112953,2003
2003-10-15,-0.00356586840490547,2003
2003-10-16,0.0021478705389348374,2003
2003-10-17,-0.009286535000680551,2003
2003-10-20,-0.0014414153396382634,2003
2003-10-21,-0.0007221315769420089,2003
2003-10-22,-0.010116124400795568,2003
2003-10-23,-0.007299265670107746,2003
2003-10-24,-0.005882036871192486,2003
2003-10-27,0.010354513557292888,2003
2003-10-28,-0.0058559425514569385,2003
2003-10-29,0.008836133041681737,2003
2003-10-30,0.0029195511606940894,2003
2003-10-31,-0.0014550535379797003,2003
2003-11-03,0.010932632536131193,2003
2003-11-04,0.0014421813708196396,2003
2003-11-05,-0.0014401044789680295,2003
2003-11-06,0.007210225937492432,2003
2003-11-07,0.002863292185180555,2003
2003-11-10,-0.003568580448190084,2003
2003-11-11,-0.005014835374948623,2003
2003-11-12,0.012958900502668236,2003
2003-11-13,0.002842942587796715,2003
2003-11-14,0.0035434575551480663,2003
2003-11-17,-0.0014122282509012596,2003
2003-11-18,-0.0007070709853683743,2003
2003-11-19,-0.00141564386731452,2003
2003-11-20,-0.009213474910995223,2003
2003-11-21,-0.0035759020378824946,2003
2003-11-24,0.007178063240754984,2003
2003-11-25,0.007840614587189876,2003
2003-11-26,0.0035358558627154313,2003
2003-11-28,0.003524063197695382,2003
2003-12-01,0.011235925248362921,2003
2003-12-02,-0.0020838146351045417,2003
2003-12-03,-0.000695671947792742,2003
2003-12-04,-0.0027856114994356806,2003
2003-12-05,0.0006979360022529857,2003
2003-12-08,0.007676472531490175,2003
2003-12-09,0.0,2003
2003-12-10,-0.004154614988482019,2003
2003-12-11,0.008344552417842266,2003
2003-12-12,0.004138074215195964,2003
2003-12-15,-0.0061813695239841815,2003
2003-12-16,0.005528789240273113,2003
2003-12-17,0.0006872277306368968,2003
2003-12-18,0.01111125435414917,2003
2003-12-19,0.002747147442862641,2003
2003-12-22,0.004794537199287907,2003
2003-12-23,0.001386036740359975,2003
2003-12-24,0.0020760582345422662,2003
2003-12-26,0.0020717571460591166,2003
2003-12-29,0.006202896426296123,2003
2003-12-30,0.002739638098432584,2003
2003-12-31,0.0,2003
2004-01-02,0.0,2004
2004-01-05,0.0006892371518769647,2004
2004-01-06,0.0006888415265848824,2004
2004-01-07,-0.005506306477205625,2004
2004-01-08,0.002076536095859449,2004
2004-01-09,0.0,2004
2004-01-12,0.0013812507445587485,2004
2004-01-13,0.0013791871136257239,2004
2004-01-14,0.004821337018544591,2004
2004-01-15,-0.0013713875132419506,2004
2004-01-16,-0.006176802112481727,2004
2004-01-20,-0.002072233029175252,2004
2004-01-21,0.0027687147944792656,2004
2004-01-22,0.004831080221548323,2004
2004-01-23,0.0061808831185221624,2004
2004-01-26,0.010921625316709704,2004
2004-01-27,0.009452848510152156,2004
2004-01-28,0.001338134402959934,2004
2004-01-29,0.0020042507761532935,2004
2004-01-30,0.007999589002950058,2004
2004-02-02,0.013227547990745103,2004
2004-02-03,0.0,2004
2004-02-04,-0.01827700471732585,2004
2004-02-05,0.007313904015519013,2004
2004-02-06,0.01518149193235696,2004
2004-02-09,0.0013004982903703777,2004
2004-02-10,0.0051947893111643495,2004
2004-02-11,0.004521968616939764,2004
2004-02-12,-0.007716870577626045,2004
2004-02-13,-0.005833053598236937,2004
2004-02-17,0.0026075542183585654,2004
2004-02-18,-0.0026007725628911516,2004
2004-02-19,-0.0019557592479306773,2004
2004-02-20,0.0,2004
2004-02-23,0.0,2004
2004-02-24,0.004572255697653738,2004
2004-02-25,0.009102815979043832,2004
2004-02-26,-0.001933520318983084,2004
2004-02-27,-0.0006450386444876166,2004
2004-03-01,0.010981711811915318,2004
2004-03-02,0.00447321599910766,2004
2004-03-03,0.005725300286582913,2004
2004-03-04,0.004427217720377241,2004
2004-03-05,0.0037784348102292142,2004
2004-03-08,-0.0012544491299659732,2004
2004-03-09,0.0012560247491197885,2004
2004-03-10,-0.010665087155430908,2004
2004-03-11,-0.009511575462149646,2004
2004-03-12,0.009602914306229948,2004
2004-03-15,-0.006974830049782388,2004
2004-03-16,0.0,2004
2004-03-17,0.01213272609932825,2004
2004-03-18,0.005047156963639665,2004
2004-03-19,0.0025411852169174853,2004
2004-03-22,-0.003802044032834573,2004
2004-03-23,0.005725012578439381,2004
2004-03-24,-0.008222931632853259,2004
2004-03-25,0.010204146618271182,2004
2004-03-26,-0.00883843060294598,2004
2004-03-29,0.007006644313924504,2004
2004-03-30,0.00885527159431998,2004
2004-03-31,0.006269745472210264,2004
2004-04-01,0.007475954264317908,2004
2004-04-02,-0.008039513196808956,2004
2004-04-05,-0.03615916990512735,2004
2004-04-06,-0.03492901139442195,2004
2004-04-07,0.015415563463429871,2004
2004-04-08,-0.01782153092246952,2004
2004-04-12,-0.047715176662856185,2004
2004-04-13,-0.007056855011500218,2004
2004-04-14,-0.00923999774498474,2004
2004-04-15,0.02080367866333921,2004
2004-04-16,0.013352287045064637,2004
2004-04-19,0.004160704946432281,2004
2004-04-20,-0.03314905393542211,2004
2004-04-21,0.002142682122509232,2004
2004-04-22,0.012829656570937598,2004
2004-04-23,-0.009148566500716049,2004
2004-04-26,0.003551706876871341,2004
2004-04-27,0.006368663560422094,2004
2004-04-28,-0.008438611824175268,2004
2004-04-29,-0.01276564203407482,2004
2004-04-30,-0.005029329877296096,2004
2004-05-03,0.010830838689474431,2004
2004-05-04,0.009999642548584875,2004
2004-05-05,-0.009193456873645256,2004
2004-05-06,-0.000713744597203636,2004
2004-05-07,-0.032143149808374405,2004
2004-05-10,-0.011808106338111912,2004
2004-05-11,0.008215067024119671,2004
2004-05-12,0.001481585089265769,2004
2004-05-13,0.0022188380661158913,2004
2004-05-14,0.008856205373518389,2004
2004-05-17,0.0051208107230877875,2004
2004-05-18,0.018922933168200373,2004
2004-05-19,-0.022142939876590884,2004
2004-05-20,0.01680076086549276,2004
2004-05-21,-0.0007192559650432973,2004
2004-05-24,0.009346452363432345,2004
2004-05-25,0.01923089823803248,2004
2004-05-26,0.01397578609930994,2004
2004-05-27,0.003446297254028341,2004
2004-05-28,0.008928024476039464,2004
2004-06-01,-0.008849020207042035,2004
2004-06-02,0.012362719368047337,2004
2004-06-03,-0.0074630519610594526,2004
2004-06-04,0.0,2004
2004-06-07,0.008202587594028365,2004
2004-06-08,-0.0013557189807350545,2004
2004-06-09,-0.004073525764933028,2004
2004-06-10,-0.003408012364081392,2004
2004-06-14,-0.01710027358574917,2004
2004-06-15,0.017397780390206563,2004
2004-06-16,0.003419666630238183,2004
2004-06-17,0.008179987731836258,2004
2004-06-18,0.004794484129727383,2004
2004-06-21,0.00749808643977623,2004
2004-06-22,-0.0020295276645356797,2004
2004-06-23,0.005423915458033779,2004
2004-06-24,-0.0026974409548145006,2004
2004-06-25,0.006761046790939806,2004
2004-06-28,0.005372995094941491,2004
2004-06-29,-0.019372230395201417,2004
2004-06-30,0.011580219448660944,2004
2004-07-01,0.0006733203632791618,2004
2004-07-02,0.018170055716217437,2004
2004-07-06,-0.002644400308174033,2004
2004-07-07,0.010603345557922195,2004
2004-07-08,-0.014426344965033255,2004
2004-07-09,0.0006652567040488222,2004
2004-07-12,0.009308668216410743,2004
2004-07-13,-0.008563837935947616,2004
2004-07-14,0.005315948000306436,2004
2004-07-15,0.0072698241918389694,2004
2004-07-16,-0.0019681958890380713,2004
2004-07-19,0.005259879387847999,2004
2004-07-20,0.003923737207119915,2004
2004-07-21,-0.011074911530605913,2004
2004-07-22,-0.02108043783895308,2004
2004-07-23,-0.005383390761243945,2004
2004-07-26,-0.00744228355437615,2004
2004-07-27,0.002044821597543267,2004
2004-07-28,0.007482937885069596,2004
2004-07-29,-0.0013502020727049757,2004
2004-07-30,0.008113680290882552,2004
2004-08-02,0.01609623073450339,2004
2004-08-03,0.0013201223497734116,2004
2004-08-04,0.008569630192910349,2004
2004-08-05,-0.015686231729298505,2004
2004-08-06,-0.00199231458234439,2004
2004-08-09,0.0,2004
2004-08-10,0.00465769129092819,2004
2004-08-11,-0.001325012680017501,2004
2004-08-12,-0.008620406610899911,2004
2004-08-13,-0.0006688165304231664,2004
2004-08-16,0.014725760656265852,2004
2004-08-17,0.008575281041012905,2004
2004-08-18,0.011118220047390714,2004
2004-08-19,-0.0161707874905489,2004
2004-08-20,0.024326067596656564,2004
2004-08-23,-0.0032090750540196833,2004
2004-08-24,0.014810005037603213,2004
2004-08-25,-0.005710901184713291,2004
2004-08-26,0.003191073144623635,2004
2004-08-27,0.0019082400139667222,2004
2004-08-30,0.004444482692868679,2004
2004-08-31,0.00758542023968789,2004
2004-09-01,-0.003764368230070203,2004
2004-09-02,0.005037676231373744,2004
2004-09-03,0.004386424823728197,2004
2004-09-07,0.0093571039734901,2004
2004-09-08,-0.0018539197372803295,2004
2004-09-09,-0.014860639154044564,2004
2004-09-10,0.0025141231083878335,2004
2004-09-13,-0.01003155350442797,2004
2004-09-14,-0.01329945949995448,2004
2004-09-15,0.0057765220350423085,2004
2004-09-16,0.018506565758632076,2004
2004-09-17,-0.003804712571119029,2004
2004-09-20,-0.012094013366507506,2004
2004-09-21,0.0045105700572918295,2004
2004-09-22,-0.00705624155438811,2004
2004-09-23,-0.003229895914294678,2004
2004-09-24,0.00194448975633299,2004
2004-09-27,-0.0006467860268730696,2004
2004-09-28,0.0077671719672276485,2004
2004-09-29,0.0019262227401912746,2004
2004-09-30,0.006410172268280112,2004
2004-10-01,0.016560716564382627,2004
2004-10-04,0.0018799864320293569,2004
2004-10-05,0.0,2004
2004-10-06,0.006253408730406251,2004
2004-10-07,-0.0124300563401597,2004
2004-10-08,0.005664457696039182,2004
2004-10-11,-0.0037547116581898576,2004
2004-10-12,0.010050393103192778,2004
2004-10-13,-0.004353415119762838,2004
2004-10-14,0.008119504190624793,2004
2004-10-15,0.006815790617858752,2004
2004-10-18,0.007384174969711443,2004
2004-10-19,-0.007940745128187432,2004
2004-10-20,-0.004311137728289283,2004
2004-10-21,0.011132266295205584,2004
2004-10-22,-0.008562779158880929,2004
2004-10-25,-0.0049356372634706824,2004
2004-10-26,0.01425926880263595,2004
2004-10-27,0.006723730069783773,2004
2004-10-28,0.0,2004
2004-10-29,-0.00667882346363069,2004
2004-11-01,0.01222538815145624,2004
2004-11-02,-0.009058149493888723,2004
2004-11-03,0.01035936513966318,2004
2004-11-04,0.012665996323750761,2004
2004-11-05,-0.0250150849155657,2004
2004-11-08,0.0024437326863953057,2004
2004-11-09,0.0024375056152068364,2004
2004-11-10,0.00668714401542192,2004
2004-11-11,0.008453925298372411,2004
2004-11-12,0.02155673160383187,2004
2004-11-15,0.007620615244474438,2004
2004-11-16,-0.007562980678621378,2004
2004-11-17,-0.01817114836379019,2004
2004-11-18,0.0005969740144493585,2004
2004-11-19,-0.011932819271615047,2004
2004-11-22,0.006038365295500947,2004
2004-11-23,0.00900378137291824,2004
2004-11-24,0.011897586375050784,2004
2004-11-26,-0.00411526918238414,2004
2004-11-29,-0.0017708348170876187,2004
2004-11-30,0.0017739762359709754,2004
2004-12-01,0.01948035910141277,2004
2004-12-02,-0.009264307028244878,2004
2004-12-03,0.014611174611956157,2004
2004-12-06,0.0028803055323545212,2004
2004-12-07,-0.01493412760600854,2004
2004-12-08,0.005830697752706504,2004
2004-12-09,0.005797346951805116,2004
2004-12-10,0.005187474501700651,2004
2004-12-13,-0.002293293401992913,2004
2004-12-14,0.0,2004
2004-12-15,0.004597638268360349,2004
2004-12-16,-0.009726186211815091,2004
2004-12-17,0.00866607157015964,2004
2004-12-20,-0.000572761721994941,2004
2004-12-21,0.008596032339907689,2004
2004-12-22,0.005682182297101601,2004
2004-12-23,-0.009269986745905623,2004
2004-12-27,-0.0005851778755171511,2004
2004-12-28,0.004095801538167576,2004
2004-12-29,0.002913773623344884,2004
2004-12-30,0.0017429340646495373,2004
2004-12-31,0.0,2004
2005-01-03,0.0,2005
2005-01-04,-0.011150501043486916,2005
2005-01-05,-0.03264041296963871,2005
2005-01-06,0.006134479806481963,2005
2005-01-07,-0.001219520782957395,2005
2005-01-10,-0.0012206803614374095,2005
2005-01-11,-0.01039120199601018,2005
2005-01-12,-0.003705816305591747,2005
2005-01-13,0.004339433499503276,2005
2005-01-14,0.007406858608091982,2005
2005-01-18,0.01041740518484735,2005
2005-01-19,0.003031571848010728,2005
2005-01-20,-0.006650005001892723,2005
2005-01-21,0.002434784299579551,2005
2005-01-24,-0.0060720780090588455,2005
2005-01-25,-0.01649376594776719,2005
2005-01-26,0.0012423789317417278,2005
2005-01-27,-0.010545778273910345,2005
2005-01-28,0.0037619842066092257,2005
2005-01-31,-0.0006248834116140412,2005
2005-02-01,0.0056244990352740665,2005
2005-02-02,0.00807967921702657,2005
2005-02-03,-0.0006161280210086328,2005
2005-02-04,0.015422751011388458,2005
2005-02-07,-0.0036455527338595806,2005
2005-02-08,0.002438909939278755,2005
2005-02-09,0.003649858113595972,2005
2005-02-10,0.003636192607330724,2005
2005-02-11,0.0054352774613593,2005
2005-02-14,0.0,2005
2005-02-15,0.0030024394334209337,2005
2005-02-16,0.0035930340394296767,2005
2005-02-17,-0.0011932613224908684,2005
2005-02-18,-0.01015525771522141,2005
2005-02-22,-0.021726029181865503,2005
2005-02-23,-0.0037012445082592604,2005
2005-02-24,0.0,2005
2005-02-25,0.017956174866126995,2005
2005-02-28,-0.004865755299640839,2005
2005-03-01,0.009168633907656432,2005
2005-03-02,-0.005451213359787488,2005
2005-03-03,0.004263188384533878,2005
2005-03-04,0.01576690959081173,2005
2005-03-07,0.0047760878956371045,2005
2005-03-08,-0.00534756648977186,2005
2005-03-09,-0.024492338664881763,2005
2005-03-10,0.007961128484294866,2005
2005-03-11,-0.010935871320873702,2005
2005-03-14,0.012285230401937408,2005
2005-03-15,-0.002427593802372563,2005
2005-03-16,-0.009123824619042376,2005
2005-03-17,0.0067524567202918995,2005
2005-03-18,-0.004318406675365871,2005
2005-03-21,-0.005576025239679039,2005
2005-03-22,-0.014330136731532384,2005
2005-03-23,-0.006953031264296361,2005
2005-03-24,0.005092143582884567,2005
2005-03-28,-0.005066345026568775,2005
2005-03-29,0.0006362972471078976,2005
2005-03-30,0.012086574779615944,2005
2005-03-31,-0.0025142674755201933,2005
2005-04-01,-0.0006298151211290293,2005
2005-04-04,-0.0025222607318168278,2005
2005-04-05,0.0006318730524552674,2005
2005-04-06,0.005053948909773842,2005
2005-04-07,0.007542333046564487,2005
2005-04-08,-0.006238614976895374,2005
2005-04-11,0.0,2005
2005-04-12,0.013182801455475124,2005
2005-04-13,-0.0024783729816826305,2005
2005-04-14,-0.0055897465189073126,2005
2005-04-15,-0.0018743888278989207,2005
2005-04-18,0.0043809637238951815,2005
2005-04-19,0.005607291639386558,2005
2005-04-20,-0.006195238417233462,2005
2005-04-21,0.004364106776453935,2005
2005-04-22,0.00062049836548006,2005
2005-04-25,0.011786327521229989,2005
2005-04-26,-0.0024521481495435316,2005
2005-04-27,0.007989842328296248,2005
2005-04-28,-0.006097020736258507,2005
2005-04-29,0.012883092151556141,2005
2005-05-02,0.0,2005
2005-05-03,-0.0018171065842441658,2005
2005-05-04,0.005461243414098371,2005
2005-05-05,0.004828114239917358,2005
2005-05-06,-0.007207052967610372,2005
2005-05-09,0.014518485130227798,2005
2005-05-10,-0.0011924111655590153,2005
2005-05-11,-0.0017910705189193576,2005
2005-05-12,-0.00837304981418141,2005
2005-05-13,-0.0072375457474069815,2005
2005-05-16,0.010327998150476247,2005
2005-05-17,0.0048105020045308144,2005
2005-05-18,0.009574879879064024,2005
2005-05-19,0.008891652552882157,2005
2005-05-20,0.0029373656389648506,2005
2005-05-23,0.0023437227061238186,2005
2005-05-24,-0.00876692858025574,2005
2005-05-25,-0.01120295009740202,2005
2005-05-26,-0.0017887439795768456,2005
2005-05-27,0.006570841967634022,2005
2005-05-31,0.00771552089009786,2005
2005-06-01,0.010011711923008981,2005
2005-06-02,-0.0017492962008031077,2005
2005-06-03,-0.0011681579801248176,2005
2005-06-06,0.008187293063129486,2005
2005-06-07,0.008700695230122069,2005
2005-06-08,0.003450000785248264,2005
2005-06-09,-0.0005731556630255152,2005
2005-06-10,-0.0005733620155036201,2005
2005-06-13,0.004589833618607875,2005
2005-06-14,0.007994855801973344,2005
2005-06-15,0.0028334274444439256,2005
2005-06-16,0.0022596382854933594,2005
2005-06-17,0.014092252036711939,2005
2005-06-20,-0.002222857934447653,2005
2005-06-21,-0.007242641106720682,2005
2005-06-22,0.0,2005
2005-06-23,-0.0033668727476079408,2005
2005-06-24,0.010814066251338295,2005
2005-06-27,-0.012951065932991002,2005
2005-06-28,0.0062753300297992975,2005
2005-06-29,0.0022674193020522093,2005
2005-06-30,-0.0011306971532053511,2005
2005-07-01,0.006228234571754809,2005
2005-07-05,0.011817981068470651,2005
2005-07-06,-0.005005557687006612,2005
2005-07-07,0.00391254817678921,2005
2005-07-08,0.013920153541389091,2005
2005-07-11,0.010982979505717916,2005
2005-07-12,-0.001629280171178804,2005
2005-07-13,-0.0043528328038814346,2005
2005-07-14,-0.016393505023512778,2005
2005-07-15,0.004444375646665,2005
2005-07-18,0.0011062068302054584,2005
2005-07-19,0.007734541558554131,2005
2005-07-20,0.008223487209908287,2005
2005-07-21,-0.015225610448289406,2005
2005-07-22,0.009387710144454608,2005
2005-07-25,0.001640866797989915,2005
2005-07-26,0.008192161942905285,2005
2005-07-27,0.001624753239672705,2005
2005-07-28,0.009194207410734068,2005
2005-07-29,-0.0026791630929786647,2005
2005-08-01,0.0010747029112823103,2005
2005-08-02,0.006977786313296264,2005
2005-08-03,-0.004264440306274597,2005
2005-08-04,-0.019271827381053264,2005
2005-08-05,-0.029475620644444978,2005
2005-08-08,-0.030371116195490933,2005
2005-08-09,0.006960202880673005,2005
2005-08-10,0.005760493197582983,2005
2005-08-11,0.010309149353427971,2005
2005-08-12,0.0,2005
2005-08-15,0.007369456760510706,2005
2005-08-16,0.002251485221198335,2005
2005-08-17,-0.007299763185257269,2005
2005-08-18,-0.005655754204431207,2005
2005-08-19,-0.003412946334632294,2005
2005-08-22,0.007419569374012891,2005
2005-08-23,0.0,2005
2005-08-24,0.0033992926586652317,2005
2005-08-25,0.003388193776984405,2005
2005-08-26,-0.01012924836576079,2005
2005-08-29,-0.0017057733308109002,2005
2005-08-30,0.0017086879651726505,2005
2005-08-31,0.018760746584988164,2005
2005-09-01,0.005022199757889423,2005
2005-09-02,-0.002776324775616179,2005
2005-09-06,0.02004453217417268,2005
2005-09-07,-0.007095745905376427,2005
2005-09-08,-0.0027489669470638356,2005
2005-09-09,0.003307760425333317,2005
2005-09-12,-0.0005493985495043097,2005
2005-09-13,-0.00769685215492022,2005
2005-09-14,-0.0016617760632209322,2005
2005-09-15,0.0016645421595378185,2005
2005-09-16,-0.0011078117274379018,2005
2005-09-19,-0.006655529824029838,2005
2005-09-20,-0.005583298074078646,2005
2005-09-21,-0.01572220674219782,2005
2005-09-22,0.003993982956124187,2005
2005-09-23,0.0028401596730787126,2005
2005-09-26,0.0033992926586652317,2005
2005-09-27,-0.0022828323569347164,2005
2005-09-28,-0.00629272035631212,2005
2005-09-29,0.01439273880277403,2005
2005-09-30,0.010215682582023655,2005
2005-10-03,0.0016854549473095393,2005
2005-10-04,-0.015143453602663226,2005
2005-10-05,-0.015375412064896232,2005
2005-10-06,-0.0017352911639947344,2005
2005-10-07,-0.005793229589388327,2005
2005-10-10,-0.011655555287162334,2005
2005-10-11,-0.006486025866904277,2005
2005-10-12,-0.013055994503521906,2005
2005-10-13,-0.0006014704508492397,2005
2005-10-14,0.019855381801743066,2005
2005-10-17,0.003540261613339979,2005
2005-10-18,-0.009406697347538406,2005
2005-10-19,0.013056242360580672,2005
2005-10-20,-0.01405923528231623,2005
2005-10-21,0.010101255119288055,2005
2005-10-24,0.019999559022476854,2005
2005-10-25,-0.005190261206256763,2005
2005-10-26,-0.007536205673063456,2005
2005-10-27,-0.008761759438578043,2005
2005-10-28,0.021213886264972226,2005
2005-10-31,0.004039206018244146,2005
2005-11-01,-0.01839064099618437,2005
2005-11-02,0.0076109086185423,2005
2005-11-03,-0.006972644574946951,2005
2005-11-04,-0.0017553551099516174,2005
2005-11-07,0.005275692608314175,2005
2005-11-08,-0.004081599603742103,2005
2005-11-09,0.011709480472839262,2005
2005-11-10,0.015046607359341602,2005
2005-11-11,0.003420877184627802,2005
2005-11-14,-0.0056824990561598065,2005
2005-11-15,-0.0034282209525990925,2005
2005-11-16,-0.004013848660932906,2005
2005-11-17,0.011514587763259643,2005
2005-11-18,0.0062600665940255595,2005
2005-11-21,0.005090685324993238,2005
2005-11-22,0.007878383137630118,2005
2005-11-23,0.005025426780014497,2005
2005-11-25,0.002777298910913606,2005
2005-11-28,-0.009418398750738355,2005
2005-11-29,0.0050338601901449564,2005
2005-11-30,-0.0033389045655246585,2005
2005-12-01,0.01228385837861845,2005
2005-12-02,-0.004964329070943352,2005
2005-12-05,-0.0077609326685526,2005
2005-12-06,-0.003351846338634057,2005
2005-12-07,-0.003923443743957256,2005
2005-12-08,0.005627315801973287,2005
2005-12-09,0.003917791238413182,2005
2005-12-12,-0.002230549908597834,2005
2005-12-13,0.00614559602948761,2005
2005-12-14,0.002776221518916877,2005
2005-12-15,-0.007751760512895944,2005
2005-12-16,0.0016742849272173288,2005
2005-12-19,-0.008913740925659996,2005
2005-12-20,0.0,2005
2005-12-21,0.005058502321781511,2005
2005-12-22,0.002797108058882891,2005
2005-12-23,0.002725251022988262,2005
2005-12-27,-0.0032357445296126164,2005
2005-12-28,0.0006490399685104009,2005
2005-12-29,-0.0058404821160490394,2005
2005-12-30,-0.002610889294194285,2005
2006-01-03,0.0,2006
2006-01-04,0.003864186140025705,2006
2006-01-05,0.008980077435139622,2006
2006-01-06,0.008263702907343129,2006
2006-01-09,0.006305665764752666,2006
2006-01-10,0.006892532729748657,2006
2006-01-11,-0.0024892591238124817,2006
2006-01-12,-0.0018711554695670651,2006
2006-01-13,-0.009375110752615323,2006
2006-01-17,-0.00252392338132601,2006
2006-01-18,-0.0006327760515318914,2006
2006-01-19,0.010126738694729243,2006
2006-01-20,-0.01127797442155487,2006
2006-01-23,0.006336946805013177,2006
2006-01-24,0.006297381786228851,2006
2006-01-25,0.0006253705733330062,2006
2006-01-26,0.003753020669894358,2006
2006-01-27,0.009968659895522647,2006
2006-01-30,-0.002467871070701566,2006
2006-01-31,0.0037109093009555227,2006
2006-02-01,0.0030802356099959294,2006
2006-02-02,-0.003685174768859545,2006
2006-02-03,-0.007398274827456142,2006
2006-02-06,0.004347640969809108,2006
2006-02-07,-0.006802908312385836,2006
2006-02-08,-0.0018676607858723049,2006
2006-02-09,0.0024954709977618172,2006
2006-02-10,0.0018667210108009868,2006
2006-02-13,0.0,2006
2006-02-14,0.004969242059065682,2006
2006-02-15,0.009270259575253403,2006
2006-02-16,0.0024495168327771655,2006
2006-02-17,0.006108773594119876,2006
2006-02-21,0.0024288039676712003,2006
2006-02-22,0.010902049373119116,2006
2006-02-23,-0.001797161871224473,2006
2006-02-24,-0.004801778015030234,2006
2006-02-27,0.0,2006
2006-02-28,-0.0024125813993232104,2006
2006-03-01,0.007255031088650554,2006
2006-03-02,-0.00420171733037944,2006
2006-03-03,-0.003616853642359197,2006
2006-03-06,0.015729273936141874,2006
2006-03-07,-0.008338262167522759,2006
2006-03-08,0.00420380947803034,2006
2006-03-09,0.007177251737430668,2006
2006-03-10,0.010095298905584249,2006
2006-03-13,-0.006466854574682435,2006
2006-03-14,0.004733161842577882,2006
2006-03-15,0.012956885486128167,2006
2006-03-16,0.00813971018212345,2006
2006-03-17,0.005190104443711263,2006
2006-03-20,-0.013195608101012724,2006
2006-03-21,-0.012791151994499761,2006
2006-03-22,0.0041226405782390785,2006
2006-03-23,0.0017604788856200315,2006
2006-03-24,-0.0017768216598258446,2006
2006-03-27,-0.00533816387749475,2006
2006-03-28,0.005963184123401799,2006
2006-03-29,0.017190038796264906,2006
2006-03-30,-0.012238339669250031,2006
2006-03-31,0.003540545469506773,2006
2006-04-03,-0.018225098393581995,2006
2006-04-04,-0.00538846095158918,2006
2006-04-05,0.005417653767363806,2006
2006-04-06,-0.004789802100427676,2006
2006-04-07,-0.012635545383019475,2006
2006-04-10,-0.009140627069790463,2006
2006-04-11,-0.004305099832087156,2006
2006-04-12,0.001235362472732815,2006
2006-04-13,-0.009253841499680004,2006
2006-04-17,-0.004358382458364174,2006
2006-04-18,0.021888415303590758,2006
2006-04-19,0.011627831209819695,2006
2006-04-20,-0.001814553939958774,2006
2006-04-21,0.0,2006
2006-04-24,-0.006060763143160952,2006
2006-04-25,-0.006097395373869552,2006
2006-04-26,-0.0030671831111801495,2006
2006-04-27,0.004307420414825014,2006
2006-04-28,0.001838554695289707,2006
2006-05-01,-0.011621363460293854,2006
2006-05-02,-0.0030934265098448988,2006
2006-05-03,0.0018616390552730344,2006
2006-05-04,0.012391456836707615,2006
2006-05-05,0.007956090278997907,2006
2006-05-08,0.0036427588128420396,2006
2006-05-09,-0.003024184999265156,2006
2006-05-10,-0.0018208118688938235,2006
2006-05-11,-0.02006050383618141,2006
2006-05-12,-0.011786628904364882,2006
2006-05-15,0.009416160193915113,2006
2006-05-16,-0.002487626425650924,2006
2006-05-17,-0.01246881882592843,2006
2006-05-18,-0.003156591329473102,2006
2006-05-19,0.0012666572565491752,2006
2006-05-22,-0.003162805523769907,2006
2006-05-23,-0.007614074310608898,2006
2006-05-24,0.0006392326122546255,2006
2006-05-25,0.01853032549989364,2006
2006-05-26,0.006273801169174087,2006
2006-05-30,-0.00748149043025037,2006
2006-05-31,0.0025127398126640887,2006
2006-06-01,0.015664177050875416,2006
2006-06-02,0.009253403619017941,2006
2006-06-05,0.0036675771343113173,2006
2006-06-06,-0.005481100642358072,2006
2006-06-07,0.0006121140777217704,2006
2006-06-08,0.0,2006
2006-06-09,0.004284132149659392,2006
2006-06-12,-0.011578120412668591,2006
2006-06-13,-0.004932419237583807,2006
2006-06-14,-0.003717239150081486,2006
2006-06-15,0.01368150392036771,2006
2006-06-16,-0.001840592917609185,2006
2006-06-19,-0.007375511521782729,2006
2006-06-20,-0.004953908847901367,2006
2006-06-21,0.00995648193851384,2006
2006-06-22,-0.003696408203821999,2006
2006-06-23,-0.005632125480445893,2006
2006-06-26,0.011328051971041697,2006
2006-06-27,-0.005600364045488249,2006
2006-06-28,0.0062575378304436935,2006
2006-06-29,0.01803478551629012,2006
2006-06-30,0.011606941325426723,2006
2006-07-03,0.009661332864278727,2006
2006-07-05,-0.0011963072430812849,2006
2006-07-06,0.003593115315090989,2006
2006-07-07,-0.005370115006030574,2006
2006-07-10,0.009597901413743282,2006
2006-07-11,0.002376768561718423,2006
2006-07-12,0.0,2006
2006-07-13,-0.011855248831741494,2006
2006-07-14,-0.009597691016500653,2006
2006-07-17,0.0018172849514275224,2006
2006-07-18,0.009672802462079133,2006
2006-07-19,0.017964316459612162,2006
2006-07-20,-0.010587984927182381,2006
2006-07-21,-0.013080095882057274,2006
2006-07-24,0.015662940418518678,2006
2006-07-25,0.0053379515143006095,2006
2006-07-26,0.002949874786547513,2006
2006-07-27,-0.006470389385937136,2006
2006-07-28,0.014209218024223702,2006
2006-07-31,-0.005253509983890514,2006
2006-08-01,-0.0035215228358169703,2006
2006-08-02,0.0011779892613565934,2006
2006-08-03,0.01117669917094144,2006
2006-08-04,0.012797946289228035,2006
2006-08-07,-0.0074668073624338804,2006
2006-08-08,-0.010995491529809942,2006
2006-08-09,-0.002925504105607879,2006
2006-08-10,0.0029340877914880714,2006
2006-08-11,-0.006436724711910702,2006
2006-08-14,0.00942246819836945,2006
2006-08-15,0.008752040524522942,2006
2006-08-16,0.0,2006
2006-08-17,0.0,2006
2006-08-18,0.0017348968129422548,2006
2006-08-21,0.003464594322613479,2006
2006-08-22,0.0069043565948274654,2006
2006-08-23,-0.007999798779973366,2006
2006-08-24,0.0040319032820013145,2006
2006-08-25,-0.0017216663540998711,2006
2006-08-28,0.010919870156467004,2006
2006-08-29,0.0017056074486831996,2006
2006-08-30,0.007945915582223462,2006
2006-08-31,0.0005629289049724484,2006
2006-09-01,-0.006752530570635407,2006
2006-09-05,0.0073649736613217165,2006
2006-09-06,-0.005061944263182405,2006
2006-09-07,-0.0073485224739205934,2006
2006-09-08,0.007402923020106478,2006
2006-09-11,0.0028264768073660296,2006
2006-09-12,0.00958275726469271,2006
2006-09-13,0.005025007047445129,2006
2006-09-14,-0.003888646028478826,2006
2006-09-15,0.008923716935109738,2006
2006-09-18,-0.0049754904384305965,2006
2006-09-19,0.006111021750171197,2006
2006-09-20,0.0,2006
2006-09-21,-0.007730344033281433,2006
2006-09-22,0.002782924202716197,2006
2006-09-25,0.0005550012787509662,2006
2006-09-26,0.0,2006
2006-09-27,0.007764638026797055,2006
2006-09-28,-0.0022249383420006597,2006
2006-09-29,-0.002229706272883103,2006
2006-10-02,-0.000559375097551329,2006
2006-10-03,0.008385040631227358,2006
2006-10-04,0.009423749460837572,2006
2006-10-05,0.008237305291934893,2006
2006-10-06,-0.007625402368564682,2006
2006-10-09,0.006037153250849858,2006
2006-10-10,-0.0010905178061421106,2006
2006-10-11,-0.0027307398397153904,2006
2006-10-12,0.009857505887361784,2006
2006-10-13,0.007592036562984683,2006
2006-10-16,0.003228653263336323,2006
2006-10-17,-0.0021454153093931616,2006
2006-10-18,0.004838939157799205,2006
2006-10-19,-0.0026759623265060206,2006
2006-10-20,-0.0005356788756888387,2006
2006-10-23,0.004293875531448332,2006
2006-10-24,-0.0037418425439632585,2006
2006-10-25,0.004828743817210102,2006
2006-10-26,0.008008892118852806,2006
2006-10-27,-0.009004467996302501,2006
2006-10-30,0.005344535364697034,2006
2006-10-31,-0.0005314831581373358,2006
2006-11-01,-0.00904223361197265,2006
2006-11-02,-0.015029588973519914,2006
2006-11-03,-0.010354628091498674,2006
2006-11-06,0.006608275963821075,2006
2006-11-07,-0.009300115254674335,2006
2006-11-08,0.0022086805457406378,2006
2006-11-09,0.0011022889538294667,2006
2006-11-10,0.004403059440108548,2006
2006-11-13,0.0021912606875662544,2006
2006-11-14,0.010388790247121804,2006
2006-11-15,-0.0005413492206730597,2006
2006-11-16,0.0064971725137272784,2006
2006-11-17,-0.0026900766248976193,2006
2006-11-20,0.026968927416685773,2006
2006-11-21,0.012079907612280394,2006
2006-11-22,0.002594699367701292,2006
2006-11-24,0.005693331986033057,2006
2006-11-27,-0.021101280986528193,2006
2006-11-28,0.0005257061838903621,2006
2006-11-29,0.013662546847114765,2006
2006-11-30,0.006220985735624129,2006
2006-12-01,-0.0015457875412027144,2006
2006-12-04,0.01135159398589547,2006
2006-12-05,-0.0056120908165858685,2006
2006-12-06,-0.004617795179094442,2006
2006-12-07,-0.005154179938762771,2006
2006-12-08,0.0005181692360685108,2006
2006-12-11,0.0025894145122959955,2006
2006-12-12,-0.0020661634828215147,2006
2006-12-13,-0.004658425679544664,2006
2006-12-14,0.0,2006
2006-12-15,-0.003640388030116126,2006
2006-12-18,-0.005741058239298935,2006
2006-12-19,-0.006823964986734099,2006
2006-12-20,0.0068708514363649,2006
2006-12-21,-0.006299086646100238,2006
2006-12-22,-0.006801952802147904,2006
2006-12-26,0.008484524154104278,2006
2006-12-27,0.007212010370885702,2006
2006-12-28,0.002983146629971234,2006
2006-12-29,0.0011893471889985463,2006
2006-12-30,0.0,2006
2007-01-03,0.0,2007
2007-01-04,0.0017805089761151471,2007
2007-01-05,-0.01244068902499762,2007
2007-01-08,-0.0011997010796578333,2007
2007-01-09,0.010210073641754525,2007
2007-01-10,0.009512561575596434,2007
2007-01-11,0.008244947628689658,2007
2007-01-12,0.0029201504704337022,2007
2007-01-16,0.008736540601688603,2007
2007-01-17,0.0,2007
2007-01-18,-0.0023095313671922524,2007
2007-01-19,0.010417037555906505,2007
2007-01-22,-0.005155605827296461,2007
2007-01-23,0.0011524945347471949,2007
2007-01-24,0.01035043930473134,2007
2007-01-25,0.0062604505891421525,2007
2007-01-26,0.003393585256453946,2007
2007-01-29,0.0028189525432682494,2007
2007-01-30,0.004496943454987301,2007
2007-01-31,0.003357502087306674,2007
2007-02-01,0.0039039639975408935,2007
2007-02-02,0.003333761725762052,2007
2007-02-05,-0.0022151512330438328,2007
2007-02-06,0.007768678087456404,2007
2007-02-07,0.00936178292008405,2007
2007-02-08,-0.003273243961983585,2007
2007-02-09,-0.008757843319086356,2007
2007-02-12,-0.013252116408123071,2007
2007-02-13,0.012310954616495007,2007
2007-02-14,-0.006080829547354449,2007
2007-02-15,0.003893193154437702,2007
2007-02-16,-0.0022162109668820706,2007
2007-02-20,0.007218789468308007,2007
2007-02-21,-0.0033080316166655965,2007
2007-02-22,-0.0016592949239001564,2007
2007-02-23,-0.0110802111099777,2007
2007-02-26,-0.0033611793511173493,2007
2007-02-27,-0.028105661178496888,2007
2007-02-28,0.006361921344638866,2007
2007-03-01,-0.006896737637765438,2007
2007-03-02,-0.015624851277086904,2007
2007-03-05,-0.032333853956128866,2007
2007-03-06,0.02794645679082719,2007
2007-03-07,-0.009456070078912915,2007
2007-03-08,0.011336592229153508,2007
2007-03-09,0.010029182599695208,2007
2007-03-12,0.0029201504704337022,2007
2007-03-13,-0.02096675725856456,2007
2007-03-14,0.0035696735925689893,2007
2007-03-15,0.009484277247357786,2007
2007-03-16,-0.007046042784732198,2007
2007-03-19,0.005913368165707533,2007
2007-03-20,0.004115113594701292,2007
2007-03-21,0.01229537065420927,2007
2007-03-22,0.0,2007
2007-03-23,0.0,2007
2007-03-26,-0.01041074504803674,2007
2007-03-27,-0.011688851398832134,2007
2007-03-28,-0.005322661772182213,2007
2007-03-29,0.001189092832539984,2007
2007-03-30,0.008388372722071047,2007
2007-04-02,0.006535883820938837,2007
2007-04-03,0.007083910368419488,2007
2007-04-04,0.0,2007
2007-04-05,0.0,2007
2007-04-09,0.0,2007
2007-04-10,0.0035172619661667515,2007
2007-04-11,-0.010514361766515101,2007
2007-04-12,-0.004721953510908206,2007
2007-04-13,0.00711698182461129,2007
2007-04-16,0.005300171807132381,2007
2007-04-17,0.00878742998112192,2007
2007-04-18,-0.005226828235075143,2007
2007-04-19,-0.00583750447939102,2007
2007-04-20,0.0070462967657034525,2007
2007-04-23,0.009912650008347734,2007
2007-04-24,-0.005773553010466226,2007
2007-04-25,0.000580690519475624,2007
2007-04-26,-0.0011607946279149628,2007
2007-04-27,-0.001743347010512486,2007
2007-04-30,-0.013969551217426823,2007
2007-05-01,-0.0035420888344902535,2007
2007-05-02,0.0065164361245388935,2007
2007-05-03,0.0005890847944518551,2007
2007-05-04,-0.0035295867247621127,2007
2007-05-07,0.0005901996387700503,2007
2007-05-08,-0.002359495082121965,2007
2007-05-09,0.0070960297222784074,2007
2007-05-10,-0.011743827942839014,2007
2007-05-11,0.013666093804524104,2007
2007-05-14,-0.005861631418549673,2007
2007-05-15,-0.01297165959763713,2007
2007-05-16,-0.007168363445935855,2007
2007-05-17,-0.016245928164969947,2007
2007-05-18,-0.007951036628551456,2007
2007-05-21,0.00801476229714515,2007
2007-05-22,0.011009631823865051,2007
2007-05-23,-0.005444915554090546,2007
2007-05-24,-0.01338214077895683,2007
2007-05-25,0.004932304575669955,2007
2007-05-29,0.025153669696523773,2007
2007-05-30,0.017354802992807894,2007
2007-05-31,0.0,2007
2007-06-01,0.0005884716207606999,2007
2007-06-04,0.0041147490754636085,2007
2007-06-05,-0.01405178032135701,2007
2007-06-06,-0.004156111321042877,2007
2007-06-07,-0.024449147821009154,2007
2007-06-08,0.007946455071188518,2007
2007-06-11,-0.012128771528594595,2007
2007-06-12,-0.015960369398860474,2007
2007-06-13,0.016219234370784985,2007
2007-06-14,-0.007979860405256556,2007
2007-06-15,0.00990085878302871,2007
2007-06-18,-0.010416506744477472,2007
2007-06-19,0.0024768407168613837,2007
2007-06-20,-0.019147762492678133,2007
2007-06-21,-0.0012593816806634184,2007
2007-06-22,-0.0031527098096592043,2007
2007-06-25,-0.011385383656440151,2007
2007-06-26,-0.0012797187940591925,2007
2007-06-27,0.02114048261541024,2007
2007-06-28,-0.0037639243897187313,2007
2007-06-29,-0.00572186997554236,2007
2007-07-02,0.019820977979197796,2007
2007-07-03,-0.0025075504912740465,2007
2007-07-05,0.009428245022355508,2007
2007-07-06,0.0012451405770692592,2007
2007-07-09,-0.0037310553266932667,2007
2007-07-10,-0.02184814455540207,2007
2007-07-11,-0.003828963973810273,2007
2007-07-12,0.011531331208075368,2007
2007-07-13,0.007599632919389254,2007
2007-07-16,-0.004399691056530042,2007
2007-07-17,-0.0050504926561714125,2007
2007-07-18,-0.0031725335738141958,2007
2007-07-19,0.00381940412993953,2007
2007-07-20,-0.01775603673678461,2007
2007-07-23,-0.016139366166092683,2007
2007-07-24,-0.026902981509215773,2007
2007-07-25,-0.004045442190916404,2007
2007-07-26,-0.02234258604949091,2007
2007-07-27,-0.030470637641568543,2007
2007-07-30,0.004285916886980212,2007
2007-07-31,-0.0014226838480455584,2007
2007-08-01,0.0035610847267897316,2007
2007-08-02,0.012065318784705514,2007
2007-08-03,-0.030154467098575055,2007
2007-08-06,0.02024601371470669,2007
2007-08-07,0.0007086625520158485,2007
2007-08-08,0.04036801908984411,2007
2007-08-09,-0.006807235960330282,2007
2007-08-10,-0.021932782383599636,2007
2007-08-13,-0.0021026745110357403,2007
2007-08-14,-0.032303099751145536,2007
2007-08-15,-0.01378790602741331,2007
2007-08-16,0.031641112631636714,2007
2007-08-17,0.026390109478196422,2007
2007-08-20,0.013203641562722135,2007
2007-08-21,0.009602279608250885,2007
2007-08-22,0.004755984236844979,2007
2007-08-23,-0.008113772346132087,2007
2007-08-24,0.002045137958910148,2007
2007-08-27,-0.015646271164944214,2007
2007-08-28,-0.026952301353452834,2007
2007-08-29,0.025568013187460492,2007
2007-08-30,0.006232931630437699,2007
2007-08-31,0.019270014709188654,2007
2007-09-04,0.007427650918578221,2007
2007-09-05,-0.020107092055376863,2007
2007-09-06,0.00410365030370885,2007
2007-09-07,-0.017711031935974675,2007
2007-09-10,-0.008321652647597322,2007
2007-09-11,0.013286629059849897,2007
2007-09-12,-0.0034506992043363827,2007
2007-09-13,0.016620357217109305,2007
2007-09-14,0.004087388411078141,2007
2007-09-17,-0.004749021997648373,2007
2007-09-18,0.03135643798055687,2007
2007-09-19,0.016523475988423852,2007
2007-09-20,-0.014954404304644231,2007
2007-09-21,0.0019802427706976378,2007
2007-09-24,0.011857580989261818,2007
2007-09-25,-0.01432288460113973,2007
2007-09-26,0.00462375024836037,2007
2007-09-27,0.006574212290801462,2007
2007-09-28,-0.00659611732876042,2007
2007-10-01,0.02058417882599972,2007
2007-10-02,0.014964220642645243,2007
2007-10-03,-0.0032048939948878807,2007
2007-10-04,0.007073702979116359,2007
2007-10-05,0.021711689993713312,2007
2007-10-08,-0.011874794876490125,2007
2007-10-09,0.005059660033695401,2007
2007-10-10,-0.0006291687788805289,2007
2007-10-11,-0.003778694472806321,2007
2007-10-12,-0.006952697773257577,2007
2007-10-15,-0.018459844238791656,2007
2007-10-16,-0.0123221213588397,2007
2007-10-17,-0.003939189658800912,2007
2007-10-18,0.001977676892780167,2007
2007-10-19,-0.03355278434024833,2007
2007-10-22,0.008849656517994964,2007
2007-10-23,0.007422638147289273,2007
2007-10-24,-0.008037870208327247,2007
2007-10-25,0.0013501003278686419,2007
2007-10-26,0.006743795950308273,2007
2007-10-29,-0.009377316924020329,2007
2007-10-30,0.006085668214818263,2007
2007-10-31,0.01680073306211627,2007
2007-11-01,-0.03767353232247739,2007
2007-11-02,-0.01854438650527579,2007
2007-11-05,-0.010496293430013348,2007
2007-11-06,0.007779071398806847,2007
2007-11-07,-0.03157892330936807,2007
2007-11-08,0.0014492336944849082,2007
2007-11-09,-0.0028942729111459675,2007
2007-11-12,0.004354655671930052,2007
2007-11-13,0.03395913056444755,2007
2007-11-14,-0.01467530053117283,2007
2007-11-15,-0.0042547771877669005,2007
2007-11-16,-0.014957618919829496,2007
2007-11-19,-0.023138080334687006,2007
2007-11-20,-0.015543756992011382,2007
2007-11-21,-0.0015039381674484265,2007
2007-11-23,0.018071876815727084,2007
2007-11-26,-0.04733712972954918,2007
2007-11-27,0.017857146962211523,2007
2007-11-28,0.03508761429743923,2007
2007-11-29,-0.004421282333340826,2007
2007-11-30,0.015543976155850903,2007
2007-12-03,-0.008016991961427133,2007
2007-12-04,-0.025716446952206984,2007
2007-12-05,0.02564038724404849,2007
2007-12-06,0.030882666224562927,2007
2007-12-07,-0.0007128765397304004,2007
2007-12-10,0.015702186079913583,2007
2007-12-11,-0.04708306669411866,2007
2007-12-12,-0.0022127072522907243,2007
2007-12-13,-0.009607947214939405,2007
2007-12-14,-0.028358379294538327,2007
2007-12-17,-0.023041832539987817,2007
2007-12-18,0.007861876596621853,2007
2007-12-19,0.014040157893314698,2007
2007-12-20,0.003077291350433553,2007
2007-12-21,0.01610445633069757,2007
2007-12-24,0.030943228754595875,2007
2007-12-26,-0.013176997894853715,2007
2007-12-27,-0.025964685076178995,2007
2007-12-28,-0.014470546105317061,2007
2007-12-29,0.0,2007
2007-12-30,0.0,2007
2008-01-02,0.0,2008
2008-01-03,-0.029649843677872045,2008
2008-01-04,-0.03240748736700383,2008
2008-01-07,0.008612802147797138,2008
2008-01-08,-0.03510460978926355,2008
2008-01-09,0.017699420344030603,2008
2008-01-10,0.014492846017349903,2008
2008-01-11,-0.0019049350058605308,2008
2008-01-14,-0.001908449629861031,2008
2008-01-15,-0.02198840803765678,2008
2008-01-16,0.01955026028768647,2008
2008-01-17,-0.013422763677701344,2008
2008-01-18,-0.010690161592354364,2008
2008-01-22,0.03045177610275318,2008
2008-01-23,0.07912287728263157,2008
2008-01-24,-0.018551194070020705,2008
2008-01-25,-0.011701039352538412,2008
2008-01-28,0.03187621358269599,2008
2008-01-29,-0.006177898663288328,2008
2008-01-30,-0.017762361045436825,2008
2008-01-31,0.021699730786947757,2008
2008-02-01,0.036283518446297514,2008
2008-02-04,-0.010247607439557771,2008
2008-02-05,-0.03623836180861284,2008
2008-02-06,-0.018800422682058948,2008
2008-02-07,0.01916065102010034,2008
2008-02-08,-0.03312467325863466,2008
2008-02-11,-0.015740591591615893,2008
2008-02-12,0.02916271898091871,2008
2008-02-13,0.00822703508349698,2008
2008-02-14,-0.021758975117069257,2008
2008-02-15,0.008340698064824847,2008
2008-02-19,-0.009191082782490811,2008
2008-02-20,0.016697698847458087,2008
2008-02-21,-0.020985171702806116,2008
2008-02-22,0.02236709889604893,2008
2008-02-25,0.029170573932250976,2008
2008-02-26,0.001771078196395548,2008
2008-02-27,-0.007073246612902762,2008
2008-02-28,-0.01780914107585907,2008
2008-02-29,-0.017226104557892086,2008
2008-03-03,0.009225114064330686,2008
2008-03-04,-0.0063985988638967095,2008
2008-03-05,0.005519815829480024,2008
2008-03-06,-0.04025624778405179,2008
2008-03-07,0.012393099791833562,2008
2008-03-10,-0.01506608843270818,2008
2008-03-11,0.06309731857322154,2008
2008-03-12,-0.0161869305025385,2008
2008-03-13,0.010968993484369083,2008
2008-03-14,-0.018082994259503438,2008
2008-03-17,-0.0036834592291598023,2008
2008-03-18,0.04805942437474542,2008
2008-03-19,-0.008818360110415258,2008
2008-03-20,0.03825603541927802,2008
2008-03-24,0.015424155579836674,2008
2008-03-25,0.005063216860285102,2008
2008-03-26,-0.020151052454551732,2008
2008-03-27,-0.0102827341423547,2008
2008-03-28,-0.012121216782036703,2008
2008-03-31,0.005477663244762843,2008
2008-04-01,0.0579967676957156,2008
2008-04-02,0.0016611625628946136,2008
2008-04-03,0.017412967516500677,2008
2008-04-04,-0.015485536895478047,2008
2008-04-07,0.0,2008
2008-04-08,-0.014072093128905006,2008
2008-04-09,-0.021830295332777694,2008
2008-04-10,0.008583642762807653,2008
2008-04-11,-0.014468368727713399,2008
2008-04-14,-0.006908165506845698,2008
2008-04-15,0.011304022045032003,2008
2008-04-16,0.03611356936383503,2008
2008-04-17,0.0049790385683030625,2008
2008-04-18,0.0,2008
2008-04-21,-0.01156061373620465,2008
2008-04-22,-0.004176982589333855,2008
2008-04-23,0.015100442944918413,2008
2008-04-24,0.020661259758269157,2008
2008-04-25,0.004048663869580915,2008
2008-04-28,0.0008064676574495167,2008
2008-04-29,-0.011281144806927768,2008
2008-04-30,-0.013855205029132178,2008
2008-05-01,0.02479357412373351,2008
2008-05-02,0.0,2008
2008-05-05,-0.0016128338085859006,2008
2008-05-06,0.006461756974454724,2008
2008-05-07,-0.0288924305638264,2008
2008-05-08,-0.000826358850075426,2008
2008-05-09,-0.009925548495920977,2008
2008-05-12,0.02172108759486746,2008
2008-05-13,0.0016353554587629215,2008
2008-05-14,0.006530433503157296,2008
2008-05-15,0.012976433517840835,2008
2008-05-16,-0.006404950224254358,2008
2008-05-19,0.0,2008
2008-05-20,-0.014504415972779294,2008
2008-05-21,-0.021259312212101755,2008
2008-05-22,-0.005847859747265316,2008
2008-05-23,-0.0075629640582833835,2008
2008-05-27,0.013547683067602234,2008
2008-05-28,0.0008353334262183321,2008
2008-05-29,0.011686378083276328,2008
2008-05-30,-0.0041254943713094905,2008
2008-06-02,-0.01739854239420424,2008
2008-06-03,0.00505912286037935,2008
2008-06-04,0.007550485456986777,2008
2008-06-05,0.024146286684936458,2008
2008-06-06,-0.04471511145699181,2008
2008-06-09,-0.019574637565033526,2008
2008-06-10,0.0034721816290026464,2008
2008-06-11,-0.019895934752561906,2008
2008-06-12,0.007060371766556051,2008
2008-06-13,0.0201581610629733,2008
2008-06-16,0.012027619980453652,2008
2008-06-17,-0.0297112082270945,2008
2008-06-18,-0.013123724047206964,2008
2008-06-19,0.02039002729702344,2008
2008-06-20,-0.024326935253202064,2008
2008-06-23,-0.021371083077712183,2008
2008-06-24,0.004549451621747913,2008
2008-06-25,0.01449304278081276,2008
2008-06-26,-0.033928789168626294,2008
2008-06-27,-0.009241979037771908,2008
2008-06-30,0.0010357088846704166,2008
2008-07-01,-0.0009406859946751167,2008
2008-07-02,-0.019774062704684736,2008
2008-07-03,-0.004803009709621664,2008
2008-07-07,-0.018339918950722067,2008
2008-07-08,0.05899694038810899,2008
2008-07-09,-0.06313816302127218,2008
2008-07-10,0.019821958134298434,2008
2008-07-11,-0.004859565040696734,2008
2008-07-14,-0.03417929558586885,2008
2008-07-15,-0.007078377521452128,2008
2008-07-16,0.05906313555114884,2008
2008-07-17,0.0201929057992285,2008
2008-07-18,0.0009422238621894508,2008
2008-07-21,0.003766521677927681,2008
2008-07-22,0.029080599385596484,2008
2008-07-23,0.02096634303537681,2008
2008-07-24,-0.06071442526581461,2008
2008-07-25,0.018060631459580145,2008
2008-07-28,-0.023342422350833947,2008
2008-07-29,0.052581095117545606,2008
2008-07-30,-0.003632876947504582,2008
2008-07-31,-0.013673756337383214,2008
2008-08-01,0.0,2008
2008-08-04,-0.012938921973524087,2008
2008-08-05,0.04588038821848994,2008
2008-08-06,-0.006267247711941648,2008
2008-08-07,-0.025225073433191247,2008
2008-08-08,0.040665792433349335,2008
2008-08-11,0.020426130893199668,2008
2008-08-12,-0.023499017790668653,2008
2008-08-13,-0.014260084154776753,2008
2008-08-14,0.01537060188916839,2008
2008-08-15,-0.0008905378933254937,2008
2008-08-18,-0.01871652019497949,2008
2008-08-19,-0.022706613364842476,2008
2008-08-20,0.0018588736884783685,2008
2008-08-21,-0.010204141823287327,2008
2008-08-22,0.03186494525328665,2008
2008-08-25,-0.030880926229609362,2008
2008-08-26,0.010309339788594496,2008
2008-08-27,0.006493408107033138,2008
2008-08-28,0.03133642628865707,2008
2008-08-29,-0.009830264288981372,2008
2008-09-02,0.009927857754531866,2008
2008-09-03,0.013405371797921672,2008
2008-09-04,-0.028219118197772786,2008
2008-09-05,0.002722524178057961,2008
2008-09-08,0.043438616777650596,2008
2008-09-09,-0.03816111309302195,2008
2008-09-10,0.006311896173793796,2008
2008-09-11,0.008064553069426994,2008
2008-09-12,0.010666456536043256,2008
2008-09-15,-0.08795073296983658,2008
2008-09-16,0.05978800579981525,2008
2008-09-17,-0.056415061760105134,2008
2008-09-18,0.10318273848596071,2008
2008-09-19,-0.001748707324375376,2008
2008-09-22,-0.06042031141230819,2008
2008-09-23,0.004659944763450552,2008
2008-09-24,-0.011131622846590639,2008
2008-09-25,0.01594759148069147,2008
2008-09-26,0.026777140450671588,2008
2008-09-29,-0.07284173508850844,2008
2008-09-30,0.0643296034762928,2008
2008-10-01,-0.02207889732317403,2008
2008-10-02,-0.062088494884256606,2008
2008-10-03,-0.047141319962161976,2008
2008-10-06,-0.03052606925065915,2008
2008-10-07,-0.07274712484835466,2008
2008-10-08,-0.004684226187570806,2008
2008-10-09,-0.09411750944679842,2008
2008-10-10,0.12597403618137393,2008
2008-10-13,0.040369250327273676,2008
2008-10-14,-0.06319300879432588,2008
2008-10-15,-0.1254439012326335,2008
2008-10-16,0.04330216056209757,2008
2008-10-17,-0.0012973237421458617,2008
2008-10-20,0.005195153702829192,2008
2008-10-21,-0.03359201845484183,2008
2008-10-22,-0.06550809920373912,2008
2008-10-23,-0.010014293638999305,2008
2008-10-24,-0.05780350999123751,2008
2008-10-27,-0.04907954599485387,2008
2008-10-28,0.15645150189302282,2008
2008-10-29,-0.0306836941289087,2008
2008-10-30,0.03597122366082983,2008
2008-10-31,0.06250049853869188,2008
2008-11-03,-0.036601251895720055,2008
2008-11-04,0.05970095602070158,2008
2008-11-05,-0.087067712786844,2008
2008-11-06,-0.043478257103819806,2008
2008-11-07,0.05865161403246022,2008
2008-11-10,-0.08310298020693718,2008
2008-11-11,-0.012084377111148847,2008
2008-11-12,-0.06880719781090883,2008
2008-11-13,0.09359558856336259,2008
2008-11-14,-0.09909857031932245,2008
2008-11-17,-0.03500076112328421,2008
2008-11-18,-0.008635280533294099,2008
2008-11-19,-0.1202089732020094,2008
2008-11-20,-0.07128756252561508,2008
2008-11-21,0.06183433709596731,2008
2008-11-24,0.17269089701734108,2008
2008-11-25,0.011986070145633576,2008
2008-11-26,0.04737725937943993,2008
2008-11-28,-0.01615482469367946,2008
2008-12-01,-0.18062436876624988,2008
2008-12-02,0.12224481808576626,2008
2008-12-03,0.051785844844380424,2008
2008-12-04,-0.027165137868618405,2008
2008-12-05,0.09249612094650095,2008
2008-12-08,0.09744377065900567,2008
2008-12-09,-0.0829691363445838,2008
2008-12-10,0.07619037069914647,2008
2008-12-11,-0.14159273818748153,2008
2008-12-12,0.09793785827782586,2008
2008-12-15,-0.03755878390321543,2008
2008-12-16,0.13170738711788044,2008
2008-12-17,0.011494224317535773,2008
2008-12-18,-0.0781248190787569,2008
2008-12-19,0.049836117611661734,2008
2008-12-22,-0.02827389044904105,2008
2008-12-23,-0.003062820703313651,2008
2008-12-24,0.007680435645394779,2008
2008-12-26,0.010670710335542344,2008
2008-12-29,-0.05279024229365259,2008
2008-12-30,0.0445858939810615,2008
2009-01-02,0.0,2009
2009-01-05,-0.020864430084820418,2009
2009-01-06,0.05783818886633574,2009
2009-01-07,-0.04028718242818208,2009
2009-01-08,-0.00599752351835714,2009
2009-01-09,-0.046756826451279765,2009
2009-01-12,-0.061709014620421,2009
2009-01-13,0.02866775382775444,2009
2009-01-14,-0.05245900919125501,2009
2009-01-15,0.027681446135876975,2009
2009-01-16,0.04208787162481897,2009
2009-01-20,-0.11147022642468152,2009
2009-01-21,0.09818181979259744,2009
2009-01-22,-0.04966883009625622,2009
2009-01-23,0.02439030601606751,2009
2009-01-26,-0.005102149685569768,2009
2009-01-27,0.011966103311353171,2009
2009-01-28,0.08277010117139061,2009
2009-01-29,-0.07488307121692872,2009
2009-01-30,-0.037099192373589274,2009
2009-02-02,0.014010554396486574,2009
2009-02-03,-0.0086359355907214,2009
2009-02-04,-0.017421374298037362,2009
2009-02-05,-0.01950392292297609,2009
2009-02-06,0.06871621652133464,2009
2009-02-09,0.013536634833948069,2009
2009-02-10,-0.08681139486178002,2009
2009-02-11,0.014625279206130326,2009
2009-02-12,-0.0162162304531952,2009
2009-02-13,-0.058608259647436656,2009
2009-02-17,-0.07003845472942694,2009
2009-02-18,0.012552308985833704,2009
2009-02-19,-0.041322758656880065,2009
2009-02-20,0.06034484852092681,2009
2009-02-23,-0.07317124198800629,2009
2009-02-24,0.08333384534914234,2009
2009-02-25,-0.018218397483061644,2009
2009-02-26,-0.049484455036362784,2009
2009-02-27,-0.010846766524696516,2009
2009-03-02,-0.0767542863737366,2009
2009-03-03,0.011877201571503182,2009
2009-03-04,0.02112656271345803,2009
2009-03-05,-0.064368182551364,2009
2009-03-06,-0.012284704895542342,2009
2009-03-09,0.022387856178703425,2009
2009-03-10,0.13625341058471818,2009
2009-03-11,-0.017130680471341142,2009
2009-03-12,0.08060972603862182,2009
2009-03-13,-0.02419290369980509,2009
2009-03-16,-0.0764467889100674,2009
2009-03-17,0.07606302314359081,2009
2009-03-18,0.04573766032873383,2009
2009-03-19,-0.04970126217970239,2009
2009-03-20,-0.07949819051668028,2009
2009-03-23,0.15681818811028703,2009
2009-03-24,-0.07858561355829008,2009
2009-03-25,0.012793125883906686,2009
2009-03-26,0.03368439827691794,2009
2009-03-27,-0.04684320106423279,2009
2009-03-30,-0.05555565316385924,2009
2009-03-31,0.07348555591023742,2009
2009-04-01,-0.006438111607926511,2009
2009-04-02,0.06911488648250641,2009
2009-04-03,0.07878748548786096,2009
2009-04-06,-0.005618166956109061,2009
2009-04-07,-0.08097868821802501,2009
2009-04-08,0.02254095698061409,2009
2009-04-09,0.13226437626815568,2009
2009-04-13,0.008849712117288355,2009
2009-04-14,-0.08070185049397338,2009
2009-04-15,0.0801526068336309,2009
2009-04-16,0.03710244567598231,2009
2009-04-17,0.017035665756508056,2009
2009-04-20,-0.10217791143025245,2009
2009-04-21,0.08955293673862608,2009
2009-04-22,-0.03595897567007467,2009
2009-04-23,0.04440489805702086,2009
2009-04-24,0.05272095400257526,2009
2009-04-27,-0.06462014277696082,2009
2009-04-28,0.012089834641395125,2009
2009-04-29,0.040955567991183495,2009
2009-04-30,0.006557432672291252,2009
2009-05-01,-0.03908798501213673,2009
2009-05-04,0.07966070281800008,2009
2009-05-05,-0.03453677153142676,2009
2009-05-06,0.03739842933872328,2009
2009-05-07,-0.057993641937931883,2009
2009-05-08,0.07820268813062481,2009
2009-05-11,-0.043209701603933226,2009
2009-05-12,-0.0064515718204821715,2009
2009-05-13,-0.06331157386214337,2009
2009-05-14,0.0329288314092433,2009
2009-05-15,-0.038590857976537274,2009
2009-05-18,0.083770057104678,2009
2009-05-19,-0.020934321967571612,2009
2009-05-20,-0.00493408155589159,2009
2009-05-21,0.0016532775998534532,2009
2009-05-22,-0.01980253825796574,2009
2009-05-26,0.05723951126082194,2009
2009-05-27,-0.03821669034500197,2009
2009-05-28,0.02483427721512621,2009
2009-05-29,0.024232867615111342,2009
2009-06-01,0.0394322029972316,2009
2009-06-02,-0.018209652273959875,2009
2009-06-03,0.0015454928810341162,2009
2009-06-04,0.03086456051561748,2009
2009-06-05,-0.0134730553668303,2009
2009-06-08,0.0,2009
2009-06-09,-0.0015179853992733916,2009
2009-06-10,-0.019756720363146685,2009
2009-06-11,-0.017053880948730837,2009
2009-06-12,0.02996825915609791,2009
2009-06-15,-0.04900437603686969,2009
2009-06-16,-0.011272164198693368,2009
2009-06-17,-0.021172695082618875,2009
2009-06-18,0.00998319694411709,2009
2009-06-19,0.009884813501308765,2009
2009-06-22,-0.05383384400639879,2009
2009-06-23,0.006896921591762251,2009
2009-06-24,0.02054781050338872,2009
2009-06-25,0.015100574141587941,2009
2009-06-26,0.011570471340831778,2009
2009-06-29,0.0016338784840508325,2009
2009-06-30,0.007407499931447292,2009
2009-07-01,0.011437695137383797,2009
2009-07-02,-0.0549275477938046,2009
2009-07-06,0.03076962676388817,2009
2009-07-07,-0.04145942867445973,2009
2009-07-08,-0.010380855648024268,2009
2009-07-09,-0.01223743500974328,2009
2009-07-10,-0.003539832108481633,2009
2009-07-13,0.040852101745183056,2009
2009-07-14,0.008532499685631967,2009
2009-07-15,0.03722525276214239,2009
2009-07-16,0.009787955199247467,2009
2009-07-17,-0.0258480211745874,2009
2009-07-20,0.03814267044801545,2009
2009-07-21,-0.006389697995786592,2009
2009-07-22,0.0032154420515619897,2009
2009-07-23,0.03846134845435811,2009
2009-07-24,0.0061727643981539515,2009
2009-07-27,0.01533755607264875,2009
2009-07-28,-0.004531778598177216,2009
2009-07-29,-0.010622227947542306,2009
2009-07-30,0.0352761243807187,2009
2009-07-31,0.0014815293626753157,2009
2009-08-03,0.016271837528750943,2009
2009-08-04,0.053858072031841564,2009
2009-08-05,0.03729261659479932,2009
2009-08-06,-0.005326481748174072,2009
2009-08-07,0.05354743195535816,2009
2009-08-10,-0.019059736633093016,2009
2009-08-11,-0.02720172747897953,2009
2009-08-12,0.010652410932182166,2009
2009-08-13,0.003952462044718885,2009
2009-08-14,-0.007873880979445524,2009
2009-08-17,-0.055555694961181845,2009
2009-08-18,0.014005971565940634,2009
2009-08-19,-0.008287721225478273,2009
2009-08-20,0.03760460056722725,2009
2009-08-21,0.02416065886846508,2009
2009-08-24,-0.005242013462125827,2009
2009-08-25,0.011857073711261323,2009
2009-08-26,0.005208658578597758,2009
2009-08-27,0.010362723743505997,2009
2009-08-28,0.008974346209769779,2009
2009-08-31,-0.016518207412889008,2009
2009-09-01,-0.0529718290603266,2009
2009-09-02,-0.01773502121989634,2009
2009-09-03,0.019444082392769735,2009
2009-09-04,0.012261656415976763,2009
2009-09-08,0.032301651764983674,2009
2009-09-09,0.020860396480010035,2009
2009-09-10,0.016602893443586675,2009
2009-09-11,-0.0012564709632397753,2009
2009-09-14,0.030189064189567905,2009
2009-09-15,0.015873019319858184,2009
2009-09-16,0.04326891115978926,2009
2009-09-17,-0.0057597359671959225,2009
2009-09-18,0.004634798156055053,2009
2009-09-21,-0.018454552509734268,2009
2009-09-22,0.034077326611985814,2009
2009-09-23,-0.03522733396927025,2009
2009-09-24,-0.03651298270962089,2009
2009-09-25,-0.0012226777258208532,2009
2009-09-28,0.04283964946712748,2009
2009-09-29,-0.015258913069979174,2009
2009-09-30,-0.008402891674959556,2009
2009-10-01,-0.04358335877802766,2009
2009-10-02,-0.010126829179614605,2009
2009-10-05,0.028133214854029198,2009
2009-10-06,0.0012434911809198201,2009
2009-10-07,-0.0012419468309883275,2009
2009-10-08,0.019900324511227252,2009
2009-10-09,0.007317091553008526,2009
2009-10-12,-0.0012109418004725425,2009
2009-10-13,-0.01333344177532092,2009
2009-10-14,0.03685528806593297,2009
2009-10-15,-0.007109023578331319,2009
2009-10-16,-0.02386578001798334,2009
2009-10-19,0.019559223476594223,2009
2009-10-20,-0.01798523757269166,2009
2009-10-21,-0.009768320397804398,2009
2009-10-22,0.02589424533377338,2009
2009-10-23,-0.014423182357566122,2009
2009-10-26,-0.0024385998471837533,2009
2009-10-27,-0.015892957377183214,2009
2009-10-28,-0.04472010279511884,2009
2009-10-29,0.04421313249979075,2009
2009-10-30,-0.01868028719327175,2009
2009-11-02,0.00126948710510022,2009
2009-11-03,0.012674150396715378,2009
2009-11-04,-0.018773216428048745,2009
2009-11-05,0.02040745542161293,2009
2009-11-06,-0.013749449858673879,2009
2009-11-09,0.04689453550445055,2009
2009-11-10,-0.006053283861959469,2009
2009-11-11,0.023142495513040373,2009
2009-11-12,-0.01309548133617311,2009
2009-11-13,0.016887863408381998,2009
2009-11-16,0.022538963260055,2009
2009-11-17,-0.01508151463270313,2009
2009-11-18,0.01649058627587885,2009
2009-11-19,-0.024334928803997125,2009
2009-11-20,-0.00474998030482332,2009
2009-11-23,0.011933627493769583,2009
2009-11-24,-0.014151113643127822,2009
2009-11-25,0.003587962099202091,2009
2009-11-27,-0.03098915379266487,2009
2009-11-30,0.03813056135994142,2009
2009-12-01,0.01184823315588912,2009
2009-12-02,0.015223075767329064,2009
2009-12-03,-0.00922744400690334,2009
2009-12-04,0.026775658430045812,2009
2009-12-07,-0.01814116095875995,2009
2009-12-08,-0.0069280170371013305,2009
2009-12-09,-0.0011629302035873756,2009
2009-12-10,0.0,2009
2009-12-11,0.015133775855423748,2009
2009-12-14,0.021788842747972437,2009
2009-12-15,-0.010100442263039189,2009
2009-12-16,0.0068020011012235315,2009
2009-12-17,-0.004196438833285021,2009
2009-12-18,0.006833639448324824,2009
2009-12-21,0.012443845816128674,2009
2009-12-22,0.011173473998515426,2009
2009-12-23,0.013259388515219905,2009
2009-12-24,0.011995770344922718,2009
2009-12-28,0.0043100025372588835,2009
2009-12-29,-0.011802519736131334,2009
2009-12-30,0.0,2009
2009-12-31,0.0,2009
2010-01-04,0.0,2010
2010-01-05,0.00221299065335967,2010
2010-01-06,-0.0011038585574871806,2010
2010-01-07,0.01104981544680439,2010
2010-01-08,-0.007650623425054848,2010
2010-01-11,0.006607857356217384,2010
2010-01-12,-0.018599563062795754,2010
2010-01-13,0.02006732346581841,2010
2010-01-14,-0.0021860657675781825,2010
2010-01-15,-0.007666744736990139,2010
2010-01-19,0.023178772063947806,2010
2010-01-20,-0.016181520504998326,2010
2010-01-21,-0.029605098953545683,2010
2010-01-22,-0.023729176862150814,2010
2010-01-25,0.006944369758892011,2010
2010-01-26,-0.00689647806517335,2010
2010-01-27,0.006944369758892011,2010
2010-01-28,-0.010344616337855772,2010
2010-01-29,-0.002322968191883823,2010
2010-02-01,0.01746248686359042,2010
2010-02-02,0.016017972460112162,2010
2010-02-03,-0.016891874104961624,2010
2010-02-04,-0.0355094753655224,2010
2010-02-05,0.01781449471472385,2010
2010-02-08,-0.02216983695717034,2010
2010-02-09,0.0023865146752763966,2010
2010-02-10,0.0011901728884919915,2010
2010-02-11,0.009511871215815315,2010
2010-02-12,0.008245792075749048,2010
2010-02-16,0.026868802365374256,2010
2010-02-17,0.009101596329682327,2010
2010-02-18,0.011273655807498617,2010
2010-02-19,0.002229869105133009,2010
2010-02-22,0.003337556796873864,2010
2010-02-23,-0.008869897607631128,2010
2010-02-24,0.008949276776299309,2010
2010-02-25,0.0033255475040867566,2010
2010-02-26,0.003314654044849874,2010
2010-03-01,0.00881058374501964,2010
2010-03-02,0.0032748500701800243,2010
2010-03-03,-0.0021762977311128306,2010
2010-03-04,0.004362662239190573,2010
2010-03-05,0.02605852878398518,2010
2010-03-08,0.009523672293404895,2010
2010-03-09,0.004192907562640125,2010
2010-03-10,0.005219098110809117,2010
2010-03-11,0.004153903871009446,2010
2010-03-12,0.009307243028708445,2010
2010-03-15,-0.004098813420070679,2010
2010-03-16,0.024691571799675183,2010
2010-03-17,0.013051996402022814,2010
2010-03-18,-0.00396423959798331,2010
2010-03-19,-0.008955097165711745,2010
2010-03-22,0.010039952097382399,2010
2010-03-23,-0.0009939572511243888,2010
2010-03-24,0.003980017340324604,2010
2010-03-25,0.004955704933707228,2010
2010-03-26,-0.005917151578625601,2010
2010-03-29,0.0009917529015119886,2010
2010-03-30,0.0,2010
2010-03-31,-0.009170272442719729,2010
2010-04-01,0.00603588256661336,2010
2010-04-05,0.02400042021391635,2010
2010-04-06,0.02050746805258674,2010
2010-04-07,-0.022009763162626816,2010
2010-04-08,0.0009787987951042076,2010
2010-04-09,0.01564012790550917,2010
2010-04-12,-0.006737472124796806,2010
2010-04-13,0.021318159419780658,2010
2010-04-14,0.0028458117140142125,2010
2010-04-15,-0.02270540658476583,2010
2010-04-16,-0.021297292833895365,2010
2010-04-19,0.005935081013959342,2010
2010-04-20,0.015732284240143057,2010
2010-04-21,0.01839306540327823,2010
2010-04-22,0.013307986680966888,2010
2010-04-23,0.01219535726327936,2010
2010-04-26,0.007414041001836402,2010
2010-04-27,-0.03127866151353209,2010
2010-04-28,0.001899083069985652,2010
2010-04-29,0.043602286432346204,2010
2010-04-30,-0.02906442432514278,2010
2010-05-03,0.031805110589865127,2010
2010-05-04,-0.022665506748110964,2010
2010-05-05,-0.014842057354073401,2010
2010-05-06,-0.03672320959020037,2010
2010-05-07,-0.019550131482674038,2010
2010-05-10,0.06580252949845677,2010
2010-05-11,0.0,2010
2010-05-12,0.016837884620757304,2010
2010-05-13,-0.013799327737668676,2010
2010-05-14,-0.03171610867460051,2010
2010-05-17,0.0019261899246776348,2010
2010-05-18,-0.025961003183919806,2010
2010-05-19,-0.011846146362996857,2010
2010-05-20,-0.04795223311011265,2010
2010-05-21,0.03252898944425531,2010
2010-05-24,-0.021341639483193342,2010
2010-05-25,0.003115092808080533,2010
2010-05-26,0.0010353602627251046,2010
2010-05-27,0.05377463655360093,2010
2010-05-28,-0.014720298700824808,2010
2010-06-01,-0.01992022050189346,2010
2010-06-02,0.01930909395390179,2010
2010-06-03,-0.0029914401179010897,2010
2010-06-04,-0.05599966345699625,2010
2010-06-07,-0.0074153762973862,2010
2010-06-08,0.014941239751512514,2010
2010-06-09,0.006308982701207944,2010
2010-06-10,0.041798055158880576,2010
2010-06-11,0.011032677136168623,2010
2010-06-14,0.011904678184248674,2010
2010-06-15,0.023529476102185143,2010
2010-06-16,-0.00862076834113068,2010
2010-06-17,0.0,2010
2010-06-18,-0.0009659429598499747,2010
2010-06-21,-0.004835957975751093,2010
2010-06-22,-0.03012595244712657,2010
2010-06-23,0.004007715475256912,2010
2010-06-24,-0.025948369314037545,2010
2010-06-25,0.026639624119066285,2010
2010-06-28,-0.011976313194321797,2010
2010-06-29,-0.03434334351947721,2010
2010-06-30,-0.010931238805253485,2010
2010-07-01,-0.0021253992305620972,2010
2010-07-02,-0.021299261740134967,2010
2010-07-06,-0.02067462204867243,2010
2010-07-07,0.045555538065213286,2010
2010-07-08,0.011689910845933182,2010
2010-07-09,0.014705398213371357,2010
2010-07-12,0.001035346958258243,2010
2010-07-13,0.025853255377521256,2010
2010-07-14,-0.006047864588269891,2010
2010-07-15,-0.002028690440206815,2010
2010-07-16,-0.03455279082403384,2010
2010-07-19,0.012631457978976357,2010
2010-07-20,0.01871108219450135,2010
2010-07-21,-0.02244886423043979,2010
2010-07-22,0.03862173709419214,2010
2010-07-23,0.011055367731762633,2010
2010-07-26,0.02584488036504151,2010
2010-07-27,-0.0019378170511090698,2010
2010-07-28,-0.0019421408866748813,2010
2010-07-29,-0.005836185407027683,2010
2010-07-30,0.0039137818283334624,2010
2010-08-02,0.03313857997739511,2010
2010-08-03,-0.008491030656739396,2010
2010-08-04,0.006660519916471985,2010
2010-08-05,-0.011342159348807224,2010
2010-08-06,-0.004779591391317783,2010
2010-08-09,0.010566400200505033,2010
2010-08-10,-0.012357664516836842,2010
2010-08-11,-0.025023795162249507,2010
2010-08-12,-0.010858922937324045,2010
2010-08-13,-0.00299421482423734,2010
2010-08-16,0.001001030435052952,2010
2010-08-17,0.02300032867855717,2010
2010-08-18,0.0,2010
2010-08-19,-0.02443807242993823,2010
2010-08-20,-0.003006099806546314,2010
2010-08-23,-0.004019637094754169,2010
2010-08-24,-0.006054664934828535,2010
2010-08-25,0.017258679298273405,2010
2010-08-26,-0.00698611652461012,2010
2010-08-27,0.017085346416051195,2010
2010-08-30,-0.009881256023222429,2010
2010-08-31,0.008981951955213452,2010
2010-09-01,0.032640875895876276,2010
2010-09-02,0.012452140491357122,2010
2010-09-03,0.012298772890881216,2010
2010-09-07,-0.015887562679575695,2010
2010-09-08,0.0018996103799824304,2010
2010-09-09,-0.007583267460112397,2010
2010-09-10,0.004775688976117021,2010
2010-09-13,0.015209458620842442,2010
2010-09-14,-0.004681782791700506,2010
2010-09-15,0.007525870383435995,2010
2010-09-16,-0.0065360288765314856,2010
2010-09-17,0.0028196306991381537,2010
2010-09-20,0.02436733165822713,2010
2010-09-21,-0.014638927923984357,2010
2010-09-22,-0.01021331867783526,2010
2010-09-23,-0.024390193626555923,2010
2010-09-24,0.02884565664352068,2010
2010-09-27,-0.012149350784807278,2010
2010-09-28,0.0028385234338748067,2010
2010-09-29,-0.006603965237671372,2010
2010-09-30,0.0021952712925006335,2010
2010-10-01,0.006666839817104808,2010
2010-10-04,0.006622578557798908,2010
2010-10-05,0.01691731152861098,2010
2010-10-06,-0.005545505099322945,2010
2010-10-07,0.0009293157519767448,2010
2010-10-08,0.0037140253872578466,2010
2010-10-11,0.0,2010
2010-10-12,0.007400884227208193,2010
2010-10-13,0.011019083479458125,2010
2010-10-14,-0.004541488294228735,2010
2010-10-15,-0.002737177518629008,2010
2010-10-18,0.013724082780135038,2010
2010-10-19,-0.013538282273512503,2010
2010-10-20,0.021043186523129975,2010
2010-10-21,0.0,2010
2010-10-22,0.002688123537995857,2010
2010-10-25,0.001787312211904979,2010
2010-10-26,-0.006244278020237859,2010
2010-10-27,-0.008079157898390199,2010
2010-10-28,-0.004525048497910689,2010
2010-10-29,0.0009092490567272904,2010
2010-11-01,0.009082454025713727,2010
2010-11-02,0.006300897802329342,2010
2010-11-03,0.0,2010
2010-11-04,0.023255531512660355,2010
2010-11-05,0.011363803241990045,2010
2010-11-08,-0.006914442476580573,2010
2010-11-09,-0.03655327012353671,2010
2010-11-10,0.012646597731023723,2010
2010-11-11,-0.008920822427419983,2010
2010-11-12,-0.009900952156842613,2010
2010-11-15,-0.007273050985628249,2010
2010-11-16,-0.03205075653239564,2010
2010-11-17,0.007568272412084243,2010
2010-11-18,0.009390117238977647,2010
2010-11-19,0.0055810799036379866,2010
2010-11-22,0.000925336726554038,2010
2010-11-23,-0.00831820447509335,2010
2010-11-24,0.020503396606974755,2010
2010-11-26,-0.004566373191667195,2010
2010-11-29,0.0018345482015980075,2010
2010-11-30,-0.006410003782925444,2010
2010-12-01,0.008295419993617603,2010
2010-12-02,0.014624611276397692,2010
2010-12-03,0.001802115599122578,2010
2010-12-06,0.0017987703418440582,2010
2010-12-07,0.0017952306979904797,2010
2010-12-08,-0.014337140039059282,2010
2010-12-09,-0.009090921453622669,2010
2010-12-10,0.010091915319839329,2010
2010-12-13,0.0,2010
2010-12-14,-0.011807618734877678,2010
2010-12-15,-0.011029321167677075,2010
2010-12-16,0.001215275512711722,2010
2010-12-17,0.00746961493559839,2010
2010-12-20,0.012975147109447693,2010
2010-12-21,0.010064002357805357,2010
2010-12-22,0.005434675611549977,2010
2010-12-23,-0.004504467830640291,2010
2010-12-27,0.011764630370347584,2010
2010-12-28,0.0017891807668082294,2010
2010-12-29,0.004463941910434421,2010
2010-12-30,0.0008890241061485504,2010
2010-12-31,0.0,2010
2011-01-03,0.0,2011
2011-01-04,-0.01923069423430157,2011
2011-01-05,0.004456393684643123,2011
2011-01-06,-0.009760386460876846,2011
2011-01-07,-0.0008960909646108517,2011
2011-01-10,-0.000896894663815262,2011
2011-01-11,-0.0026929967297931734,2011
2011-01-12,0.006300866855704301,2011
2011-01-13,0.0026832587227652027,2011
2011-01-14,0.00802864252611002,2011
2011-01-18,0.007079809246543611,2011
2011-01-19,-0.014060176360616627,2011
2011-01-20,0.0008912991281235794,2011
2011-01-21,0.0035619198204890345,2011
2011-01-24,0.004436419341558029,2011
2011-01-25,0.01148412759607309,2011
2011-01-26,0.003493881087354156,2011
2011-01-27,0.013924774775133653,2011
2011-01-28,-0.01888375024192246,2011
2011-01-31,0.014872793851397503,2011
2011-02-01,0.005172509518666102,2011
2011-02-02,-0.0017153301500374418,2011
2011-02-03,0.0034365551266959393,2011
2011-02-04,-0.009417964689292346,2011
2011-02-07,0.010371546138396415,2011
2011-02-08,0.0034214654585527082,2011
2011-02-09,0.0008529373529899686,2011
2011-02-10,0.004258713793600322,2011
2011-02-11,0.008482472445111577,2011
2011-02-14,0.0,2011
2011-02-15,-0.004205562653233574,2011
2011-02-16,0.003378504698631657,2011
2011-02-17,0.0008419747929462318,2011
2011-02-18,0.004204889178248017,2011
2011-02-22,-0.009212595513241717,2011
2011-02-23,-0.007608060068456823,2011
2011-02-24,-0.005962355215082815,2011
2011-02-25,0.019708508515337897,2011
2011-02-28,0.02184840506066288,2011
2011-03-01,-0.02713758493753926,2011
2011-03-02,-0.009298836782366315,2011
2011-03-03,0.015358549991713266,2011
2011-03-04,-0.010924298660237475,2011
2011-03-07,-0.008496105870482995,2011
2011-03-08,0.01456722239686914,2011
2011-03-09,-0.0016892523493158285,2011
2011-03-10,-0.015228512859761012,2011
2011-03-11,0.010309075717231497,2011
2011-03-14,-0.01020388311360354,2011
2011-03-15,-0.005154144750044831,2011
2011-03-16,-0.01468082985630248,2011
2011-03-17,0.00876406835241439,2011
2011-03-18,0.008688125542653857,2011
2011-03-21,0.011197269979419833,2011
2011-03-22,-0.005962355215082815,2011
2011-03-23,-0.011140188440305954,2011
2011-03-24,0.005199602771086109,2011
2011-03-25,0.007758517737917803,2011
2011-03-28,-0.0034216611721699097,2011
2011-03-29,0.006008515082461807,2011
2011-03-30,0.012798726588879594,2011
2011-03-31,0.007188067033885748,2011
2011-04-01,0.0016796559164478087,2011
2011-04-04,0.0,2011
2011-04-05,0.0,2011
2011-04-06,0.0008382286523460625,2011
2011-04-07,-0.011725754368094976,2011
2011-04-08,-0.006779710123932525,2011
2011-04-11,0.0,2011
2011-04-12,-0.0034127024642109927,2011
2011-04-13,0.0,2011
2011-04-14,0.014554799198526869,2011
2011-04-15,0.012658124374537394,2011
2011-04-18,-0.00999978632326437,2011
2011-04-19,0.008417086921471029,2011
2011-04-20,0.011686419422141991,2011
2011-04-21,0.007425512859389416,2011
2011-04-25,0.007371434368809826,2011
2011-04-26,0.008129951739877184,2011
2011-04-27,0.005645108816126232,2011
2011-04-28,0.0128308841941418,2011
2011-04-29,-0.0039590361524055595,2011
2011-05-02,0.0007950088374073516,2011
2011-05-03,-0.00873715461763036,2011
2011-05-04,-0.004807909180447489,2011
2011-05-05,0.0,2011
2011-05-06,-0.007246154735481181,2011
2011-05-09,0.004865844977280931,2011
2011-05-10,0.016142446236915076,2011
2011-05-11,-0.011914301751314138,2011
2011-05-12,0.0016079117466050175,2011
2011-05-13,-0.009631251409648822,2011
2011-05-16,0.002431505679115764,2011
2011-05-17,-0.0008085973512240718,2011
2011-05-18,0.011326942300915466,2011
2011-05-19,0.004000210782125757,2011
2011-05-20,-0.011952273719735507,2011
2011-05-23,-0.010484128002364534,2011
2011-05-24,0.002445376998484239,2011
2011-05-25,0.006504016982582295,2011
2011-05-26,0.012923607994753006,2011
2011-05-27,0.0047847242158574055,2011
2011-05-31,0.014285909388926044,2011
2011-06-01,-0.028951158201486082,2011
2011-06-02,-0.005641201718945221,2011
2011-06-03,0.003241976788535883,2011
2011-06-06,-0.01373219648589874,2011
2011-06-07,0.011466374941584423,2011
2011-06-08,-0.004048518738955731,2011
2011-06-09,-0.009756349752843785,2011
2011-06-10,-0.023809038167927454,2011
2011-06-13,0.003364002129314203,2011
2011-06-14,0.01341137186363972,2011
2011-06-15,-0.017369659684825067,2011
2011-06-16,0.007575522119350531,2011
2011-06-17,0.010025229445142614,2011
2011-06-20,0.011579898803844024,2011
2011-06-21,0.006541337010148585,2011
2011-06-22,-0.0032497833030348255,2011
2011-06-23,-0.01874457768369886,2011
2011-06-24,-0.0008308544786492789,2011
2011-06-27,0.006650184170532647,2011
2011-06-28,0.009082901627542661,2011
2011-06-29,0.009820134703364403,2011
2011-06-30,0.002763229952707169,2011
2011-07-01,0.018638279617663844,2011
2011-07-05,0.0071602102929786415,2011
2011-07-06,0.006319074055870955,2011
2011-07-07,0.011774053496837356,2011
2011-07-08,-0.003103116191317201,2011
2011-07-11,-0.01712088431266745,2011
2011-07-12,0.0039588365937017755,2011
2011-07-13,-0.009463616937408714,2011
2011-07-14,-0.009553942159325923,2011
2011-07-15,0.011253692496518086,2011
2011-07-18,-0.007948871525660484,2011
2011-07-19,0.016826845366716636,2011
2011-07-20,0.007880415143501018,2011
2011-07-21,0.008600022196242785,2011
2011-07-22,0.004651595907053663,2011
2011-07-25,-0.010031180113406646,2011
2011-07-26,0.0015590800178930664,2011
2011-07-27,-0.028015686987588384,2011
2011-07-28,0.0016013387953008884,2011
2011-07-29,0.0007992530372613604,2011
2011-08-01,-0.012779288228937924,2011
2011-08-02,-0.03317211289072097,2011
2011-08-03,-0.005857145859650803,2011
2011-08-04,-0.0505049490449595,2011
2011-08-05,-0.02482317985395366,2011
2011-08-08,-0.08999959603677987,2011
2011-08-09,0.09190786450111621,2011
2011-08-10,-0.02744734160318263,2011
2011-08-11,0.051740241012699695,2011
2011-08-12,-0.0026835108075375924,2011
2011-08-15,0.037667895514533756,2011
2011-08-16,-0.004320843953971476,2011
2011-08-17,0.004339594665343949,2011
2011-08-18,-0.04667216729776591,2011
2011-08-19,-0.017225805128784244,2011
2011-08-22,0.0009228047897782421,2011
2011-08-23,0.024884588159311827,2011
2011-08-24,0.012590179147218716,2011
2011-08-25,-0.019538284725058808,2011
2011-08-26,0.013586879875416624,2011
2011-08-29,0.03127788805625675,2011
2011-08-30,0.003466526745041776,2011
2011-08-31,0.010362280380817213,2011
2011-09-01,-0.014530003860110496,2011
2011-09-02,-0.024284273105543375,2011
2011-09-06,-0.0035554819235726898,2011
2011-09-07,0.03657433522129816,2011
2011-09-08,-0.00860547877976059,2011
2011-09-09,-0.03125032986700449,2011
2011-09-12,0.0035842571304538495,2011
2011-09-13,0.0044642947741491135,2011
2011-09-14,0.0044444534239544975,2011
2011-09-15,0.015929376382117555,2011
2011-09-16,0.00871091642864008,2011
2011-09-19,-0.020725247746297693,2011
2011-09-20,-0.0017642324421340838,2011
2011-09-21,-0.049469850079407296,2011
2011-09-22,-0.026022294231467957,2011
2011-09-23,0.00954211242088232,2011
2011-09-26,0.011341918652014504,2011
2011-09-27,0.009346026669430962,2011
2011-09-28,-0.026851608072213762,2011
2011-09-29,0.017126185020151397,2011
2011-09-30,-0.0281044905311596,2011
2011-10-03,-0.04642119649099552,2011
2011-10-04,0.043610587106406085,2011
2011-10-05,-0.010690099237570916,2011
2011-10-06,0.026522502952055493,2011
2011-10-07,-0.029664937228494503,2011
2011-10-10,0.04733700287881626,2011
2011-10-11,-0.017890466462311294,2011
2011-10-12,0.01917542432974617,2011
2011-10-13,-0.010348390199577118,2011
2011-10-14,0.02471489430511098,2011
2011-10-17,-0.02504598683788084,2011
2011-10-18,0.035204188425331795,2011
2011-10-19,-0.012867327927453265,2011
2011-10-20,0.006517527122487765,2011
2011-10-21,0.032377247891031136,2011
2011-10-24,0.024193773968882004,2011
2011-10-25,-0.017497983064769795,2011
2011-10-26,0.011576466559571452,2011
2011-10-27,0.04577454867390207,2011
2011-10-28,-0.0008418113472399291,2011
2011-10-31,-0.009267345352163003,2011
2011-11-01,-0.036564189207709874,2011
2011-11-02,0.022947376764540728,2011
2011-11-03,0.010354014004106737,2011
2011-11-04,-0.007685809538196531,2011
2011-11-07,0.0025817471334226294,2011
2011-11-08,0.011159020705158174,2011
2011-11-09,-0.04414262063247043,2011
2011-11-10,0.002663987779065291,2011
2011-11-11,0.02391539403782672,2011
2011-11-14,-0.01989615500745645,2011
2011-11-15,0.00970813695991124,2011
2011-11-16,-0.011363568953768999,2011
2011-11-17,-0.018567081674138453,2011
2011-11-18,0.008107874573208163,2011
2011-11-21,-0.02591624428437056,2011
2011-11-22,-0.006421755792519801,2011
2011-11-23,-0.027700944429655094,2011
2011-11-25,0.0028491007743860486,2011
2011-11-28,0.02272740904495052,2011
2011-11-29,-0.002778186793265691,2011
2011-11-30,0.04735424136533939,2011
2011-12-01,-0.010638660551525847,2011
2011-12-02,0.0026883660215506477,2011
2011-12-05,0.008043069955322224,2011
2011-12-06,-0.0008868892797195826,2011
2011-12-07,0.01064760244535079,2011
2011-12-08,-0.02458295722773185,2011
2011-12-09,0.021602601796319343,2011
2011-12-12,-0.01938355640870726,2011
2011-12-13,-0.009882692189654985,2011
2011-12-14,0.005444522972259724,2011
2011-12-15,0.014900727657253476,2011
2011-12-16,0.009848118183855448,2011
2011-12-19,-0.008865535019714876,2011
2011-12-20,0.030411597506005528,2011
2011-12-21,0.0008673913327574834,2011
2011-12-22,0.013009630671597883,2011
2011-12-23,0.00428130014781436,2011
2011-12-27,0.005115007207405764,2011
2011-12-28,-0.012722633216867396,2011
2011-12-29,0.008591345896768798,2011
2011-12-30,-0.002555803104687837,2011
2012-01-03,0.0,2012
2012-01-04,-0.017796420150329118,2012
2012-01-05,0.010353682226901029,2012
2012-01-06,-0.004269945770105643,2012
2012-01-09,-0.0034306051138794924,2012
2012-01-10,0.012048548063665843,2012
2012-01-11,0.005101861931691376,2012
2012-01-12,-0.007614660464578704,2012
2012-01-13,0.0025581750401268977,2012
2012-01-17,0.007652649594859451,2012
2012-01-18,0.008438810564592947,2012
2012-01-19,0.004184472549435103,2012
2012-01-20,0.005832988639425496,2012
2012-01-23,0.004142498061112887,2012
2012-01-24,0.0074259022709028955,2012
2012-01-25,0.01228509050837756,2012
2012-01-26,0.006472084194359962,2012
2012-01-27,0.0016075712632728223,2012
2012-01-30,-0.008025135964388697,2012
2012-01-31,0.005663369086958081,2012
2012-02-01,0.009653816754185529,2012
2012-02-02,0.0015938389227210248,2012
2012-02-03,0.015115140631505097,2012
2012-02-06,-0.003918403730561959,2012
2012-02-07,-0.0023601317006525235,2012
2012-02-08,0.0015770547963411818,2012
2012-02-09,-0.00787409654984017,2012
2012-02-10,-0.008730257945194553,2012
2012-02-13,0.011209030262187003,2012
2012-02-14,-0.011876474418505367,2012
2012-02-15,-0.002403628019928994,2012
2012-02-16,0.010441719664868732,2012
2012-02-17,0.0007949295976912296,2012
2012-02-21,-0.015091665544511912,2012
2012-02-22,-0.008870617015493298,2012
2012-02-23,0.013018718641715887,2012
2012-02-24,0.0016061893381298376,2012
2012-02-27,-0.0016036136310131344,2012
2012-02-28,-0.007228799546054598,2012
2012-02-29,-0.004045393487120963,2012
2012-03-01,0.005686463968767708,2012
2012-03-02,0.0,2012
2012-03-05,0.0096932600297861,2012
2012-03-06,-0.013600197375250755,2012
2012-03-07,0.005676784392902201,2012
2012-03-08,-0.004032255141795726,2012
2012-03-09,0.004858951051699201,2012
2012-03-12,0.005640097672368727,2012
2012-03-13,0.019231184723944583,2012
2012-03-14,-0.003144720748373575,2012
2012-03-15,-0.0007890147177604945,2012
2012-03-16,0.0055250700897722105,2012
2012-03-19,0.007064251032507185,2012
2012-03-20,-0.0015582670599156856,2012
2012-03-21,-0.0015615760894065467,2012
2012-03-22,-0.012510127030270324,2012
2012-03-23,0.006334262016844505,2012
2012-03-26,0.01022820970839744,2012
2012-03-27,-0.0007789203946331202,2012
2012-03-28,-0.0023380573475553224,2012
2012-03-29,0.0007816177547741443,2012
2012-03-30,0.00923851393034636,2012
2012-04-02,0.006982015470381908,2012
2012-04-03,-0.004622604653258033,2012
2012-04-04,-0.010061679939532109,2012
2012-04-05,-0.0031274287296748637,2012
2012-04-09,-0.010980384714965652,2012
2012-04-10,-0.02141141115798928,2012
2012-04-11,0.012965810600311434,2012
2012-04-12,0.013599734387538698,2012
2012-04-13,-0.0055249478466565805,2012
2012-04-16,0.015079677222968213,2012
2012-04-17,0.0086003633208811,2012
2012-04-18,-0.006976343335326152,2012
2012-04-19,0.0007800897247467464,2012
2012-04-20,0.010920519695214903,2012
2012-04-23,-0.011573611501976555,2012
2012-04-24,0.015612375243357235,2012
2012-04-25,0.010761119489117288,2012
2012-04-26,0.0038019866280945003,2012
2012-04-27,0.007576106018810869,2012
2012-04-30,-0.0007521077334950999,2012
2012-05-01,0.009781809719505485,2012
2012-05-02,0.0007453826342038727,2012
2012-05-03,-0.006701695520876294,2012
2012-05-04,-0.008995461837491892,2012
2012-05-07,0.0060516639809358175,2012
2012-05-08,-0.0007521077334950999,2012
2012-05-09,-0.003009515297442311,2012
2012-05-10,0.0007545231443317757,2012
2012-05-11,0.0015084153967852565,2012
2012-05-14,-0.011295232806126876,2012
2012-05-15,-0.004569794363092794,2012
2012-05-16,-0.012241547779223594,2012
2012-05-17,-0.027110918874269196,2012
2012-05-18,-0.012739151164423035,2012
2012-05-21,0.021774302388165134,2012
2012-05-22,0.0015783039262387,2012
2012-05-23,0.0023646079242083395,2012
2012-05-24,0.003144374945180717,2012
2012-05-25,-0.003918455807462973,2012
2012-05-29,0.014162233468287377,2012
2012-05-30,-0.022498368206767205,2012
2012-05-31,0.006349623199207954,2012
2012-06-01,-0.026813796383630906,2012
2012-06-04,-0.00567269532001724,2012
2012-06-05,0.019559626313746525,2012
2012-06-06,0.02158283817035045,2012
2012-06-07,-0.00547739265171121,2012
2012-06-08,0.012588279857923768,2012
2012-06-11,-0.02253273011170276,2012
2012-06-12,0.009538996015504786,2012
2012-06-13,-0.005511983954360922,2012
2012-06-14,0.014252294444951463,2012
2012-06-15,0.00468316167453553,2012
2012-06-18,0.006216327717151859,2012
2012-06-19,0.0054054886313643635,2012
2012-06-20,0.0007675938762492507,2012
2012-06-21,-0.01765117617769074,2012
2012-06-22,-0.0007812244982970951,2012
2012-06-25,-0.0054729345912062355,2012
2012-06-26,0.004716826606558477,2012
2012-06-27,0.0031297007523307663,2012
2012-06-28,0.008580764077263048,2012
2012-06-29,0.02765228073488757,2012
2012-07-02,0.009070423817544526,2012
2012-07-03,0.005243456957211068,2012
2012-07-05,-0.005216106527151654,2012
2012-07-06,0.0014980231457983884,2012
2012-07-09,0.0,2012
2012-07-10,-0.011967343877135495,2012
2012-07-11,0.0022715673308006945,2012
2012-07-12,0.000755107971847746,2012
2012-07-13,0.012830179912415085,2012
2012-07-16,0.0007452293107239605,2012
2012-07-17,0.009679770095183393,2012
2012-07-18,-0.005899705742624772,2012
2012-07-19,-0.009643949137600472,2012
2012-07-20,-0.00599242675823064,2012
2012-07-23,-0.008289427668255134,2012
2012-07-24,-0.003039895438919471,2012
2012-07-25,0.0007626949347774303,2012
2012-07-26,0.008377814031691688,2012
2012-07-27,0.010573786027469945,2012
2012-07-30,0.003737036093256929,2012
2012-07-31,0.0,2012
2012-08-01,-0.0022340230726972665,2012
2012-08-02,0.0,2012
2012-08-03,0.010447868277639438,2012
2012-08-06,-0.0014770021839137781,2012
2012-08-07,-0.009615663823398402,2012
2012-08-08,-0.0074682417934175405,2012
2012-08-09,-0.0037618404065264954,2012
2012-08-10,0.000755107971847746,2012
2012-08-13,-0.0007545382140272672,2012
2012-08-14,-0.002266419007425524,2012
2012-08-15,0.005299620195293064,2012
2012-08-16,0.006776761430131728,2012
2012-08-17,0.0022437987718417762,2012
2012-08-20,-0.0029850338804341403,2012
2012-08-21,0.0014970689738653675,2012
2012-08-22,0.001494664395703671,2012
2012-08-23,-0.0029850338804341403,2012
2012-08-24,0.003742296769109199,2012
2012-08-27,0.0029833906208207583,2012
2012-08-28,0.0029736872502941214,2012
2012-08-29,0.0007414450241003401,2012
2012-08-30,-0.0037035696830242104,2012
2012-08-31,0.002230286168369844,2012
2012-09-04,0.007418460600339127,2012
2012-09-05,-0.0029456314747777768,2012
2012-09-06,0.009601131981195277,2012
2012-09-07,0.0021947197816050146,2012
2012-09-10,-0.008029411597098246,2012
2012-09-11,0.0029433826619045256,2012
2012-09-12,0.0029347445855743004,2012
2012-09-13,0.012435739175911342,2012
2012-09-14,0.00794827284565347,2012
2012-09-17,-0.0028671042303238803,2012
2012-09-18,-0.009346064158245238,2012
2012-09-19,-0.0058054353598993025,2012
2012-09-20,-0.015328580651096324,2012
2012-09-21,-0.0007411969938736496,2012
2012-09-24,-0.0029675662638839473,2012
2012-09-25,-0.014136712366689785,2012
2012-09-26,-0.0007545382140272672,2012
2012-09-27,0.006797403789860379,2012
2012-09-28,-0.0016574012894915446,2012
2012-10-01,-0.008301937456765551,2012
2012-10-02,0.005326724682507944,2012
2012-10-03,0.003028579508113971,2012
2012-10-04,-0.0022644923740579026,2012
2012-10-05,0.0022696319382740082,2012
2012-10-08,-0.003019434909421137,2012
2012-10-09,-0.0037849678286980826,2012
2012-10-10,0.005319391307722965,2012
2012-10-11,-0.0007559161391369473,2012
2012-10-12,-0.0037821039101676446,2012
2012-10-15,0.006833649410100673,2012
2012-10-16,0.00603322911288684,2012
2012-10-17,-0.001499199455793132,2012
2012-10-18,0.01126096158854617,2012
2012-10-19,-0.008166020123091644,2012
2012-10-22,-0.004490865290748047,2012
2012-10-23,-0.009022582254959222,2012
2012-10-24,-0.0007588679580705637,2012
2012-10-25,-0.005314845175222738,2012
2012-10-26,-0.00687050233475528,2012
2012-10-31,0.009223616822365388,2012
2012-11-01,0.003808282263328522,2012
2012-11-02,0.0068283793193948394,2012
2012-11-05,-0.006028682244688555,2012
2012-11-06,0.004549251481604788,2012
2012-11-07,-0.00603803173876305,2012
2012-11-08,-0.012907938861320911,2012
2012-11-09,-0.0030769887843921095,2012
2012-11-12,-0.002314735875055818,2012
2012-11-13,-0.000773798180208729,2012
2012-11-14,-0.020123331167140712,2012
2012-11-15,-0.003949662481872895,2012
2012-11-16,0.0063437789612468265,2012
2012-11-19,0.013396623826429144,2012
2012-11-20,0.004665471529959442,2012
2012-11-21,-0.0007737098182504232,2012
2012-11-23,0.008520494542721968,2012
2012-11-26,0.0015360460366899975,2012
2012-11-27,-0.00460124096913217,2012
2012-11-28,-0.0015406941653213213,2012
2012-11-29,0.004629557433468268,2012
2012-11-30,0.003072092073379773,2012
2012-12-03,0.0038286941448246736,2012
2012-12-04,0.001525331531757157,2012
2012-12-05,-0.0038080285413540915,2012
2012-12-06,0.009174255068792325,2012
2012-12-07,0.003788255122001649,2012
2012-12-10,0.0,2012
2012-12-11,0.0022639057180025013,2012
2012-12-12,-0.0015061400795565172,2012
2012-12-13,-0.00796363129326727,2012
2012-12-14,0.0,2012
2012-12-17,0.006880753500291714,2012
2012-12-18,0.009111670977451247,2012
2012-12-19,-0.0007521521246574014,2012
2012-12-20,0.013554000989101533,2012
2012-12-21,-0.003714656436937136,2012
2012-12-24,0.0022370051270463875,2012
2012-12-26,-0.005952525214268811,2012
2012-12-27,0.004491003488319434,2012
2012-12-28,-0.007451211804116231,2012
2012-12-29,0.0,2012
2012-12-30,0.0,2012
2012-12-31,0.0,2012
2013-01-02,0.0,2013
2013-01-03,-0.0007325284398156384,2013
2013-01-04,0.0036679194964701622,2013
2013-01-07,0.002192935018611175,2013
2013-01-08,-0.002188136577285338,2013
2013-01-09,0.003654999317154406,2013
2013-01-10,0.0,2013
2013-01-11,0.0,2013
2013-01-14,0.0021852707140510574,2013
2013-01-15,0.005813531733969368,2013
2013-01-16,-0.0014449226458574937,2013
2013-01-17,0.002894346524531022,2013
2013-01-18,0.0036074519910613834,2013
2013-01-22,0.005032691858279481,2013
2013-01-23,0.0,2013
2013-01-24,0.0028611411771173323,2013
2013-01-25,0.006419417989255383,2013
2013-01-28,0.0021262616437298654,2013
2013-01-29,0.002121750247561005,2013
2013-01-30,-0.008469187666775624,2013
2013-01-31,-0.004981758699923677,2013
2013-02-01,0.00929892602751492,2013
2013-02-04,-0.001417507762486614,2013
2013-02-05,-0.002128652987323898,2013
2013-02-06,0.002133193816714396,2013
2013-02-07,-0.004968006336980246,2013
2013-02-08,0.009985542546709025,2013
2013-02-11,0.002118988032326241,2013
2013-02-12,0.0056375970530424535,2013
2013-02-13,-0.0014014594925435553,2013
2013-02-14,-0.004210433985109341,2013
2013-02-15,0.0007045245509764708,2013
2013-02-19,0.00704246270336073,2013
2013-02-20,-0.006993213259801956,2013
2013-02-21,-0.007041840632633467,2013
2013-02-22,0.00992872667312672,2013
2013-02-25,-0.018258363256824506,2013
2013-02-26,0.005722835231756873,2013
2013-02-27,0.007823386033474433,2013
2013-02-28,-0.0007061422688876551,2013
2013-03-01,0.004943915516210762,2013
2013-03-04,0.0070272257957686435,2013
2013-03-05,0.009769987848676331,2013
2013-03-06,-0.0013826226334539005,2013
2013-03-07,-0.00484423634830089,2013
2013-03-08,0.002781478199327614,2013
2013-03-11,0.0006935939045209505,2013
2013-03-12,-0.004158066837136709,2013
2013-03-13,0.0006960072099524428,2013
2013-03-14,0.006259093803555382,2013
2013-03-15,0.0013814780151248929,2013
2013-03-18,-0.004830788661264074,2013
2013-03-19,-0.006241043407814173,2013
2013-03-20,0.004884724237383065,2013
2013-03-21,-0.004860979692063783,2013
2013-03-22,0.005582674077150518,2013
2013-03-25,0.0013877669618131971,2013
2013-03-26,0.009009399878624924,2013
2013-03-27,0.0006866968803183049,2013
2013-03-28,0.0029640704222875236,2013
2013-04-01,0.0013745912192999477,2013
2013-04-02,0.0027453331675302284,2013
2013-04-03,-0.004106763046732853,2013
2013-04-04,0.012370792052275537,2013
2013-04-05,0.002715737732252199,2013
2013-04-08,0.011509620653020525,2013
2013-04-09,-0.0013385615974551568,2013
2013-04-10,0.00603233772189915,2013
2013-04-11,0.008660877562250757,2013
2013-04-12,0.001981608632839693,2013
2013-04-15,-0.020435304785532016,2013
2013-04-16,0.01547765984986138,2013
2013-04-17,-0.011928249382980094,2013
2013-04-18,-0.0020122506171503796,2013
2013-04-19,0.01612898578233235,2013
2013-04-22,-0.00264539819452414,2013
2013-04-23,0.007294177394516765,2013
2013-04-24,0.0026339315698904464,2013
2013-04-25,-0.0039396520609253916,2013
2013-04-26,-0.0019776896260036425,2013
2013-04-29,0.00858622038052781,2013
2013-04-30,0.011788073719937175,2013
2013-05-01,-0.009061626661038491,2013
2013-05-02,0.009144490621051826,2013
2013-05-03,0.003883198490070461,2013
2013-05-06,0.005803223308840977,2013
2013-05-07,0.005128070684708996,2013
2013-05-08,0.003188823803602192,2013
2013-05-09,-0.006993252348091117,2013
2013-05-10,0.003841428900625443,2013
2013-05-13,0.004464002750746099,2013
2013-05-14,0.002539861324660553,2013
2013-05-15,0.00823346294290661,2013
2013-05-16,-0.005653626499478537,2013
2013-05-17,0.006316868222371319,2013
2013-05-20,0.0018835443429348064,2013
2013-05-21,0.0062657591143511215,2013
2013-05-22,-0.025529512821643174,2013
2013-05-23,-0.01661332170754637,2013
2013-05-24,-0.002599058429773815,2013
2013-05-28,-0.008469040723533383,2013
2013-05-29,-0.020368029187146752,2013
2013-05-30,-0.010060441991695979,2013
2013-05-31,-0.012872379332151018,2013
2013-06-03,0.004804163266094674,2013
2013-06-04,-0.013661111086079258,2013
2013-06-05,-0.00900328784878579,2013
2013-06-06,0.01677213675204481,2013
2013-06-07,0.0,2013
2013-06-10,-0.006186038287866236,2013
2013-06-11,-0.015213937369545905,2013
2013-06-12,-0.014045387966562184,2013
2013-06-13,0.02564126858714766,2013
2013-06-14,0.006249790522077303,2013
2013-06-17,0.0034510127884894715,2013
2013-06-18,0.006189839643963468,2013
2013-06-19,-0.030075043326019513,2013
2013-06-20,-0.04157896898047031,2013
2013-06-21,0.01176513004583768,2013
2013-06-24,-0.00654095571811486,2013
2013-06-25,0.016093479497656604,2013
2013-06-26,0.013678958511570416,2013
2013-06-27,0.022017462208667515,2013
2013-06-28,-0.005799320159267207,2013
2013-07-01,-0.0021078854665869118,2013
2013-07-02,0.015492763490297046,2013
2013-07-03,-0.00762823776575261,2013
2013-07-05,0.0,2013
2013-07-08,0.000698751249598617,2013
2013-07-09,0.012570114604073757,2013
2013-07-10,-0.0013796425870492568,2013
2013-07-11,0.02486221140518463,2013
2013-07-12,-0.005391323583387675,2013
2013-07-15,0.004064984633694202,2013
2013-07-16,0.0,2013
2013-07-17,0.004048970151960818,2013
2013-07-18,0.0100805029242792,2013
2013-07-19,-0.0026616220768757026,2013
2013-07-22,0.004003051347300168,2013
2013-07-23,-0.0013290060530045666,2013
2013-07-24,-0.019960092038881272,2013
2013-07-25,0.0027158302996179717,2013
2013-07-26,0.002030819142710083,2013
2013-07-29,-0.008783686183875816,2013
2013-07-30,-0.0027265651287392556,2013
2013-07-31,-0.014354163546066334,2013
2013-08-01,-0.0013871453516298704,2013
2013-08-02,-0.0048608414229651675,2013
2013-08-05,-0.002093633236603165,2013
2013-08-06,-0.003496429165708248,2013
2013-08-07,-0.0028070804421926887,2013
2013-08-08,-0.0007035147185945334,2013
2013-08-09,0.009154825290854651,2013
2013-08-12,-0.006280365541830979,2013
2013-08-13,-0.012640729966255315,2013
2013-08-14,-0.0021338383946404305,2013
2013-08-15,-0.018531746913226677,2013
2013-08-16,-0.023965128117162893,2013
2013-08-19,-0.014880719430992895,2013
2013-08-20,0.022658539282699897,2013
2013-08-21,-0.0022154647711057907,2013
2013-08-22,0.00592126670023041,2013
2013-08-23,0.010301844054949605,2013
2013-08-26,-0.002913473322775695,2013
2013-08-27,-0.0058438930275465095,2013
2013-08-28,-0.005877843128211935,2013
2013-08-29,0.0,2013
2013-08-30,-0.008129779697671702,2013
2013-09-03,-0.0067067204994786245,2013
2013-09-04,0.007502126741487425,2013
2013-09-05,-0.010424411232507258,2013
2013-09-06,0.015048997674237619,2013
2013-09-09,0.020755684976351496,2013
2013-09-10,0.0,2013
2013-09-11,0.007262090248229436,2013
2013-09-12,-0.0072097325200036755,2013
2013-09-13,0.003631323069983594,2013
2013-09-16,0.01085360331258478,2013
2013-09-17,-0.0007156792542094559,2013
2013-09-18,0.03366736035101625,2013
2013-09-19,-0.0020788977817790544,2013
2013-09-20,-0.015972128037038735,2013
2013-09-23,-0.0056455489520012,2013
2013-09-24,-0.007807285003970099,2013
2013-09-25,0.0028612952327911056,2013
2013-09-26,0.004993136260821984,2013
2013-09-27,-0.0042585896471848406,2013
2013-09-30,-0.009666765262590582,2013
2013-10-01,0.015184258859845423,2013
2013-10-02,0.0014246783407028119,2013
2013-10-03,-0.01564738617878214,2013
2013-10-04,0.000722436465346199,2013
2013-10-07,0.0021664520804800524,2013
2013-10-08,-0.010807275186483611,2013
2013-10-09,0.0,2013
2013-10-10,0.02549189832477472,2013
2013-10-11,0.01136357662809373,2013
2013-10-14,-0.0007022960908753539,2013
2013-10-15,-0.0028110056493182434,2013
2013-10-16,0.01691319453153728,2013
2013-10-17,0.013860378515839988,2013
2013-10-18,-0.0020507978879720223,2013
2013-10-21,-0.005479461246076234,2013
2013-10-22,0.010330699009583721,2013
2013-10-23,-0.0006816365033672778,2013
2013-10-24,0.0020462300994656957,2013
2013-10-25,0.010891929754314411,2013
2013-10-28,-0.0074077760612570875,2013
2013-10-29,-0.006105670695933818,2013
2013-10-30,-0.006142881735187289,2013
2013-10-31,-0.0068685330670613665,2013
2013-11-01,0.0055325127238232685,2013
2013-11-04,0.003438505194588437,2013
2013-11-05,-0.017134730998599412,2013
2013-11-06,-0.0006974745636969537,2013
2013-11-07,-0.014654302519048867,2013
2013-11-08,-0.010623659766611837,2013
2013-11-11,0.0014320510477112691,2013
2013-11-12,-0.005718534599931324,2013
2013-11-13,0.0057514243188978575,2013
2013-11-14,0.008576907175364079,2013
2013-11-15,0.0028354535915771084,2013
2013-11-18,-0.007067475941558987,2013
2013-11-19,-0.0071173933357436825,2013
2013-11-20,-0.009318711609626606,2013
2013-11-21,0.007959088069464437,2013
2013-11-22,-0.004307161406933657,2013
2013-11-25,-0.0043257932968763235,2013
2013-11-26,-0.002896417660447348,2013
2013-11-27,0.00871441474989365,2013
2013-11-29,-0.009359122574226553,2013
2013-12-02,-0.00508732732390671,2013
2013-12-03,-0.0007301137619487585,2013
2013-12-04,0.006578768870179719,2013
2013-12-05,0.0021786432100625586,2013
2013-12-06,0.008695707042324585,2013
2013-12-09,0.0035917353960541742,2013
2013-12-10,-0.002863322959923309,2013
2013-12-11,-0.022971970281578602,2013
2013-12-12,-0.00686236788520278,2013
2013-12-13,0.004658248797368536,2013
2013-12-16,0.0023188460626868412,2013
2013-12-17,0.0038550293991272966,2013
2013-12-18,0.017665179392934105,2013
2013-12-19,-0.012075766556419398,2013
2013-12-20,0.006875394838794735,2013
2013-12-23,0.0022763849398645952,2013
2013-12-24,0.0022711362653493605,2013
2013-12-26,0.0,2013
2013-12-27,0.0,2013
2013-12-30,0.002265676543612649,2013
2013-12-31,0.0,2013
2014-01-02,0.0,2014
2014-01-03,0.00758737330638426,2014
2014-01-06,0.0037653535922492765,2014
2014-01-07,0.003000376204427946,2014
2014-01-08,-0.002991400876420469,2014
2014-01-09,0.0007504636418067534,2014
2014-01-10,0.011244081264529582,2014
2014-01-13,-0.007413166431883389,2014
2014-01-14,0.008215090744312592,2014
2014-01-15,0.005185251087204135,2014
2014-01-16,0.0029476941359567466,2014
2014-01-17,-0.0051434181630516385,2014
2014-01-21,0.008124158672692783,2014
2014-01-22,0.00366290903028732,2014
2014-01-23,-0.004379358463277194,2014
2014-01-24,-0.013196853334720315,2014
2014-01-27,-0.008914506441088599,2014
2014-01-28,0.010494413646718659,2014
2014-01-29,-0.0074183583556287624,2014
2014-01-30,0.0156948750343211,2014
2014-01-31,0.0051509876186108805,2014
2014-02-03,-0.01903369586328918,2014
2014-02-04,0.013432827040954276,2014
2014-02-05,-0.0014729907149496624,2014
2014-02-06,0.010324462566518422,2014
2014-02-07,0.008759398291318776,2014
2014-02-10,0.01085377783831798,2014
2014-02-11,0.005726289480534108,2014
2014-02-12,0.0,2014
2014-02-13,0.004270411983138711,2014
2014-02-14,0.0028351049339454537,2014
2014-02-18,0.0049469124439232015,2014
2014-02-19,0.0007031292167694048,2014
2014-02-20,-0.001405343234366696,2014
2014-02-21,0.0028150799470880727,2014
2014-02-24,0.0014033704035361083,2014
2014-02-25,0.004204501877696387,2014
2014-02-26,0.002094136627342147,2014
2014-02-27,-0.0020897603835804412,2014
2014-02-28,0.006978187554532944,2014
2014-03-03,0.0,2014
2014-03-04,0.015939643806513137,2014
2014-03-05,-0.002046642478344851,2014
2014-03-06,-0.0068353056100833864,2014
2014-03-07,-0.010323415774944,2014
2014-03-10,-0.005563239100415784,2014
2014-03-11,0.005594361873130227,2014
2014-03-12,0.0027814392323364245,2014
2014-03-13,-0.0048540714471903,2014
2014-03-14,0.0020904945704096622,2014
2014-03-17,0.0027814392323364245,2014
2014-03-18,0.004161125883336503,2014
2014-03-19,-0.019337116301191504,2014
2014-03-20,0.0021125045632639505,2014
2014-03-21,0.009136298103905371,2014
2014-03-24,-0.0076605286711686205,2014
2014-03-25,0.009122744652166004,2014
2014-03-26,-0.012517450262019891,2014
2014-03-27,0.004929566868635993,2014
2014-03-28,0.00700781808978812,2014
2014-03-31,0.0072800229581679865,2014
2014-04-01,0.00694902493453009,2014
2014-04-02,0.0013800999885786869,2014
2014-04-03,-0.0034461344120334525,2014
2014-04-04,0.0013836055964611127,2014
2014-04-07,0.0020715794762737882,2014
2014-04-08,0.005513502381573554,2014
2014-04-09,-0.001370994272976933,2014
2014-04-10,-0.00960864917135551,2014
2014-04-11,-0.008315818011386589,2014
2014-04-14,0.005590703412780451,2014
2014-04-15,0.011118382570700636,2014
2014-04-16,0.00824780127492497,2014
2014-04-17,-0.004090060331025658,2014
2014-04-21,0.00410685762648888,2014
2014-04-22,0.0027262617298418057,2014
2014-04-23,-0.004758179277231989,2014
2014-04-24,0.006147098329696732,2014
2014-04-25,-0.0067887693119066395,2014
2014-04-28,0.007518900328141731,2014
2014-04-29,0.0,2014
2014-04-30,0.005427469729226031,2014
2014-05-01,0.004048524123430264,2014
2014-05-02,0.0006721025737044251,2014
2014-05-05,0.0006715819057081518,2014
2014-05-06,-0.004026856319934047,2014
2014-05-07,0.01212906494638255,2014
2014-05-08,0.001997789052121446,2014
2014-05-09,0.0,2014
2014-05-12,0.00465088905612232,2014
2014-05-13,-0.007936393735039071,2014
2014-05-14,0.00133303902720594,2014
2014-05-15,-0.0026630093509104613,2014
2014-05-16,0.009345867085835069,2014
2014-05-19,-0.0019842348260353804,2014
2014-05-20,-0.0033132003019442635,2014
2014-05-21,-0.003989577954318424,2014
2014-05-22,-0.0013350943693378747,2014
2014-05-23,0.009358223530397725,2014
2014-05-27,0.007947316167525642,2014
2014-05-28,-0.005913389122954693,2014
2014-05-29,0.0019829232525012674,2014
2014-05-30,0.004617415055601093,2014
2014-06-02,0.0032830140060413626,2014
2014-06-03,-0.0006545756864947405,2014
2014-06-04,0.002619410009818246,2014
2014-06-05,0.018941865728582474,2014
2014-06-06,-0.0038462308755109476,2014
2014-06-09,-0.010939421230586888,2014
2014-06-10,-0.007156562037939018,2014
2014-06-11,-0.002621261292039323,2014
2014-06-12,-0.003285035517934909,2014
2014-06-13,0.0026366084691480385,2014
2014-06-16,-0.004602439774407885,2014
2014-06-17,0.003962955208962393,2014
2014-06-18,0.00789496356123709,2014
2014-06-19,0.008485786116433358,2014
2014-06-20,0.0025889589231020693,2014
2014-06-23,-0.003228108172444344,2014
2014-06-24,-0.0012949842750001883,2014
2014-06-25,0.0006481645435203465,2014
2014-06-26,-0.0025925826181890654,2014
2014-06-27,0.007147732330445633,2014
2014-06-30,-0.0013149180062208554,2014
2014-07-01,0.005266930227446176,2014
2014-07-02,-0.0019651564905858177,2014
2014-07-03,-0.0032806254673257707,2014
2014-07-07,0.0,2014
2014-07-08,0.0019751737735931307,2014
2014-07-09,0.0013136549243910611,2014
2014-07-10,0.0032811566136816683,2014
2014-07-11,-0.0006543498715056995,2014
2014-07-14,0.004581395475116157,2014
2014-07-15,0.0006515285377608482,2014
2014-07-16,0.00325486287778487,2014
2014-07-17,-0.007137729498660317,2014
2014-07-18,0.010457198556160119,2014
2014-07-21,-0.00452759573461714,2014
2014-07-22,0.005847792503530513,2014
2014-07-23,0.002584228285351209,2014
2014-07-24,-0.0006447177930245518,2014
2014-07-25,-0.00902613121024387,2014
2014-07-28,0.005204852824315598,2014
2014-07-29,-0.005177902603326512,2014
2014-07-30,-0.000650680663717984,2014
2014-07-31,-0.015624988677806928,2014
2014-08-01,-0.0033068619309022385,2014
2014-08-04,0.005308667961840374,2014
2014-08-05,-0.00924127791282614,2014
2014-08-06,-0.0006660171426611239,2014
2014-08-07,0.0013332593120893854,2014
2014-08-08,0.005326273222827416,2014
2014-08-11,0.007284598559725186,2014
2014-08-12,-0.0026295702653665876,2014
2014-08-13,0.013183916370397952,2014
2014-08-14,0.0,2014
2014-08-15,-0.001301361327435968,2014
2014-08-18,0.010423270089230607,2014
2014-08-19,0.0032239071983393153,2014
2014-08-20,0.0038558272412521077,2014
2014-08-21,-0.001280209424979084,2014
2014-08-22,-0.007051377471979148,2014
2014-08-25,-0.002582168211307967,2014
2014-08-26,0.0019416725444698635,2014
2014-08-27,0.0006459263434803741,2014
2014-08-28,-0.0012912147491253023,2014
2014-08-29,0.005171732779351679,2014
2014-09-02,0.002572399113386803,2014
2014-09-03,0.0006411089744418064,2014
2014-09-04,-0.0038463945807231115,2014
2014-09-05,0.010296483590939598,2014
2014-09-08,-0.001273943312455006,2014
2014-09-09,-0.005102208726521118,2014
2014-09-10,-0.014102430638321062,2014
2014-09-11,0.0006501918075700885,2014
2014-09-12,-0.02988965229681262,2014
2014-09-15,-0.004688726987986946,2014
2014-09-16,0.013458955058988309,2014
2014-09-17,0.0,2014
2014-09-18,-0.007304082514034693,2014
2014-09-19,0.0020066794561546253,2014
2014-09-22,-0.008010710577458502,2014
2014-09-23,-0.008747936073623341,2014
2014-09-24,-0.0013577663500217163,2014
2014-09-25,-0.005438311973056442,2014
2014-09-26,0.013670191484071559,2014
2014-09-29,-0.0013484745841810808,2014
2014-09-30,-0.0065148816370138585,2014
2014-10-01,-0.0006826696668280618,2014
2014-10-02,-0.0006838241826573332,2014
2014-10-03,0.006840028933498665,2014
2014-10-06,0.0033967119953732805,2014
2014-10-07,-0.008801772964875831,2014
2014-10-08,0.021174725474230938,2014
2014-10-09,-0.0020068217122755083,2014
2014-10-10,-0.0006700607865919306,2014
2014-10-13,0.0,2014
2014-10-14,0.016767478384490664,2014
2014-10-15,-0.003957845232625101,2014
2014-10-16,0.0026491591338351217,2014
2014-10-17,0.0,2014
2014-10-20,0.01585196032710834,2014
2014-10-21,0.010402737283375929,2014
2014-10-22,0.0,2014
2014-10-23,0.009652695881674944,2014
2014-10-24,-0.0006371126968879315,2014
2014-10-27,0.00573985287818668,2014
2014-10-28,0.004438695604320753,2014
2014-10-29,-0.002525016425286797,2014
2014-10-30,0.006328679982127827,2014
2014-10-31,0.017610319436082822,2014
2014-11-03,0.00865250146614338,2014
2014-11-04,0.0,2014
2014-11-05,-0.002451059923640364,2014
2014-11-06,-0.0067566054960428445,2014
2014-11-07,-0.0030920592752408105,2014
2014-11-10,0.009925316705595932,2014
2014-11-11,-0.004913917393993605,2014
2014-11-12,-0.0074073369743888895,2014
2014-11-13,0.005597008267160808,2014
2014-11-14,-0.00618411855048151,2014
2014-11-17,0.0037332216000220964,2014
2014-11-18,0.004959552239048204,2014
2014-11-19,-0.005551627195184872,2014
2014-11-20,0.003101649760150149,2014
2014-11-21,0.006802567762776102,2014
2014-11-24,0.0030712911333412585,2014
2014-11-25,0.0024496823748270113,2014
2014-11-26,0.00977416936842257,2014
2014-11-28,0.0012095338480060391,2014
2014-12-01,-0.004229197155155906,2014
2014-12-02,0.0066741771778084935,2014
2014-12-03,0.000603035177942024,2014
2014-12-04,0.0018072874458567867,2014
2014-12-05,-0.0024056115599636607,2014
2014-12-08,0.0054252532829672795,2014
2014-12-09,0.00599503564403725,2014
2014-12-10,-0.0011916338793853676,2014
2014-12-11,0.049042627122650506,2014
2014-12-12,-0.05605244327741965,2014
2014-12-15,-0.011370593910783433,2014
2014-12-16,-0.0006392480116613752,2014
2014-12-17,0.023018131921839213,2014
2014-12-18,0.007500233018754576,2014
2014-12-19,0.0018605187578082383,2014
2014-12-22,0.015480009808568784,2014
2014-12-23,-0.0030484316638258457,2014
2014-12-24,-0.0036701023855665316,2014
2014-12-26,0.003683621654187119,2014
2014-12-29,0.004281159632068876,2014
2014-12-30,-0.0006091541553016055,2014
2014-12-31,0.0,2014
2015-01-02,0.0,2015
2015-01-05,0.004881100012807726,2015
2015-01-06,0.006071650796819705,2015
2015-01-07,0.016898324690588273,2015
2015-01-08,0.004154350630247938,2015
2015-01-09,0.0005911530674407306,2015
2015-01-12,0.00826887109393648,2015
2015-01-13,-0.0035147389738974244,2015
2015-01-14,0.008818347926516257,2015
2015-01-15,-0.0005827733452655748,2015
2015-01-16,0.009912475911725949,2015
2015-01-20,-0.01039268383799774,2015
2015-01-21,-0.0017503603584221317,2015
2015-01-22,0.017533621429622448,2015
2015-01-23,-0.004020394414536499,2015
2015-01-26,0.008073467982694149,2015
2015-01-27,-0.0005719950100412374,2015
2015-01-28,-0.006296425612602574,2015
2015-01-29,0.0034561352928721423,2015
2015-01-30,-0.02066583037843106,2015
2015-02-02,-0.0017583431519406778,2015
2015-02-03,0.010569544415216736,2015
2015-02-04,-0.0017432406599473538,2015
2015-02-05,0.013387513141014384,2015
2015-02-06,-0.024124241825538184,2015
2015-02-09,-0.006473973881187534,2015
2015-02-10,0.0017769792104354032,2015
2015-02-11,-0.0017738271564555763,2015
2015-02-12,0.012440674915318084,2015
2015-02-13,-0.008191683575108577,2015
2015-02-17,-0.00176998029125075,2015
2015-02-18,0.008273986279754952,2015
2015-02-19,-0.018171197035527387,2015
2015-02-20,0.00955215474426474,2015
2015-02-23,0.007688174406120574,2015
2015-02-24,-0.018192744835293984,2015
2015-02-25,0.000598211221023659,2015
2015-02-26,-0.010155938707560153,2015
2015-02-27,0.007242172269189995,2015
2015-03-02,0.006590800634696192,2015
2015-03-03,-0.002381045469646015,2015
2015-03-04,-0.009546569736861743,2015
2015-03-05,0.0036144838979550453,2015
2015-03-06,-0.030012258888731824,2015
2015-03-09,0.010519979368161847,2015
2015-03-10,0.0,2015
2015-03-11,0.0006127467555294697,2015
2015-03-12,0.017135824357271456,2015
2015-03-13,0.0,2015
2015-03-16,0.010830168886199809,2015
2015-03-17,-0.0011906370542713596,2015
2015-03-18,0.019666240242792732,2015
2015-03-19,0.0,2015
2015-03-20,0.023378161906163486,2015
2015-03-23,-0.0017133739580978968,2015
2015-03-24,-0.009153128755571394,2015
2015-03-25,-0.017898307761074816,2015
2015-03-26,-0.005879124433864735,2015
2015-03-27,0.003548108616191037,2015
2015-03-30,0.012964225275186037,2015
2015-03-31,-0.007241397725843091,2015
2015-04-01,-0.004117304405251265,2015
2015-04-02,0.007678535730764491,2015
2015-04-06,0.008792388408204399,2015
2015-04-07,-0.016850550718347845,2015
2015-04-08,0.0029547069688500294,2015
2015-04-09,-0.01944557747892728,2015
2015-04-10,0.0,2015
2015-04-13,-0.0036060920466377544,2015
2015-04-14,0.0030156447968761046,2015
2015-04-15,-0.007215948323764265,2015
2015-04-16,0.002422837526541155,2015
2015-04-17,-0.006042222730608837,2015
2015-04-20,0.003039476559662413,2015
2015-04-21,0.004242418971919459,2015
2015-04-22,0.0054314135241861905,2015
2015-04-23,0.0018011119489147465,2015
2015-04-24,0.00239624798736493,2015
2015-04-27,0.0029888357789349396,2015
2015-04-28,-0.001191698064847424,2015
2015-04-29,-0.019093000568706775,2015
2015-04-30,-0.0121657630013009,2015
2015-05-01,0.008620678483775679,2015
2015-05-04,0.001831549535758592,2015
2015-05-05,-0.02193806337763793,2015
2015-05-06,-0.0012459001932861868,2015
2015-05-07,0.014348231931514688,2015
2015-05-08,0.015990103168863845,2015
2015-05-11,-0.015133217059380755,2015
2015-05-12,0.003687747145262099,2015
2015-05-13,-0.011634978698885745,2015
2015-05-14,0.017967774196764097,2015
2015-05-15,0.008520870105725109,2015
2015-05-18,-0.0036210962978152628,2015
2015-05-19,-0.0030283151464080005,2015
2015-05-20,-0.0006075492321772069,2015
2015-05-21,-0.004255313704940922,2015
2015-05-22,-0.0006102829108053376,2015
2015-05-26,-0.006719665727717983,2015
2015-05-27,0.009224978061820321,2015
2015-05-28,-0.003656402189784136,2015
2015-05-29,-0.00978583703431879,2015
2015-06-01,0.012353271152393264,2015
2015-06-02,-0.00793152192818114,2015
2015-06-03,-0.012915463469195143,2015
2015-06-04,-0.0024918599876149194,2015
2015-06-05,-0.009993474710035088,2015
2015-06-08,-0.0018930946795994164,2015
2015-06-09,-0.0050570816588108025,2015
2015-06-10,0.008259610362506331,2015
2015-06-11,0.005041027250576535,2015
2015-06-12,-0.002508201238093366,2015
2015-06-15,-0.006285338381148864,2015
2015-06-16,0.006957802778232214,2015
2015-06-17,0.006909365739357076,2015
2015-06-18,0.014348231931514688,2015
2015-06-19,-0.00861007365439359,2015
2015-06-22,-0.009305332989306803,2015
2015-06-23,-0.006887854303103014,2015
2015-06-24,-0.0063053940821541365,2015
2015-06-25,-0.008248764664047337,2015
2015-06-26,0.005758675438550354,2015
2015-06-29,-0.016539804077899012,2015
2015-06-30,0.0026489557288222887,2015
2015-07-01,0.01709394694263988,2015
2015-07-02,0.003055954004512529,2015
2015-07-06,0.0053308701770877764,2015
2015-07-07,0.01515141942758147,2015
2015-07-08,-0.003730890344802451,2015
2015-07-09,-0.0029962584696076044,2015
2015-07-10,0.006761379324007777,2015
2015-07-13,0.0007466996562739414,2015
2015-07-14,0.0022368876321696707,2015
2015-07-15,0.0014876543129624942,2015
2015-07-16,0.007429818737300309,2015
2015-07-17,-0.002949447169014574,2015
2015-07-20,0.0022183353802112116,2015
2015-07-21,-0.002213425260643942,2015
2015-07-22,0.004437845663965545,2015
2015-07-23,-0.011782514411735723,2015
2015-07-24,0.002980335044154625,2015
2015-07-27,0.0007433713205244885,2015
2015-07-28,0.002227278125090937,2015
2015-07-29,0.006666867480653593,2015
2015-07-30,-0.003679078159254612,2015
2015-07-31,0.008123719487072245,2015
2015-08-03,0.004395698260037495,2015
2015-08-04,-0.005105928700523843,2015
2015-08-05,-0.005131550721927058,2015
2015-08-06,0.0029472724093020375,2015
2015-08-07,0.004408734275195503,2015
2015-08-10,-0.0029259452325336444,2015
2015-08-11,0.006602928984104306,2015
2015-08-12,0.003644218415529199,2015
2015-08-13,0.001452233023125915,2015
2015-08-14,0.0058016603028023805,2015
2015-08-17,0.008651491111555387,2015
2015-08-18,0.0035742282237656298,2015
2015-08-19,-0.007122544674298625,2015
2015-08-20,-0.008608731729890406,2015
2015-08-21,-0.018089138942090188,2015
2015-08-24,-0.047899790396934816,2015
2015-08-25,-0.02476776931290703,2015
2015-08-26,0.02619058469987423,2015
2015-08-27,0.018561258313434914,2015
2015-08-28,-0.0007593777757890496,2015
2015-08-31,-0.02127644293805364,2015
2015-09-01,-0.018633685532476796,2015
2015-09-02,0.011076309574922893,2015
2015-09-03,0.0023470316848035466,2015
2015-09-04,-0.02029688762208104,2015
2015-09-08,0.015936596873966424,2015
2015-09-09,-0.010980624033135822,2015
2015-09-10,0.0031719644223007215,2015
2015-09-11,0.019763270209532946,2015
2015-09-14,0.0,2015
2015-09-15,0.0093020289066994,2015
2015-09-16,0.010752856745129602,2015
2015-09-17,0.011398236689851071,2015
2015-09-18,-0.00450768566940718,2015
2015-09-21,0.010565899122241706,2015
2015-09-22,-0.012696368478451348,2015
2015-09-23,0.010589881156718661,2015
2015-09-24,-0.008981753635617484,2015
2015-09-25,0.0030209722419680674,2015
2015-09-28,-0.015060025154765233,2015
2015-09-29,0.00993892709913169,2015
2015-09-30,0.006619445466548246,2015
2015-10-01,0.006046723010846078,2015
2015-10-02,0.009016074502422144,2015
2015-10-05,0.016380750782057252,2015
2015-10-06,-0.0029304227786127734,2015
2015-10-07,0.011756373822542354,2015
2015-10-08,0.008714883005232155,2015
2015-10-09,-0.0007203451011696949,2015
2015-10-12,0.0064842496087680335,2015
2015-10-13,-0.009305545813884541,2015
2015-10-14,-0.00722570811414236,2015
2015-10-15,0.016012211742748805,2015
2015-10-16,0.006446521371345382,2015
2015-10-19,0.014946436359001947,2015
2015-10-20,-0.0014023123690977135,2015
2015-10-21,-0.0042131777839607976,2015
2015-10-22,0.009167620617098748,2015
2015-10-23,-0.009084338845010587,2015
2015-10-26,0.0014100002240218235,2015
2015-10-27,0.0028170315158948522,2015
2015-10-28,0.0007024182654942202,2015
2015-10-29,-0.0021052211302892143,2015
2015-10-30,-0.008438983165378278,2015
2015-11-02,0.0191490046142464,2015
2015-11-03,-0.010438315550110766,2015
2015-11-04,-0.004922730918124341,2015
2015-11-05,0.00424030991734381,2015
2015-11-06,-0.030964196580702263,2015
2015-11-09,-0.013798143926868955,2015
2015-11-10,0.012518316443199451,2015
2015-11-11,0.0021820050101979405,2015
2015-11-12,-0.005805552525856905,2015
2015-11-13,-0.010949264236898681,2015
2015-11-16,0.010332407090331008,2015
2015-11-17,0.0029218598174547417,2015
2015-11-18,0.008011762971158465,2015
2015-11-19,0.0021675868233741458,2015
2015-11-20,0.012256691004497888,2015
2015-11-23,0.001424172869281648,2015
2015-11-24,-0.00497852784355024,2015
2015-11-25,0.005718408054844248,2015
2015-11-27,0.008529065341051467,2015
2015-11-30,-0.009161828717094478,2015
2015-12-01,0.012802474707480194,2015
2015-12-02,-0.01966249518190344,2015
2015-12-03,-0.014326848358272803,2015
2015-12-04,0.018168202573109804,2015
2015-12-07,-0.00356828289245692,2015
2015-12-08,0.0,2015
2015-12-09,-0.005014413906906934,2015
2015-12-10,-0.00846721235093173,2015
2015-12-11,-0.0007492174470240531,2015
2015-12-14,0.005247305979847905,2015
2015-12-15,0.010440059449894346,2015
2015-12-16,0.019188063554256507,2015
2015-12-17,-0.007240843174301181,2015
2015-12-18,-0.012399795204651176,2015
2015-12-21,0.004431319469893502,2015
2015-12-22,0.0029408792922696048,2015
2015-12-23,0.010264018711269696,2015
2015-12-24,-0.0007257274033133365,2015
2015-12-28,0.006535956438082247,2015
2015-12-29,0.010101428774487609,2015
2015-12-30,-0.0028575102106693784,2015
2015-12-31,0.0,2015
2016-01-04,0.0,2016
2016-01-05,0.019794856693157836,2016
2016-01-06,-0.004313668264505188,2016
2016-01-07,-0.01805037979463564,2016
2016-01-08,-0.014705860818280403,2016
2016-01-11,0.0059698888678532125,2016
2016-01-12,-0.005934460796408025,2016
2016-01-13,-0.013433078802212894,2016
2016-01-14,-0.00302552944737422,2016
2016-01-15,-0.003793359760700832,2016
2016-01-19,0.003046149965365119,2016
2016-01-20,-0.02657560079316712,2016
2016-01-21,0.006240516099828897,2016
2016-01-22,0.027907122012207575,2016
2016-01-25,-0.005279424063669658,2016
2016-01-26,0.021228499664691425,2016
2016-01-27,-0.019302360044213707,2016
2016-01-28,-0.009084269372348852,2016
2016-01-29,0.022154775636464397,2016
2016-02-01,0.0029893485352088245,2016
2016-02-02,-0.010432734989102355,2016
2016-02-03,0.006024644679662794,2016
2016-02-04,-0.0014969694252451315,2016
2016-02-05,-0.026986765347963404,2016
2016-02-08,-0.03389783899255272,2016
2016-02-09,-0.017544709442225193,2016
2016-02-10,0.00811743591187919,2016
2016-02-11,-0.009661477035814103,2016
2016-02-12,0.01138152105296486,2016
2016-02-16,0.017685199483868264,2016
2016-02-17,0.00789900359595097,2016
2016-02-18,0.009404217848222318,2016
2016-02-19,0.009316780898291688,2016
2016-02-22,0.009230661904131798,2016
2016-02-23,-0.004572826135692765,2016
2016-02-24,-0.0015315904458879093,2016
2016-02-25,0.019171956802976675,2016
2016-02-26,-0.004514792119798994,2016
2016-02-29,-0.005291165195747016,2016
2016-03-01,0.025835936142197813,2016
2016-03-02,0.005925667870281925,2016
2016-03-03,0.005891325219900878,2016
2016-03-04,-0.0029284103919541282,2016
2016-03-07,0.0029370111659738907,2016
2016-03-08,-0.010248763483422185,2016
2016-03-09,0.005177217523472333,2016
2016-03-10,-0.0029432691908816144,2016
2016-03-11,0.02287818013792675,2016
2016-03-14,-0.0014430768839663877,2016
2016-03-15,0.001445162364368091,2016
2016-03-16,0.011543951893016047,2016
2016-03-17,0.01355234070935074,2016
2016-03-18,-0.0028150656465935064,2016
2016-03-21,-0.007762852237366169,2016
2016-03-22,0.0007112746732935715,2016
2016-03-23,-0.005685826329531851,2016
2016-03-24,0.0,2016
2016-03-28,0.007862511930317728,2016
2016-03-29,0.021276840781581985,2016
2016-03-30,-0.0006945870297654366,2016
2016-03-31,0.006777063781944204,2016
2016-04-01,0.0,2016
2016-04-04,0.0006939862281325482,2016
2016-04-05,-0.00624122750058298,2016
2016-04-06,0.0034891959229126357,2016
2016-04-07,-0.004868037620613497,2016
2016-04-08,0.005590367798731899,2016
2016-04-11,-0.0034745425930340357,2016
2016-04-12,0.007670688193203379,2016
2016-04-13,-0.006228060564730797,2016
2016-04-14,-0.006267410726933709,2016
2016-04-15,0.007708528339634313,2016
2016-04-18,0.004867507806545435,2016
2016-04-19,0.0006921707620279882,2016
2016-04-20,-0.01590585991888316,2016
2016-04-21,-0.015460073692314724,2016
2016-04-22,0.009992657527893689,2016
2016-04-25,0.009187269715219992,2016
2016-04-26,0.0035015201174948274,2016
2016-04-27,-0.0027917608019770723,2016
2016-04-28,-0.002098909343409505,2016
2016-04-29,-0.009116505601313052,2016
2016-05-02,0.01556948553806059,2016
2016-05-03,-0.0006967818278619253,2016
2016-05-04,0.01255273073481944,2016
2016-05-05,0.0020657657542317853,2016
2016-05-06,0.010309525587351542,2016
2016-05-09,0.010203805568884006,2016
2016-05-10,-0.0006732184644708816,2016
2016-05-11,-0.02088968443996353,2016
2016-05-12,0.005505828457714745,2016
2016-05-13,-0.010266978785936742,2016
2016-05-16,0.011065385863286759,2016
2016-05-17,-0.017100025524292795,2016
2016-05-18,-0.012525992210554615,2016
2016-05-19,-0.008456839194204036,2016
2016-05-20,0.007817994404486273,2016
2016-05-23,0.0,2016
2016-05-24,0.011988588887016816,2016
2016-05-25,0.0,2016
2016-05-26,0.002090876405429709,2016
2016-05-27,0.005563047715160918,2016
2016-05-31,-0.0006916919930539667,2016
2016-06-01,-0.0006917489638792462,2016
2016-06-02,0.004155055231020999,2016
2016-06-03,0.0013796727099812944,2016
2016-06-06,-0.008264847015800103,2016
2016-06-07,0.004861065625073824,2016
2016-06-08,0.006220083198404058,2016
2016-06-09,0.002747136594119848,2016
2016-06-10,-0.004794683673612132,2016
2016-06-13,0.0006884645123024224,2016
2016-06-14,-0.0027512298426015658,2016
2016-06-15,0.01034486563454795,2016
2016-06-16,0.0054606251183761945,2016
2016-06-17,-0.0006788064261721294,2016
2016-06-20,0.0,2016
2016-06-21,0.004755493713204162,2016
2016-06-22,-0.0020282606863591957,2016
2016-06-23,0.005420031819020288,2016
2016-06-24,-0.010107852206160284,2016
2016-06-27,-0.0013616204351563077,2016
2016-06-28,0.020450077236343178,2016
2016-06-29,0.0133599987052746,2016
2016-06-30,0.009340850075112428,2016
2016-07-01,0.0013315119417613985,2016
2016-07-05,0.009973159697069356,2016
2016-07-06,-0.002633024412007412,2016
2016-07-07,-0.009901042848545205,2016
2016-07-08,0.01599994658878723,2016
2016-07-11,0.00656204237169189,2016
2016-07-12,-0.0006519652450199809,2016
2016-07-13,0.005218344626421345,2016
2016-07-14,-0.009084890014652292,2016
2016-07-15,-0.0013098101954740482,2016
2016-07-18,0.001966851008512238,2016
2016-07-19,0.00458138627188398,2016
2016-07-20,0.0,2016
2016-07-21,0.0013028866827453633,2016
2016-07-22,0.009759421578615424,2016
2016-07-25,-0.0025775194041088856,2016
2016-07-26,-0.003229959688990758,2016
2016-07-27,-0.0071291118640127715,2016
2016-07-28,0.01044399440320154,2016
2016-07-29,0.012919935313904007,2016
2016-08-01,0.003188761101823756,2016
2016-08-02,-0.01525742008633435,2016
2016-08-03,-0.0038735263071607573,2016
2016-08-04,-0.001944488170860792,2016
2016-08-05,-0.001298462809493861,2016
2016-08-08,0.0026007879432132786,2016
2016-08-09,0.004539596668778234,2016
2016-08-10,-0.0012911111053214297,2016
2016-08-11,-0.009696431433806274,2016
2016-08-12,0.005874960278282826,2016
2016-08-15,0.0012977167208263474,2016
2016-08-16,-0.011017410109924186,2016
2016-08-17,0.0019658562023694426,2016
2016-08-18,-0.0006541952469762968,2016
2016-08-19,-0.006544572014943295,2016
2016-08-22,0.004611763936687385,2016
2016-08-23,0.0006556170028373387,2016
2016-08-24,-0.004587389605469228,2016
2016-08-25,0.003950323829136515,2016
2016-08-26,-0.00852458926413191,2016
2016-08-29,0.009920687095119174,2016
2016-08-30,-0.0006550519264713062,2016
2016-08-31,0.0026213375031294284,2016
2016-09-01,-0.0019607165026679363,2016
2016-09-02,0.007203417703081749,2016
2016-09-06,0.009102903579876198,2016
2016-09-07,0.0057986722640208654,2016
2016-09-08,-0.012812052111524808,2016
2016-09-09,-0.037637858758680975,2016
2016-09-12,0.011463156242840666,2016
2016-09-13,-0.025333057773992085,2016
2016-09-14,0.003419751521298142,2016
2016-09-15,0.004089940169558215,2016
2016-09-16,0.0006786602548425336,2016
2016-09-19,0.010176650410012922,2016
2016-09-20,-0.00201500659422027,2016
2016-09-21,0.012786067064513462,2016
2016-09-22,0.017275849068746574,2016
2016-09-23,0.0013065835977725815,2016
2016-09-26,0.0019569767376101943,2016
2016-09-27,-0.009765772298837794,2016
2016-09-28,0.006574492803642196,2016
2016-09-29,-0.013063395225282881,2016
2016-09-30,-0.006120524233109381,2016
2016-10-03,-0.01740269248753812,2016
2016-10-04,-0.01362418989852332,2016
2016-10-05,-0.01795564238401215,2016
2016-10-06,-0.000703136045321906,2016
2016-10-07,-0.0007038400828450753,2016
2016-10-10,0.00633818465662106,2016
2016-10-11,-0.009797139380983144,2016
2016-10-12,0.012013811138067432,2016
2016-10-13,0.00838016643408035,2016
2016-10-14,-0.0041551584567360855,2016
2016-10-17,0.0020861445114721544,2016
2016-10-18,0.006245714294559335,2016
2016-10-19,0.002758848425368443,2016
2016-10-20,-0.002063494725749626,2016
2016-10-21,-0.0034458251497889725,2016
2016-10-24,0.0013829314300271012,2016
2016-10-25,-0.0013810215718896846,2016
2016-10-26,-0.011064788301354378,2016
2016-10-27,-0.02377641167829958,2016
2016-10-28,0.003581584367487789,2016
2016-10-31,0.01498930972585688,2016
2016-11-01,-0.02039335044953028,2016
2016-11-02,-0.014358039136609047,2016
2016-11-03,-0.005098258497539754,2016
2016-11-04,0.00805310095767875,2016
2016-11-07,0.015249799330536717,2016
2016-11-08,0.00786876945839321,2016
2016-11-09,-0.018453058894946195,2016
2016-11-10,-0.020968868987657485,2016
2016-11-11,0.0036930126535679175,2016
2016-11-14,0.018395809436733135,2016
2016-11-15,-0.008670268704517037,2016
2016-11-16,-0.0007293022683153572,2016
2016-11-17,-0.006564389324046793,2016
2016-11-18,0.0029368816103718665,2016
2016-11-21,-0.0014639230809005976,2016
2016-11-22,0.017595120893482363,2016
2016-11-23,-0.004322801766917128,2016
2016-11-25,0.005788866946119464,2016
2016-11-28,0.004316474417435323,2016
2016-11-29,0.00787993298696299,2016
2016-11-30,-0.011372118857311486,2016
2016-12-01,-0.0165347893044534,2016
2016-12-02,0.010964675574541616,2016
2016-12-05,0.005784682424149867,2016
2016-12-06,0.002156632634189748,2016
2016-12-07,0.020086250337615352,2016
2016-12-08,0.005275925475108245,2016
2016-12-09,-0.0014381080427428028,2016
2016-12-12,0.005759883327256521,2016
2016-12-13,0.0007154996192564322,2016
2016-12-14,-0.019313060848504926,2016
2016-12-15,-0.004376627884678408,2016
2016-12-16,0.013919238333817141,2016
2016-12-19,0.010838329094067678,2016
2016-12-20,0.002859149054605714,2016
2016-12-21,-0.013542548128117504,2016
2016-12-22,-0.0014447550811332865,2016
2016-12-23,0.002170739276340594,2016
2016-12-27,0.0,2016
2016-12-28,-0.0057760996638374085,2016
2016-12-29,0.012345310584098046,2016
2016-12-30,0.01076057908747452,2016
2017-01-03,0.0,2017
2017-01-04,0.014872538736920848,2017
2017-01-05,0.0006978278983333919,2017
2017-01-06,0.0013948843544608902,2017
2017-01-09,-0.009052909704772794,2017
2017-01-10,-0.0063247885322649244,2017
2017-01-11,-0.005657432177021526,2017
2017-01-12,0.00426706124693732,2017
2017-01-13,-0.0007082063707830599,2017
2017-01-17,0.007087390468627275,2017
2017-01-18,0.00211106039035891,2017
2017-01-19,-0.0077245193742468965,2017
2017-01-20,0.007077049520606948,2017
2017-01-23,0.007729946853310743,2017
2017-01-24,0.0,2017
2017-01-25,-0.006276071467238964,2017
2017-01-26,-0.0014033894174628747,2017
2017-01-27,-0.007730353585583938,2017
2017-01-30,-0.006373857337047761,2017
2017-01-31,0.006414744000158512,2017
2017-02-01,-0.012747919624571669,2017
2017-02-02,0.011477825277102838,2017
2017-02-03,0.005673892490358545,2017
2017-02-06,-0.0028209405318796454,2017
2017-02-07,-0.002121716144383168,2017
2017-02-08,0.009922121050779165,2017
2017-02-09,0.0021051348963780914,2017
2017-02-10,0.007002814460425277,2017
2017-02-13,0.0,2017
2017-02-14,-0.004867810817372975,2017
2017-02-15,-0.002096510675783425,2017
2017-02-16,0.004902203174536268,2017
2017-02-17,0.002787723248766971,2017
2017-02-21,0.011813605127933391,2017
2017-02-22,-0.00412132277457411,2017
2017-02-23,0.004138378367590345,2017
2017-02-24,0.0068677450021097375,2017
2017-02-27,0.004093112940208199,2017
2017-02-28,-0.00475537354655009,2017
2017-03-01,-0.003413221427974622,2017
2017-03-02,-0.004109735120891744,2017
2017-03-03,-0.002751096657086727,2017
2017-03-06,0.0,2017
2017-03-07,-0.008965305618409247,2017
2017-03-08,-0.016701249482314995,2017
2017-03-09,-0.013446906102575373,2017
2017-03-10,-0.004304210428526689,2017
2017-03-13,0.0021613562471358705,2017
2017-03-14,-0.002156694861224384,2017
2017-03-15,0.01945293595430142,2017
2017-03-16,-0.002120522840741823,2017
2017-03-17,0.0049575470707197145,2017
2017-03-20,-0.0014094254485622626,2017
2017-03-21,-0.004234346310853732,2017
2017-03-22,0.0,2017
2017-03-23,0.007795893655404784,2017
2017-03-24,-0.0007030224981444677,2017
2017-03-27,-0.009852192170035079,2017
2017-03-28,0.004264440345038478,2017
2017-03-29,0.003538422357619142,2017
2017-03-30,0.003526150154445018,2017
2017-03-31,0.0062271727866825,2017
2017-04-03,0.0014060624189042858,2017
2017-04-04,0.0007024477392403305,2017
2017-04-05,0.0007020554938463874,2017
2017-04-06,0.006310841969265679,2017
2017-04-07,0.0,2017
2017-04-10,0.005575103119980884,2017
2017-04-11,0.006930092710939917,2017
2017-04-12,-0.0027530181631750805,2017
2017-04-13,-0.0034504504388358503,2017
2017-04-17,0.013157467873335937,2017
2017-04-18,0.0006838204563681671,2017
2017-04-19,-0.0013660192479444389,2017
2017-04-20,0.0006835998930616594,2017
2017-04-21,-0.004101154745072555,2017
2017-04-24,-0.00892203303173078,2017
2017-04-25,0.0055397560190662,2017
2017-04-26,-0.007575447182568196,2017
2017-04-27,-0.0006942602368981143,2017
2017-04-28,-0.008333218574075318,2017
2017-05-01,0.00490185078275962,2017
2017-05-02,-0.002787251144906966,2017
2017-05-03,-0.011879981310154886,2017
2017-05-04,-0.004243273708938733,2017
2017-05-05,0.008522507498757381,2017
2017-05-08,-0.00492916469840099,2017
2017-05-09,-0.004954191903315808,2017
2017-05-10,0.007823700897717334,2017
2017-05-11,-0.00493990318552362,2017
2017-05-12,-0.0014186406528192697,2017
2017-05-15,0.003551333957251712,2017
2017-05-16,-0.004954191903315808,2017
2017-05-17,0.0007115428563018167,2017
2017-05-18,0.00568574210623396,2017
2017-05-19,0.004947189526155471,2017
2017-05-22,0.004922431111632042,2017
2017-05-23,0.002099265407945472,2017
2017-05-24,0.005586481179154834,2017
2017-05-25,0.0006947425690386755,2017
2017-05-26,-0.006939710449005432,2017
2017-05-30,-0.0048918751491838774,2017
2017-05-31,0.0007024477392403305,2017
2017-06-01,0.005614225447343468,2017
2017-06-02,0.01256083244445172,2017
2017-06-05,-0.0013783570218021124,2017
2017-06-06,-0.00690149590260869,2017
2017-06-07,0.00764428347899071,2017
2017-06-08,-0.0013793077476602633,2017
2017-06-09,0.010358997250177637,2017
2017-06-12,0.0054684027704452465,2017
2017-06-13,0.0020396203506420907,2017
2017-06-14,0.002713405919598344,2017
2017-06-15,0.003383040908097046,2017
2017-06-16,-0.0026972301066925386,2017
2017-06-19,0.0,2017
2017-06-20,-0.002028199305874945,2017
2017-06-21,-0.002710313365927086,2017
2017-06-22,0.0006793465660295261,2017
2017-06-23,0.004073409760535496,2017
2017-06-26,0.00405688440799068,2017
2017-06-27,-0.00875438449813315,2017
2017-06-28,0.001358985995932871,2017
2017-06-29,-0.010176466436359166,2017
2017-06-30,-0.00041376109723811894,2017
2017-07-03,0.010345057607147767,2017
2017-07-05,-0.012286725766245454,2017
2017-07-06,-0.019350602611274414,2017
2017-07-07,0.006342515149483141,2017
2017-07-10,-0.009803986306775259,2017
2017-07-11,-0.0007069801278667409,2017
2017-07-12,0.011323425980189317,2017
2017-07-13,0.0020991765960804987,2017
2017-07-14,0.008380214612113246,2017
2017-07-17,0.00623250718709234,2017
2017-07-18,-0.00206479842674534,2017
2017-07-19,0.008276085498464258,2017
2017-07-20,-0.004104272502820527,2017
2017-07-21,0.0,2017
2017-07-24,0.0,2017
2017-07-25,-0.000686488347164449,2017
2017-07-26,0.006872839748625292,2017
2017-07-27,0.0020475925817386997,2017
2017-07-28,-0.0006811686124432725,2017
2017-07-31,-0.0006817303094374116,2017
2017-08-01,0.004774880396530845,2017
2017-08-02,-0.008146665586807322,2017
2017-08-03,-0.0027379248157122227,2017
2017-08-04,0.004118064384224462,2017
2017-08-07,-0.002050294770766903,2017
2017-08-08,-0.004794600174028885,2017
2017-08-09,-0.0013764995083579423,2017
2017-08-10,-0.005513390555987541,2017
2017-08-11,-0.005544154573358218,2017
2017-08-14,0.018118458850751917,2017
2017-08-15,-0.002053394716777124,2017
2017-08-16,0.002743754406543175,2017
2017-08-17,-0.005472102742159035,2017
2017-08-18,-0.008940749625700017,2017
2017-08-21,0.009021407773877721,2017
2017-08-22,0.0,2017
2017-08-23,0.00962857518213367,2017
2017-08-24,-0.0034061350333318696,2017
2017-08-25,0.004101273135884487,2017
2017-08-28,-0.0068071466335108965,2017
2017-08-29,-0.0027415793404561573,2017
2017-08-30,0.006872839748625292,2017
2017-08-31,0.006143265360138317,2017
2017-09-01,0.002035284335948573,2017
2017-09-05,-0.0027083617076598676,2017
2017-09-06,0.0006790504544866849,2017
2017-09-07,0.006105756080312608,2017
2017-09-08,0.0,2017
2017-09-11,0.008766106366881798,2017
2017-09-12,-0.012700541334705218,2017
2017-09-13,-0.0027083617076598676,2017
2017-09-14,0.006788952651240576,2017
2017-09-15,0.0020228364623859907,2017
2017-09-18,-0.0047106156191495385,2017
2017-09-19,-0.0067613145735101465,2017
2017-09-20,-0.002722722492965346,2017
2017-09-21,-0.0013655168284198993,2017
2017-09-22,-0.006835064601131036,2017
2017-09-25,0.003441002949852612,2017
2017-09-26,0.0,2017
2017-09-27,-0.008230283307341213,2017
2017-09-28,0.006915419960764835,2017
2017-09-29,0.0018653721383072863,2017
2017-10-02,-0.0020686569625913975,2017
2017-10-03,-0.0006911453019639024,2017
2017-10-04,0.007607168957525667,2017
2017-10-05,0.004118020550723855,2017
2017-10-06,-0.0013669792864100527,2017
2017-10-09,0.002737895364688603,2017
2017-10-10,0.0020476694103994664,2017
2017-10-11,0.0034060986075608035,2017
2017-10-12,0.005431181239497596,2017
2017-10-13,0.000675086517035961,2017
2017-10-16,-0.0040485531223584115,2017
2017-10-17,0.0006774696829670024,2017
2017-10-18,-0.0013542143624029057,2017
2017-10-19,-0.0027117163593214366,2017
2017-10-20,-0.0027191863043762865,2017
2017-10-23,-0.004771671778296294,2017
2017-10-24,-0.004794549796248604,2017
2017-10-25,-0.0020649716898412107,2017
2017-10-26,-0.0062065585465865825,2017
2017-10-27,0.004857668604878684,2017
2017-10-30,0.0006906680177944935,2017
2017-10-31,0.001380284638744289,2017
2017-11-01,0.0034458083844350895,2017
2017-11-02,0.006868146204294323,2017
2017-11-03,-0.0006820909045730517,2017
2017-11-06,0.00887381575337609,2017
2017-11-07,0.006765816909478417,2017
2017-11-08,0.006720252821691197,2017
2017-11-09,-0.0006674254839356131,2017
2017-11-10,-0.0006675866339991288,2017
2017-11-13,0.0053472037039972165,2017
2017-11-14,-0.0019948548871961957,2017
2017-11-15,-0.009326889906991265,2017
2017-11-16,0.006052791350513731,2017
2017-11-17,-0.004679645757603712,2017
2017-11-20,-0.0020147602841571466,2017
2017-11-21,0.008075310952417647,2017
2017-11-22,-0.002002560866075531,2017
2017-11-24,0.0020065791629819696,2017
2017-11-27,-0.003337506638703025,2017
2017-11-28,-0.0033490633789888813,2017
2017-11-29,0.0,2017
2017-11-30,0.0013442987131955242,2017
2017-12-01,0.0033554248338227843,2017
2017-12-04,-0.008026601636896613,2017
2017-12-05,-0.007417564738140037,2017
2017-12-06,-0.0010249959502819372,2017
2017-12-07,0.004103997423291483,2017
2017-12-08,0.0040873196522503985,2017
2017-12-11,0.0013568938252852547,2017
2017-12-12,0.004064878491299773,2017
2017-12-13,0.0013494740490633816,2017
2017-12-14,0.0,2017
2017-12-15,0.005390811985227506,2017
2017-12-18,0.0060321216629917185,2017
2017-12-19,-0.01998654249944709,2017
2017-12-20,-0.010876714190659387,2017
2017-12-21,-0.0027493221068942697,2017
2017-12-22,0.0062026639507974934,2017
2017-12-26,0.005479330437947905,2017
2017-12-27,0.0034059554348944143,2017
2017-12-28,0.005431260903740354,2017
2017-12-29,0.0006750971983608967,2017
2017-12-30,0.0,2017
2018-01-02,0.0,2018
2018-01-03,0.0006789554764139449,2018
2018-01-04,-0.01696083754403077,2018
2018-01-05,0.002760609906721001,2018
2018-01-08,0.005505728311058,2018
2018-01-09,-0.010951355785500438,2018
2018-01-10,-0.011764630009920007,2018
2018-01-11,-0.004201414782501578,2018
2018-01-12,-0.007032762463574871,2018
2018-01-16,0.004249723504976988,2018
2018-01-17,0.0035255536421658906,2018
2018-01-18,-0.009838080333523735,2018
2018-01-19,0.0035483746512028347,2018
2018-01-22,0.00919381239549999,2018
2018-01-23,0.014015653821424667,2018
2018-01-24,-0.006219810145567051,2018
2018-01-25,-0.001390961655666545,2018
2018-01-26,-0.0027853066152875305,2018
2018-01-29,-0.013268120894970759,2018
2018-01-30,-0.00566178671195372,2018
2018-01-31,0.019217121047703012,2018
2018-02-01,-0.020251674550189613,2018
2018-02-02,-0.008552963491246679,2018
2018-02-05,-0.02875626570009515,2018
2018-02-06,0.0007404765931011692,2018
2018-02-07,-0.0029589837212554704,2018
2018-02-08,-0.02967356781468855,2018
2018-02-09,0.024464834115118794,2018
2018-02-12,0.002239033383293343,2018
2018-02-13,0.0059566808827835604,2018
2018-02-14,-0.006661571992614634,2018
2018-02-15,0.008941942083175336,2018
2018-02-16,0.0051698691400337005,2018
2018-02-20,-0.012491146631902317,2018
2018-02-21,-0.020089120389217507,2018
2018-02-22,0.012148661492286328,2018
2018-02-23,0.01800442341017816,2018
2018-02-26,0.0014740932302839127,2018
2018-02-27,-0.01839618627712658,2018
2018-02-28,0.0007498072823814983,2018
2018-03-01,-0.0022469961168056773,2018
2018-03-02,-0.0030029893147897058,2018
2018-03-05,0.011295155663244572,2018
2018-03-06,0.00670156825865087,2018
2018-03-07,0.005916923083028491,2018
2018-03-08,0.0036765320414875458,2018
2018-03-09,0.005860675896047551,2018
2018-03-12,0.004369922085337041,2018
2018-03-13,0.0007253392092225752,2018
2018-03-14,0.0028986399924939565,2018
2018-03-15,-0.0007226165513775085,2018
2018-03-16,0.0072303700863192155,2018
2018-03-19,-0.00933210860832212,2018
2018-03-20,-0.004348062305719269,2018
2018-03-21,-0.006549959187356236,2018
2018-03-22,-0.006593247452886364,2018
2018-03-23,-0.016962014982752294,2018
2018-03-26,0.012753318616879339,2018
2018-03-27,0.001481736372878295,2018
2018-03-28,0.022189088177046568,2018
2018-03-29,0.0020389850008883936,2018
2018-04-02,-0.015261422947550285,2018
2018-04-03,0.007379899194356332,2018
2018-04-04,0.009523945588495675,2018
2018-04-05,-0.0014515481534326247,2018
2018-04-06,-0.007994151516109382,2018
2018-04-09,-0.0036631745909712077,2018
2018-04-10,-0.0014703476284313455,2018
2018-04-11,0.0022092340072026317,2018
2018-04-12,-0.011021407916928516,2018
2018-04-13,0.006686581526627267,2018
2018-04-16,0.006642064586724006,2018
2018-04-17,0.012463202545941465,2018
2018-04-18,-0.0007240451356347322,2018
2018-04-19,-0.015217184879254941,2018
2018-04-20,-0.008830534610891005,2018
2018-04-23,0.0,2018
2018-04-24,0.00296970117381945,2018
2018-04-25,-0.000740123192555231,2018
2018-04-26,0.014074107252998846,2018
2018-04-27,0.0153394569275358,2018
2018-04-30,-0.005035803338415024,2018
2018-05-01,0.007230488181461547,2018
2018-05-02,-0.004306948677483824,2018
2018-05-03,-0.001442432771101454,2018
2018-05-04,0.010830732663574816,2018
2018-05-07,0.006428470141756515,2018
2018-05-08,-0.005677652522686927,2018
2018-05-09,0.00856530877701811,2018
2018-05-10,0.009200215064546713,2018
2018-05-11,-0.0035064748770520238,2018
2018-05-14,-0.0070369358914436075,2018
2018-05-15,-0.017009307118195927,2018
2018-05-16,-0.004325983332517325,2018
2018-05-17,-0.006517117363683322,2018
2018-05-18,0.002186895621596907,2018
2018-05-21,0.0101816786719513,2018
2018-05-22,0.0007196729079057551,2018
2018-05-23,0.009352552259631608,2018
2018-05-24,-0.002138075198327649,2018
2018-05-25,0.0035712943574510714,2018
2018-05-29,0.0049822395253542595,2018
2018-05-30,0.014872718984176192,2018
2018-05-31,-0.0027915745418348736,2018
2018-06-01,0.004898563007023071,2018
2018-06-04,0.009052956768369924,2018
2018-06-05,-0.0041406895242926955,2018
2018-06-06,0.0027716457345365875,2018
2018-06-07,-0.0013817500784391035,2018
2018-06-08,0.004151956783065014,2018
2018-06-11,-0.0027568485137268173,2018
2018-06-12,0.004838015957754127,2018
2018-06-13,-0.01719416845255961,2018
2018-06-14,0.009797224193446308,2018
2018-06-15,-0.000693227420887732,2018
2018-06-18,0.0,2018
2018-06-19,-0.002080054718311075,2018
2018-06-20,0.012508292127811682,2018
2018-06-21,0.0048047137171749466,2018
2018-06-22,0.005464351527042943,2018
2018-06-25,-0.0027175179545188,2018
2018-06-26,0.004087288901376773,2018
2018-06-27,-0.004070650974826062,2018
2018-06-28,0.008174482231661395,2018
2018-06-29,0.0037453971713576895,2018
2018-07-02,-0.006105988237380733,2018
2018-07-03,0.008190953747242657,2018
2018-07-05,0.011509985150808033,2018
2018-07-06,0.004685744464796526,2018
2018-07-09,-0.007328785557668249,2018
2018-07-10,0.0026845695271180414,2018
2018-07-11,-0.0006694852445824351,2018
2018-07-12,0.0026792688183552293,2018
2018-07-13,-0.0020039658996606757,2018
2018-07-16,-0.006024062706680877,2018
2018-07-17,-0.008080825124970992,2018
2018-07-18,-0.0033942040811157925,2018
2018-07-19,0.01089920323236071,2018
2018-07-20,-0.00943416757549087,2018
2018-07-23,-0.0013603576533209871,2018
2018-07-24,-0.0054497912730890885,2018
2018-07-25,0.0068493294360123524,2018
2018-07-26,0.002040773228615844,2018
2018-07-27,-0.010183273789458047,2018
2018-07-30,0.0020575697513758318,2018
2018-07-31,0.01574291398314509,2018
2018-08-01,0.006064279277851137,2018
2018-08-02,-0.0013394013076621913,2018
2018-08-03,0.012743198871844053,2018
2018-08-06,-0.0019869894735561333,2018
2018-08-07,-0.0013268658936160804,2018
2018-08-08,-0.004651218288976966,2018
2018-08-09,-0.0006676975011572495,2018
2018-08-10,-0.008683728243253697,2018
2018-08-13,0.0,2018
2018-08-14,0.006064279277851137,2018
2018-08-15,0.008707740210412318,2018
2018-08-16,0.007967957349428456,2018
2018-08-17,0.009881397008271176,2018
2018-08-20,0.0,2018
2018-08-21,-0.007175623801168207,2018
2018-08-22,-0.004599084463622671,2018
2018-08-23,-0.0013200428559089206,2018
2018-08-24,0.005287518721338369,2018
2018-08-27,-0.0026298539586285807,2018
2018-08-28,0.011865455705369676,2018
2018-08-29,0.0,2018
2018-08-30,-0.005863158801630575,2018
2018-08-31,0.0026213284639051704,2018
2018-09-04,-0.011111177833982744,2018
2018-09-05,0.0059482285413761105,2018
2018-09-06,0.0026283095906500797,2018
2018-09-07,-0.008518975416801244,2018
2018-09-10,0.004626348861041629,2018
2018-09-11,0.0,2018
2018-09-12,-0.0006577588063848561,2018
2018-09-13,0.004608350255514315,2018
2018-09-14,-0.008518975416801244,2018
2018-09-17,0.005287518721338369,2018
2018-09-18,-0.0052597079172570504,2018
2018-09-19,-0.01189691712301122,2018
2018-09-20,0.009364381011035094,2018
2018-09-21,0.001325476172333362,2018
2018-09-24,-0.020516303020956084,2018
2018-09-25,0.0020270784420381993,2018
2018-09-26,-0.013486299021844173,2018
2018-09-27,0.004101266319023633,2018
2018-09-28,0.015899585872177324,2018
2018-10-01,-0.009485164621951592,2018
2018-10-02,-0.0034202132929314066,2018
2018-10-03,-0.00960848086402244,2018
2018-10-04,-0.00900927977857835,2018
2018-10-05,-0.0006992922830887371,2018
2018-10-08,0.01469570338122761,2018
2018-10-09,0.0020688454175188387,2018
2018-10-10,-0.01651754063623523,2018
2018-10-11,-0.028691528778628128,2018
2018-10-12,-0.0028815124920098523,2018
2018-10-15,0.0065025121578892175,2018
2018-10-16,0.02010056062384713,2018
2018-10-17,-0.002110873469093555,2018
2018-10-18,-0.00141041998007585,2018
2018-10-19,0.005649551063762415,2018
2018-10-22,-0.012640103292806293,2018
2018-10-23,0.004267078473604968,2018
2018-10-24,0.009207077581936618,2018
2018-10-25,0.014736563231558808,2018
2018-10-26,-0.02558780472129052,2018
2018-10-29,0.011355824599355246,2018
2018-10-30,0.00701726383329393,2018
2018-10-31,-0.011846546678537129,2018
2018-11-01,0.008462422784215162,2018
2018-11-02,-0.008391411115598935,2018
2018-11-05,0.014104296896998436,2018
2018-11-06,0.00695420985241646,2018
2018-11-07,0.01312138601361057,2018
2018-11-08,0.001363310010840113,2018
2018-11-09,0.0006808206888511137,2018
2018-11-12,-0.0006803574873978091,2018
2018-11-13,0.0013615476523871628,2018
2018-11-14,-0.002719299124120389,2018
2018-11-15,-0.008861796629735519,2018
2018-11-16,0.010316529628064064,2018
2018-11-19,-0.0006805395129058089,2018
2018-11-20,-0.008174567854803194,2018
2018-11-21,0.001373609747314708,2018
2018-11-23,-0.002057588297630586,2018
2018-11-26,0.002749202222261493,2018
2018-11-27,0.004797653943446889,2018
2018-11-28,0.009549868393940342,2018
2018-11-29,0.0006758535616506745,2018
2018-11-30,0.009452770313392644,2018
2018-12-03,0.007358047726558015,2018
2018-12-04,-0.01527233292537511,2018
2018-12-06,0.026233481466571895,2018
2018-12-07,-0.010596066990635866,2018
2018-12-10,-0.006693306273120814,2018
2018-12-11,0.0,2018
2018-12-12,-0.020215869880836568,2018
2018-12-13,0.008253268598204189,2018
2018-12-14,0.0,2018
2018-12-17,-0.03819914013054304,2018
2018-12-18,0.00992899418602966,2018
2018-12-19,-0.011938020221074597,2018
2018-12-20,-0.012793345068268791,2018
2018-12-21,-0.013678748996111545,2018
2018-12-24,-0.04014616990516484,2018
2018-12-26,0.034220885046065685,2018
2018-12-27,0.0,2018
2018-12-28,0.0029408352522555248,2018
2018-12-29,0.0,2018
2018-12-30,0.0,2018
2019-01-02,0.0,2019
2019-01-03,0.005992531821415348,2019
2019-01-04,0.010424131189321617,2019
2019-01-07,0.008843222606983892,2019
2019-01-08,0.022644489802231327,2019
2019-01-09,-0.002857104384568765,2019
2019-01-10,0.015759148434903114,2019
2019-01-11,0.003525829283737014,2019
2019-01-14,-0.0021081224922846475,2019
2019-01-15,0.010563457513555807,2019
2019-01-16,0.006271765261600004,2019
2019-01-17,0.004155116923090674,2019
2019-01-18,0.002758584174878509,2019
2019-01-22,-0.0034389085686068466,2019
2019-01-23,-0.0006900042527793193,2019
2019-01-24,0.0013812443973326705,2019
2019-01-25,0.011724053401275691,2019
2019-01-28,0.011588472166919939,2019
2019-01-29,0.008086237489639547,2019
2019-01-30,0.007352865976820944,2019
2019-01-31,0.009953712747454713,2019
2019-02-01,-0.005256171257731146,2019
2019-02-04,0.007265085435289809,2019
2019-02-05,0.004590395132290981,2019
2019-02-06,-0.006527283835997766,2019
2019-02-07,0.007227257917869823,2019
2019-02-08,0.001304480367432248,2019
2019-02-11,0.002606095793687979,2019
2019-02-12,-0.007797166274218004,2019
2019-02-13,0.005238691510678795,2019
2019-02-14,0.005212102593529888,2019
2019-02-15,0.004536223432420883,2019
2019-02-19,0.002580699291775179,2019
2019-02-20,-0.005147937040840711,2019
2019-02-21,-0.0012937763982915351,2019
2019-02-22,0.0058290050576790264,2019
2019-02-25,-0.007082905762924918,2019
2019-02-26,-0.0025939991367806003,2019
2019-02-27,-0.0045513267745507235,2019
2019-02-28,0.0032657732314380628,2019
2019-03-01,-0.0006511886193359961,2019
2019-03-04,0.004560400657415364,2019
2019-03-05,0.0025939991367804893,2019
2019-03-06,-0.00517457542936417,2019
2019-03-07,-0.0013004171442605461,2019
2019-03-08,0.0013021104309887122,2019
2019-03-11,0.013654069143892889,2019
2019-03-12,0.0044900197346364745,2019
2019-03-13,0.003831497503764991,2019
2019-03-14,0.0019082193339055031,2019
2019-03-15,-0.0025394755352899923,2019
2019-03-18,-0.006365417429004094,2019
2019-03-19,-0.003203097768866736,2019
2019-03-20,0.0038559457777871398,2019
2019-03-21,0.01856611052525614,2019
2019-03-22,-0.0050284742236281765,2019
2019-03-25,0.0,2019
2019-03-26,0.007580701907446752,2019
2019-03-27,-0.004388848706594062,2019
2019-03-28,0.006926881881192504,2019
2019-03-29,-0.0019531433545028065,2019
2019-04-01,-0.0006311218303953758,2019
2019-04-02,0.00821199213807211,2019
2019-04-03,-0.0006263765970139223,2019
2019-04-04,-0.003134866057307284,2019
2019-04-05,0.006289278141773824,2019
2019-04-08,-0.004375030083787146,2019
2019-04-09,-0.005021896373818224,2019
2019-04-10,0.009463677061301912,2019
2019-04-11,0.0,2019
2019-04-12,0.005625074997610335,2019
2019-04-15,-0.004971957790647741,2019
2019-04-16,-0.02186122965139936,2019
2019-04-17,-0.008940033616687493,2019
2019-04-18,0.008376020094410741,2019
2019-04-22,-0.01086253433258455,2019
2019-04-23,0.01227368566359388,2019
2019-04-24,0.008296104063765464,2019
2019-04-25,-0.0012657827012386713,2019
2019-04-26,0.0063373643111914735,2019
2019-04-29,-0.009445969107932717,2019
2019-04-30,0.009536046306758195,2019
2019-05-01,0.0,2019
2019-05-02,0.003778302259740851,2019
2019-05-03,0.00941032865846525,2019
2019-05-06,-0.0031075894890886246,2019
2019-05-07,-0.01683297298864561,2019
2019-05-08,0.0,2019
2019-05-09,0.0019021997301118532,2019
2019-05-10,0.011392645021582215,2019
2019-05-13,-0.0018772867898574352,2019
2019-05-14,0.0037618052652861333,2019
2019-05-15,0.006245980924567185,2019
2019-05-16,0.006827923468274655,2019
2019-05-17,-0.0018494260877415236,2019
2019-05-20,-0.013588703862298601,2019
2019-05-21,0.01001889075202178,2019
2019-05-22,0.0018599130566721023,2019
2019-05-23,0.003093960496815873,2019
2019-05-24,0.001850650458676828,2019
2019-05-28,-0.010467981272366589,2019
2019-05-29,-0.013690007814713523,2019
2019-05-30,0.004416690590763883,2019
2019-05-31,0.006909410462724308,2019
2019-06-03,0.0018710926213263424,2019
2019-06-04,-0.0043584326223919945,2019
2019-06-05,0.020637834254402243,2019
2019-06-06,0.0012256173636215895,2019
2019-06-07,0.0024479022100407644,2019
2019-06-10,-0.0012208795315808985,2019
2019-06-11,0.0006111445110619229,2019
2019-06-12,0.0036652072431140326,2019
2019-06-13,0.0036519876070260082,2019
2019-06-14,0.0024255527405399047,2019
2019-06-17,0.009074531490297577,2019
2019-06-18,-0.001798422405397293,2019
2019-06-19,0.006606313196933833,2019
2019-06-20,0.0017901619243851918,2019
2019-06-21,-0.010720728003287716,2019
2019-06-24,-0.005418657847919395,2019
2019-06-25,-0.01210640020761844,2019
2019-06-26,-0.019607800782012297,2019
2019-06-27,0.011249980509095536,2019
2019-06-28,0.006337649887330432,2019
2019-07-01,-0.0012724046899771357,2019
2019-07-02,0.018471455902949963,2019
2019-07-03,0.012507721030223795,2019
2019-07-05,-0.0043234862279838415,2019
2019-07-08,0.0024813377915557933,2019
2019-07-09,0.0055692719921722755,2019
2019-07-10,0.0055385880990681535,2019
2019-07-11,-0.01101600198744035,2019
2019-07-12,-0.0018566400113536607,2019
2019-07-15,0.0012400623569577274,2019
2019-07-16,-0.00309607310094695,2019
2019-07-17,-0.004347492374204065,2019
2019-07-18,0.0012473078028027995,2019
2019-07-19,-0.01682240902097476,2019
2019-07-22,0.0,2019
2019-07-23,0.011407023266073457,2019
2019-07-24,-0.0006265533626780284,2019
2019-07-25,-0.005015651495072548,2019
2019-07-26,0.004410910981176297,2019
2019-07-29,0.004391211794934069,2019
2019-07-30,0.008120002367891122,2019
2019-07-31,-0.0049568509997321986,2019
2019-08-01,0.0018681196685557122,2019
2019-08-02,0.004972092287252705,2019
2019-08-05,-0.019171150434984185,2019
2019-08-06,0.011349151972724236,2019
2019-08-07,0.009975100402261905,2019
2019-08-08,0.016049615056017874,2019
2019-08-09,0.0006073616011632588,2019
2019-08-12,-0.001821376213618331,2019
2019-08-13,0.0,2019
2019-08-14,-0.015207051577227348,2019
2019-08-15,0.012353453084652077,2019
2019-08-16,0.010372041810835952,2019
2019-08-19,0.00905802056306948,2019
2019-08-20,-0.008378121045349296,2019
2019-08-21,0.0036208472891678944,2019
2019-08-22,0.006614415078180613,2019
2019-08-23,-0.01254454486798473,2019
2019-08-26,0.009679406819861125,2019
2019-08-27,-0.0023966731287505816,2019
2019-08-28,0.0024024309705013014,2019
2019-08-29,0.007789089627355361,2019
2019-08-30,0.0017835537618065,2019
2019-09-03,0.007714895210784611,2019
2019-09-04,0.007656525114813295,2019
2019-09-05,-0.008182789410496993,2019
2019-09-06,0.0005892630547723599,2019
2019-09-09,-0.008833740424717962,2019
2019-09-10,-0.011883605627072025,2019
2019-09-11,0.003006631024124795,2019
2019-09-12,0.005995236583939523,2019
2019-09-13,-0.01072714546809972,2019
2019-09-16,0.01024114655923869,2019
2019-09-17,0.010733853360466616,2019
2019-09-18,-0.0023603724944741833,2019
2019-09-19,0.004139399095063778,2019
2019-09-20,0.0005890702149955462,2019
2019-09-23,0.00176570795897657,2019
2019-09-24,-0.0035251914593364964,2019
2019-09-25,0.0,2019
2019-09-26,0.007665166745356,2019
2019-09-27,-0.007606858903452585,2019
2019-09-30,0.0038543493279916685,2019
2019-10-01,-0.010041557902344733,2019
2019-10-02,-0.002983297541426011,2019
2019-10-03,0.010173531244481282,2019
2019-10-04,0.0047395280028526,2019
2019-10-07,-0.0017688239370093894,2019
2019-10-08,-0.004725452581318512,2019
2019-10-09,0.0005935343460008458,2019
2019-10-10,0.0017793151944993646,2019
2019-10-11,-0.0005922057583609419,2019
2019-10-14,-0.0005921710955728576,2019
2019-10-15,0.0011854297466400432,2019
2019-10-16,-0.0005922057583609419,2019
2019-10-17,0.005924101540955906,2019
2019-10-18,0.0082450978610904,2019
2019-10-21,0.007009248619344932,2019
2019-10-22,-0.004059998366064188,2019
2019-10-23,0.0005823208423325621,2019
2019-10-24,0.0005819819421180039,2019
2019-10-25,-0.0069809328330942,2019
2019-10-28,0.0005859611665752773,2019
2019-10-29,0.003512945976433146,2019
2019-10-30,0.007584485020628806,2019
2019-10-31,-0.002895273149258526,2019
2019-11-01,0.0017424197182949186,2019
2019-11-04,-0.008695737478285892,2019
2019-11-05,-0.019443695473680855,2019
2019-11-06,0.002440548079542415,2019
2019-11-07,-0.012173108972968971,2019
2019-11-08,0.0,2019
2019-11-11,0.0030808975103355785,2019
2019-11-12,-0.008599360733905437,2019
2019-11-13,0.009913323556684173,2019
2019-11-14,0.007975321287957415,2019
2019-11-15,0.006086322154553292,2019
2019-11-18,0.005444706588716208,2019
2019-11-19,0.003008524881136898,2019
2019-11-20,-0.0011996629311252782,2019
2019-11-21,-0.014414468941603364,2019
2019-11-22,-0.004875301653280539,2019
2019-11-25,0.0024495154148362897,2019
2019-11-26,0.012217416569273665,2019
2019-11-27,0.0060352068321913865,2019
2019-11-29,-0.004199240068451848,2019
2019-12-02,-0.015662840382595244,2019
2019-12-03,0.007343893878011931,2019
2019-12-04,0.0042528934842511745,2019
2019-12-05,0.0,2019
2019-12-06,0.003024905416379564,2019
2019-12-09,0.001206251788599344,2019
2019-12-10,-0.00481934729477973,2019
2019-12-11,-0.010896004718680352,2019
2019-12-12,-0.014687787756023751,2019
2019-12-13,0.0006214234857613299,2019
2019-12-16,0.006827779958565872,2019
2019-12-17,-0.009247840187230238,2019
2019-12-18,0.012523723972911238,2019
2019-12-19,0.009894587028261403,2019
2019-12-20,0.004898976563244117,2019
2019-12-23,-0.006093886256446357,2019
2019-12-24,0.0012262653842345372,2019
2019-12-26,0.006123894929121354,2019
2019-12-27,0.003651849521326911,2019
2019-12-30,0.0,2019
2019-12-31,0.0,2019
2020-01-02,0.0,2020
2020-01-03,0.008541803897025968,2020
2020-01-06,0.0012098681361536467,2020
2020-01-07,-0.012688951939191506,2020
2020-01-08,0.00489621070282098,2020
2020-01-09,-0.0006092175985722426,2020
2020-01-10,0.0073127559747772075,2020
2020-01-13,0.009679480564504184,2020
2020-01-14,-0.004193943284031221,2020
2020-01-15,0.009626681359661937,2020
2020-01-16,0.009534967349419166,2020
2020-01-17,0.0011808097478049895,2020
2020-01-21,0.009434143733059619,2020
2020-01-22,-0.006425466873928198,2020
2020-01-23,0.008230611445841918,2020
2020-01-24,-0.0029155445424394744,2020
2020-01-27,-0.005847917756608534,2020
2020-01-28,0.002941046959162641,2020
2020-01-29,-0.004105614083697251,2020
2020-01-30,0.0017668558953494173,2020
2020-01-31,-0.012933446297116902,2020
2020-02-03,0.004764606306752572,2020
2020-02-04,0.012448110697977244,2020
2020-02-05,-0.0023416694941171823,2020
2020-02-06,0.006455336655776245,2020
2020-02-07,-0.0005832121318740668,2020
2020-02-10,0.018086511542535044,2020
2020-02-11,0.007449672896562953,2020
2020-02-12,0.005119444719167809,2020
2020-02-13,0.005659418708248598,2020
2020-02-14,0.00956654867401463,2020
2020-02-18,-0.002787086588088572,2020
2020-02-19,-0.015091991939798266,2020
2020-02-20,0.01248583463029318,2020
2020-02-21,0.0033630801867952087,2020
2020-02-24,-0.015642334813018133,2020
2020-02-25,-0.026106692943871468,2020
2020-02-26,-0.013986280911847948,2020
2020-02-27,-0.051418351334956536,2020
2020-02-28,-0.023052891467338688,2020
2020-03-02,0.041454030510576834,2020
2020-03-03,-0.0042865554331420475,2020
2020-03-04,0.035670341972851016,2020
2020-03-05,-0.025534594746313477,2020
2020-03-06,-0.017671915686702233,2020
2020-03-09,-0.07754345731001056,2020
2020-03-10,0.047747079563329464,2020
2020-03-11,-0.06482685217664574,2020
2020-03-12,-0.09951962519118096,2020
2020-03-13,0.08841500614413422,2020
2020-03-16,-0.18347335661476072,2020
2020-03-17,0.05660344415302454,2020
2020-03-18,-0.09659067874101046,2020
2020-03-19,0.0071878047605586914,2020
2020-03-20,-0.039250404302908715,2020
2020-03-23,-0.04642560184020883,2020
2020-03-24,0.08568669531728124,2020
2020-03-25,0.05650189786352855,2020
2020-03-26,0.07045831632412636,2020
2020-03-27,0.0007930869372294591,2020
2020-03-30,0.01901749981513645,2020
2020-03-31,-0.022173550301938016,2020
2020-04-01,-0.0729164603157062,2020
2020-04-02,0.0,2020
2020-04-03,-0.013828949509192445,2020
2020-04-06,0.07975447437110672,2020
2020-04-07,0.00892867692927024,2020
2020-04-08,0.07240519886042973,2020
2020-04-09,0.05551432016587543,2020
2020-04-13,-0.04193348076378656,2020
2020-04-14,0.028189897995358537,2020
2020-04-15,-0.044732867432740964,2020
2020-04-16,-0.013595152561114543,2020
2020-04-17,0.03445632033442747,2020
2020-04-20,-0.041451025551445975,2020
2020-04-21,-0.016216075307804112,2020
2020-04-22,0.01648337089150731,2020
2020-04-23,-0.010038333609680539,2020
2020-04-24,0.002339960742224978,2020
2020-04-27,0.03501942485248244,2020
2020-04-28,0.010526569063713742,2020
2020-04-29,0.019344978398354806,2020
2020-04-30,-0.013868469249809778,2020
2020-05-01,-0.03256857004291258,2020
2020-05-04,-0.0022953948269216484,2020
2020-05-05,0.0046013515724396825,2020
2020-05-06,-0.02137398320399375,2020
2020-05-07,0.009360430308443357,2020
2020-05-08,0.024729473198891627,2020
2020-05-11,-0.019607960047578255,2020
2020-05-12,-0.04538426392464823,2020
2020-05-13,-0.020951269166532227,2020
2020-05-14,0.006584609180980028,2020
2020-05-15,-0.004088280256424048,2020
2020-05-18,0.06239732706229906,2020
2020-05-19,-0.011591886009532537,2020
2020-05-20,0.007818653933631126,2020
2020-05-21,0.0023269609399438895,2020
2020-05-22,0.01857606400162881,2020
2020-05-26,0.0372339324824158,2020
2020-05-27,0.01978047862008192,2020
2020-05-28,0.0014364294113451415,2020
2020-05-29,-0.010760243499741584,2020
2020-06-01,0.02755645791348127,2020
2020-06-02,0.008468290495185826,2020
2020-06-03,0.03778880622384451,2020
2020-06-04,-0.009440210743394295,2020
2020-06-05,0.03812088137206815,2020
2020-06-08,0.020328199206576025,2020
2020-06-09,-0.017995205063927378,2020
2020-06-10,-0.02683250281932359,2020
2020-06-11,-0.0638866997842703,2020
2020-06-12,0.039511500405649436,2020
2020-06-15,0.01520387235359344,2020
2020-06-16,0.01769887690209293,2020
2020-06-17,-0.015384583098817406,2020
2020-06-18,-0.009510756625930039,2020
2020-06-19,-0.017832925518014964,2020
2020-06-22,-0.0020948536481292246,2020
2020-06-23,-0.002799089516503872,2020
2020-06-24,-0.027368542121016914,2020
2020-06-25,0.012987274037865593,2020
2020-06-26,-0.019230748603735415,2020
2020-06-29,0.02033408794301428,2020
2020-06-30,0.0122200738731566,2020
2020-07-01,0.026181803485536115,2020
2020-07-02,-0.004961048891264475,2020
2020-07-06,-0.0021367150208084773,2020
2020-07-07,-0.01998575186701468,2020
2020-07-08,-0.0029133073023562828,2020
2020-07-09,-0.006574115942887038,2020
2020-07-10,0.004411866253683838,2020
2020-07-13,-0.014641446312476325,2020
2020-07-14,0.006686542612973634,2020
2020-07-15,0.013284080370333795,2020
2020-07-16,-0.012381401386796886,2020
2020-07-17,0.014011582247044796,2020
2020-07-20,-0.015272902537121325,2020
2020-07-21,0.004431507080706609,2020
2020-07-22,0.019117730238805697,2020
2020-07-23,-0.007936602425775763,2020
2020-07-24,-0.008727209000599978,2020
2020-07-27,0.011005032408167414,2020
2020-07-28,0.021044949932263357,2020
2020-07-29,0.023454182421073888,2020
2020-07-30,-0.005555515298605318,2020
2020-07-31,-0.0020948508897269402,2020
2020-08-03,-0.013295976378105201,2020
2020-08-04,0.014184291582257424,2020
2020-08-05,-0.0034965838943833427,2020
2020-08-06,0.0035088528928963747,2020
2020-08-07,0.011888130697062405,2020
2020-08-10,0.0020732187927117174,2020
2020-08-11,-0.015862433973118595,2020
2020-08-12,0.011213020868273915,2020
2020-08-13,-0.011781363323572935,2020
2020-08-14,0.0021039204119590593,2020
2020-08-17,0.011196473153834763,2020
2020-08-18,-0.005536376052056258,2020
2020-08-19,-0.018788903261541368,2020
2020-08-20,0.010638111122374339,2020
2020-08-21,0.0021053117357379136,2020
2020-08-24,0.007002792433367988,2020
2020-08-25,0.0013907682452585224,2020
2020-08-26,-0.008333272947908088,2020
2020-08-27,0.014705796136645244,2020
2020-08-28,0.007591534084238738,2020
2020-08-31,-0.011643521925418177,2020
2020-09-01,0.0013856124341373732,2020
2020-09-02,0.020069247733830675,2020
2020-09-03,-0.012211538809794975,2020
2020-09-04,-0.0027471490391269837,2020
2020-09-08,-0.011019284437154497,2020
2020-09-09,0.010445582777268037,2020
2020-09-10,-0.012405438374267552,2020
2020-09-11,-0.0034890948428742963,2020
2020-09-14,0.026610747193653417,2020
2020-09-15,0.01159603211091742,2020
2020-09-16,0.0026972975644141695,2020
2020-09-17,-0.022192354628572164,2020
2020-09-18,-0.020632711794593805,2020
2020-09-21,-0.030196727463029815,2020
2020-09-22,0.013758376318832921,2020
2020-09-23,-0.03000025306503351,2020
2020-09-24,0.004418364392121621,2020
2020-09-25,0.021260953177636877,2020
2020-09-28,0.01938263930316597,2020
2020-09-29,-0.008450642849025525,2020
2020-09-30,0.005071666786304441,2020
2020-10-01,0.019189899825289958,2020
2020-10-02,0.01813110486365055,2020
2020-10-05,0.006164508519939549,2020
2020-10-06,-0.00612674017791337,2020
2020-10-07,0.002054836173313257,2020
2020-10-08,0.015037513387920365,2020
2020-10-09,-0.004713765053426466,2020
2020-10-12,0.00541255753505232,2020
2020-10-13,-0.0161505019445628,2020
2020-10-14,-0.010259960023922265,2020
2020-10-15,0.0034555505024842503,2020
2020-10-16,-0.007576048361488841,2020
2020-10-19,-0.015960933485562268,2020
2020-10-20,0.007757447992302602,2020
2020-10-21,-0.001400086698163383,2020
2020-10-22,-0.0007003908155389649,2020
2020-10-23,0.004908709840472314,2020
2020-10-26,-0.01325869086654008,2020
2020-10-27,-0.016266041664818154,2020
2020-10-28,-0.024442852172272045,2020
2020-10-29,0.015475361079164696,2020
2020-10-30,-0.006531249559548202,2020
2020-11-02,0.023374731226807777,2020
2020-11-03,0.020699547865788537,2020
2020-11-04,0.002797203269145898,2020
2020-11-05,0.002091924374414411,2020
2020-11-06,-0.0055669035816631185,2020
2020-11-09,0.03149042753506648,2020
2020-11-10,0.01424690849394139,2020
2020-11-11,0.006020189142082577,2020
2020-11-12,-0.012633100050395418,2020
2020-11-13,0.026262672213960947,2020
2020-11-16,0.00984240250843893,2020
2020-11-17,-0.0006495767952701126,2020
2020-11-18,-0.018855775829950794,2020
2020-11-19,0.003976223879199825,2020
2020-11-20,-0.005280608310279433,2020
2020-11-23,0.0,2020
2020-11-24,0.005972251329101397,2020
2020-11-25,0.0006594317237507141,2020
2020-11-27,-0.005932723920666461,2020
2020-11-30,-0.009946991987480835,2020
2020-12-01,0.014735597783491317,2020
2020-12-02,-0.00660082010792451,2020
2020-12-03,0.011295884621729257,2020
2020-12-04,0.014454349018096613,2020
2020-12-07,-0.007772023761575486,2020
2020-12-08,-0.0032634332555692147,2020
2020-12-09,-0.00654894725220645,2020
2020-12-10,-0.004941643721976474,2020
2020-12-11,-0.0006712205345054123,2020
2020-12-14,-0.004701059855683809,2020
2020-12-15,0.023616481713330417,2020
2020-12-16,0.003955252249864261,2020
2020-12-17,0.011162098232093687,2020
2020-12-18,-0.020779138637104677,2020
2020-12-21,-0.007294427404267889,2020
2020-12-22,0.011356041811004136,2020
2020-12-23,-0.0066048604373437625,2020
2020-12-24,0.007313747140079929,2020
2020-12-28,0.00594059172481276,2020
2020-12-29,-0.007873934538088934,2020
2020-12-30,0.004629469934197994,2020
2021-01-04,0.0,2021
2021-01-05,0.0020255769593817696,2021
2021-01-06,0.0006736936974092167,2021
2021-01-07,-0.0020201213484078995,2021
2021-01-08,0.010796298200844712,2021
2021-01-11,-0.014686401473934185,2021
2021-01-12,0.002710026444378677,2021
2021-01-13,0.01418934667777716,2021
2021-01-14,0.005329936694606241,2021
2021-01-15,0.009939957809726119,2021
2021-01-19,-0.004593097001426849,2021
2021-01-20,0.020435299886520708,2021
2021-01-21,-0.004522115582098918,2021
2021-01-22,0.0012980126759847277,2021
2021-01-25,0.0058327905591242235,2021
2021-01-26,0.004510230477879684,2021
2021-01-27,-0.02116740692581931,2021
2021-01-28,0.00786353680620433,2021
2021-01-29,-0.011053313427469402,2021
2021-02-01,0.025641097906807797,2021
2021-02-02,0.006410178122331356,2021
2021-02-03,-0.002547618431833487,2021
2021-02-04,0.003831416167849211,2021
2021-02-05,0.005089056596741859,2021
2021-02-08,0.0037974669234586145,2021
2021-02-09,0.0025219920696635256,2021
2021-02-10,0.0056603007723310395,2021
2021-02-11,0.0018764700647619925,2021
2021-02-12,-0.0006243680596194068,2021
2021-02-16,-0.008119922027209237,2021
2021-02-17,-0.0006297226858159588,2021
2021-02-18,-0.0025204029133159,2021
2021-02-19,0.00758046462926254,2021
2021-02-22,0.006269515480430199,2021
2021-02-23,0.005607474971425441,2021
2021-02-24,0.007435015820720814,2021
2021-02-25,-0.01722023912877435,2021
2021-02-26,-0.014392912433435212,2021
2021-03-01,0.002539605975872661,2021
2021-03-02,-0.008232981002298079,2021
2021-03-03,-0.007024262974390405,2021
2021-03-04,-0.010932624850724326,2021
2021-03-05,0.014304365387550089,2021
2021-03-08,0.00576915267702538,2021
2021-03-09,0.006373560738786921,2021
2021-03-10,0.009499755890563621,2021
2021-03-11,0.009410285067318558,2021
2021-03-12,0.016159099054815496,2021
2021-03-15,0.015902207711386174,2021
2021-03-16,-0.0036123518935007315,2021
2021-03-17,0.002416845610325291,2021
2021-03-18,-0.008438744366861206,2021
2021-03-19,-0.013374000115094709,2021
2021-03-22,0.007393860450183309,2021
2021-03-23,-0.0006115477430742589,2021
2021-03-24,-0.005507953528035792,2021
2021-03-25,0.007999849927704528,2021
2021-03-26,0.020757087417148545,2021
2021-03-29,-0.004186601380013144,2021
2021-03-30,-0.0006006003858346487,2021
2021-03-31,-0.005551557336383128,2021
2021-04-01,0.019417562359058227,2021
2021-04-05,0.0041666496076882,2021
2021-04-06,0.002963748715780312,2021
2021-04-07,0.0011819683108575951,2021
2021-04-08,-0.0035419287497926444,2021
2021-04-09,-0.0005922441310398652,2021
2021-04-12,0.00592756772753833,2021
2021-04-13,0.007071194407671122,2021
2021-04-14,-0.008191615948732744,2021
2021-04-15,0.02123888951157027,2021
2021-04-16,0.0011554065283996273,2021
2021-04-19,0.0023078724893264013,2021
2021-04-20,0.008635720788670254,2021
2021-04-21,0.00456623044477622,2021
2021-04-22,-0.003409106069657497,2021
2021-04-23,0.0051312531612268675,2021
2021-04-26,0.0017015514077922678,2021
2021-04-27,0.0011327093046078485,2021
2021-04-28,-0.002262654225612226,2021
2021-04-29,0.011337918787022172,2021
2021-04-30,0.0050448319455147494,2021
2021-05-03,-0.003904055490010605,2021
2021-05-04,-0.007839045750442253,2021
2021-05-05,-0.014672420347041193,2021
2021-05-06,0.004581853796895796,2021
2021-05-07,0.011972721210498083,2021
2021-05-10,0.0011266318724509894,2021
2021-05-11,-0.013505702731859026,2021
2021-05-12,-0.023959165772624136,2021
2021-05-13,0.012273545319214652,2021
2021-05-14,0.013279266093640052,2021
2021-05-17,0.0011400119251558927,2021
2021-05-18,0.0011383763012002834,2021
2021-05-19,-0.0034111107852545786,2021
2021-05-20,0.010267952969363225,2021
2021-05-21,-0.0022588218971197893,2021
2021-05-24,0.01018700607067391,2021
2021-05-25,0.0011203866928568562,2021
2021-05-26,0.003917163996360662,2021
2021-05-27,-0.003344562742181867,2021
2021-05-28,0.006152385572400165,2021
2021-06-01,0.016675805316307857,2021
2021-06-02,0.011481508041185862,2021
2021-06-03,-0.0021620439366456523,2021
2021-06-04,0.0,2021
2021-06-07,0.016251491601261048,2021
2021-06-08,0.007462655903696325,2021
2021-06-09,0.000529008734510894,2021
2021-06-10,0.006345814499203684,2021
2021-06-11,-0.004203845273018758,2021
2021-06-14,0.001583026669894183,2021
2021-06-15,-0.00948389771776137,2021
2021-06-16,-0.009042375763765986,2021
2021-06-17,-0.0005364210271695535,2021
2021-06-18,-0.01664912241370875,2021
2021-06-21,0.02130003194334451,2021
2021-06-22,-0.004277903607176392,2021
2021-06-23,-0.0016111458146511604,2021
2021-06-24,-0.0032276829648165695,2021
2021-06-25,0.007555284827466924,2021
2021-06-28,-0.002677946223587635,2021
2021-06-29,-0.0016111458146511604,2021
2021-06-30,-0.006694203114056663,2021
2021-07-01,0.003804184095151708,2021
2021-07-02,0.004331473179440382,2021
2021-07-06,0.007547291206813522,2021
2021-07-07,0.002139927051792334,2021
2021-07-08,-0.003203288675217131,2021
2021-07-09,0.01606860976613178,2021
2021-07-12,0.007907246425923109,2021
2021-07-13,-0.01412135759540889,2021
2021-07-14,0.008488119165793284,2021
2021-07-15,0.002103967327619527,2021
2021-07-16,-0.0005247169016158182,2021
2021-07-19,-0.0189077316127767,2021
2021-07-20,0.023554712492350305,2021
2021-07-21,0.0005230430015139564,2021
2021-07-22,-0.0057501564200928,2021
2021-07-23,0.007886335278968204,2021
2021-07-26,0.0010432960140545067,2021
2021-07-27,0.0046900930136610786,2021
2021-07-28,-0.0015561683934782744,2021
2021-07-29,-0.0020779204834771026,2021
2021-07-30,0.0005207155917872353,2021
2021-08-02,-0.0026016081215177733,2021
2021-08-03,0.003651381943427845,2021
2021-08-04,-0.0020785708758089827,2021
2021-08-05,0.011979123360099875,2021
2021-08-06,-0.002573489656840122,2021
2021-08-09,-0.00670803207177606,2021
2021-08-10,-0.007272660306040568,2021
2021-08-11,0.006279491444733276,2021
2021-08-12,0.0031200605749184263,2021
2021-08-13,0.005183906372977054,2021
2021-08-16,-0.0020628566417323357,2021
2021-08-17,-0.0020671818845248158,2021
2021-08-18,-0.007768020512694984,2021
2021-08-19,0.004697313373333678,2021
2021-08-20,0.0041556568085658885,2021
2021-08-23,-0.0025863151425031816,2021
2021-08-24,-0.002593389256921985,2021
2021-08-25,0.000519743812633644,2021
2021-08-26,0.0010399303273704863,2021
2021-08-27,0.010902955261960612,2021
2021-08-30,0.010272511201865342,2021
2021-08-31,0.004575401579934635,2021
2021-09-01,0.015182174431836781,2021
2021-09-02,0.004984982140446181,2021
2021-09-03,-0.0009921214094946729,2021
2021-09-07,-0.009930480184628943,2021
2021-09-08,0.005015338175903272,2021
2021-09-09,-0.019960414806037163,2021
2021-09-10,-0.012219711245725073,2021
2021-09-13,0.006700933846224277,2021
2021-09-14,-0.002048008519250799,2021
2021-09-15,0.003591370065178179,2021
2021-09-16,0.0015341944114000139,2021
2021-09-17,-0.009699086551523295,2021
2021-09-20,-0.0046392626688588345,2021
2021-09-21,-0.0015534449945230344,2021
2021-09-22,0.00985442562584593,2021
2021-09-23,-0.003081419551740905,2021
2021-09-24,-0.011334415294642075,2021
2021-09-27,-0.014069847994556461,2021
2021-09-28,-0.0036996921253568127,2021
2021-09-29,0.007427049417414677,2021
2021-09-30,-0.016072941010874642,2021
2021-10-01,0.01397109436602717,2021
2021-10-04,0.0,2021
2021-10-05,-0.007948835255472853,2021
2021-10-06,0.010149337284677928,2021
2021-10-07,0.002644006915583308,2021
2021-10-08,-0.008439118990466565,2021
2021-10-11,0.0031919247921268212,2021
2021-10-12,0.012725203158679088,2021
2021-10-13,0.006806428805322895,2021
2021-10-14,0.011440503767996102,2021
2021-10-15,-0.0010282157231925604,2021
2021-10-18,0.0025732456713944973,2021
2021-10-19,0.0,2021
2021-10-20,0.013860381395818688,2021
2021-10-21,0.002025194554905907,2021
2021-10-22,0.005558742601813549,2021
2021-10-25,0.0035172570339521148,2021
2021-10-26,0.0015021630723901502,2021
2021-10-27,-0.00699981521824844,2021
2021-10-28,0.01359529578871066,2021
2021-10-29,-0.010432379843166473,2021
2021-11-01,0.005019896543880131,2021
2021-11-02,0.006993057970799743,2021
2021-11-03,0.005456605548356475,2021
2021-11-04,-0.010853520670427996,2021
2021-11-05,0.005984911748438737,2021
2021-11-08,-0.002974419432702491,2021
2021-11-09,0.0019888229810596236,2021
2021-11-10,-0.002977721990108928,2021
2021-11-11,0.001991272146971035,2021
2021-11-12,0.0004965071435754087,2021
2021-11-15,0.007448001901826373,2021
2021-11-16,-0.0059143514208307435,2021
2021-11-17,0.005453899766488135,2021
2021-11-18,-0.0004931829556713563,2021
2021-11-19,-0.004933566285361568,2021
2021-11-22,-0.004462154314331945,2021
2021-11-23,0.008466096226995568,2021
2021-11-24,0.012345752201978977,2021
2021-11-26,-0.028780366986824846,2021
2021-11-29,0.011551879892323313,2021
2021-11-30,-0.023833372331371283,2021
2021-12-01,-0.017293740903450483,2021
2021-12-02,0.03002103104191045,2021
2021-12-03,-0.0045230494186737635,2021
2021-12-06,0.017667853760186425,2021
2021-12-07,0.013888989433336496,2021
2021-12-08,0.006849248811011899,2021
2021-12-09,-0.013757892253024706,2021
2021-12-10,0.0020442730606977655,2021
2021-12-13,0.009688722041903297,2021
2021-12-14,-0.013131299816081299,2021
2021-12-15,0.011770611870177472,2021
2021-12-16,-0.0005060416180198146,2021
2021-12-17,0.0,2021
2021-12-20,-0.008602698402014664,2021
2021-12-21,0.013271829497743193,2021
2021-12-22,0.010579242270319256,2021
2021-12-23,-0.0024923853210282454,2021
2021-12-27,0.017990715581662098,2021
2021-12-28,0.0034366164102554997,2021
2021-12-29,0.0063600168377553334,2021
2021-12-30,0.0038891216364498327,2021
2021-12-31,0.0,2021
2022-01-03,0.0,2022
2022-01-04,0.0,2022
2022-01-05,-0.027751006794022648,2022
2022-01-06,0.001001492578533103,2022
2022-01-07,-0.006503415939658974,2022
2022-01-10,-0.004028159173084522,2022
2022-01-11,0.001516898559761115,2022
2022-01-12,0.0030287438515159693,2022
2022-01-13,-0.0010065327539487967,2022
2022-01-14,-0.012090791270747303,2022
2022-01-18,-0.009179017873211737,2022
2022-01-19,-0.01338112403544467,2022
2022-01-20,-0.010954923319266174,2022
2022-01-21,-0.0021093853011942,2022
2022-01-24,0.0,2022
2022-01-25,-0.0005289558810369632,2022
2022-01-26,-0.015335836706594108,2022
2022-01-27,-0.01611155662283348,2022
2022-01-28,0.03002210516548276,2022
2022-01-31,0.012188359353965783,2022
2022-02-01,-0.005759226383571292,2022
2022-02-02,0.013691645812101694,2022
2022-02-03,-0.010909103342375603,2022
2022-02-04,-0.01050427906194995,2022
2022-02-07,-0.0005307202453781468,2022
2022-02-08,-0.005310804044751927,2022
2022-02-09,0.02295802740897268,2022
2022-02-10,-0.02296470092672598,2022
2022-02-11,-0.010149294192894232,2022
2022-02-14,-0.010793508596714685,2022
2022-02-15,0.005455299289876869,2022
2022-02-16,0.004340954448425416,2022
2022-02-17,-0.012966085567875929,2022
2022-02-18,-0.006567771922863508,2022
2022-02-22,-0.002204085210539497,2022
2022-02-23,-0.014356634020910919,2022
2022-02-24,0.01344531179869346,2022
2022-02-25,0.024323035963540907,2022
2022-02-28,-0.018348872752161238,2022
2022-03-01,-0.003298546569534655,2022
2022-03-02,0.0198565901458585,2022
2022-03-03,0.009194317037123145,2022
2022-03-04,0.00428732561872569,2022
2022-03-07,-0.02081107802305815,2022
2022-03-08,-0.0054495998745344165,2022
2022-03-09,0.015342502516935586,2022
2022-03-10,0.00269823935579816,2022
2022-03-11,-0.007534971756605668,2022
2022-03-14,-0.007592363229212307,2022
2022-03-15,0.006557500461673582,2022
2022-03-16,0.014115140586775654,2022
2022-03-17,0.013918555011561917,2022
2022-03-18,0.0005282775903712178,2022
2022-03-21,-0.005805110825822912,2022
2022-03-22,0.0026537819283702913,2022
2022-03-23,-0.011646203823435286,2022
2022-03-24,0.00803438478176921,2022
2022-03-25,0.012220862506176822,2022
2022-03-28,0.011023516979189907,2022
2022-03-29,0.02751826647918998,2022
2022-03-30,-0.00757951350051389,2022
2022-03-31,-0.01185975517096216,2022
2022-04-01,0.018623786507967255,2022
2022-04-04,-0.0025392395576255833,2022
2022-04-05,-0.0040732180160362175,2022
2022-04-06,0.0143148005630227,2022
2022-04-07,-0.008064542776612393,2022
2022-04-08,0.001524294812630611,2022
2022-04-11,-0.01116156961830772,2022
2022-04-12,-0.0010262574843840078,2022
2022-04-13,0.006677062083394691,2022
2022-04-14,-0.004081760700175963,2022
2022-04-18,-0.0035859179644252004,2022
2022-04-19,0.020565267661592612,2022
2022-04-20,0.017128606677291325,2022
2022-04-21,-0.005943611602829191,2022
2022-04-22,-0.01793733539711828,2022
2022-04-25,-0.003043835055542954,2022
2022-04-26,-0.015267136932095582,2022
2022-04-27,-0.00723531044589476,2022
2022-04-28,0.01405512231699757,2022
2022-04-29,-0.047227908206303404,2022
2022-05-02,-0.024784412015218638,2022
2022-05-03,0.009392154892590154,2022
2022-05-04,0.007662891663581695,2022
2022-05-05,-0.024986225831045594,2022
2022-05-06,-0.012256588394828571,2022
2022-05-09,-0.045121034065719656,2022
2022-05-10,-0.015948155026719535,2022
2022-05-11,0.001200518064760736,2022
2022-05-12,0.00599525721912042,2022
2022-05-13,0.027413574276834662,2022
2022-05-16,-0.006960579205788409,2022
2022-05-17,0.01226631229523667,2022
2022-05-18,-0.031736797129498506,2022
2022-05-19,-0.0035757978202082263,2022
2022-05-20,0.00897147368679363,2022
2022-05-23,0.011262313350035136,2022
2022-05-24,0.011137350027565107,2022
2022-05-25,0.0069564131393220485,2022
2022-05-26,0.00172720281641503,2022
2022-05-27,0.026436705076241518,2022
2022-05-31,-0.01287793485227895,2022
2022-06-01,-0.00907546970216666,2022
2022-06-02,0.016027399936879183,2022
2022-06-03,-0.010140784261658764,2022
2022-06-06,-0.0073987269892257235,2022
2022-06-07,0.012614620926227449,2022
2022-06-08,-0.021517589963360617,2022
2022-06-09,-0.021412023901885346,2022
2022-06-10,-0.023063232805629053,2022
2022-06-13,-0.04721547392031711,2022
2022-06-14,-0.006988747572084897,2022
2022-06-15,0.023672412748262595,2022
2022-06-16,-0.021875090291421317,2022
2022-06-17,0.0063899064986678855,2022
2022-06-21,0.01587297828183587,2022
2022-06-22,0.012500112146802023,2022
2022-06-23,0.021604815740785988,2022
2022-06-24,0.019335548399654456,2022
2022-06-27,-0.0029640346730215317,2022
2022-06-28,-0.010701682175790928,2022
2022-06-29,-0.006610277172457435,2022
2022-06-30,-0.002177311460021314,2022
2022-07-01,0.01683269127344955,2022
2022-07-05,-0.003065590825440334,2022
2022-07-06,0.0,2022
2022-07-07,0.0024600546172550697,2022
2022-07-08,-0.006134942847709657,2022
2022-07-11,0.0,2022
2022-07-12,-0.006790053260322004,2022
2022-07-13,-0.0037289667930332504,2022
2022-07-14,-0.008733626550191831,2022
2022-07-15,0.015733164381030562,2022
2022-07-18,-0.008054568664125239,2022
2022-07-19,0.02560918323673178,2022
2022-07-20,-0.003045052967105777,2022
2022-07-21,0.009162926614399991,2022
2022-07-22,0.005448024133123397,2022
2022-07-25,0.0018058812341747998,2022
2022-07-26,0.0006011835673496169,2022
2022-07-27,0.004804598387120995,2022
2022-07-28,0.03407063569497426,2022
2022-07-29,0.0028902878133227894,2022
2022-08-01,-0.00864555760631358,2022
2022-08-02,-0.012209337176735446,2022
2022-08-03,0.002942959227699715,2022
2022-08-04,0.0005865550967012467,2022
2022-08-05,0.0011731961239271893,2022
2022-08-08,0.00937334731688777,2022
2022-08-09,0.007544830585006768,2022
2022-08-10,0.015552914385111416,2022
2022-08-11,-0.002268825170030908,2022
2022-08-12,0.01705532074866145,2022
2022-08-15,0.003912647582159368,2022
2022-08-16,-0.0022271372791139443,2022
2022-08-17,-0.005022336112847192,2022
2022-08-18,-0.007851999113253294,2022
2022-08-19,-0.010175146535382318,2022
2022-08-22,-0.020559802756665913,2022
2022-08-23,-0.01457719687759318,2022
2022-08-24,0.0053255246451531235,2022
2022-08-25,0.014126061961619474,2022
2022-08-26,-0.024956434467717115,2022
2022-08-29,-0.00952411921509222,2022
2022-08-30,-0.01442298895311156,2022
2022-08-31,-0.004877973910279221,2022
2022-09-01,0.0,2022
2022-09-02,-0.011642213030757187,2022
2022-09-06,0.011779350741453198,2022
2022-09-07,0.019607675417342207,2022
2022-09-08,0.0006011835673496169,2022
2022-09-09,0.01081097353424032,2022
2022-09-12,0.010100819445362452,2022
2022-09-13,-0.03764686500164971,2022
2022-09-14,-0.01283648877839394,2022
2022-09-15,-0.020433361138547323,2022
2022-09-16,-0.0025286144480998196,2022
2022-09-19,-0.0031684149858798305,2022
2022-09-20,-0.024157707565894526,2022
2022-09-21,-0.014983733834533552,2022
2022-09-22,-0.00992066449005502,2022
2022-09-23,-0.013359922332982777,2022
2022-09-26,-0.027759025958876138,2022
2022-09-27,-0.012534932266479726,2022
2022-09-28,0.01974612982552859,2022
2022-09-29,-0.029045579439165636,2022
2022-09-30,0.010057632118033233,2022
2022-10-03,0.019203269559873837,2022
2022-10-04,0.017445712910302058,2022
2022-10-05,-0.019204102280759083,2022
2022-10-06,-0.02937079106200391,2022
2022-10-07,-0.02593648855196773,2022
2022-10-10,-0.010355033401461378,2022
2022-10-11,0.011958220753456317,2022
2022-10-12,-0.012555458425869692,2022
2022-10-13,0.017950584114330148,2022
2022-10-14,-0.02498160726702725,2022
2022-10-17,0.040693402992384886,2022
2022-10-18,0.011585720530003174,2022
2022-10-19,-0.026485285436806283,2022
2022-10-20,-0.003676443190258394,2022
2022-10-21,0.005904014879713149,2022
2022-10-24,-0.0007335903044867198,2022
2022-10-25,0.04111593666920421,2022
2022-10-26,-0.0007053670687033886,2022
2022-10-27,-0.0021170565292624177,2022
2022-10-28,0.023338106630001132,2022
2022-10-31,-0.002764394716552987,2022
2022-11-01,-0.001385915605284338,2022
2022-11-02,-0.02775859571956285,2022
2022-11-03,-0.0028550823990439733,2022
2022-11-04,0.01646372909767213,2022
2022-11-07,-0.0007041434718225714,2022
2022-11-08,0.011275770226805593,2022
2022-11-09,-0.010453262007068864,2022
2022-11-10,0.07535240749914718,2022
2022-11-11,0.0,2022
2022-11-14,-0.024885636151893653,2022
2022-11-15,0.012760294760423063,2022
2022-11-16,-0.009946948547823964,2022
2022-11-17,-0.008037449117214157,2022
2022-11-18,0.012153859704776115,2022
2022-11-21,0.006671137792463533,2022
2022-11-22,0.004638871712697279,2022
2022-11-23,0.0013193952175265533,2022
2022-11-25,0.006587350251517021,2022
2022-11-28,-0.03141352668099273,2022
2022-11-29,0.019594597579779327,2022
2022-11-30,0.023194286344039305,2022
2022-12-01,-0.0038861930356405283,2022
2022-12-02,-0.0019505709395115645,2022
2022-12-05,-0.018240908955693635,2022
2022-12-06,-0.00862641814795495,2022
2022-12-07,0.0013386781253779123,2022
2022-12-08,0.007382899512347496,2022
2022-12-09,-0.0034247501544970582,2022
2022-12-12,0.0048111271246593645,2022
2022-12-13,0.018467773325370418,2022
2022-12-14,-0.00805910563858736,2022
2022-12-15,-0.012186838020510016,2022
2022-12-16,-0.02741612909621738,2022
2022-12-19,-0.01268481309675018,2022
2022-12-20,-0.0028551805234005023,2022
2022-12-21,0.009305528873658542,2022
2022-12-22,-0.0028367319081310516,2022
2022-12-23,0.009245962686652343,2022
2022-12-27,-0.0007045919679640189,2022
2022-12-28,-0.016925406447936275,2022
2022-12-29,0.02367307302117161,2022
2022-12-30,-0.007708465536006903,2022
2022-12-31,0.0,2022
2023-01-03,0.0,2023
2023-01-04,0.0225510317583435,2023
2023-01-05,-0.028256412122094066,2023
2023-01-06,0.025531933055378264,2023
2023-01-09,-0.0006915816652296458,2023
2023-01-10,0.0013841936266596466,2023
2023-01-11,0.03662739954590877,2023
2023-01-12,0.011999973253779661,2023
2023-01-13,-0.006587515768766816,2023
2023-01-17,0.003315599448030282,2023
2023-01-18,-0.0138796662951578,2023
2023-01-19,-0.005361862947519502,2023
2023-01-20,0.012129351385511855,2023
2023-01-23,0.005991820932115699,2023
2023-01-24,0.00529458098326252,2023
2023-01-25,0.0,2023
2023-01-26,0.010533392069186354,2023
2023-01-27,0.011074804486211232,2023
2023-01-30,-0.012886742757520886,2023
2023-01-31,0.021540573930605378,2023
2023-02-01,0.005750819757950998,2023
2023-02-02,0.022871747733041792,2023
2023-02-03,-0.018633650344653696,2023
2023-02-06,-0.006329151986648629,2023
2023-02-07,-0.002547705424300606,2023
2023-02-08,-0.004469973538285266,2023
2023-02-09,-0.011545836886433403,2023
2023-02-10,0.0038934754329571497,2023
2023-02-13,0.00904974658061608,2023
2023-02-14,-0.006406121177730206,2023
2023-02-15,0.003223882255088073,2023
2023-02-16,-0.006426705217263073,2023
2023-02-17,-0.003234239892505264,2023
2023-02-21,-0.018170031605327375,2023
2023-02-22,-0.009253041083410296,2023
2023-02-23,0.0066710123047764025,2023
2023-02-24,-0.016567151950893533,2023
2023-02-27,-0.0006740860478132715,2023
2023-02-28,-0.0013483695762830372,2023
2023-03-01,-0.01485508553319037,2023
2023-03-02,0.01302261074244715,2023
2023-03-03,0.016914852847316197,2023
2023-03-06,-0.0033267701739880806,2023
2023-03-07,-0.023364346341129938,2023
2023-03-08,0.012303602447860662,2023
2023-03-09,-0.02160710550744982,2023
2023-03-10,-0.03381639203363718,2023
2023-03-13,0.017142792072843527,2023
2023-03-14,0.010533770499971062,2023
2023-03-15,-0.002084910754638347,2023
2023-03-16,-0.002785443846573976,2023
2023-03-17,-0.023044800187443704,2023
2023-03-20,0.011436749375592692,2023
2023-03-21,-0.0070669566818648555,2023
2023-03-22,-0.03701092314199772,2023
2023-03-23,-0.005173594900519829,2023
2023-03-24,0.023774320207615274,2023
2023-03-27,-0.002177126927970896,2023
2023-03-28,-0.00290916953529452,2023
2023-03-29,0.021881892164956174,2023
2023-03-30,0.012134216705113277,2023
2023-03-31,0.023510131425717118,2023
2023-04-03,-0.009021513242163826,2023
2023-04-04,-0.0014005320538983401,2023
2023-04-05,-0.006311417101986461,2023
2023-04-06,0.00635150409354579,2023
2023-04-10,0.004908773787175802,2023
2023-04-11,0.004884795431406408,2023
2023-04-12,-0.00486105019561911,2023
2023-04-13,-0.002791290774841748,2023
2023-04-14,-0.015395438160475727,2023
2023-04-17,0.024875606693494534,2023
2023-04-18,0.0,2023
2023-04-19,0.005547884286652538,2023
2023-04-20,-0.009655267541718415,2023
2023-04-21,0.0020893501976348983,2023
2023-04-24,-0.004864500163101804,2023
2023-04-25,-0.0076817384582500425,2023
2023-04-26,-0.007740909291090281,2023
2023-04-27,0.022694949938911524,2023
2023-04-28,0.012482775992122885,2023
2023-05-01,-0.00821929945043598,2023
2023-05-02,-0.015883912756770147,2023
2023-05-03,-0.004912292213489433,2023
2023-05-04,0.006347024749907337,2023
2023-05-05,0.017519395413593486,2023
2023-05-08,-0.006198474042955926,2023
2023-05-09,-0.004158065625940788,2023
2023-05-10,0.011134229713936739,2023
2023-05-11,-0.008947007435374688,2023
2023-05-12,0.0,2023
2023-05-15,0.0,2023
2023-05-16,-0.027083191534200468,2023
2023-05-17,0.011420333347075484,2023
2023-05-18,-0.005645617023492755,2023
2023-05-19,-0.00354880475116226,2023
2023-05-22,0.006410314799630834,2023
2023-05-23,-0.009200209739410381,2023
2023-05-24,-0.021428589077709836,2023
2023-05-25,0.0029196492748162495,2023
2023-05-26,0.014556206444903186,2023
2023-05-30,0.0028692320209782185,2023
2023-05-31,0.006437826810176794,2023
2023-06-01,0.0,2023
2023-06-02,0.02061115098657118,2023
2023-06-05,-0.004874517811378265,2023
2023-06-06,0.009797083673825702,2023
2023-06-07,0.015938948883085224,2023
2023-06-08,-0.004092687205921042,2023
2023-06-09,-0.0047946751105025776,2023
2023-06-12,0.0,2023
2023-06-13,0.006194137566010838,2023
2023-06-14,0.004787973123164813,2023
2023-06-15,0.002722957437618412,2023
2023-06-16,0.00203665451510493,2023
2023-06-20,-0.011517703277243108,2023
2023-06-21,-0.006168521129103155,2023
2023-06-22,-0.013103437955379604,2023
2023-06-23,-0.014675013711149432,2023
2023-06-26,0.022694949938911524,2023
2023-06-27,0.011789126894095725,2023
2023-06-28,0.0013709900319784918,2023
2023-06-29,0.009582427712419683,2023
2023-06-30,0.006697512039971931,2023
2023-07-03,0.009504502097274825,2023
2023-07-05,0.003362536058765686,2023
2023-07-06,-0.006702534603242771,2023
2023-07-07,-0.003373740522011337,2023
2023-07-10,0.002031082625685965,2023
2023-07-11,0.014189321925910381,2023
2023-07-12,0.004663531366225104,2023
2023-07-13,0.006631213310337669,2023
2023-07-14,-0.0019762247469453653,2023
2023-07-17,-0.008580780794425924,2023
2023-07-18,-0.007323645827535197,2023
2023-07-19,0.014755215160867419,2023
2023-07-20,-0.003304683987317092,2023
2023-07-21,0.005968195414232991,2023
2023-07-24,0.008569330429934796,2023
2023-07-25,-0.00915020925774368,2023
2023-07-26,0.006596289146646672,2023
2023-07-27,-0.022280387781398403,2023
2023-07-28,0.0006703370956449017,2023
2023-07-31,0.005358268565764712,2023
2023-08-01,0.0013324276363213539,2023
2023-08-02,-0.003992033091947955,2023
2023-08-03,-0.01336008782385878,2023
2023-08-04,-0.006093388684893508,2023
2023-08-07,0.011580407624568245,2023
2023-08-08,-0.008754269489378297,2023
2023-08-09,0.0013586073483478067,2023
2023-08-10,-0.0027135986247244226,2023
2023-08-11,0.0006800864064846479,2023
2023-08-14,-0.004758500480664063,2023
2023-08-15,-0.009562859287326808,2023
2023-08-16,-0.012413847112177745,2023
2023-08-17,-0.006983149960140933,2023
2023-08-18,0.002109567489669617,2023
2023-08-21,-0.0105262166997514,2023
2023-08-22,0.002836842610252077,2023
2023-08-23,0.014851550315794881,2023
2023-08-24,-0.002787492653003598,2023
2023-08-25,0.001397751244605283,2023
2023-08-28,0.0069783482244092365,2023
2023-08-29,0.012473777258733776,2023
2023-08-30,0.004106936945471595,2023
2023-08-31,-0.005453376902318285,2023
2023-09-01,0.0,2023
2023-09-05,-0.012337271495878155,2023
2023-09-06,-0.003469659691049398,2023
2023-09-07,0.006267363985043906,2023
2023-09-08,-0.006228328781551329,2023
2023-09-11,0.0006964059601402006,2023
2023-09-12,0.001391697905455569,2023
2023-09-13,-0.010423878673738174,2023
2023-09-14,0.019662957860458574,2023
2023-09-15,-0.002754999878252673,2023
2023-09-18,-0.008977749237317867,2023
2023-09-19,-0.006271731656349755,2023
2023-09-20,0.0014025062370071062,2023
2023-09-21,0.0,2023
2023-09-22,-0.039915919420885015,2023
2023-09-25,-0.001458997660415795,2023
2023-09-26,-0.018991872334536364,2023
2023-09-27,-0.011168995860435627,2023
2023-09-28,0.009789146838611984,2023
2023-09-29,0.005183665436455875,2023
2023-10-02,-0.01793710003639659,2023
2023-10-03,-0.019786919762945332,2023
2023-10-04,0.013198714956865976,2023
2023-10-05,0.004597551505437725,2023
2023-10-06,0.0015255298314855725,2023
2023-10-09,0.011424360465285499,2023
2023-10-10,0.0022590792796532977,2023
2023-10-11,0.01803166609874296,2023
2023-10-12,-0.014022380443777238,2023
2023-10-13,-0.002245397545383332,2023
2023-10-16,0.009752443453777015,2023
2023-10-17,0.0,2023
2023-10-18,-0.020802365108393617,2023
2023-10-19,-0.02124437504013632,2023
2023-10-20,-0.004651091707913557,2023
2023-10-23,-0.008567007431036888,2023
2023-10-24,0.014139772657338456,2023
2023-10-25,-0.02013935911055531,2023
2023-10-26,0.01818186565583413,2023
2023-10-27,-0.01630441751207856,2023
2023-10-30,0.004735604833414397,2023
2023-10-31,0.019638753320052382,2023
2023-11-01,0.008474445532475006,2023
2023-11-02,0.03208562264021797,2023
2023-11-03,0.02072537593337276,2023
2023-11-06,-0.014503340093085626,2023
2023-11-07,-0.011773334934403579,2023
2023-11-08,0.006701465962011266,2023
2023-11-09,-0.013313634200634139,2023
2023-11-10,0.008995519185638567,2023
2023-11-13,-0.008172390586436706,2023
2023-11-14,0.051685375188712745,2023
2023-11-15,0.0021367194622030627,2023
2023-11-16,0.0035537527664426527,2023
2023-11-17,-0.001416481952117854,2023
2023-11-20,0.008510654496401981,2023
2023-11-21,-0.004219417245845403,2023
2023-11-22,0.0021186845305340984,2023
2023-11-24,0.004228192171614298,2023
2023-11-27,0.004912350848676805,2023
2023-11-28,0.004189808027259101,2023
2023-11-29,0.00625881317627508,2023
2023-11-30,0.008984181899241994,2023
2023-12-01,0.018493079067017026,2023
2023-12-04,0.00538001632066476,2023
2023-12-05,-0.004682271522727932,2023
2023-12-06,-0.005376400400528114,2023
2023-12-07,-6.974250166269513e-08,2023
2023-12-08,-0.0020448502900382026,2023
2023-12-11,0.003415230183676954,2023
2023-12-12,0.0006808047941473383,2023
2023-12-13,0.03333325909315721,2023
2023-12-14,0.023041405747415977,2023
2023-12-15,-0.01286994703200961,2023
2023-12-18,-0.005215190207743858,2023
2023-12-19,0.007208387942332806,2023
2023-12-20,-0.011711059003085889,2023
2023-12-21,0.008558194083038151,2023
2023-12-22,0.002611032840898808,2023
2023-12-26,0.007812499479612933,2023
2023-12-27,0.005167892221578985,2023
2023-12-28,0.006426866725266045,2023
2023-12-29,-0.011494316705132901,2023
2023-12-30,0.0,2023
2023-12-31,0.0,2023
2024-01-02,0.0,2024
2024-01-03,-0.021126759179560528,2024
2024-01-04,-0.0006540221929924872,2024
2024-01-05,-0.0019634176121565705,2024
2024-01-08,0.015082034303119274,2024
2024-01-09,-0.005813887010924446,2024
2024-01-10,0.003898568479532294,2024
2024-01-11,-0.007766923555398986,2024
2024-01-12,0.006523156337379099,2024
2024-01-16,-0.005184837047031321,2024
2024-01-17,-0.019543840635495746,2024
2024-01-18,-0.005980065632114284,2024
2024-01-19,0.010026736596446373,2024
2024-01-22,0.0026472531160206536,2024
2024-01-23,-0.004620528954972669,2024
2024-01-24,-0.015915118283612917,2024
2024-01-25,0.012129448161230405,2024
2024-01-26,-0.003994673224095857,2024
2024-01-29,0.005347456070364576,2024
2024-01-30,-0.008643617021276584,2024
2024-01-31,-0.007377530307004054,2024
2024-02-01,0.02027033799888711,2024
2024-02-02,-0.010596160567072688,2024
2024-02-05,-0.018072152192427082,2024
2024-02-06,0.014314856686143518,2024
2024-02-07,-0.0026881718581768244,2024
2024-02-08,0.006064827495962044,2024
2024-02-09,0.002009308152051137,2024
2024-02-12,-0.0046791437450083295,2024
2024-02-13,-0.016789720787209195,2024
2024-02-14,0.007513449970679487,2024
2024-02-15,0.021694984618479296,2024
2024-02-16,-0.011280825129626582,2024
2024-02-20,-0.002013422957045541,2024
2024-02-21,0.006052661436471096,2024
2024-02-22,0.004010694638578505,2024
2024-02-23,-0.0013315577413652857,2024
2024-02-26,-0.009333400268276337,2024
2024-02-27,-0.0006730163145350909,2024
2024-02-28,0.011447949242096911,2024
2024-02-29,0.011318036449587954,2024
2024-03-01,0.011191708867388517,2024
2024-03-04,0.010416732582355204,2024
2024-03-05,-0.012242266427146986,2024
2024-03-06,0.00521839159013382,2024
2024-03-07,0.0006489956601278823,2024
2024-03-08,0.008430542688194098,2024
2024-03-11,-0.00514449714677101,2024
2024-03-12,-0.001939435256294142,2024
2024-03-13,-0.006476551408993503,2024
2024-03-14,-0.01499347909515425,2024
2024-03-15,-0.001985507548625698,2024
2024-03-18,-0.0006631299284838299,2024
2024-03-19,0.0013271399231700176,2024
2024-03-20,0.003313520194329511,2024
2024-03-21,0.0039628086210972135,2024
2024-03-22,-0.01249986621998389,2024
2024-03-25,-0.004663625473091959,2024
2024-03-26,-0.002677444653451766,2024
2024-03-27,0.024832422468075377,2024
2024-03-28,0.008569437651173573,2024
2024-04-01,-0.01633981934787143,2024
2024-04-02,-0.013289062796526863,2024
2024-04-03,0.0006733712209026077,2024
2024-04-04,-0.006729454571769877,2024
2024-04-05,0.00542016150785285,2024
2024-04-08,0.010781677989774474,2024
2024-04-09,0.012666382384671548,2024
2024-04-10,-0.03554962727941435,2024
2024-04-11,0.0013653362772811928,2024
2024-04-12,-0.008179947340043014,2024
2024-04-15,-0.014433056091069152,2024
2024-04-16,-0.013946958490914874,2024
2024-04-17,-0.006365074868413201,2024
2024-04-18,0.001423642477428766,2024
2024-04-19,0.00497512329989469,2024
2024-04-22,0.006364859220125307,2024
2024-04-23,0.010541078104805868,2024
2024-04-24,0.0006954505981271453,2024
2024-04-25,-0.0034746245117693864,2024
2024-04-26,-0.0013947100251348044,2024
2024-04-29,0.010474899195322962,2024
2024-04-30,-0.017968266692347634,2024
2024-05-01,0.002814867576477864,2024
2024-05-02,0.011228150663328051,2024
2024-05-03,0.0076336771676281945,2024
2024-05-06,0.0006886050529064658,2024
2024-05-07,0.010323507008172417,2024
2024-05-08,-0.006812037209364186,2024
2024-05-09,0.019204386705893084,2024
2024-05-10,-0.0026918091886630746,2024
2024-05-13,0.004048611873637364,2024
2024-05-14,0.007392491480632257,2024
2024-05-15,0.01667786946221894,2024
2024-05-16,-0.0006563393100160742,2024
2024-05-17,0.0006567703742303976,2024
2024-05-20,-0.005905586513971217,2024
2024-05-21,0.0013202084477508258,2024
2024-05-22,-0.009228805553135988,2024
2024-05-23,-0.018629404251431336,2024
2024-05-24,0.0013560796006804043,2024
2024-05-28,-0.00406252296756171,2024
2024-05-29,-0.006797937857967562,2024
2024-05-30,0.015742647740203397,2024
2024-05-31,0.02021550068519451,2024
2024-06-03,-0.0013209462287744334,2024
2024-06-04,0.00925932461563006,2024
2024-06-05,0.0006552126673649017,2024
2024-06-06,0.0032744507309088178,2024
2024-06-07,-0.007833085950841756,2024
2024-06-10,0.003289597745468109,2024
2024-06-11,-0.0026229694381471047,2024
2024-06-12,0.005259801826379196,2024
2024-06-13,0.00457802157434295,2024
2024-06-14,0.0013021588122892336,2024
2024-06-17,-0.005201597250134915,2024
2024-06-18,0.0026144641016241366,2024
2024-06-20,-0.003911436625377407,2024
2024-06-21,0.0013089098398131327,2024
2024-06-24,0.008496825639990657,2024
2024-06-25,-0.013609913482903524,2024
2024-06-26,-0.0006570682654459814,2024
2024-06-27,0.009861902886960205,2024
2024-06-28,0.007807923700560826,2024
2024-07-01,-0.007812370730579832,2024
2024-07-02,0.003936909128606336,2024
2024-07-03,0.0013072228031443256,2024
2024-07-05,0.002610900741006006,2024
2024-07-08,0.0013021165056448236,2024
2024-07-09,0.0,2024
2024-07-10,0.008452586882152335,2024
2024-07-11,0.021276518267326905,2024
2024-07-12,0.006313164756453604,2024
2024-07-15,0.005018821688583364,2024
2024-07-16,0.008739046602645573,2024
2024-07-17,0.006807072815146142,2024
2024-07-18,-0.007990337283839466,2024
2024-07-19,0.0006195007513805084,2024
2024-07-22,0.008668889884877462,2024
2024-07-23,0.0006137343634098347,2024
2024-07-24,-0.013496844297299582,2024
2024-07-25,-0.010572188996318177,2024
2024-07-26,0.016342086716342186,2024
2024-07-29,0.0061843239522192395,2024
2024-07-30,0.010448540209557322,2024
2024-07-31,-0.0006082573185501872,2024
2024-08-01,0.015824561076124732,2024
2024-08-02,0.0011984134436946459,2024
2024-08-05,-0.02992218067453556,2024
2024-08-06,0.022825406890826017,2024
2024-08-07,-0.00904700148666504,2024
2024-08-08,0.008521092212317782,2024
2024-08-09,0.004224335309628069,2024
2024-08-12,-0.005408700942622469,2024
2024-08-13,0.006646726061904751,2024
2024-08-14,0.004201575368289356,2024
2024-08-15,-0.0023910357049395925,2024
2024-08-16,-0.0017972575959240844,2024
2024-08-19,0.0072028217054940225,2024
2024-08-20,0.0,2024
2024-08-21,0.004171769008208148,2024
2024-08-22,0.004154138381697203,2024
2024-08-23,0.018912474453254724,2024
2024-08-26,-0.0011602978983246137,2024
2024-08-27,0.0029038215416001822,2024
2024-08-28,-0.004053112096779499,2024
2024-08-29,-0.00465128060912523,2024
2024-08-30,0.00934579659478496,2024
2024-09-03,0.002314990450314136,2024
2024-09-04,0.002886705177808313,2024
2024-09-05,-0.0028783960968916666,2024
2024-09-06,-0.0011549382841136158,2024
2024-09-09,0.009248557339551322,2024
2024-09-10,0.017182279458748395,2024
2024-09-11,-0.0016894307282860899,2024
2024-09-12,0.003948183055350274,2024
2024-09-13,0.008427152824443507,2024
2024-09-16,0.002785613920585517,2024
2024-09-17,-0.007777805792984482,2024
2024-09-18,-0.003359716694159798,2024
2024-09-19,-0.0016854079008948863,2024
2024-09-20,-0.002251042232212952,2024
2024-09-23,0.010716431854592479,2024
2024-09-24,-0.00111615610066651,2024
2024-09-25,-0.002793057495335316,2024
2024-09-26,-0.010084119077537812,2024
2024-09-27,0.0022636671041795786,2024
2024-09-30,0.007606647507867992,2024
2024-10-01,-0.007887200909532988,2024
2024-10-02,-0.004542801939896757,2024
2024-10-03,-0.007986526406389305,2024
2024-10-04,-0.005175422919519113,2024
2024-10-07,-0.008092359785276892,2024
2024-10-08,0.0005827414524433028,2024
2024-10-09,0.001747323042204707,2024
2024-10-10,-0.0069768676185737455,2024
2024-10-11,0.009953123559155896,2024
2024-10-14,0.007536230737790639,2024
2024-10-15,0.012082896431871104,2024
2024-10-16,0.010801765211857717,2024
2024-10-17,-0.006186854609706582,2024
2024-10-18,0.006225370069216529,2024
2024-10-21,-0.019122646104152596,2024
2024-10-22,0.0028669272901451492,2024
2024-10-23,0.010291548169453879,2024
2024-10-24,-0.001131957724802457,2024
2024-10-25,-0.0033993804860964483,2024
2024-10-28,0.004548081651257085,2024
2024-10-29,-0.006225370069216418,2024
2024-10-30,0.002277983190204891,2024
2024-10-31,-0.016477357384771962,2024
2024-11-01,-0.010398452008580028,2024
2024-11-04,0.004670213122323297,2024
2024-11-05,0.012783064351690854,2024
2024-11-06,-0.028112243153671113,2024
2024-11-07,0.00885476053676948,2024
2024-11-08,0.014043196650774359,2024
2024-11-11,-0.004616315984646735,2024
2024-11-12,-0.01391294294387202,2024
2024-11-13,0.005291040240191114,2024
2024-11-14,-0.008771909239878917,2024
2024-11-15,0.004129728493552198,2024
2024-11-18,0.007637953101185646,2024
2024-11-19,0.006997092665822269,2024
2024-11-20,-0.0034740625096573163,2024
2024-11-21,0.00522931883386013,2024
2024-11-22,0.005780488942011219,2024
2024-11-25,0.010919484298045123,2024
2024-11-26,0.004548081651257085,2024
2024-11-27,0.006791178609961923,2024
2024-11-29,-0.005058942613775708,2024
2024-12-02,-0.01186444655008223,2024
2024-12-03,-0.006861070351753651,2024
2024-12-04,-0.0009856371653939044,2024
2024-12-05,-0.0017412798129130547,2024
2024-12-06,-0.0017440855081412021,2024
2024-12-09,-0.0017472486837621926,2024
2024-12-10,-0.016336004065258924,2024
2024-12-11,-0.0023726572520540445,2024
2024-12-12,-0.0017836066661099936,2024
2024-12-13,-0.001191037531564576,2024
2024-12-16,-0.004770484543190512,2024
2024-12-17,-0.0059916441770377915,2024
2024-12-18,-0.03737183811717104,2024
2024-12-19,-0.015654467164433417,2024
2024-12-20,0.015267183311701737,2024
2024-12-23,0.002506329327229828,2024
2024-12-24,0.006875018559972634,2024
2024-12-26,0.0006207790963150828,2024
2024-12-27,-0.008684959431857542,2024
2024-12-30,-0.005006322496305837,2024
2024-12-31,0.0,2024
2025-01-02,0.0,2025
2025-01-03,0.013207600360847893,2025
2025-01-06,-0.012414654467491792,2025
2025-01-07,-0.006913971816453812,2025
2025-01-08,0.0018987508957726273,2025
2025-01-10,0.0,2025
2025-01-13,-0.012002485507759397,2025
2025-01-14,0.008312071932530696,2025
2025-01-15,0.0019022364416227955,2025
2025-01-16,0.023417843656228454,2025
2025-01-17,0.0006184140276679351,2025
2025-01-21,0.01668735186382242,2025
2025-01-22,-0.017629351455361153,2025
2025-01-23,0.007425807875281576,2025
2025-01-24,0.0030712390904197306,2025
2025-01-27,0.00918550638498461,2025
2025-01-28,-0.012742649055200617,2025
2025-01-29,-0.012907242400185703,2025
2025-01-30,0.013698667520765984,2025
2025-01-31,-0.003685535856453259,2025
2025-02-03,-0.0012330154849746755,2025
2025-02-04,-0.0006172688445310603,2025
2025-02-05,0.01605939481856833,2025
2025-02-06,0.004255153981991944,2025
2025-02-07,-0.0030265604724509787,2025
2025-02-10,0.0006070891905827214,2025
2025-02-11,0.00546121302103475,2025
2025-02-12,-0.007845492313509506,2025
2025-02-13,0.009124227787297157,2025
2025-02-14,-0.0066306973276851755,2025
2025-02-18,0.004247589980003186,2025
2025-02-19,-0.0018127047139651076,2025
2025-02-20,0.0072639260220468405,2025
2025-02-21,-0.008413495498196255,2025
2025-02-24,0.004848547705568196,2025
2025-02-25,0.012665913250344607,2025
2025-02-26,-0.007147054911474937,2025
2025-02-27,0.004798922333847155,2025
2025-02-28,0.008358123605175516,2025
2025-03-03,0.008289198270092779,2025
2025-03-04,-0.012918646126260258,2025
2025-03-05,0.008328647182947124,2025
2025-03-06,-0.02477891489472228,2025
2025-03-07,0.007864477179186702,2025
2025-03-10,-0.010204071261028846,2025
2025-03-11,-0.007883614554305862,2025
2025-03-12,-0.004889917046213221,2025
2025-03-13,-0.01658472779922926,2025
2025-03-14,0.023110362684661823,2025
2025-03-17,0.01587311626010801,2025
2025-03-18,-0.003004614582290732,2025
2025-03-19,0.0,2025
2025-03-20,-0.0012056959572349646,2025
2025-03-21,-0.009052523500107879,2025
2025-03-24,0.01218033417087061,2025
2025-03-25,-0.013838888736725008,2025
2025-03-26,0.0048811491594731304,2025
2025-03-27,-0.0018215094881424143,2025
2025-03-28,0.001824833439566964,2025
2025-03-31,0.006842605202484586,2025
2025-04-01,0.0018203630538562443,2025
2025-04-02,0.0036341706657774253,2025
2025-04-03,-0.023536424048375526,2025
2025-04-04,-0.045117492034892015,2025
2025-04-07,-0.028478867442218725,2025
2025-04-08,-0.02664907714359621,2025
2025-04-09,0.057494952651442555,2025
2025-04-10,-0.01877026456607589,2025
2025-04-11,0.014511889804711853,2025
2025-04-14,0.019505838447447132,2025
2025-04-15,0.0025510692072221453,2025
2025-04-16,0.0012721629622995945,2025
2025-04-17,0.016518489685975135,2025
2025-04-21,-0.02062496121516877,2025
2025-04-22,0.019782960102673997,2025
2025-04-23,-0.0018773206715834156,2025
2025-04-24,0.001254004528939312,2025
2025-04-25,0.0012522480120515933,2025
2025-04-28,0.0075047101772951486,2025
2025-04-29,0.006828064697756542,2025
2025-04-30,0.008014827589721385,2025
2025-05-01,0.004892938587608642,2025
2025-05-02,0.009129634519992491,2025
2025-05-05,-0.0030156794554068167,2025
2025-05-06,-0.00665457480758358,2025
2025-05-07,0.0,2025
2025-05-08,-0.006699094547007345,2025
2025-05-09,0.006131142613811313,2025
2025-05-12,-0.0006093961747751786,2025
2025-05-13,-0.011585346089081017,2025
2025-05-14,-0.007402796050010041,2025
2025-05-15,0.01864498460914521,2025
2025-05-16,0.012202796907142988,2025
2025-05-19,0.0024108980899701926,2025
2025-05-20,-0.0036078875648657416,2025
2025-05-21,-0.02413999562928859,2025
2025-05-22,-0.006184287582534864,2025
2025-05-23,0.0018668066561189356,2025
2025-05-27,0.01614906969781993,2025
2025-05-28,-0.003056172138950153,2025
2025-05-29,0.009809937431597637,2025
2025-05-30,0.001821408120857182,2025
2025-06-02,0.0006060722051459688,2025
2025-06-03,-0.003028405602730211,2025
2025-06-04,0.0012150298525190895,2025
2025-06-05,0.0,2025
2025-06-06,0.0036407861757887794,2025
2025-06-09,0.0,2025
2025-06-10,0.007859824187717912,2025
2025-06-11,-0.006598805656675588,2025
2025-06-12,0.004227014443295651,2025
2025-06-13,-0.007817169092243392,2025
2025-06-16,0.0006060722051459688,2025
2025-06-17,0.0006057051041177264,2025
2025-06-18,0.004842647657609334,2025
2025-06-20,-0.0012048422684716176,2025
2025-06-23,0.013269013486103765,2025
2025-06-24,0.0029762472956866848,2025
2025-06-25,-0.021365039344839798,2025
2025-06-26,-0.0018192591134046365,2025
2025-06-27,0.0012150298525190895,2025
2025-06-30,0.007837322193988916,2025
2025-07-01,0.004860458646109178,2025
2025-07-02,0.0012090296196836103,2025
2025-07-03,0.0018115914125591548,2025
2025-07-07,-0.009041518284860661,2025
2025-07-08,-0.0006083113083544811,2025
2025-07-09,0.0012173034426932183,2025
2025-07-10,0.0042553521397228344,2025
2025-07-11,-0.0012107309672414468,2025
2025-07-14,0.006666735636177812,2025
2025-07-15,-0.011438913142010287,2025
2025-07-16,0.009744238678701889,2025
2025-07-17,-0.0006031747797441422,2025
2025-07-18,0.00241403686595576,2025
2025-07-21,0.002408223326065162,2025
2025-07-22,0.017417349401906534,2025
2025-07-23,-0.001180712891603375,2025
2025-07-24,-0.003545977983835713,2025
2025-07-25,-0.001186198896449775,2025
2025-07-28,-0.017221184552688618,2025
2025-07-29,0.013293191045163688,2025
2025-07-30,-0.015503930386868148,2025
2025-07-31,-0.013930772065582575,2025
2025-08-01,0.0,2025
2025-08-04,0.007985164486120855,2025
2025-08-05,0.0012187870763971098,2025
2025-08-06,-0.007303820656159199,2025
2025-08-07,0.004291939460405958,2025
2025-08-08,-0.010988874092889955,2025
2025-08-11,-0.0049382834173912205,2025
2025-08-12,0.004342343306202201,2025
2025-08-13,0.008647319556350563,2025
2025-08-14,-0.007960715474349622,2025
2025-08-15,0.005555485577986241,2025
2025-08-18,-0.00859441635746705,2025
2025-08-19,0.016099189801252578,2025
2025-08-20,0.003046878017151089,2025
2025-08-21,-0.001822537890121101,2025
2025-08-22,0.015216143759195777,2025
2025-08-25,-0.005995233173835324,2025
2025-08-26,-0.0036188120001131585,2025
2025-08-27,0.006053179760293403,2025
2025-08-28,-0.00421194396242186,2025
2025-08-29,0.004833909208007858,2025
2025-09-02,-0.01623551798072831,2025
2025-09-03,-0.0018337977543128048,2025
2025-09-04,0.004898911072742873,2025
2025-09-05,0.009140753616575958,2025
2025-09-08,-0.006642462352014378,2025
2025-09-09,-0.0018237053063979713,2025
2025-09-10,0.0006089925126124829,2025
2025-09-11,0.015216143759195777,2025
2025-09-12,-0.004796233590950272,2025
2025-09-15,-0.0012047779795000269,2025
2025-09-16,-0.004222105119033204,2025
2025-09-17,-0.0018170778939342602,2025
2025-09-18,0.0006069539685300551,2025
2025-09-19,-0.004245029726630656,2025
2025-09-22,0.0042631268267385725,2025
2025-09-23,0.00667065901180286,2025
2025-09-24,-0.010240967415560354,2025
2025-09-25,-0.001825925309145937,2025
2025-09-26,0.010365857269562406,2025
2025-09-29,0.0018104980468172105,2025
2025-09-30,0.006186292030712304,2025
2025-10-01,0.0006028555288206672,2025
2025-10-02,-0.0036143668823640507,2025
2025-10-03,0.0018135622217267944,2025
2025-10-06,-0.0078454055462851,2025
2025-10-07,-0.0042578993225341755,2025
2025-10-08,-0.0030544893761627057,2025
2025-10-09,-0.004901917760388397,2025
2025-10-10,-0.011083766084036939,2025
2025-10-13,0.004981336899304134,2025
2025-10-14,0.008674206271608531,2025
2025-10-15,0.012284962578779757,2025
2025-10-16,-0.0012136405965913477,2025
2025-10-17,0.004860461239443614,2025
2025-10-20,0.009068753708541433,2025
2025-10-21,-0.00359499363157878,2025
2025-10-22,0.0024052704309118766,2025
2025-10-23,0.0,2025
2025-10-24,0.0029994614133090902,2025
2025-10-27,0.002392439862062279,2025
2025-10-28,-0.020286388966020197,2025
2025-10-29,-0.02375163608759412,2025
2025-10-30,0.004990659192399605,2025
2025-10-31,0.0018621506494209683,2025
2025-11-03,0.0,2025
2025-11-04,0.0018587498621243093,2025
2025-11-05,0.0018553615815835034,2025
2025-11-06,-0.0024692341199892276,2025
2025-11-07,0.01670792444875424,2025
2025-11-10,0.0,2025
2025-11-11,0.0103470428022856,2025
2025-11-12,-0.009036210703724401,2025
2025-11-13,-0.01398184642282696,2025
2025-11-14,0.004315832088834348,2025
2025-11-17,-0.004911123869331346,2025
2025-11-18,0.004318434274229732,2025
2025-11-19,-0.006756846132386474,2025
2025-11-20,-0.0006184538605278345,2025
2025-11-21,0.01423269871480004,2025
2025-11-24,0.002440490961384656,2025
2025-11-25,0.007912374723006987,2025
2025-11-26,0.006038770568731033,2025
2025-11-28,0.004801877797415477,2025
2025-12-01,-0.014934359854473778,2025
2025-12-02,-0.004244870830322656,2025
2025-12-03,0.0012179565390568747,2025
2025-12-04,0.0,2025
2025-12-05,0.0012164749254668372,2025
2025-12-08,-0.004192816765868135,2025
2025-12-09,-0.006811086688514267,2025
2025-12-10,0.002493711253112929,2025
2025-12-11,0.0024876275398710845,2025
2025-12-12,-0.003722181907584887,2025
2025-12-15,0.006226694284004797,2025
2025-12-16,-0.00928218432071548,2025
2025-12-17,0.0031230101889121453,2025
2025-12-18,-0.00684931588741422,2025
2025-12-19,-0.0025078427646452184,2025
2025-12-22,0.005656847753541916,2025
2025-12-23,-0.0006250164264829383,2025
2025-12-24,0.006253953077399066,2025
2025-12-26,0.001864561071535542,2025
2025-12-29,0.003101699138876146,2025
2025-12-30,0.0030921083490724754,2025
2025-12-31,0.0,2025
2026-01-01,0.0,2025
2026-01-02,0.0,2025
