Date,Daily_Return,Year
1999-01-04,0.0,1999
1999-01-05,0.004455722061162071,1999
1999-01-06,-0.0006336992681407194,1999
1999-01-07,-0.005707466378111037,1999
1999-01-08,0.004464684385687923,1999
1999-01-11,-0.0012701841240728706,1999
1999-01-12,-0.003178692981105957,1999
1999-01-13,-0.005101119414216093,1999
1999-01-14,-0.006410733628329557,1999
1999-01-15,0.0,1999
1999-01-19,0.004516027036145731,1999
1999-01-20,-0.00256904789848611,1999
1999-01-21,-0.00321962822294819,1999
1999-01-22,0.0032300277113284093,1999
1999-01-25,0.001931701587046808,1999
1999-01-26,-0.002570573745743099,1999
1999-01-27,-0.007087343340421159,1999
1999-01-28,-0.007138438540367109,1999
1999-01-29,-0.005882665981751356,1999
1999-02-01,0.007232435685059269,1999
1999-02-02,0.004569023416435947,1999
1999-02-03,0.009096801581468528,1999
1999-02-04,0.001287738269096117,1999
1999-02-05,-0.005144642068587446,1999
1999-02-08,0.0012927327793579302,1999
1999-02-09,-0.0006455004139033216,1999
1999-02-10,-0.008397429533654521,1999
1999-02-11,-0.006515080309184684,1999
1999-02-12,-0.005246295101413945,1999
1999-02-16,-0.0006585384149658813,1999
1999-02-17,-0.0019791040471388577,1999
1999-02-18,0.0033041669768270054,1999
1999-02-19,0.0006588754870504587,1999
1999-02-22,0.011191967486835264,1999
1999-02-23,0.0058597508194973,1999
1999-02-24,-0.0012952260927531212,1999
1999-02-25,-0.0038881266061233655,1999
1999-02-26,-0.004554287190865813,1999
1999-03-01,0.001960994881936573,1999
1999-03-02,-0.0013045380418915675,1999
1999-03-03,0.0013062420843825695,1999
1999-03-04,0.005218533816025328,1999
1999-03-05,0.0065701400895863404,1999
1999-03-08,-0.0032640047435285036,1999
1999-03-09,0.00130985211499679,1999
1999-03-10,-0.0032697167351988243,1999
1999-03-11,-0.0013123667260845906,1999
1999-03-12,-0.0032853864340876004,1999
1999-03-15,-0.007250912871468618,1999
1999-03-16,-0.009960489049690824,1999
1999-03-17,0.0013414135515905645,1999
1999-03-18,-0.001339616571767177,1999
1999-03-19,-0.0046952381013898314,1999
1999-03-22,-0.007412610803179787,1999
1999-03-23,-0.0061095077047848,1999
1999-03-24,0.0020496569980554824,1999
1999-03-25,-0.003408823011354145,1999
1999-03-26,0.0,1999
1999-03-29,0.010943977242102942,1999
1999-03-30,0.0006765735858322852,1999
1999-03-31,0.004732682769339913,1999
1999-04-01,-0.0026911421932572788,1999
1999-04-05,0.0013488445693181639,1999
1999-04-06,-0.0013470276384034419,1999
1999-04-07,0.0006744872704256277,1999
1999-04-08,0.0040459492969513455,1999
1999-04-09,-0.006044565353430786,1999
1999-04-12,0.009459490765143297,1999
1999-04-13,0.008032578466325768,1999
1999-04-14,0.009295343714059934,1999
1999-04-15,0.01776349391735943,1999
1999-04-16,0.03361368969095846,1999
1999-04-19,0.018761929823621015,1999
1999-04-20,-0.0036842146337033865,1999
1999-04-21,0.0,1999
1999-04-22,0.0030812945258511526,1999
1999-04-23,0.004914004041899345,1999
1999-04-26,-0.0006116441985047905,1999
1999-04-27,-0.009785581455897252,1999
1999-04-28,0.008029156090925138,1999
1999-04-29,-0.0018373064923945526,1999
1999-04-30,0.010435888540387461,1999
1999-05-03,0.006682175949221936,1999
1999-05-04,0.000603311447503474,1999
1999-05-05,0.004825672606146636,1999
1999-05-06,0.0030011850738502766,1999
1999-05-07,0.004189294366198526,1999
1999-05-10,0.017282226781430765,1999
1999-05-11,0.0035148530157504965,1999
1999-05-12,0.0017509899356309422,1999
1999-05-13,-0.00407910042478099,1999
1999-05-14,-0.012288099154160514,1999
1999-05-17,-0.005923458779584889,1999
1999-05-18,-0.008939739892471543,1999
1999-05-19,0.006614450954356421,1999
1999-05-20,0.01015559134572408,1999
1999-05-21,0.006505267831706796,1999
1999-05-24,-0.0023505714989641158,1999
1999-05-25,-0.004710744711032833,1999
1999-05-26,-0.009468247241918415,1999
1999-05-27,0.0011951747938820922,1999
1999-05-28,0.003579520261997038,1999
1999-06-01,-0.0017829184298500111,1999
1999-06-02,-0.00178702067962766,1999
1999-06-03,0.004177026389336813,1999
1999-06-04,-0.0023768782665910537,1999
1999-06-07,-0.002382885442418159,1999
1999-06-08,-0.005372832387224746,1999
1999-06-09,0.001200335289186949,1999
1999-06-10,-0.006594968469791795,1999
1999-06-11,-0.0018255111698639581,1999
1999-06-14,-0.0018289662130954731,1999
1999-06-15,0.009162170653916224,1999
1999-06-16,0.0036320574155488394,1999
1999-06-17,-0.0018089958840274978,1999
1999-06-18,-0.0012081443864677688,1999
1999-06-21,-0.004234717822973022,1999
1999-06-22,-0.007290819988083452,1999
1999-06-23,-0.008567570357017718,1999
1999-06-24,-0.006172880260105318,1999
1999-06-25,-0.0024850105157416813,1999
1999-06-28,0.006226813711120327,1999
1999-06-29,-0.000618828044161801,1999
1999-06-30,0.003715149116258143,1999
1999-07-01,-0.0018500509111577523,1999
1999-07-02,0.0006174725247745094,1999
1999-07-06,-0.006176341413091091,1999
1999-07-07,-0.008079701281036411,1999
1999-07-08,-0.010025681392176633,1999
1999-07-09,0.0006333512658955875,1999
1999-07-12,0.0050602205873471195,1999
1999-07-13,0.0018882091707144166,1999
1999-07-14,-0.0025126874550679412,1999
1999-07-15,0.004407933896145799,1999
1999-07-16,-0.0006266761806652532,1999
1999-07-19,-0.0031370232062314374,1999
1999-07-20,-0.006922472062990015,1999
1999-07-21,-0.0019014318774509542,1999
1999-07-22,-0.00317414044736275,1999
1999-07-23,-0.001274465473256492,1999
1999-07-26,-0.007015124851816434,1999
1999-07-27,-0.0006427068292093052,1999
1999-07-28,-0.0012846446544740875,1999
1999-07-29,-0.004504313507446733,1999
1999-07-30,0.005171246577651889,1999
1999-08-02,-0.003215885094287274,1999
1999-08-03,-0.0012899866282024552,1999
1999-08-04,-0.006460114897757774,1999
1999-08-05,-0.0019502632575990608,1999
1999-08-06,-0.0013035248985511227,1999
1999-08-09,-0.004565893744874483,1999
1999-08-10,-0.0052425371990164615,1999
1999-08-11,0.0026353033008195137,1999
1999-08-12,0.00591348687104154,1999
1999-08-13,0.009143959636789045,1999
1999-08-16,-0.0006472041442328047,1999
1999-08-17,0.0032378071973948597,1999
1999-08-18,0.0038741854543884457,1999
1999-08-19,-0.001286329473034753,1999
1999-08-20,0.0006439316330553169,1999
1999-08-23,0.0006436401543949977,1999
1999-08-24,-0.004501723273720226,1999
1999-08-25,-0.0025840459591031095,1999
1999-08-26,-0.0025906168532967566,1999
1999-08-27,-0.001948226219957494,1999
1999-08-30,-0.005204582826293214,1999
1999-08-31,0.011117850804913898,1999
1999-09-01,-0.004527499632627441,1999
1999-09-02,-0.007797596325438749,1999
1999-09-03,0.007203855631211065,1999
1999-09-07,0.0019506978912444684,1999
1999-09-08,-0.005191816165833196,1999
1999-09-09,-0.003261103502707141,1999
1999-09-10,-0.0019765256795846176,1999
1999-09-13,-0.0026402736571663477,1999
1999-09-14,-0.00860399767313591,1999
1999-09-15,-0.004004565173899244,1999
1999-09-16,-0.0013409003146042098,1999
1999-09-17,0.0026848284430471825,1999
1999-09-20,-0.003346811172538988,1999
1999-09-21,-0.010745759781017328,1999
1999-09-22,-0.004072659166139858,1999
1999-09-23,-0.004090606937191876,1999
1999-09-24,-0.005475462723093627,1999
1999-09-27,-0.002064750087410583,1999
1999-09-28,0.000689477750373646,1999
1999-09-29,0.0,1999
1999-09-30,0.013783519248988352,1999
1999-10-01,-0.00951714640005985,1999
1999-10-04,0.0013730467925907597,1999
1999-10-05,0.00479774142537992,1999
1999-10-06,-0.0013647464677178922,1999
1999-10-07,-0.008879702542795687,1999
1999-10-08,-0.002756860768233449,1999
1999-10-11,0.002764482060370055,1999
1999-10-12,-0.0006890026983432662,1999
1999-10-13,-0.010344914221587564,1999
1999-10-14,-0.002090781916075146,1999
1999-10-15,-0.007680915206705552,1999
1999-10-18,-0.0035190107967115747,1999
1999-10-19,0.0007064349902932143,1999
1999-10-20,0.0,1999
1999-10-21,-0.00917422593389261,1999
1999-10-22,0.0035610795312492893,1999
1999-10-25,-0.004258387751302606,1999
1999-10-26,-0.004276396310135766,1999
1999-10-27,0.0,1999
1999-10-28,0.006442007804485561,1999
1999-10-29,0.01564738598345139,1999
1999-11-01,0.006302228049080316,1999
1999-11-02,0.011829802061781303,1999
1999-11-03,0.004814766362274847,1999
1999-11-04,-0.0020537043659221155,1999
1999-11-05,-0.003428800098904561,1999
1999-11-08,-0.0027526736531999774,1999
1999-11-09,-0.0006905426236403223,1999
1999-11-10,-0.0027621791830660936,1999
1999-11-11,-0.0020773560373673616,1999
1999-11-12,-0.004164216730458858,1999
1999-11-15,-0.006968832309042994,1999
1999-11-16,0.0035092683271074065,1999
1999-11-17,-0.0020982907369301307,1999
1999-11-18,-0.002802828131302282,1999
1999-11-19,0.005622078806440278,1999
1999-11-22,-0.009084669991478278,1999
1999-11-23,-0.0035261222002322956,1999
1999-11-24,0.0021230658437774164,1999
1999-11-26,-0.00211856798445198,1999
1999-11-29,-0.002123132984786502,1999
1999-11-30,0.0035458595025501527,1999
1999-12-01,0.003533733084681634,1999
1999-12-02,-0.007746356497954188,1999
1999-12-03,0.005677872778940607,1999
1999-12-06,-0.003528944994815264,1999
1999-12-07,0.0,1999
1999-12-08,-0.008498548357262825,1999
1999-12-09,-0.0014282718127911487,1999
1999-12-10,-0.00715313426689812,1999
1999-12-13,-0.010086524666604202,1999
1999-12-14,-0.011644943060244883,1999
1999-12-15,0.0014731436831707523,1999
1999-12-16,-0.0007362208154612082,1999
1999-12-17,0.04344627321294592,1999
1999-12-20,0.01363956369292163,1999
1999-12-21,0.0021244729408889107,1999
1999-12-22,-0.0021199691238497076,1999
1999-12-23,0.006374408852929836,1999
1999-12-27,0.002814601166568176,1999
1999-12-28,0.015460401776339339,1999
1999-12-29,0.006227818801444851,1999
1999-12-30,0.006877460853562667,1999
1999-12-31,0.0,1999
2000-01-03,0.0,2000
2000-01-04,-0.01032338444682579,2000
2000-01-05,0.006954563325453966,2000
2000-01-06,0.021408640619672514,2000
2000-01-07,0.016226740445018484,2000
2000-01-10,0.010646020604370365,2000
2000-01-11,-0.005267336600845662,2000
2000-01-12,-0.003970343419954725,2000
2000-01-13,-0.003323096497676481,2000
2000-01-14,-0.005999035607811565,2000
2000-01-18,0.004694582788639545,2000
2000-01-19,0.0,2000
2000-01-20,-0.005340371740468197,2000
2000-01-21,0.0,2000
2000-01-24,-0.009395968291776802,2000
2000-01-25,-0.0027102058316336164,2000
2000-01-26,-0.001359164841317595,2000
2000-01-27,0.0006801907978237764,2000
2000-01-28,-0.002718913811140755,2000
2000-01-31,-0.005453096984039396,2000
2000-02-01,0.005482996294597031,2000
2000-02-02,0.002044744843350488,2000
2000-02-03,0.0027212696624774324,2000
2000-02-04,-0.006105671781107214,2000
2000-02-07,-0.0020471549494796015,2000
2000-02-08,0.003419242259249833,2000
2000-02-09,0.0,2000
2000-02-10,-0.003407590880509015,2000
2000-02-11,-0.012996176037601392,2000
2000-02-14,-0.004158536195259299,2000
2000-02-15,0.0027837618554682475,2000
2000-02-16,-0.0020818317794673025,2000
2000-02-17,0.00764963135183927,2000
2000-02-18,-0.006900932406546545,2000
2000-02-22,-0.002780149468927351,2000
2000-02-23,-0.0006969750620805515,2000
2000-02-24,-0.001394597859150526,2000
2000-02-25,0.0013965454784850007,2000
2000-02-28,-0.001394597859150526,2000
2000-02-29,0.006284812091878145,2000
2000-03-01,-0.0006936210116791353,2000
2000-03-02,-0.002777508495322878,2000
2000-03-03,0.003516017213727629,2000
2000-03-06,-0.002102619290934582,2000
2000-03-07,-0.004915435203014629,2000
2000-03-08,0.0007055157767128506,2000
2000-03-09,0.0014105566753079835,2000
2000-03-10,0.0021122706198517527,2000
2000-03-13,-0.002107818337106382,2000
2000-03-14,0.0035205808312626097,2000
2000-03-15,0.01263200727630931,2000
2000-03-16,0.01663170076081988,2000
2000-03-17,0.004771545816633527,2000
2000-03-20,0.0027138725987272405,2000
2000-03-21,0.0,2000
2000-03-22,0.001352858423930181,2000
2000-03-23,0.0027028708265359747,2000
2000-03-24,-0.002695585008456236,2000
2000-03-27,-0.0033781682235867194,2000
2000-03-28,0.0006783986268581454,2000
2000-03-29,0.006774829255659087,2000
2000-03-30,-0.0006734387186270174,2000
2000-03-31,0.008754769578582788,2000
2000-04-03,-0.002670391816187556,2000
2000-04-04,-0.0006694625812485588,2000
2000-04-05,0.009377026538057942,2000
2000-04-06,0.014598987853409184,2000
2000-04-07,0.006540052942195063,2000
2000-04-10,0.004548374828912793,2000
2000-04-11,0.003881074177945143,2000
2000-04-12,0.0038657133987567427,2000
2000-04-13,0.0006419031185300739,2000
2000-04-14,-0.010904288805881457,2000
2000-04-17,-0.003891201506254549,2000
2000-04-18,0.007812144231308604,2000
2000-04-19,0.0012925762237177008,2000
2000-04-20,-0.0025807450472894455,2000
2000-04-24,0.004527721174971022,2000
2000-04-25,0.002575166790056649,2000
2000-04-26,0.005138643584656322,2000
2000-04-27,-0.0012777104709721376,2000
2000-04-28,0.007677131927378289,2000
2000-05-01,0.017777651911483172,2000
2000-05-02,0.018091355810538667,2000
2000-05-03,-0.006739977954662524,2000
2000-05-04,0.0018508662106169194,2000
2000-05-05,0.0,2000
2000-05-08,-0.001231971702898127,2000
2000-05-09,0.00123349132931172,2000
2000-05-10,-0.005542340501089593,2000
2000-05-11,0.004953639164392287,2000
2000-05-12,0.003696831011907209,2000
2000-05-15,0.00613891760576224,2000
2000-05-16,-0.0012202472656610563,2000
2000-05-17,-0.006719278004694851,2000
2000-05-18,0.0012295494036396182,2000
2000-05-19,-0.0006144159855483444,2000
2000-05-22,-0.00368740293662273,2000
2000-05-23,-0.0012334559929212396,2000
2000-05-24,-0.008030211454911007,2000
2000-05-25,-0.0012454357739835054,2000
2000-05-26,0.0024940925455991803,2000
2000-05-30,0.004352914840200395,2000
2000-05-31,-0.0006195900708094726,2000
2000-06-01,-0.0006195174136353065,2000
2000-06-02,0.0068204014653212575,2000
2000-06-05,-0.001847446833696531,2000
2000-06-06,0.0030847770176949396,2000
2000-06-07,0.00861013308764269,2000
2000-06-08,0.004267641459676508,2000
2000-06-09,0.004286995479563238,2000
2000-06-12,0.004267804153476051,2000
2000-06-13,0.0030361266112397534,2000
2000-06-14,0.021186674576842313,2000
2000-06-15,-0.0047425313526494595,2000
2000-06-16,-0.0053602816063473835,2000
2000-06-19,0.0005984682757647075,2000
2000-06-20,0.008977013709182913,2000
2000-06-21,0.0005934391963824392,2000
2000-06-22,-0.0005930872351702643,2000
2000-06-23,-0.0011863364391609954,2000
2000-06-26,-0.0011878540243953628,2000
2000-06-27,0.008323889060734668,2000
2000-06-28,0.005895952461714815,2000
2000-06-29,0.008792412302435881,2000
2000-06-30,-0.02672839069628763,2000
2000-07-03,0.02208977174658977,2000
2000-07-05,0.009344846660357398,2000
2000-07-06,0.006366740407005134,2000
2000-07-07,0.0034498036129830822,2000
2000-07-10,0.0005733745590514872,2000
2000-07-11,-0.004009019272871117,2000
2000-07-12,-0.002875712071075953,2000
2000-07-13,0.0005766957378792181,2000
2000-07-14,0.0005766793402703918,2000
2000-07-17,0.0,2000
2000-07-18,0.0005758206286108347,2000
2000-07-19,-0.0011515045414203229,2000
2000-07-20,0.009222234943692342,2000
2000-07-21,0.005139973451106616,2000
2000-07-24,0.004545201569628121,2000
2000-07-25,0.005090344913841305,2000
2000-07-26,0.014068520482192426,2000
2000-07-27,0.008324411495930661,2000
2000-07-28,-0.0011006041505137176,2000
2000-07-31,-0.0033061552523626636,2000
2000-08-01,0.017136780880219415,2000
2000-08-02,-0.0038043107974135015,2000
2000-08-03,-0.007091730495099147,2000
2000-08-04,-0.006593740705775675,2000
2000-08-07,-0.0033190565821469287,2000
2000-08-08,0.003884637473217989,2000
2000-08-09,0.003870009542433994,2000
2000-08-10,0.0022029231223001933,2000
2000-08-11,0.004944401837025714,2000
2000-08-14,0.0005467416118325463,2000
2000-08-15,-0.0005464428487886863,2000
2000-08-16,0.0016405245841886185,2000
2000-08-17,0.0021834843038810448,2000
2000-08-18,-0.009259465702740721,2000
2000-08-21,-0.002198888550096867,2000
2000-08-22,-0.0005512608115082474,2000
2000-08-23,-0.009922626782599697,2000
2000-08-24,-0.011692739622100934,2000
2000-08-25,0.0016905363118344674,2000
2000-08-28,-0.006187075471096981,2000
2000-08-29,-0.005659357968327616,2000
2000-08-30,0.006260715050564247,2000
2000-08-31,-0.006221762369257977,2000
2000-09-01,-0.001138292916342043,2000
2000-09-05,0.004558776931589126,2000
2000-09-06,0.003970050272446013,2000
2000-09-07,0.005649869759361659,2000
2000-09-08,0.014044190834839432,2000
2000-09-11,0.0072031636169871405,2000
2000-09-12,0.004950345263638356,2000
2000-09-13,-0.001642420131069522,2000
2000-09-14,-0.0054823043171330355,2000
2000-09-15,-0.005011029786215482,2000
2000-09-18,-0.01958545898866426,2000
2000-09-19,0.011414806686890877,2000
2000-09-20,-0.0028214182732169135,2000
2000-09-21,-0.004526919040952593,2000
2000-09-22,0.004547505228962523,2000
2000-09-25,-0.004526919040952593,2000
2000-09-26,0.004547505228962523,2000
2000-09-27,0.009620701321233716,2000
2000-09-28,0.0050450406593116615,2000
2000-09-29,-0.002231141856221197,2000
2000-10-02,-0.013415471113657929,2000
2000-10-03,0.0005666856689521271,2000
2000-10-04,-0.009059786414520987,2000
2000-10-05,0.0,2000
2000-10-06,-0.0017140079778190653,2000
2000-10-09,-0.001717468685428547,2000
2000-10-10,-0.004013526016334201,2000
2000-10-11,-0.01151442362779187,2000
2000-10-12,-0.012812762159815971,2000
2000-10-13,0.01002957913512792,2000
2000-10-16,0.005257001444084919,2000
2000-10-17,-0.01104019327592387,2000
2000-10-18,-0.0058754442807090745,2000
2000-10-19,0.00650087595488591,2000
2000-10-20,0.0029361573821153897,2000
2000-10-23,-0.002927561600510553,2000
2000-10-24,-0.005284785804790415,2000
2000-10-25,-0.010625192255109717,2000
2000-10-26,0.0035793706219344745,2000
2000-10-27,0.01070185710626781,2000
2000-10-30,0.0011764926257944452,2000
2000-10-31,0.009400774632929654,2000
2000-11-01,-0.0034923928478035604,2000
2000-11-02,0.004088332673856554,2000
2000-11-03,-0.0023266628297693437,2000
2000-11-06,0.0011659916568085293,2000
2000-11-07,0.003494849509662057,2000
2000-11-08,0.0023211553187261202,2000
2000-11-09,-0.001737358862510252,2000
2000-11-10,-0.004060087958427272,2000
2000-11-13,0.0011647390812692393,2000
2000-11-14,0.005817762252424252,2000
2000-11-15,0.0017347207331934733,2000
2000-11-16,0.00577419968823456,2000
2000-11-17,0.0,2000
2000-11-20,-0.0005744788870959416,2000
2000-11-21,0.0022975736113672873,2000
2000-11-22,-0.005730870855756853,2000
2000-11-24,0.002882107946450274,2000
2000-11-27,0.005747026635370078,2000
2000-11-28,-0.0011424652041802652,2000
2000-11-29,0.004576329800475509,2000
2000-11-30,0.003986304702341403,2000
2000-12-01,0.0034034567412672967,2000
2000-12-04,0.003392014793782927,2000
2000-12-05,0.01802778809579042,2000
2000-12-06,-0.0027670692426160493,2000
2000-12-07,-0.004438993014284076,2000
2000-12-08,0.008918377901690144,2000
2000-12-11,0.00662915781825979,2000
2000-12-12,0.0005494538232373447,2000
2000-12-13,0.0016458682632471966,2000
2000-12-14,0.0016422720468136642,2000
2000-12-15,0.0027339843243783246,2000
2000-12-18,0.011450301475080638,2000
2000-12-19,0.002696151561133453,2000
2000-12-20,-0.005914475177268397,2000
2000-12-21,-0.0005408429909410373,2000
2000-12-22,0.0005487724581825226,2000
2000-12-26,0.003293373035948566,2000
2000-12-27,0.019693423346961225,2000
2000-12-28,0.009120332491557637,2000
2000-12-29,-0.016480582326420468,2000
2001-01-02,0.0,2001
2001-01-03,0.01686604313081208,2001
2001-01-04,-0.0026752062638976115,2001
2001-01-05,-0.013412389192957286,2001
2001-01-08,0.0016311733366709547,2001
2001-01-09,-0.0016285169432548319,2001
2001-01-10,-0.00108689951128782,2001
2001-01-11,-0.0032664787037351983,2001
2001-01-12,0.0,2001
2001-01-16,0.000545872682548465,2001
2001-01-17,0.0010918309749499144,2001
2001-01-18,-0.0010906401802185384,2001
2001-01-19,-0.0005455748681316708,2001
2001-01-22,0.002184172340750079,2001
2001-01-23,0.005449841992377635,2001
2001-01-24,-0.000541923922694254,2001
2001-01-25,0.0032534999537838782,2001
2001-01-26,-0.0016213781367219182,2001
2001-01-29,0.0016240112730938616,2001
2001-01-30,0.0032436236297939125,2001
2001-01-31,-0.0005386159385937228,2001
2001-02-01,-0.0010783890827810172,2001
2001-02-02,-0.004317443309983404,2001
2001-02-05,-0.0010843310157904185,2001
2001-02-06,-0.0027123674494623495,2001
2001-02-07,-0.004352677456337717,2001
2001-02-08,-0.0038250479701993356,2001
2001-02-09,-0.007680057084042846,2001
2001-02-12,0.0,2001
2001-02-13,0.000552708567652882,2001
2001-02-14,0.001657505257090186,2001
2001-02-15,0.0,2001
2001-02-16,-0.004412306586666692,2001
2001-02-20,0.0,2001
2001-02-21,-0.006648088302969923,2001
2001-02-22,-0.008366099354278567,2001
2001-02-23,0.002249581174192272,2001
2001-02-26,0.003928180981669138,2001
2001-02-27,0.006148759559662764,2001
2001-02-28,0.004999942055783579,2001
2001-03-01,0.007739496861742801,2001
2001-03-02,0.005583024382381785,2001
2001-03-05,-0.0016655303778152497,2001
2001-03-06,0.0005560705258753629,2001
2001-03-07,0.0011116203319516682,2001
2001-03-08,0.0011112613195281007,2001
2001-03-09,-0.0016645559364238949,2001
2001-03-12,-0.009444253389984114,2001
2001-03-13,-0.000561239776997291,2001
2001-03-14,-0.007856068150142836,2001
2001-03-15,-0.0022626189452676915,2001
2001-03-16,-0.0022671542160359603,2001
2001-03-19,0.005681759938327646,2001
2001-03-20,-0.0011301299065524795,2001
2001-03-21,-0.008484573363373493,2001
2001-03-22,-0.006274297502601223,2001
2001-03-23,0.0,2001
2001-03-26,0.016647360832081404,2001
2001-03-27,0.0005646470421900585,2001
2001-03-28,-0.0073359725990836955,2001
2001-03-29,0.0028418969639829594,2001
2001-03-30,0.007369442768803802,2001
2001-04-02,0.003939481070017736,2001
2001-04-03,-0.01065051133745587,2001
2001-04-04,-0.0011323396399656183,2001
2001-04-05,0.010209365616063115,2001
2001-04-06,-0.012914063276038279,2001
2001-04-09,0.0034128356416693872,2001
2001-04-10,0.0017008621481464647,2001
2001-04-11,-0.015280478481952242,2001
2001-04-12,0.0017246246032216472,2001
2001-04-16,-0.001147636271255359,2001
2001-04-17,0.008615853484311264,2001
2001-04-18,0.014806029463033,2001
2001-04-19,0.0033676586618793802,2001
2001-04-20,-0.0022376030560166127,2001
2001-04-23,-0.001681597673902746,2001
2001-04-24,0.0016844302078220519,2001
2001-04-25,0.003923826089791138,2001
2001-04-26,0.009492004877103666,2001
2001-04-27,0.00884956523828384,2001
2001-04-30,0.0038378726632934956,2001
2001-05-01,0.0010920967818157656,2001
2001-05-02,-0.002727932434196445,2001
2001-05-03,0.0005475196564250773,2001
2001-05-04,-0.0010937697073196695,2001
2001-05-07,-0.003830995562223216,2001
2001-05-08,-0.0016485268402670616,2001
2001-05-09,0.0,2001
2001-05-10,0.0016512489685116538,2001
2001-05-11,-0.0010992745384745817,2001
2001-05-14,0.0016502446703543505,2001
2001-05-15,0.0027455237228619644,2001
2001-05-16,0.005476012922339235,2001
2001-05-17,0.0059917052604585574,2001
2001-05-18,0.0021658421710086806,2001
2001-05-21,0.002701309850440925,2001
2001-05-22,0.005926569354583577,2001
2001-05-23,0.004284624643839274,2001
2001-05-24,0.003733390480751053,2001
2001-05-25,-0.0005311582927099989,2001
2001-05-29,-0.001595252923621504,2001
2001-05-30,-0.0063892486246228675,2001
2001-05-31,0.0021438825987021293,2001
2001-06-01,0.002138921524575732,2001
2001-06-04,0.0069361205431350825,2001
2001-06-05,0.0037101141150863715,2001
2001-06-06,0.0010562332047499012,2001
2001-06-07,0.002109590817907847,2001
2001-06-08,-0.0026569968366978447,2001
2001-06-11,0.009057264353987016,2001
2001-06-12,0.0063356208147156146,2001
2001-06-13,0.0020988508980217535,2001
2001-06-14,-0.002094454949370439,2001
2001-06-15,0.0005248720248944849,2001
2001-06-18,0.004194771847299883,2001
2001-06-19,-0.0005218617017566096,2001
2001-06-20,0.007314682929937755,2001
2001-06-21,0.0015555679541843226,2001
2001-06-22,-0.0036249196513881143,2001
2001-06-25,-0.0020788541584567666,2001
2001-06-26,0.007812146305665735,2001
2001-06-27,-0.003617067825849918,2001
2001-06-28,0.006742324298932623,2001
2001-06-29,0.005667069773902744,2001
2001-07-02,0.0015372428751303513,2001
2001-07-03,0.0015347946393475809,2001
2001-07-05,-0.0020433750210784307,2001
2001-07-06,-0.0025592711045302474,2001
2001-07-09,-0.008721872193628855,2001
2001-07-10,-0.004140851080949859,2001
2001-07-11,-0.004677940375219958,2001
2001-07-12,0.005744193359907834,2001
2001-07-13,0.004154112024998602,2001
2001-07-16,-0.0010343662582370516,2001
2001-07-17,0.004140581669688892,2001
2001-07-18,0.0010315253795578627,2001
2001-07-19,0.0005146951679675382,2001
2001-07-20,-0.003088368265368624,2001
2001-07-23,-0.003097577544237784,2001
2001-07-24,-0.00466062381611021,2001
2001-07-25,0.0005204123037565456,2001
2001-07-26,0.0031197670054279314,2001
2001-07-27,-0.003628588271123334,2001
2001-07-30,-0.007804288865388309,2001
2001-07-31,0.0031463973191163674,2001
2001-08-01,0.005749924450502153,2001
2001-08-02,0.0036381074987541506,2001
2001-08-03,0.004143265910283134,2001
2001-08-06,0.0025782635045432656,2001
2001-08-07,0.0010289567107228947,2001
2001-08-08,0.003597334612924552,2001
2001-08-09,0.0015361886495095511,2001
2001-08-10,0.008690741176693884,2001
2001-08-13,-0.0005066964927580297,2001
2001-08-14,0.005070941357496528,2001
2001-08-15,0.00655994407353977,2001
2001-08-16,0.002505976643410568,2001
2001-08-17,0.002499712422464606,2001
2001-08-20,0.003990086309954233,2001
2001-08-21,0.008444309643016679,2001
2001-08-22,-0.001477664017372704,2001
2001-08-23,0.0009873375140749818,2001
2001-08-24,-0.009364511602492409,2001
2001-08-27,0.003482619745589055,2001
2001-08-28,-0.003470533198145498,2001
2001-08-29,-0.00597024227193943,2001
2001-08-30,-0.008508316232179292,2001
2001-08-31,-0.0015146509681539522,2001
2001-09-04,-0.0015158960320925674,2001
2001-09-05,-0.002532320334920568,2001
2001-09-06,-0.010152266828483358,2001
2001-09-07,-0.00871784016868915,2001
2001-09-10,-0.0031039866958150197,2001
2001-09-17,-0.0311365142842428,2001
2001-09-18,0.010176796161309953,2001
2001-09-19,-0.01060480223847371,2001
2001-09-20,-0.01822112848671975,2001
2001-09-21,-0.013207476944591123,2001
2001-09-24,0.005576914420866608,2001
2001-09-25,0.015529406824227099,2001
2001-09-26,0.010923292039703103,2001
2001-09-27,0.0075634423856587585,2001
2001-09-28,0.013404912563398597,2001
2001-10-01,-0.001058794169193522,2001
2001-10-02,-0.005296483108237382,2001
2001-10-03,-0.018636260803010285,2001
2001-10-04,0.010309032894303183,2001
2001-10-05,-0.004833588142099887,2001
2001-10-08,0.0,2001
2001-10-09,0.0021586646868922976,2001
2001-10-10,0.0005387585535101547,2001
2001-10-11,0.009148962378522807,2001
2001-10-12,-0.003733087715813932,2001
2001-10-15,0.005889328055958876,2001
2001-10-16,-0.008515907891409769,2001
2001-10-17,-0.0032203862782448356,2001
2001-10-18,-0.007538727788487853,2001
2001-10-19,-0.008139029602090453,2001
2001-10-22,-0.013128554096827338,2001
2001-10-23,0.0005532509790635576,2001
2001-10-24,-0.008864567356716702,2001
2001-10-25,0.002795127692002186,2001
2001-10-26,0.0022300420397791676,2001
2001-10-29,0.005005353342113494,2001
2001-10-30,-0.0027671882213659016,2001
2001-10-31,0.007214195308681726,2001
2001-11-01,0.014325615791569435,2001
2001-11-02,-0.008147685777947555,2001
2001-11-05,0.0021899234120510425,2001
2001-11-06,0.011475971567439291,2001
2001-11-07,0.0005396681668294878,2001
2001-11-08,0.0059397449364291255,2001
2001-11-09,-0.00429369442547578,2001
2001-11-12,0.004850899678066289,2001
2001-11-13,0.009657179720956588,2001
2001-11-14,0.0053133671446998765,2001
2001-11-15,0.00951353026826074,2001
2001-11-16,-0.0020938843279592056,2001
2001-11-19,0.001574092114046799,2001
2001-11-20,-0.005238306813233229,2001
2001-11-21,0.0031598790418130296,2001
2001-11-23,0.004724211005544543,2001
2001-11-26,-0.0015677821223389898,2001
2001-11-27,-0.0015697936864451645,2001
2001-11-28,0.0026206167328413077,2001
2001-11-29,0.0036594717684463873,2001
2001-11-30,0.0010413541924432224,2001
2001-12-03,-0.004682606803026124,2001
2001-12-04,0.011500053297208268,2001
2001-12-05,0.00516801173881154,2001
2001-12-06,0.004627057764037268,2001
2001-12-07,0.002047526930923471,2001
2001-12-10,-0.006639678717908937,2001
2001-12-11,0.0020561162247123566,2001
2001-12-12,-0.007695497736511792,2001
2001-12-13,-0.006721806490165516,2001
2001-12-14,0.004685222607419659,2001
2001-12-17,0.0031086780138556147,2001
2001-12-18,0.0030993107368997297,2001
2001-12-19,-0.004119646252005338,2001
2001-12-20,-0.0046539074003667524,2001
2001-12-21,0.004936514438028672,2001
2001-12-24,0.002184157943244447,2001
2001-12-26,0.004356931641520401,2001
2001-12-27,0.001085060123713566,2001
2001-12-28,0.004333594049319434,2001
2001-12-29,0.0,2001
2001-12-30,0.0,2001
2001-12-31,0.0,2001
2002-01-01,0.0,2001
2002-01-02,0.0,2001
2002-01-02,0.0,2002
2002-01-03,0.008108384513019873,2002
2002-01-04,-0.002681230564682835,2002
2002-01-07,-0.002150488269040518,2002
2002-01-08,0.0,2002
2002-01-09,-0.002694145002318904,2002
2002-01-10,-0.001080252266636883,2002
2002-01-11,-0.0010817730148663385,2002
2002-01-14,0.00812111332413501,2002
2002-01-15,-0.0026849389784209254,2002
2002-01-16,-0.002692869328353442,2002
2002-01-17,0.001080284962225564,2002
2002-01-18,-0.006472781487985579,2002
2002-01-22,0.0016287378361108384,2002
2002-01-23,0.0,2002
2002-01-24,-0.00216806026617522,2002
2002-01-25,0.0,2002
2002-01-28,-0.0005433255186400032,2002
2002-01-29,-0.0032608396259059536,2002
2002-01-30,0.005452571716059396,2002
2002-01-31,0.0016270597957510624,2002
2002-02-01,0.0016242403109816284,2002
2002-02-04,0.0016211659939555645,2002
2002-02-05,-0.0026978046346552986,2002
2002-02-06,-0.0010820057158472673,2002
2002-02-07,-0.0021672382260921053,2002
2002-02-08,0.0016287378361108384,2002
2002-02-11,0.006504269124943951,2002
2002-02-12,-0.002692869328353442,2002
2002-02-13,0.0064795099587366956,2002
2002-02-14,0.0010730680294881445,2002
2002-02-15,0.0048228440579694,2002
2002-02-19,-0.0021331112526637996,2002
2002-02-20,0.006948236880754299,2002
2002-02-21,-0.010084629650132904,2002
2002-02-22,0.009650944586561794,2002
2002-02-25,0.00159344744501011,2002
2002-02-26,0.002121014931609766,2002
2002-02-27,0.0,2002
2002-02-28,-0.0021165257488933165,2002
2002-03-01,0.010604124188979824,2002
2002-03-04,0.012066904828736957,2002
2002-03-05,0.015034183652047561,2002
2002-03-06,0.005617703527209139,2002
2002-03-07,-0.0005072605126617002,2002
2002-03-08,-0.001039463682117714,2002
2002-03-11,-0.0067600214757009836,2002
2002-03-12,-0.001047209992392939,2002
2002-03-13,0.0,2002
2002-03-14,0.009433851135113969,2002
2002-03-15,0.0025965248792321205,2002
2002-03-18,0.004660617112626442,2002
2002-03-19,0.0005155079651486538,2002
2002-03-20,-0.0025762938914791755,2002
2002-03-21,0.006714792889469523,2002
2002-03-22,-0.0005128005066175056,2002
2002-03-25,-0.005646890969565055,2002
2002-03-26,0.004130451563230109,2002
2002-03-27,0.0035985408817813536,2002
2002-03-28,-0.0020490292221846396,2002
2002-04-01,0.002053236363493527,2002
2002-04-02,0.0020491925435000002,2002
2002-04-03,-0.001533873696070831,2002
2002-04-04,0.003584291994390254,2002
2002-04-05,0.00816323310712952,2002
2002-04-08,0.008603331251808566,2002
2002-04-09,0.008530185248977196,2002
2002-04-10,0.010945176651812494,2002
2002-04-11,-0.003937187310725343,2002
2002-04-12,0.011363427839945262,2002
2002-04-15,-0.008304926047612127,2002
2002-04-16,-0.009359153572567669,2002
2002-04-17,-0.0124317371299284,2002
2002-04-18,0.0005034874916305387,2002
2002-04-19,-0.006039611656965538,2002
2002-04-22,-0.009619950145620448,2002
2002-04-23,-0.012269685669983432,2002
2002-04-24,0.005175930397291806,2002
2002-04-25,0.0020593336636824944,2002
2002-04-26,-0.00359702153216257,2002
2002-04-29,-0.0010313013312871488,2002
2002-04-30,0.01032530597781478,2002
2002-05-01,0.00970850932397438,2002
2002-05-02,0.01062771566591203,2002
2002-05-03,0.000500315051612743,2002
2002-05-06,-0.008007420234947493,2002
2002-05-07,-0.0030275841912895674,2002
2002-05-08,-0.00303621361139772,2002
2002-05-09,-0.010152181580572739,2002
2002-05-10,-0.006153636133637397,2002
2002-05-13,0.0030950875375967968,2002
2002-05-14,0.005144557802211791,2002
2002-05-15,0.006652773004386381,2002
2002-05-16,-0.0030498628878566914,2002
2002-05-17,0.005099386584453081,2002
2002-05-20,-0.002537242626323155,2002
2002-05-21,-0.0071208586283432185,2002
2002-05-22,0.0005121756448884796,2002
2002-05-23,0.017921133496533015,2002
2002-05-24,-0.000502820719196384,2002
2002-05-28,0.006039210545759177,2002
2002-05-29,0.009504768970544752,2002
2002-05-30,-0.0009911651387916054,2002
2002-05-31,-0.0029758130193796584,2002
2002-06-03,-0.001990140260676232,2002
2002-06-04,0.003489273252027969,2002
2002-06-05,-0.0004964176211230686,2002
2002-06-06,-0.0034796597838524512,2002
2002-06-07,-0.009476009855075684,2002
2002-06-10,0.0035245729666786296,2002
2002-06-11,0.0020071165257713464,2002
2002-06-12,0.001001428308476937,2002
2002-06-13,0.0005003727078942699,2002
2002-06-14,-0.0035001399147377432,2002
2002-06-17,0.0060208696929082706,2002
2002-06-18,-0.004488288948656827,2002
2002-06-19,0.0020038596579494694,2002
2002-06-20,0.005000188492369384,2002
2002-06-21,0.008457322891395114,2002
2002-06-24,-0.003453046277268501,2002
2002-06-25,0.0074253507505051,2002
2002-06-26,-0.004422513775315773,2002
2002-06-27,0.0034546718400068066,2002
2002-06-28,0.009102282399860107,2002
2002-07-01,-0.009263378791384724,2002
2002-07-02,-0.01181116750663913,2002
2002-07-03,-0.010955926773295599,2002
2002-07-05,0.008056465309197902,2002
2002-07-08,-0.009990474875913091,2002
2002-07-09,-0.008072888608722684,2002
2002-07-10,-0.01373313694301459,2002
2002-07-11,-0.016503337323283573,2002
2002-07-12,-0.003146049500452719,2002
2002-07-15,-0.005786589066165915,2002
2002-07-16,0.008465599899896814,2002
2002-07-17,-0.009968594070883019,2002
2002-07-18,-0.022787303301022854,2002
2002-07-19,-0.0168112609392026,2002
2002-07-22,-0.019304997245219724,2002
2002-07-23,-0.026996862855958148,2002
2002-07-24,0.0028903549820555874,2002
2002-07-25,0.01786723176166527,2002
2002-07-26,0.03227666252167993,2002
2002-07-29,0.047723386814570334,2002
2002-07-30,0.012042122062736471,2002
2002-07-31,0.004915746953050526,2002
2002-08-01,-0.0015451361642014882,2002
2002-08-02,-0.02991245222110106,2002
2002-08-05,-0.015417144199763255,2002
2002-08-06,0.00486024254156181,2002
2002-08-07,0.012358556518407005,2002
2002-08-08,0.0010615490413161677,2002
2002-08-09,-0.009544232527787244,2002
2002-08-12,0.011777401005719224,2002
2002-08-13,-0.012698487629005939,2002
2002-08-14,0.007502781290262606,2002
2002-08-15,0.005851154705601491,2002
2002-08-16,0.012691939444817502,2002
2002-08-19,-0.006266270097131765,2002
2002-08-20,-0.0021025698084738975,2002
2002-08-21,0.008426070050825851,2002
2002-08-22,0.001043698912206903,2002
2002-08-23,0.002087133003304764,2002
2002-08-26,0.007287801822746687,2002
2002-08-27,0.0005166616166938365,2002
2002-08-28,0.004649363805702134,2002
2002-08-29,-0.003599509569585768,2002
2002-08-30,0.004643989954381311,2002
2002-09-03,-0.009758441464285061,2002
2002-09-04,0.0031121334033530346,2002
2002-09-05,-0.005688109883132064,2002
2002-09-06,0.004160080755873485,2002
2002-09-09,0.0,2002
2002-09-10,-0.000517732012009775,2002
2002-09-11,-0.0005185780461197664,2002
2002-09-12,-0.005183845899270123,2002
2002-09-13,0.004727248967587805,2002
2002-09-16,-0.00313656130813067,2002
2002-09-17,-0.004195019326366456,2002
2002-09-18,-0.0036861051930947575,2002
2002-09-19,-0.006871034527702546,2002
2002-09-20,0.006918572276698232,2002
2002-09-23,-0.0052857646541798475,2002
2002-09-24,-0.007969980702480117,2002
2002-09-25,-0.003749115109772161,2002
2002-09-26,0.01290314959231309,2002
2002-09-27,-0.010084716552618223,2002
2002-09-30,-0.004825845838907328,2002
2002-10-01,-0.0010775727155045711,2002
2002-10-02,-0.011866598013684726,2002
2002-10-03,-0.002183206977633745,2002
2002-10-04,-0.01641160798822494,2002
2002-10-07,-0.02391517146658695,2002
2002-10-08,-0.010826346472630588,2002
2002-10-09,-0.02707367308042352,2002
2002-10-10,0.026050595868165605,2002
2002-10-11,0.019042350286278875,2002
2002-10-14,-0.012457736420269816,2002
2002-10-15,0.022362840859022626,2002
2002-10-16,-0.01065615286771926,2002
2002-10-17,0.013038474787269827,2002
2002-10-18,-0.002238360441667475,2002
2002-10-21,-0.0011214249979099034,2002
2002-10-22,-0.017967914438502652,2002
2002-10-23,-0.0017154255439335575,2002
2002-10-24,0.009736965758379235,2002
2002-10-25,0.013613078166909043,2002
2002-10-28,-0.006715700536316649,2002
2002-10-29,-0.005070094856219565,2002
2002-10-30,0.0028310433372154,2002
2002-10-31,0.005141884026937715,2002
2002-11-01,0.006183239132844021,2002
2002-11-04,0.015083774920530146,2002
2002-11-05,0.0022014274848742854,2002
2002-11-06,0.009335688857102564,2002
2002-11-07,-0.005440257302381846,2002
2002-11-08,-0.006018097416315316,2002
2002-11-11,-0.006604195510409472,2002
2002-11-12,0.01163397959454282,2002
2002-11-13,-0.010952888305196251,2002
2002-11-14,0.01716550785755233,2002
2002-11-15,-0.000544708821143991,2002
2002-11-18,-0.003812458499675264,2002
2002-11-19,0.0010930600490308695,2002
2002-11-20,0.0027310037648904384,2002
2002-11-21,0.004901953613940968,2002
2002-11-22,0.0043358657993108896,2002
2002-11-25,-0.001078988414259574,2002
2002-11-26,-0.0016209989562893101,2002
2002-11-27,0.007575918185349417,2002
2002-11-29,0.0,2002
2002-12-02,0.008593067411655886,2002
2002-12-03,-0.003727110910718201,2002
2002-12-04,-0.003742067452794373,2002
2002-12-05,0.0005369038100593304,2002
2002-12-06,-0.0016086612060901562,2002
2002-12-09,0.00590787171536733,2002
2002-12-10,-0.0032036643381627705,2002
2002-12-11,-0.001071151031703188,2002
2002-12-12,0.0010722996265544182,2002
2002-12-13,-0.0053566013162151815,2002
2002-12-16,0.009154965583063168,2002
2002-12-17,-0.007470639677948143,2002
2002-12-18,-0.00483861734570723,2002
2002-12-19,-0.0010805806236813265,2002
2002-12-20,0.003884165223593472,2002
2002-12-23,0.0066339854067130055,2002
2002-12-24,0.0016478412012044252,2002
2002-12-26,0.0010960501173031822,2002
2002-12-27,-0.0016429918505547203,2002
2002-12-30,0.00713148885802517,2002
2002-12-31,0.0,2002
2003-01-02,0.0,2003
2003-01-03,0.0097453659497031,2003
2003-01-06,0.008043171431658891,2003
2003-01-07,-0.013298133924110389,2003
2003-01-08,-0.008625688160200151,2003
2003-01-09,0.0010876131817612045,2003
2003-01-10,-0.008690783479315733,2003
2003-01-13,-0.004931929818641212,2003
2003-01-14,0.0,2003
2003-01-15,-0.005505754331836088,2003
2003-01-16,-0.008859460129019392,2003
2003-01-17,-0.008379830125792909,2003
2003-01-21,-0.004507484891780766,2003
2003-01-22,0.0011320171426709713,2003
2003-01-23,0.002261300191038096,2003
2003-01-24,-0.009024879834995891,2003
2003-01-27,-0.003983559972425277,2003
2003-01-28,0.0011423978460103346,2003
2003-01-29,0.010274418011168907,2003
2003-01-30,-0.004519436394784582,2003
2003-01-31,0.014755354327378623,2003
2003-02-03,-0.0027964599758172337,2003
2003-02-04,0.003926506492050841,2003
2003-02-05,0.0016755187614234668,2003
2003-02-06,0.000557801013762127,2003
2003-02-07,-0.006688850696853987,2003
2003-02-10,0.007856035352850288,2003
2003-02-11,-0.008908537811650907,2003
2003-02-12,-0.005617796762196314,2003
2003-02-13,0.00056461423174059,2003
2003-02-14,-0.0033876863062292095,2003
2003-02-18,0.011898165610420453,2003
2003-02-19,0.00727914279904085,2003
2003-02-20,0.00111162393716846,2003
2003-02-21,0.008883544246661934,2003
2003-02-24,-0.008255058016222061,2003
2003-02-25,0.009988986850008486,2003
2003-02-26,-0.004945646781015278,2003
2003-02-27,0.007179085647439631,2003
2003-02-28,0.0005478140825359024,2003
2003-03-03,0.0005479359602482692,2003
2003-03-04,-0.007119350897591636,2003
2003-03-05,0.0038612782972025084,2003
2003-03-06,-0.005495003300453383,2003
2003-03-07,0.0022290468321846113,2003
2003-03-10,-0.011117899984476765,2003
2003-03-11,-0.001686327325334469,2003
2003-03-12,-0.000562514120884039,2003
2003-03-13,0.011267366957802283,2003
2003-03-14,-0.004457071405179369,2003
2003-03-17,0.01734785562783636,2003
2003-03-18,0.0027503641410566715,2003
2003-03-19,0.010970695257394913,2003
2003-03-20,0.011394206711889732,2003
2003-03-21,0.01609445698716594,2003
2003-03-24,-0.026398891502269817,2003
2003-03-25,0.011388275467476783,2003
2003-03-26,0.004289863767209301,2003
2003-03-27,-0.0032040418012349026,2003
2003-03-28,-0.0026780992863580932,2003
2003-03-31,-0.00590744287289291,2003
2003-04-01,0.017287922689214863,2003
2003-04-02,0.010090416423474524,2003
2003-04-03,-0.0042063319914835695,2003
2003-04-04,-0.006863537660739549,2003
2003-04-07,0.009569461881941077,2003
2003-04-08,-0.005792420806885024,2003
2003-04-09,0.0010585313918163308,2003
2003-04-10,-0.004231991154867831,2003
2003-04-11,-0.002125515852775317,2003
2003-04-14,0.0117141405313117,2003
2003-04-15,0.0047370460109912305,2003
2003-04-16,0.0010474472153307879,2003
2003-04-17,0.005756609566379467,2003
2003-04-21,0.0057233429216241305,2003
2003-04-22,0.010346155693284453,2003
2003-04-23,0.0025601694948380604,2003
2003-04-24,-0.010214293116875717,2003
2003-04-25,-0.0077397170911936986,2003
2003-04-28,-0.0020808332289224962,2003
2003-04-29,0.0046903841237617705,2003
2003-04-30,-0.00829866153404979,2003
2003-05-01,0.005230215737714872,2003
2003-05-02,0.009885030278625084,2003
2003-05-05,0.007728072414591836,2003
2003-05-06,0.009202537555431656,2003
2003-05-07,-0.009118623084046873,2003
2003-05-08,0.003578990112638847,2003
2003-05-09,0.006622670059828417,2003
2003-05-12,0.0035423777140213275,2003
2003-05-13,0.0,2003
2003-05-14,-0.002521822247566363,2003
2003-05-15,0.001516826117383685,2003
2003-05-16,0.006058423662967716,2003
2003-05-19,-0.0050181813501575245,2003
2003-05-20,0.007059901132125068,2003
2003-05-21,0.0030045590209253348,2003
2003-05-22,0.007488629919713663,2003
2003-05-23,0.0009914002478690342,2003
2003-05-27,0.0009899648240108139,2003
2003-05-28,-0.011869263890126436,2003
2003-05-29,-0.017517702752406272,2003
2003-05-30,0.017320338762360832,2003
2003-06-02,0.0030045590209253348,2003
2003-06-03,0.003993773335982942,2003
2003-06-04,0.010442711471190025,2003
2003-06-05,-0.0004918715705746202,2003
2003-06-06,0.009410526660815766,2003
2003-06-09,-0.007360030172079646,2003
2003-06-10,0.010874794420234979,2003
2003-06-11,0.008802353667503926,2003
2003-06-12,-0.01114945478474505,2003
2003-06-13,-0.011764372377820576,2003
2003-06-16,0.008432514249880674,2003
2003-06-17,-0.006394335630723003,2003
2003-06-18,-0.008910840945820953,2003
2003-06-19,-0.0024978379137768902,2003
2003-06-20,0.0005011073689993317,2003
2003-06-23,-0.010510767158832368,2003
2003-06-24,0.006069974455466642,2003
2003-06-25,0.003519340960327355,2003
2003-06-26,0.011522876021765605,2003
2003-06-27,0.0019813100552894536,2003
2003-06-30,0.0,2003
2003-07-01,0.0069205351676451254,2003
2003-07-02,0.014236239491556058,2003
2003-07-03,0.003872180003694048,2003
2003-07-07,0.007714341752438569,2003
2003-07-08,-0.0009565295067311963,2003
2003-07-09,-0.005268239166369093,2003
2003-07-10,-0.013962585447876208,2003
2003-07-11,0.00878909029246877,2003
2003-07-14,0.009680890814456777,2003
2003-07-15,0.0,2003
2003-07-16,-0.0019179632146021364,2003
2003-07-17,-0.010566407807730993,2003
2003-07-18,0.004853842431230104,2003
2003-07-21,-0.004830396447991214,2003
2003-07-22,0.006795792020116709,2003
2003-07-23,-0.004821298930925866,2003
2003-07-24,0.008236408704894282,2003
2003-07-25,0.006246990397425822,2003
2003-07-28,-0.00429807921611669,2003
2003-07-29,0.008152943435778992,2003
2003-07-30,0.01189338034063736,2003
2003-07-31,-0.0004694813904042583,2003
2003-08-01,-0.0042334570545813355,2003
2003-08-04,-0.00472344102248301,2003
2003-08-05,-0.0028481630223766707,2003
2003-08-06,0.001904054329556315,2003
2003-08-07,0.004275764223091949,2003
2003-08-08,-0.0009462440880386724,2003
2003-08-11,0.0009471403139613699,2003
2003-08-12,0.0014189712354433226,2003
2003-08-13,-0.005668487715217552,2003
2003-08-14,0.005226126334130221,2003
2003-08-15,-0.004726532249479831,2003
2003-08-18,0.0033237515805424334,2003
2003-08-19,0.005205694578323872,2003
2003-08-20,0.0028252261574424065,2003
2003-08-21,0.0032870843622989643,2003
2003-08-22,-0.009359458714832014,2003
2003-08-25,-0.006613175919714109,2003
2003-08-26,0.0071329062789466935,2003
2003-08-27,0.00897108724707163,2003
2003-08-28,-0.0004683493767025926,2003
2003-08-29,0.005617638596428165,2003
2003-09-02,0.01163881864602212,2003
2003-09-03,0.007823683085758315,2003
2003-09-04,0.0018256342867994935,2003
2003-09-05,-0.004101834753154843,2003
2003-09-08,0.0027466298402412104,2003
2003-09-09,-0.002282023019191115,2003
2003-09-10,-0.014181653760872215,2003
2003-09-11,0.0069607199362324845,2003
2003-09-12,0.003703387649125922,2003
2003-09-15,-0.0027667697172587546,2003
2003-09-16,0.0,2003
2003-09-17,-0.0027761231327940727,2003
2003-09-18,0.005566021062976212,2003
2003-09-19,0.006918945257375464,2003
2003-09-22,-0.00045782126906812604,2003
2003-09-23,0.0054987257876280005,2003
2003-09-24,-0.005013129000530192,2003
2003-09-25,-0.000916057795523062,2003
2003-09-26,0.00045865668248445957,2003
2003-09-29,0.007791027093760672,2003
2003-09-30,0.005911462045960825,2003
2003-10-01,0.006781248175050436,2003
2003-10-02,0.008980537307146763,2003
2003-10-03,0.00934612618534425,2003
2003-10-06,0.010581906957558784,2003
2003-10-07,-0.0017455133780285292,2003
2003-10-08,0.0004372734475175388,2003
2003-10-09,0.003931958783572664,2003
2003-10-10,-0.0013055196782912892,2003
2003-10-13,0.003050128839833244,2003
2003-10-14,0.000868702872245608,2003
2003-10-15,-0.003037821088954562,2003
2003-10-16,0.0021764839753160015,2003
2003-10-17,-0.009556847335774443,2003
2003-10-20,-0.0004385425200370552,2003
2003-10-21,-0.0008776687304710151,2003
2003-10-22,-0.008344414187740234,2003
2003-10-23,-0.007971412514759635,2003
2003-10-24,-0.0058038009338367,2003
2003-10-27,0.00942985589376688,2003
2003-10-28,-0.007562489519691851,2003
2003-10-29,0.008516600873919922,2003
2003-10-30,0.005333079780045269,2003
2003-10-31,-0.0022100949421093308,2003
2003-11-03,0.01284860375083019,2003
2003-11-04,-0.003499330859627725,2003
2003-11-05,-0.0026337641252024424,2003
2003-11-06,0.011443448837338055,2003
2003-11-07,0.005221684236755619,2003
2003-11-10,-0.0021643018453827434,2003
2003-11-11,-0.00520549913393531,2003
2003-11-12,0.012210688722746665,2003
2003-11-13,0.003877551950330238,2003
2003-11-14,0.0038625746165923402,2003
2003-11-17,-0.003420425767530433,2003
2003-11-18,-0.0004287532910784986,2003
2003-11-19,-0.0017164620715118817,2003
2003-11-20,-0.0077385618673462275,2003
2003-11-21,-0.005199581650680907,2003
2003-11-24,0.005661981842360442,2003
2003-11-25,0.007795146492050042,2003
2003-11-26,0.006446965405410676,2003
2003-11-28,0.004269262823674236,2003
2003-12-01,0.01020475415048705,2003
2003-12-02,-0.0021046892621741087,2003
2003-12-03,-0.0004217109651158957,2003
2003-12-04,-0.004219398792408402,2003
2003-12-05,0.0,2003
2003-12-08,0.006779912968976953,2003
2003-12-09,0.0,2003
2003-12-10,-0.0063136862603260235,2003
2003-12-11,0.005929793016852036,2003
2003-12-12,0.004210643902174738,2003
2003-12-15,-0.005869994164403702,2003
2003-12-16,0.005482497433763278,2003
2003-12-17,0.000419855162960614,2003
2003-12-18,0.00041936221974636645,2003
2003-12-19,0.0012802916017835564,2003
2003-12-22,0.004262392637823353,2003
2003-12-23,-0.0012733534990143625,2003
2003-12-24,0.0033998335676139746,2003
2003-12-26,0.0008474397873796669,2003
2003-12-29,0.0071942509280134015,2003
2003-12-30,0.002941300044146944,2003
2003-12-31,0.0,2003
2004-01-02,0.0,2004
2004-01-05,-0.0012674359409255986,2004
2004-01-06,0.0033842647660475844,2004
2004-01-07,-0.006324070572597096,2004
2004-01-08,0.0025459416034125937,2004
2004-01-09,0.0016925655949220353,2004
2004-01-12,-0.0008446021118625469,2004
2004-01-13,0.0025365755245523314,2004
2004-01-14,0.006326614154190224,2004
2004-01-15,-0.0016766232494368483,2004
2004-01-16,-0.004617959072985012,2004
2004-01-20,-0.0016869803040043818,2004
2004-01-21,0.0025348092026593605,2004
2004-01-22,0.0033713044553074223,2004
2004-01-23,0.009659707855291355,2004
2004-01-26,0.010399078676547324,2004
2004-01-27,0.007410938697727465,2004
2004-01-28,0.0012256356040747374,2004
2004-01-29,0.0036737380082887405,2004
2004-01-30,0.006507217621911865,2004
2004-02-02,0.012928496678319412,2004
2004-02-03,-0.003191166899259801,2004
2004-02-04,-0.018807561400311257,2004
2004-02-05,0.00856462108227074,2004
2004-02-06,0.017387952587855304,2004
2004-02-09,0.0003973214706909367,2004
2004-02-10,0.005562767008277625,2004
2004-02-11,0.003555871414174794,2004
2004-02-12,-0.009055664451406154,2004
2004-02-13,-0.00675390435228429,2004
2004-02-17,0.0016002880827141741,2004
2004-02-18,-0.0035946879435221346,2004
2004-02-19,0.0,2004
2004-02-20,-0.0008014503408809714,2004
2004-02-23,-0.0012031992793897217,2004
2004-02-24,0.00200770813109874,2004
2004-02-25,0.008817618730366572,2004
2004-02-26,-0.002383453565036109,2004
2004-02-27,0.0023891479883262345,2004
2004-03-01,0.011124944578043916,2004
2004-03-02,0.006286334014922179,2004
2004-03-03,0.0046861661353994055,2004
2004-03-04,0.0046635011581774855,2004
2004-03-05,0.0055096402921961385,2004
2004-03-08,-0.0011737684107664403,2004
2004-03-09,-0.0007841556891347023,2004
2004-03-10,-0.01215668839189643,2004
2004-03-11,-0.011115633316910567,2004
2004-03-12,0.009233880958213092,2004
2004-03-15,-0.006762763890205359,2004
2004-03-16,0.004405226652549832,2004
2004-03-17,0.014353714756218494,2004
2004-03-18,0.00550371854127385,2004
2004-03-19,0.0011729617437963302,2004
2004-03-22,-0.002733590314967671,2004
2004-03-23,0.005090110173231244,2004
2004-03-24,-0.0062327270322577455,2004
2004-03-25,0.012543406445083116,2004
2004-03-26,-0.01006558967187099,2004
2004-03-29,0.00625767394620258,2004
2004-03-30,0.008938807135039362,2004
2004-03-31,0.006933854239404624,2004
2004-04-01,0.010328714142205264,2004
2004-04-02,-0.008708323991929001,2004
2004-04-05,-0.03361364572971004,2004
2004-04-06,-0.03636379252324362,2004
2004-04-07,0.011484999644979954,2004
2004-04-08,-0.020275799748896595,2004
2004-04-12,-0.0455299028118098,2004
2004-04-13,-0.00780565848737369,2004
2004-04-14,-0.011800822266961775,2004
2004-04-15,0.019902757287124206,2004
2004-04-16,0.011275184355518775,2004
2004-04-19,0.005145482017391068,2004
2004-04-20,-0.032849634525682236,2004
2004-04-21,0.002205364022730194,2004
2004-04-22,0.012764017041283715,2004
2004-04-23,-0.008257151114592798,2004
2004-04-26,0.0035062068949651692,2004
2004-04-27,0.008296363206902191,2004
2004-04-28,-0.0064963802714324,2004
2004-04-29,-0.014385286778524131,2004
2004-04-30,-0.007961270616958616,2004
2004-05-03,0.013820904885043506,2004
2004-05-04,0.004398113721692853,2004
2004-05-05,-0.007443395864992874,2004
2004-05-06,0.0,2004
2004-05-07,-0.03131948855522726,2004
2004-05-10,-0.014116511056935344,2004
2004-05-11,0.0055431970729795665,2004
2004-05-12,-0.00045961549991480055,2004
2004-05-13,0.0004598268434592434,2004
2004-05-14,0.011943103071170746,2004
2004-05-17,0.004993056391317419,2004
2004-05-18,0.01942185448867928,2004
2004-05-19,-0.019938352006887428,2004
2004-05-20,0.018083645339898036,2004
2004-05-21,0.0008882286392215555,2004
2004-05-24,0.01153458992373424,2004
2004-05-25,0.018421051453307413,2004
2004-05-26,0.014642422993909943,2004
2004-05-27,0.0050938741230242,2004
2004-05-28,0.009713141581990214,2004
2004-06-01,-0.0117114266891587,2004
2004-06-02,0.013965793806353766,2004
2004-06-03,-0.005843373985308542,2004
2004-06-04,0.002518830309106379,2004
2004-06-07,0.008793786637724121,2004
2004-06-08,-0.0024904788628029584,2004
2004-06-09,-0.004993029531228044,2004
2004-06-10,-0.0016734879124548074,2004
2004-06-14,-0.015082056313235226,2004
2004-06-15,0.016589433132491394,2004
2004-06-16,0.002510275814259222,2004
2004-06-17,0.008347303227182357,2004
2004-06-18,0.004579235987958619,2004
2004-06-21,0.007874233861128399,2004
2004-06-22,0.00041130533432442995,2004
2004-06-23,0.006986515041483621,2004
2004-06-24,-0.002040057613045043,2004
2004-06-25,0.010224816448231033,2004
2004-06-28,0.004858087036069048,2004
2004-06-29,-0.020950362279557155,2004
2004-06-30,0.011933909312360935,2004
2004-07-01,0.0028467575325570316,2004
2004-07-02,0.018247962743958235,2004
2004-07-06,-0.003982495727348545,2004
2004-07-07,0.009995758672401767,2004
2004-07-08,-0.013855450455683593,2004
2004-07-09,-0.0012040499756990064,2004
2004-07-12,0.007636046952900655,2004
2004-07-13,-0.0067808722101181385,2004
2004-07-14,0.006023833300822012,2004
2004-07-15,0.00918220282573845,2004
2004-07-16,-0.0003959728233252635,2004
2004-07-19,0.004749080765700686,2004
2004-07-20,0.001968659740971157,2004
2004-07-21,-0.007468533923633336,2004
2004-07-22,-0.022573738555592637,2004
2004-07-23,-0.005672634727865389,2004
2004-07-26,-0.009372199805236736,2004
2004-07-27,0.0016453010926049672,2004
2004-07-28,0.00862420792227181,2004
2004-07-29,0.0,2004
2004-07-30,0.007328668032590802,2004
2004-08-02,0.013338609436574833,2004
2004-08-03,0.0031910803359216366,2004
2004-08-04,0.006759648635709992,2004
2004-08-05,-0.015797975207643256,2004
2004-08-06,-0.0016045622677565152,2004
2004-08-09,0.0008033956842046219,2004
2004-08-10,0.004819416017165956,2004
2004-08-11,-0.001198872336785728,2004
2004-08-12,-0.01000433523127342,2004
2004-08-13,0.0016170568791200601,2004
2004-08-16,0.014123712968873603,2004
2004-08-17,0.010744588327975091,2004
2004-08-18,0.012598482729488492,2004
2004-08-19,-0.014386038810296209,2004
2004-08-20,0.028796926985594107,2004
2004-08-23,-0.0019172426752446237,2004
2004-08-24,0.013061803604606848,2004
2004-08-25,-0.006446586354214245,2004
2004-08-26,0.0057252734275170525,2004
2004-08-27,-0.0007587967321667222,2004
2004-08-30,0.006076745676695472,2004
2004-08-31,0.006794390301253284,2004
2004-09-01,-0.0011243757952912325,2004
2004-09-02,0.0067565699427067916,2004
2004-09-03,0.00574094050568319,2004
2004-09-07,0.00799027728654167,2004
2004-09-08,-0.0018873206840044343,2004
2004-09-09,-0.017776240978979785,2004
2004-09-10,0.0015401102608854078,2004
2004-09-13,-0.007304627368309502,2004
2004-09-14,-0.009294781207835778,2004
2004-09-15,0.005081751914948196,2004
2004-09-16,0.01672484871714519,2004
2004-09-17,-0.0007646688616356201,2004
2004-09-20,-0.010336932424878542,2004
2004-09-21,0.004641777329337016,2004
2004-09-22,-0.006161093770924664,2004
2004-09-23,-0.004261586448128796,2004
2004-09-24,0.0027236451113286098,2004
2004-09-27,-0.0023282587152927414,2004
2004-09-28,0.005834395218024424,2004
2004-09-29,0.0,2004
2004-09-30,0.005026948850825441,2004
2004-10-01,0.017314400400292307,2004
2004-10-04,0.004538626085490272,2004
2004-10-05,0.00037708618009468786,2004
2004-10-06,0.005268603730161692,2004
2004-10-07,-0.012729360127131772,2004
2004-10-08,0.008342705203238543,2004
2004-10-11,-0.004136999540569453,2004
2004-10-12,0.00717582822311047,2004
2004-10-13,-0.005624804223486657,2004
2004-10-14,0.009804221319661854,2004
2004-10-15,0.006347673455143532,2004
2004-10-18,0.007421369472407013,2004
2004-10-19,-0.00699843119593313,2004
2004-10-20,-0.002966901941124256,2004
2004-10-21,0.01302029302832719,2004
2004-10-22,-0.0062425679700349734,2004
2004-10-25,-0.004804336264281894,2004
2004-10-26,0.01448206346665204,2004
2004-10-27,0.004392225431102181,2004
2004-10-28,0.0036442675912744527,2004
2004-10-29,-0.003631035127636073,2004
2004-11-01,0.011297075093019249,2004
2004-11-02,-0.009008945721835082,2004
2004-11-03,0.008363683920758591,2004
2004-11-04,0.01478539471444118,2004
2004-11-05,-0.02345385872686312,2004
2004-11-08,0.008005923505395973,2004
2004-11-09,0.0010826612640015831,2004
2004-11-10,0.005409591428931604,2004
2004-11-11,0.007890858110172427,2004
2004-11-12,0.021708255396775566,2004
2004-11-15,0.009404512107169083,2004
2004-11-16,-0.008281659482729187,2004
2004-11-17,-0.020181455069354537,2004
2004-11-18,0.0017759973882744973,2004
2004-11-19,-0.011343548395657987,2004
2004-11-22,0.005736749139695352,2004
2004-11-23,0.010694949098170259,2004
2004-11-24,0.01410956819543241,2004
2004-11-26,-0.0027822782056118323,2004
2004-11-29,-0.002092653835086722,2004
2004-11-30,0.005242408047522851,2004
2004-12-01,0.018080927867256236,2004
2004-12-02,-0.008879955221019031,2004
2004-12-03,0.016195762342990694,2004
2004-12-06,0.0057649270175088585,2004
2004-12-07,-0.014834694586120856,2004
2004-12-08,0.0017106989800199646,2004
2004-12-09,0.005808547651702245,2004
2004-12-10,0.008152161135047464,2004
2004-12-13,-0.0010107206062877072,2004
2004-12-14,-0.0016865562788584976,2004
2004-12-15,0.005405525100653286,2004
2004-12-16,-0.010080890916499219,2004
2004-12-17,0.010445549620076822,2004
2004-12-20,0.0017230703699850913,2004
2004-12-21,0.008600058799123955,2004
2004-12-22,0.006821570622062234,2004
2004-12-23,-0.008469423352395089,2004
2004-12-27,-0.000683059080893611,2004
2004-12-28,0.0037603815391302753,2004
2004-12-29,0.0040874802577293146,2004
2004-12-30,0.004749127383345986,2004
2004-12-31,0.0,2004
2005-01-03,0.0,2005
2005-01-04,-0.012349737226164281,2005
2005-01-05,-0.032998049062075596,2005
2005-01-06,0.008980415997435598,2005
2005-01-07,0.0017796265412031165,2005
2005-01-10,-0.004264299247160541,2005
2005-01-11,-0.011420032592997176,2005
2005-01-12,-0.00252715201919107,2005
2005-01-13,0.0068760650554164915,2005
2005-01-14,0.008267418981630525,2005
2005-01-18,0.011051977265659652,2005
2005-01-19,0.0035260479545240475,2005
2005-01-20,-0.008433090386006037,2005
2005-01-21,0.0007090596843790653,2005
2005-01-24,-0.008498786089728427,2005
2005-01-25,-0.019999824908084163,2005
2005-01-26,0.0003643565358184553,2005
2005-01-27,-0.008743779975094346,2005
2005-01-28,0.004410656471566021,2005
2005-01-31,-0.0025612655423166153,2005
2005-02-01,0.007336764936780371,2005
2005-02-02,0.012745599837272303,2005
2005-02-03,0.002157747623253936,2005
2005-02-04,0.017222640032651837,2005
2005-02-07,-0.0028217756950146278,2005
2005-02-08,0.002476588589824358,2005
2005-02-09,0.006704187622011082,2005
2005-02-10,0.005257699891934475,2005
2005-02-11,0.004183623061362551,2005
2005-02-14,0.0013888904827865645,2005
2005-02-15,0.004854517747038489,2005
2005-02-16,0.0034507065879623156,2005
2005-02-17,-0.001031803588695146,2005
2005-02-18,-0.009638564954480788,2005
2005-02-22,-0.024678775559907384,2005
2005-02-23,-0.00391985763461844,2005
2005-02-24,-0.0025043518706022727,2005
2005-02-25,0.01721665976291864,2005
2005-02-28,-0.007052387261786364,2005
2005-03-01,0.010653568305722283,2005
2005-03-02,-0.004919141431267926,2005
2005-03-03,0.0049434590052745975,2005
2005-03-04,0.019400172494150825,2005
2005-03-07,0.006920067350398185,2005
2005-03-08,-0.007216073297210079,2005
2005-03-09,-0.027690893115657866,2005
2005-03-10,0.010679952933780879,2005
2005-03-11,-0.012328456816335542,2005
2005-03-14,0.014978500731156252,2005
2005-03-15,-0.003513670857692164,2005
2005-03-16,-0.010578664529824588,2005
2005-03-17,0.00997936914562847,2005
2005-03-18,-0.004234876488739103,2005
2005-03-21,-0.006378163743341658,2005
2005-03-22,-0.016761944459529055,2005
2005-03-23,-0.003989827249127886,2005
2005-03-24,0.002913461500994252,2005
2005-03-28,-0.006535846787461885,2005
2005-03-29,0.0014617538820411724,2005
2005-03-30,0.016058226202391834,2005
2005-03-31,-0.0014367489010531642,2005
2005-04-01,-0.0010786926521391127,2005
2005-04-04,-0.005041343820893385,2005
2005-04-05,0.0010853290031387353,2005
2005-04-06,0.003977242124744151,2005
2005-04-07,0.008642219009325158,2005
2005-04-08,-0.007497565916165683,2005
2005-04-11,0.0021580761412922644,2005
2005-04-12,0.014716722226582712,2005
2005-04-13,0.000707690181545928,2005
2005-04-14,-0.00600917290613856,2005
2005-04-15,-0.0053344266140216146,2005
2005-04-18,0.001787613050046044,2005
2005-04-19,0.004282556910801594,2005
2005-04-20,-0.005685726434035754,2005
2005-04-21,0.00679058014393652,2005
2005-04-22,0.005189775073710656,2005
2005-04-25,0.010960990072167887,2005
2005-04-26,0.0027988551558193464,2005
2005-04-27,0.009068621266789423,2005
2005-04-28,-0.006913242453730373,2005
2005-04-29,0.013226694724505661,2005
2005-05-02,-0.00377891297656463,2005
2005-05-03,-0.0010346250745496555,2005
2005-05-04,0.009665461475206527,2005
2005-05-05,0.005127598378346532,2005
2005-05-06,-0.009863349885488759,2005
2005-05-09,0.017863096532372502,2005
2005-05-10,-0.0016881735007715504,2005
2005-05-11,0.002704996763841505,2005
2005-05-12,-0.010451841800493855,2005
2005-05-13,-0.009199093329056218,2005
2005-05-16,0.012379744757691657,2005
2005-05-17,0.006114319997483353,2005
2005-05-18,0.010465489002355666,2005
2005-05-19,0.012696392776856413,2005
2005-05-20,0.004288700025773862,2005
2005-05-23,0.0016432523091272078,2005
2005-05-24,-0.012135534497878298,2005
2005-05-25,-0.01261630201397601,2005
2005-05-26,-0.004707284326938788,2005
2005-05-27,0.006080899879500334,2005
2005-05-31,0.006044514078777707,2005
2005-06-01,0.013017227621081151,2005
2005-06-02,-0.001976756699756166,2005
2005-06-03,0.0,2005
2005-06-06,0.007296869850716314,2005
2005-06-07,0.007243652015524793,2005
2005-06-08,0.005884634941767608,2005
2005-06-09,0.0003249524958630623,2005
2005-06-10,-0.0016244119016616265,2005
2005-06-13,0.0013016794291782485,2005
2005-06-14,0.009424951972889728,2005
2005-06-15,-0.0009663699736687237,2005
2005-06-16,0.0019337305274433891,2005
2005-06-17,0.011901423049251791,2005
2005-06-20,-0.0015900803813765352,2005
2005-06-21,-0.009550813907527211,2005
2005-06-22,-0.000964466497742511,2005
2005-06-23,-0.0012864069895452968,2005
2005-06-24,-0.004188250825128859,2005
2005-06-27,-0.001617667937500289,2005
2005-06-28,0.006156621045568578,2005
2005-06-29,0.0016103745611941722,2005
2005-06-30,0.0022509697534105477,2005
2005-07-01,0.010265561621195296,2005
2005-07-05,0.010479899487476851,2005
2005-07-06,-0.002199951091245489,2005
2005-07-07,0.004094938242620527,2005
2005-07-08,0.01474245133688079,2005
2005-07-11,0.012983029598400364,2005
2005-07-12,0.0012208970567966215,2005
2005-07-13,-0.006095461987322137,2005
2005-07-14,-0.015639815698512916,2005
2005-07-15,0.005295818734952995,2005
2005-07-18,0.0034088336053588186,2005
2005-07-19,0.006794253174184917,2005
2005-07-20,0.009509390671791573,2005
2005-07-21,-0.011850805899554007,2005
2005-07-22,0.006457538966020415,2005
2005-07-25,0.0021389522300667707,2005
2005-07-26,0.010670853395527757,2005
2005-07-27,0.003318012782840052,2005
2005-07-28,0.013830722161981557,2005
2005-07-29,-0.0011867428720810924,2005
2005-08-01,-0.00178117660339705,2005
2005-08-02,0.00803134104306591,2005
2005-08-03,-0.003246125352830531,2005
2005-08-04,-0.01776209890992897,2005
2005-08-05,-0.031947036068279644,2005
2005-08-08,-0.03424659511696737,2005
2005-08-09,0.009349083780117784,2005
2005-08-10,0.0054294399727099485,2005
2005-08-11,0.010800413967638978,2005
2005-08-12,0.002200122520458647,2005
2005-08-15,0.008466689718892528,2005
2005-08-16,0.004352790696451558,2005
2005-08-17,-0.006810998013867087,2005
2005-08-18,-0.007792584750608178,2005
2005-08-19,-0.0037702560218058068,2005
2005-08-22,0.003784524648652088,2005
2005-08-23,0.001570740071266341,2005
2005-08-24,0.002509191413943679,2005
2005-08-25,0.0037545800440434984,2005
2005-08-26,-0.01215716678295975,2005
2005-08-29,-0.0031554461978908765,2005
2005-08-30,0.0,2005
2005-08-31,0.022158818942289216,2005
2005-09-01,0.004335690018351324,2005
2005-09-02,-0.0021586546855598687,2005
2005-09-06,0.022868010231099856,2005
2005-09-07,-0.004229672075372282,2005
2005-09-08,-0.002427056324091237,2005
2005-09-09,0.004733366359005897,2005
2005-09-12,-0.0037691344274800587,2005
2005-09-13,-0.005674055914482556,2005
2005-09-14,-0.0019027004861558172,2005
2005-09-15,0.004447374158701001,2005
2005-09-16,-0.0006328229957833775,2005
2005-09-19,-0.008860307121820177,2005
2005-09-20,-0.008301972433966687,2005
2005-09-21,-0.021249019516903278,2005
2005-09-22,0.0032900590719868728,2005
2005-09-23,0.0036062662603892903,2005
2005-09-26,0.003266541994692007,2005
2005-09-27,-0.002279143067543732,2005
2005-09-28,-0.0065277176624412014,2005
2005-09-29,0.013469635654451473,2005
2005-09-30,0.015235020864498905,2005
2005-10-03,0.0015964556854084488,2005
2005-10-04,-0.014026350439714452,2005
2005-10-05,-0.017781764731129246,2005
2005-10-06,-0.0026335709165720145,2005
2005-10-07,-0.006600791775748682,2005
2005-10-10,-0.012624261904287781,2005
2005-10-11,-0.008075635827406002,2005
2005-10-12,-0.016960723459696125,2005
2005-10-13,-0.0006902901304838283,2005
2005-10-14,0.023135609989888062,2005
2005-10-17,0.005400022836116181,2005
2005-10-18,-0.01040627802231564,2005
2005-10-19,0.014925333207544522,2005
2005-10-20,-0.014037416123686475,2005
2005-10-21,0.009830634284917483,2005
2005-10-24,0.018798170145544413,2005
2005-10-25,-0.004612873084234637,2005
2005-10-26,-0.009930250434683985,2005
2005-10-27,-0.013039305116470334,2005
2005-10-28,0.030148870315644727,2005
2005-10-31,0.006905399297167936,2005
2005-11-01,-0.021554017295170258,2005
2005-11-02,0.008010681962177024,2005
2005-11-03,-0.00529836211236745,2005
2005-11-04,-0.0029954707844683792,2005
2005-11-07,0.006009818881268947,2005
2005-11-08,-0.0046466414124031186,2005
2005-11-09,0.01167052692327375,2005
2005-11-10,0.024390402394376176,2005
2005-11-11,0.006756620172560401,2005
2005-11-14,-0.0012785740593378447,2005
2005-11-15,-0.0025595806150547906,2005
2005-11-16,-0.0035296775691449067,2005
2005-11-17,0.012556615810753291,2005
2005-11-18,0.006677634042485003,2005
2005-11-21,0.006001315691258169,2005
2005-11-22,0.012244413195029669,2005
2005-11-23,0.005583108898182809,2005
2005-11-25,0.002467857085809211,2005
2005-11-28,-0.011384567824894165,2005
2005-11-29,0.0024898853775665586,2005
2005-11-30,-0.005588715461348315,2005
2005-12-01,0.014361565270273324,2005
2005-12-02,0.000615715968039332,2005
2005-12-05,-0.0073822662436662245,2005
2005-12-06,-0.0015491319704523665,2005
2005-12-07,-0.005587224818041081,2005
2005-12-08,0.01029970444048156,2005
2005-12-09,0.004016422032094402,2005
2005-12-12,-0.0006153645561824961,2005
2005-12-13,0.005849643831093099,2005
2005-12-14,0.003060812650586442,2005
2005-12-15,-0.005797798062459281,2005
2005-12-16,-8.068526968774137e-08,2005
2005-12-19,-0.012460146516393045,2005
2005-12-20,-0.0006467634131918087,2005
2005-12-21,0.007769454089403771,2005
2005-12-22,0.006424602170831406,2005
2005-12-23,0.003830008991823508,2005
2005-12-27,-0.0015896278788417595,2005
2005-12-28,-0.0012739039973915789,2005
2005-12-29,-0.002870121216718813,2005
2005-12-30,-0.0035173769826636336,2005
2006-01-03,0.0,2006
2006-01-04,0.0022032694747933235,2006
2006-01-05,0.00816598927413792,2006
2006-01-06,0.009968206094246312,2006
2006-01-09,0.007403495778010916,2006
2006-01-10,0.009797519477311,2006
2006-01-11,-0.0018191967875176296,2006
2006-01-12,-0.003949352002020956,2006
2006-01-13,-0.012808247063152867,2006
2006-01-17,-0.00247107046120143,2006
2006-01-18,-0.0006198258715552907,2006
2006-01-19,0.013015338015784028,2006
2006-01-20,-0.010706621242062009,2006
2006-01-23,0.004947193596823496,2006
2006-01-24,0.005230711082667261,2006
2006-01-25,-0.0018362268684037897,2006
2006-01-26,0.0045994766644186225,2006
2006-01-27,0.014042070939697782,2006
2006-01-30,-0.004214427440873969,2006
2006-01-31,0.0015112992829879879,2006
2006-02-01,0.004225953673369753,2006
2006-02-02,-0.007213583042284255,2006
2006-02-03,-0.00968853110047918,2006
2006-02-06,0.00336260749276307,2006
2006-02-07,-0.007617209502463251,2006
2006-02-08,-0.004298149458703104,2006
2006-02-09,0.005241688893810492,2006
2006-02-10,0.0012272447085821536,2006
2006-02-13,0.0030636547073283893,2006
2006-02-14,0.004887138095726273,2006
2006-02-15,0.010942486850393562,2006
2006-02-16,0.006614306005085169,2006
2006-02-17,0.007168715086495858,2006
2006-02-21,0.002966203627838171,2006
2006-02-22,0.008278119361941672,2006
2006-02-23,-0.0008793896440426607,2006
2006-02-24,-0.004403116138090413,2006
2006-02-27,0.0014744694322323948,2006
2006-02-28,-0.0038275004914104516,2006
2006-03-01,0.005910478468299729,2006
2006-03-02,-0.0035253906322452178,2006
2006-03-03,-0.0067901982775718794,2006
2006-03-06,0.01753798761640768,2006
2006-03-07,-0.013146060023888295,2006
2006-03-08,0.00296030393299751,2006
2006-03-09,0.009150116347018455,2006
2006-03-10,0.008774486060916908,2006
2006-03-13,-0.006669011699011018,2006
2006-03-14,0.00788153858632823,2006
2006-03-15,0.016506823484459643,2006
2006-03-16,0.012250995615212368,2006
2006-03-17,0.009569004100484557,2006
2006-03-20,-0.014496100602507944,2006
2006-03-21,-0.01216491813951015,2006
2006-03-22,0.00515488224752092,2006
2006-03-23,0.0028495516067497118,2006
2006-03-24,-0.004261931362494864,2006
2006-03-27,-0.009700339674128089,2006
2006-03-28,0.011524386465148417,2006
2006-03-29,0.02164576133467766,2006
2006-03-30,-0.015332833205981555,2006
2006-03-31,0.0008497618603431345,2006
2006-04-03,-0.017539082644043802,2006
2006-04-04,-0.007486178973713398,2006
2006-04-05,0.00609193902998495,2006
2006-04-06,-0.004037016442776209,2006
2006-04-07,-0.013896729231382965,2006
2006-04-10,-0.009689247962166081,2006
2006-04-11,-0.0029643940766844734,2006
2006-04-12,-0.0014866414104092174,2006
2006-04-13,-0.010720565623644762,2006
2006-04-17,-0.00421428840908622,2006
2006-04-18,0.022370635767647418,2006
2006-04-19,0.011530513684641974,2006
2006-04-20,-0.0002914618270145608,2006
2006-04-21,-0.000585526846969997,2006
2006-04-24,-0.0061436289434628755,2006
2006-04-25,-0.007653664943153116,2006
2006-04-26,-0.0026702164824058405,2006
2006-04-27,0.01160009255831862,2006
2006-04-28,0.0023530434115934806,2006
2006-05-01,-0.010853847653782278,2006
2006-05-02,-0.00860071451882749,2006
2006-05-03,0.0038887999197996237,2006
2006-05-04,0.015793252082040077,2006
2006-05-05,0.013199665880683442,2006
2006-05-08,0.0066587018845927215,2006
2006-05-09,0.0011508417942107663,2006
2006-05-10,-0.0031604524937489664,2006
2006-05-11,-0.021613674419125206,2006
2006-05-12,-0.011781478654528277,2006
2006-05-15,0.011027795203114366,2006
2006-05-16,-0.005601623659031607,2006
2006-05-17,-0.019566526054011768,2006
2006-05-18,-0.0066529485394846155,2006
2006-05-19,0.0,2006
2006-05-22,-0.005783620643860954,2006
2006-05-23,-0.0076544348793177175,2006
2006-05-24,0.0018511069216351483,2006
2006-05-25,0.02340623143605347,2006
2006-05-26,0.009329172295587274,2006
2006-05-30,-0.009541054239126434,2006
2006-05-31,0.0012040064927232308,2006
2006-06-01,0.01984339215996389,2006
2006-06-02,0.010041706626223945,2006
2006-06-05,0.00847935680484535,2006
2006-06-06,-0.009567653579852675,2006
2006-06-07,0.0017561165263748624,2006
2006-06-08,-0.006721217232603993,2006
2006-06-09,0.008237509614710925,2006
2006-06-12,-0.014589346608907428,2006
2006-06-13,-0.01421408421811543,2006
2006-06-14,-0.00630828643045811,2006
2006-06-15,0.019649357397214517,2006
2006-06-16,-0.0017788775235063614,2006
2006-06-19,-0.005345843652165838,2006
2006-06-20,-0.005971984169416356,2006
2006-06-21,0.010513684690331315,2006
2006-06-22,-0.00654025016557902,2006
2006-06-23,-0.0032908247752932995,2006
2006-06-26,0.009606565352870078,2006
2006-06-27,-0.004460491999206284,2006
2006-06-28,0.006272337160810215,2006
2006-06-29,0.02285556266792521,2006
2006-06-30,0.010446943918451801,2006
2006-07-03,0.014933846599063827,2006
2006-07-05,-0.0016976940664688023,2006
2006-07-06,0.0011336969716255751,2006
2006-07-07,-0.007927889891439666,2006
2006-07-10,0.0102740968462256,2006
2006-07-11,0.0011299254242109757,2006
2006-07-12,0.0016933303453818827,2006
2006-07-13,-0.015211657704374493,2006
2006-07-14,-0.014015543256120089,2006
2006-07-17,-0.00029021212505386806,2006
2006-07-18,0.008125522573647626,2006
2006-07-19,0.01986183011692466,2006
2006-07-20,-0.008749751950276496,2006
2006-07-21,-0.016515253251802253,2006
2006-07-24,0.017082356957279332,2006
2006-07-25,0.003984916761873292,2006
2006-07-26,0.0028350104159262646,2006
2006-07-27,-0.0073503884930835595,2006
2006-07-28,0.01623424343464186,2006
2006-07-31,-0.0061656084460482985,2006
2006-08-01,-0.0028206716171462753,2006
2006-08-02,0.0,2006
2006-08-03,0.007070415552607567,2006
2006-08-04,0.01600687105462195,2006
2006-08-07,-0.010226513556428896,2006
2006-08-08,-0.016755666043735462,2006
2006-08-09,-0.002839342542245049,2006
2006-08-10,-0.0011391860351235295,2006
2006-08-11,-0.008269935756276547,2006
2006-08-14,0.010926442401712588,2006
2006-08-15,0.01222964101051427,2006
2006-08-16,0.004495359362098439,2006
2006-08-17,-0.0005591499456235605,2006
2006-08-18,0.0019592821573437558,2006
2006-08-21,0.0022338969569499767,2006
2006-08-22,0.007804369352373497,2006
2006-08-23,-0.008020163741993103,2006
2006-08-24,0.005575951469747986,2006
2006-08-25,-0.0033271591588019955,2006
2006-08-28,0.011126736756133848,2006
2006-08-29,0.0013757359539858793,2006
2006-08-30,0.007417287955155505,2006
2006-08-31,-0.0005454648299434428,2006
2006-09-01,-0.0035467008840858183,2006
2006-09-05,0.01095292962244887,2006
2006-09-06,-0.004875803443594173,2006
2006-09-07,-0.004899145260026994,2006
2006-09-08,0.01422530561265578,2006
2006-09-11,0.003282418096197448,2006
2006-09-12,0.016656798828039054,2006
2006-09-13,0.0035104591970016585,2006
2006-09-14,-0.005830718354343678,2006
2006-09-15,0.008211401389999429,2006
2006-09-18,-0.006980935015588163,2006
2006-09-19,0.007030011065998876,2006
2006-09-20,-0.002036230113787507,2006
2006-09-21,-0.00990965430949653,2006
2006-09-22,0.0017662143959531473,2006
2006-09-25,-0.001175422538431392,2006
2006-09-26,-0.0026477628141018394,2006
2006-09-27,0.008849910869421107,2006
2006-09-28,-0.002047146224549823,2006
2006-09-29,0.00029301128753322914,2006
2006-10-02,0.0,2006
2006-10-03,0.01230260265867833,2006
2006-10-04,0.010994901940572177,2006
2006-10-05,0.011162458854453883,2006
2006-10-06,-0.008208644565619427,2006
2006-10-09,0.006278642422844705,2006
2006-10-10,0.0,2006
2006-10-11,-0.005388152606386698,2006
2006-10-12,0.007128156783642314,2006
2006-10-13,0.011041911485524025,2006
2006-10-16,0.006441205982836262,2006
2006-10-17,0.0,2006
2006-10-18,0.005008013112146603,2006
2006-10-19,-0.0027683654960447557,2006
2006-10-20,-0.0005554627503647769,2006
2006-10-23,0.0061110215894621955,2006
2006-10-24,-0.004417281828484554,2006
2006-10-25,0.004992232146586062,2006
2006-10-26,0.00827790509931381,2006
2006-10-27,-0.008757999901508051,2006
2006-10-30,0.005797674548894571,2006
2006-10-31,0.0008235988515949977,2006
2006-11-01,-0.007130693334576277,2006
2006-11-02,-0.01657467660091083,2006
2006-11-03,-0.013483655845541787,2006
2006-11-06,0.01053561682221571,2006
2006-11-07,-0.009861311663485028,2006
2006-11-08,0.0011375804210833618,2006
2006-11-09,-0.00028394262121655967,2006
2006-11-10,0.005686286824949205,2006
2006-11-13,0.00197942990540656,2006
2006-11-14,0.012414846000821544,2006
2006-11-15,-0.001672003730132432,2006
2006-11-16,0.0069792285816281385,2006
2006-11-17,-0.003326833848650179,2006
2006-11-20,0.03171070160876499,2006
2006-11-21,0.019412429610008886,2006
2006-11-22,0.00317397438474587,2006
2006-11-24,0.004745568347843676,2006
2006-11-27,-0.024928063883998708,2006
2006-11-28,0.0002691805695338445,2006
2006-11-29,0.016948916030367966,2006
2006-11-30,0.00978846525126742,2006
2006-12-01,-0.002881564246742352,2006
2006-12-04,0.01497676233989842,2006
2006-12-05,-0.007766820140590491,2006
2006-12-06,-0.00521738180827136,2006
2006-12-07,-0.0052452229428566755,2006
2006-12-08,0.0005271920754454928,2006
2006-12-11,0.002371473975289584,2006
2006-12-12,-0.004206118903398615,2006
2006-12-13,-0.005807489139859623,2006
2006-12-14,0.001858400793111059,2006
2006-12-15,-0.006797155147012179,2006
2006-12-18,-0.005748459197789657,2006
2006-12-19,-0.007709598351338887,2006
2006-12-20,0.009156559013253407,2006
2006-12-21,-0.011547679397342914,2006
2006-12-22,-0.007789254379620414,2006
2006-12-26,0.007008737888161143,2006
2006-12-27,0.011136462739681052,2006
2006-12-28,0.0019280254313496226,2006
2006-12-29,0.0,2006
2006-12-30,0.0,2006
2007-01-03,0.0,2007
2007-01-04,-0.0008250113105406909,2007
2007-01-05,-0.016510800787561064,2007
2007-01-08,0.0011193022807001185,2007
2007-01-09,0.012297630102644064,2007
2007-01-10,0.012700194476776394,2007
2007-01-11,0.011723185835617267,2007
2007-01-12,0.004311203634732141,2007
2007-01-16,0.015025628680525038,2007
2007-01-17,-0.0010567019369353003,2007
2007-01-18,-0.0037055362048130647,2007
2007-01-19,0.009827171203552032,2007
2007-01-22,-0.0073637987543137,2007
2007-01-23,0.0031790739740187313,2007
2007-01-24,0.0134708822266969,2007
2007-01-25,0.0028669399517256,2007
2007-01-26,0.001299198742963581,2007
2007-01-29,0.003374362187447355,2007
2007-01-30,0.005948969097993251,2007
2007-01-31,0.008999996124572585,2007
2007-02-01,0.008409675125406801,2007
2007-02-02,0.007076131426544174,2007
2007-02-05,0.0020070535535015033,2007
2007-02-06,0.01527725076760933,2007
2007-02-07,0.021706196510987485,2007
2007-02-08,-0.004103931885026113,2007
2007-02-09,-0.014787732014388322,2007
2007-02-12,-0.01771649463733138,2007
2007-02-13,0.019539097126949567,2007
2007-02-14,-0.0012285512701237788,2007
2007-02-15,0.006642010166335366,2007
2007-02-16,-0.003665188884405257,2007
2007-02-20,0.007358322367301495,2007
2007-02-21,-0.0024355052521214393,2007
2007-02-22,-0.00610130232742323,2007
2007-02-23,-0.014489778100779227,2007
2007-02-26,-0.006727524859830303,2007
2007-02-27,-0.033618236723222505,2007
2007-02-28,0.008567328177301103,2007
2007-03-01,-0.010038560257319418,2007
2007-03-02,-0.019005731179170704,2007
2007-03-05,-0.03635866651580888,2007
2007-03-06,0.03359936424227339,2007
2007-03-07,-0.012789586106378259,2007
2007-03-08,0.01484450809718374,2007
2007-03-09,0.0130322238058318,2007
2007-03-12,0.003412622192551007,2007
2007-03-13,-0.026687352453632185,2007
2007-03-14,0.0043010135901841995,2007
2007-03-15,0.011510190016783994,2007
2007-03-16,-0.009262458062325063,2007
2007-03-19,0.012019586352931544,2007
2007-03-20,0.001318882025488799,2007
2007-03-21,0.01634214121454569,2007
2007-03-22,-0.0025930801063821507,2007
2007-03-23,0.0007801997325127541,2007
2007-03-26,-0.012990354481794197,2007
2007-03-27,-0.012635067538867673,2007
2007-03-28,-0.006398731772684463,2007
2007-03-29,0.0008049924020452348,2007
2007-03-30,0.010455890399252654,2007
2007-04-02,0.010613036621700989,2007
2007-04-03,0.011026458689105345,2007
2007-04-04,-0.003375863278801794,2007
2007-04-05,-0.0010425118283221568,2007
2007-04-09,-0.0005215689607233065,2007
2007-04-10,0.0028711082429295764,2007
2007-04-11,-0.016914220361091248,2007
2007-04-12,-0.005028875961384682,2007
2007-04-13,0.010374515413321905,2007
2007-04-16,0.002370065166592772,2007
2007-04-17,0.012345597180833723,2007
2007-04-18,-0.004929592915446146,2007
2007-04-19,-0.00782287497437284,2007
2007-04-20,0.007621142991109275,2007
2007-04-23,0.012780344759738771,2007
2007-04-24,-0.00669529024382487,2007
2007-04-25,0.0,2007
2007-04-26,-0.002333350091123343,2007
2007-04-27,-0.001559588391075617,2007
2007-04-30,-0.018219778322957625,2007
2007-05-01,-0.007953066777334872,2007
2007-05-02,0.010422121104067594,2007
2007-05-03,0.002380135005453976,2007
2007-05-04,-0.006860163858979473,2007
2007-05-07,0.001594041134800106,2007
2007-05-08,-0.006896557393084812,2007
2007-05-09,0.008280248827229775,2007
2007-05-10,-0.01642391235513896,2007
2007-05-11,0.013466528501956176,2007
2007-05-14,-0.006113150579597493,2007
2007-05-15,-0.014437787831877436,2007
2007-05-16,-0.008138802038528792,2007
2007-05-17,-0.017506064779620356,2007
2007-05-18,-0.010578686817109717,2007
2007-05-21,0.005627101568099535,2007
2007-05-22,0.012871065270029902,2007
2007-05-23,-0.00911579313606703,2007
2007-05-24,-0.02118740841921496,2007
2007-05-25,0.00541092476465499,2007
2007-05-29,0.03286113633285348,2007
2007-05-30,0.028524618688132053,2007
2007-05-31,-0.003466669153680546,2007
2007-06-01,0.00294966345239156,2007
2007-06-04,0.0021393302615895227,2007
2007-06-05,-0.017609557780341234,2007
2007-06-06,-0.008418929159146105,2007
2007-06-07,-0.0342376290981794,2007
2007-06-08,0.014464144052223071,2007
2007-06-11,-0.01621475959376928,2007
2007-06-12,-0.01676641023700065,2007
2007-06-13,0.023699923662923394,2007
2007-06-14,-0.008752314403846828,2007
2007-06-15,0.010538301867147881,2007
2007-06-18,-0.016065593120352273,2007
2007-06-19,0.0028646478563481015,2007
2007-06-20,-0.024278691461897428,2007
2007-06-21,-0.0026346325965853623,2007
2007-06-22,-0.0049893716529523235,2007
2007-06-25,-0.018584323462577212,2007
2007-06-26,-0.0024045651085845554,2007
2007-06-27,0.023802472717979972,2007
2007-06-28,-0.008828757326177827,2007
2007-06-29,-0.007719850372072901,2007
2007-07-02,0.023638794967175247,2007
2007-07-03,-0.0002926748766284293,2007
2007-07-05,0.023099344256387155,2007
2007-07-06,-0.001143024517235136,2007
2007-07-09,-0.0031474042099454147,2007
2007-07-10,-0.026119232662389247,2007
2007-07-11,-0.005599356881827333,2007
2007-07-12,0.016004367285345822,2007
2007-07-13,0.013418801425218563,2007
2007-07-16,-0.0040303598827170495,2007
2007-07-17,-0.005779925787440798,2007
2007-07-18,-0.004360418546245026,2007
2007-07-19,0.005546977312357759,2007
2007-07-20,-0.020034765886948303,2007
2007-07-23,-0.013629270542728444,2007
2007-07-24,-0.021628415832794512,2007
2007-07-25,-0.00828947980554029,2007
2007-07-26,-0.026935173410586488,2007
2007-07-27,-0.02290780761371447,2007
2007-07-30,0.00879190131527885,2007
2007-07-31,-0.0009686414279939104,2007
2007-08-01,0.007754717945248402,2007
2007-08-02,0.011221377100122165,2007
2007-08-03,-0.032974234631367616,2007
2007-08-06,0.0232784710298215,2007
2007-08-07,0.0038455193510578134,2007
2007-08-08,0.04149379933627961,2007
2007-08-09,-0.008887521214595906,2007
2007-08-10,-0.030612256048777375,2007
2007-08-13,-0.007017867460823002,2007
2007-08-14,-0.03726272437627609,2007
2007-08-15,-0.011344825337093467,2007
2007-08-16,0.03206230331178661,2007
2007-08-17,0.02452571143285076,2007
2007-08-20,0.018831822929709308,2007
2007-08-21,0.014410710544110472,2007
2007-08-22,0.005867735395482354,2007
2007-08-23,-0.00828947980554029,2007
2007-08-24,-0.0015482672891556915,2007
2007-08-27,-0.017984216347552984,2007
2007-08-28,-0.031576097421862515,2007
2007-08-29,0.028366838611343148,2007
2007-08-30,0.00602372893296832,2007
2007-08-31,0.022691783354643835,2007
2007-09-04,0.011402422323010253,2007
2007-09-05,-0.02498487603598898,2007
2007-09-06,0.0068747652306224705,2007
2007-09-07,-0.023450525634731934,2007
2007-09-10,-0.01029164817790873,2007
2007-09-11,0.013171579434092973,2007
2007-09-12,-0.0020524022389155627,2007
2007-09-13,0.019540621764275068,2007
2007-09-14,0.003362376638201381,2007
2007-09-17,-0.004691360513750298,2007
2007-09-18,0.035016369795463964,2007
2007-09-19,0.01724140570814403,2007
2007-09-20,-0.0179082024826136,2007
2007-09-21,0.0,2007
2007-09-24,0.016281130443079883,2007
2007-09-25,-0.016982087729115913,2007
2007-09-26,0.009126631021621145,2007
2007-09-27,0.0074293799444680175,2007
2007-09-28,-0.0032067177249276435,2007
2007-10-01,0.020263884051194614,2007
2007-10-02,0.016078576814838597,2007
2007-10-03,-0.004343918361915278,2007
2007-10-04,0.004051109184754598,2007
2007-10-05,0.02234613560640253,2007
2007-10-08,-0.013964491836372606,2007
2007-10-09,0.008620273623518804,2007
2007-10-10,-0.00091578071758458,2007
2007-10-11,-0.006721443384435921,2007
2007-10-12,-0.005229266494632179,2007
2007-10-15,-0.021954189576149696,2007
2007-10-16,-0.012329883781412754,2007
2007-10-17,-0.001280909515844364,2007
2007-10-18,0.0028850377265838834,2007
2007-10-19,-0.034835228127735096,2007
2007-10-22,0.010264485001151291,2007
2007-10-23,0.007538623043495285,2007
2007-10-24,-0.009759254849721621,2007
2007-10-25,-0.0009856444933180608,2007
2007-10-26,0.003946333206019226,2007
2007-10-29,-0.009171200433257587,2007
2007-10-30,0.011239151169948558,2007
2007-10-31,0.019614893324534366,2007
2007-11-01,-0.036550690474026926,2007
2007-11-02,-0.019300771531030048,2007
2007-11-05,-0.014251961910147548,2007
2007-11-06,0.006884622417879127,2007
2007-11-07,-0.03282031664727858,2007
2007-11-08,0.001413683361256357,2007
2007-11-09,-0.0035296525922137167,2007
2007-11-12,0.005313522702528273,2007
2007-11-13,0.03911208557243251,2007
2007-11-14,-0.01661592060507522,2007
2007-11-15,-0.009655413883389308,2007
2007-11-16,-0.01253515584281506,2007
2007-11-19,-0.02609243213616841,2007
2007-11-20,-0.015568337714528369,2007
2007-11-21,-0.002942503254605211,2007
2007-11-23,0.022869700008182337,2007
2007-11-26,-0.053011129411238644,2007
2007-11-27,0.020944535608079518,2007
2007-11-28,0.04140204298337369,2007
2007-11-29,-0.004297695011264202,2007
2007-11-30,0.019784298166711123,2007
2007-12-03,-0.008112703456381931,2007
2007-12-04,-0.02702716666801297,2007
2007-12-05,0.0321632836591812,2007
2007-12-06,0.03151603097785971,2007
2007-12-07,-0.004462826823211974,2007
2007-12-10,0.020345202832489973,2007
2007-12-11,-0.05745236346098537,2007
2007-12-12,0.00035863647702760737,2007
2007-12-13,-0.014695376832292273,2007
2007-12-14,-0.03310275543405883,2007
2007-12-17,-0.026335747308134705,2007
2007-12-18,0.006955007872922581,2007
2007-12-19,0.014198545799418927,2007
2007-12-20,-0.004162380292177192,2007
2007-12-21,0.015378824997282825,2007
2007-12-24,0.03710720337740403,2007
2007-12-26,-0.01752478295762372,2007
2007-12-27,-0.026755692998028713,2007
2007-12-28,-0.013405187789838457,2007
2007-12-29,0.0,2007
2007-12-30,0.0,2007
2008-01-02,0.0,2008
2008-01-03,-0.034536193611719446,2008
2008-01-04,-0.03537018502120404,2008
2008-01-07,0.010000280564616881,2008
2008-01-08,-0.039604395183977514,2008
2008-01-09,0.016323463226916246,2008
2008-01-10,0.020287116792964133,2008
2008-01-11,-0.0016566715458457004,2008
2008-01-14,-0.0008294175456067254,2008
2008-01-15,-0.030731254359312565,2008
2008-01-16,0.021850456868006463,2008
2008-01-17,-0.015932833379627476,2008
2008-01-18,-0.005538636453829571,2008
2008-01-22,0.03598954669071386,2008
2008-01-23,0.08684890501826237,2008
2008-01-24,-0.017504192012185782,2008
2008-01-25,-0.013167615732553206,2008
2008-01-28,0.03296663387845311,2008
2008-01-29,-0.006079043652855387,2008
2008-01-30,-0.020641987783734828,2008
2008-01-31,0.02029669355732855,2008
2008-02-01,0.03940294285188517,2008
2008-02-04,-0.011777579266189275,2008
2008-02-05,-0.03798896205255997,2008
2008-02-06,-0.014324682447502957,2008
2008-02-07,0.02042473056932992,2008
2008-02-08,-0.03156277892133419,2008
2008-02-11,-0.015500613062960578,2008
2008-02-12,0.02906740571021338,2008
2008-02-13,0.007061569572325954,2008
2008-02-14,-0.020646462260224152,2008
2008-02-15,0.009943831785009127,2008
2008-02-19,-0.011028151248026696,2008
2008-02-20,0.018319245054637223,2008
2008-02-21,-0.020727219572285516,2008
2008-02-22,0.02436082738506995,2008
2008-02-25,0.029239556947400214,2008
2008-02-26,-0.00037838814895951867,2008
2008-02-27,-0.006820745872594625,2008
2008-02-28,-0.0175506392693362,2008
2008-02-29,-0.01708734817509472,2008
2008-03-03,0.008297437431687094,2008
2008-03-04,-0.0003921467323962924,2008
2008-03-05,0.002351827702600451,2008
2008-03-06,-0.041063532093563504,2008
2008-03-07,0.015120739979445075,2008
2008-03-10,-0.017713332932676962,2008
2008-03-11,0.0659839326632976,2008
2008-03-12,-0.016532636589391192,2008
2008-03-13,0.014073700680286017,2008
2008-03-14,-0.016576945876751403,2008
2008-03-17,-0.004704080266144661,2008
2008-03-18,0.04765695864735453,2008
2008-03-19,-0.008270887506142577,2008
2008-03-20,0.043214446909900284,2008
2008-03-24,0.019258815847950084,2008
2008-03-25,0.00035640781661383514,2008
2008-03-26,-0.01995703263163906,2008
2008-03-27,-0.010181786257112635,2008
2008-03-28,-0.007715519328157172,2008
2008-03-31,0.005554053793345837,2008
2008-04-01,0.056332767684094565,2008
2008-04-02,0.0,2008
2008-04-03,0.017427772430262722,2008
2008-04-04,-0.018842034727461487,2008
2008-04-07,0.0017456790754828422,2008
2008-04-08,-0.015684925060999277,2008
2008-04-09,-0.021600302814175576,2008
2008-04-10,0.009772053620358712,2008
2008-04-11,-0.014337137258377486,2008
2008-04-14,-0.0069090849232086304,2008
2008-04-15,0.011351038832221994,2008
2008-04-16,0.03837809968526029,2008
2008-04-17,0.004881014272226425,2008
2008-04-18,0.0010415642787571233,2008
2008-04-21,-0.012131849807050843,2008
2008-04-22,-0.002807159870737208,2008
2008-04-23,0.01548188640386905,2008
2008-04-24,0.02494818220122408,2008
2008-04-25,0.002028857814061258,2008
2008-04-28,-0.002699666512582355,2008
2008-04-29,-0.014208280760865888,2008
2008-04-30,-0.01544263937633461,2008
2008-05-01,0.024747689305426368,2008
2008-05-02,0.0003393576908075069,2008
2008-05-05,-0.003059955633721745,2008
2008-05-06,0.00784484924273987,2008
2008-05-07,-0.031472304966695064,2008
2008-05-08,-0.0006986191060164293,2008
2008-05-09,-0.010140365284732278,2008
2008-05-12,0.023666845543698356,2008
2008-05-13,0.002760873299047839,2008
2008-05-14,0.007914548876183591,2008
2008-05-15,0.013314674462673093,2008
2008-05-16,-0.006738448275125708,2008
2008-05-19,-0.001017631275697095,2008
2008-05-20,-0.01561934680644772,2008
2008-05-21,-0.023801813741193723,2008
2008-05-22,-0.006359878599323854,2008
2008-05-23,-0.007468434944182034,2008
2008-05-27,0.01612305841581052,2008
2008-05-28,0.0010583876100758172,2008
2008-05-29,0.01338484060075884,2008
2008-05-30,-0.0062563283400330905,2008
2008-06-02,-0.02028697922358691,2008
2008-06-03,0.007139915757871984,2008
2008-06-04,0.009216473515690105,2008
2008-06-05,0.026343891228123084,2008
2008-06-06,-0.046574892177644545,2008
2008-06-09,-0.02155203448776155,2008
2008-06-10,0.007709228015831737,2008
2008-06-11,-0.02112932255193123,2008
2008-06-12,0.011909352945833174,2008
2008-06-13,0.02169908962051137,2008
2008-06-16,0.015118888818847154,2008
2008-06-17,-0.03191510826317279,2008
2008-06-18,-0.015384791002775677,2008
2008-06-19,0.024181441517411084,2008
2008-06-20,-0.026879595069030038,2008
2008-06-23,-0.0235160204929985,2008
2008-06-24,0.0030579335768685656,2008
2008-06-25,0.01676858713792284,2008
2008-06-26,-0.03710667316049332,2008
2008-06-27,-0.008563167259786453,2008
2008-06-30,0.0011774350214295293,2008
2008-07-01,-0.0011760502986211119,2008
2008-07-02,-0.017275598811671622,2008
2008-07-03,-0.004395003632314043,2008
2008-07-07,-0.021669189664023536,2008
2008-07-08,0.06603748767015727,2008
2008-07-09,-0.06694867934488558,2008
2008-07-10,0.020618572940951152,2008
2008-07-11,-0.005252517933247658,2008
2008-07-14,-0.035743028198993665,2008
2008-07-15,-0.004633906482421568,2008
2008-07-16,0.06474839854090408,2008
2008-07-17,0.021462404333315144,2008
2008-07-18,0.0019457695744755643,2008
2008-07-21,0.0046605595560405,2008
2008-07-22,0.030537029718667563,2008
2008-07-23,0.024005870246732952,2008
2008-07-24,-0.07106222304378784,2008
2008-07-25,0.021293458801040055,2008
2008-07-28,-0.02818542622338327,2008
2008-07-29,0.05919755865406451,2008
2008-07-30,-0.004125839266550968,2008
2008-07-31,-0.01619604917116746,2008
2008-08-01,0.0003826346229605093,2008
2008-08-04,-0.01454255641740454,2008
2008-08-05,0.05048520492915265,2008
2008-08-06,-0.003696355517288752,2008
2008-08-07,-0.027458511173850342,2008
2008-08-08,0.04120542465025845,2008
2008-08-11,0.020887124068971863,2008
2008-08-12,-0.026561556429758215,2008
2008-08-13,-0.015486457661947117,2008
2008-08-14,0.017228179515537123,2008
2008-08-15,-0.0018411733349362747,2008
2008-08-18,-0.022500381009803894,2008
2008-08-19,-0.021509710700160944,2008
2008-08-20,0.00038590360876855634,2008
2008-08-21,-0.014264244712827057,2008
2008-08-22,0.03402452739409201,2008
2008-08-25,-0.032904951954901174,2008
2008-08-26,0.009777524557233797,2008
2008-08-27,0.00658363736133416,2008
2008-08-28,0.03039659647731452,2008
2008-08-29,-0.010829012564327334,2008
2008-09-02,0.00981516195093124,2008
2008-09-03,0.01719643071618826,2008
2008-09-04,-0.027931119838328855,2008
2008-09-05,0.0020963632328034887,2008
2008-09-08,0.045264286362837414,2008
2008-09-09,-0.040756902711098775,2008
2008-09-10,0.0018966858118127927,2008
2008-09-11,0.007194380955753754,2008
2008-09-12,0.012029985900392282,2008
2008-09-15,-0.09063885806592176,2008
2008-09-16,0.05228760139942801,2008
2008-09-17,-0.05900615973062173,2008
2008-09-18,0.09075913686271408,2008
2008-09-19,0.03517435462608787,2008
2008-09-22,-0.0949947886289012,2008
2008-09-23,0.00645953859955517,2008
2008-09-24,-0.011231441348441673,2008
2008-09-25,0.01866119433002833,2008
2008-09-26,0.032656141370222214,2008
2008-09-29,-0.07983044439399334,2008
2008-09-30,0.06370472770490831,2008
2008-10-01,-0.025610573264863046,2008
2008-10-02,-0.0655070833691841,2008
2008-10-03,-0.04067514977436015,2008
2008-10-06,-0.031574499081650775,2008
2008-10-07,-0.0880294922725825,2008
2008-10-08,-0.0005108741019218543,2008
2008-10-09,-0.10475204948310735,2008
2008-10-10,0.12499944510658567,2008
2008-10-13,0.04819899531043692,2008
2008-10-14,-0.06437538030770562,2008
2008-10-15,-0.1236416498703562,2008
2008-10-16,0.047224776123268475,2008
2008-10-17,0.005637275262998065,2008
2008-10-20,0.005045196505451877,2008
2008-10-21,-0.03457898054169084,2008
2008-10-22,-0.07683412081818242,2008
2008-10-23,-0.011264428319452513,2008
2008-10-24,-0.06265813594259073,2008
2008-10-27,-0.057393620251500965,2008
2008-10-28,0.16977076181998307,2008
2008-10-29,-0.03123093037134772,2008
2008-10-30,0.04993653724146441,2008
2008-10-31,0.06441903314091468,2008
2008-11-03,-0.04015847139442219,2008
2008-11-04,0.05716027934344803,2008
2008-11-05,-0.10535157356818514,2008
2008-11-06,-0.04735192629677343,2008
2008-11-07,0.058208198465481864,2008
2008-11-10,-0.09023490781994459,2008
2008-11-11,-0.023776993524263657,2008
2008-11-12,-0.06958992241419093,2008
2008-11-13,0.11368758142930768,2008
2008-11-14,-0.10678308573889805,2008
2008-11-17,-0.034586659283621146,2008
2008-11-18,-0.0132397021152445,2008
2008-11-19,-0.12865026914250965,2008
2008-11-20,-0.07971026993165431,2008
2008-11-21,0.05511839151898834,2008
2008-11-24,0.18376809221694002,2008
2008-11-25,0.019700567899845423,2008
2008-11-26,0.054869310002088945,2008
2008-11-28,-0.019780430414358507,2008
2008-12-01,-0.18834116407718549,2008
2008-12-02,0.12799336955216378,2008
2008-12-03,0.051428169565054915,2008
2008-12-04,-0.027173711092160047,2008
2008-12-05,0.10534699862721575,2008
2008-12-08,0.09963903506836336,2008
2008-12-09,-0.08470146092628117,2008
2008-12-10,0.07890989524859138,2008
2008-12-11,-0.14428201777677008,2008
2008-12-12,0.10489509947728504,2008
2008-12-15,-0.04149090015639478,2008
2008-12-16,0.13793125899256364,2008
2008-12-17,0.013539291976128576,2008
2008-12-18,-0.07506319731274891,2008
2008-12-19,0.05524445494729968,2008
2008-12-22,-0.031146420023878574,2008
2008-12-23,-0.004103674183563055,2008
2008-12-24,0.018543839057193257,2008
2008-12-26,0.011463135084193388,2008
2008-12-29,-0.05066653295060375,2008
2008-12-30,0.04571026437197245,2008
2009-01-02,0.0,2009
2009-01-05,-0.021610666825367164,2009
2009-01-06,0.05689452565806108,2009
2009-01-07,-0.041165410945863345,2009
2009-01-08,-0.009907653487357782,2009
2009-01-09,-0.04603062768028132,2009
2009-01-12,-0.06923137817673974,2009
2009-01-13,0.025545300609226995,2009
2009-01-14,-0.052014768324492255,2009
2009-01-15,0.02859303554634951,2009
2009-01-16,0.04207421893249719,2009
2009-01-20,-0.11175181873637363,2009
2009-01-21,0.10227247526660133,2009
2009-01-22,-0.04933723279956159,2009
2009-01-23,0.02711070544799954,2009
2009-01-26,-0.00452470809805916,2009
2009-01-27,0.009848440167825379,2009
2009-01-28,0.08702200305357377,2009
2009-01-29,-0.0807458390361383,2009
2009-01-30,-0.039789131490731044,2009
2009-02-02,0.014073084855787732,2009
2009-02-03,-0.012336401546770959,2009
2009-02-04,-0.020296328335409952,2009
2009-02-05,-0.02310753689293754,2009
2009-02-06,0.07096197703567331,2009
2009-02-09,0.006093299324799073,2009
2009-02-10,-0.09311122125270932,2009
2009-02-11,0.015859926826494952,2009
2009-02-12,-0.01725582425307104,2009
2009-02-13,-0.0610364753392999,2009
2009-02-17,-0.07569011801319958,2009
2009-02-18,0.02119429380986615,2009
2009-02-19,-0.047169729395750815,2009
2009-02-20,0.061386352495128804,2009
2009-02-23,-0.07742578642194298,2009
2009-02-24,0.09100098649356347,2009
2009-02-25,-0.021315677150252288,2009
2009-02-26,-0.048295851560476555,2009
2009-02-27,-0.01293526889461094,2009
2009-03-02,-0.07862928899998634,2009
2009-03-03,0.014223673716379892,2009
2009-03-04,0.02804744545402782,2009
2009-03-05,-0.07135380905416544,2009
2009-03-06,-0.02163999634407565,2009
2009-03-09,0.02793995849495645,2009
2009-03-10,0.1426948405063475,2009
2009-03-11,-0.017839374761091875,2009
2009-03-12,0.0766903510940724,2009
2009-03-13,-0.029053806430876628,2009
2009-03-16,-0.08011522826545336,2009
2009-03-17,0.07974756401476224,2009
2009-03-18,0.04956290104697558,2009
2009-03-19,-0.059259189293853654,2009
2009-03-20,-0.08759855281834383,2009
2009-03-23,0.1682845037263596,2009
2009-03-24,-0.07940870228888486,2009
2009-03-25,0.013039312729322905,2009
2009-03-26,0.03267287009044839,2009
2009-03-27,-0.04985610236893401,2009
2009-03-30,-0.06054528232596912,2009
2009-03-31,0.07948463730422062,2009
2009-04-01,-0.014925348606463551,2009
2009-04-02,0.07070721443768768,2009
2009-04-03,0.09339631469576637,2009
2009-04-06,-0.017256167012189016,2009
2009-04-07,-0.08779636677276903,2009
2009-04-08,0.023098883865163122,2009
2009-04-09,0.1382879444074958,2009
2009-04-13,0.013223347659637064,2009
2009-04-14,-0.08564452241254461,2009
2009-04-15,0.08652982249268382,2009
2009-04-16,0.04269350911513681,2009
2009-04-17,0.017322417944679813,2009
2009-04-20,-0.11377690825598463,2009
2009-04-21,0.10392992773761889,2009
2009-04-22,-0.043512473920193195,2009
2009-04-23,0.05045512753342374,2009
2009-04-24,0.06062961027007541,2009
2009-04-27,-0.06978467462894378,2009
2009-04-28,0.011971089812288227,2009
2009-04-29,0.044952552985940475,2009
2009-04-30,0.006037867275730191,2009
2009-05-01,-0.045011680100799034,2009
2009-05-04,0.09190946592570648,2009
2009-05-05,-0.04028793883592241,2009
2009-05-06,0.043478422356781676,2009
2009-05-07,-0.061781528271534714,2009
2009-05-08,0.08192974426050292,2009
2009-05-11,-0.04175525564125815,2009
2009-05-12,-0.006647159263398761,2009
2009-05-13,-0.0736059415109045,2009
2009-05-14,0.03691813691534551,2009
2009-05-15,-0.04024768337301998,2009
2009-05-18,0.09274220749168594,2009
2009-05-19,-0.022878314503422703,2009
2009-05-20,-0.0067979215939729665,2009
2009-05-21,-0.0015211858186473526,2009
2009-05-22,-0.02132453336883,2009
2009-05-26,0.06459107272681086,2009
2009-05-27,-0.041666693298239355,2009
2009-05-28,0.02593453942588142,2009
2009-05-29,0.02602228066589185,2009
2009-06-01,0.04782615429563064,2009
2009-06-02,-0.02212981961245508,2009
2009-06-03,-0.0021221584688358996,2009
2009-06-04,0.0382712067792399,2009
2009-06-05,-0.010309711792940268,2009
2009-06-08,-0.0006943175981033445,2009
2009-06-09,-0.00555927176483495,2009
2009-06-10,-0.020265010466440136,2009
2009-06-11,-0.018545318402581112,2009
2009-06-12,0.03488357497722938,2009
2009-06-15,-0.05617972883933986,2009
2009-06-16,-0.011904952496134547,2009
2009-06-17,-0.027108273538840932,2009
2009-06-18,0.00928786928066705,2009
2009-06-19,0.016871261428448747,2009
2009-06-22,-0.06410276654359126,2009
2009-06-23,0.009669564260041508,2009
2009-06-24,0.019153995480811314,2009
2009-06-25,0.014879076898804966,2009
2009-06-26,0.016203341788014747,2009
2009-06-29,0.0,2009
2009-06-30,0.007593824392829296,2009
2009-07-01,0.011302926023087911,2009
2009-07-02,-0.061847896087148246,2009
2009-07-06,0.030182527861239983,2009
2009-07-07,-0.047031198028919974,2009
2009-07-08,-0.017799994832073174,2009
2009-07-09,-0.013179232007591968,2009
2009-07-10,-0.0033387706954612906,2009
2009-07-13,0.04773908716906616,2009
2009-07-14,0.010391169002656353,2009
2009-07-15,0.041139502368098047,2009
2009-07-16,0.008359111335306535,2009
2009-07-17,-0.030897267550645147,2009
2009-07-20,0.04043533404782074,2009
2009-07-21,-0.01046333883156092,2009
2009-07-22,0.006042064892511467,2009
2009-07-23,0.04429431207775725,2009
2009-07-24,0.01222161742325989,2009
2009-07-27,0.01420448198736235,2009
2009-07-28,-0.003502111503635552,2009
2009-07-29,-0.015459715959240894,2009
2009-07-30,0.04139921607822017,2009
2009-07-31,0.001371146275773505,2009
2009-08-03,0.01711120407025435,2009
2009-08-04,0.05720033115270362,2009
2009-08-05,0.04837707759605614,2009
2009-08-06,0.002428682354289391,2009
2009-08-07,0.060569486138398965,2009
2009-08-10,-0.025128524058771418,2009
2009-08-11,-0.030463099848545894,2009
2009-08-12,0.012689067076113503,2009
2009-08-13,0.0077562946275082645,2009
2009-08-14,-0.01006511538840782,2009
2009-08-17,-0.058612227580660536,2009
2009-08-18,0.01651871104203373,2009
2009-08-19,-0.010625283435772293,2009
2009-08-20,0.04421972651672568,2009
2009-08-21,0.028432970337716634,2009
2009-08-24,-0.0017642698463330442,2009
2009-08-25,0.010606261161313357,2009
2009-08-26,0.0034990289789498252,2009
2009-08-27,0.00813466226619397,2009
2009-08-28,0.010951119487193406,2009
2009-08-31,-0.018244306362639295,2009
2009-09-01,-0.05749143367395426,2009
2009-09-02,-0.019099977194624973,2009
2009-09-03,0.02072891111956543,2009
2009-09-04,0.011152203126877813,2009
2009-09-08,0.03921580602301211,2009
2009-09-09,0.021226576352127324,2009
2009-09-10,0.01732068391663577,2009
2009-09-11,-0.0011347985563953111,2009
2009-09-14,0.03409080142433529,2009
2009-09-15,0.016483624111993223,2009
2009-09-16,0.04486443817581609,2009
2009-09-17,-0.009311676819727444,2009
2009-09-18,0.003655266346006769,2009
2009-09-21,-0.01977096377352705,2009
2009-09-22,0.03715482511573276,2009
2009-09-23,-0.039406501678938555,2009
2009-09-24,-0.038891512697332375,2009
2009-09-25,0.0038803869294645743,2009
2009-09-28,0.046935218082927666,2009
2009-09-29,-0.016350388841982033,2009
2009-09-30,-0.003216994842551557,2009
2009-10-01,-0.047875547085405645,2009
2009-10-02,-0.008474905726392756,2009
2009-10-05,0.031909740784891616,2009
2009-10-06,-0.0005524703999695291,2009
2009-10-07,-0.0027626082122150786,2009
2009-10-08,0.022714592782836274,2009
2009-10-09,0.009751046327256097,2009
2009-10-12,-0.002146019396231269,2009
2009-10-13,-0.01720415015820098,2009
2009-10-14,0.04157568483954499,2009
2009-10-15,-0.00892861906595499,2009
2009-10-16,-0.02967705067180937,2009
2009-10-19,0.018023071952329106,2009
2009-10-20,-0.023604979423098138,2009
2009-10-21,-0.008791181941954385,2009
2009-10-22,0.029378934095258602,2009
2009-10-23,-0.015616515357805505,2009
2009-10-26,-0.001641368956652789,2009
2009-10-27,-0.018630034090191816,2009
2009-10-28,-0.04522619088515656,2009
2009-10-29,0.04678372143228482,2009
2009-10-30,-0.022346519463097625,2009
2009-11-02,-0.0011425802599107637,2009
2009-11-03,0.01716225610705524,2009
2009-11-04,-0.020809599003740242,2009
2009-11-05,0.023548813972076088,2009
2009-11-06,-0.017956881456272722,2009
2009-11-09,0.0560000140193897,2009
2009-11-10,-0.006493696419147876,2009
2009-11-11,0.02342075991019832,2009
2009-11-12,-0.012240850983960438,2009
2009-11-13,0.01670319025450162,2009
2009-11-16,0.02649695311753275,2009
2009-11-17,-0.017553211543064773,2009
2009-11-18,0.021545350519360795,2009
2009-11-19,-0.02623480815371959,2009
2009-11-20,-0.005810891183544609,2009
2009-11-23,0.011158183632124619,2009
2009-11-24,-0.01681530848763646,2009
2009-11-25,0.005344668746196213,2009
2009-11-27,-0.03030322483677117,2009
2009-11-30,0.04166697753714699,2009
2009-12-01,0.01210515208411267,2009
2009-12-02,0.016120724025197264,2009
2009-12-03,-0.012282854266246201,2009
2009-12-04,0.031088202795859665,2009
2009-12-07,-0.023115179552230636,2009
2009-12-08,-0.005658739357142006,2009
2009-12-09,-0.0025866209643418125,2009
2009-12-10,-0.0015558382906417645,2009
2009-12-11,0.015064865547319561,2009
2009-12-14,0.01995902510913683,2009
2009-12-15,-0.013045478225687246,2009
2009-12-16,0.007116977553510484,2009
2009-12-17,-0.006057143996085701,2009
2009-12-18,0.007157253001033093,2009
2009-12-21,0.01522840824289129,2009
2009-12-22,0.011500132474869584,2009
2009-12-23,0.014335309080042435,2009
2009-12-24,0.013645191794401157,2009
2009-12-28,0.003365056343181516,2009
2009-12-29,-0.01485366438225244,2009
2009-12-30,0.0002432860415026994,2009
2009-12-31,0.0,2009
2010-01-04,0.0,2010
2010-01-05,0.0014944216699108726,2010
2010-01-06,-0.0019898730604751558,2010
2010-01-07,0.01395764301115765,2010
2010-01-08,-0.0113074926539809,2010
2010-01-11,0.00696180256787593,2010
2010-01-12,-0.01827169694683961,2010
2010-01-13,0.023138550551669246,2010
2010-01-14,-0.002949076741788237,2010
2010-01-15,-0.010848425047552346,2010
2010-01-19,0.023429880221530697,2010
2010-01-20,-0.014612989305282431,2010
2010-01-21,-0.033119173355911746,2010
2010-01-22,-0.025562387910727957,2010
2010-01-25,0.008919433863087578,2010
2010-01-26,-0.010400875554769762,2010
2010-01-27,0.009458861569557442,2010
2010-01-28,-0.00937022986241387,2010
2010-01-29,-0.005779809658404078,2010
2010-02-01,0.020084536922850837,2010
2010-02-02,0.018134553790911,2010
2010-02-03,-0.017302955116224927,2010
2010-02-04,-0.038839857527054766,2010
2010-02-05,0.023706839743420804,2010
2010-02-08,-0.026315805293037453,2010
2010-02-09,0.0021621758446896955,2010
2010-02-10,0.002157613601734054,2010
2010-02-11,0.009149346988948759,2010
2010-02-12,0.008533287037883142,2010
2010-02-16,0.03120055092541829,2010
2010-02-17,0.01025667107780226,2010
2010-02-18,0.014720781722471488,2010
2010-02-19,0.003501701046606076,2010
2010-02-22,0.0034894819241002573,2010
2010-02-23,-0.008941602836801676,2010
2010-02-24,0.010526354961192919,2010
2010-02-25,0.004960016482713936,2010
2010-02-26,0.0009875018533276325,2010
2010-03-01,0.006902971485126752,2010
2010-03-02,0.003427963407338863,2010
2010-03-03,-0.0034162526183729724,2010
2010-03-04,0.004897237073798966,2010
2010-03-05,0.029828559533088495,2010
2010-03-08,0.011396214911943314,2010
2010-03-09,0.006572611390822214,2010
2010-03-10,0.006530225153449365,2010
2010-03-11,0.005560845305452311,2010
2010-03-12,0.008755339967941644,2010
2010-03-15,-0.003654326029216781,2010
2010-03-16,0.0247591285929345,2010
2010-03-17,0.015212547523030473,2010
2010-03-18,-0.004407562955301203,2010
2010-03-19,-0.011066513207702466,2010
2010-03-22,0.012085912373780872,2010
2010-03-23,-0.004865339769550392,2010
2010-03-24,0.005777645308529866,2010
2010-03-25,0.004419083054936657,2010
2010-03-26,-0.005279168192986572,2010
2010-03-29,0.0022113273829287294,2010
2010-03-30,-0.0017651585628776223,2010
2010-03-31,-0.011052252317533595,2010
2010-04-01,0.005364634070947227,2010
2010-04-05,0.024899769538898164,2010
2010-04-06,0.020390508270128116,2010
2010-04-07,-0.026360756907986005,2010
2010-04-08,0.0004370790132153246,2010
2010-04-09,0.017022652596155208,2010
2010-04-12,-0.009012374397395329,2010
2010-04-13,0.025118883081555854,2010
2010-04-14,0.0,2010
2010-04-15,-0.027883223507964128,2010
2010-04-16,-0.02477196861216957,2010
2010-04-19,0.006238961051257874,2010
2010-04-20,0.01682883324917639,2010
2010-04-21,0.020035160827694742,2010
2010-04-22,0.016652123845862787,2010
2010-04-23,0.010919608229803535,2010
2010-04-26,0.008724698280407672,2010
2010-04-27,-0.03418439593292044,2010
2010-04-28,0.0025583767219430342,2010
2010-04-29,0.04508719607939815,2010
2010-04-30,-0.03255988919751429,2010
2010-05-03,0.035338684910340534,2010
2010-05-04,-0.022755120266294115,2010
2010-05-05,-0.014552703618581742,2010
2010-05-06,-0.03586521904234974,2010
2010-05-07,-0.019693825220393868,2010
2010-05-10,0.0714285169836788,2010
2010-05-11,0.0025002225142705115,2010
2010-05-12,0.01870340431195605,2010
2010-05-13,-0.014688177985419215,2010
2010-05-14,-0.03519670119496998,2010
2010-05-17,0.001716999442512579,2010
2010-05-18,-0.028706218225683422,2010
2010-05-19,-0.008821816118034342,2010
2010-05-20,-0.04761909184332702,2010
2010-05-21,0.03364437812273691,2010
2010-05-24,-0.024864385513070908,2010
2010-05-25,0.007418046866246142,2010
2010-05-26,-0.0027615788876804714,2010
2010-05-27,0.05722253568228486,2010
2010-05-28,-0.014840944923619093,2010
2010-06-01,-0.019494757376085747,2010
2010-06-02,0.023045794894457128,2010
2010-06-03,-0.0035338534496150986,2010
2010-06-04,-0.05788043466835413,2010
2010-06-07,-0.006143782833985867,2010
2010-06-08,0.016643033316871225,2010
2010-06-09,0.007015810241763232,2010
2010-06-10,0.04458892349200472,2010
2010-06-11,0.010671068520221816,2010
2010-06-14,0.0105586483972826,2010
2010-06-15,0.02437984352709499,2010
2010-06-16,-0.00764972644058759,2010
2010-06-17,-0.00042821145039362296,2010
2010-06-18,-0.0029993307037838868,2010
2010-06-21,-0.0060165451745729515,2010
2010-06-22,-0.031560689185962665,2010
2010-06-23,0.004464229252244545,2010
2010-06-24,-0.024444136657433058,2010
2010-06-25,0.02642345241445887,2010
2010-06-28,-0.012871446073962511,2010
2010-06-29,-0.03507184461633095,2010
2010-06-30,-0.009319806800699881,2010
2010-07-01,-0.0009407926911334519,2010
2010-07-02,-0.022598864027921328,2010
2010-07-06,-0.02071284313635402,2010
2010-07-07,0.04968022756467105,2010
2010-07-08,0.010309216305912194,2010
2010-07-09,0.015769882256311263,2010
2010-07-12,0.00045690839805923034,2010
2010-07-13,0.026015592270068222,2010
2010-07-14,-0.0053384115175934,2010
2010-07-15,-0.00268327815214231,2010
2010-07-16,-0.034528940612901904,2010
2010-07-19,0.014862857532350615,2010
2010-07-20,0.02105239318926322,2010
2010-07-21,-0.024204304577146618,2010
2010-07-22,0.04134128579623364,2010
2010-07-23,0.009704730779241055,2010
2010-07-26,0.027085692823250573,2010
2010-07-27,-0.002977482781444385,2010
2010-07-28,-0.0025595655361905223,2010
2010-07-29,-0.007698885865293437,2010
2010-07-30,0.0051725752078173315,2010
2010-08-02,0.035162638104543564,2010
2010-08-03,-0.011184519416489347,2010
2010-08-04,0.007121643970972924,2010
2010-08-05,-0.013727198590865464,2010
2010-08-06,-0.004217576474739859,2010
2010-08-09,0.01313021525419078,2010
2010-08-10,-0.012960047046762346,2010
2010-08-11,-0.025836614547222858,2010
2010-08-12,-0.012173940749070411,2010
2010-08-13,-0.0017598430256597908,2010
2010-08-16,0.0013223340632722014,2010
2010-08-17,0.02465870676871318,2010
2010-08-18,0.0,2010
2010-08-19,-0.0275034876287793,2010
2010-08-20,-0.003976938414248954,2010
2010-08-23,-0.004436166073929382,2010
2010-08-24,-0.006238996831727239,2010
2010-08-25,0.01928236460912114,2010
2010-08-26,-0.0061593985232299975,2010
2010-08-27,0.018592882729135507,2010
2010-08-30,-0.010430570050894539,2010
2010-08-31,0.00834433826458758,2010
2010-09-01,0.034843250860975505,2010
2010-09-02,0.014309627275771009,2010
2010-09-03,0.013339107560577768,2010
2010-09-07,-0.017276938503945516,2010
2010-09-08,0.002511458089782481,2010
2010-09-09,-0.010856140032470707,2010
2010-09-10,0.00590996651820519,2010
2010-09-13,0.01594660627715183,2010
2010-09-14,-0.0028917840035063147,2010
2010-09-15,0.00911367612948788,2010
2010-09-16,-0.006978878444646619,2010
2010-09-17,0.0033071081802331648,2010
2010-09-20,0.02554589680642594,2010
2010-09-21,-0.01727604347597178,2010
2010-09-22,-0.012673885549868924,2010
2010-09-23,-0.02774302000685236,2010
2010-09-24,0.031942007944185224,2010
2010-09-27,-0.013206595414284372,2010
2010-09-28,0.004600396662923556,2010
2010-09-29,-0.009575062196185757,2010
2010-09-30,0.002942284487006397,2010
2010-10-01,0.006705616041094986,2010
2010-10-04,0.007493676672193805,2010
2010-10-05,0.01942169129600302,2010
2010-10-06,-0.005269231337865943,2010
2010-10-07,0.002036897204991117,2010
2010-10-08,0.0028469450504282623,2010
2010-10-11,-0.0008111145952672816,2010
2010-10-12,0.007305346912988675,2010
2010-10-13,0.010072397916528919,2010
2010-10-14,-0.002791985808342834,2010
2010-10-15,-0.0008000833247789885,2010
2010-10-18,0.013210176833630793,2010
2010-10-19,-0.013828153192268267,2010
2010-10-20,0.02323704091144929,2010
2010-10-21,-0.002740974420639253,2010
2010-10-22,0.0,2010
2010-10-25,0.003141573813328913,2010
2010-10-26,-0.008219406898206105,2010
2010-10-27,-0.0078928142455722,2010
2010-10-28,-0.004375093667073782,2010
2010-10-29,0.0007985983967191412,2010
2010-11-01,0.00998014328626251,2010
2010-11-02,0.006324101214154831,2010
2010-11-03,-0.0019638111997200003,2010
2010-11-04,0.026367249133786963,2010
2010-11-05,0.011886556083612998,2010
2010-11-08,-0.006441830248632652,2010
2010-11-09,-0.0404267893240573,2010
2010-11-10,0.01192350977984713,2010
2010-11-11,-0.010212423760535216,2010
2010-11-12,-0.010317047378872957,2010
2010-11-15,-0.009623193361462001,2010
2010-11-16,-0.033603127465453686,2010
2010-11-17,0.00921684103209719,2010
2010-11-18,0.009132198433133398,2010
2010-11-19,0.006581333633608688,2010
2010-11-22,0.0008174127116704621,2010
2010-11-23,-0.00816637617287641,2010
2010-11-24,0.022643215178038023,2010
2010-11-26,-0.005233622337549426,2010
2010-11-29,0.000404850721853256,2010
2010-11-30,-0.006472936669202567,2010
2010-12-01,0.009771782504427673,2010
2010-12-02,0.016129051821775153,2010
2010-12-03,0.001190414196398093,2010
2010-12-06,0.000793162645884582,2010
2010-12-07,0.003168200234424434,2010
2010-12-08,-0.01579156599535303,2010
2010-12-09,-0.008824498704009698,2010
2010-12-10,0.009712765222493758,2010
2010-12-13,0.000801309825833707,2010
2010-12-14,-0.01121312005671693,2010
2010-12-15,-0.010125886352006619,2010
2010-12-16,0.002864263569481329,2010
2010-12-17,0.007596149833823507,2010
2010-12-20,0.01507730992446965,2010
2010-12-21,0.010437446381632576,2010
2010-12-22,0.006356644866008843,2010
2010-12-23,-0.004342695070025826,2010
2010-12-27,0.013085279357025081,2010
2010-12-28,0.0027395371208120967,2010
2010-12-29,0.0039031301533156704,2010
2010-12-30,0.0015553417815081794,2010
2010-12-31,0.0,2010
2011-01-03,0.0,2011
2011-01-04,-0.02137379313256027,2011
2011-01-05,0.005070103830567829,2011
2011-01-06,-0.010477407968997876,2011
2011-01-07,-0.0007841238761874259,2011
2011-01-10,-0.0011777320296334493,2011
2011-01-11,-0.0023571403456087436,2011
2011-01-12,0.00748332395440654,2011
2011-01-13,0.002345452123417413,2011
2011-01-14,0.008189982768860293,2011
2011-01-18,0.008124174539594131,2011
2011-01-19,-0.015349346125482666,2011
2011-01-20,0.0,2011
2011-01-21,0.003117811620080513,2011
2011-01-24,0.0038849336182009697,2011
2011-01-25,0.011222975520014833,2011
2011-01-26,0.0022960839382226705,2011
2011-01-27,0.017564482077253363,2011
2011-01-28,-0.018762501131248777,2011
2011-01-31,0.014914387209540303,2011
2011-02-01,0.00376811086162121,2011
2011-02-02,-0.0007511998369689188,2011
2011-02-03,0.004132318984539474,2011
2011-02-04,-0.009727059445804653,2011
2011-02-07,0.013222457236999219,2011
2011-02-08,0.0026105104722726757,2011
2011-02-09,0.0011155595934408957,2011
2011-02-10,0.004085989119851696,2011
2011-02-11,0.007769233916628426,2011
2011-02-14,0.0,2011
2011-02-15,-0.005873732547343358,2011
2011-02-16,0.004061709898738108,2011
2011-02-17,0.0007361424144936013,2011
2011-02-18,0.0033070458194779384,2011
2011-02-22,-0.009523353313082183,2011
2011-02-23,-0.008876006600541442,2011
2011-02-24,-0.0059697495234217746,2011
2011-02-25,0.01951920405356189,2011
2011-02-28,0.02098637416818261,2011
2011-03-01,-0.029209746431706374,2011
2011-03-02,-0.010029403743165188,2011
2011-03-03,0.016885066317640307,2011
2011-03-04,-0.01107018726908815,2011
2011-03-07,-0.006716464885521911,2011
2011-03-08,0.015402050172564685,2011
2011-03-09,-0.0003699042782829842,2011
2011-03-10,-0.016654410320884883,2011
2011-03-11,0.010538251019748479,2011
2011-03-14,-0.01080059932127575,2011
2011-03-15,-0.006400704394708634,2011
2011-03-16,-0.015156912451693816,2011
2011-03-17,0.009618727763228696,2011
2011-03-18,0.007240701770173885,2011
2011-03-21,0.012864165733458943,2011
2011-03-22,-0.007470985944036612,2011
2011-03-23,-0.010914418748087074,2011
2011-03-24,0.006468616599666577,2011
2011-03-25,0.00793981132415289,2011
2011-03-28,-0.0030011440337511797,2011
2011-03-29,0.0071482942113745285,2011
2011-03-30,0.013074556887592292,2011
2011-03-31,0.007743381196318566,2011
2011-04-01,0.0007317559668700291,2011
2011-04-04,-0.00036571290553299995,2011
2011-04-05,-0.00036564170597719325,2011
2011-04-06,-0.00036618558753132024,2011
2011-04-07,-0.011346885225813175,2011
2011-04-08,-0.007774917826943395,2011
2011-04-11,0.0003728697229157252,2011
2011-04-12,-0.001118540640333121,2011
2011-04-13,-0.0014936389022790486,2011
2011-04-14,0.014958522372669592,2011
2011-04-15,0.012896381383537436,2011
2011-04-18,-0.010185297316898767,2011
2011-04-19,0.009187664946351148,2011
2011-04-20,0.010560535598156173,2011
2011-04-21,0.006126359969645945,2011
2011-04-25,0.007163127168407835,2011
2011-04-26,0.009601275891635286,2011
2011-04-27,0.005988452270941691,2011
2011-04-28,0.012955479887765131,2011
2011-04-29,-0.00380274813257675,2011
2011-05-02,0.0006943132240060379,2011
2011-05-03,-0.008321896870898349,2011
2011-05-04,-0.004894703421785218,2011
2011-05-05,-0.0007034235907109609,2011
2011-05-06,-0.007735617684099472,2011
2011-05-09,0.006023930485053786,2011
2011-05-10,0.016203644754040347,2011
2011-05-11,-0.013171621946534207,2011
2011-05-12,0.0007022579739615065,2011
2011-05-13,-0.010530018263467666,2011
2011-05-16,0.002837861373036654,2011
2011-05-17,-0.0007074246346602253,2011
2011-05-18,0.010619410621156566,2011
2011-05-19,0.0035025642851123084,2011
2011-05-20,-0.01221641524231043,2011
2011-05-23,-0.010247147374071064,2011
2011-05-24,0.003212860137837392,2011
2011-05-25,0.004626644649145195,2011
2011-05-26,0.013460574437932138,2011
2011-05-27,0.0052429267797053924,2011
2011-05-31,0.016342052580771815,2011
2011-06-01,-0.029763420798341156,2011
2011-06-02,-0.008462943398433787,2011
2011-06-03,0.003911955717429194,2011
2011-06-06,-0.014877825311388482,2011
2011-06-07,0.011866081755180558,2011
2011-06-08,-0.003198018000278413,2011
2011-06-09,-0.01176461890816105,2011
2011-06-10,-0.023809817457998705,2011
2011-06-13,0.004065333643178182,2011
2011-06-14,0.015090056066774826,2011
2011-06-15,-0.01704157430183295,2011
2011-06-16,0.008853021987014431,2011
2011-06-17,0.009871857722515642,2011
2011-06-20,0.01230991647830404,2011
2011-06-21,0.006437746589581295,2011
2011-06-22,-0.0042640240003712915,2011
2011-06-23,-0.019985813284880583,2011
2011-06-24,0.00036411182668816267,2011
2011-06-27,0.006552307436283433,2011
2011-06-28,0.008318514556184375,2011
2011-06-29,0.010760140467475754,2011
2011-06-30,0.002839001425135823,2011
2011-07-01,0.018400342539806713,2011
2011-07-05,0.007297273420007633,2011
2011-07-06,0.006209079145443663,2011
2011-07-07,0.013026806329223595,2011
2011-07-08,-0.0027071891769584466,2011
2011-07-11,-0.01798431310101012,2011
2011-07-12,0.0051828175013934885,2011
2011-07-13,-0.009281637825324873,2011
2011-07-14,-0.009368334429372904,2011
2011-07-15,0.011558782774662824,2011
2011-07-18,-0.008310177272914276,2011
2011-07-19,0.01710919668815114,2011
2011-07-20,0.006521961781990271,2011
2011-07-21,0.008526546673092827,2011
2011-07-22,0.004734519969560758,2011
2011-07-25,-0.010097368106980587,2011
2011-07-26,0.0030603000500426525,2011
2011-07-27,-0.028474516506529657,2011
2011-07-28,0.002791256986045987,2011
2011-07-29,0.0006955956270755514,2011
2011-08-01,-0.014603395376793227,2011
2011-08-02,-0.031051379959887493,2011
2011-08-03,-0.005098654099275346,2011
2011-08-04,-0.051610394727457654,2011
2011-08-05,-0.024314780452509677,2011
2011-08-08,-0.09019004097807315,2011
2011-08-09,0.09913063721024784,2011
2011-08-10,-0.027294156144409,2011
2011-08-11,0.05449339906537731,2011
2011-08-12,-0.003085490923104728,2011
2011-08-15,0.03636387288406606,2011
2011-08-16,-0.003732459813331035,2011
2011-08-17,0.0022480479458502067,2011
2011-08-18,-0.047103116797895694,2011
2011-08-19,-0.020399981618666962,2011
2011-08-22,0.0020020299367031757,2011
2011-08-23,0.02358114234381392,2011
2011-08-24,0.011714403930755957,2011
2011-08-25,-0.021227412459140282,2011
2011-08-26,0.013801493809435073,2011
2011-08-29,0.03344983494817377,2011
2011-08-30,0.004140376233821463,2011
2011-08-31,0.01161885869354018,2011
2011-09-01,-0.014820314279648805,2011
2011-09-02,-0.0263655419749127,2011
2011-09-06,-0.003094497822240805,2011
2011-09-07,0.0403566023708104,2011
2011-09-08,-0.008205761253307853,2011
2011-09-09,-0.032342920416995935,2011
2011-09-12,0.003497736215184899,2011
2011-09-13,0.0027113645185767865,2011
2011-09-14,0.0069522393434409135,2011
2011-09-15,0.01687786446834627,2011
2011-09-16,0.009053352174224427,2011
2011-09-19,-0.02205650437699891,2011
2011-09-20,-0.001910937301233706,2011
2011-09-21,-0.05170452195148334,2011
2011-09-22,-0.027463462887303947,2011
2011-09-23,0.01038163123053959,2011
2011-09-26,0.013563551859737455,2011
2011-09-27,0.008921564259400494,2011
2011-09-28,-0.0273313759421423,2011
2011-09-29,0.017768675308017734,2011
2011-09-30,-0.029638441908911406,2011
2011-10-03,-0.04937218135661403,2011
2011-10-04,0.04137323531703396,2011
2011-10-05,-0.008030716346836164,2011
2011-10-06,0.02897311543370895,2011
2011-10-07,-0.03022729424944759,2011
2011-10-10,0.05209164914993791,2011
2011-10-11,-0.020292283558703494,2011
2011-10-12,0.019055699605482257,2011
2011-10-13,-0.007317339308994919,2011
2011-10-14,0.026617844115039535,2011
2011-10-17,-0.025129619920953417,2011
2011-10-18,0.04009809536661124,2011
2011-10-19,-0.014555480404161991,2011
2011-10-20,0.007584804625527353,2011
2011-10-21,0.03486553762372413,2011
2011-10-24,0.024502216378850417,2011
2011-10-25,-0.018684600447912314,2011
2011-10-26,0.012185652675263725,2011
2011-10-27,0.04853301589721104,2011
2011-10-28,-0.000359152680784236,2011
2011-10-31,-0.010767939563539053,2011
2011-11-01,-0.036284330359838135,2011
2011-11-02,0.024473102686472625,2011
2011-11-03,0.012127382453319235,2011
2011-11-04,-0.007988386194130892,2011
2011-11-07,0.002928743934552447,2011
2011-11-08,0.012408464892516902,2011
2011-11-09,-0.048666037075580815,2011
2011-11-10,0.0030309640402410576,2011
2011-11-11,0.02682317098695064,2011
2011-11-14,-0.02133943045072273,2011
2011-11-15,0.012030249608569799,2011
2011-11-16,-0.014487677145387567,2011
2011-11-17,-0.018469439563436718,2011
2011-11-18,0.009216758550339321,2011
2011-11-21,-0.027016803892409458,2011
2011-11-22,-0.004693413296054105,2011
2011-11-23,-0.02986209067617751,2011
2011-11-25,0.004050403578431894,2011
2011-11-28,0.023396156506422683,2011
2011-11-29,-0.002364912880782888,2011
2011-11-30,0.05096792628308089,2011
2011-12-01,-0.013157677897447595,2011
2011-12-02,0.0034284471719538967,2011
2011-12-05,0.007593353949213899,2011
2011-12-06,-0.0011306091879180746,2011
2011-12-07,0.012070667133326385,2011
2011-12-08,-0.023853755350170647,2011
2011-12-09,0.022145793478718367,2011
2011-12-12,-0.019798102183942068,2011
2011-12-13,-0.011433081306690296,2011
2011-12-14,0.005397211045449213,2011
2011-12-15,0.014187127287682566,2011
2011-12-16,0.011787247160103265,2011
2011-12-19,-0.009771016352708717,2011
2011-12-20,0.03377617731347482,2011
2011-12-21,-0.0003670774993136394,2011
2011-12-22,0.014322369345545427,2011
2011-12-23,0.0050688509803074044,2011
2011-12-27,0.003962749923546616,2011
2011-12-28,-0.01363509068586477,2011
2011-12-29,0.008730349578329744,2011
2011-12-30,-0.003966636721077776,2011
2012-01-03,0.0,2012
2012-01-04,-0.016869966059808728,2012
2012-01-05,0.010953167382941498,2012
2012-01-06,-0.005417415131505732,2012
2012-01-09,-0.003630855706974967,2012
2012-01-10,0.012754810970640795,2012
2012-01-11,0.006837039805643874,2012
2012-01-12,-0.0075052843050934515,2012
2012-01-13,0.0010801482418636432,2012
2012-01-17,0.010071795855817411,2012
2012-01-18,0.007122593218416684,2012
2012-01-19,0.006718511253934301,2012
2012-01-20,0.008781441587093708,2012
2012-01-23,0.003481676748552598,2012
2012-01-24,0.005898526829216211,2012
2012-01-25,0.014143331229015565,2012
2012-01-26,0.005782222327088915,2012
2012-01-27,0.001352675452795049,2012
2012-01-30,-0.010807286674980321,2012
2012-01-31,0.005804129255227997,2012
2012-02-01,0.00950414690466106,2012
2012-02-02,0.002690136937911536,2012
2012-02-03,0.014755186548555344,2012
2012-02-06,-0.004957005998044051,2012
2012-02-07,-0.0013287244602464554,2012
2012-02-08,0.003325922382150015,2012
2012-02-09,-0.007955077239811925,2012
2012-02-10,-0.009689173663766315,2012
2012-02-13,0.013157581026590481,2012
2012-02-14,-0.013985627848665083,2012
2012-02-15,-0.004052920425426043,2012
2012-02-16,0.011529218534375829,2012
2012-02-17,0.0,2012
2012-02-21,-0.014749932380546782,2012
2012-02-22,-0.01020779995143084,2012
2012-02-23,0.014782048989124608,2012
2012-02-24,0.0006773890294016205,2012
2012-02-27,-0.0010158666452597664,2012
2012-02-28,-0.007454875901658609,2012
2012-02-29,-0.001706929214395858,2012
2012-03-01,0.006155578959667896,2012
2012-03-02,-0.0006808896529423292,2012
2012-03-05,0.009543492470822201,2012
2012-03-06,-0.014855200323108164,2012
2012-03-07,0.006854259028229448,2012
2012-03-08,-0.005105840246586335,2012
2012-03-09,0.004447555848542617,2012
2012-03-12,0.005789957042803273,2012
2012-03-13,0.022011991018113353,2012
2012-03-14,-0.0019881496077672756,2012
2012-03-15,0.0009961165649963188,2012
2012-03-16,0.005969646744330426,2012
2012-03-19,0.007912905674646753,2012
2012-03-20,-0.002616241490085436,2012
2012-03-21,-0.0016403507339416423,2012
2012-03-22,-0.013797511436104193,2012
2012-03-23,0.006994872293204946,2012
2012-03-26,0.010586402687793761,2012
2012-03-27,0.00032675930926240326,2012
2012-03-28,-0.003272158710145745,2012
2012-03-29,0.000985301721762255,2012
2012-03-30,0.010494662880301764,2012
2012-04-02,0.005842791053337626,2012
2012-04-03,-0.0035497107938384787,2012
2012-04-04,-0.011334382598966242,2012
2012-04-05,-0.004258477029700503,2012
2012-04-09,-0.010854782539017949,2012
2012-04-10,-0.022281441158635396,2012
2012-04-11,0.013265137223809731,2012
2012-04-12,0.01376334620072961,2012
2012-04-13,-0.0056293399149222045,2012
2012-04-16,0.015651058734494017,2012
2012-04-17,0.008196943671554768,2012
2012-04-18,-0.007479948289690452,2012
2012-04-19,-0.0003275658653928426,2012
2012-04-20,0.012782470254298905,2012
2012-04-23,-0.011973945909019679,2012
2012-04-24,0.017360093466046722,2012
2012-04-25,0.010946469557667982,2012
2012-04-26,0.0025479105270878044,2012
2012-04-27,0.006035541049570048,2012
2012-04-30,-0.0009474228811802154,2012
2012-05-01,0.011378335051934085,2012
2012-05-02,-0.0012503574763695902,2012
2012-05-03,-0.005318702855977908,2012
2012-05-04,-0.009122760926928097,2012
2012-05-07,0.007619348481771482,2012
2012-05-08,-0.0022055832163865308,2012
2012-05-09,-0.0044202157716159984,2012
2012-05-10,0.0012680562998210743,2012
2012-05-11,0.002217343521848436,2012
2012-05-14,-0.014222246039134911,2012
2012-05-15,-0.00448877453256491,2012
2012-05-16,-0.01288202134427019,2012
2012-05-17,-0.028711851681502143,2012
2012-05-18,-0.012764142141236223,2012
2012-05-21,0.023136936662884633,2012
2012-05-22,0.0016628317853562002,2012
2012-05-23,0.0023238418032431873,2012
2012-05-24,0.0036432236750862934,2012
2012-05-25,-0.004289948573031888,2012
2012-05-29,0.015578369077310139,2012
2012-05-30,-0.024151582801499982,2012
2012-05-31,0.0076922819772067275,2012
2012-06-01,-0.026972788969374495,2012
2012-06-04,-0.005475884200928149,2012
2012-06-05,0.01892633531338106,2012
2012-06-06,0.02296558016569783,2012
2012-06-07,-0.005942311028126257,2012
2012-06-08,0.013616536376160226,2012
2012-06-11,-0.022280575842677064,2012
2012-06-12,0.010053350909855263,2012
2012-06-13,-0.006967588602611374,2012
2012-06-14,0.01570344290047987,2012
2012-06-15,0.0062499135218350155,2012
2012-06-18,0.0068650306507969105,2012
2012-06-19,0.004545502191828588,2012
2012-06-20,-0.0003235375280874475,2012
2012-06-21,-0.017135144672136615,2012
2012-06-22,-0.0009865793170446002,2012
2012-06-25,-0.005597473583077384,2012
2012-06-26,0.004966356839012587,2012
2012-06-27,0.003295353170291282,2012
2012-06-28,0.010180211685295815,2012
2012-06-29,0.028283631963782918,2012
2012-07-02,0.009168809971312752,2012
2012-07-03,0.005952238525096076,2012
2012-07-05,-0.00591701901655195,2012
2012-07-06,0.00250617527552488,2012
2012-07-09,0.0009369618177106354,2012
2012-07-10,-0.012487964871594204,2012
2012-07-11,0.001580648292106579,2012
2012-07-12,0.0018943668877946518,2012
2012-07-13,0.012601939934996143,2012
2012-07-16,0.0015554518766218717,2012
2012-07-17,0.00963091061290311,2012
2012-07-18,-0.00646168926467916,2012
2012-07-19,-0.010529855711838287,2012
2012-07-20,-0.006259385295820374,2012
2012-07-23,-0.006929030200735431,2012
2012-07-24,-0.003806054580442253,2012
2012-07-25,0.0003182263713688016,2012
2012-07-26,0.009866811375046192,2012
2012-07-27,0.011660161278431502,2012
2012-07-30,0.0028036244469706872,2012
2012-07-31,-0.00031040091808975934,2012
2012-08-01,-0.0021749716476295866,2012
2012-08-02,0.0006225780015085558,2012
2012-08-03,0.009648778092458565,2012
2012-08-06,-0.001849871297229022,2012
2012-08-07,-0.01080950930518465,2012
2012-08-08,-0.008429485724765318,2012
2012-08-09,-0.002833521711990805,2012
2012-08-10,0.0015787683789156848,2012
2012-08-13,-0.0009452327976006147,2012
2012-08-14,-0.0018938842651121668,2012
2012-08-15,0.005690567157604853,2012
2012-08-16,0.006915963343445686,2012
2012-08-17,0.0018737822316232666,2012
2012-08-20,-0.003739520649632344,2012
2012-08-21,0.0009384181416274284,2012
2012-08-22,0.0006248333854508292,2012
2012-08-23,-0.0031227922233485472,2012
2012-08-24,0.0046992086839128255,2012
2012-08-27,0.0028062456021180626,2012
2012-08-28,0.0034201174267087797,2012
2012-08-29,0.00030986000844968054,2012
2012-08-30,-0.0015485915166949527,2012
2012-08-31,0.0027922002022426895,2012
2012-09-04,0.007425819718778648,2012
2012-09-05,-0.0024571411152358724,2012
2012-09-06,0.009544576725587284,2012
2012-09-07,0.0013453632846578412,2012
2012-09-10,-0.008855488536343437,2012
2012-09-11,0.0033892397844346167,2012
2012-09-12,0.002455969667333857,2012
2012-09-13,0.013170115875377642,2012
2012-09-14,0.006348265104957118,2012
2012-09-17,-0.0030038137191074066,2012
2012-09-18,-0.0102444687652814,2012
2012-09-19,-0.005479085568783626,2012
2012-09-20,-0.015916348655114154,2012
2012-09-21,-0.00031113541991723004,2012
2012-09-24,-0.003111864521675667,2012
2012-09-25,-0.015605480083971113,2012
2012-09-26,-0.0012681457266068286,2012
2012-09-27,0.0057140186642909985,2012
2012-09-28,-0.0009467901606313722,2012
2012-10-01,-0.008214763876992714,2012
2012-10-02,0.006053062665870579,2012
2012-10-03,0.0031661147408932333,2012
2012-10-04,-0.002840254311322288,2012
2012-10-05,0.0025322758572963178,2012
2012-10-08,-0.0028418470018368724,2012
2012-10-09,-0.003166347817655679,2012
2012-10-10,0.005082248675250645,2012
2012-10-11,-0.000315918059509368,2012
2012-10-12,-0.003794076409776026,2012
2012-10-15,0.007933689969985336,2012
2012-10-16,0.00535286633975951,2012
2012-10-17,-0.003131640833415217,2012
2012-10-18,0.010053772821247975,2012
2012-10-19,-0.006843491099672527,2012
2012-10-22,-0.00626362744977127,2012
2012-10-23,-0.009769625661998571,2012
2012-10-24,0.0,2012
2012-10-25,-0.004774292845939998,2012
2012-10-26,-0.00735538678275971,2012
2012-10-31,0.009342867922183862,2012
2012-11-01,0.003511128303253397,2012
2012-11-02,0.007633191042352161,2012
2012-11-05,-0.006943863591585164,2012
2012-11-06,0.005085713944792625,2012
2012-11-07,-0.004427395497509035,2012
2012-11-08,-0.012706907682224822,2012
2012-11-09,-0.0025739481679284415,2012
2012-11-12,-0.0012903545964237928,2012
2012-11-13,0.0,2012
2012-11-14,-0.020348837554860943,2012
2012-11-15,-0.004945751624350958,2012
2012-11-16,0.006295808812083692,2012
2012-11-19,0.013829415696689384,2012
2012-11-20,0.005196561332374561,2012
2012-11-21,-0.001292557946014794,2012
2012-11-23,0.008735165013238122,2012
2012-11-26,0.0016034841580250259,2012
2012-11-27,-0.006403668451185451,2012
2012-11-28,-0.0029005786806280964,2012
2012-11-29,0.004847766108220908,2012
2012-11-30,0.0025731203212226994,2012
2012-12-03,0.004170869513830722,2012
2012-12-04,0.00159745423221902,2012
2012-12-05,-0.003827845897242277,2012
2012-12-06,0.010246458744242348,2012
2012-12-07,0.0038038146630412495,2012
2012-12-10,0.0,2012
2012-12-11,0.0022101446791222834,2012
2012-12-12,-0.0022052707117925507,2012
2012-12-13,-0.008209573636956402,2012
2012-12-14,0.0006725506647999868,2012
2012-12-17,0.006401915223537724,2012
2012-12-18,0.009542194332390785,2012
2012-12-19,-0.0022055745787995518,2012
2012-12-20,0.014208995507720923,2012
2012-12-21,-0.0037359126029909984,2012
2012-12-24,0.0024999479891936183,2012
2012-12-26,-0.006546141345570078,2012
2012-12-27,0.004392467864512195,2012
2012-12-28,-0.008122467692510238,2012
2012-12-29,0.0,2012
2012-12-30,0.0,2012
2012-12-31,0.0,2012
2013-01-02,0.0,2013
2013-01-03,-0.001229005980008302,2013
2013-01-04,0.003999719073112251,2013
2013-01-07,0.0030649933058017886,2013
2013-01-08,-0.002139196526680709,2013
2013-01-09,0.003674143716195122,2013
2013-01-10,0.00030530889314817067,2013
2013-01-11,-0.0009147546806435036,2013
2013-01-14,0.00030493687326593744,2013
2013-01-15,0.00640853125398011,2013
2013-01-16,-0.001819412949841337,2013
2013-01-17,0.0021265174548770194,2013
2013-01-18,0.0048500753257434415,2013
2013-01-22,0.004826224257994838,2013
2013-01-23,0.0009006942329763401,2013
2013-01-24,0.002399360755612756,2013
2013-01-25,0.0068822662805181345,2013
2013-01-28,0.0017831871023525903,2013
2013-01-29,0.001483235660852511,2013
2013-01-30,-0.008886125236366005,2013
2013-01-31,-0.00597737982025115,2013
2013-02-01,0.006614359170854955,2013
2013-02-04,-0.0014933161320096477,2013
2013-02-05,-0.0008973515600414483,2013
2013-02-06,0.002694691605386712,2013
2013-02-07,-0.004180428856034424,2013
2013-02-08,0.009295131446491522,2013
2013-02-11,0.001782657494159956,2013
2013-02-12,0.007117290253098263,2013
2013-02-13,-0.002061286905674087,2013
2013-02-14,-0.003540686867779752,2013
2013-02-15,0.0005921752067385988,2013
2013-02-19,0.007398729444184848,2013
2013-02-20,-0.005875426262841654,2013
2013-02-21,-0.01004745113121519,2013
2013-02-22,0.00985100757775692,2013
2013-02-25,-0.01832670899367239,2013
2013-02-26,0.00541955452019649,2013
2013-02-27,0.008086278763814736,2013
2013-02-28,-0.0011881123130730309,2013
2013-03-01,0.005664635598574552,2013
2013-03-04,0.006818907419061659,2013
2013-03-05,0.007361905045383477,2013
2013-03-06,-0.0020464737822014634,2013
2013-03-07,-0.006444032730773652,2013
2013-03-08,0.0011792120440787812,2013
2013-03-11,0.001766788439173217,2013
2013-03-12,-0.004114949563924997,2013
2013-03-13,0.0005899250029430814,2013
2013-03-14,0.006489655003149686,2013
2013-03-15,0.001465669232978195,2013
2013-03-18,-0.006145861800982755,2013
2013-03-19,-0.00588933061584751,2013
2013-03-20,0.005035592666319699,2013
2013-03-21,-0.0044209840254766375,2013
2013-03-22,0.006808814772755856,2013
2013-03-25,0.0014703023181055208,2013
2013-03-26,0.008514333498865101,2013
2013-03-27,0.0,2013
2013-03-28,0.0037845436280625755,2013
2013-04-01,0.0020305550593058275,2013
2013-04-02,0.004051613072219018,2013
2013-04-03,-0.002882120857201076,2013
2013-04-04,0.01503249990821609,2013
2013-04-05,0.0034180461946562435,2013
2013-04-08,0.011070343474303135,2013
2013-04-09,-0.0008423276724310869,2013
2013-04-10,0.005057611512561788,2013
2013-04-11,0.0075480371604150776,2013
2013-04-12,0.0016648208034355516,2013
2013-04-15,-0.019113416318088938,2013
2013-04-16,0.016379658512872597,2013
2013-04-17,-0.011114289274691602,2013
2013-04-18,-0.0019668147434205308,2013
2013-04-19,0.015484233395451241,2013
2013-04-22,-0.0027725616253797547,2013
2013-04-23,0.005838212121470399,2013
2013-04-24,0.002487668822128475,2013
2013-04-25,-0.004687213727267103,2013
2013-04-26,-0.002215802146659396,2013
2013-04-29,0.008050728117471317,2013
2013-04-30,0.01101664441234207,2013
2013-05-01,-0.0070826859095705075,2013
2013-05-02,0.007681338916691427,2013
2013-05-03,0.002723040872040672,2013
2013-05-06,0.005430301291259543,2013
2013-05-07,0.004050877108612294,2013
2013-05-08,-0.0002688315045790146,2013
2013-05-09,-0.007263936781002678,2013
2013-05-10,0.005149028709993564,2013
2013-05-13,0.004582995699672132,2013
2013-05-14,0.0034893638942898875,2013
2013-05-15,0.008558390839037644,2013
2013-05-16,-0.005038526579105862,2013
2013-05-17,0.005863714472342574,2013
2013-05-20,0.0015899250405893017,2013
2013-05-21,0.005819698719112143,2013
2013-05-22,-0.024460483304911795,2013
2013-05-23,-0.01617699783035531,2013
2013-05-24,-0.0016442896137839336,2013
2013-05-28,-0.008235088945591884,2013
2013-05-29,-0.019651438338025518,2013
2013-05-30,-0.009598776539250009,2013
2013-05-31,-0.013398010562495677,2013
2013-06-03,0.006356944807472287,2013
2013-06-04,-0.014355920291382662,2013
2013-06-05,-0.00932134989975597,2013
2013-06-06,0.01676003009489846,2013
2013-06-07,-0.0009578882684594392,2013
2013-06-10,-0.008132480741474324,2013
2013-06-11,-0.016398320508678066,2013
2013-06-12,-0.013396591556999904,2013
2013-06-13,0.027459333700969202,2013
2013-06-14,0.004111405382242195,2013
2013-06-17,0.003509951350842533,2013
2013-06-18,0.0032062812924595896,2013
2013-06-19,-0.030796166196299102,2013
2013-06-20,-0.03956853590977116,2013
2013-06-21,0.014981358859408545,2013
2013-06-24,-0.005227472148218948,2013
2013-06-25,0.01761978987201318,2013
2013-06-26,0.01306206599715587,2013
2013-06-27,0.019789708178358234,2013
2013-06-28,-0.0058803457117159175,2013
2013-07-01,-0.004140805234141287,2013
2013-07-02,0.016038442835314637,2013
2013-07-03,-0.009062041207719362,2013
2013-07-05,-0.0002949175904342072,2013
2013-07-08,0.0017702421817076264,2013
2013-07-09,0.014138304305465699,2013
2013-07-10,-0.0014521004384081548,2013
2013-07-11,0.0253053215996355,2013
2013-07-12,-0.004822724831275771,2013
2013-07-15,0.001996018537582911,2013
2013-07-16,0.0011375117628587006,2013
2013-07-17,0.004547047529911641,2013
2013-07-18,0.008769184520160955,2013
2013-07-19,-0.002523869521238842,2013
2013-07-22,0.004779848749058679,2013
2013-07-23,-0.0019590556155252292,2013
2013-07-24,-0.02018498904764021,2013
2013-07-25,0.0017168647649796753,2013
2013-07-26,-0.00028567101212095825,2013
2013-07-29,-0.008285891467197493,2013
2013-07-30,-0.003745088389345841,2013
2013-07-31,-0.01590528367863442,2013
2013-08-01,-0.0017631732758590646,2013
2013-08-02,-0.0044155047457334895,2013
2013-08-05,-0.0014783984776409742,2013
2013-08-06,-0.0038497641054271448,2013
2013-08-07,-0.0029724024101389634,2013
2013-08-08,-0.0014907403963647647,2013
2013-08-09,0.008061343224178952,2013
2013-08-12,-0.007700952347300616,2013
2013-08-13,-0.014328438383361619,2013
2013-08-14,-0.0030283241653880077,2013
2013-08-15,-0.019441360951609088,2013
2013-08-16,-0.0254023156209493,2013
2013-08-19,-0.010807206515259127,2013
2013-08-20,0.02185067337255875,2013
2013-08-21,-0.0012580305234802802,2013
2013-08-22,0.006297503236638358,2013
2013-08-23,0.011263884414577818,2013
2013-08-26,-0.004022142488538605,2013
2013-08-27,-0.003727914232213081,2013
2013-08-28,-0.005300935601978973,2013
2013-08-29,0.0009405651736420495,2013
2013-08-30,-0.005950859563541355,2013
2013-09-03,-0.00819162708027632,2013
2013-09-04,0.007306400826725623,2013
2013-09-05,-0.010722005239544807,2013
2013-09-06,0.016905274443771434,2013
2013-09-09,0.021766967910518353,2013
2013-09-10,0.0003085132817477465,2013
2013-09-11,0.007407500773555009,2013
2013-09-12,-0.007659183496537825,2013
2013-09-13,0.003396212394155773,2013
2013-09-16,0.01230754689181035,2013
2013-09-17,-0.0012159121142371054,2013
2013-09-18,0.0337795858842318,2013
2013-09-19,-0.002355013371956538,2013
2013-09-20,-0.017704294139113008,2013
2013-09-23,-0.0060076865906750765,2013
2013-09-24,-0.009670788432581068,2013
2013-09-25,0.003051784723894002,2013
2013-09-26,0.0060845595450675916,2013
2013-09-27,-0.005140597342678688,2013
2013-09-30,-0.012157912809797278,2013
2013-10-01,0.01446149825832399,2013
2013-10-02,0.004246382479811128,2013
2013-10-03,-0.019027866751557543,2013
2013-10-04,-0.0006157620394608987,2013
2013-10-07,0.0033887778978243244,2013
2013-10-08,-0.010438917899753264,2013
2013-10-09,0.0006204261373321529,2013
2013-10-10,0.02542651802854845,2013
2013-10-11,0.011793135080262918,2013
2013-10-14,-0.0011952381435853532,2013
2013-10-15,-0.0032911085782506566,2013
2013-10-16,0.01951294718639862,2013
2013-10-17,0.014429236475783425,2013
2013-10-18,-0.0026129987139572597,2013
2013-10-21,-0.005820602507406014,2013
2013-10-22,0.011124305127666823,2013
2013-10-23,-0.0011582837060558626,2013
2013-10-24,0.0005798134414898293,2013
2013-10-25,0.011297664114348516,2013
2013-10-28,-0.008879851497279212,2013
2013-10-29,-0.008670393138806798,2013
2013-10-30,-0.007288715135315815,2013
2013-10-31,-0.006754860608427782,2013
2013-11-01,0.006209434519147017,2013
2013-11-04,0.0035265033624232167,2013
2013-11-05,-0.01757013088332593,2013
2013-11-06,-0.0014903095944484024,2013
2013-11-07,-0.014029495318557017,2013
2013-11-08,-0.010899263356283329,2013
2013-11-11,0.0009183819309517283,2013
2013-11-12,-0.00795104924628487,2013
2013-11-13,0.006165100223123998,2013
2013-11-14,0.008578409526379449,2013
2013-11-15,0.0036454108453551903,2013
2013-11-18,-0.006961240043827588,2013
2013-11-19,-0.008229396053467508,2013
2013-11-20,-0.010756076212363186,2013
2013-11-21,0.007455825449548259,2013
2013-11-22,-0.004316867935512558,2013
2013-11-25,-0.005883823090440887,2013
2013-11-26,-0.0037387567372885178,2013
2013-11-27,0.009693646287121549,2013
2013-11-29,-0.010839240007489925,2013
2013-12-02,-0.005948750721614493,2013
2013-12-03,-0.001889986486437234,2013
2013-12-04,0.00631123808880818,2013
2013-12-05,0.004076842832348326,2013
2013-12-06,0.009993612837260413,2013
2013-12-09,0.0030921376561128255,2013
2013-12-10,-0.0009251159625729422,2013
2013-12-11,-0.02375782069941257,2013
2013-12-12,-0.006953319723292717,2013
2013-12-13,0.0036633580003349042,2013
2013-12-16,0.002562176354333756,2013
2013-12-17,0.00479038863338066,2013
2013-12-18,0.01748295146022505,2013
2013-12-19,-0.010309350969534559,2013
2013-12-20,0.007575873118303544,2013
2013-12-23,0.0006266693382432909,2013
2013-12-24,0.0015651879256419754,2013
2013-12-26,0.0007191656067886409,2013
2013-12-27,0.0,2013
2013-12-30,0.002499171563868252,2013
2013-12-31,0.0,2013
2014-01-02,0.0,2014
2014-01-03,0.007221017333542745,2014
2014-01-06,0.004052600813019058,2014
2014-01-07,0.002793972033392045,2014
2014-01-08,-0.0018570520835468063,2014
2014-01-09,0.0003098070183111812,2014
2014-01-10,0.011782780575090523,2014
2014-01-13,-0.007967924743307209,2014
2014-01-14,0.00834092763674521,2014
2014-01-15,0.005821655193374298,2014
2014-01-16,0.00243620376033693,2014
2014-01-17,-0.005773023368299102,2014
2014-01-21,0.00825170494584948,2014
2014-01-22,0.002425040169643289,2014
2014-01-23,-0.005443059385056959,2014
2014-01-24,-0.012769870847610387,2014
2014-01-27,-0.008931346507808802,2014
2014-01-28,0.008701004719160688,2014
2014-01-29,-0.005853276157747778,2014
2014-01-30,0.017043401653770163,2014
2014-01-31,0.006703705569509166,2014
2014-02-03,-0.016040939402712895,2014
2014-02-04,0.013226473289410512,2014
2014-02-05,-0.0009110826369117531,2014
2014-02-06,0.009723524714094545,2014
2014-02-07,0.007824270747424089,2014
2014-02-10,0.010749383583323002,2014
2014-02-11,0.0038405863293013986,2014
2014-02-12,-0.0008826714666470004,2014
2014-02-13,0.005301867106414004,2014
2014-02-14,0.0026370052076369888,2014
2014-02-18,0.0037986409685566436,2014
2014-02-19,0.0002915060978221362,2014
2014-02-20,-0.0026195615663626715,2014
2014-02-21,0.0005839553871451741,2014
2014-02-24,0.0017492782570380783,2014
2014-02-25,0.0029112061799292377,2014
2014-02-26,0.0017419858160447887,2014
2014-02-27,-0.0023185396373525125,2014
2014-02-28,0.008132603787571968,2014
2014-03-03,0.0005759342977122994,2014
2014-03-04,0.015548797483752264,2014
2014-03-05,-0.0019845763341986844,2014
2014-03-06,-0.00795470084470784,2014
2014-03-07,-0.011168202188568399,2014
2014-03-10,-0.005502072967760396,2014
2014-03-11,0.006406139288899881,2014
2014-03-12,0.002025554228956672,2014
2014-03-13,-0.004909022948077935,2014
2014-03-14,0.0026116482753235637,2014
2014-03-17,0.003473265221482391,2014
2014-03-18,0.00403815171336297,2014
2014-03-19,-0.02039648733331012,2014
2014-03-20,0.0035189949219049943,2014
2014-03-21,0.008182404207274896,2014
2014-03-24,-0.006956908699844222,2014
2014-03-25,0.010216249857154525,2014
2014-03-26,-0.012135148077034974,2014
2014-03-27,0.007311915430647353,2014
2014-03-28,0.007549583694295814,2014
2014-03-31,0.00720444882140292,2014
2014-04-01,0.005150373941989361,2014
2014-04-02,0.0,2014
2014-04-03,-0.0011388101486636826,2014
2014-04-04,0.003989818878887608,2014
2014-04-07,0.004541498414112111,2014
2014-04-08,0.00536887518662077,2014
2014-04-09,-0.002248512365912725,2014
2014-04-10,-0.009859196388949942,2014
2014-04-11,-0.007112216659524551,2014
2014-04-14,0.007163162624074237,2014
2014-04-15,0.013086983643713967,2014
2014-04-16,0.007862609696605682,2014
2014-04-17,-0.004457983298018164,2014
2014-04-21,0.003918352907569922,2014
2014-04-22,0.0013937716068270767,2014
2014-04-23,-0.0036192605996154814,2014
2014-04-24,0.004191162192327402,2014
2014-04-25,-0.0038949603399317523,2014
2014-04-28,0.009497176267955432,2014
2014-04-29,0.0008301141612445662,2014
2014-04-30,0.00414673245081576,2014
2014-05-01,0.00440520430529201,2014
2014-05-02,-0.0010964708980024662,2014
2014-05-05,0.0027445298944182017,2014
2014-05-06,-0.003284206212852747,2014
2014-05-07,0.012904780251726145,2014
2014-05-08,0.00162647544246175,2014
2014-05-09,0.0,2014
2014-05-12,0.0032478623372811377,2014
2014-05-13,-0.007013771037234329,2014
2014-05-14,0.0021730872976961635,2014
2014-05-15,-0.0013548464767637602,2014
2014-05-16,0.00922897165621106,2014
2014-05-19,-0.0034965095544245983,2014
2014-05-20,-0.003508874621699909,2014
2014-05-21,-0.005688230530220051,2014
2014-05-22,-0.002723661668168953,2014
2014-05-23,0.008194571563106434,2014
2014-05-27,0.006230891449714893,2014
2014-05-28,-0.00592327816907956,2014
2014-05-29,0.0018959799119182552,2014
2014-05-30,0.005677272672302225,2014
2014-06-02,0.0018816127977761,2014
2014-06-03,-0.0016096036580243167,2014
2014-06-04,0.0021495340944959196,2014
2014-06-05,0.01796735723926557,2014
2014-06-06,-0.003835424167292101,2014
2014-06-09,-0.01247992710539203,2014
2014-06-10,-0.006184221963446923,2014
2014-06-11,-0.002705955561229989,2014
2014-06-12,-0.0027132009311906513,2014
2014-06-13,0.002720582417940376,2014
2014-06-16,-0.0043408314114020685,2014
2014-06-17,0.0016347265525800125,2014
2014-06-18,0.007344893837172961,2014
2014-06-19,0.007291532218905106,2014
2014-06-20,0.0021449565619542366,2014
2014-06-23,-0.003209976269859971,2014
2014-06-24,-0.00026878989640777284,2014
2014-06-25,-0.0013423972094978032,2014
2014-06-26,-0.001881690708682715,2014
2014-06-27,0.008080030854936249,2014
2014-06-30,-0.0026718827098718423,2014
2014-07-01,0.0042862743173552875,2014
2014-07-02,-0.0024004657569044463,2014
2014-07-03,-0.004545938825994078,2014
2014-07-07,0.0029549565142636958,2014
2014-07-08,0.00294558232329889,2014
2014-07-09,0.0013354186878293817,2014
2014-07-10,0.004266462185686937,2014
2014-07-11,0.0,2014
2014-07-14,0.005045006439225563,2014
2014-07-15,0.0015854353511122188,2014
2014-07-16,0.0034292806755671368,2014
2014-07-17,-0.005520603228169052,2014
2014-07-18,0.009251862624994223,2014
2014-07-21,-0.0039288158718672195,2014
2014-07-22,0.004470070713094243,2014
2014-07-23,0.0018325250667148296,2014
2014-07-24,0.0013067118386080878,2014
2014-07-25,-0.00782864429432828,2014
2014-07-28,0.007364331601999785,2014
2014-07-29,-0.004699676848943124,2014
2014-07-30,-0.0002623519770595939,2014
2014-07-31,-0.014431929525326015,2014
2014-08-01,-0.0023964665711180277,2014
2014-08-04,0.005871488704128236,2014
2014-08-05,-0.010082170950944658,2014
2014-08-06,-0.0008042385540251162,2014
2014-08-07,0.0005365268471839713,2014
2014-08-08,0.0067027025994030875,2014
2014-08-11,0.006124837183396847,2014
2014-08-12,-0.0018527085827793055,2014
2014-08-13,0.014054606216312493,2014
2014-08-14,-0.0010461149932399216,2014
2014-08-15,-0.0013086399157753448,2014
2014-08-18,0.010222560372915801,2014
2014-08-19,0.002335067047404271,2014
2014-08-20,0.0038830503151501272,2014
2014-08-21,-0.0015469548874978978,2014
2014-08-22,-0.008006241589690766,2014
2014-08-25,-0.0028637124521663226,2014
2014-08-26,0.0010442899154274876,2014
2014-08-27,0.0015650796483870355,2014
2014-08-28,-0.0010421272612992638,2014
2014-08-29,0.0054750174860129786,2014
2014-09-02,0.0005183973298379385,2014
2014-09-03,0.0023321334481651856,2014
2014-09-04,-0.0038782139999388177,2014
2014-09-05,0.010471956795685466,2014
2014-09-08,-0.00103096039425854,2014
2014-09-09,-0.004903261231833156,2014
2014-09-10,-0.016078882212824608,2014
2014-09-11,0.000527028829347298,2014
2014-09-12,-0.03055821223013233,2014
2014-09-15,-0.004619435711510134,2014
2014-09-16,0.009282038684645277,2014
2014-09-17,-0.0005411447199057395,2014
2014-09-18,-0.008660216503971085,2014
2014-09-19,0.0005458768220372168,2014
2014-09-22,-0.006548207587433352,2014
2014-09-23,-0.007415960895532869,2014
2014-09-24,-0.002213505844252839,2014
2014-09-25,-0.004159530603273787,2014
2014-09-26,0.013088029845881755,2014
2014-09-29,0.0002749604982201781,2014
2014-09-30,-0.004121810024956263,2014
2014-10-01,0.0019314725077248518,2014
2014-10-02,-0.0008262759871328074,2014
2014-10-03,0.0057882256031840384,2014
2014-10-06,0.002192469000356745,2014
2014-10-07,-0.007656465684321101,2014
2014-10-08,0.021217806867378952,2014
2014-10-09,0.0,2014
2014-10-10,0.0,2014
2014-10-13,0.0002700111511346748,2014
2014-10-14,0.01699452000416879,2014
2014-10-15,-0.006365737742794808,2014
2014-10-16,0.0008007202026532045,2014
2014-10-17,0.003734241359387047,2014
2014-10-20,0.014084574825719232,2014
2014-10-21,0.009958143118134366,2014
2014-10-22,-0.0002597343964723109,2014
2014-10-23,0.007786591237184171,2014
2014-10-24,-0.00128769239140325,2014
2014-10-27,0.006962101583520397,2014
2014-10-28,0.004097565730779573,2014
2014-10-29,-0.001275031746741817,2014
2014-10-30,0.006894632471402984,2014
2014-10-31,0.014963212014949878,2014
2014-11-03,0.008495512717848097,2014
2014-11-04,0.0002478459529624555,2014
2014-11-05,-0.0012384829006676368,2014
2014-11-06,-0.008680570845400304,2014
2014-11-07,-0.0015013188845197645,2014
2014-11-10,0.009771866406197427,2014
2014-11-11,-0.004217804655057833,2014
2014-11-12,-0.007227043161217694,2014
2014-11-13,0.006526143345196633,2014
2014-11-14,-0.008229202733444851,2014
2014-11-17,0.0032686356339142186,2014
2014-11-18,0.0032580754598363626,2014
2014-11-19,-0.008743194023736578,2014
2014-11-20,0.002520395885787563,2014
2014-11-21,0.007289647696931745,2014
2014-11-24,0.002495776861614951,2014
2014-11-25,0.0019918806091532293,2014
2014-11-26,0.009937751864629751,2014
2014-11-28,0.0024599911841798328,2014
2014-12-01,-0.003190463239786334,2014
2014-12-02,0.0051700519706445736,2014
2014-12-03,-0.0007349787894566084,2014
2014-12-04,0.002206035941318518,2014
2014-12-05,-0.004891192822140011,2014
2014-12-08,0.006143977273837864,2014
2014-12-09,0.004152649079945947,2014
2014-12-10,-0.0012166213014194183,2014
2014-12-11,0.0004872413087229077,2014
2014-12-12,-0.009250223858477402,2014
2014-12-15,-0.012039247300570266,2014
2014-12-16,-0.0014920931251208858,2014
2014-12-17,0.021419334251601363,2014
2014-12-18,0.007315712264756247,2014
2014-12-19,-0.010167218422504676,2014
2014-12-22,0.025204106542082272,2014
2014-12-23,-0.0031302579146504916,2014
2014-12-24,-0.004589299384295087,2014
2014-12-26,0.004125245615373974,2014
2014-12-29,0.0048332966214872375,2014
2014-12-30,-0.0016835549533182892,2014
2014-12-31,0.0,2014
2015-01-02,0.0,2015
2015-01-05,0.004588189809646481,2015
2015-01-06,0.01057679801930056,2015
2015-01-07,0.0154615848584716,2015
2015-01-08,0.003982311240293024,2015
2015-01-09,0.0006999636393183462,2015
2015-01-12,0.007460946990071715,2015
2015-01-13,-0.0009258338081095108,2015
2015-01-14,0.0108870800163956,2015
2015-01-15,0.002291133758939301,2015
2015-01-16,0.007773350896447484,2015
2015-01-20,-0.006578541509630442,2015
2015-01-21,-0.00022871412212899234,2015
2015-01-22,0.017359572397187106,2015
2015-01-23,-0.0026939320263166255,2015
2015-01-26,0.008329651390570625,2015
2015-01-27,0.0002229794149708475,2015
2015-01-28,-0.006026797422778674,2015
2015-01-29,0.002021534648870116,2015
2015-01-30,-0.020618672930197368,2015
2015-02-02,0.0004574847867995224,2015
2015-02-03,0.008005420683082631,2015
2015-02-04,-0.003630349205284822,2015
2015-02-05,0.011158979282590575,2015
2015-02-06,-0.028378325700176177,2015
2015-02-09,-0.008113213301517486,2015
2015-02-10,0.003271649510683039,2015
2015-02-11,-0.0030280945023117845,2015
2015-02-12,0.013084198644614853,2015
2015-02-13,-0.006918678891502328,2015
2015-02-17,-0.002786768539637219,2015
2015-02-18,0.008383668963826807,2015
2015-02-19,-0.02263310326046153,2015
2015-02-20,0.010161028490231372,2015
2015-02-23,0.007485628140372791,2015
2015-02-24,-0.02019988749661339,2015
2015-02-25,0.00023699811501876056,2015
2015-02-26,-0.010424112774038652,2015
2015-02-27,0.007421395438619749,2015
2015-03-02,0.004752978699960719,2015
2015-03-03,-0.0026017970787983735,2015
2015-03-04,-0.010671002572212429,2015
2015-03-05,0.0031160016220004305,2015
2015-03-06,-0.030585430882647313,2015
2015-03-09,0.005669095767128818,2015
2015-03-10,-0.001225221173546287,2015
2015-03-11,0.000981552002055297,2015
2015-03-12,0.01740602425203952,2015
2015-03-13,-0.0009637285759213077,2015
2015-03-16,0.01205971293080732,2015
2015-03-17,-0.0011913494115479706,2015
2015-03-18,0.020520183883061094,2015
2015-03-19,-0.000935358363902572,2015
2015-03-20,0.02504105080173069,2015
2015-03-23,-0.0018266447251908957,2015
2015-03-24,-0.009606569190713121,2015
2015-03-25,-0.017551763146375188,2015
2015-03-26,-0.0054068103383189126,2015
2015-03-27,0.002836167685680957,2015
2015-03-30,0.01555509641781927,2015
2015-03-31,-0.00974710320217298,2015
2015-04-01,-0.0023436291039375945,2015
2015-04-02,0.008691723661711448,2015
2015-04-06,0.010014065766902114,2015
2015-04-07,-0.016831941364963132,2015
2015-04-08,0.0009377975477671274,2015
2015-04-09,-0.020618645073654518,2015
2015-04-10,0.000717798300781558,2015
2015-04-13,-0.003346734005584384,2015
2015-04-14,0.0035977008332361837,2015
2015-04-15,-0.00693090651410877,2015
2015-04-16,0.0033694561177806115,2015
2015-04-17,-0.005277151055674945,2015
2015-04-20,0.002411530761311065,2015
2015-04-21,0.0016841289653002356,2015
2015-04-22,0.0021609922772343193,2015
2015-04-23,0.001677334803765751,2015
2015-04-24,0.0028709407239486673,2015
2015-04-27,-0.0007156595249809827,2015
2015-04-28,-0.0035806923438872484,2015
2015-04-29,-0.01988484730236495,2015
2015-04-30,-0.014911026823131723,2015
2015-05-01,0.008684789227722423,2015
2015-05-04,0.002214141828137839,2015
2015-05-05,-0.02233687124228856,2015
2015-05-06,-0.0017575249695906958,2015
2015-05-07,0.01634803901834614,2015
2015-05-08,0.01559026113160722,2015
2015-05-11,-0.016325380938270073,2015
2015-05-12,0.002477327041764399,2015
2015-05-13,-0.008895694962423817,2015
2015-05-14,0.019695806799068905,2015
2015-05-15,0.009779694958015117,2015
2015-05-18,-0.00363150504819576,2015
2015-05-19,-0.0029162031021930934,2015
2015-05-20,-0.0019500501145045535,2015
2015-05-21,-0.0053723425000854474,2015
2015-05-22,0.0007363096712051931,2015
2015-05-26,-0.00785066526365863,2015
2015-05-27,0.010385738091153618,2015
2015-05-28,-0.002447532759900506,2015
2015-05-29,-0.01030403052370965,2015
2015-06-01,0.012394976047222173,2015
2015-06-02,-0.008815446882541655,2015
2015-06-03,-0.013833651691935511,2015
2015-06-04,-0.0027556106462273133,2015
2015-06-05,-0.01042708748748622,2015
2015-06-08,-0.0030545192302282587,2015
2015-06-09,-0.006637237698112863,2015
2015-06-10,0.009251966356190966,2015
2015-06-11,0.006620780575779639,2015
2015-06-12,-0.0010118139036365825,2015
2015-06-15,-0.005571057121082412,2015
2015-06-16,0.009167241515943836,2015
2015-06-17,0.007570163985397338,2015
2015-06-18,0.015276730214049739,2015
2015-06-19,-0.009866836778275156,2015
2015-06-22,-0.009467030069161497,2015
2015-06-23,-0.007545236474943429,2015
2015-06-24,-0.003800944292235209,2015
2015-06-25,-0.009921464223260013,2015
2015-06-26,0.006423131784270675,2015
2015-06-29,-0.01659381081615363,2015
2015-06-30,0.001297838378180316,2015
2015-07-01,0.01711164481118188,2015
2015-07-02,0.0038236758999576903,2015
2015-07-06,0.004824868112401681,2015
2015-07-07,0.015668235698016897,2015
2015-07-08,-0.004976164571527497,2015
2015-07-09,-0.0030007882958464904,2015
2015-07-10,0.0077750386710362385,2015
2015-07-13,0.0014935179017820932,2015
2015-07-14,0.002981796558801486,2015
2015-07-15,0.0009912670614986574,2015
2015-07-16,0.008663586241849819,2015
2015-07-17,-0.003681221825385328,2015
2015-07-20,0.0027095025123864414,2015
2015-07-21,-0.0027021809463235735,2015
2015-07-22,0.002955703081940264,2015
2015-07-23,-0.011296675902926268,2015
2015-07-24,0.003229205437683902,2015
2015-07-27,0.001732885314420285,2015
2015-07-28,0.001235956098714519,2015
2015-07-29,0.0054306103402188555,2015
2015-07-30,-0.005646778998113389,2015
2015-07-31,0.007407198212375787,2015
2015-08-03,0.004657116297628328,2015
2015-08-04,-0.005611388213003332,2015
2015-08-05,-0.004170529742752005,2015
2015-08-06,0.00394190760183788,2015
2015-08-07,0.004171724228304585,2015
2015-08-10,-0.0034213961583887675,2015
2015-08-11,0.007111398429912041,2015
2015-08-12,0.004139305651851277,2015
2015-08-13,0.00266702806687813,2015
2015-08-14,0.005562281731033236,2015
2015-08-17,0.008898518679902656,2015
2015-08-18,0.002145418062125204,2015
2015-08-19,-0.006184457469586846,2015
2015-08-20,-0.007898596193276042,2015
2015-08-21,-0.01905869698109064,2015
2015-08-24,-0.04845054418976935,2015
2015-08-25,-0.0279145371381313,2015
2015-08-26,0.02898200156292363,2015
2015-08-27,0.019379746571498657,2015
2015-08-28,-0.0010141323067797137,2015
2015-08-31,-0.023090546771869058,2015
2015-09-01,-0.019740237300952534,2015
2015-09-02,0.010333738754806587,2015
2015-09-03,0.003409317599116113,2015
2015-09-04,-0.02117063533547625,2015
2015-09-08,0.01548708962631995,2015
2015-09-09,-0.014199267447659758,2015
2015-09-10,0.0037341428078234706,2015
2015-09-11,0.020680160427368754,2015
2015-09-14,-0.0005437943048942628,2015
2015-09-15,0.010067998933572353,2015
2015-09-16,0.011853566942050753,2015
2015-09-17,0.00958447482663538,2015
2015-09-18,-0.003164435868555082,2015
2015-09-21,0.008994556242167606,2015
2015-09-22,-0.014158218868642325,2015
2015-09-23,0.007180821104524782,2015
2015-09-24,-0.009242240577465477,2015
2015-09-25,0.006396343780068259,2015
2015-09-28,-0.016154395335874927,2015
2015-09-29,0.013459143197717793,2015
2015-09-30,0.008764892966906412,2015
2015-10-01,0.006055681957571668,2015
2015-10-02,0.008897956033432575,2015
2015-10-05,0.016082905314089624,2015
2015-10-06,-0.002552720114549545,2015
2015-10-07,0.012285859526583343,2015
2015-10-08,0.008596396869692269,2015
2015-10-09,-0.0007518500698633357,2015
2015-10-12,0.007526264400200544,2015
2015-10-13,-0.007968352410386292,2015
2015-10-14,-0.00803201982674362,2015
2015-10-15,0.014423483084396116,2015
2015-10-16,0.006984155869334208,2015
2015-10-19,0.014862616500430637,2015
2015-10-20,0.0,2015
2015-10-21,-0.004149675591387791,2015
2015-10-22,0.010049095395359586,2015
2015-10-23,-0.008978215881777163,2015
2015-10-26,0.00024459497736462055,2015
2015-10-27,0.0017138017653564042,2015
2015-10-28,0.00024411679749292148,2015
2015-10-29,0.0,2015
2015-10-30,-0.007818037371282172,2015
2015-11-02,0.02068442902504697,2015
2015-11-03,-0.011097540598495215,2015
2015-11-04,-0.004147569396501849,2015
2015-11-05,0.005144854922908282,2015
2015-11-06,-0.02924707683544514,2015
2015-11-09,-0.015817018079591794,2015
2015-11-10,0.010969172492694579,2015
2015-11-11,0.0017661368058485838,2015
2015-11-12,-0.006800558163728265,2015
2015-11-13,-0.011920087175396499,2015
2015-11-16,0.012063889793408444,2015
2015-11-17,0.000507279438648256,2015
2015-11-18,0.009125208268643048,2015
2015-11-19,0.0035165555018665806,2015
2015-11-20,0.011514303716307683,2015
2015-11-23,0.001485264717743906,2015
2015-11-24,-0.005436261657980168,2015
2015-11-25,0.005217211632832175,2015
2015-11-27,0.00840330274437262,2015
2015-11-30,-0.008333275705764809,2015
2015-12-01,0.014088217079232912,2015
2015-12-02,-0.020716809042455542,2015
2015-12-03,-0.0154301260167502,2015
2015-12-04,0.021485766820399377,2015
2015-12-07,-0.003464260054067636,2015
2015-12-08,-0.0002485575736910217,2015
2015-12-09,-0.007451573034776504,2015
2015-12-10,-0.006506496914568727,2015
2015-12-11,0.0005039988676311946,2015
2015-12-14,0.005287165927525095,2015
2015-12-15,0.009766948063631764,2015
2015-12-16,0.01984112042092434,2015
2015-12-17,-0.004377387329796201,2015
2015-12-18,-0.011897056645755133,2015
2015-12-21,0.003022592180633721,2015
2015-12-22,0.0025114985142018487,2015
2015-12-23,0.011272563085974685,2015
2015-12-24,0.0002476546500407295,2015
2015-12-28,0.0056959527755513495,2015
2015-12-29,0.011573413997628679,2015
2015-12-30,-0.003651498176658219,2015
2015-12-31,0.0,2015
2016-01-04,0.0,2016
2016-01-05,0.019490370952677916,2016
2016-01-06,-0.004656977993656164,2016
2016-01-07,-0.018468146015580444,2016
2016-01-08,-0.01480180119758423,2016
2016-01-11,0.007384419506075268,2016
2016-01-12,-0.007583181729970634,2016
2016-01-13,-0.012480860872015498,2016
2016-01-14,-0.0025792613140476206,2016
2016-01-15,-0.005947914321596692,2016
2016-01-19,0.0046826301656019975,2016
2016-01-20,-0.02900050964488654,2016
2016-01-21,0.006400186494103455,2016
2016-01-22,0.0267623288273664,2016
2016-01-25,-0.005161693594899486,2016
2016-01-26,0.022049265457726896,2016
2016-01-27,-0.01827389075221708,2016
2016-01-28,-0.006721971644268021,2016
2016-01-29,0.021603251182356065,2016
2016-02-01,0.0010190539745875693,2016
2016-02-02,-0.009671660714393626,2016
2016-02-03,0.007966975876011917,2016
2016-02-04,0.0022951719945984994,2016
2016-02-05,-0.019588142111323203,2016
2016-02-08,-0.028801293084720014,2016
2016-02-09,-0.017098466357757136,2016
2016-02-10,0.0076104473121292315,2016
2016-02-11,-0.016724849968179134,2016
2016-02-12,0.010974075343175071,2016
2016-02-16,0.018724229126906744,2016
2016-02-17,0.007725077983106177,2016
2016-02-18,0.00898770862487508,2016
2016-02-19,0.006025915139929339,2016
2016-02-22,0.011458063913571293,2016
2016-02-23,-0.0038617499951836276,2016
2016-02-24,-0.0020678628082805295,2016
2016-02-25,0.020978713507968205,2016
2016-02-26,-0.006595370680620438,2016
2016-02-29,-0.004085836661316122,2016
2016-03-01,0.03000013523473366,2016
2016-03-02,0.008214934573641308,2016
2016-03-03,0.0034568502927114775,2016
2016-03-04,-0.0005167574689541876,2016
2016-03-07,0.004186917677763136,2016
2016-03-08,-0.010546933685188775,2016
2016-03-09,0.005205776282382946,2016
2016-03-10,-0.00394572240821911,2016
2016-03-11,0.02376803526575544,2016
2016-03-14,0.000725733813458751,2016
2016-03-15,0.0016918323544465874,2016
2016-03-16,0.011580065899272629,2016
2016-03-17,0.013832445367761625,2016
2016-03-18,-0.004939805661500651,2016
2016-03-21,-0.01040215858791671,2016
2016-03-22,-0.0002386490949988218,2016
2016-03-23,-0.0059735562180330826,2016
2016-03-24,-0.000961829452843066,2016
2016-03-28,0.0093842495458345,2016
2016-03-29,0.021930675424747026,2016
2016-03-30,-0.0016328000595785541,2016
2016-03-31,0.0065419588047739285,2016
2016-04-01,-0.0016249172952583768,2016
2016-04-04,-0.0016279449766701815,2016
2016-04-05,-0.006985926862037806,2016
2016-04-06,0.0018761225924026625,2016
2016-04-07,-0.006085903254430036,2016
2016-04-08,0.004945853776485265,2016
2016-04-11,-0.003281059940190123,2016
2016-04-12,0.0072889320518017,2016
2016-04-13,-0.005602552412313888,2016
2016-04-14,-0.007041989901807044,2016
2016-04-15,0.008274010617995486,2016
2016-04-18,0.004220673024109223,2016
2016-04-19,0.001167220916463485,2016
2016-04-20,-0.01795691949840894,2016
2016-04-21,-0.015673208574128794,2016
2016-04-22,0.010132418556721312,2016
2016-04-25,0.009314455390756704,2016
2016-04-26,0.0033130496686910593,2016
2016-04-27,-0.0023584277034672807,2016
2016-04-28,-0.003073593400669372,2016
2016-04-29,-0.01067096765019393,2016
2016-05-02,0.01797714422181773,2016
2016-05-03,0.001647945549061447,2016
2016-05-04,0.01528010768299315,2016
2016-05-05,0.003935990923762844,2016
2016-05-06,0.011531893613967226,2016
2016-05-09,0.010259413552053287,2016
2016-05-10,0.0006766582067041504,2016
2016-05-11,-0.023906070825404746,2016
2016-05-12,0.006469634534620461,2016
2016-05-13,-0.009871255250528899,2016
2016-05-16,0.009737893807669096,2016
2016-05-17,-0.018369654746028807,2016
2016-05-18,-0.015204735332356445,2016
2016-05-19,-0.010688864732201209,2016
2016-05-20,0.008643306747326163,2016
2016-05-23,-0.0004761429705737452,2016
2016-05-24,0.011669843642267974,2016
2016-05-25,0.0,2016
2016-05-26,0.0011770705478348908,2016
2016-05-27,0.005172680530772578,2016
2016-05-31,0.0007018898153992037,2016
2016-06-01,0.0,2016
2016-06-02,0.003973713035303694,2016
2016-06-03,0.0026648413165932805,2016
2016-06-06,-0.008393309131594973,2016
2016-06-07,0.004702366931063295,2016
2016-06-08,0.006084634569820002,2016
2016-06-09,0.0016285922668584085,2016
2016-06-10,-0.0044126676421620825,2016
2016-06-13,0.0009330759503156649,2016
2016-06-14,-0.0020973490856541765,2016
2016-06-15,0.010509092556019839,2016
2016-06-16,0.006471000207413535,2016
2016-06-17,-0.00022966432765203493,2016
2016-06-20,0.000918868341888146,2016
2016-06-21,0.004588994530177581,2016
2016-06-22,-0.001598754934928448,2016
2016-06-23,0.004804395576016196,2016
2016-06-24,-0.01161233857763777,2016
2016-06-27,0.00023040507979699143,2016
2016-06-28,0.023261547093343937,2016
2016-06-29,0.013053964639440752,2016
2016-06-30,0.009997984174493935,2016
2016-07-01,0.00022015934917152258,2016
2016-07-05,0.010116440825677087,2016
2016-07-06,-0.0032658818795567868,2016
2016-07-07,-0.009829748435967844,2016
2016-07-08,0.016104405506767616,2016
2016-07-11,0.006513541529375333,2016
2016-07-12,0.0,2016
2016-07-13,0.004313811622227437,2016
2016-07-14,-0.007517537396691587,2016
2016-07-15,0.00021616006695568402,2016
2016-07-18,0.002164044375369656,2016
2016-07-19,0.004749611106285911,2016
2016-07-20,0.0002148388116642863,2016
2016-07-21,0.0023629308039823105,2016
2016-07-22,0.007929719149890158,2016
2016-07-25,-0.0012760214032216943,2016
2016-07-26,-0.004045128603525572,2016
2016-07-27,-0.00961927303012744,2016
2016-07-28,0.008201872009999667,2016
2016-07-29,0.013701613428980464,2016
2016-08-01,0.002745335895110834,2016
2016-08-02,-0.015585197721667443,2016
2016-08-03,-0.004921062144574662,2016
2016-08-04,-0.003440062668716215,2016
2016-08-05,0.001510320024586509,2016
2016-08-08,0.0028006905622546263,2016
2016-08-09,0.004296276276238187,2016
2016-08-10,-0.0010693690245452414,2016
2016-08-11,-0.011777478722528212,2016
2016-08-12,0.0041171446869578965,2016
2016-08-15,0.0,2016
2016-08-16,-0.011221676367051847,2016
2016-08-17,0.0028374369221730866,2016
2016-08-18,-0.001088415378328822,2016
2016-08-19,-0.0067535835987155846,2016
2016-08-22,0.004825663859877594,2016
2016-08-23,0.0002180474836359636,2016
2016-08-24,-0.0048011552564987126,2016
2016-08-25,0.005044016860356493,2016
2016-08-26,-0.00938290358997651,2016
2016-08-29,0.009912026572002741,2016
2016-08-30,-0.0019630773414827107,2016
2016-08-31,0.00043736040268416154,2016
2016-09-01,-0.002184269076604628,2016
2016-09-02,0.007661641014243159,2016
2016-09-06,0.004996898191826249,2016
2016-09-07,0.004971982412353526,2016
2016-09-08,-0.01333645127043348,2016
2016-09-09,-0.03821678697128883,2016
2016-09-12,0.011365982740081826,2016
2016-09-13,-0.02408235087153643,2016
2016-09-14,0.0037604509828228494,2016
2016-09-15,0.0030438636038585543,2016
2016-09-16,0.0,2016
2016-09-19,0.00793622635950797,2016
2016-09-20,0.0,2016
2016-09-21,0.011579547156623793,2016
2016-09-22,0.018086065947741092,2016
2016-09-23,0.002698569466153433,2016
2016-09-26,0.0022427197005239208,2016
2016-09-27,-0.009845684218728556,2016
2016-09-28,0.00813552262267181,2016
2016-09-29,-0.012553370729982194,2016
2016-09-30,-0.006810348567669933,2016
2016-10-03,-0.019200055350665712,2016
2016-10-04,-0.01351663490125321,2016
2016-10-05,-0.020080408596996224,2016
2016-10-06,0.0007233306325999944,2016
2016-10-07,-0.0016866287894881093,2016
2016-10-10,0.005309081522396841,2016
2016-10-11,-0.009361668850553229,2016
2016-10-12,0.011146653199176404,2016
2016-10-13,0.006709332122736278,2016
2016-10-14,-0.00404670445127564,2016
2016-10-17,0.0016729432374169573,2016
2016-10-18,0.00596552892902813,2016
2016-10-19,0.0018976183558638837,2016
2016-10-20,-0.0018940242207361457,2016
2016-10-21,-0.003795084598031906,2016
2016-10-24,0.002619146106148218,2016
2016-10-25,-0.00213745047770153,2016
2016-10-26,-0.011898982311129402,2016
2016-10-27,-0.02480748882358219,2016
2016-10-28,0.0034577600031677758,2016
2016-10-31,0.018705283408171347,2016
2016-11-01,-0.022468909603983622,2016
2016-11-02,-0.013099408475167551,2016
2016-11-03,-0.006010627008263603,2016
2016-11-04,0.005543004822438524,2016
2016-11-07,0.01628675277528635,2016
2016-11-08,0.007149766734097174,2016
2016-11-09,-0.0173806364163428,2016
2016-11-10,-0.014947714513567245,2016
2016-11-11,0.004805374818424912,2016
2016-11-14,0.024415106117000596,2016
2016-11-15,-0.009828289350737873,2016
2016-11-16,-0.00446666136218965,2016
2016-11-17,-0.011216235344009173,2016
2016-11-18,0.0022683537771852613,2016
2016-11-21,-0.003520922869223897,2016
2016-11-22,0.015648677898195018,2016
2016-11-23,-0.0037276224320650364,2016
2016-11-25,0.0054875394190940785,2016
2016-11-28,0.007194508999400551,2016
2016-11-29,0.009113175487566405,2016
2016-11-30,-0.008542730676229682,2016
2016-12-01,-0.013540399098659228,2016
2016-12-02,0.008735167971749558,2016
2016-12-05,0.007916670798485681,2016
2016-12-06,0.006381787388457294,2016
2016-12-07,0.021463441339558686,2016
2016-12-08,0.005492032686055026,2016
2016-12-09,-0.0023750295831674872,2016
2016-12-12,0.005475191046247607,2016
2016-12-13,0.0002363165290242275,2016
2016-12-14,-0.021301789608369592,2016
2016-12-15,-0.005078381146587541,2016
2016-12-16,0.01688197001393621,2016
2016-12-19,0.008044575751989802,2016
2016-12-20,0.001451392383946315,2016
2016-12-21,-0.014006426587951926,2016
2016-12-22,-0.0012243838115206795,2016
2016-12-23,0.001716392870315886,2016
2016-12-27,0.0019584396704372953,2016
2016-12-28,-0.006107806225121304,2016
2016-12-29,0.011553342680172607,2016
2016-12-30,0.013122500458820685,2016
2017-01-03,0.0,2017
2017-01-04,0.014125000366952634,2017
2017-01-05,0.002360691199694953,2017
2017-01-06,0.0004711003414108461,2017
2017-01-09,-0.00988733850465806,2017
2017-01-10,-0.01069892203443601,2017
2017-01-11,-0.007209801630713608,2017
2017-01-12,0.004115219133573156,2017
2017-01-13,-0.0014466159306333326,2017
2017-01-17,0.006760553202142416,2017
2017-01-18,0.0026376711587174917,2017
2017-01-19,-0.008849872298607786,2017
2017-01-20,0.006998410866049465,2017
2017-01-23,0.007188841484662589,2017
2017-01-24,-0.0016652717712160037,2017
2017-01-25,-0.007388318198299659,2017
2017-01-26,-0.003601061861446153,2017
2017-01-27,-0.011325439383818248,2017
2017-01-30,-0.006336526654638797,2017
2017-01-31,0.007848587874215829,2017
2017-02-01,-0.011681774764804698,2017
2017-02-02,0.011327444892255789,2017
2017-02-03,0.0053567249474237855,2017
2017-02-06,-0.00217979443409988,2017
2017-02-07,-0.00388352848657314,2017
2017-02-08,0.009503010668267642,2017
2017-02-09,0.0016896919607696237,2017
2017-02-10,0.006746760775236504,2017
2017-02-13,0.00023953447682267814,2017
2017-02-14,-0.005982488903775618,2017
2017-02-15,-0.004814280898296386,2017
2017-02-16,0.006530864437902961,2017
2017-02-17,0.003124176848992688,2017
2017-02-21,0.012458088371767984,2017
2017-02-22,-0.004495890912391554,2017
2017-02-23,0.006180406712419373,2017
2017-02-24,0.0037797826491279274,2017
2017-02-27,0.005648324534619276,2017
2017-02-28,-0.006084503004614716,2017
2017-03-01,-0.002825861948600239,2017
2017-03-02,-0.004014086274197748,2017
2017-03-03,-0.0029918382455873527,2017
2017-03-06,-0.0038101401524788248,2017
2017-03-07,-0.003585977874123958,2017
2017-03-08,-0.015834981468925258,2017
2017-03-09,-0.01584631339828324,2017
2017-03-10,-0.003219919173076624,2017
2017-03-13,0.0004967263417012813,2017
2017-03-14,-0.0004964797271428401,2017
2017-03-15,0.021123313035973146,2017
2017-03-16,-0.0024338588765253633,2017
2017-03-17,0.0031715982385915886,2017
2017-03-20,-0.0004866304505912744,2017
2017-03-21,-0.0034061620422031202,2017
2017-03-22,-0.0004883781033699908,2017
2017-03-23,0.008304950825464674,2017
2017-03-24,-0.0007264320262829749,2017
2017-03-27,-0.010666952417598963,2017
2017-03-28,0.004410635249634476,2017
2017-03-29,0.0031715982385915886,2017
2017-03-30,0.0021886918351976536,2017
2017-03-31,0.0058238413127604804,2017
2017-04-03,0.003618626542714276,2017
2017-04-04,-0.0007210705803958328,2017
2017-04-05,0.00288674119204102,2017
2017-04-06,0.005516875254145459,2017
2017-04-07,0.0009543877685591617,2017
2017-04-10,0.007625951803733155,2017
2017-04-11,0.005440261888154385,2017
2017-04-12,-0.0014117123681098853,2017
2017-04-13,-0.002826232967797493,2017
2017-04-17,0.012756319310692099,2017
2017-04-18,0.0023326570819803827,2017
2017-04-19,-0.002792615699871548,2017
2017-04-20,-0.0009333077984500227,2017
2017-04-21,-0.0032701788566518175,2017
2017-04-24,-0.010077347880943499,2017
2017-04-25,0.005918544172210272,2017
2017-04-26,-0.010120038727318148,2017
2017-04-27,-0.002377579190875223,2017
2017-04-28,-0.008817873847796864,2017
2017-05-01,0.005770704582271469,2017
2017-05-02,-0.001434811431269778,2017
2017-05-03,-0.01244866605973971,2017
2017-05-04,-0.00024254835441561706,2017
2017-05-05,0.007274105255593577,2017
2017-05-08,-0.005055087217617715,2017
2017-05-09,-0.004355293773064761,2017
2017-05-10,0.007533611691978637,2017
2017-05-11,-0.004100090114450117,2017
2017-05-12,-0.0036331797009380162,2017
2017-05-15,0.004132211224053606,2017
2017-05-16,-0.006293755557610803,2017
2017-05-17,0.00633361779983832,2017
2017-05-18,0.006293755557610803,2017
2017-05-19,0.004811059107394655,2017
2017-05-22,0.0026337662466504597,2017
2017-05-23,0.0031040475478707474,2017
2017-05-24,0.00642674607242566,2017
2017-05-25,-0.0011823072834672432,2017
2017-05-26,-0.007103727520406,2017
2017-05-30,-0.005724135354429172,2017
2017-05-31,0.0016790162502446915,2017
2017-06-01,0.003113043003670768,2017
2017-06-02,0.010891589444963712,2017
2017-06-05,-0.003314814566324098,2017
2017-06-06,-0.00546469141988104,2017
2017-06-07,0.007644350786625509,2017
2017-06-08,-0.0023706162637383565,2017
2017-06-09,0.004515164093196189,2017
2017-06-12,0.008753321916922907,2017
2017-06-13,0.002110530102458874,2017
2017-06-14,0.003042521892075545,2017
2017-06-15,0.005366224516569318,2017
2017-06-16,-0.0018567176341893754,2017
2017-06-19,0.0002330036706266192,2017
2017-06-20,-0.003254741840985731,2017
2017-06-21,-0.0023321357974448453,2017
2017-06-22,-0.0011687205020654012,2017
2017-06-23,0.004680498567393165,2017
2017-06-26,0.004192911714832714,2017
2017-06-27,-0.008814646240214996,2017
2017-06-28,0.0014042521452468648,2017
2017-06-29,-0.007711971103868787,2017
2017-06-30,-0.000942096355730615,2017
2017-07-03,0.013908305306530977,2017
2017-07-05,-0.013252311238456382,2017
2017-07-06,-0.018614670297945834,2017
2017-07-07,0.005282036071187379,2017
2017-07-10,-0.010508640293013571,2017
2017-07-11,-0.0016897509625519724,2017
2017-07-12,0.01136390645638663,2017
2017-07-13,0.0007170080138743096,2017
2017-07-14,0.010272418904140768,2017
2017-07-17,0.007566919383444226,2017
2017-07-18,-0.00023482351976500393,2017
2017-07-19,0.00704224472285464,2017
2017-07-20,-0.006060637463056073,2017
2017-07-21,-0.00023465834779823336,2017
2017-07-24,-0.001172612409627849,2017
2017-07-25,0.0009390735934593497,2017
2017-07-26,0.008681513301957322,2017
2017-07-27,0.00023245660828186132,2017
2017-07-28,-0.0009301199938520632,2017
2017-07-31,-0.0009311316736932973,2017
2017-08-01,0.005359015291517055,2017
2017-08-02,-0.007647991834402901,2017
2017-08-03,-0.0016346070819716063,2017
2017-08-04,0.0023391541344464084,2017
2017-08-07,-0.0007002327850246237,2017
2017-08-08,-0.0032692872778260496,2017
2017-08-09,-0.003280157282063545,2017
2017-08-10,-0.006816893402132984,2017
2017-08-11,-0.006627376746486946,2017
2017-08-14,0.017869807954708605,2017
2017-08-15,-0.0025747955989419147,2017
2017-08-16,0.0021120156682246094,2017
2017-08-17,-0.0058551359391907365,2017
2017-08-18,-0.008715838829515876,2017
2017-08-21,0.010931684856009483,2017
2017-08-22,-0.0035260884697010386,2017
2017-08-23,0.010851444122869314,2017
2017-08-24,-0.004200739145971744,2017
2017-08-25,0.003984259887939157,2017
2017-08-28,-0.007469552244150579,2017
2017-08-29,-0.001881459994695689,2017
2017-08-30,0.005890414970697977,2017
2017-08-31,0.004684810268520856,2017
2017-09-01,0.003963969303745873,2017
2017-09-05,-0.002322604323977462,2017
2017-09-06,0.0018621175961659464,2017
2017-09-07,0.006970471277675028,2017
2017-09-08,-0.0008716072528761609,2017
2017-09-11,0.009667331220978514,2017
2017-09-12,-0.012844434282558659,2017
2017-09-13,-0.002129240927386644,2017
2017-09-14,0.011379795062789633,2017
2017-09-15,0.0009380533326912577,2017
2017-09-18,-0.004449836154286846,2017
2017-09-19,-0.007292372484643206,2017
2017-09-20,-0.002606729993241963,2017
2017-09-21,-0.002138419421458204,2017
2017-09-22,-0.0073806322520422185,2017
2017-09-25,0.00599631817282531,2017
2017-09-26,0.0014306144323759096,2017
2017-09-27,-0.010714207233424089,2017
2017-09-28,0.007220138547786803,2017
2017-09-29,0.00023892408112224928,2017
2017-10-02,-0.002388743350033251,2017
2017-10-03,0.0,2017
2017-10-04,0.006226000575505264,2017
2017-10-05,0.004283817777281929,2017
2017-10-06,-0.002606729993241963,2017
2017-10-09,0.002851031630380474,2017
2017-10-10,0.002369226368229116,2017
2017-10-11,0.0028362792121467972,2017
2017-10-12,0.005185126676841234,2017
2017-10-13,0.0028128774371656284,2017
2017-10-16,-0.0049094089309661415,2017
2017-10-17,0.00046980435361154704,2017
2017-10-18,-0.0011742834023210635,2017
2017-10-19,-0.004702583764345181,2017
2017-10-20,-0.0047249474166788374,2017
2017-10-23,-0.0011863897565095316,2017
2017-10-24,-0.007604798792279266,2017
2017-10-25,-0.0014368540847472522,2017
2017-10-26,-0.006235106363579157,2017
2017-10-27,0.0038611992684853824,2017
2017-10-30,-0.001682887703215008,2017
2017-10-31,-0.00048130862787987283,2017
2017-11-01,0.004818063194144129,2017
2017-11-02,0.0040760768684566795,2017
2017-11-03,-0.0014329561463582996,2017
2017-11-06,0.006695405042017377,2017
2017-11-07,0.01045110407521399,2017
2017-11-08,0.004701695003214601,2017
2017-11-09,0.0007013440754146671,2017
2017-11-10,0.0009360711508707986,2017
2017-11-13,0.006773919921259308,2017
2017-11-14,-0.0016244605021826786,2017
2017-11-15,-0.009992927650038008,2017
2017-11-16,0.007746545832308049,2017
2017-11-17,-0.004658838701530499,2017
2017-11-20,-0.002340179019532984,2017
2017-11-21,0.00633356335440638,2017
2017-11-22,-0.0034965009974176064,2017
2017-11-24,0.001637258368651695,2017
2017-11-27,-0.005137687784142586,2017
2017-11-28,-0.0046947126774661285,2017
2017-11-29,0.0011786899453170019,2017
2017-11-30,0.001885027140649198,2017
2017-12-01,0.0023513279300038104,2017
2017-12-04,-0.0030496133445020446,2017
2017-12-05,-0.010117544780467003,2017
2017-12-06,-0.00023760172688347403,2017
2017-12-07,0.0033285269514964355,2017
2017-12-08,0.005213242008170305,2017
2017-12-11,0.0,2017
2017-12-12,0.0058933458507539616,2017
2017-12-13,-0.0009373303675637157,2017
2017-12-14,-0.0002346962980992462,2017
2017-12-15,0.0064732534852451895,2017
2017-12-18,0.00472952127651971,2017
2017-12-19,-0.021887523385998753,2017
2017-12-20,-0.010587488506763387,2017
2017-12-21,-0.004377205391589034,2017
2017-12-22,0.007572286640359138,2017
2017-12-26,0.0048482480337839196,2017
2017-12-27,0.003136251166139248,2017
2017-12-28,0.00529134456364555,2017
2017-12-29,0.0,2017
2017-12-30,0.0,2017
2018-01-02,0.0,2018
2018-01-03,0.0,2018
2018-01-04,-0.018265009033157198,2018
2018-01-05,0.0012241156556194177,2018
2018-01-08,0.004401044170752488,2018
2018-01-09,-0.011927944164608628,2018
2018-01-10,-0.011332778548257427,2018
2018-01-11,-0.004485639895950744,2018
2018-01-12,-0.007759480690548104,2018
2018-01-16,0.0010089866231297595,2018
2018-01-17,0.007560419515254324,2018
2018-01-18,-0.012006234259255288,2018
2018-01-19,0.004810268191105749,2018
2018-01-22,0.01083429667134661,2018
2018-01-23,0.01520395089039317,2018
2018-01-24,-0.005401250774562771,2018
2018-01-25,-0.0022215579246733785,2018
2018-01-26,-0.0027215239337425867,2018
2018-01-29,-0.012403865226274569,2018
2018-01-30,-0.007033354311269613,2018
2018-01-31,0.018973038213497162,2018
2018-02-01,-0.02110241500988419,2018
2018-02-02,-0.006847604273822583,2018
2018-02-05,-0.031154279390549933,2018
2018-02-06,-0.0005269790317481426,2018
2018-02-07,-0.005010534774321451,2018
2018-02-08,-0.028094631359815603,2018
2018-02-09,0.02645223149047382,2018
2018-02-12,0.00026575021792485387,2018
2018-02-13,0.0077024606717495114,2018
2018-02-14,-0.006062250772541411,2018
2018-02-15,0.013524335418781286,2018
2018-02-16,0.006017838541975573,2018
2018-02-20,-0.012743822553975437,2018
2018-02-21,-0.018967300638085827,2018
2018-02-22,0.011546509312561293,2018
2018-02-23,0.017255033818254883,2018
2018-02-26,0.0018268466786699467,2018
2018-02-27,-0.02318308715061823,2018
2018-02-28,0.0015999704640681234,2018
2018-03-01,0.001331339837974399,2018
2018-03-02,-0.001304572982021024,2018
2018-03-05,0.010663731386094444,2018
2018-03-06,0.0034293184149023492,2018
2018-03-07,0.006308728688319887,2018
2018-03-08,0.0026126833038260244,2018
2018-03-09,0.006513900883936774,2018
2018-03-12,0.002847520727517372,2018
2018-03-13,-0.001290673696135558,2018
2018-03-14,0.001809106705773278,2018
2018-03-15,0.0,2018
2018-03-16,0.007481859044495387,2018
2018-03-19,-0.008450530666763378,2018
2018-03-20,-0.003357734675574764,2018
2018-03-21,-0.007255494346459446,2018
2018-03-22,-0.00835293346336341,2018
2018-03-23,-0.017899556514062276,2018
2018-03-26,0.011257260317975248,2018
2018-03-27,0.004240348560380136,2018
2018-03-28,0.02533665538971297,2018
2018-03-29,-0.0002574349794071118,2018
2018-04-02,-0.014675862407737106,2018
2018-04-03,0.009407329115398877,2018
2018-04-04,0.009577619321691877,2018
2018-04-05,-0.0028205069853178832,2018
2018-04-06,-0.006942355049277649,2018
2018-04-09,-0.004142864412411629,2018
2018-04-10,0.00363985126939137,2018
2018-04-11,-0.0002591023483995425,2018
2018-04-12,-0.010624306703986619,2018
2018-04-13,0.007333802048938631,2018
2018-04-16,0.00442022307393497,2018
2018-04-17,0.01268427553228868,2018
2018-04-18,-0.002300692322104947,2018
2018-04-19,-0.013835676895486926,2018
2018-04-20,-0.008053795078185821,2018
2018-04-23,-0.0015715572490885288,2018
2018-04-24,0.003672633243824608,2018
2018-04-25,-0.0013068664021635978,2018
2018-04-26,0.014394183893597923,2018
2018-04-27,0.02063973738451219,2018
2018-04-30,-0.002274950839252554,2018
2018-05-01,0.008867390454212698,2018
2018-05-02,-0.004771206129220218,2018
2018-05-03,0.0015136753341229436,2018
2018-05-04,0.00982626306510559,2018
2018-05-07,0.007235451066498921,2018
2018-05-08,-0.0052019120937876195,2018
2018-05-09,0.00672341436965862,2018
2018-05-10,0.00766748696710895,2018
2018-05-11,-0.004663979616077896,2018
2018-05-14,-0.00789129269527411,2018
2018-05-15,-0.018642842880084443,2018
2018-05-16,-0.005319102162653966,2018
2018-05-17,-0.005602304849883111,2018
2018-05-18,0.0007683495343324687,2018
2018-05-21,0.012282377340376849,2018
2018-05-22,0.0030334712787456475,2018
2018-05-23,0.01184468204291611,2018
2018-05-24,-0.002739644658982354,2018
2018-05-25,0.003996090613740844,2018
2018-05-29,0.0032336659916878396,2018
2018-05-30,0.015621138055347261,2018
2018-05-31,-0.003173593111018169,2018
2018-06-01,0.004823529959763206,2018
2018-06-04,0.01126582330639958,2018
2018-06-05,-0.005085384708687468,2018
2018-06-06,0.0036511201283171424,2018
2018-06-07,-0.0009706682009651413,2018
2018-06-08,0.004613129699279073,2018
2018-06-11,-0.004108335289994658,2018
2018-06-12,0.0038825166896603314,2018
2018-06-13,-0.017887119745838342,2018
2018-06-14,0.009598690429570844,2018
2018-06-15,-0.0014629803711612155,2018
2018-06-18,-0.0021969155751280223,2018
2018-06-19,-0.001957407495074115,2018
2018-06-20,0.012748249255362776,2018
2018-06-21,0.005567642684116247,2018
2018-06-22,0.00938856069986227,2018
2018-06-25,-0.001192774738539959,2018
2018-06-26,0.0,2018
2018-06-27,-0.003342495053402894,2018
2018-06-28,0.010061978111451264,2018
2018-06-29,0.0026091908793262064,2018
2018-07-02,-0.00686048694282837,2018
2018-07-03,0.007146335235453938,2018
2018-07-05,0.010170302307967338,2018
2018-07-06,0.0037460186154347763,2018
2018-07-09,-0.006998044909202306,2018
2018-07-10,0.001879381400518021,2018
2018-07-11,-0.0025790729989026984,2018
2018-07-12,0.0025857418158019563,2018
2018-07-13,-0.0028137134861433433,2018
2018-07-16,-0.004937539214150188,2018
2018-07-17,-0.009924575892468868,2018
2018-07-18,-0.0026252381952116544,2018
2018-07-19,0.011246856652272319,2018
2018-07-20,-0.01064823102243695,2018
2018-07-23,-0.0009566278870574152,2018
2018-07-24,-0.00478843875606616,2018
2018-07-25,0.009141555676843272,2018
2018-07-26,0.0033368442303991497,2018
2018-07-27,-0.011166623101880324,2018
2018-07-30,0.001681976568256749,2018
2018-07-31,0.018949609217501884,2018
2018-08-01,0.006355836606999343,2018
2018-08-02,-0.003976816847232056,2018
2018-08-03,0.011038332850133559,2018
2018-08-06,-0.0011616036704582555,2018
2018-08-07,-0.002558080829429432,2018
2018-08-08,-0.00442979055160142,2018
2018-08-09,-0.00023415463352483012,2018
2018-08-10,-0.009135717775330954,2018
2018-08-13,-0.0004726667238649229,2018
2018-08-14,0.00449377188272071,2018
2018-08-15,0.00941832338563886,2018
2018-08-16,0.008164315647440024,2018
2018-08-17,0.01018030554054472,2018
2018-08-20,0.0,2018
2018-08-21,-0.00961983687860346,2018
2018-08-22,-0.005550434085147327,2018
2018-08-23,-0.0018605875641904968,2018
2018-08-24,0.007223268736298305,2018
2018-08-27,-0.0016192649440606166,2018
2018-08-28,0.012511324524770107,2018
2018-08-29,-0.0011441883577545386,2018
2018-08-30,-0.003436428245529477,2018
2018-08-31,0.0032184296397754775,2018
2018-09-04,-0.00962410721237672,2018
2018-09-05,0.0069411648088539835,2018
2018-09-06,0.0025277222079131967,2018
2018-09-07,-0.011266606690292225,2018
2018-09-10,0.004728261138299716,2018
2018-09-11,0.0,2018
2018-09-12,-0.000470587126236266,2018
2018-09-13,0.004943595191912342,2018
2018-09-14,-0.008433212643628951,2018
2018-09-17,0.00732350013908456,2018
2018-09-18,-0.006566589609912299,2018
2018-09-19,-0.011803562022580816,2018
2018-09-20,0.008839213509865163,2018
2018-09-21,0.0021310066844046904,2018
2018-09-24,-0.019849143336384434,2018
2018-09-25,0.0009645313670842981,2018
2018-09-26,-0.012523916215658959,2018
2018-09-27,0.003414410738953988,2018
2018-09-28,0.01531385387556683,2018
2018-10-01,-0.008618675972539402,2018
2018-10-02,-0.0028981286233277226,2018
2018-10-03,-0.009929566516473143,2018
2018-10-04,-0.008317006860469545,2018
2018-10-05,0.0009867502670888317,2018
2018-10-08,0.01404618671638791,2018
2018-10-09,0.0038882053618460866,2018
2018-10-10,-0.01476633261331084,2018
2018-10-11,-0.028501164549236457,2018
2018-10-12,-0.0020231883988864885,2018
2018-10-15,0.005068187643064714,2018
2018-10-16,0.018154346822341294,2018
2018-10-17,-0.0034669823588947546,2018
2018-10-18,-0.0004971631829249201,2018
2018-10-19,0.006961842295316156,2018
2018-10-22,-0.014814781408689526,2018
2018-10-23,0.005513845674045559,2018
2018-10-24,0.011216287878064612,2018
2018-10-25,0.01503566999658279,2018
2018-10-26,-0.019669734741335043,2018
2018-10-29,0.012880750475768199,2018
2018-10-30,0.010271510229723946,2018
2018-10-31,-0.0137981174822841,2018
2018-11-01,0.003190996341587704,2018
2018-11-02,-0.012233885509428388,2018
2018-11-05,0.016596628031396277,2018
2018-11-06,0.005360252173183255,2018
2018-11-07,0.013572797143455828,2018
2018-11-08,0.0016738715983677377,2018
2018-11-09,0.0016709337833415994,2018
2018-11-12,0.0009532164966201684,2018
2018-11-13,0.0021428875541307235,2018
2018-11-14,-0.0030885778193806557,2018
2018-11-15,-0.010009369984064098,2018
2018-11-16,0.012758507734355495,2018
2018-11-19,0.002139322100077612,2018
2018-11-20,-0.007352820436351992,2018
2018-11-21,-0.0009555811393976432,2018
2018-11-23,-0.0019139767369106275,2018
2018-11-26,0.0,2018
2018-11-27,0.004313788167629173,2018
2018-11-28,0.009544380292895172,2018
2018-11-29,-0.00023652424523212812,2018
2018-11-30,0.010638448273448509,2018
2018-12-03,0.007719038705933157,2018
2018-12-04,-0.016712988109511384,2018
2018-12-06,0.02525965750093162,2018
2018-12-07,-0.013124641084939936,2018
2018-12-10,-0.007699504662152856,2018
2018-12-11,0.00047060163239343034,2018
2018-12-12,-0.02185696631865408,2018
2018-12-13,0.006247266497965587,2018
2018-12-14,-0.0010459194440145536,2018
2018-12-17,-0.037731111259923455,2018
2018-12-18,0.009360214361729513,2018
2018-12-19,-0.011529055430886559,2018
2018-12-20,-0.01242388179416365,2018
2018-12-21,-0.011553291445952407,2018
2018-12-24,-0.041039100926117844,2018
2018-12-26,0.03277369930570817,2018
2018-12-27,0.001048968555978469,2018
2018-12-28,0.002619787111320271,2018
2018-12-29,0.0,2018
2018-12-30,0.0,2018
2019-01-02,0.0,2019
2019-01-03,0.0048179171855589065,2019
2019-01-04,0.011187930054940232,2019
2019-01-07,0.009220247983101615,2019
2019-01-08,0.022970543677075073,2019
2019-01-09,0.0,2019
2019-01-10,0.014799571300771586,2019
2019-01-11,0.0030177189248195013,2019
2019-01-14,-0.004261943459850759,2019
2019-01-15,0.009819111699131966,2019
2019-01-16,0.007728323268793469,2019
2019-01-17,0.004453391750046665,2019
2019-01-18,0.004679739042669162,2019
2019-01-22,-0.002206355825227546,2019
2019-01-23,0.0007368175961737222,2019
2019-01-24,0.0004913235374015557,2019
2019-01-25,0.013496811621115823,2019
2019-01-28,0.010653911017044715,2019
2019-01-29,0.008624486953667576,2019
2019-01-30,0.009026213720914056,2019
2019-01-31,0.006121014810038128,2019
2019-02-01,-0.005615761926455298,2019
2019-02-04,0.009411984910386195,2019
2019-02-05,0.005827244757900418,2019
2019-02-06,-0.004866551285455656,2019
2019-02-07,0.009315405506545194,2019
2019-02-08,0.0004612011680737993,2019
2019-02-11,0.0016145940838956374,2019
2019-02-12,-0.006907544881591066,2019
2019-02-13,0.006723666366644787,2019
2019-02-14,0.0006908603242978817,2019
2019-02-15,0.004602999605875624,2019
2019-02-19,0.0011455435400649083,2019
2019-02-20,-0.007551499410937912,2019
2019-02-21,0.004380915474803793,2019
2019-02-22,0.006427925763420772,2019
2019-02-25,-0.007527384183024677,2019
2019-02-26,-0.0027581905201137236,2019
2019-02-27,-0.005531171682790381,2019
2019-02-28,0.0016222507997456503,2019
2019-03-01,-0.0055527936043383574,2019
2019-03-04,0.005583799289319957,2019
2019-03-05,0.0034707553539465863,2019
2019-03-06,-0.004611556671336614,2019
2019-03-07,-0.002779578773404512,2019
2019-03-08,0.0011619795298623004,2019
2019-03-11,0.011374223094427371,2019
2019-03-12,0.005737691373893128,2019
2019-03-13,0.003195124913983882,2019
2019-03-14,0.0025021683420027863,2019
2019-03-15,-0.006807414957667124,2019
2019-03-18,-0.007539619549015275,2019
2019-03-19,-0.004834014014760246,2019
2019-03-20,0.0030071163940179613,2019
2019-03-21,0.01683573507247771,2019
2019-03-22,-0.004309143220221245,2019
2019-03-25,-0.0009113325523416593,2019
2019-03-26,0.010716029824204165,2019
2019-03-27,-0.004060467076007157,2019
2019-03-28,0.009739337152437244,2019
2019-03-29,-0.0038136797479277895,2019
2019-04-01,0.002252266182523499,2019
2019-04-02,0.008537221888583524,2019
2019-04-03,-0.00022247042782530535,2019
2019-04-04,-0.00200577173152916,2019
2019-04-05,0.0049118618073598075,2019
2019-04-08,-0.005998460477154466,2019
2019-04-09,-0.005811119737889503,2019
2019-04-10,0.010790983434458834,2019
2019-04-11,-0.0013343520771782469,2019
2019-04-12,0.005122376541619955,2019
2019-04-15,-0.00531800731721721,2019
2019-04-16,-0.024058753319263326,2019
2019-04-17,-0.009130398885806912,2019
2019-04-18,0.010596794173035384,2019
2019-04-22,-0.012764811225077555,2019
2019-04-23,0.013391631932402337,2019
2019-04-24,0.009341690315966655,2019
2019-04-25,0.0013544924729169683,2019
2019-04-26,0.005860702386119465,2019
2019-04-29,-0.010757518852047454,2019
2019-04-30,0.010421738443782802,2019
2019-05-01,0.004259672575635864,2019
2019-05-02,-0.002008963744340231,2019
2019-05-03,0.006934757227545996,2019
2019-05-06,-0.0042211293375844505,2019
2019-05-07,-0.018518654706495163,2019
2019-05-08,-0.0029550982806796355,2019
2019-05-09,0.004788052598437398,2019
2019-05-10,0.010891903297035599,2019
2019-05-13,-0.001346826607951157,2019
2019-05-14,0.002696961049549973,2019
2019-05-15,0.006052764378969178,2019
2019-05-16,0.0060160267178535065,2019
2019-05-17,-0.0015501818791698874,2019
2019-05-20,-0.012866340246982633,2019
2019-05-21,0.009662995550062004,2019
2019-05-22,0.001780237803064022,2019
2019-05-23,0.0026661894227213434,2019
2019-05-24,0.0022159484993784506,2019
2019-05-28,-0.010170326455096856,2019
2019-05-29,-0.013178502387956925,2019
2019-05-30,0.001584610152067789,2019
2019-05-31,0.0058756643225779115,2019
2019-06-03,0.0029205088788109013,2019
2019-06-04,-0.005376316924316171,2019
2019-06-05,0.023648512247961495,2019
2019-06-06,0.0017603793645522003,2019
2019-06-07,0.002121164454638391,2019
2019-06-10,-0.0022049486284040354,2019
2019-06-11,0.0011050058498816018,2019
2019-06-12,0.0015453894390902168,2019
2019-06-13,0.006171386165035431,2019
2019-06-14,0.0008763090417152064,2019
2019-06-17,0.011599607943453494,2019
2019-06-18,-0.004543451884351457,2019
2019-06-19,0.0060857311518816015,2019
2019-06-20,0.006049043222457806,2019
2019-06-21,-0.013528342991190101,2019
2019-06-24,-0.006094628860829787,2019
2019-06-25,-0.01226469459768098,2019
2019-06-26,-0.018847067335150514,2019
2019-06-27,0.010169540179123526,2019
2019-06-28,0.005816615217656196,2019
2019-07-01,-0.00022237551509429743,2019
2019-07-02,0.01646277284221087,2019
2019-07-03,0.012037441739832344,2019
2019-07-05,-0.0036760476484090088,2019
2019-07-08,0.005209170580499967,2019
2019-07-09,0.004750513932604727,2019
2019-07-10,0.0064475867763480466,2019
2019-07-11,-0.012598945028207909,2019
2019-07-12,-0.0028110440782028734,2019
2019-07-15,-0.001301661583320346,2019
2019-07-16,0.00043478553908404827,2019
2019-07-17,-0.0036902970059370377,2019
2019-07-18,0.002614107364229401,2019
2019-07-19,-0.01912186627926149,2019
2019-07-22,-0.0015508033408323518,2019
2019-07-23,0.012203289884118895,2019
2019-07-24,-0.00021941030975214382,2019
2019-07-25,-0.0043850106657568055,2019
2019-07-26,0.0028629939161299855,2019
2019-07-29,0.005489592989758707,2019
2019-07-30,0.003275735476170105,2019
2019-07-31,-0.006965406301813859,2019
2019-08-01,-0.002411308595088646,2019
2019-08-02,0.004834210970005914,2019
2019-08-05,-0.02099267595047838,2019
2019-08-06,0.01161484642133348,2019
2019-08-07,0.009494186346440614,2019
2019-08-08,0.014435831727916737,2019
2019-08-09,-0.00021562908080363652,2019
2019-08-12,-0.002372369478309877,2019
2019-08-13,-0.00021618846564952499,2019
2019-08-14,-0.012972807924846563,2019
2019-08-15,0.011609961644482025,2019
2019-08-16,0.009961025510309085,2019
2019-08-19,0.00900525870039326,2019
2019-08-20,-0.009349731219501556,2019
2019-08-21,0.0034319960538364835,2019
2019-08-22,0.005130540195538602,2019
2019-08-23,-0.014887362598407727,2019
2019-08-26,0.007772143203340853,2019
2019-08-27,-0.003642012091322533,2019
2019-08-28,0.0027949721642794856,2019
2019-08-29,0.008790831641177332,2019
2019-08-30,0.001487665132906546,2019
2019-09-03,0.00933794900319107,2019
2019-09-04,0.007359045883640114,2019
2019-09-05,-0.006679176851886459,2019
2019-09-06,0.0047226227555223765,2019
2019-09-09,-0.004312278489959631,2019
2019-09-10,-0.010610742612543356,2019
2019-09-11,0.0010945335978191917,2019
2019-09-12,0.0034981295955269776,2019
2019-09-13,-0.008714686525750692,2019
2019-09-16,0.010549314876555638,2019
2019-09-17,0.010656957132031852,2019
2019-09-18,-0.00494950348699752,2019
2019-09-19,0.00043236467850649163,2019
2019-09-20,-0.0012967142373606633,2019
2019-09-23,0.0023805469719073713,2019
2019-09-24,-0.00021591581895474832,2019
2019-09-25,0.003672023904099042,2019
2019-09-26,0.01011381938445366,2019
2019-09-27,-0.0029824882296768385,2019
2019-09-30,0.0006411440812288394,2019
2019-10-01,-0.008114585777602268,2019
2019-10-02,-0.002798745329598229,2019
2019-10-03,0.010147055239220881,2019
2019-10-04,0.006197977093328921,2019
2019-10-07,-0.003185943575262473,2019
2019-10-08,-0.004475218260591718,2019
2019-10-09,0.0019264872788473664,2019
2019-10-10,0.00021354992750866053,2019
2019-10-11,-0.0017083918991716018,2019
2019-10-14,0.0006416091208452102,2019
2019-10-15,0.004703904690291694,2019
2019-10-16,0.0008511649059037563,2019
2019-10-17,0.002551678755676967,2019
2019-10-18,0.00615053680034916,2019
2019-10-21,0.00801018760479888,2019
2019-10-22,-0.0025094073629491342,2019
2019-10-23,0.002515720330068527,2019
2019-10-24,0.0006273518407373668,2019
2019-10-25,-0.013166361887074096,2019
2019-10-28,-0.007412067154192625,2019
2019-10-29,0.0010667397492829522,2019
2019-10-30,0.011082841842552149,2019
2019-10-31,-0.002529390666345166,2019
2019-11-01,-0.0004228501181895439,2019
2019-11-04,-0.007399176714145583,2019
2019-11-05,-0.016187628075884475,2019
2019-11-06,0.003680284863294192,2019
2019-11-07,-0.011216413788915136,2019
2019-11-08,-0.0026181019189805976,2019
2019-11-11,0.0017502267960052276,2019
2019-11-12,-0.008515333132197322,2019
2019-11-13,0.009249113357301164,2019
2019-11-14,0.008509515764193676,2019
2019-11-15,0.004543542681075596,2019
2019-11-18,0.005384303046426009,2019
2019-11-19,0.002999100066942706,2019
2019-11-20,-0.002990132360779163,2019
2019-11-21,-0.01435282750367406,2019
2019-11-22,-0.00021744475212936987,2019
2019-11-25,0.0030432524350594292,2019
2019-11-26,0.014954713553164467,2019
2019-11-27,0.004270602783344346,2019
2019-11-29,-0.004252442291458491,2019
2019-12-02,-0.015374800991124649,2019
2019-12-03,0.005204999173881619,2019
2019-12-04,0.0032361217779663942,2019
2019-12-05,0.00043018699346175637,2019
2019-12-06,0.0006446434848284,2019
2019-12-09,0.0010743723655690651,2019
2019-12-10,-0.004935636450885683,2019
2019-12-11,-0.01272374905046647,2019
2019-12-12,-0.015072066442137766,2019
2019-12-13,-0.0008923479340884333,2019
2019-12-16,0.005266795335474139,2019
2019-12-17,-0.009795095859672864,2019
2019-12-18,0.008281730128000042,2019
2019-12-19,0.005703793254325573,2019
2019-12-20,0.005217868716076435,2019
2019-12-23,-0.0056419442805327735,2019
2019-12-24,0.0027233641584669677,2019
2019-12-26,0.004753386717698316,2019
2019-12-27,0.0033791265551379457,2019
2019-12-30,0.0011225619480923488,2019
2019-12-31,0.0,2019
2020-01-02,0.0,2020
2020-01-03,0.010847662811580339,2020
2020-01-06,0.0,2020
2020-01-07,-0.011401821224909181,2020
2020-01-08,0.0033919342886137294,2020
2020-01-09,-0.001352382070651248,2020
2020-01-10,0.007899395708303114,2020
2020-01-13,0.012762867512922105,2020
2020-01-14,-0.005306252885245555,2020
2020-01-15,0.008224099905341786,2020
2020-01-16,0.011243344716037829,2020
2020-01-17,0.0021800268865661554,2020
2020-01-21,0.010006803422472954,2020
2020-01-22,-0.00775381029575728,2020
2020-01-23,0.00868236874886863,2020
2020-01-24,-0.0006454591656945841,2020
2020-01-27,-0.005598407071819134,2020
2020-01-28,0.003680803681927136,2020
2020-01-29,-0.002157217689394919,2020
2020-01-30,-0.00043258660145384376,2020
2020-01-31,-0.011897071376816948,2020
2020-02-03,-0.000218873963262034,2020
2020-02-04,0.01029134005395882,2020
2020-02-05,-0.0017337689034339077,2020
2020-02-06,0.0036906283337565515,2020
2020-02-07,-0.0021630507491008366,2020
2020-02-10,0.00953838262930895,2020
2020-02-11,0.0027913313570155918,2020
2020-02-12,0.00492518997607716,2020
2020-02-13,0.004900705890048318,2020
2020-02-14,0.013782970668915207,2020
2020-02-18,0.001673434710047328,2020
2020-02-19,-0.012320116281169358,2020
2020-02-20,0.014376422228793428,2020
2020-02-21,0.00270930212125986,2020
2020-02-24,-0.014757382763507243,2020
2020-02-25,-0.031012990537151564,2020
2020-02-26,-0.01262782675571028,2020
2020-02-27,-0.05181942759000313,2020
2020-02-28,-0.023720784906756887,2020
2020-03-02,0.04121025100326969,2020
2020-03-03,0.0002288003437260766,2020
2020-03-04,0.040027378064518615,2020
2020-03-05,-0.02551162732927814,2020
2020-03-06,-0.017832855929273084,2020
2020-03-09,-0.07285673553761085,2020
2020-03-10,0.038919259709053966,2020
2020-03-11,-0.06299218232492232,2020
2020-03-12,-0.08989023071301427,2020
2020-03-13,0.08337982133489352,2020
2020-03-16,-0.1738122432803736,2020
2020-03-17,0.05939391339318001,2020
2020-03-18,-0.0899971764378763,2020
2020-03-19,-0.007133562741240551,2020
2020-03-20,-0.032658431357359685,2020
2020-03-23,-0.04085065071344662,2020
2020-03-24,0.07954939550724904,2020
2020-03-25,0.038474002622670866,2020
2020-03-26,0.0668759124248568,2020
2020-03-27,0.016480452901389553,2020
2020-03-30,0.01302851239527203,2020
2020-03-31,-0.015147619530736178,2020
2020-04-01,-0.06993599583549581,2020
2020-04-02,-0.006864330222887127,2020
2020-04-03,-0.01570821673168299,2020
2020-04-06,0.08490262441956231,2020
2020-04-07,0.0079434386473487,2020
2020-04-08,0.06129610524648199,2020
2020-04-09,0.06023094481619462,2020
2020-04-13,-0.045655006985604984,2020
2020-04-14,0.02772502644868946,2020
2020-04-15,-0.04125903071380499,2020
2020-04-16,-0.01517260961865019,2020
2020-04-17,0.035854649269596583,2020
2020-04-20,-0.042185072157368775,2020
2020-04-21,-0.016375088295736084,2020
2020-04-22,0.018083015775570255,2020
2020-04-23,-0.013814772311564139,2020
2020-04-24,0.011149065782940504,2020
2020-04-27,0.03534096257498143,2020
2020-04-28,0.00928443046382088,2020
2020-04-29,0.012175529780748873,2020
2020-04-30,-0.011494238762416398,2020
2020-05-01,-0.034072541421970026,2020
2020-05-04,-0.004199499085413061,2020
2020-05-05,0.004498153997823273,2020
2020-05-06,-0.018191882750265842,2020
2020-05-07,0.017958913406993737,2020
2020-05-08,0.022402594258544628,2020
2020-05-11,-0.015064267063048753,2020
2020-05-12,-0.05367078241858958,2020
2020-05-13,-0.023802547058225265,2020
2020-05-14,0.00602028197768556,2020
2020-05-15,-0.003590407536921414,2020
2020-05-18,0.06005988781318128,2020
2020-05-19,-0.014164095430490575,2020
2020-05-20,0.01465530391983716,2020
2020-05-21,0.0,2020
2020-05-22,0.009912124311039605,2020
2020-05-26,0.04094213115149037,2020
2020-05-27,0.013200411702277703,2020
2020-05-28,0.006647176289740875,2020
2020-05-29,-0.013735040072248017,2020
2020-06-01,0.02142487737905463,2020
2020-06-02,0.0068171745311289556,2020
2020-06-03,0.033593359589937144,2020
2020-06-04,-0.010581764962977136,2020
2020-06-05,0.036885834891950964,2020
2020-06-08,0.022895142508455146,2020
2020-06-09,-0.01877253910497012,2020
2020-06-10,-0.0294332057349721,2020
2020-06-11,-0.05686160728272316,2020
2020-06-12,0.03858522595398428,2020
2020-06-15,0.010062046890302545,2020
2020-06-16,0.025798095848601932,2020
2020-06-17,-0.015189109914588883,2020
2020-06-18,-0.011125181908056447,2020
2020-06-19,-0.02684737743952581,2020
2020-06-22,0.004203968635897226,2020
2020-06-23,-0.006541056549655755,2020
2020-06-24,-0.02291298035970435,2020
2020-06-25,0.016711627929952177,2020
2020-06-26,-0.017497316192691126,2020
2020-06-29,0.011602940655655924,2020
2020-06-30,0.012803368587892106,2020
2020-07-01,0.0258098329453047,2020
2020-07-02,-0.00205398880335661,2020
2020-07-06,-0.0025728224473090533,2020
2020-07-07,-0.021666078693413415,2020
2020-07-08,0.0,2020
2020-07-09,-0.006854747256907379,2020
2020-07-10,0.003451065335863479,2020
2020-07-13,-0.00952382989463596,2020
2020-07-14,0.008546883037402253,2020
2020-07-15,0.008474738373553725,2020
2020-07-16,-0.013130350752755482,2020
2020-07-17,0.016764237708071228,2020
2020-07-20,-0.015440983075710846,2020
2020-07-21,0.0071769419730967066,2020
2020-07-22,0.02084984108459098,2020
2020-07-23,-0.005687706976382212,2020
2020-07-24,-0.005200009810413797,2020
2020-07-27,0.008363844125208963,2020
2020-07-28,0.0196992975030037,2020
2020-07-29,0.019572892543684883,2020
2020-07-30,-0.0007480455772284067,2020
2020-07-31,0.0019960125473637014,2020
2020-08-03,-0.012450026286237148,2020
2020-08-04,0.010337791757600634,2020
2020-08-05,-0.0037434907765641068,2020
2020-08-06,0.002755550916762717,2020
2020-08-07,0.012490524704642514,2020
2020-08-10,-0.0004932632790424218,2020
2020-08-11,-0.017526606651070642,2020
2020-08-12,0.011306591020790124,2020
2020-08-13,-0.013167696157366349,2020
2020-08-14,0.0,2020
2020-08-17,0.011832685069115279,2020
2020-08-18,-0.006718070639691653,2020
2020-08-19,-0.02003992227261664,2020
2020-08-20,0.010991739420201041,2020
2020-08-21,0.0015170702601894348,2020
2020-08-24,0.005301804914780384,2020
2020-08-25,0.000753357945327382,2020
2020-08-26,-0.011041495675189306,2020
2020-08-27,0.01420969046879339,2020
2020-08-28,0.0045032519403152005,2020
2020-08-31,-0.007471862125674411,2020
2020-09-01,-0.0012548091775690384,2020
2020-09-02,0.019849052239344633,2020
2020-09-03,-0.01404273480892626,2020
2020-09-04,-0.00534540548068374,2020
2020-09-08,-0.014142371719129243,2020
2020-09-09,0.012258664832926147,2020
2020-09-10,-0.01159479658545004,2020
2020-09-11,-0.005474397692701527,2020
2020-09-14,0.0246394999341224,2020
2020-09-15,0.007418779989615931,2020
2020-09-16,0.0027930389123216326,2020
2020-09-17,-0.01696632671648879,2020
2020-09-18,-0.020092549729794795,2020
2020-09-21,-0.030756980318389915,2020
2020-09-22,0.015188347506648547,2020
2020-09-23,-0.03125837113239616,2020
2020-09-24,0.005240006547012843,2020
2020-09-25,0.02057612306636991,2020
2020-09-28,0.022042912991768526,2020
2020-09-29,-0.008153760545223099,2020
2020-09-30,0.003977905660005776,2020
2020-10-01,0.02060195583381641,2020
2020-10-02,0.017857438548296356,2020
2020-10-05,0.006610845999764248,2020
2020-10-06,-0.0063149002315596725,2020
2020-10-07,-0.0012708055335559632,2020
2020-10-08,0.01705255285341778,2020
2020-10-09,-0.002752631439880915,2020
2020-10-12,0.0050184966750386195,2020
2020-10-13,-0.0159798140305768,2020
2020-10-14,-0.012433470031708027,2020
2020-10-15,0.006680758696483879,2020
2020-10-16,-0.009188814955972235,2020
2020-10-19,-0.015971119329463823,2020
2020-10-20,0.0070683975054790515,2020
2020-10-21,-0.0018198550850812012,2020
2020-10-22,-0.001562406253739157,2020
2020-10-23,0.005738016605717933,2020
2020-10-26,-0.01348537397298033,2020
2020-10-27,-0.01708747277671674,2020
2020-10-28,-0.02273299922832761,2020
2020-10-29,0.011493992798419894,2020
2020-10-30,-0.008387322720537993,2020
2020-11-02,0.021009484323368577,2020
2020-11-03,0.021111586618426603,2020
2020-11-04,0.004187433166245702,2020
2020-11-05,0.0013032062194318073,2020
2020-11-06,-0.007288004149261562,2020
2020-11-09,0.013109408664821132,2020
2020-11-10,0.016822349154119287,2020
2020-11-11,0.01196219255820119,2020
2020-11-12,-0.009305629661250037,2020
2020-11-13,0.02310207748576021,2020
2020-11-16,0.004466429257689031,2020
2020-11-17,-0.001234887025236886,2020
2020-11-18,-0.019045397326493574,2020
2020-11-19,0.001260551818558664,2020
2020-11-20,-0.004532790573418821,2020
2020-11-23,-0.0030356202129649956,2020
2020-11-24,-0.002029931111421912,2020
2020-11-25,0.002542591878488043,2020
2020-11-27,-0.003043452333770902,2020
2020-11-30,-0.006613942052937638,2020
2020-12-01,0.010243223889775166,2020
2020-12-02,-0.011913811233559835,2020
2020-12-03,0.011031265869658302,2020
2020-12-04,0.01370208511065596,2020
2020-12-07,-0.00525671656959803,2020
2020-12-08,-0.005787582197137153,2020
2020-12-09,-0.006074447468524813,2020
2020-12-10,-0.00458337719495272,2020
2020-12-11,0.003478115141265281,2020
2020-12-14,-0.005473227648358003,2020
2020-12-15,0.021488694370369377,2020
2020-12-16,0.001539468106137809,2020
2020-12-17,0.012038662474047168,2020
2020-12-18,-0.019741690898165354,2020
2020-12-21,-0.00697142534898354,2020
2020-12-22,0.010400566493925512,2020
2020-12-23,-0.008491993463088487,2020
2020-12-24,0.008824288508357814,2020
2020-12-28,0.00617443632418313,2020
2020-12-29,-0.005880964179935,2020
2020-12-30,0.004115365096226897,2020
2021-01-04,0.0,2021
2021-01-05,-0.00026290981346610565,2021
2021-01-06,0.0021046447531090084,2021
2021-01-07,-0.0013126741382638585,2021
2021-01-08,0.007360786248292284,2021
2021-01-11,-0.014614001951983813,2021
2021-01-12,0.0007946378248833152,2021
2021-01-13,0.01243714651785055,2021
2021-01-14,0.003920659176433361,2021
2021-01-15,0.013017311376590568,2021
2021-01-19,-0.0017991337945241215,2021
2021-01-20,0.020597357177576603,2021
2021-01-21,-0.0032795779269298997,2021
2021-01-22,0.0027843789774921746,2021
2021-01-25,0.004795442847133513,2021
2021-01-26,0.007284605141612888,2021
2021-01-27,-0.016708135021081816,2021
2021-01-28,0.0025362580121923717,2021
2021-01-29,-0.009613242015439671,2021
2021-02-01,0.02579850914959625,2021
2021-02-02,0.006723124640975575,2021
2021-02-03,-0.004699558501033763,2021
2021-02-04,0.00497008991682546,2021
2021-02-05,0.003214635821516154,2021
2021-02-08,0.0014788799187597235,2021
2021-02-09,0.004676489458279143,2021
2021-02-10,0.004654406221068497,2021
2021-02-11,0.0012193973102416766,2021
2021-02-12,-0.0007307724057328269,2021
2021-02-16,-0.008774112567014991,2021
2021-02-17,-0.0004918112415029929,2021
2021-02-18,-0.0017216160964642624,2021
2021-02-19,0.005914060287999012,2021
2021-02-22,0.006124291770514878,2021
2021-02-23,0.005600242720455784,2021
2021-02-24,0.0041161900085293635,2021
2021-02-25,-0.014709443463945981,2021
2021-02-26,-0.012726308073413017,2021
2021-03-01,0.0002479172208038616,2021
2021-03-02,-0.006691403732415613,2021
2021-03-03,-0.010229772260957004,2021
2021-03-04,-0.007058144641323483,2021
2021-03-05,0.015258045895691463,2021
2021-03-08,0.0045013240495404006,2021
2021-03-09,0.009459777177216022,2021
2021-03-10,0.00937093784706744,2021
2021-03-11,0.008062692322068132,2021
2021-03-12,0.017934788647307576,2021
2021-03-15,0.014047907420742689,2021
2021-03-16,-0.0025829534866395054,2021
2021-03-17,-0.001176867671897952,2021
2021-03-18,-0.008720271704438898,2021
2021-03-19,-0.01521648383833385,2021
2021-03-22,0.011105746316661058,2021
2021-03-23,0.0014327075756326302,2021
2021-03-24,-0.0038151899792908672,2021
2021-03-25,0.007180684983778107,2021
2021-03-26,0.021150199146493076,2021
2021-03-29,-0.003955996980826604,2021
2021-03-30,-0.0014019708106283169,2021
2021-03-31,-0.006317545134942537,2021
2021-04-01,0.01860138743117834,2021
2021-04-05,0.00277400817330431,2021
2021-04-06,0.003918963752078897,2021
2021-04-07,0.00022946039667326446,2021
2021-04-08,-0.003902533394792518,2021
2021-04-09,-0.0011523636810867322,2021
2021-04-12,0.006460301343653718,2021
2021-04-13,0.0073362654777489045,2021
2021-04-14,-0.0072828366546194845,2021
2021-04-15,0.019487010529386062,2021
2021-04-16,0.0,2021
2021-04-19,0.0031481862224140844,2021
2021-04-20,0.012104862544518813,2021
2021-04-21,0.0037649866170190727,2021
2021-04-22,-0.0030890275984805093,2021
2021-04-23,0.005090490773065115,2021
2021-04-26,0.0011012160224435075,2021
2021-04-27,-0.0008799584200950283,2021
2021-04-28,-0.001100746672781705,2021
2021-04-29,0.013665276066097132,2021
2021-04-30,0.005001395561174737,2021
2021-05-03,-0.0025964670306193316,2021
2021-05-04,-0.004772246198293084,2021
2021-05-05,-0.017436825204216855,2021
2021-05-06,0.006876650046933941,2021
2021-05-07,0.01233773654430581,2021
2021-05-10,-0.00021769970332530253,2021
2021-05-11,-0.012407548581319316,2021
2021-05-12,-0.02270211723619986,2021
2021-05-13,0.012629435038579384,2021
2021-05-14,0.010467837599091423,2021
2021-05-17,0.00044073844693626185,2021
2021-05-18,0.0017626310639098364,2021
2021-05-19,-0.003518946040372839,2021
2021-05-20,0.013242050972363861,2021
2021-05-21,-0.0019602195813942513,2021
2021-05-24,0.010694067185547107,2021
2021-05-25,0.0028072062825004185,2021
2021-05-26,0.001507264406609421,2021
2021-05-27,-0.004515098690258124,2021
2021-05-28,0.00712744696218226,2021
2021-06-01,0.015655134786779046,2021
2021-06-02,0.014780391626268319,2021
2021-06-03,-0.0029131298879730982,2021
2021-06-04,0.002733959433046884,2021
2021-06-07,0.009781501164451756,2021
2021-06-08,0.00906825726715943,2021
2021-06-09,0.0014296549080907717,2021
2021-06-10,0.008566208760038219,2021
2021-06-11,-0.00424646562750286,2021
2021-06-14,0.0052800097746188435,2021
2021-06-15,-0.010302992967895941,2021
2021-06-16,-0.008777283783947154,2021
2021-06-17,0.002883286917385375,2021
2021-06-18,-0.017043419104126545,2021
2021-06-21,0.019845315176944434,2021
2021-06-22,-0.0034820967913812284,2021
2021-06-23,-0.0047277331581984106,2021
2021-06-24,-0.0043369040879107645,2021
2021-06-25,0.0072599072214007965,2021
2021-06-28,-0.002471191792889571,2021
2021-06-29,-0.002270702535415836,2021
2021-06-30,-0.006828143970915246,2021
2021-07-01,0.0031251083169496763,2021
2021-07-02,0.005607178300781612,2021
2021-07-06,0.009913455530031312,2021
2021-07-07,0.004089980842566732,2021
2021-07-08,-0.002036660518778821,2021
2021-07-09,0.014489758439551803,2021
2021-07-12,0.009253633105840153,2021
2021-07-13,-0.012955954825461968,2021
2021-07-14,0.007875650535599465,2021
2021-07-15,0.0026046687123124634,2021
2021-07-16,0.0017987059281534545,2021
2021-07-19,-0.017155461499289593,2021
2021-07-20,0.020499253811312235,2021
2021-07-21,-0.0019889654675027124,2021
2021-07-22,-0.0071739297127748625,2021
2021-07-23,0.008430164723042699,2021
2021-07-26,-0.0017913404192713145,2021
2021-07-27,0.007178425733952665,2021
2021-07-28,-0.004751372831839462,2021
2021-07-29,-0.00059696194936254,2021
2021-07-30,0.004179794311632845,2021
2021-08-02,-0.002180030584955084,2021
2021-08-03,0.0025822147249270344,2021
2021-08-04,-0.002971961704967052,2021
2021-08-05,0.009340040998566668,2021
2021-08-06,-0.001968892432593239,2021
2021-08-09,-0.004931839927681758,2021
2021-08-10,-0.010705833840017887,2021
2021-08-11,0.006412848944143068,2021
2021-08-12,0.0031860444626694573,2021
2021-08-13,0.006947101301840286,2021
2021-08-16,0.0007884274887350884,2021
2021-08-17,0.00019702768218654576,2021
2021-08-18,-0.009649512980014596,2021
2021-08-19,0.00536878119848061,2021
2021-08-20,0.004944928605797649,2021
2021-08-23,-0.004133309259871876,2021
2021-08-24,-0.006126444612952309,2021
2021-08-25,-0.000994131490021366,2021
2021-08-26,0.0019906516472396607,2021
2021-08-27,0.009733852614026928,2021
2021-08-30,0.010426792904637106,2021
2021-08-31,0.006814442803690923,2021
2021-09-01,0.014890763250232197,2021
2021-09-02,0.0059070735203141655,2021
2021-09-03,-0.000424348696954846,2021
2021-09-07,-0.011580783768687763,2021
2021-09-08,0.005467692430153548,2021
2021-09-09,-0.02214020690451113,2021
2021-09-10,-0.013306962955076052,2021
2021-09-13,0.006239962472269545,2021
2021-09-14,-0.0018005081121504896,2021
2021-09-15,0.0010021653785712292,2021
2021-09-16,0.0014014041176231284,2021
2021-09-17,-0.00959631010547235,2021
2021-09-20,-0.004036873026699195,2021
2021-09-21,0.0006076316817191785,2021
2021-09-22,0.00810226516768675,2021
2021-09-23,-0.004420313484567617,2021
2021-09-24,-0.012714455452658924,2021
2021-09-27,-0.014717774325737287,2021
2021-09-28,-0.005809244615628151,2021
2021-09-29,0.007721157294450887,2021
2021-09-30,-0.015323995608429675,2021
2021-10-01,0.013249237527221736,2021
2021-10-04,0.000622576245908224,2021
2021-10-05,-0.00788210826674085,2021
2021-10-06,0.009826231247499928,2021
2021-10-07,0.0016562884249646803,2021
2021-10-08,-0.010334842240092512,2021
2021-10-11,0.002297717081344741,2021
2021-10-12,0.012710960592586584,2021
2021-10-13,0.004938191951997961,2021
2021-10-14,0.011465930982607064,2021
2021-10-15,-0.0014168022571372507,2021
2021-10-18,0.0020268749054228596,2021
2021-10-19,0.0032370538819375128,2021
2021-10-20,0.0143174025581978,2021
2021-10-21,0.0017892105825949578,2021
2021-10-22,0.003572230783451813,2021
2021-10-25,0.002372810230986566,2021
2021-10-26,0.0033537400577081655,2021
2021-10-27,-0.006291581505767363,2021
2021-10-28,0.015037651166800448,2021
2021-10-29,-0.01267072951558823,2021
2021-11-01,0.005330640287922073,2021
2021-11-02,0.0066771828223939345,2021
2021-11-03,0.004682135525801989,2021
2021-11-04,-0.011456248363694743,2021
2021-11-05,0.004714125079981812,2021
2021-11-08,-0.0017596754216047117,2021
2021-11-09,0.002937896196513412,2021
2021-11-10,-0.0023435507074550666,2021
2021-11-11,0.0013702330772205062,2021
2021-11-12,-0.00039087472603427376,2021
2021-11-15,0.009190433491738759,2021
2021-11-16,-0.006394178554675167,2021
2021-11-17,0.0058501898515705975,2021
2021-11-18,-0.0031019280861762644,2021
2021-11-19,-0.0056397141312115595,2021
2021-11-22,-0.005476346712441238,2021
2021-11-23,0.009832833672005048,2021
2021-11-24,0.012853207628897634,2021
2021-11-26,-0.027494874484677134,2021
2021-11-29,0.01126937051167709,2021
2021-11-30,-0.022287376343424703,2021
2021-12-01,-0.013397230508878755,2021
2021-12-02,0.02877978579138185,2021
2021-12-03,-0.00453147718225233,2021
2021-12-06,0.01563455528173696,2021
2021-12-07,0.01617309244427889,2021
2021-12-08,0.006519695195424502,2021
2021-12-09,-0.012764442895981776,2021
2021-12-10,0.0030875613906089505,2021
2021-12-13,0.012119973807904527,2021
2021-12-14,-0.013685489169023013,2021
2021-12-15,0.013875380539106974,2021
2021-12-16,0.0019008932294786174,2021
2021-12-17,-3.8763215473913704e-05,2021
2021-12-20,-0.007934965084887002,2021
2021-12-21,0.009364115099972814,2021
2021-12-22,0.010050145803436772,2021
2021-12-23,-0.002487465196121308,2021
2021-12-27,0.018607119926510096,2021
2021-12-28,0.0035783384894396697,2021
2021-12-29,0.0067555755850319255,2021
2021-12-30,0.004473249586737671,2021
2021-12-31,0.0,2021
2022-01-03,0.0,2022
2022-01-04,-0.0035506425660540852,2022
2022-01-05,-0.029445019802589623,2022
2022-01-06,-0.0007728504635425848,2022
2022-01-07,-0.00638164295858179,2022
2022-01-10,-0.007395963238163383,2022
2022-01-11,0.0,2022
2022-01-12,0.0021568608580255777,2022
2022-01-13,-0.0017607123012978176,2022
2022-01-14,-0.008820255481988948,2022
2022-01-18,-0.00889854860471273,2022
2022-01-19,-0.01296876423515858,2022
2022-01-20,-0.010511510748178798,2022
2022-01-21,0.00040868109545577624,2022
2022-01-24,0.0012251374596941034,2022
2022-01-25,-0.004079131511038114,2022
2022-01-26,-0.014949710732641397,2022
2022-01-27,-0.017671499456800688,2022
2022-01-28,0.032169173486556346,2022
2022-01-31,0.015378393923787925,2022
2022-02-01,-0.00726978270546208,2022
2022-02-02,0.013221916777048426,2022
2022-02-03,-0.010238800161446293,2022
2022-02-04,-0.010344617093291819,2022
2022-02-07,-0.0012299620544918843,2022
2022-02-08,-0.00410434587973163,2022
2022-02-09,0.023490809478746932,2022
2022-02-10,-0.026172713960015193,2022
2022-02-11,-0.011163830652365148,2022
2022-02-14,-0.010662855453565268,2022
2022-02-15,0.00697389290157413,2022
2022-02-16,0.004406818176142968,2022
2022-02-17,-0.010864910388807214,2022
2022-02-18,-0.004647228403829806,2022
2022-02-22,-0.0031832533977658173,2022
2022-02-23,-0.017458039010291415,2022
2022-02-24,0.017334868566930117,2022
2022-02-25,0.02491989028308339,2022
2022-02-28,-0.014339037269627708,2022
2022-03-01,-0.0029517155448517407,2022
2022-03-02,0.02072317773983534,2022
2022-03-03,0.00766520940486437,2022
2022-03-04,0.006784635179335474,2022
2022-03-07,-0.016949236625262154,2022
2022-03-08,-0.003946921099786671,2022
2022-03-09,0.013347432457121888,2022
2022-03-10,0.0053507877517458,2022
2022-03-11,-0.010440113288732622,2022
2022-03-14,-0.007447344343241791,2022
2022-03-15,0.007294803429041208,2022
2022-03-16,0.010138620889869498,2022
2022-03-17,0.013314304870222893,2022
2022-03-18,0.0028298949229759174,2022
2022-03-21,-0.007055022882478834,2022
2022-03-22,0.001015122057708595,2022
2022-03-23,-0.009328827729632061,2022
2022-03-24,0.007164783629522331,2022
2022-03-25,0.012398261969966962,2022
2022-03-28,0.009636711014628263,2022
2022-03-29,0.0278385117881379,2022
2022-03-30,-0.0044495995638546,2022
2022-03-31,-0.011853760458966578,2022
2022-04-01,0.01927225342479444,2022
2022-04-04,-0.005016395449832234,2022
2022-04-05,-0.0019390140706143644,2022
2022-04-06,0.012628607267016756,2022
2022-04-07,-0.006907131461987626,2022
2022-04-08,0.0001933907860736106,2022
2022-04-11,-0.011010321757667585,2022
2022-04-12,-0.0009766583874387669,2022
2022-04-13,0.007624723707478243,2022
2022-04-14,-0.00407440512492363,2022
2022-04-18,-0.0027276401122273697,2022
2022-04-19,0.020707345023240675,2022
2022-04-20,0.015885055996696318,2022
2022-04-21,-0.006593814489224359,2022
2022-04-22,-0.016878515475921452,2022
2022-04-25,-0.0025077138908948804,2022
2022-04-26,-0.017404646403671897,2022
2022-04-27,-0.004526663561787769,2022
2022-04-28,0.020956879418497998,2022
2022-04-29,-0.045313762805307856,2022
2022-05-02,-0.02454348776863291,2022
2022-05-03,0.01289247995028342,2022
2022-05-04,0.010470220463139501,2022
2022-05-05,-0.027021707477624446,2022
2022-05-06,-0.010440376246114935,2022
2022-05-09,-0.04346924551716602,2022
2022-05-10,-0.01632471369025945,2022
2022-05-11,0.0024668071780908907,2022
2022-05-12,0.006487800906788133,2022
2022-05-13,0.029561985398190993,2022
2022-05-16,-0.006260575042557059,2022
2022-05-17,0.011731359124867335,2022
2022-05-18,-0.028129776737968792,2022
2022-05-19,-0.001767454088367204,2022
2022-05-20,0.004869406434784507,2022
2022-05-23,0.011453624032440546,2022
2022-05-24,0.009364103410122393,2022
2022-05-25,0.008845624407745056,2022
2022-05-26,0.0012834651204436387,2022
2022-05-27,0.028192944134463938,2022
2022-05-31,-0.014333181563005115,2022
2022-06-01,-0.007165430564242348,2022
2022-06-02,0.01082571676817401,2022
2022-06-03,-0.015119683438655662,2022
2022-06-06,-0.0008528776533898164,2022
2022-06-07,0.012804085118917063,2022
2022-06-08,-0.021281058795274976,2022
2022-06-09,-0.022174466489073397,2022
2022-06-10,-0.023777941414365955,2022
2022-06-13,-0.049616549076988425,2022
2022-06-14,-0.009017668616120189,2022
2022-06-15,0.02442514543511809,2022
2022-06-16,-0.025946683018236882,2022
2022-06-17,0.0057596534189918724,2022
2022-06-21,0.015270685670786044,2022
2022-06-22,0.014806331418626861,2022
2022-06-23,0.02037989922400074,2022
2022-06-24,0.02133429474715176,2022
2022-06-27,-0.002888886342633068,2022
2022-06-28,-0.011366158885348088,2022
2022-06-29,-0.008340840152803786,2022
2022-06-30,-0.0011366209347205558,2022
2022-07-01,0.01957201333317382,2022
2022-07-05,-0.0046872750359748805,2022
2022-07-06,-0.0013457030233676726,2022
2022-07-07,0.003368735281893409,2022
2022-07-08,-0.0047001952737061314,2022
2022-07-11,-0.0011244638561684894,2022
2022-07-12,-0.005628090427145516,2022
2022-07-13,-0.0033959670660225205,2022
2022-07-14,-0.010676955395759968,2022
2022-07-15,0.017221454858542984,2022
2022-07-18,-0.00699762526612091,2022
2022-07-19,0.025005660563851784,2022
2022-07-20,-0.0028831201075004698,2022
2022-07-21,0.007339961448716625,2022
2022-07-22,0.004857579669933276,2022
2022-07-25,0.0015380130414093252,2022
2022-07-26,0.0010971889468791574,2022
2022-07-27,0.005259474545831644,2022
2022-07-28,0.033355321402851024,2022
2022-07-29,0.0016875527556354797,2022
2022-08-01,-0.00821376913441385,2022
2022-08-02,-0.011042777880079346,2022
2022-08-03,0.0034354719989337923,2022
2022-08-04,0.0,2022
2022-08-05,0.0023540525606846607,2022
2022-08-08,0.007258958749045696,2022
2022-08-09,0.005298744795200205,2022
2022-08-10,0.01602349414214399,2022
2022-08-11,-0.006432761714049162,2022
2022-08-12,0.01796165740175537,2022
2022-08-15,0.0036929597671335745,2022
2022-08-16,-0.004292617551146627,2022
2022-08-17,-0.004516623566627298,2022
2022-08-18,-0.00659919050693214,2022
2022-08-19,-0.010380099669623943,2022
2022-08-22,-0.020557881828346725,2022
2022-08-23,-0.014135669552323593,2022
2022-08-24,0.007603620794374377,2022
2022-08-25,0.015308414721553643,2022
2022-08-26,-0.025270731516520817,2022
2022-08-29,-0.008061209500066946,2022
2022-08-30,-0.014056544797253379,2022
2022-08-31,-0.003787031210067404,2022
2022-09-01,0.0008943426260192844,2022
2022-09-02,-0.014298578881492219,2022
2022-09-06,0.008839633977303807,2022
2022-09-07,0.022017504532075405,2022
2022-09-08,0.0013190790402231034,2022
2022-09-09,0.010608717723884942,2022
2022-09-12,0.008861797382871961,2022
2022-09-13,-0.03490982142780885,2022
2022-09-14,-0.00933487533717503,2022
2022-09-15,-0.01766777626466709,2022
2022-09-16,0.00023972536952543422,2022
2022-09-19,-0.0028769241049330097,2022
2022-09-20,-0.023082595197826405,2022
2022-09-21,-0.01476745033875515,2022
2022-09-22,-0.012990215436125552,2022
2022-09-23,-0.01265497579609609,2022
2022-09-26,-0.02691636301822975,2022
2022-09-27,-0.015015870897099437,2022
2022-09-28,0.021931167049714206,2022
2022-09-29,-0.02852670680136582,2022
2022-09-30,0.010775976276762966,2022
2022-10-03,0.017590676451946896,2022
2022-10-04,0.017024642574995807,2022
2022-10-05,-0.019057445037727883,2022
2022-10-06,-0.02966673278617571,2022
2022-10-07,-0.02272719257392719,2022
2022-10-10,-0.011074378993999878,2022
2022-10-11,0.010078760511370355,2022
2022-10-12,-0.01330403797370161,2022
2022-10-13,0.017696716673786472,2022
2022-10-14,-0.02566930994313632,2022
2022-10-17,0.040510104313090656,2022
2022-10-18,0.012251401207273416,2022
2022-10-19,-0.025551415715144743,2022
2022-10-20,-0.004968310511459073,2022
2022-10-21,0.006934787320632241,2022
2022-10-24,-0.001377392392565957,2022
2022-10-25,0.03889679897245779,2022
2022-10-26,0.0,2022
2022-10-27,-0.0005312617188928392,2022
2022-10-28,0.022848085361374837,2022
2022-10-31,-0.00129862255273272,2022
2022-11-01,-0.002340757340030364,2022
2022-11-02,-0.028936169055988614,2022
2022-11-03,0.0002682364351480615,2022
2022-11-04,0.01261397229929373,2022
2022-11-07,0.0007951002028516729,2022
2022-11-08,0.007415395190659924,2022
2022-11-09,-0.00972673592630302,2022
2022-11-10,0.07539166069874037,2022
2022-11-11,0.0007407703824766632,2022
2022-11-14,-0.02664051082921126,2022
2022-11-15,0.0111505279227464,2022
2022-11-16,-0.0062654619993430805,2022
2022-11-17,-0.008323238283560852,2022
2022-11-18,0.015768163965567128,2022
2022-11-21,0.005007563860235376,2022
2022-11-22,0.0054808153749068556,2022
2022-11-23,0.0022299832927414887,2022
2022-11-25,0.005191560667225259,2022
2022-11-28,-0.02508610826991453,2022
2022-11-29,0.017911178952575657,2022
2022-11-30,0.023296344119974277,2022
2022-12-01,-0.0026640820620388306,2022
2022-12-02,-0.003885306176054204,2022
2022-12-05,-0.01608993465067332,2022
2022-12-06,-0.008176409670526685,2022
2022-12-07,0.0009991425940361065,2022
2022-12-08,0.007486917825954897,2022
2022-12-09,-0.002229196271773093,2022
2022-12-12,0.007199471404103486,2022
2022-12-13,0.018486731067022255,2022
2022-12-14,-0.01089075098908543,2022
2022-12-15,-0.013212589727894297,2022
2022-12-16,-0.027788515364516986,2022
2022-12-19,-0.01227657786991887,2022
2022-12-20,-0.0016211289816139285,2022
2022-12-21,0.007307017828826812,2022
2022-12-22,-0.00214922889719793,2022
2022-12-23,0.008615858993281211,2022
2022-12-27,-0.0002669324019538566,2022
2022-12-28,-0.01655513492817484,2022
2022-12-29,0.021992782017620893,2022
2022-12-30,-0.00823575269299226,2022
2022-12-31,0.0,2022
2023-01-03,0.0,2023
2023-01-04,0.02353584396065589,2023
2023-01-05,-0.026652838908112098,2023
2023-01-06,0.028456413576466666,2023
2023-01-09,-0.00026118718264989127,2023
2023-01-10,0.0028722721191032363,2023
2023-01-11,0.036188326047426944,2023
2023-01-12,0.009798922799083565,2023
2023-01-13,-0.006469035930272371,2023
2023-01-17,0.0022539536075112387,2023
2023-01-18,-0.015492392456134318,2023
2023-01-19,-0.004568432210453444,2023
2023-01-20,0.013768311194415794,2023
2023-01-23,0.003772652004039756,2023
2023-01-24,0.00476065628844724,2023
2023-01-25,0.0004988305834205953,2023
2023-01-26,0.01046863873712467,2023
2023-01-27,0.008880155774799725,2023
2023-01-30,-0.011246916849432353,2023
2023-01-31,0.02274969765676005,2023
2023-02-01,0.004835573736612808,2023
2023-02-02,0.024783477405617704,2023
2023-02-03,-0.019722915808952468,2023
2023-02-06,-0.005508968782582557,2023
2023-02-07,0.0002408851481869867,2023
2023-02-08,-0.0040935159693041845,2023
2023-02-09,-0.012330806119153381,2023
2023-02-10,0.0019584665812106827,2023
2023-02-13,0.009039898662474899,2023
2023-02-14,-0.008474574412242863,2023
2023-02-15,0.002441828078047381,2023
2023-02-16,-0.008526076827271467,2023
2023-02-17,-0.0036855189987585746,2023
2023-02-21,-0.017509171920490618,2023
2023-02-22,-0.011044297709642437,2023
2023-02-23,0.008629631290259843,2023
2023-02-24,-0.015098312685678406,2023
2023-02-27,0.002299679044844405,2023
2023-02-28,-0.0035687885493939087,2023
2023-03-01,-0.014581793598736681,2023
2023-03-02,0.011682408665109723,2023
2023-03-03,0.016679291750796743,2023
2023-03-06,-0.004543293220479083,2023
2023-03-07,-0.023833582175261325,2023
2023-03-08,0.011688478390621704,2023
2023-03-09,-0.02284986080078133,2023
2023-03-10,-0.029427439601682592,2023
2023-03-13,0.015972058171554337,2023
2023-03-14,0.011724022396669698,2023
2023-03-15,-0.0007902199308282842,2023
2023-03-16,-0.0018450062247394872,2023
2023-03-17,-0.021653212962682744,2023
2023-03-20,0.011066378649356778,2023
2023-03-21,-0.006406799707202704,2023
2023-03-22,-0.03788289065635686,2023
2023-03-23,-0.004467959636825558,2023
2023-03-24,0.025245289251998093,2023
2023-03-27,-0.0013680154190339744,2023
2023-03-28,-0.0024655776261690576,2023
2023-03-29,0.021147955445092403,2023
2023-03-30,0.013179040483446203,2023
2023-03-31,0.02176805627010414,2023
2023-04-03,-0.010652122080563764,2023
2023-04-04,-0.0005251725991939349,2023
2023-04-05,-0.0065685829372633675,2023
2023-04-06,0.0071409373267186105,2023
2023-04-10,0.004464145520985507,2023
2023-04-11,0.0044445423409833484,2023
2023-04-12,-0.005205486558309436,2023
2023-04-13,-0.002616599752443438,2023
2023-04-14,-0.015215035428294388,2023
2023-04-17,0.022642467224769147,2023
2023-04-18,0.0,2023
2023-04-19,0.00494938347745788,2023
2023-04-20,-0.012960212954013728,2023
2023-04-21,0.0021006903967759616,2023
2023-04-24,-0.0031444301210054038,2023
2023-04-25,-0.008412132513607506,2023
2023-04-26,-0.009013921763580734,2023
2023-04-27,0.0224720026989087,2023
2023-04-28,0.010988936753614897,2023
2023-05-01,-0.006987489081682008,2023
2023-05-02,-0.018504133561206837,2023
2023-05-03,-0.0018588439300587511,2023
2023-05-04,0.007980819378342163,2023
2023-05-05,0.01530763357724596,2023
2023-05-08,-0.006758501465760847,2023
2023-05-09,-0.004449075687632975,2023
2023-05-10,0.01051509121890759,2023
2023-05-11,-0.011446418818239157,2023
2023-05-12,0.0002631987372181399,2023
2023-05-15,0.00026301031090980587,2023
2023-05-16,-0.024460675762341677,2023
2023-05-17,0.012132639131276823,2023
2023-05-18,-0.0055938750992227115,2023
2023-05-19,-0.0026788616736884707,2023
2023-05-22,0.005640452555081943,2023
2023-05-23,-0.011752084984404054,2023
2023-05-24,-0.020810733352815025,2023
2023-05-25,0.0046920337509863685,2023
2023-05-26,0.013186931475082542,2023
2023-05-30,0.001084705535271402,2023
2023-05-31,0.004062732246940426,2023
2023-06-01,0.0005395424233025636,2023
2023-06-02,0.023123818879895675,2023
2023-06-05,-0.007137353910802835,2023
2023-06-06,0.006389707987171089,2023
2023-06-07,0.01507962286965836,2023
2023-06-08,-0.006254818539297213,2023
2023-06-09,-0.005245393138615495,2023
2023-06-12,0.0013182630928358918,2023
2023-06-13,0.004475932145030281,2023
2023-06-14,0.004456224178567059,2023
2023-06-15,0.004175202237647335,2023
2023-06-16,-0.000519744969393221,2023
2023-06-20,-0.011960468039550753,2023
2023-06-21,-0.006315721926658857,2023
2023-06-22,-0.01324156228825446,2023
2023-06-23,-0.013150751537739702,2023
2023-06-26,0.019581214310131045,2023
2023-06-27,0.013336805484247982,2023
2023-06-28,0.0010527784698304288,2023
2023-06-29,0.01209582284521682,2023
2023-06-30,0.005455962679127069,2023
2023-07-03,0.010594376541896766,2023
2023-07-05,0.003579493044858717,2023
2023-07-06,-0.006369186396004145,2023
2023-07-07,-0.004102751022272089,2023
2023-07-10,0.003347319737571741,2023
2023-07-11,0.012060253527201192,2023
2023-07-12,0.004563960421251068,2023
2023-07-13,0.00530046753210045,2023
2023-07-14,-0.001506499272315942,2023
2023-07-17,-0.00880056581229749,2023
2023-07-18,-0.006342061935336929,2023
2023-07-19,0.010977844985335494,2023
2023-07-20,-0.002525111425787152,2023
2023-07-21,0.004303693567323741,2023
2023-07-24,0.006049732863320889,2023
2023-07-25,-0.008017729476136659,2023
2023-07-26,0.005304140920906031,2023
2023-07-27,-0.024120572683485997,2023
2023-07-28,0.0010300876272060222,2023
2023-07-31,0.007201451323856745,2023
2023-08-01,-0.0007660219728266027,2023
2023-08-02,-0.005622454829718793,2023
2023-08-03,-0.012593088012351816,2023
2023-08-04,-0.010671469876119555,2023
2023-08-07,0.011838921852993955,2023
2023-08-08,-0.005200152447006889,2023
2023-08-09,0.0005227335387916199,2023
2023-08-10,-0.003657223018410427,2023
2023-08-11,0.0,2023
2023-08-14,-0.0049816520908707584,2023
2023-08-15,-0.010276747661087104,2023
2023-08-16,-0.010915751144750518,2023
2023-08-17,-0.005921995576371408,2023
2023-08-18,0.0032491723613030654,2023
2023-08-21,-0.009176569497230225,2023
2023-08-22,0.003813695204770484,2023
2023-08-23,0.01573937593809127,2023
2023-08-24,-0.0034731127974769738,2023
2023-08-25,0.0016085618540579993,2023
2023-08-28,0.007762531772527392,2023
2023-08-29,0.01062399406261938,2023
2023-08-30,0.0036792110571435277,2023
2023-08-31,-0.006284182888912637,2023
2023-09-01,-0.0018444529217700456,2023
2023-09-05,-0.01135175202300931,2023
2023-09-06,0.0,2023
2023-09-07,0.004272377591242327,2023
2023-09-08,-0.006633649600471858,2023
2023-09-11,0.0014089437895246082,2023
2023-09-12,0.0014068407632110702,2023
2023-09-13,-0.011239095533005061,2023
2023-09-14,0.01875527890861095,2023
2023-09-15,-0.003347293451503419,2023
2023-09-18,-0.008676246606423521,2023
2023-09-19,-0.0050817738511026445,2023
2023-09-20,0.002270095540110484,2023
2023-09-21,-0.031143829338132978,2023
2023-09-22,-0.008182319135830118,2023
2023-09-25,-0.00029460715349394206,2023
2023-09-26,-0.01709414675949461,2023
2023-09-27,-0.007496185538003908,2023
2023-09-28,0.010574157117425154,2023
2023-09-29,0.0023915101837310715,2023
2023-10-02,-0.016104916037885997,2023
2023-10-03,-0.0200061398321415,2023
2023-10-04,0.013300359570839637,2023
2023-10-05,0.005494396138871371,2023
2023-10-06,0.0015180802610303967,2023
2023-10-09,0.012124738192460516,2023
2023-10-10,0.005390921455997066,2023
2023-10-11,0.016085790199573236,2023
2023-10-12,-0.012899430793729127,2023
2023-10-13,-0.002079105773670209,2023
2023-10-16,0.009523847823465603,2023
2023-10-17,-0.0008844691007102723,2023
2023-10-18,-0.01976970155777913,2023
2023-10-19,-0.023479922382449447,2023
2023-10-20,-0.004932202056318391,2023
2023-10-23,-0.008674003304875777,2023
2023-10-24,0.012500048592682278,2023
2023-10-25,-0.020987801098365844,2023
2023-10-26,0.017339321139051567,2023
2023-10-27,-0.01704379333302275,2023
2023-10-30,0.009773019051291465,2023
2023-10-31,0.019356863110629785,2023
2023-11-01,0.005513104445496353,2023
2023-11-02,0.030764500884828072,2023
2023-11-03,0.02038999259594365,2023
2023-11-06,-0.013321616234194922,2023
2023-11-07,-0.009098980703649118,2023
2023-11-08,0.00562801601825802,2023
2023-11-09,-0.01502211808788434,2023
2023-11-10,0.010466516057408448,2023
2023-11-13,-0.008286634583611119,2023
2023-11-14,0.05073126721793053,2023
2023-11-15,0.0017040071274205815,2023
2023-11-16,0.00028355861131568183,2023
2023-11-17,-0.000850373892767653,2023
2023-11-20,0.006808537772508005,2023
2023-11-21,-0.00507169000190788,2023
2023-11-22,0.003681477960727708,2023
2023-11-24,0.004232613326907053,2023
2023-11-27,0.004776550818189396,2023
2023-11-28,0.006152209609840753,2023
2023-11-29,0.006392375597668254,2023
2023-11-30,0.008837491024913602,2023
2023-12-01,0.01943594804335924,2023
2023-12-04,0.005907476564356529,2023
2023-12-05,-0.005872783235028045,2023
2023-12-06,-0.005639206219264503,2023
2023-12-07,0.0005401627137366916,2023
2023-12-08,-0.0013493882946730151,2023
2023-12-11,0.0010809692830358042,2023
2023-12-12,0.000540132642865343,2023
2023-12-13,0.033998643452575195,2023
2023-12-14,0.024791471563632594,2023
2023-12-15,-0.012281884531628484,2023
2023-12-18,-0.0031479662468124614,2023
2023-12-19,0.00684211384641098,2023
2023-12-20,-0.013591124730112925,2023
2023-12-21,0.009803838337983262,2023
2023-12-22,0.003935962647680258,2023
2023-12-26,0.007056978884486975,2023
2023-12-27,0.004671757552654698,2023
2023-12-28,0.005941540348446406,2023
2023-12-29,-0.01129929924207973,2023
2023-12-30,0.0,2023
2023-12-31,0.0,2023
2024-01-02,0.0,2024
2024-01-03,-0.02446561170543382,2024
2024-01-04,-0.0015840108940953224,2024
2024-01-05,-0.002644132296903967,2024
2024-01-08,0.01299038476153691,2024
2024-01-09,-0.006019289042713871,2024
2024-01-10,0.0015797293814348023,2024
2024-01-11,-0.00867514021923077,2024
2024-01-12,0.007160016594576879,2024
2024-01-16,-0.006055851292321224,2024
2024-01-17,-0.01774823609817544,2024
2024-01-18,-0.005933158792548854,2024
2024-01-19,0.011394337211352967,2024
2024-01-22,0.004560169678207604,2024
2024-01-23,-0.006408569314198642,2024
2024-01-24,-0.013437394352091125,2024
2024-01-25,0.01253082982396525,2024
2024-01-26,-0.004573664511738684,2024
2024-01-29,0.007026921587836021,2024
2024-01-30,-0.008319768391080395,2024
2024-01-31,-0.007848540767664947,2024
2024-02-01,0.020185779177446905,2024
2024-02-02,-0.012299754755618508,2024
2024-02-05,-0.020032431602107215,2024
2024-02-06,0.012983369566786918,2024
2024-02-07,-0.0027269398549962798,2024
2024-02-08,0.007109661168862136,2024
2024-02-09,0.0016290557989384613,2024
2024-02-12,-0.0021685417231153137,2024
2024-02-13,-0.01765838010308529,2024
2024-02-14,0.00746704807122045,2024
2024-02-15,0.02058724519806643,2024
2024-02-16,-0.009682436536573857,2024
2024-02-20,-0.0016297270270202446,2024
2024-02-21,0.007073028749467802,2024
2024-02-22,0.003781621170792615,2024
2024-02-23,-0.0016145890234493532,2024
2024-02-26,-0.012129341921584214,2024
2024-02-27,-0.0010912560107075864,2024
2024-02-28,0.009559928905081838,2024
2024-02-29,0.00784653226776899,2024
2024-03-01,0.009664352906305629,2024
2024-03-04,0.009040202453187929,2024
2024-03-05,-0.010013305899496783,2024
2024-03-06,0.0042589208429824055,2024
2024-03-07,0.003710346903524675,2024
2024-03-08,0.011618889988738834,2024
2024-03-11,-0.004437564601690425,2024
2024-03-12,-0.003932866376606614,2024
2024-03-13,-0.005790927380649902,2024
2024-03-14,-0.015621042879904512,2024
2024-03-15,-0.0029586010158774156,2024
2024-03-18,-0.0016183953242465687,2024
2024-03-19,0.0005401497451831272,2024
2024-03-20,0.005401199869441209,2024
2024-03-21,0.006177733752210424,2024
2024-03-22,-0.011745721173437751,2024
2024-03-25,-0.007293354297295274,2024
2024-03-26,-0.00517013554427459,2024
2024-03-27,0.025164134601846744,2024
2024-03-28,0.0069370411271134635,2024
2024-04-01,-0.016958162723654358,2024
2024-04-02,-0.011590388840500898,2024
2024-04-03,0.0008181969202363248,2024
2024-04-04,-0.005449535880256096,2024
2024-04-05,0.003835496382508241,2024
2024-04-08,0.013646437998365846,2024
2024-04-09,0.012654763672257152,2024
2024-04-10,-0.039617229235282325,2024
2024-04-11,0.001107385201865041,2024
2024-04-12,-0.009125938700208058,2024
2024-04-15,-0.016187692828287803,2024
2024-04-16,-0.01446793334808738,2024
2024-04-17,-0.008635672268938133,2024
2024-04-18,0.0002904733908379864,2024
2024-04-19,0.004644389066981169,2024
2024-04-22,0.006934255846311466,2024
2024-04-23,0.007747671298414582,2024
2024-04-24,0.0002847891390005408,2024
2024-04-25,-0.005978029178225763,2024
2024-04-26,0.0,2024
2024-04-29,0.01030944014703361,2024
2024-04-30,-0.019274609442494928,2024
2024-05-01,0.0005781994852189776,2024
2024-05-02,0.017042126939077473,2024
2024-05-03,0.005964208284829908,2024
2024-05-06,-0.0005645161098353224,2024
2024-05-07,0.009886934163202854,2024
2024-05-08,-0.009230834541544941,2024
2024-05-09,0.02173928567942962,2024
2024-05-10,-0.0019344083437464743,2024
2024-05-13,0.0024918501327799714,2024
2024-05-14,0.006351754005952337,2024
2024-05-15,0.015916656466722356,2024
2024-05-16,0.0008103473937413064,2024
2024-05-17,0.0018893933971930732,2024
2024-05-20,-0.006196267180306081,2024
2024-05-21,-0.0005422497089050404,2024
2024-05-22,-0.007051469979542313,2024
2024-05-23,-0.021032764808130655,2024
2024-05-24,-0.0005579006936765607,2024
2024-05-28,-0.006141863319826246,2024
2024-05-29,-0.008988719870629547,2024
2024-05-30,0.018140499610571625,2024
2024-05-31,0.018374412739173396,2024
2024-06-03,-0.003554088492527807,2024
2024-06-04,0.008779222341349646,2024
2024-06-05,-0.0021757332537502005,2024
2024-06-06,0.002180477390918645,2024
2024-06-07,-0.008408853034188812,2024
2024-06-10,0.0038545347583367473,2024
2024-06-11,-0.0024684088927220404,2024
2024-06-12,0.007423666501937598,2024
2024-06-13,0.005185574191968856,2024
2024-06-14,0.0013576629452083377,2024
2024-06-17,-0.0035248871998520004,2024
2024-06-18,0.005169937867729457,2024
2024-06-20,-0.0016241849517735218,2024
2024-06-21,0.0035247733321945862,2024
2024-06-24,0.006755073141285539,2024
2024-06-25,-0.0131509173227774,2024
2024-06-26,-0.002175782583917374,2024
2024-06-27,0.01008472247355141,2024
2024-06-28,0.008094968514404721,2024
2024-07-01,-0.007762443030493338,2024
2024-07-02,0.004316235598198714,2024
2024-07-03,0.0,2024
2024-07-05,0.0037603199560001244,2024
2024-07-08,0.0005353527203537656,2024
2024-07-09,0.0005348416421726565,2024
2024-07-10,0.008019121873769519,2024
2024-07-11,0.024927255923843816,2024
2024-07-12,0.006985628465352223,2024
2024-07-15,0.004881902626732382,2024
2024-07-16,0.012528738939830086,2024
2024-07-17,0.006565759934166415,2024
2024-07-18,-0.007526330250794744,2024
2024-07-19,-0.0007584679308718645,2024
2024-07-22,0.008854092690011361,2024
2024-07-23,-0.0010031057738498772,2024
2024-07-24,-0.013554155273859503,2024
2024-07-25,-0.006361349257436588,2024
2024-07-26,0.01613316040891033,2024
2024-07-29,0.006300429257224183,2024
2024-07-30,0.010017655945072645,2024
2024-07-31,-0.004711222716663133,2024
2024-08-01,0.017189872090771496,2024
2024-08-02,0.003918653686357798,2024
2024-08-05,-0.029763359190773442,2024
2024-08-06,0.019109718877266202,2024
2024-08-07,-0.006661702216502308,2024
2024-08-08,0.010183797985457987,2024
2024-08-09,0.0036883204047652995,2024
2024-08-12,-0.0061243710999969725,2024
2024-08-13,0.007148051913637987,2024
2024-08-14,0.003426253382624811,2024
2024-08-15,-0.0031706794703830754,2024
2024-08-16,0.0,2024
2024-08-19,0.005872331077363402,2024
2024-08-20,0.0007297687846510303,2024
2024-08-21,0.00291684436535089,2024
2024-08-22,0.005332046292356063,2024
2024-08-23,0.01904528763274227,2024
2024-08-26,-0.00047309512401061404,2024
2024-08-27,0.0021302339052886587,2024
2024-08-28,-0.001653392743063864,2024
2024-08-29,-0.00402180529403573,2024
2024-08-30,0.010213915067779133,2024
2024-09-03,0.003291815201377002,2024
2024-09-04,0.0021090690856433447,2024
2024-09-05,-0.00233866359022028,2024
2024-09-06,0.0005713443070027857,2024
2024-09-09,0.011896439125874014,2024
2024-09-10,0.016223666948916415,2024
2024-09-11,-0.0013881440879977003,2024
2024-09-12,0.002780339036573265,2024
2024-09-13,0.00808686988587315,2024
2024-09-16,0.00206279111512786,2024
2024-09-17,-0.00914915090821411,2024
2024-09-18,-0.003231780321792055,2024
2024-09-19,-0.0016211771763074978,2024
2024-09-20,-0.003479455100545481,2024
2024-09-23,0.010474908193194299,2024
2024-09-24,-0.0009215058743380355,2024
2024-09-25,-0.0048419390638765325,2024
2024-09-26,-0.009731186628006316,2024
2024-09-27,0.001169794212580788,2024
2024-09-30,0.0074782832051150105,2024
2024-10-01,-0.005799059861303357,2024
2024-10-02,-0.004899650507355302,2024
2024-10-03,-0.008440757632166784,2024
2024-10-04,-0.005438742644599981,2024
2024-10-07,-0.0071326346595708134,2024
2024-10-08,0.00023942948054189728,2024
2024-10-09,0.0,2024
2024-10-10,-0.008379213823792142,2024
2024-10-11,0.009898687033551568,2024
2024-10-14,0.005737481929502186,2024
2024-10-15,0.012122694215122909,2024
2024-10-16,0.011037929121697099,2024
2024-10-17,-0.007200767882118209,2024
2024-10-18,0.005849358059583087,2024
2024-10-21,-0.020702613821140137,2024
2024-10-22,0.003087838788845776,2024
2024-10-23,0.011366372492832122,2024
2024-10-24,0.0018731211424423133,2024
2024-10-25,-0.008646903870344502,2024
2024-10-28,0.0014144205389068354,2024
2024-10-29,-0.008239067983967452,2024
2024-10-30,0.004984449604735319,2024
2024-10-31,-0.016060420707685097,2024
2024-11-01,-0.009841561500230633,2024
2024-11-04,0.009454500909813479,2024
2024-11-05,0.012247880756946383,2024
2024-11-06,-0.021352310723401935,2024
2024-11-07,0.008484841923431352,2024
2024-11-08,0.01418255931176704,2024
2024-11-11,-0.004029307080911093,2024
2024-11-12,-0.011185130631288454,2024
2024-11-13,0.0074609219422103745,2024
2024-11-14,-0.01027235384573899,2024
2024-11-15,0.001206782735790668,2024
2024-11-18,0.00819684959855116,2024
2024-11-19,0.006217025569144274,2024
2024-11-20,-0.002376382046528458,2024
2024-11-21,0.005002260098809996,2024
2024-11-22,0.006873765987339908,2024
2024-11-25,0.013888856441776953,2024
2024-11-26,0.003482686416130809,2024
2024-11-27,0.0074039772925689196,2024
2024-11-29,-0.006201165642493733,2024
2024-12-02,-0.012710889733612118,2024
2024-12-03,-0.0037451718915034737,2024
2024-12-04,-0.002349774728646392,2024
2024-12-05,-0.0023552117874338085,2024
2024-12-06,-0.0018885003836840442,2024
2024-12-09,0.0021286561123532444,2024
2024-12-10,-0.014633057096619884,2024
2024-12-11,-0.001676506954626622,2024
2024-12-12,-0.0007197662699172103,2024
2024-12-13,-0.0036014235327685995,2024
2024-12-16,-0.004337428437313107,2024
2024-12-17,-0.0045983027440306135,2024
2024-12-18,-0.03744225066306239,2024
2024-12-19,-0.01591314013268541,2024
2024-12-20,0.01850874614062814,2024
2024-12-23,0.0036553835521495603,2024
2024-12-24,0.007284036948148831,2024
2024-12-26,0.002066177463461827,2024
2024-12-27,-0.009278370133934621,2024
2024-12-30,-0.004422543707596094,2024
2024-12-31,0.0,2024
2025-01-02,0.0,2025
2025-01-03,0.012585170122584755,2025
2025-01-06,-0.015277012172046023,2025
2025-01-07,-0.007888456308461467,2025
2025-01-08,0.004240678076903537,2025
2025-01-10,-0.025336623995500074,2025
2025-01-13,0.011102241911700839,2025
2025-01-14,0.007498510270449454,2025
2025-01-15,0.0045189419469526815,2025
2025-01-16,0.021434182530363444,2025
2025-01-17,-0.00025901048894250156,2025
2025-01-21,0.02047168049206749,2025
2025-01-22,-0.017775569261822666,2025
2025-01-23,0.009565630304923856,2025
2025-01-24,0.004865613067144281,2025
2025-01-27,0.012232374222406639,2025
2025-01-28,-0.00981858502448496,2025
2025-01-29,-0.012967294580149002,2025
2025-01-30,0.013137654415041,2025
2025-01-31,-0.0033054504973956123,2025
2025-02-03,-0.0025511728705973624,2025
2025-02-04,0.001023201690365072,2025
2025-02-05,0.013540913356998807,2025
2025-02-06,0.002520947700069165,2025
2025-02-07,-0.0032687803079971545,2025
2025-02-10,0.0005045307587061565,2025
2025-02-11,0.007312157819674647,2025
2025-02-12,-0.008009951973456109,2025
2025-02-13,0.012616652446408194,2025
2025-02-14,-0.003737926256515145,2025
2025-02-18,0.00225123036013386,2025
2025-02-19,0.0024955825549266564,2025
2025-02-20,0.004480866227280389,2025
2025-02-21,-0.010408813386173943,2025
2025-02-24,0.005509631409836624,2025
2025-02-25,0.013947615575046202,2025
2025-02-26,-0.004175843869674178,2025
2025-02-27,0.0037001230617770275,2025
2025-02-28,0.007864280470862184,2025
2025-03-03,0.005608519335907891,2025
2025-03-04,-0.012124100808195926,2025
2025-03-05,0.011781892593302645,2025
2025-03-06,-0.02595828494488417,2025
2025-03-07,0.0034868541909049977,2025
2025-03-10,-0.010920804159661013,2025
2025-03-11,-0.009284782781352585,2025
2025-03-12,-0.0040527048764688045,2025
2025-03-13,-0.019328605477382244,2025
2025-03-14,0.016338313666930837,2025
2025-03-17,0.01658578474205563,2025
2025-03-18,-0.005020079918959031,2025
2025-03-19,0.0012613772390881461,2025
2025-03-20,-0.0010077903136488375,2025
2025-03-21,-0.009836119698742984,2025
2025-03-24,0.014773315278663102,2025
2025-03-25,-0.0102912089145063,2025
2025-03-26,0.004565061951230964,2025
2025-03-27,-0.001767144770448481,2025
2025-03-28,0.00025285289735110794,2025
2025-03-31,0.008596742644976008,2025
2025-04-01,0.0015041062009237827,2025
2025-04-02,0.005757231030424359,2025
2025-04-03,-0.029367851423137137,2025
2025-04-04,-0.04410260052400583,2025
2025-04-07,-0.02655574410929551,2025
2025-04-08,-0.028382619705031864,2025
2025-04-09,0.06040860623761035,2025
2025-04-10,-0.020861200055122375,2025
2025-04-11,0.013657413968659604,2025
2025-04-14,0.019132302018359137,2025
2025-04-15,0.0029084029311552406,2025
2025-04-16,-0.00026369090879818646,2025
2025-04-17,0.015559235852477205,2025
2025-04-21,-0.02207221277840299,2025
2025-04-22,0.018852887620070646,2025
2025-04-23,0.0018243574130343276,2025
2025-04-24,0.0023412123033825782,2025
2025-04-25,0.0,2025
2025-04-28,0.006488580140387112,2025
2025-04-29,0.0067044552146426906,2025
2025-04-30,0.005635235217551937,2025
2025-05-01,0.003056586549067264,2025
2025-05-02,0.01472829696427147,2025
2025-05-05,-0.003253237881584048,2025
2025-05-06,-0.007029936148788218,2025
2025-05-07,0.0,2025
2025-05-08,-0.007332495009057527,2025
2025-05-09,0.0045848289940113585,2025
2025-05-12,0.004056713847249815,2025
2025-05-13,-0.010353379134684593,2025
2025-05-14,-0.009951674526735843,2025
2025-05-15,0.017783613162284828,2025
2025-05-16,0.012155035293637262,2025
2025-05-19,0.0007504978938428497,2025
2025-05-20,-0.007000059168639661,2025
2025-05-21,-0.02593155477090392,2025
2025-05-22,-0.004135456123098291,2025
2025-05-23,-0.00025937746921345095,2025
2025-05-27,0.0160955220911414,2025
2025-05-28,-0.0007666168641026205,2025
2025-05-29,0.009972032427933541,2025
2025-05-30,0.0015189567991025221,2025
2025-06-02,0.001011001157490865,2025
2025-06-03,-0.0037877528049347076,2025
2025-06-04,0.003802154426026716,2025
2025-06-05,-0.0007575102464447703,2025
2025-06-06,0.00522912892298133,2025
2025-06-09,0.0002526512832337069,2025
2025-06-10,0.0075738121166548655,2025
2025-06-11,-0.00701570219843517,2025
2025-06-12,0.005046693065010599,2025
2025-06-13,-0.008536348013251538,2025
2025-06-16,-0.0012661713800795615,2025
2025-06-17,-0.002281977735529739,2025
2025-06-18,0.0,2025
2025-06-20,0.0027954069859728037,2025
2025-06-23,0.013938173039124147,2025
2025-06-24,0.004249071924475212,2025
2025-06-25,-0.026630297680671156,2025
2025-06-26,-0.004090933381394657,2025
2025-06-27,0.0046213708665932,2025
2025-06-30,0.0061333134850138915,2025
2025-07-01,0.004318043781340819,2025
2025-07-02,0.0015173033783741907,2025
2025-07-03,0.0012627547257730853,2025
2025-07-07,-0.009079465844451073,2025
2025-07-08,-0.0025451321806161387,2025
2025-07-09,0.0,2025
2025-07-10,0.004592968087890226,2025
2025-07-11,0.00025402632225390853,2025
2025-07-14,0.006602300750715884,2025
2025-07-15,-0.01337038888076969,2025
2025-07-16,0.01150616286561812,2025
2025-07-17,-0.0017695433447221243,2025
2025-07-18,0.003038750941654511,2025
2025-07-21,0.0042917800534947315,2025
2025-07-22,0.016591240887577685,2025
2025-07-23,0.0002474033213553106,2025
2025-07-24,-0.005686118517349903,2025
2025-07-25,0.0007459733885775144,2025
2025-07-28,-0.016397601712791476,2025
2025-07-29,0.017176094638686745,2025
2025-07-30,-0.01440276493303505,2025
2025-07-31,-0.012093753923081874,2025
2025-08-01,-0.005355712932732959,2025
2025-08-04,0.00948712434043042,2025
2025-08-05,0.0040639165348428374,2025
2025-08-06,-0.00758914063953553,2025
2025-08-07,0.0017843275935116587,2025
2025-08-08,-0.010178040126970433,2025
2025-08-11,-0.006169679989091015,2025
2025-08-12,0.006466672826479503,2025
2025-08-13,0.008738082390755908,2025
2025-08-14,-0.008917192680746866,2025
2025-08-15,0.00591268659727362,2025
2025-08-18,-0.010733527071073445,2025
2025-08-19,0.01963321456281908,2025
2025-08-20,0.0032934719472013096,2025
2025-08-21,-0.004292864377232641,2025
2025-08-22,0.020289066724495708,2025
2025-08-25,-0.004971327507607315,2025
2025-08-26,-0.004996165080504489,2025
2025-08-27,0.004519067021155676,2025
2025-08-28,-0.002999157951646625,2025
2025-08-29,0.005515129402040575,2025
2025-09-02,-0.018449257483733272,2025
2025-09-03,-0.0007619780425177636,2025
2025-09-04,0.006863233864653484,2025
2025-09-05,0.010888445818684422,2025
2025-09-08,-0.007969143533396505,2025
2025-09-09,-0.0010366046581090638,2025
2025-09-10,-0.0023346054922257498,2025
2025-09-11,0.016900685239140234,2025
2025-09-12,-0.005625176486914296,2025
2025-09-15,-0.0033428031863332874,2025
2025-09-16,-0.005417932298254158,2025
2025-09-17,-0.001037580189167664,2025
2025-09-18,0.0015580870572122762,2025
2025-09-19,-0.004926099993194488,2025
2025-09-22,0.00026049369690750446,2025
2025-09-23,0.005991101881913652,2025
2025-09-24,-0.012687669318185435,2025
2025-09-25,-0.002622623810297986,2025
2025-09-26,0.00894032757652563,2025
2025-09-29,0.0,2025
2025-09-30,0.005994224586793662,2025
2025-10-01,0.0,2025
2025-10-02,-0.0056993989090219355,2025
2025-10-03,0.004950486585127756,2025
2025-10-06,-0.005704031673719023,2025
2025-10-07,-0.003389671507051051,2025
2025-10-08,-0.0026165488864492437,2025
2025-10-09,-0.0034102244761502476,2025
2025-10-10,-0.011582029229722846,2025
2025-10-13,0.0069241871615315365,2025
2025-10-14,0.01216600803103951,2025
2025-10-15,0.015939420800265225,2025
2025-10-16,-0.0020576462631555215,2025
2025-10-17,0.00747423534265601,2025
2025-10-20,0.010488624502423827,2025
2025-10-21,-0.0032911800128293534,2025
2025-10-22,0.004318115101235254,2025
2025-10-23,-0.001517499421809676,2025
2025-10-24,0.004305985858102046,2025
2025-10-27,0.0022698369290348186,2025
2025-10-28,-0.020130883232581942,2025
2025-10-29,-0.024396467352271745,2025
2025-10-30,0.009476076412576528,2025
2025-10-31,-0.0005213950114777433,2025
2025-11-03,-0.0013045703467957637,2025
2025-11-04,0.002351173045368027,2025
2025-11-05,-0.0010424475969379454,2025
2025-11-06,-0.0049570450524919485,2025
2025-11-07,0.013896181604059032,2025
2025-11-10,-0.0023272609663712585,2025
2025-11-11,0.011663948997400642,2025
2025-11-12,-0.00845501049050712,2025
2025-11-13,-0.012403001648686462,2025
2025-11-14,0.0023547627007203253,2025
2025-11-17,-0.006525753121685907,2025
2025-11-18,0.004203956282911481,2025
2025-11-19,-0.00811102885404913,2025
2025-11-20,-0.003429216932336443,2025
2025-11-21,0.01588152226632622,2025
2025-11-24,0.002866034126283612,2025
2025-11-25,0.006754984753521542,2025
2025-11-26,0.004129098840365719,2025
2025-11-28,0.0033409854801011996,2025
2025-12-01,-0.012295082372444255,2025
2025-12-02,-0.0031120332988664456,2025
2025-12-03,0.004162297571388862,2025
2025-12-04,-0.002072472329284314,2025
2025-12-05,0.0,2025
2025-12-08,-0.007788111888181959,2025
2025-12-09,-0.003924772830795398,2025
2025-12-10,0.002364142420417048,2025
2025-12-11,0.005503119364947295,2025
2025-12-12,-0.0023456579975106306,2025
2025-12-15,0.004441071028094656,2025
2025-12-16,-0.007282251523548333,2025
2025-12-17,0.0034058584243774614,2025
2025-12-18,-0.0062663186431193285,2025
2025-12-19,-0.003243588079222981,2025
2025-12-22,0.004534493500515158,2025
2025-12-23,-0.0002654891549047633,2025
2025-12-24,0.007702445925021895,2025
2025-12-26,0.0010543204263371297,2025
2025-12-29,0.002106420011030341,2025
2025-12-30,0.002101892103807401,2025
2025-12-31,0.0,2025
2026-01-01,0.0,2025
2026-01-02,0.0,2025
