Date,Residual,Fund,Sector,Year
1999-01-05,0.008814497687066342,FDCPX,technology,1999
1999-01-06,-0.01298106095137428,FDCPX,technology,1999
1999-01-07,0.010747729431153537,FDCPX,technology,1999
1999-01-08,-0.009317400192021038,FDCPX,technology,1999
1999-01-11,0.029386943521994037,FDCPX,technology,1999
1999-01-12,-0.003706123290788888,FDCPX,technology,1999
1999-01-13,0.01555295132683207,FDCPX,technology,1999
1999-01-14,0.005873570604608878,FDCPX,technology,1999
1999-01-15,-0.0018273473499368087,FDCPX,technology,1999
1999-01-19,0.00951925323636035,FDCPX,technology,1999
1999-01-20,0.0032876365681138945,FDCPX,technology,1999
1999-01-21,0.003218368368224988,FDCPX,technology,1999
1999-01-22,-0.01452502953321497,FDCPX,technology,1999
1999-01-25,-0.004997959850496446,FDCPX,technology,1999
1999-01-26,0.007298666002126149,FDCPX,technology,1999
1999-01-27,-0.0056112347088229375,FDCPX,technology,1999
1999-01-28,0.009047817293482873,FDCPX,technology,1999
1999-01-29,0.012836352155301963,FDCPX,technology,1999
1999-02-01,0.0036325754542529736,FDCPX,technology,1999
1999-02-02,-0.012454374615486243,FDCPX,technology,1999
1999-02-03,0.0026607929238207147,FDCPX,technology,1999
1999-02-04,-0.021938152300001238,FDCPX,technology,1999
1999-02-05,-0.004949874602847678,FDCPX,technology,1999
1999-02-08,0.019005606893722972,FDCPX,technology,1999
1999-02-09,-0.022515207689978986,FDCPX,technology,1999
1999-02-10,-0.003881725207107876,FDCPX,technology,1999
1999-02-11,0.021417962381524585,FDCPX,technology,1999
1999-02-12,-0.023837574388338095,FDCPX,technology,1999
1999-02-16,0.00590633286721535,FDCPX,technology,1999
1999-02-17,-0.03699121212866501,FDCPX,technology,1999
1999-02-18,-0.00504823224212167,FDCPX,technology,1999
1999-02-19,0.002589731383297724,FDCPX,technology,1999
1999-02-22,-0.003704655729640502,FDCPX,technology,1999
1999-02-23,0.01126871229976788,FDCPX,technology,1999
1999-02-24,0.01126498639831676,FDCPX,technology,1999
1999-02-25,-0.013046978264591051,FDCPX,technology,1999
1999-02-26,-0.04295963428954727,FDCPX,technology,1999
1999-03-01,-0.0045797361540234295,FDCPX,technology,1999
1999-03-02,-0.012831444781996564,FDCPX,technology,1999
1999-03-03,0.002207321073887136,FDCPX,technology,1999
1999-03-04,-0.007006092252325383,FDCPX,technology,1999
1999-03-05,0.01316274692951511,FDCPX,technology,1999
1999-03-08,0.020274112168524122,FDCPX,technology,1999
1999-03-09,-0.010854296831737668,FDCPX,technology,1999
1999-03-10,-0.007215557226783062,FDCPX,technology,1999
1999-03-11,-0.019158457075808343,FDCPX,technology,1999
1999-03-12,-0.006793583120003234,FDCPX,technology,1999
1999-03-15,-0.000269800095802495,FDCPX,technology,1999
1999-03-16,0.023743020774753817,FDCPX,technology,1999
1999-03-17,0.005436708860192613,FDCPX,technology,1999
1999-03-18,-0.0075460474159233255,FDCPX,technology,1999
1999-03-19,-7.98005619421574e-05,FDCPX,technology,1999
1999-03-22,-0.0076037613494017485,FDCPX,technology,1999
1999-03-23,-0.0016397991265412956,FDCPX,technology,1999
1999-03-24,0.01733134948409082,FDCPX,technology,1999
1999-03-25,0.004357068245714697,FDCPX,technology,1999
1999-03-26,-0.0016907301514406062,FDCPX,technology,1999
1999-03-29,0.010615879217087783,FDCPX,technology,1999
1999-03-30,0.00409812996198869,FDCPX,technology,1999
1999-03-31,0.019204318640858278,FDCPX,technology,1999
1999-04-01,0.011989079715113312,FDCPX,technology,1999
1999-04-05,0.011829524424840872,FDCPX,technology,1999
1999-04-06,0.008427906356902796,FDCPX,technology,1999
1999-04-07,-0.023030645143874345,FDCPX,technology,1999
1999-04-08,-0.007212737362745159,FDCPX,technology,1999
1999-04-09,0.0020434383768259262,FDCPX,technology,1999
1999-04-12,-0.037252348004258105,FDCPX,technology,1999
1999-04-13,-0.0036533285583581383,FDCPX,technology,1999
1999-04-14,-0.0012182312963932365,FDCPX,technology,1999
1999-04-15,0.0007041135780273822,FDCPX,technology,1999
1999-04-16,-0.013791185267039105,FDCPX,technology,1999
1999-04-19,-0.03915374553630353,FDCPX,technology,1999
1999-04-20,0.002213350616815511,FDCPX,technology,1999
1999-04-21,0.003318774256625974,FDCPX,technology,1999
1999-04-22,0.007831886298161592,FDCPX,technology,1999
1999-04-23,0.0033172463835437305,FDCPX,technology,1999
1999-04-26,0.011823196685624674,FDCPX,technology,1999
1999-04-27,-0.021824492925176922,FDCPX,technology,1999
1999-04-28,-0.012311444867078518,FDCPX,technology,1999
1999-04-29,-0.010446433023200006,FDCPX,technology,1999
1999-04-30,0.01540273495644484,FDCPX,technology,1999
1999-05-03,-0.022696177017429063,FDCPX,technology,1999
1999-05-04,-0.007353324062300243,FDCPX,technology,1999
1999-05-05,0.000993057303756796,FDCPX,technology,1999
1999-05-06,-0.019060573172000356,FDCPX,technology,1999
1999-05-07,0.001042366229385883,FDCPX,technology,1999
1999-05-10,0.022495553718254818,FDCPX,technology,1999
1999-05-11,0.008972011459180695,FDCPX,technology,1999
1999-05-12,0.010243228278908726,FDCPX,technology,1999
1999-05-13,-0.023622252468852724,FDCPX,technology,1999
1999-05-14,0.00705397733420509,FDCPX,technology,1999
1999-05-17,0.007940049080289651,FDCPX,technology,1999
1999-05-18,0.01051794864678919,FDCPX,technology,1999
1999-05-19,-0.006551096242709999,FDCPX,technology,1999
1999-05-20,-0.013196537384239605,FDCPX,technology,1999
1999-05-21,-0.0017715743972183604,FDCPX,technology,1999
1999-05-24,-0.004200683225637464,FDCPX,technology,1999
1999-05-25,-0.012487108918336223,FDCPX,technology,1999
1999-05-26,0.015004329719821009,FDCPX,technology,1999
1999-05-27,0.012823088139112569,FDCPX,technology,1999
1999-05-28,-0.009871417054537774,FDCPX,technology,1999
1999-06-01,-0.013810249223699264,FDCPX,technology,1999
1999-06-02,0.010508861606378199,FDCPX,technology,1999
1999-06-03,-0.021265629454387397,FDCPX,technology,1999
1999-06-04,0.01171009168779432,FDCPX,technology,1999
1999-06-07,0.014961534820601289,FDCPX,technology,1999
1999-06-08,-0.01183066170640224,FDCPX,technology,1999
1999-06-09,0.017667668959791636,FDCPX,technology,1999
1999-06-10,0.003144901275301073,FDCPX,technology,1999
1999-06-11,0.001994957136428088,FDCPX,technology,1999
1999-06-14,-0.01795938443712727,FDCPX,technology,1999
1999-06-15,0.0046099229973204595,FDCPX,technology,1999
1999-06-16,0.010570787427163806,FDCPX,technology,1999
1999-06-17,-0.004582563625632209,FDCPX,technology,1999
1999-06-18,0.0027996452811452494,FDCPX,technology,1999
1999-06-21,0.024449302109289132,FDCPX,technology,1999
1999-06-22,-0.013904175328671869,FDCPX,technology,1999
1999-06-23,0.013044584008943837,FDCPX,technology,1999
1999-06-24,-0.01820532606196372,FDCPX,technology,1999
1999-06-25,0.004746665309584001,FDCPX,technology,1999
1999-06-28,-0.005149240050192325,FDCPX,technology,1999
1999-06-29,0.0025555754656597755,FDCPX,technology,1999
1999-06-30,-0.01201615678818316,FDCPX,technology,1999
1999-07-01,0.005874002928026327,FDCPX,technology,1999
1999-07-02,-0.0050982572137126154,FDCPX,technology,1999
1999-07-06,0.00029548637747527084,FDCPX,technology,1999
1999-07-07,-0.002947318746014276,FDCPX,technology,1999
1999-07-08,0.014954024104100069,FDCPX,technology,1999
1999-07-09,0.0018535064714682407,FDCPX,technology,1999
1999-07-12,0.0014494238426802889,FDCPX,technology,1999
1999-07-13,0.001069680923443251,FDCPX,technology,1999
1999-07-14,0.014578071480756526,FDCPX,technology,1999
1999-07-15,0.002082002061006699,FDCPX,technology,1999
1999-07-16,-0.007773698395684377,FDCPX,technology,1999
1999-07-19,-0.003900587643860731,FDCPX,technology,1999
1999-07-20,-0.015609196150273147,FDCPX,technology,1999
1999-07-21,0.013024051078689447,FDCPX,technology,1999
1999-07-22,-0.019055693189446814,FDCPX,technology,1999
1999-07-23,0.00976476854976985,FDCPX,technology,1999
1999-07-26,-0.013388683845939744,FDCPX,technology,1999
1999-07-27,0.013354804079244675,FDCPX,technology,1999
1999-07-28,0.008520025027347226,FDCPX,technology,1999
1999-07-29,-0.00600660693055801,FDCPX,technology,1999
1999-07-30,0.013717983805017842,FDCPX,technology,1999
1999-08-02,-0.008664515262337243,FDCPX,technology,1999
1999-08-03,-0.003326932018184378,FDCPX,technology,1999
1999-08-04,0.003233987434279016,FDCPX,technology,1999
1999-08-05,-0.004154869350143654,FDCPX,technology,1999
1999-08-06,0.009469059328668417,FDCPX,technology,1999
1999-08-09,-0.008466173665463305,FDCPX,technology,1999
1999-08-10,0.002040011569235759,FDCPX,technology,1999
1999-08-11,0.02431069612411792,FDCPX,technology,1999
1999-08-12,-0.014553845285901028,FDCPX,technology,1999
1999-08-13,0.002211176474382577,FDCPX,technology,1999
1999-08-16,-0.0012920591190082173,FDCPX,technology,1999
1999-08-17,-0.010889742622327449,FDCPX,technology,1999
1999-08-18,0.003154010119785918,FDCPX,technology,1999
1999-08-19,0.0028884531511567365,FDCPX,technology,1999
1999-08-20,0.0029441501090801837,FDCPX,technology,1999
1999-08-23,-0.0020960141159894717,FDCPX,technology,1999
1999-08-24,0.012614718111556608,FDCPX,technology,1999
1999-08-25,0.0030865043154166914,FDCPX,technology,1999
1999-08-26,-0.0007234134222023347,FDCPX,technology,1999
1999-08-27,0.010659812883683477,FDCPX,technology,1999
1999-08-30,0.007180385068838873,FDCPX,technology,1999
1999-08-31,0.015252691828692483,FDCPX,technology,1999
1999-09-01,-0.013636454230853889,FDCPX,technology,1999
1999-09-02,0.008136338117323857,FDCPX,technology,1999
1999-09-03,-0.004914121364314961,FDCPX,technology,1999
1999-09-07,0.004534396326470152,FDCPX,technology,1999
1999-09-08,-0.00991498726146477,FDCPX,technology,1999
1999-09-09,0.01245907793019819,FDCPX,technology,1999
1999-09-10,0.003425361226944673,FDCPX,technology,1999
1999-09-13,-0.008725726491686285,FDCPX,technology,1999
1999-09-14,0.015464989889065757,FDCPX,technology,1999
1999-09-15,-0.009317798553211049,FDCPX,technology,1999
1999-09-16,-0.007379443520900622,FDCPX,technology,1999
1999-09-17,0.009463269262624117,FDCPX,technology,1999
1999-09-20,0.011803091453043679,FDCPX,technology,1999
1999-09-21,-0.0029340912878381455,FDCPX,technology,1999
1999-09-22,0.006711920069321246,FDCPX,technology,1999
1999-09-23,-0.01730529830756619,FDCPX,technology,1999
1999-09-24,-0.0005001982406568563,FDCPX,technology,1999
1999-09-27,0.0027860946084922143,FDCPX,technology,1999
1999-09-28,-0.0004622789268786357,FDCPX,technology,1999
1999-09-29,-0.0044944711087577475,FDCPX,technology,1999
1999-09-30,-0.024227342395871886,FDCPX,technology,1999
1999-10-01,0.01586848432175774,FDCPX,technology,1999
1999-10-04,-0.000945675496883628,FDCPX,technology,1999
1999-10-05,0.010614937175970843,FDCPX,technology,1999
1999-10-06,-0.0070745808390811765,FDCPX,technology,1999
1999-10-07,-0.010924409908295362,FDCPX,technology,1999
1999-10-08,-0.030576048919380962,FDCPX,technology,1999
1999-10-11,0.016782472535825727,FDCPX,technology,1999
1999-10-12,-0.003236412062152194,FDCPX,technology,1999
1999-10-13,0.013665392313420618,FDCPX,technology,1999
1999-10-14,0.00265863366638687,FDCPX,technology,1999
1999-10-15,0.016296906413391318,FDCPX,technology,1999
1999-10-18,-0.0375408842048595,FDCPX,technology,1999
1999-10-19,-0.0332415761061285,FDCPX,technology,1999
1999-10-20,0.01546959022032698,FDCPX,technology,1999
1999-10-21,0.0037233855408112075,FDCPX,technology,1999
1999-10-22,-0.004284535871079258,FDCPX,technology,1999
1999-10-25,0.005494644211598058,FDCPX,technology,1999
1999-10-26,0.010757429720051944,FDCPX,technology,1999
1999-10-27,-0.03546002735431001,FDCPX,technology,1999
1999-10-28,-0.012809569697497088,FDCPX,technology,1999
1999-10-29,0.01788145625501943,FDCPX,technology,1999
1999-11-01,0.010524437792440448,FDCPX,technology,1999
1999-11-02,0.014759741381202111,FDCPX,technology,1999
1999-11-03,0.007029607543099975,FDCPX,technology,1999
1999-11-04,-0.002299825531822345,FDCPX,technology,1999
1999-11-05,0.00022561872094901958,FDCPX,technology,1999
1999-11-08,0.007403233699210389,FDCPX,technology,1999
1999-11-09,0.004558698484818865,FDCPX,technology,1999
1999-11-10,0.013355367554821097,FDCPX,technology,1999
1999-11-11,0.010120933527608632,FDCPX,technology,1999
1999-11-12,-0.009375480816738198,FDCPX,technology,1999
1999-11-15,-0.016515878559448985,FDCPX,technology,1999
1999-11-16,0.008521195259349645,FDCPX,technology,1999
1999-11-17,-0.01938021654070255,FDCPX,technology,1999
1999-11-18,0.01946256176012593,FDCPX,technology,1999
1999-11-19,0.005093019886867308,FDCPX,technology,1999
1999-11-22,0.0001943795129850255,FDCPX,technology,1999
1999-11-23,0.005475195792029551,FDCPX,technology,1999
1999-11-24,0.01030461130348514,FDCPX,technology,1999
1999-11-26,0.012680082700602531,FDCPX,technology,1999
1999-11-29,0.002977483814126434,FDCPX,technology,1999
1999-11-30,-0.014483770258305098,FDCPX,technology,1999
1999-12-01,-0.001491148147349304,FDCPX,technology,1999
1999-12-02,0.022674750933679592,FDCPX,technology,1999
1999-12-03,-0.0131743077520474,FDCPX,technology,1999
1999-12-06,0.023987377318099495,FDCPX,technology,1999
1999-12-07,0.014044965486072373,FDCPX,technology,1999
1999-12-08,0.006602101776619126,FDCPX,technology,1999
1999-12-09,-0.015012870745038615,FDCPX,technology,1999
1999-12-10,-0.004366060100647443,FDCPX,technology,1999
1999-12-13,-0.0010776031066126826,FDCPX,technology,1999
1999-12-14,-0.025290235848402294,FDCPX,technology,1999
1999-12-15,0.0011549426458601752,FDCPX,technology,1999
1999-12-16,0.027139030706371164,FDCPX,technology,1999
1999-12-17,-0.0026207350213894535,FDCPX,technology,1999
1999-12-20,0.011801935885527099,FDCPX,technology,1999
1999-12-21,0.007252368013570782,FDCPX,technology,1999
1999-12-22,0.0024434094923558147,FDCPX,technology,1999
1999-12-23,-0.007579697572022979,FDCPX,technology,1999
1999-12-27,0.00577085084287746,FDCPX,technology,1999
1999-12-28,0.0003912399811128889,FDCPX,technology,1999
1999-12-29,0.00658954150211595,FDCPX,technology,1999
1999-12-30,0.0028804315881228995,FDCPX,technology,1999
2000-01-05,-0.007363257796898436,FDCPX,technology,2000
2000-01-06,-0.01139862246259395,FDCPX,technology,2000
2000-01-07,-0.06459195084211586,FDCPX,technology,2000
2000-01-10,0.044908993230466286,FDCPX,technology,2000
2000-01-11,-0.007207867479624264,FDCPX,technology,2000
2000-01-12,0.011693179126500027,FDCPX,technology,2000
2000-01-13,-0.004946233818881322,FDCPX,technology,2000
2000-01-14,0.005527060813715741,FDCPX,technology,2000
2000-01-18,0.03243094086496603,FDCPX,technology,2000
2000-01-19,-0.015271502123108328,FDCPX,technology,2000
2000-01-20,0.04297718932575649,FDCPX,technology,2000
2000-01-21,0.010300345711782911,FDCPX,technology,2000
2000-01-24,0.016134795795746754,FDCPX,technology,2000
2000-01-25,0.004162609754742412,FDCPX,technology,2000
2000-01-26,-0.014361897455459365,FDCPX,technology,2000
2000-01-27,-0.004315766364266269,FDCPX,technology,2000
2000-01-28,0.02227755627509609,FDCPX,technology,2000
2000-01-31,-0.034198070736634355,FDCPX,technology,2000
2000-02-01,0.0077957463804121,FDCPX,technology,2000
2000-02-02,0.00838783459239249,FDCPX,technology,2000
2000-02-03,0.015419461136900955,FDCPX,technology,2000
2000-02-04,0.02186567776002127,FDCPX,technology,2000
2000-02-07,0.023535716188888472,FDCPX,technology,2000
2000-02-08,-0.00871973401050392,FDCPX,technology,2000
2000-02-09,0.022329246741566618,FDCPX,technology,2000
2000-02-10,0.024156657598847473,FDCPX,technology,2000
2000-02-11,0.014390278174283046,FDCPX,technology,2000
2000-02-14,-0.008844462870288025,FDCPX,technology,2000
2000-02-15,-0.015581848992606322,FDCPX,technology,2000
2000-02-16,0.03842512309878497,FDCPX,technology,2000
2000-02-17,0.034689760056221486,FDCPX,technology,2000
2000-02-18,0.01550726943290736,FDCPX,technology,2000
2000-02-22,0.009720002845521148,FDCPX,technology,2000
2000-02-23,0.019328907154230437,FDCPX,technology,2000
2000-02-24,0.06735544557279959,FDCPX,technology,2000
2000-02-25,-0.011011682348522348,FDCPX,technology,2000
2000-02-28,-0.041104554707732006,FDCPX,technology,2000
2000-02-29,0.020638569800320312,FDCPX,technology,2000
2000-03-01,0.0028866233594921197,FDCPX,technology,2000
2000-03-02,-0.007768878326138693,FDCPX,technology,2000
2000-03-03,0.016210394244481688,FDCPX,technology,2000
2000-03-06,0.03169177852430169,FDCPX,technology,2000
2000-03-07,0.022503839410225164,FDCPX,technology,2000
2000-03-08,0.009468417412696276,FDCPX,technology,2000
2000-03-09,-0.015842287623489278,FDCPX,technology,2000
2000-03-10,0.009071120832403912,FDCPX,technology,2000
2000-03-13,-0.008147161087415231,FDCPX,technology,2000
2000-03-14,-0.0226706173473128,FDCPX,technology,2000
2000-03-15,-0.08582754885209684,FDCPX,technology,2000
2000-03-16,-0.04404553949557546,FDCPX,technology,2000
2000-03-17,0.023526712113139406,FDCPX,technology,2000
2000-03-20,-0.0053223966114190925,FDCPX,technology,2000
2000-03-21,-0.0022453136986228875,FDCPX,technology,2000
2000-03-22,0.023883138304006936,FDCPX,technology,2000
2000-03-23,-0.027169679759819546,FDCPX,technology,2000
2000-03-24,-0.008523270065049741,FDCPX,technology,2000
2000-03-27,0.024188639094201568,FDCPX,technology,2000
2000-03-28,-0.013034068577722786,FDCPX,technology,2000
2000-03-29,-0.048078794703743044,FDCPX,technology,2000
2000-03-30,-0.008618240621831797,FDCPX,technology,2000
2000-03-31,0.0022286001384377585,FDCPX,technology,2000
2000-04-03,-0.0769700568370368,FDCPX,technology,2000
2000-04-04,0.00886095364099005,FDCPX,technology,2000
2000-04-05,0.030453872873104325,FDCPX,technology,2000
2000-04-06,0.018662596611949564,FDCPX,technology,2000
2000-04-07,0.03501654411668765,FDCPX,technology,2000
2000-04-10,-0.05624702176615217,FDCPX,technology,2000
2000-04-11,-0.03128409406959865,FDCPX,technology,2000
2000-04-12,-0.02290201617301546,FDCPX,technology,2000
2000-04-13,0.004286722943066375,FDCPX,technology,2000
2000-04-14,0.014809639426040105,FDCPX,technology,2000
2000-04-17,0.043390475560087405,FDCPX,technology,2000
2000-04-18,0.005875798559830683,FDCPX,technology,2000
2000-04-19,-0.014762144446126536,FDCPX,technology,2000
2000-04-20,-0.007595768838471114,FDCPX,technology,2000
2000-04-24,-0.019376931739163102,FDCPX,technology,2000
2000-04-25,0.0015360899206984802,FDCPX,technology,2000
2000-04-26,0.004001373780402065,FDCPX,technology,2000
2000-04-27,0.0469819974674663,FDCPX,technology,2000
2000-04-28,0.027153329634876218,FDCPX,technology,2000
2000-05-01,-0.009142817747679938,FDCPX,technology,2000
2000-05-02,-0.006566501984628541,FDCPX,technology,2000
2000-05-03,0.017244512577682943,FDCPX,technology,2000
2000-05-04,-0.013202415515652138,FDCPX,technology,2000
2000-05-05,-0.000875509859470068,FDCPX,technology,2000
2000-05-08,-0.028152657553339983,FDCPX,technology,2000
2000-05-09,-0.021250959509666312,FDCPX,technology,2000
2000-05-10,-0.02312950076655497,FDCPX,technology,2000
2000-05-11,0.0069354316851303055,FDCPX,technology,2000
2000-05-12,0.0039662274257659565,FDCPX,technology,2000
2000-05-15,-0.013604556461806094,FDCPX,technology,2000
2000-05-16,0.017740429759066,FDCPX,technology,2000
2000-05-17,-0.000813977370960995,FDCPX,technology,2000
2000-05-18,0.0022761082187521507,FDCPX,technology,2000
2000-05-19,-0.009442373542148965,FDCPX,technology,2000
2000-05-22,0.0033449886102796932,FDCPX,technology,2000
2000-05-23,-0.031222440108107773,FDCPX,technology,2000
2000-05-24,0.004907532242507135,FDCPX,technology,2000
2000-05-25,0.028523711308882524,FDCPX,technology,2000
2000-05-26,-0.008705403236554261,FDCPX,technology,2000
2000-05-30,0.02658060188803338,FDCPX,technology,2000
2000-05-31,-0.019162876549146397,FDCPX,technology,2000
2000-06-01,0.025226404800016075,FDCPX,technology,2000
2000-06-02,0.039468377392536905,FDCPX,technology,2000
2000-06-05,0.012832142553156083,FDCPX,technology,2000
2000-06-06,-0.02473399704034697,FDCPX,technology,2000
2000-06-07,0.011905404580447428,FDCPX,technology,2000
2000-06-08,0.018262978051664568,FDCPX,technology,2000
2000-06-09,0.01076504763765164,FDCPX,technology,2000
2000-06-12,-0.009282075906167794,FDCPX,technology,2000
2000-06-13,-0.0011413648159769169,FDCPX,technology,2000
2000-06-14,-0.028385343135840065,FDCPX,technology,2000
2000-06-15,0.012600379713249054,FDCPX,technology,2000
2000-06-16,0.027047523352217627,FDCPX,technology,2000
2000-06-19,0.02540758558120035,FDCPX,technology,2000
2000-06-20,0.009078868649468176,FDCPX,technology,2000
2000-06-21,0.008543560288074854,FDCPX,technology,2000
2000-06-22,-0.012498063875138556,FDCPX,technology,2000
2000-06-23,-0.005023101026137098,FDCPX,technology,2000
2000-06-26,-0.009426947564732616,FDCPX,technology,2000
2000-06-27,-0.007386576669547253,FDCPX,technology,2000
2000-06-28,0.005874864465286522,FDCPX,technology,2000
2000-06-29,-0.013629514597034102,FDCPX,technology,2000
2000-06-30,0.005416464431149598,FDCPX,technology,2000
2000-07-03,-0.006381588471261444,FDCPX,technology,2000
2000-07-05,-0.02176242242079208,FDCPX,technology,2000
2000-07-06,0.0036661615702887652,FDCPX,technology,2000
2000-07-07,0.006583806551289869,FDCPX,technology,2000
2000-07-10,-0.001374797355981241,FDCPX,technology,2000
2000-07-11,-0.008710399635039851,FDCPX,technology,2000
2000-07-12,0.020473217796905127,FDCPX,technology,2000
2000-07-13,0.019679897400035926,FDCPX,technology,2000
2000-07-14,0.004537436157826282,FDCPX,technology,2000
2000-07-17,0.011207602010614878,FDCPX,technology,2000
2000-07-18,-0.01527369964473764,FDCPX,technology,2000
2000-07-19,-0.006340235188857861,FDCPX,technology,2000
2000-07-20,-0.0008544230199924382,FDCPX,technology,2000
2000-07-21,0.012738660969968549,FDCPX,technology,2000
2000-07-24,-0.018155071917240334,FDCPX,technology,2000
2000-07-25,0.018031926714860164,FDCPX,technology,2000
2000-07-26,-0.007534671064194486,FDCPX,technology,2000
2000-07-27,-0.039481215111450495,FDCPX,technology,2000
2000-07-28,0.003315393950046,FDCPX,technology,2000
2000-07-31,0.019938052044886065,FDCPX,technology,2000
2000-08-01,-0.03020157820462767,FDCPX,technology,2000
2000-08-02,-0.02360731078555003,FDCPX,technology,2000
2000-08-03,0.009949732734363552,FDCPX,technology,2000
2000-08-04,-0.0029299552378951746,FDCPX,technology,2000
2000-08-07,0.006641216431202541,FDCPX,technology,2000
2000-08-08,0.00014339835940987804,FDCPX,technology,2000
2000-08-09,0.022186193221364083,FDCPX,technology,2000
2000-08-10,-0.0076948285449834185,FDCPX,technology,2000
2000-08-11,-0.003244121381591609,FDCPX,technology,2000
2000-08-14,0.00280062688317273,FDCPX,technology,2000
2000-08-15,0.006523498220330815,FDCPX,technology,2000
2000-08-16,0.023063954442216657,FDCPX,technology,2000
2000-08-17,0.0067464478889964034,FDCPX,technology,2000
2000-08-18,0.0158412879792139,FDCPX,technology,2000
2000-08-21,-0.010923519518427995,FDCPX,technology,2000
2000-08-22,0.005599979568802249,FDCPX,technology,2000
2000-08-23,0.010446264461977429,FDCPX,technology,2000
2000-08-24,0.0021163745108987173,FDCPX,technology,2000
2000-08-25,-0.009504366279731679,FDCPX,technology,2000
2000-08-28,0.006111854076802008,FDCPX,technology,2000
2000-08-29,0.004187343443353621,FDCPX,technology,2000
2000-08-30,0.014751283286750676,FDCPX,technology,2000
2000-08-31,0.005649125104509024,FDCPX,technology,2000
2000-09-01,0.0025580557808992156,FDCPX,technology,2000
2000-09-05,-0.009652658016699426,FDCPX,technology,2000
2000-09-06,-0.016159689676872455,FDCPX,technology,2000
2000-09-07,0.018762013368279297,FDCPX,technology,2000
2000-09-08,-0.02626692116644582,FDCPX,technology,2000
2000-09-11,-0.023315480204871144,FDCPX,technology,2000
2000-09-12,-0.003693915501097598,FDCPX,technology,2000
2000-09-13,0.006467739412232234,FDCPX,technology,2000
2000-09-14,0.007930742289624433,FDCPX,technology,2000
2000-09-15,0.024308896276251907,FDCPX,technology,2000
2000-09-18,-0.00411522437283636,FDCPX,technology,2000
2000-09-19,0.03174620037666398,FDCPX,technology,2000
2000-09-20,0.030740908935264103,FDCPX,technology,2000
2000-09-21,0.0014498426260074401,FDCPX,technology,2000
2000-09-22,-0.04021625640063218,FDCPX,technology,2000
2000-09-25,-0.008638904068455106,FDCPX,technology,2000
2000-09-26,0.002958354951622,FDCPX,technology,2000
2000-09-27,-0.019378621390456256,FDCPX,technology,2000
2000-09-28,0.01170384452710754,FDCPX,technology,2000
2000-09-29,-0.035232980631992185,FDCPX,technology,2000
2000-10-02,-0.01951081700270308,FDCPX,technology,2000
2000-10-03,-0.008310436852851953,FDCPX,technology,2000
2000-10-04,0.013721435226310702,FDCPX,technology,2000
2000-10-05,-0.031089117943304104,FDCPX,technology,2000
2000-10-06,0.007520268105093056,FDCPX,technology,2000
2000-10-09,0.015797086873714037,FDCPX,technology,2000
2000-10-10,-0.013241895262912556,FDCPX,technology,2000
2000-10-11,0.0030169755404493848,FDCPX,technology,2000
2000-10-12,0.0166787461134201,FDCPX,technology,2000
2000-10-13,0.04323616985080435,FDCPX,technology,2000
2000-10-16,-0.004444913348723014,FDCPX,technology,2000
2000-10-17,0.01471292603590462,FDCPX,technology,2000
2000-10-18,-0.025449842734577777,FDCPX,technology,2000
2000-10-19,0.021686217733740493,FDCPX,technology,2000
2000-10-20,0.025692768713321275,FDCPX,technology,2000
2000-10-23,-0.01416266081860602,FDCPX,technology,2000
2000-10-24,-0.02885150083575301,FDCPX,technology,2000
2000-10-25,-0.04102881034747135,FDCPX,technology,2000
2000-10-26,0.00027786130454308944,FDCPX,technology,2000
2000-10-27,-0.021560624931450858,FDCPX,technology,2000
2000-10-30,-0.0434743097740115,FDCPX,technology,2000
2000-10-31,0.038106112239787784,FDCPX,technology,2000
2000-11-01,-0.00899270283100639,FDCPX,technology,2000
2000-11-02,0.025582306965473922,FDCPX,technology,2000
2000-11-03,0.01450306113971989,FDCPX,technology,2000
2000-11-06,-0.02738441347257472,FDCPX,technology,2000
2000-11-07,0.00021664942458935344,FDCPX,technology,2000
2000-11-08,-0.03270124195981951,FDCPX,technology,2000
2000-11-09,-0.01779734365552718,FDCPX,technology,2000
2000-11-10,-0.021226788609595718,FDCPX,technology,2000
2000-11-13,0.006647333579153446,FDCPX,technology,2000
2000-11-14,0.029790342602009842,FDCPX,technology,2000
2000-11-15,0.001701679940173363,FDCPX,technology,2000
2000-11-16,-0.019627209478745637,FDCPX,technology,2000
2000-11-17,0.006161919688021673,FDCPX,technology,2000
2000-11-20,-0.020748599194269204,FDCPX,technology,2000
2000-11-21,-0.008958666003054833,FDCPX,technology,2000
2000-11-22,0.007428976917532977,FDCPX,technology,2000
2000-11-24,0.019955887139920928,FDCPX,technology,2000
2000-11-27,-0.035559047002429366,FDCPX,technology,2000
2000-11-28,-0.027687519613401827,FDCPX,technology,2000
2000-11-29,-0.01853742398917088,FDCPX,technology,2000
2000-11-30,-0.02939623518405552,FDCPX,technology,2000
2000-12-01,0.029203615342107327,FDCPX,technology,2000
2000-12-04,-0.011942906559477677,FDCPX,technology,2000
2000-12-05,0.07009477760919114,FDCPX,technology,2000
2000-12-06,-0.0040793219215397025,FDCPX,technology,2000
2000-12-07,0.005458578370724318,FDCPX,technology,2000
2000-12-08,0.06072180544317438,FDCPX,technology,2000
2000-12-11,-0.03685522729062372,FDCPX,technology,2000
2000-12-12,-0.01897511971463155,FDCPX,technology,2000
2000-12-13,-0.033657619769105654,FDCPX,technology,2000
2000-12-14,-0.003973484028006954,FDCPX,technology,2000
2000-12-15,0.012857206223835203,FDCPX,technology,2000
2000-12-18,-0.05744966504476036,FDCPX,technology,2000
2000-12-19,-0.009582756282953214,FDCPX,technology,2000
2000-12-20,-0.03369360357111779,FDCPX,technology,2000
2000-12-21,-0.016718651837050638,FDCPX,technology,2000
2000-12-22,0.09143158102782473,FDCPX,technology,2000
2000-12-26,-0.040980775304432324,FDCPX,technology,2000
2000-12-27,0.01577311412963405,FDCPX,technology,2000
2000-12-28,0.0058227049297277485,FDCPX,technology,2000
2000-12-29,-0.009527248279513005,FDCPX,technology,2000
2001-01-03,0.08963931477298503,FDCPX,technology,2001
2001-01-04,0.016702790310028023,FDCPX,technology,2001
2001-01-05,-0.014103094697629853,FDCPX,technology,2001
2001-01-08,-0.017845890820309594,FDCPX,technology,2001
2001-01-09,0.015822918810541303,FDCPX,technology,2001
2001-01-10,0.010209257822811527,FDCPX,technology,2001
2001-01-11,0.06744578105670561,FDCPX,technology,2001
2001-01-12,-0.01025199674856685,FDCPX,technology,2001
2001-01-16,-0.02511407272230752,FDCPX,technology,2001
2001-01-17,0.03452440990909637,FDCPX,technology,2001
2001-01-18,0.02933400652577346,FDCPX,technology,2001
2001-01-19,0.004763957907109763,FDCPX,technology,2001
2001-01-22,-0.02672013450441188,FDCPX,technology,2001
2001-01-23,0.01109354867081018,FDCPX,technology,2001
2001-01-24,-0.004990838824267448,FDCPX,technology,2001
2001-01-25,-0.04991010199957781,FDCPX,technology,2001
2001-01-26,0.00464161694865414,FDCPX,technology,2001
2001-01-29,0.01733327856366538,FDCPX,technology,2001
2001-01-30,-0.018594242653294187,FDCPX,technology,2001
2001-01-31,-0.012685698178788894,FDCPX,technology,2001
2001-02-01,-0.01892067797046468,FDCPX,technology,2001
2001-02-02,-0.00386573400711851,FDCPX,technology,2001
2001-02-05,-0.03203194078997244,FDCPX,technology,2001
2001-02-06,0.011295488517458645,FDCPX,technology,2001
2001-02-07,-0.0344634726699321,FDCPX,technology,2001
2001-02-08,0.0008743108496708507,FDCPX,technology,2001
2001-02-09,-0.020256667562745603,FDCPX,technology,2001
2001-02-12,-0.02728095274442162,FDCPX,technology,2001
2001-02-13,-0.0026903697664075014,FDCPX,technology,2001
2001-02-14,0.04332083715502034,FDCPX,technology,2001
2001-02-15,0.030763535893836052,FDCPX,technology,2001
2001-02-16,-0.031236651993624888,FDCPX,technology,2001
2001-02-20,-0.03355340830868265,FDCPX,technology,2001
2001-02-21,0.005339550622029315,FDCPX,technology,2001
2001-02-22,-0.006729015086409742,FDCPX,technology,2001
2001-02-23,0.03135412969944611,FDCPX,technology,2001
2001-02-26,-0.047224577516791794,FDCPX,technology,2001
2001-02-27,-0.03397844090424866,FDCPX,technology,2001
2001-02-28,0.010473424675727094,FDCPX,technology,2001
2001-03-01,0.015151417369411682,FDCPX,technology,2001
2001-03-02,-0.0105520946930556,FDCPX,technology,2001
2001-03-05,0.004291782448218231,FDCPX,technology,2001
2001-03-06,0.03376943177078594,FDCPX,technology,2001
2001-03-07,-0.016079079461630185,FDCPX,technology,2001
2001-03-08,-0.030184297815227475,FDCPX,technology,2001
2001-03-09,-0.015204231398370814,FDCPX,technology,2001
2001-03-12,0.029886852174316504,FDCPX,technology,2001
2001-03-13,0.03568749246143013,FDCPX,technology,2001
2001-03-14,0.02226095857933141,FDCPX,technology,2001
2001-03-15,-0.01567399394064928,FDCPX,technology,2001
2001-03-16,0.011383245089742346,FDCPX,technology,2001
2001-03-19,0.0020485654806944795,FDCPX,technology,2001
2001-03-20,0.005094522118454958,FDCPX,technology,2001
2001-03-21,0.04680697602924959,FDCPX,technology,2001
2001-03-22,0.08494230736594478,FDCPX,technology,2001
2001-03-23,-0.04587932433700743,FDCPX,technology,2001
2001-03-26,-0.058204828945916526,FDCPX,technology,2001
2001-03-27,-0.03016693644888087,FDCPX,technology,2001
2001-03-28,-0.014608262696507966,FDCPX,technology,2001
2001-03-29,-0.034698472427312554,FDCPX,technology,2001
2001-03-30,-0.025485230026781207,FDCPX,technology,2001
2001-04-02,0.00696260112114902,FDCPX,technology,2001
2001-04-03,0.009985421662292764,FDCPX,technology,2001
2001-04-04,-0.030824621516011633,FDCPX,technology,2001
2001-04-05,0.038692284570224014,FDCPX,technology,2001
2001-04-06,-0.012335749527698631,FDCPX,technology,2001
2001-04-09,-0.021542108288375324,FDCPX,technology,2001
2001-04-10,0.04938907315013443,FDCPX,technology,2001
2001-04-11,0.04353912929194136,FDCPX,technology,2001
2001-04-12,0.001101424368168069,FDCPX,technology,2001
2001-04-16,-0.01683028316051013,FDCPX,technology,2001
2001-04-17,-0.02276692493055069,FDCPX,technology,2001
2001-04-18,0.027712267672252586,FDCPX,technology,2001
2001-04-19,0.04750401019629372,FDCPX,technology,2001
2001-04-20,0.011651183084361123,FDCPX,technology,2001
2001-04-23,-0.02472062240313469,FDCPX,technology,2001
2001-04-24,-0.02097393010957254,FDCPX,technology,2001
2001-04-25,-0.010114873574829125,FDCPX,technology,2001
2001-04-26,-0.03226867431192922,FDCPX,technology,2001
2001-04-27,-0.0019724373512425564,FDCPX,technology,2001
2001-04-30,0.008891564386802575,FDCPX,technology,2001
2001-05-01,0.019715956417710928,FDCPX,technology,2001
2001-05-02,0.037031142776139545,FDCPX,technology,2001
2001-05-03,-0.017353126163329062,FDCPX,technology,2001
2001-05-04,-0.016473585882836372,FDCPX,technology,2001
2001-05-07,0.009423623096810461,FDCPX,technology,2001
2001-05-08,0.010835351884413015,FDCPX,technology,2001
2001-05-09,-0.0153230385978743,FDCPX,technology,2001
2001-05-10,-0.022978930735437848,FDCPX,technology,2001
2001-05-11,0.0012070736980450535,FDCPX,technology,2001
2001-05-14,-0.019096326626409907,FDCPX,technology,2001
2001-05-15,-0.010446388663585939,FDCPX,technology,2001
2001-05-16,-0.002048455053012037,FDCPX,technology,2001
2001-05-17,0.012935382231100927,FDCPX,technology,2001
2001-05-18,-0.008106770011682737,FDCPX,technology,2001
2001-05-21,0.03128379379466838,FDCPX,technology,2001
2001-05-22,0.0036430974314139285,FDCPX,technology,2001
2001-05-23,-4.921327842614953e-05,FDCPX,technology,2001
2001-05-24,-0.003854759026238949,FDCPX,technology,2001
2001-05-25,0.006380678009808481,FDCPX,technology,2001
2001-05-29,-0.03543111534395517,FDCPX,technology,2001
2001-05-30,-0.03431021528976849,FDCPX,technology,2001
2001-05-31,0.002617255832714818,FDCPX,technology,2001
2001-06-01,0.009489080294617482,FDCPX,technology,2001
2001-06-04,-0.01385437990944654,FDCPX,technology,2001
2001-06-05,0.02924900392495834,FDCPX,technology,2001
2001-06-06,0.009461428316935161,FDCPX,technology,2001
2001-06-07,0.03408090015177157,FDCPX,technology,2001
2001-06-08,-0.010912399341237226,FDCPX,technology,2001
2001-06-11,-0.014142883134330582,FDCPX,technology,2001
2001-06-12,0.006745537529893184,FDCPX,technology,2001
2001-06-13,-0.015727711081279173,FDCPX,technology,2001
2001-06-14,0.0010700309323040391,FDCPX,technology,2001
2001-06-15,-0.009417717146078962,FDCPX,technology,2001
2001-06-18,-0.013386725708212172,FDCPX,technology,2001
2001-06-19,-0.017830327441364376,FDCPX,technology,2001
2001-06-20,-0.0008665451949905426,FDCPX,technology,2001
2001-06-21,-0.013560791778191528,FDCPX,technology,2001
2001-06-22,0.009950849638693375,FDCPX,technology,2001
2001-06-25,0.036175890226439786,FDCPX,technology,2001
2001-06-26,0.009552175129866499,FDCPX,technology,2001
2001-06-27,0.003477624639432456,FDCPX,technology,2001
2001-06-28,0.013559639094678774,FDCPX,technology,2001
2001-06-29,0.02039089894882437,FDCPX,technology,2001
2001-07-02,-0.02486831704674326,FDCPX,technology,2001
2001-07-03,0.0010525508094883407,FDCPX,technology,2001
2001-07-05,0.006217306185248676,FDCPX,technology,2001
2001-07-06,-0.022151670918474142,FDCPX,technology,2001
2001-07-09,0.0023426386293955628,FDCPX,technology,2001
2001-07-10,-0.014250191878234265,FDCPX,technology,2001
2001-07-11,0.006006459185336857,FDCPX,technology,2001
2001-07-12,0.029359388027662504,FDCPX,technology,2001
2001-07-13,-0.01777320556762577,FDCPX,technology,2001
2001-07-16,-0.010470690614335143,FDCPX,technology,2001
2001-07-17,0.00255759676470731,FDCPX,technology,2001
2001-07-18,-0.030597178327020066,FDCPX,technology,2001
2001-07-19,0.013464316925932935,FDCPX,technology,2001
2001-07-20,0.00010452458715886313,FDCPX,technology,2001
2001-07-23,0.011376662627741334,FDCPX,technology,2001
2001-07-24,0.01108751928811564,FDCPX,technology,2001
2001-07-25,-0.007168140055825192,FDCPX,technology,2001
2001-07-26,0.023115249841132928,FDCPX,technology,2001
2001-07-27,0.0006466766218466806,FDCPX,technology,2001
2001-07-30,-0.0034375866226563525,FDCPX,technology,2001
2001-07-31,-0.0007606313356480227,FDCPX,technology,2001
2001-08-01,0.0288049191891125,FDCPX,technology,2001
2001-08-02,0.008005158885803073,FDCPX,technology,2001
2001-08-03,-0.004126633209373308,FDCPX,technology,2001
2001-08-06,0.013576186704025836,FDCPX,technology,2001
2001-08-07,-0.017252007306971136,FDCPX,technology,2001
2001-08-08,0.001139152099484543,FDCPX,technology,2001
2001-08-09,-0.009644822128785084,FDCPX,technology,2001
2001-08-10,-0.009654825408455223,FDCPX,technology,2001
2001-08-13,0.014956771488773262,FDCPX,technology,2001
2001-08-14,-0.010461156127999844,FDCPX,technology,2001
2001-08-15,-0.014936550593893,FDCPX,technology,2001
2001-08-16,-0.00976832134966724,FDCPX,technology,2001
2001-08-17,-0.0027000268202820796,FDCPX,technology,2001
2001-08-20,-0.01342490340468279,FDCPX,technology,2001
2001-08-21,-0.0013855895471634322,FDCPX,technology,2001
2001-08-22,0.003002788255375567,FDCPX,technology,2001
2001-08-23,-0.007558315914587401,FDCPX,technology,2001
2001-08-24,0.013119027361899634,FDCPX,technology,2001
2001-08-27,0.017602495016089764,FDCPX,technology,2001
2001-08-28,0.004552569493283847,FDCPX,technology,2001
2001-08-29,0.0007078995175639341,FDCPX,technology,2001
2001-08-30,0.0018102209971427516,FDCPX,technology,2001
2001-08-31,-0.003911806471616085,FDCPX,technology,2001
2001-09-04,-0.02074857008493755,FDCPX,technology,2001
2001-09-05,-0.02599906384607651,FDCPX,technology,2001
2001-09-06,0.021540971030069248,FDCPX,technology,2001
2001-09-07,0.030744183749838234,FDCPX,technology,2001
2001-09-10,-0.027576588228895253,FDCPX,technology,2001
2001-09-17,0.03423498622292577,FDCPX,technology,2001
2001-09-18,-0.038423236892784395,FDCPX,technology,2001
2001-09-19,0.0213083141721777,FDCPX,technology,2001
2001-09-20,0.01777368433622492,FDCPX,technology,2001
2001-09-21,-0.012787601577421759,FDCPX,technology,2001
2001-09-24,-0.004828079536763327,FDCPX,technology,2001
2001-09-25,-0.03002583653733179,FDCPX,technology,2001
2001-09-26,-0.04920140544703989,FDCPX,technology,2001
2001-09-27,-0.04271139588110412,FDCPX,technology,2001
2001-09-28,-0.009803490154534966,FDCPX,technology,2001
2001-10-01,-0.0254113278862695,FDCPX,technology,2001
2001-10-02,-0.01694902265089717,FDCPX,technology,2001
2001-10-03,0.062392258780106076,FDCPX,technology,2001
2001-10-04,0.03664402905135513,FDCPX,technology,2001
2001-10-05,0.006818897099825526,FDCPX,technology,2001
2001-10-08,0.03097958447388869,FDCPX,technology,2001
2001-10-09,-0.023590015419186317,FDCPX,technology,2001
2001-10-10,0.00019165733049695405,FDCPX,technology,2001
2001-10-11,0.04203108672877649,FDCPX,technology,2001
2001-10-12,0.009852927041730498,FDCPX,technology,2001
2001-10-15,-0.019321819849048804,FDCPX,technology,2001
2001-10-16,0.0035533443053316228,FDCPX,technology,2001
2001-10-17,0.0002470482499041318,FDCPX,technology,2001
2001-10-18,-0.003919890316364845,FDCPX,technology,2001
2001-10-19,0.01856143337633403,FDCPX,technology,2001
2001-10-22,-0.015086396623326497,FDCPX,technology,2001
2001-10-23,0.01039644039224724,FDCPX,technology,2001
2001-10-24,0.034793538532797354,FDCPX,technology,2001
2001-10-25,-0.006075826396596571,FDCPX,technology,2001
2001-10-26,-0.006960325983485407,FDCPX,technology,2001
2001-10-29,0.0023464102059832653,FDCPX,technology,2001
2001-10-30,-0.004967631315219288,FDCPX,technology,2001
2001-10-31,0.024426157989179537,FDCPX,technology,2001
2001-11-01,-0.010182044469119043,FDCPX,technology,2001
2001-11-02,-0.008588706416425805,FDCPX,technology,2001
2001-11-05,0.0005690868356121453,FDCPX,technology,2001
2001-11-06,-0.011824509754089454,FDCPX,technology,2001
2001-11-07,-0.0032862089807337348,FDCPX,technology,2001
2001-11-08,-0.02084854457453724,FDCPX,technology,2001
2001-11-09,-0.0007565815613370217,FDCPX,technology,2001
2001-11-12,0.023158674559180775,FDCPX,technology,2001
2001-11-13,-0.013199932467810226,FDCPX,technology,2001
2001-11-14,0.003737495594494785,FDCPX,technology,2001
2001-11-15,-0.006150978451797061,FDCPX,technology,2001
2001-11-16,0.010896095291078621,FDCPX,technology,2001
2001-11-19,-0.014785812430053483,FDCPX,technology,2001
2001-11-20,-0.018311540746208867,FDCPX,technology,2001
2001-11-21,0.008890567197263593,FDCPX,technology,2001
2001-11-23,-0.014098727123276268,FDCPX,technology,2001
2001-11-26,0.0214545644223128,FDCPX,technology,2001
2001-11-27,0.010878866596821933,FDCPX,technology,2001
2001-11-28,0.006456662667642547,FDCPX,technology,2001
2001-11-29,-0.0012764346412274565,FDCPX,technology,2001
2001-11-30,0.013001740781686677,FDCPX,technology,2001
2001-12-03,0.0010107616669536856,FDCPX,technology,2001
2001-12-04,0.003472365224993619,FDCPX,technology,2001
2001-12-05,0.020317792302738925,FDCPX,technology,2001
2001-12-06,-0.0005726463026420037,FDCPX,technology,2001
2001-12-07,-0.006476835026567438,FDCPX,technology,2001
2001-12-10,0.01705058906618491,FDCPX,technology,2001
2001-12-11,0.010329888459427797,FDCPX,technology,2001
2001-12-12,0.0055754525162868855,FDCPX,technology,2001
2001-12-13,-0.004447452855154042,FDCPX,technology,2001
2001-12-14,-0.010012635674678493,FDCPX,technology,2001
2001-12-17,-0.007470656730792497,FDCPX,technology,2001
2001-12-18,-0.0025650410124637476,FDCPX,technology,2001
2001-12-19,-0.03305255298838102,FDCPX,technology,2001
2001-12-20,-0.010901341437413375,FDCPX,technology,2001
2001-12-21,0.004606175152506222,FDCPX,technology,2001
2001-12-24,0.0015889214568069157,FDCPX,technology,2001
2001-12-26,-0.0016799661652977492,FDCPX,technology,2001
2001-12-27,-0.002649706062070562,FDCPX,technology,2001
2001-12-28,0.007187813906762961,FDCPX,technology,2001
2001-12-29,-0.00035143799394156053,FDCPX,technology,2001
2001-12-30,-0.00035143799394156053,FDCPX,technology,2001
2001-12-31,-0.00035143799394156053,FDCPX,technology,2001
2002-01-01,0.0007227007449197417,FDCPX,technology,2002
2002-01-03,0.03056591814731388,FDCPX,technology,2002
2002-01-04,0.0003843053337499354,FDCPX,technology,2002
2002-01-07,-0.0022627018267068685,FDCPX,technology,2002
2002-01-08,0.005062972106126898,FDCPX,technology,2002
2002-01-09,0.004998025972445558,FDCPX,technology,2002
2002-01-10,-0.01390904136127088,FDCPX,technology,2002
2002-01-11,0.0026166297099779086,FDCPX,technology,2002
2002-01-14,-0.006602779153851438,FDCPX,technology,2002
2002-01-15,-0.006598814019390753,FDCPX,technology,2002
2002-01-16,-0.002942073861522839,FDCPX,technology,2002
2002-01-17,0.016322818656753425,FDCPX,technology,2002
2002-01-18,-0.020533816348415047,FDCPX,technology,2002
2002-01-22,-0.02430221283142315,FDCPX,technology,2002
2002-01-23,0.014112860525867377,FDCPX,technology,2002
2002-01-24,0.013238246052219117,FDCPX,technology,2002
2002-01-25,0.004251364297131139,FDCPX,technology,2002
2002-01-28,0.004701286216142116,FDCPX,technology,2002
2002-01-29,0.014949091312309336,FDCPX,technology,2002
2002-01-30,-0.0038342001235364496,FDCPX,technology,2002
2002-01-31,-0.0043925859849761485,FDCPX,technology,2002
2002-02-01,-0.004797888950353685,FDCPX,technology,2002
2002-02-04,0.014445035946910281,FDCPX,technology,2002
2002-02-05,-0.004507838472427217,FDCPX,technology,2002
2002-02-06,-0.009422885366110545,FDCPX,technology,2002
2002-02-07,-0.01375767852222186,FDCPX,technology,2002
2002-02-08,-0.012156884041248506,FDCPX,technology,2002
2002-02-11,0.00906742274295098,FDCPX,technology,2002
2002-02-12,-0.0022117905597627153,FDCPX,technology,2002
2002-02-13,0.0017008914724497212,FDCPX,technology,2002
2002-02-14,-0.006864227268886355,FDCPX,technology,2002
2002-02-15,-0.010625775117074278,FDCPX,technology,2002
2002-02-19,-0.01422189537011297,FDCPX,technology,2002
2002-02-20,-0.008303328204040764,FDCPX,technology,2002
2002-02-21,-0.020646289945817294,FDCPX,technology,2002
2002-02-22,-0.01405340329036462,FDCPX,technology,2002
2002-02-25,0.013988046568575798,FDCPX,technology,2002
2002-02-26,0.002903464276833983,FDCPX,technology,2002
2002-02-27,-0.017749695273497713,FDCPX,technology,2002
2002-02-28,-0.014204310511767093,FDCPX,technology,2002
2002-03-01,0.04276383306288725,FDCPX,technology,2002
2002-03-04,0.02168678130422188,FDCPX,technology,2002
2002-03-05,0.011826492647528308,FDCPX,technology,2002
2002-03-06,-0.01224168605504047,FDCPX,technology,2002
2002-03-07,0.0044064820141814995,FDCPX,technology,2002
2002-03-08,0.027159740973238287,FDCPX,technology,2002
2002-03-11,-0.00893816667700724,FDCPX,technology,2002
2002-03-12,-0.022148140698819922,FDCPX,technology,2002
2002-03-13,-0.011112188372385074,FDCPX,technology,2002
2002-03-14,-0.0073721168125462765,FDCPX,technology,2002
2002-03-15,-0.0011882330448149177,FDCPX,technology,2002
2002-03-18,0.003804609437694553,FDCPX,technology,2002
2002-03-19,-0.005777291544089548,FDCPX,technology,2002
2002-03-20,-0.0009073576419424169,FDCPX,technology,2002
2002-03-21,0.02044499224123145,FDCPX,technology,2002
2002-03-22,-0.007421652308240323,FDCPX,technology,2002
2002-03-25,-0.010257400151649776,FDCPX,technology,2002
2002-03-26,0.0035589007235538334,FDCPX,technology,2002
2002-03-27,-0.0030861171883689916,FDCPX,technology,2002
2002-03-28,0.016670941663269868,FDCPX,technology,2002
2002-04-01,0.014426616974385732,FDCPX,technology,2002
2002-04-02,-0.025044055396655465,FDCPX,technology,2002
2002-04-03,-0.0069934815300896815,FDCPX,technology,2002
2002-04-04,0.013277582948654465,FDCPX,technology,2002
2002-04-05,-0.011640910968458363,FDCPX,technology,2002
2002-04-08,0.00020092122778133737,FDCPX,technology,2002
2002-04-09,-0.01379176583907604,FDCPX,technology,2002
2002-04-10,-0.00044451369613756307,FDCPX,technology,2002
2002-04-11,0.011722736627250596,FDCPX,technology,2002
2002-04-12,0.0026973202431257205,FDCPX,technology,2002
2002-04-15,0.015431574178379929,FDCPX,technology,2002
2002-04-16,0.008797952334736073,FDCPX,technology,2002
2002-04-17,0.008414776204057704,FDCPX,technology,2002
2002-04-18,-0.0036628046697597914,FDCPX,technology,2002
2002-04-19,-0.010762238116581632,FDCPX,technology,2002
2002-04-22,0.007219696583087142,FDCPX,technology,2002
2002-04-23,-0.015158696931775028,FDCPX,technology,2002
2002-04-24,-0.010358939195581066,FDCPX,technology,2002
2002-04-25,0.003365130183717908,FDCPX,technology,2002
2002-04-26,-0.009885330420898453,FDCPX,technology,2002
2002-04-29,0.008301646054544854,FDCPX,technology,2002
2002-04-30,0.005925348482431586,FDCPX,technology,2002
2002-05-01,-0.01758009238903042,FDCPX,technology,2002
2002-05-02,-0.01753477282992862,FDCPX,technology,2002
2002-05-03,-0.011253362117361252,FDCPX,technology,2002
2002-05-06,0.007674066588765748,FDCPX,technology,2002
2002-05-07,7.266949531361481e-05,FDCPX,technology,2002
2002-05-08,0.05181691075124404,FDCPX,technology,2002
2002-05-09,-0.014654488896426437,FDCPX,technology,2002
2002-05-10,-0.007125989859537829,FDCPX,technology,2002
2002-05-13,0.014226477633830757,FDCPX,technology,2002
2002-05-14,0.02668060547727985,FDCPX,technology,2002
2002-05-15,-0.0020654578328616084,FDCPX,technology,2002
2002-05-16,-0.0038502622467331,FDCPX,technology,2002
2002-05-17,-0.0013630247401568082,FDCPX,technology,2002
2002-05-20,-0.005581551084867601,FDCPX,technology,2002
2002-05-21,-0.013482407586827425,FDCPX,technology,2002
2002-05-22,0.005875282620426556,FDCPX,technology,2002
2002-05-23,-0.0076894561616402905,FDCPX,technology,2002
2002-05-24,-0.005481731907630863,FDCPX,technology,2002
2002-05-28,-0.0023922498681716413,FDCPX,technology,2002
2002-05-29,-0.005270448715079971,FDCPX,technology,2002
2002-05-30,0.011275240309593065,FDCPX,technology,2002
2002-05-31,-0.012326398902617653,FDCPX,technology,2002
2002-06-03,0.0032719665143547544,FDCPX,technology,2002
2002-06-04,0.009810801333723288,FDCPX,technology,2002
2002-06-05,-0.010525437452267656,FDCPX,technology,2002
2002-06-06,0.007505853233910072,FDCPX,technology,2002
2002-06-07,-0.013624383380583839,FDCPX,technology,2002
2002-06-10,-0.008945685889566544,FDCPX,technology,2002
2002-06-11,-0.002146341661631159,FDCPX,technology,2002
2002-06-12,0.0053246536505407345,FDCPX,technology,2002
2002-06-13,-0.0036534174270026615,FDCPX,technology,2002
2002-06-14,0.008765914660129846,FDCPX,technology,2002
2002-06-17,0.00014268414451074768,FDCPX,technology,2002
2002-06-18,-0.02050420645401172,FDCPX,technology,2002
2002-06-19,-0.03398464261493121,FDCPX,technology,2002
2002-06-20,-0.009888227703596465,FDCPX,technology,2002
2002-06-21,-0.0011324625884993646,FDCPX,technology,2002
2002-06-24,0.015513577294704615,FDCPX,technology,2002
2002-06-25,-0.00041486942701119897,FDCPX,technology,2002
2002-06-26,0.003244895303355146,FDCPX,technology,2002
2002-06-27,0.009359067876200184,FDCPX,technology,2002
2002-06-28,0.012042751056756501,FDCPX,technology,2002
2002-07-01,-0.01653722650654228,FDCPX,technology,2002
2002-07-02,-0.0027630207767201063,FDCPX,technology,2002
2002-07-03,0.02287263186197602,FDCPX,technology,2002
2002-07-05,0.007921993177503868,FDCPX,technology,2002
2002-07-08,-0.019494796205887312,FDCPX,technology,2002
2002-07-09,0.015919146825909284,FDCPX,technology,2002
2002-07-10,0.0223240984999988,FDCPX,technology,2002
2002-07-11,0.025956001339146106,FDCPX,technology,2002
2002-07-12,0.017430170562415415,FDCPX,technology,2002
2002-07-15,0.01038911226636915,FDCPX,technology,2002
2002-07-16,0.023140336404403748,FDCPX,technology,2002
2002-07-17,-0.010442951317291616,FDCPX,technology,2002
2002-07-18,0.017344378998019418,FDCPX,technology,2002
2002-07-19,0.020752635899579135,FDCPX,technology,2002
2002-07-22,0.0059384180724372584,FDCPX,technology,2002
2002-07-23,-0.0038734684339811407,FDCPX,technology,2002
2002-07-24,-0.03358390765967464,FDCPX,technology,2002
2002-07-25,-0.057168457236596824,FDCPX,technology,2002
2002-07-26,-0.02119734668174138,FDCPX,technology,2002
2002-07-29,-0.0009610281698507056,FDCPX,technology,2002
2002-07-30,-0.0009436819586294103,FDCPX,technology,2002
2002-07-31,-0.026915817809691316,FDCPX,technology,2002
2002-08-01,-0.006969873671616562,FDCPX,technology,2002
2002-08-02,0.00104720490914606,FDCPX,technology,2002
2002-08-05,0.009785777246820074,FDCPX,technology,2002
2002-08-06,0.005282926087294165,FDCPX,technology,2002
2002-08-07,-0.0029021251223997797,FDCPX,technology,2002
2002-08-08,-0.012025057541957752,FDCPX,technology,2002
2002-08-09,-0.019183558827998947,FDCPX,technology,2002
2002-08-12,0.002577627402323257,FDCPX,technology,2002
2002-08-13,-0.0017130028779713986,FDCPX,technology,2002
2002-08-14,0.00876750189500286,FDCPX,technology,2002
2002-08-15,-0.0004913136695105028,FDCPX,technology,2002
2002-08-16,0.03342502553245482,FDCPX,technology,2002
2002-08-19,0.0030323073289319873,FDCPX,technology,2002
2002-08-20,-0.013646044717034763,FDCPX,technology,2002
2002-08-21,0.007072168437036001,FDCPX,technology,2002
2002-08-22,-0.008681486590665824,FDCPX,technology,2002
2002-08-23,-0.0050131494327099665,FDCPX,technology,2002
2002-08-26,-0.0057257451955421675,FDCPX,technology,2002
2002-08-27,-0.018284750057655015,FDCPX,technology,2002
2002-08-28,0.0025347431250354636,FDCPX,technology,2002
2002-08-29,0.0036819141880831754,FDCPX,technology,2002
2002-08-30,-0.009918339744454456,FDCPX,technology,2002
2002-09-03,0.014254833738313585,FDCPX,technology,2002
2002-09-04,0.0020636601339107767,FDCPX,technology,2002
2002-09-05,-0.01938884764773042,FDCPX,technology,2002
2002-09-06,0.014333663262212349,FDCPX,technology,2002
2002-09-09,-0.006382605187421944,FDCPX,technology,2002
2002-09-10,0.005821221976674139,FDCPX,technology,2002
2002-09-11,0.006836781890950706,FDCPX,technology,2002
2002-09-12,-0.00808257504141112,FDCPX,technology,2002
2002-09-13,-0.0053567428966729055,FDCPX,technology,2002
2002-09-16,-0.014642791160082748,FDCPX,technology,2002
2002-09-17,0.02350304797021701,FDCPX,technology,2002
2002-09-18,0.006122846834235928,FDCPX,technology,2002
2002-09-19,0.008722358572778761,FDCPX,technology,2002
2002-09-20,-0.0036489766286937667,FDCPX,technology,2002
2002-09-23,-0.01735742975725644,FDCPX,technology,2002
2002-09-24,0.01883698773157957,FDCPX,technology,2002
2002-09-25,0.006651514999771603,FDCPX,technology,2002
2002-09-26,-0.04280112381907455,FDCPX,technology,2002
2002-09-27,0.031369537328064925,FDCPX,technology,2002
2002-09-30,-0.013727547065017252,FDCPX,technology,2002
2002-10-01,-0.026539956565070646,FDCPX,technology,2002
2002-10-02,0.02580167924521913,FDCPX,technology,2002
2002-10-03,-0.009852143493767281,FDCPX,technology,2002
2002-10-04,-0.0067520522394982525,FDCPX,technology,2002
2002-10-07,0.01759749001370963,FDCPX,technology,2002
2002-10-08,-0.024164966741095775,FDCPX,technology,2002
2002-10-09,0.03147041450428812,FDCPX,technology,2002
2002-10-10,0.008924018668811026,FDCPX,technology,2002
2002-10-11,0.0021959515264981452,FDCPX,technology,2002
2002-10-14,-0.0032863401928572623,FDCPX,technology,2002
2002-10-15,0.00470671253993625,FDCPX,technology,2002
2002-10-16,-0.029494246658447812,FDCPX,technology,2002
2002-10-17,0.017195654438547602,FDCPX,technology,2002
2002-10-18,0.009359677654487409,FDCPX,technology,2002
2002-10-21,0.0028640998916201962,FDCPX,technology,2002
2002-10-22,-0.014746979672937697,FDCPX,technology,2002
2002-10-23,0.026640560849707298,FDCPX,technology,2002
2002-10-24,0.014076615795728659,FDCPX,technology,2002
2002-10-25,0.003986314452848364,FDCPX,technology,2002
2002-10-28,0.003270986752561509,FDCPX,technology,2002
2002-10-29,-0.005199398137415288,FDCPX,technology,2002
2002-10-30,0.020652680623625224,FDCPX,technology,2002
2002-10-31,0.014872230199155019,FDCPX,technology,2002
2002-11-01,0.0020928348659671053,FDCPX,technology,2002
2002-11-04,0.03318931781537354,FDCPX,technology,2002
2002-11-05,-0.01895693798713269,FDCPX,technology,2002
2002-11-06,-0.0008593405968110417,FDCPX,technology,2002
2002-11-07,-0.0061136243006292765,FDCPX,technology,2002
2002-11-08,0.004772015647586713,FDCPX,technology,2002
2002-11-11,-0.014744688348613373,FDCPX,technology,2002
2002-11-12,0.01651871004272599,FDCPX,technology,2002
2002-11-13,0.009845619736265892,FDCPX,technology,2002
2002-11-14,0.01817516644509291,FDCPX,technology,2002
2002-11-15,-0.013750273287941074,FDCPX,technology,2002
2002-11-18,0.007992008266610985,FDCPX,technology,2002
2002-11-19,-0.01425334008676472,FDCPX,technology,2002
2002-11-20,0.010481684587544025,FDCPX,technology,2002
2002-11-21,0.022442692577180227,FDCPX,technology,2002
2002-11-22,0.003235979596367119,FDCPX,technology,2002
2002-11-25,0.01720965907479396,FDCPX,technology,2002
2002-11-26,-0.008595387863929445,FDCPX,technology,2002
2002-11-27,-0.0009073307990138321,FDCPX,technology,2002
2002-11-29,0.004993922414866803,FDCPX,technology,2002
2002-12-02,-0.00800778244343597,FDCPX,technology,2002
2002-12-03,-0.012129325634682334,FDCPX,technology,2002
2002-12-04,-0.01937227832500544,FDCPX,technology,2002
2002-12-05,0.0014805366699952513,FDCPX,technology,2002
2002-12-06,-0.005991723464785375,FDCPX,technology,2002
2002-12-09,-0.006718857105293394,FDCPX,technology,2002
2002-12-10,0.011180462596324634,FDCPX,technology,2002
2002-12-11,0.0008149932158557404,FDCPX,technology,2002
2002-12-12,0.00044607930524710894,FDCPX,technology,2002
2002-12-13,-0.0057735761899801695,FDCPX,technology,2002
2002-12-16,-0.005559439521172157,FDCPX,technology,2002
2002-12-17,0.00861473534714066,FDCPX,technology,2002
2002-12-18,-0.023043007154941796,FDCPX,technology,2002
2002-12-19,0.0009589544234169158,FDCPX,technology,2002
2002-12-20,-0.004976783491394106,FDCPX,technology,2002
2002-12-23,0.010014176095258846,FDCPX,technology,2002
2002-12-24,0.0032626173395401623,FDCPX,technology,2002
2002-12-26,-0.0020863332674039533,FDCPX,technology,2002
2002-12-27,0.020731180438464586,FDCPX,technology,2002
2002-12-30,-0.02525210591205911,FDCPX,technology,2002
2003-01-03,0.001561801574473917,FDCPX,technology,2003
2003-01-06,0.007504806289146626,FDCPX,technology,2003
2003-01-07,0.016600634540683258,FDCPX,technology,2003
2003-01-08,-0.006007712028814154,FDCPX,technology,2003
2003-01-09,0.003845553248583041,FDCPX,technology,2003
2003-01-10,0.0005258408998235061,FDCPX,technology,2003
2003-01-13,-0.008411923178403601,FDCPX,technology,2003
2003-01-14,0.00683075071022491,FDCPX,technology,2003
2003-01-15,-0.0010254474174581935,FDCPX,technology,2003
2003-01-16,-0.014396451940496161,FDCPX,technology,2003
2003-01-17,-0.025665898055661773,FDCPX,technology,2003
2003-01-21,0.011348975259981879,FDCPX,technology,2003
2003-01-22,0.013138732505859056,FDCPX,technology,2003
2003-01-23,0.021760236465857313,FDCPX,technology,2003
2003-01-24,0.00037274564869976823,FDCPX,technology,2003
2003-01-27,0.003548654836341947,FDCPX,technology,2003
2003-01-28,0.006882470981651642,FDCPX,technology,2003
2003-01-29,0.0036144762435965216,FDCPX,technology,2003
2003-01-30,-0.0034469662270202595,FDCPX,technology,2003
2003-01-31,-0.03594968623418325,FDCPX,technology,2003
2003-02-03,0.0030799041418460636,FDCPX,technology,2003
2003-02-04,0.002524818801629027,FDCPX,technology,2003
2003-02-05,0.004299407579834549,FDCPX,technology,2003
2003-02-06,-0.00482436894668915,FDCPX,technology,2003
2003-02-07,-0.0034616405296626664,FDCPX,technology,2003
2003-02-10,-0.000896298154417035,FDCPX,technology,2003
2003-02-11,0.013303116360506602,FDCPX,technology,2003
2003-02-12,0.012601512946832639,FDCPX,technology,2003
2003-02-13,-0.0049155982805721855,FDCPX,technology,2003
2003-02-14,0.012475328754487768,FDCPX,technology,2003
2003-02-18,0.012936860251973596,FDCPX,technology,2003
2003-02-19,-0.0026128267195118966,FDCPX,technology,2003
2003-02-20,0.014646126549257083,FDCPX,technology,2003
2003-02-21,-0.006713515465665801,FDCPX,technology,2003
2003-02-24,0.006051145441264373,FDCPX,technology,2003
2003-02-25,-0.010939425951090164,FDCPX,technology,2003
2003-02-26,-0.008188315946587268,FDCPX,technology,2003
2003-02-27,-0.002939223846912628,FDCPX,technology,2003
2003-02-28,0.008734979566430809,FDCPX,technology,2003
2003-03-03,-0.004751364112871911,FDCPX,technology,2003
2003-03-04,0.008436459834482326,FDCPX,technology,2003
2003-03-05,-0.0041868523806761326,FDCPX,technology,2003
2003-03-06,0.005131625750766816,FDCPX,technology,2003
2003-03-07,-0.008911061301185876,FDCPX,technology,2003
2003-03-10,0.011783685989745777,FDCPX,technology,2003
2003-03-11,0.011697460140006269,FDCPX,technology,2003
2003-03-12,-0.001105191875045897,FDCPX,technology,2003
2003-03-13,0.005543423994439599,FDCPX,technology,2003
2003-03-14,-0.011345244857407785,FDCPX,technology,2003
2003-03-17,0.0010776490518602105,FDCPX,technology,2003
2003-03-18,-0.0007991140383129241,FDCPX,technology,2003
2003-03-19,-0.016454329306320886,FDCPX,technology,2003
2003-03-20,-0.0007102598061519412,FDCPX,technology,2003
2003-03-21,-0.015722775422062664,FDCPX,technology,2003
2003-03-24,0.005435047464954587,FDCPX,technology,2003
2003-03-25,-0.002330921530743617,FDCPX,technology,2003
2003-03-26,-5.746534028644185e-05,FDCPX,technology,2003
2003-03-27,-0.006962276112376815,FDCPX,technology,2003
2003-03-28,-0.005745540711987834,FDCPX,technology,2003
2003-03-31,0.0012496607078628062,FDCPX,technology,2003
2003-04-01,-0.014870062421800901,FDCPX,technology,2003
2003-04-02,0.010939340654848063,FDCPX,technology,2003
2003-04-03,0.008162729677168013,FDCPX,technology,2003
2003-04-04,-0.02311412389311151,FDCPX,technology,2003
2003-04-07,0.009876308215962517,FDCPX,technology,2003
2003-04-08,-0.019294591563905013,FDCPX,technology,2003
2003-04-09,0.0006168800377608814,FDCPX,technology,2003
2003-04-10,-0.004795757983803554,FDCPX,technology,2003
2003-04-11,-0.0033614129834541855,FDCPX,technology,2003
2003-04-14,-0.01113829411058816,FDCPX,technology,2003
2003-04-15,-0.007977238086710983,FDCPX,technology,2003
2003-04-16,0.04247404751128521,FDCPX,technology,2003
2003-04-17,0.001804046037641848,FDCPX,technology,2003
2003-04-21,0.00130217381199637,FDCPX,technology,2003
2003-04-22,-0.00817451262539751,FDCPX,technology,2003
2003-04-23,-0.0032417129780487903,FDCPX,technology,2003
2003-04-24,0.004462049720778185,FDCPX,technology,2003
2003-04-25,-0.010002551978081302,FDCPX,technology,2003
2003-04-28,-0.00378036056823056,FDCPX,technology,2003
2003-04-29,0.010969209148622946,FDCPX,technology,2003
2003-04-30,-0.007359824497655152,FDCPX,technology,2003
2003-05-01,0.008513740447909153,FDCPX,technology,2003
2003-05-02,0.007834972362750398,FDCPX,technology,2003
2003-05-05,0.013105030795606841,FDCPX,technology,2003
2003-05-06,0.00017331168358273794,FDCPX,technology,2003
2003-05-07,-0.006391871661135378,FDCPX,technology,2003
2003-05-08,0.002491299883265092,FDCPX,technology,2003
2003-05-09,0.00958529233912634,FDCPX,technology,2003
2003-05-12,0.0025026944112443404,FDCPX,technology,2003
2003-05-13,0.005233066288222158,FDCPX,technology,2003
2003-05-14,0.0004251237648981562,FDCPX,technology,2003
2003-05-15,0.0013457217704151547,FDCPX,technology,2003
2003-05-16,0.002131554615651595,FDCPX,technology,2003
2003-05-19,-0.010640315378281105,FDCPX,technology,2003
2003-05-20,-0.0008912555343369689,FDCPX,technology,2003
2003-05-21,-0.001195044725727803,FDCPX,technology,2003
2003-05-22,-0.000954661389002999,FDCPX,technology,2003
2003-05-23,-0.002347465754130405,FDCPX,technology,2003
2003-05-27,0.011233653831963009,FDCPX,technology,2003
2003-05-28,0.0016626901589574215,FDCPX,technology,2003
2003-05-29,0.01694439539285187,FDCPX,technology,2003
2003-05-30,-0.009695996953610477,FDCPX,technology,2003
2003-06-02,-0.009640880332655852,FDCPX,technology,2003
2003-06-03,-0.003538476025476834,FDCPX,technology,2003
2003-06-04,0.0066762773974600245,FDCPX,technology,2003
2003-06-05,0.003906697314285449,FDCPX,technology,2003
2003-06-06,-0.0044636775884537416,FDCPX,technology,2003
2003-06-09,-0.005157993490315035,FDCPX,technology,2003
2003-06-10,-0.0018106987382121974,FDCPX,technology,2003
2003-06-11,-0.011965575791983048,FDCPX,technology,2003
2003-06-12,-0.0011528726136687227,FDCPX,technology,2003
2003-06-13,-0.009965112451137802,FDCPX,technology,2003
2003-06-16,-0.010282884849046929,FDCPX,technology,2003
2003-06-17,0.0038688426360068535,FDCPX,technology,2003
2003-06-18,0.016521858469958663,FDCPX,technology,2003
2003-06-19,0.009095708985556802,FDCPX,technology,2003
2003-06-20,-0.0072287874177376565,FDCPX,technology,2003
2003-06-23,-0.014181000243061896,FDCPX,technology,2003
2003-06-24,-0.010321338518778898,FDCPX,technology,2003
2003-06-25,0.01737700107613942,FDCPX,technology,2003
2003-06-26,0.0016465299286912496,FDCPX,technology,2003
2003-06-27,0.007372906778309037,FDCPX,technology,2003
2003-06-30,0.00012892201910704186,FDCPX,technology,2003
2003-07-01,-0.0007542703641213351,FDCPX,technology,2003
2003-07-02,0.014383427906110937,FDCPX,technology,2003
2003-07-03,0.0032487262828390408,FDCPX,technology,2003
2003-07-07,0.014859571945668698,FDCPX,technology,2003
2003-07-08,0.010544830284242284,FDCPX,technology,2003
2003-07-09,0.012080364247849688,FDCPX,technology,2003
2003-07-10,-0.006685393988208339,FDCPX,technology,2003
2003-07-11,-0.003999631496879116,FDCPX,technology,2003
2003-07-14,0.010146279234122363,FDCPX,technology,2003
2003-07-15,-0.00016846319642917088,FDCPX,technology,2003
2003-07-16,0.00144112223186324,FDCPX,technology,2003
2003-07-17,-0.01801623590751299,FDCPX,technology,2003
2003-07-18,-0.008945031889444538,FDCPX,technology,2003
2003-07-21,-0.0020875883986745704,FDCPX,technology,2003
2003-07-22,0.009844880048087352,FDCPX,technology,2003
2003-07-23,-0.0026417077425267485,FDCPX,technology,2003
2003-07-24,-0.0017514297308396237,FDCPX,technology,2003
2003-07-25,-0.008168783363216827,FDCPX,technology,2003
2003-07-28,0.009482538207343651,FDCPX,technology,2003
2003-07-29,-0.001470935655546523,FDCPX,technology,2003
2003-07-30,-0.006250764579473178,FDCPX,technology,2003
2003-07-31,0.011524758895766688,FDCPX,technology,2003
2003-08-01,0.01073982683470225,FDCPX,technology,2003
2003-08-04,-0.0003252531724283468,FDCPX,technology,2003
2003-08-05,0.003577125135958939,FDCPX,technology,2003
2003-08-06,-0.02302289436259589,FDCPX,technology,2003
2003-08-07,-0.021216426201155086,FDCPX,technology,2003
2003-08-08,-0.014341316190206533,FDCPX,technology,2003
2003-08-11,0.005607505613539232,FDCPX,technology,2003
2003-08-12,0.002817293684409066,FDCPX,technology,2003
2003-08-13,0.012289457184048117,FDCPX,technology,2003
2003-08-14,0.0012752060712707958,FDCPX,technology,2003
2003-08-15,-0.0026701891218112927,FDCPX,technology,2003
2003-08-18,0.019114634326752856,FDCPX,technology,2003
2003-08-19,0.011922903058241762,FDCPX,technology,2003
2003-08-20,-7.66381375036972e-05,FDCPX,technology,2003
2003-08-21,0.012213005093902052,FDCPX,technology,2003
2003-08-22,0.013857289498105175,FDCPX,technology,2003
2003-08-25,-0.011093546428465096,FDCPX,technology,2003
2003-08-26,1.267846593050112e-06,FDCPX,technology,2003
2003-08-27,0.016980094312696793,FDCPX,technology,2003
2003-08-28,0.004996056359004937,FDCPX,technology,2003
2003-08-29,-0.002428100509896761,FDCPX,technology,2003
2003-09-02,-0.0023628320274277047,FDCPX,technology,2003
2003-09-03,-0.004086807339364479,FDCPX,technology,2003
2003-09-04,0.008802474034278729,FDCPX,technology,2003
2003-09-05,0.007484605753805119,FDCPX,technology,2003
2003-09-08,0.011379477685940902,FDCPX,technology,2003
2003-09-09,-0.0038730882110654848,FDCPX,technology,2003
2003-09-10,-0.025631012899984623,FDCPX,technology,2003
2003-09-11,0.0073745430249080555,FDCPX,technology,2003
2003-09-12,0.0012454915307466333,FDCPX,technology,2003
2003-09-15,-0.00679090610635334,FDCPX,technology,2003
2003-09-16,0.010035638604026956,FDCPX,technology,2003
2003-09-17,0.0023374116884795704,FDCPX,technology,2003
2003-09-18,-0.0022304954782020343,FDCPX,technology,2003
2003-09-19,0.005306464262895885,FDCPX,technology,2003
2003-09-22,-0.007206897953532802,FDCPX,technology,2003
2003-09-23,0.008490944785221511,FDCPX,technology,2003
2003-09-24,-0.009838618929024923,FDCPX,technology,2003
2003-09-25,-0.0066478237138236414,FDCPX,technology,2003
2003-09-26,-0.00923789881653552,FDCPX,technology,2003
2003-09-29,0.005205663230766001,FDCPX,technology,2003
2003-09-30,-0.014503585580013918,FDCPX,technology,2003
2003-10-01,-0.011350091567832937,FDCPX,technology,2003
2003-10-02,-0.0004996871810346677,FDCPX,technology,2003
2003-10-03,0.019546971984756932,FDCPX,technology,2003
2003-10-06,0.0036454784907748866,FDCPX,technology,2003
2003-10-07,0.005969044560062305,FDCPX,technology,2003
2003-10-08,-0.005563233091884038,FDCPX,technology,2003
2003-10-09,0.00842448004499072,FDCPX,technology,2003
2003-10-10,0.000931199649241099,FDCPX,technology,2003
2003-10-13,0.006111091085026846,FDCPX,technology,2003
2003-10-14,0.002632353611362553,FDCPX,technology,2003
2003-10-15,0.005033080227694214,FDCPX,technology,2003
2003-10-16,-0.004848109445248577,FDCPX,technology,2003
2003-10-17,-0.001930328816661905,FDCPX,technology,2003
2003-10-20,0.0002780481774881053,FDCPX,technology,2003
2003-10-21,0.015266383192708961,FDCPX,technology,2003
2003-10-22,-0.014461119269875238,FDCPX,technology,2003
2003-10-23,-0.011865790456532879,FDCPX,technology,2003
2003-10-24,-0.013664276729185689,FDCPX,technology,2003
2003-10-27,0.008369410078431673,FDCPX,technology,2003
2003-10-28,0.01582701731218627,FDCPX,technology,2003
2003-10-29,0.01069280830913813,FDCPX,technology,2003
2003-10-30,-0.006079083717206435,FDCPX,technology,2003
2003-10-31,-0.002388455741338901,FDCPX,technology,2003
2003-11-03,0.015011764962041154,FDCPX,technology,2003
2003-11-04,0.0015618206188047047,FDCPX,technology,2003
2003-11-05,0.0026460526065542516,FDCPX,technology,2003
2003-11-06,0.001709409523682594,FDCPX,technology,2003
2003-11-07,0.004626627622865052,FDCPX,technology,2003
2003-11-10,-0.018996063517635095,FDCPX,technology,2003
2003-11-11,-0.006343508549944846,FDCPX,technology,2003
2003-11-12,0.0134340369249158,FDCPX,technology,2003
2003-11-13,-0.004565620719637653,FDCPX,technology,2003
2003-11-14,-0.010249993696560294,FDCPX,technology,2003
2003-11-17,-0.011369203261348087,FDCPX,technology,2003
2003-11-18,0.0014575960294726208,FDCPX,technology,2003
2003-11-19,-0.0033658074088482644,FDCPX,technology,2003
2003-11-20,-0.0011256864874457408,FDCPX,technology,2003
2003-11-21,0.0007214183536656451,FDCPX,technology,2003
2003-11-24,0.011017543100972731,FDCPX,technology,2003
2003-11-25,-0.007059495384885796,FDCPX,technology,2003
2003-11-26,0.0015265338890296208,FDCPX,technology,2003
2003-11-28,0.004613571061785542,FDCPX,technology,2003
2003-12-01,-0.004295466306521178,FDCPX,technology,2003
2003-12-02,-0.003897462679512503,FDCPX,technology,2003
2003-12-03,-0.014209823242035,FDCPX,technology,2003
2003-12-04,-0.008332234717383698,FDCPX,technology,2003
2003-12-05,-0.010556764898293039,FDCPX,technology,2003
2003-12-08,-0.010082304425074507,FDCPX,technology,2003
2003-12-09,-0.022611542712022016,FDCPX,technology,2003
2003-12-10,-0.002860235408420152,FDCPX,technology,2003
2003-12-11,0.01550643919720112,FDCPX,technology,2003
2003-12-12,-0.0036615006482609,FDCPX,technology,2003
2003-12-15,-0.01720936560866685,FDCPX,technology,2003
2003-12-16,-0.012293917884523671,FDCPX,technology,2003
2003-12-17,-0.009428366765097604,FDCPX,technology,2003
2003-12-18,0.007932874654195128,FDCPX,technology,2003
2003-12-19,-0.002768217022005483,FDCPX,technology,2003
2003-12-22,-0.008403720140014783,FDCPX,technology,2003
2003-12-23,0.010800105237627818,FDCPX,technology,2003
2003-12-24,-0.00010450444809224641,FDCPX,technology,2003
2003-12-26,2.7067636123792723e-05,FDCPX,technology,2003
2003-12-29,-0.0008503170945763326,FDCPX,technology,2003
2003-12-30,-0.0006291613461261055,FDCPX,technology,2003
2004-01-05,0.00835576190623169,FDCPX,technology,2004
2004-01-06,0.011827615689428236,FDCPX,technology,2004
2004-01-07,0.006997530357497123,FDCPX,technology,2004
2004-01-08,0.025921184765839073,FDCPX,technology,2004
2004-01-09,0.010200603609956824,FDCPX,technology,2004
2004-01-12,0.006762882402612027,FDCPX,technology,2004
2004-01-13,-0.0035044329148862085,FDCPX,technology,2004
2004-01-14,-0.006890856352198467,FDCPX,technology,2004
2004-01-15,-0.002765857115057571,FDCPX,technology,2004
2004-01-16,0.018720299883988573,FDCPX,technology,2004
2004-01-20,0.009318202701321443,FDCPX,technology,2004
2004-01-21,-0.038095386347693314,FDCPX,technology,2004
2004-01-22,-0.011003043869319669,FDCPX,technology,2004
2004-01-23,0.0035998460701320793,FDCPX,technology,2004
2004-01-26,0.0007236957127433122,FDCPX,technology,2004
2004-01-27,-0.0026387797493942766,FDCPX,technology,2004
2004-01-28,0.006021725904098307,FDCPX,technology,2004
2004-01-29,-0.017547010632735276,FDCPX,technology,2004
2004-01-30,0.0076021949238479925,FDCPX,technology,2004
2004-02-02,-0.010213217553756771,FDCPX,technology,2004
2004-02-03,0.0007545875765928539,FDCPX,technology,2004
2004-02-04,-0.020563077271436126,FDCPX,technology,2004
2004-02-05,0.004499063058749541,FDCPX,technology,2004
2004-02-06,0.016900027311361605,FDCPX,technology,2004
2004-02-09,0.001863278714226469,FDCPX,technology,2004
2004-02-10,0.00206178256187733,FDCPX,technology,2004
2004-02-11,-0.005472994266885739,FDCPX,technology,2004
2004-02-12,-0.004557055780292945,FDCPX,technology,2004
2004-02-13,0.00013054720980639443,FDCPX,technology,2004
2004-02-17,7.735794623535582e-05,FDCPX,technology,2004
2004-02-18,0.008053519937220907,FDCPX,technology,2004
2004-02-19,-0.009122849867671009,FDCPX,technology,2004
2004-02-20,-0.00441128095049464,FDCPX,technology,2004
2004-02-23,-0.01732702591915488,FDCPX,technology,2004
2004-02-24,-0.0016504341775599183,FDCPX,technology,2004
2004-02-25,0.014196951365654773,FDCPX,technology,2004
2004-02-26,0.008848375831791362,FDCPX,technology,2004
2004-02-27,-0.0030745348421889166,FDCPX,technology,2004
2004-03-01,0.0012425558344555734,FDCPX,technology,2004
2004-03-02,0.0028110386112522173,FDCPX,technology,2004
2004-03-03,-0.012798551504320174,FDCPX,technology,2004
2004-03-04,0.008007209092277732,FDCPX,technology,2004
2004-03-05,-0.00788858163576461,FDCPX,technology,2004
2004-03-08,-0.009001628941478813,FDCPX,technology,2004
2004-03-09,-0.008117339361063725,FDCPX,technology,2004
2004-03-10,0.008650188552894122,FDCPX,technology,2004
2004-03-11,0.012880824854423942,FDCPX,technology,2004
2004-03-12,0.004585527232854301,FDCPX,technology,2004
2004-03-15,-0.007871635498451688,FDCPX,technology,2004
2004-03-16,-0.004422649913254589,FDCPX,technology,2004
2004-03-17,0.0037659813137874386,FDCPX,technology,2004
2004-03-18,-0.009497878336070754,FDCPX,technology,2004
2004-03-19,0.0021228759064000347,FDCPX,technology,2004
2004-03-22,-0.00042546552450915126,FDCPX,technology,2004
2004-03-23,0.0037986853180741282,FDCPX,technology,2004
2004-03-24,0.007336121594347786,FDCPX,technology,2004
2004-03-25,0.018513606088525564,FDCPX,technology,2004
2004-03-26,-0.003948750620037663,FDCPX,technology,2004
2004-03-29,-0.00022032048532038065,FDCPX,technology,2004
2004-03-30,-0.0005933322070281249,FDCPX,technology,2004
2004-03-31,-0.005554954987245186,FDCPX,technology,2004
2004-04-01,0.004553711023686303,FDCPX,technology,2004
2004-04-02,0.013064641133644464,FDCPX,technology,2004
2004-04-05,0.0030226298966910432,FDCPX,technology,2004
2004-04-06,-0.009914569761504191,FDCPX,technology,2004
2004-04-07,0.0020927824956741524,FDCPX,technology,2004
2004-04-08,0.01080762558396611,FDCPX,technology,2004
2004-04-12,-0.0013806354756740235,FDCPX,technology,2004
2004-04-13,0.005294731252698994,FDCPX,technology,2004
2004-04-14,-0.007534364808922979,FDCPX,technology,2004
2004-04-15,-0.01355788746297052,FDCPX,technology,2004
2004-04-16,-0.02504222681281989,FDCPX,technology,2004
2004-04-19,0.012237569168554292,FDCPX,technology,2004
2004-04-20,0.003048756415533812,FDCPX,technology,2004
2004-04-21,-0.00013169112776315745,FDCPX,technology,2004
2004-04-22,-0.012333019517009563,FDCPX,technology,2004
2004-04-23,0.011734693057189818,FDCPX,technology,2004
2004-04-26,-0.014426765133897736,FDCPX,technology,2004
2004-04-27,-0.011663992445971575,FDCPX,technology,2004
2004-04-28,-0.0025407757742939886,FDCPX,technology,2004
2004-04-29,-0.012202343942817252,FDCPX,technology,2004
2004-04-30,-0.012168622881886113,FDCPX,technology,2004
2004-05-03,-0.01568243084127538,FDCPX,technology,2004
2004-05-04,0.01948830922991968,FDCPX,technology,2004
2004-05-05,-0.0027295379081246143,FDCPX,technology,2004
2004-05-06,0.006207452152364323,FDCPX,technology,2004
2004-05-07,0.029528011090055522,FDCPX,technology,2004
2004-05-10,0.006448519967549788,FDCPX,technology,2004
2004-05-11,0.010212569940345058,FDCPX,technology,2004
2004-05-12,-0.019709876874014966,FDCPX,technology,2004
2004-05-13,0.006528360107073991,FDCPX,technology,2004
2004-05-14,-0.021700841167803565,FDCPX,technology,2004
2004-05-17,-0.005195802470147153,FDCPX,technology,2004
2004-05-18,0.008577396706683508,FDCPX,technology,2004
2004-05-19,0.01618751227954314,FDCPX,technology,2004
2004-05-20,-0.011192233786324344,FDCPX,technology,2004
2004-05-21,0.006532946979406297,FDCPX,technology,2004
2004-05-24,0.00432782423966886,FDCPX,technology,2004
2004-05-25,0.002662925896001058,FDCPX,technology,2004
2004-05-26,0.00480731295109346,FDCPX,technology,2004
2004-05-27,-0.0025119840136292133,FDCPX,technology,2004
2004-05-28,0.006655454228519662,FDCPX,technology,2004
2004-06-01,0.0005440891424543454,FDCPX,technology,2004
2004-06-02,-0.013117543863105981,FDCPX,technology,2004
2004-06-03,-0.007194562525690949,FDCPX,technology,2004
2004-06-04,0.004896663905836169,FDCPX,technology,2004
2004-06-07,0.005467711421195225,FDCPX,technology,2004
2004-06-08,0.001021110327434114,FDCPX,technology,2004
2004-06-09,-0.008417550961185488,FDCPX,technology,2004
2004-06-10,-0.0057795395306819665,FDCPX,technology,2004
2004-06-14,-0.004866017304240699,FDCPX,technology,2004
2004-06-15,0.0032744359449393533,FDCPX,technology,2004
2004-06-16,-0.003993302105158172,FDCPX,technology,2004
2004-06-17,-0.017509645032566686,FDCPX,technology,2004
2004-06-18,-0.0023380964136486583,FDCPX,technology,2004
2004-06-21,-0.001006936937511694,FDCPX,technology,2004
2004-06-22,0.016231084572381142,FDCPX,technology,2004
2004-06-23,0.008722731010296612,FDCPX,technology,2004
2004-06-24,-0.002344176520341773,FDCPX,technology,2004
2004-06-25,0.01957316220020184,FDCPX,technology,2004
2004-06-28,-0.007056974317527571,FDCPX,technology,2004
2004-06-29,0.008079692827523606,FDCPX,technology,2004
2004-06-30,0.00015276903294088144,FDCPX,technology,2004
2004-07-01,-0.008689179691602492,FDCPX,technology,2004
2004-07-02,-0.013232158354201414,FDCPX,technology,2004
2004-07-06,-0.02388592109974242,FDCPX,technology,2004
2004-07-07,0.006259379302088014,FDCPX,technology,2004
2004-07-08,-0.0026109732310492517,FDCPX,technology,2004
2004-07-09,0.008748369638403206,FDCPX,technology,2004
2004-07-12,-0.013037731070520957,FDCPX,technology,2004
2004-07-13,-0.0039036213926994644,FDCPX,technology,2004
2004-07-14,-0.023074319995692486,FDCPX,technology,2004
2004-07-15,0.01469892126916731,FDCPX,technology,2004
2004-07-16,-0.01544662447284073,FDCPX,technology,2004
2004-07-19,0.009534856947057148,FDCPX,technology,2004
2004-07-20,0.004191625207019326,FDCPX,technology,2004
2004-07-21,-0.0025534155189977717,FDCPX,technology,2004
2004-07-22,0.013208949176398525,FDCPX,technology,2004
2004-07-23,-0.010899231744384823,FDCPX,technology,2004
2004-07-26,-0.006890827454597617,FDCPX,technology,2004
2004-07-27,-0.0005619608602782031,FDCPX,technology,2004
2004-07-28,-0.009816569556528638,FDCPX,technology,2004
2004-07-29,0.017306295107138443,FDCPX,technology,2004
2004-07-30,0.004963985923699996,FDCPX,technology,2004
2004-08-02,-0.0010165649623734094,FDCPX,technology,2004
2004-08-03,-0.013417892173915098,FDCPX,technology,2004
2004-08-04,0.0015216657813320498,FDCPX,technology,2004
2004-08-05,0.012738785277257728,FDCPX,technology,2004
2004-08-06,-0.007324290988046874,FDCPX,technology,2004
2004-08-09,-0.004700063866866781,FDCPX,technology,2004
2004-08-10,-0.004003507279813023,FDCPX,technology,2004
2004-08-11,-0.03392218421621852,FDCPX,technology,2004
2004-08-12,-0.011050792367603115,FDCPX,technology,2004
2004-08-13,0.004918452658289163,FDCPX,technology,2004
2004-08-16,-0.003551946751694358,FDCPX,technology,2004
2004-08-17,0.007171283052781684,FDCPX,technology,2004
2004-08-18,0.015460188418045365,FDCPX,technology,2004
2004-08-19,-0.00012613121984532752,FDCPX,technology,2004
2004-08-20,-0.005063128460390979,FDCPX,technology,2004
2004-08-23,0.014125486366055665,FDCPX,technology,2004
2004-08-24,-0.013468340764521365,FDCPX,technology,2004
2004-08-25,0.0032461509763273815,FDCPX,technology,2004
2004-08-26,-0.0074948715537299085,FDCPX,technology,2004
2004-08-27,0.00285852487758957,FDCPX,technology,2004
2004-08-30,-0.0030734506519620227,FDCPX,technology,2004
2004-08-31,-0.01298358613399169,FDCPX,technology,2004
2004-09-01,0.008153718055641006,FDCPX,technology,2004
2004-09-02,-0.009251664496647608,FDCPX,technology,2004
2004-09-03,-0.022918042544149968,FDCPX,technology,2004
2004-09-07,-0.007111506835681291,FDCPX,technology,2004
2004-09-08,0.0008275750551582721,FDCPX,technology,2004
2004-09-09,0.03369065058173678,FDCPX,technology,2004
2004-09-10,0.01953121805781992,FDCPX,technology,2004
2004-09-13,0.010145907896101869,FDCPX,technology,2004
2004-09-14,-0.003884260927512594,FDCPX,technology,2004
2004-09-15,-0.012169654618650548,FDCPX,technology,2004
2004-09-16,0.0009219978791022475,FDCPX,technology,2004
2004-09-17,0.0005838712022205742,FDCPX,technology,2004
2004-09-20,0.024464140160228038,FDCPX,technology,2004
2004-09-21,0.0012662366638567712,FDCPX,technology,2004
2004-09-22,-0.001089751310010708,FDCPX,technology,2004
2004-09-23,0.011734579178695624,FDCPX,technology,2004
2004-09-24,-0.020745326746131915,FDCPX,technology,2004
2004-09-27,-0.0018877931181708538,FDCPX,technology,2004
2004-09-28,-0.006329967318968832,FDCPX,technology,2004
2004-09-29,-0.007414999304517811,FDCPX,technology,2004
2004-09-30,0.022102624260407388,FDCPX,technology,2004
2004-10-01,0.009388713183607778,FDCPX,technology,2004
2004-10-04,0.012289283458667987,FDCPX,technology,2004
2004-10-05,0.0004967040895466721,FDCPX,technology,2004
2004-10-06,-0.002350114446318493,FDCPX,technology,2004
2004-10-07,0.00818455978970408,FDCPX,technology,2004
2004-10-08,-0.007065421927367815,FDCPX,technology,2004
2004-10-11,-0.003928237320252876,FDCPX,technology,2004
2004-10-12,-0.0018253527777685316,FDCPX,technology,2004
2004-10-13,0.021169824467215485,FDCPX,technology,2004
2004-10-14,0.0032503839833827233,FDCPX,technology,2004
2004-10-15,-0.006351255455925838,FDCPX,technology,2004
2004-10-18,0.006836956343864103,FDCPX,technology,2004
2004-10-19,0.015925442967604505,FDCPX,technology,2004
2004-10-20,0.01108228603324152,FDCPX,technology,2004
2004-10-21,0.012192949327806164,FDCPX,technology,2004
2004-10-22,-0.0010980790330346497,FDCPX,technology,2004
2004-10-25,0.0022922113969116188,FDCPX,technology,2004
2004-10-26,-0.02429919688745899,FDCPX,technology,2004
2004-10-27,0.010405165459274054,FDCPX,technology,2004
2004-10-28,0.0018131981511659602,FDCPX,technology,2004
2004-10-29,0.0034894300028141473,FDCPX,technology,2004
2004-11-01,-0.0021549672555481016,FDCPX,technology,2004
2004-11-02,0.005735652752239756,FDCPX,technology,2004
2004-11-03,-0.01683748482652391,FDCPX,technology,2004
2004-11-04,-0.013932315127250263,FDCPX,technology,2004
2004-11-05,0.0019230674750437358,FDCPX,technology,2004
2004-11-08,0.0024418894577995123,FDCPX,technology,2004
2004-11-09,-0.0015732422903825477,FDCPX,technology,2004
2004-11-10,-0.01393365194151282,FDCPX,technology,2004
2004-11-11,0.008796032853476294,FDCPX,technology,2004
2004-11-12,0.01156463931449461,FDCPX,technology,2004
2004-11-15,0.006198714702135183,FDCPX,technology,2004
2004-11-16,0.002310433463294634,FDCPX,technology,2004
2004-11-17,0.012706111100549167,FDCPX,technology,2004
2004-11-18,0.004897838765768225,FDCPX,technology,2004
2004-11-19,-0.0040687305077456645,FDCPX,technology,2004
2004-11-22,-0.0005167681470617264,FDCPX,technology,2004
2004-11-23,-0.006725701540811917,FDCPX,technology,2004
2004-11-24,0.0054043415417213934,FDCPX,technology,2004
2004-11-26,-0.0012710038715470027,FDCPX,technology,2004
2004-11-29,0.009826515097281583,FDCPX,technology,2004
2004-11-30,-0.007683334361963601,FDCPX,technology,2004
2004-12-01,0.00940321078718196,FDCPX,technology,2004
2004-12-02,0.00021249761767899093,FDCPX,technology,2004
2004-12-03,0.010082993254078488,FDCPX,technology,2004
2004-12-06,0.010040308701678321,FDCPX,technology,2004
2004-12-07,-0.003942292867277854,FDCPX,technology,2004
2004-12-08,-0.01474569136689547,FDCPX,technology,2004
2004-12-09,-0.009038195043035954,FDCPX,technology,2004
2004-12-10,-0.004683195989307754,FDCPX,technology,2004
2004-12-13,-0.007253605291865686,FDCPX,technology,2004
2004-12-14,0.0040353081126419015,FDCPX,technology,2004
2004-12-15,0.005806062556971551,FDCPX,technology,2004
2004-12-16,-0.00803605959796269,FDCPX,technology,2004
2004-12-17,0.0025628861463708724,FDCPX,technology,2004
2004-12-20,-0.009268628520745918,FDCPX,technology,2004
2004-12-21,0.0029194147332734805,FDCPX,technology,2004
2004-12-22,-0.0017372649236357778,FDCPX,technology,2004
2004-12-23,0.0009447833213990605,FDCPX,technology,2004
2004-12-27,-0.0005562671775318885,FDCPX,technology,2004
2004-12-28,-0.00321648344500022,FDCPX,technology,2004
2004-12-29,0.0032002494095374574,FDCPX,technology,2004
2004-12-30,0.007775334529450685,FDCPX,technology,2004
2005-01-05,0.0007363555568435888,FDCPX,technology,2005
2005-01-06,-0.01253216456111936,FDCPX,technology,2005
2005-01-07,0.006079276489456522,FDCPX,technology,2005
2005-01-10,-0.0010377080200072268,FDCPX,technology,2005
2005-01-11,-0.006191460564106225,FDCPX,technology,2005
2005-01-12,0.006342318894347564,FDCPX,technology,2005
2005-01-13,0.0028018963483321235,FDCPX,technology,2005
2005-01-14,0.006848111359273779,FDCPX,technology,2005
2005-01-18,-0.002551722523577474,FDCPX,technology,2005
2005-01-19,-0.010669860655978025,FDCPX,technology,2005
2005-01-20,-0.0020821308769009023,FDCPX,technology,2005
2005-01-21,0.0003220621513680376,FDCPX,technology,2005
2005-01-24,-0.015976727345907164,FDCPX,technology,2005
2005-01-25,0.0018513413169106018,FDCPX,technology,2005
2005-01-26,0.015342300748822698,FDCPX,technology,2005
2005-01-27,0.0032825091151852982,FDCPX,technology,2005
2005-01-28,-0.00458803560217299,FDCPX,technology,2005
2005-01-31,0.011128531091824137,FDCPX,technology,2005
2005-02-01,-0.0034322743110285856,FDCPX,technology,2005
2005-02-02,-0.0012765898138936038,FDCPX,technology,2005
2005-02-03,-0.00789840812523578,FDCPX,technology,2005
2005-02-04,0.017135247477355123,FDCPX,technology,2005
2005-02-07,0.00026746263135420524,FDCPX,technology,2005
2005-02-08,0.009831383663546843,FDCPX,technology,2005
2005-02-09,-0.010046490505961393,FDCPX,technology,2005
2005-02-10,-0.004300203362796356,FDCPX,technology,2005
2005-02-11,0.010581652224804136,FDCPX,technology,2005
2005-02-14,0.007167682450266332,FDCPX,technology,2005
2005-02-15,0.0044955366029744365,FDCPX,technology,2005
2005-02-16,-0.003897814911431997,FDCPX,technology,2005
2005-02-17,-0.007146572278842023,FDCPX,technology,2005
2005-02-18,-4.210509800468246e-05,FDCPX,technology,2005
2005-02-22,0.009107511949820004,FDCPX,technology,2005
2005-02-23,-0.011447902962558227,FDCPX,technology,2005
2005-02-24,0.006482560357015096,FDCPX,technology,2005
2005-02-25,-0.0008052602573845949,FDCPX,technology,2005
2005-02-28,0.0012150854683692326,FDCPX,technology,2005
2005-03-01,0.009490269253785679,FDCPX,technology,2005
2005-03-02,-0.006591043377041469,FDCPX,technology,2005
2005-03-03,-0.013943763208764124,FDCPX,technology,2005
2005-03-04,-0.008255579246098259,FDCPX,technology,2005
2005-03-07,0.013866098857862134,FDCPX,technology,2005
2005-03-08,-0.009840653946574567,FDCPX,technology,2005
2005-03-09,0.0073287466394394265,FDCPX,technology,2005
2005-03-10,0.005049137188956094,FDCPX,technology,2005
2005-03-11,-0.007263131896891649,FDCPX,technology,2005
2005-03-14,-0.004563635212703816,FDCPX,technology,2005
2005-03-15,-0.00666640735388957,FDCPX,technology,2005
2005-03-16,-0.0007340658418836417,FDCPX,technology,2005
2005-03-17,-0.00015705285936762174,FDCPX,technology,2005
2005-03-18,-0.0018299894498868406,FDCPX,technology,2005
2005-03-21,0.008567345427392455,FDCPX,technology,2005
2005-03-22,0.0022163417125258024,FDCPX,technology,2005
2005-03-23,0.004454212258063739,FDCPX,technology,2005
2005-03-24,-0.0016490458980295954,FDCPX,technology,2005
2005-03-28,-0.001929876777361222,FDCPX,technology,2005
2005-03-29,-0.006795760167041242,FDCPX,technology,2005
2005-03-30,0.004740349329264877,FDCPX,technology,2005
2005-03-31,-0.001852696627881104,FDCPX,technology,2005
2005-04-01,-0.004353864273939004,FDCPX,technology,2005
2005-04-04,-0.003116607888060773,FDCPX,technology,2005
2005-04-05,-0.0034648915249366934,FDCPX,technology,2005
2005-04-06,-0.006877072510576822,FDCPX,technology,2005
2005-04-07,0.009165149540095917,FDCPX,technology,2005
2005-04-08,0.0045787844958126225,FDCPX,technology,2005
2005-04-11,-0.010785696408847512,FDCPX,technology,2005
2005-04-12,-0.0036031843405418137,FDCPX,technology,2005
2005-04-13,-0.010943053729784687,FDCPX,technology,2005
2005-04-14,-0.006738795536301719,FDCPX,technology,2005
2005-04-15,-0.019140080484294653,FDCPX,technology,2005
2005-04-18,0.0008558972533181225,FDCPX,technology,2005
2005-04-19,0.017683250355418578,FDCPX,technology,2005
2005-04-20,0.004849844455067993,FDCPX,technology,2005
2005-04-21,0.009124030251649169,FDCPX,technology,2005
2005-04-22,-0.01645681776332842,FDCPX,technology,2005
2005-04-25,-0.001543733828479072,FDCPX,technology,2005
2005-04-26,-0.002313087271487246,FDCPX,technology,2005
2005-04-27,-0.009478045199036023,FDCPX,technology,2005
2005-04-28,0.0060523210042033974,FDCPX,technology,2005
2005-04-29,-0.0032865758819535743,FDCPX,technology,2005
2005-05-02,-0.007510653785849235,FDCPX,technology,2005
2005-05-03,-0.0009578125149710426,FDCPX,technology,2005
2005-05-04,0.01365684611680473,FDCPX,technology,2005
2005-05-05,-0.0018572382666134763,FDCPX,technology,2005
2005-05-06,0.010385743951002478,FDCPX,technology,2005
2005-05-09,-0.003773379062400511,FDCPX,technology,2005
2005-05-10,-0.0001615601251092353,FDCPX,technology,2005
2005-05-11,-0.002608859890852545,FDCPX,technology,2005
2005-05-12,0.013683366879371614,FDCPX,technology,2005
2005-05-13,0.024164629211348633,FDCPX,technology,2005
2005-05-16,-0.0014041516527648935,FDCPX,technology,2005
2005-05-17,-0.0019083224551204297,FDCPX,technology,2005
2005-05-18,0.001960018008817824,FDCPX,technology,2005
2005-05-19,0.004304391636818605,FDCPX,technology,2005
2005-05-20,0.005694709716552544,FDCPX,technology,2005
2005-05-23,-0.004074039324416548,FDCPX,technology,2005
2005-05-24,0.011686194891997006,FDCPX,technology,2005
2005-05-25,-0.0076685158202446715,FDCPX,technology,2005
2005-05-26,0.0070190323456888375,FDCPX,technology,2005
2005-05-27,-0.0009944683453642546,FDCPX,technology,2005
2005-05-31,0.003838417948306444,FDCPX,technology,2005
2005-06-01,-0.00011990310455930846,FDCPX,technology,2005
2005-06-02,0.006254181789255704,FDCPX,technology,2005
2005-06-03,-0.005908303002300849,FDCPX,technology,2005
2005-06-06,0.0006909000872610213,FDCPX,technology,2005
2005-06-07,-0.008387752990773085,FDCPX,technology,2005
2005-06-08,0.002866893557265434,FDCPX,technology,2005
2005-06-09,0.007267229306273197,FDCPX,technology,2005
2005-06-10,-0.010137602420546109,FDCPX,technology,2005
2005-06-13,0.0005661825209681186,FDCPX,technology,2005
2005-06-14,-0.0084011137173369,FDCPX,technology,2005
2005-06-15,0.003423711490214243,FDCPX,technology,2005
2005-06-16,0.004993565227600492,FDCPX,technology,2005
2005-06-17,-0.0026746517502991628,FDCPX,technology,2005
2005-06-20,-0.006439262317374237,FDCPX,technology,2005
2005-06-21,0.005128985471921375,FDCPX,technology,2005
2005-06-22,0.004534193454974733,FDCPX,technology,2005
2005-06-23,0.01033183863170292,FDCPX,technology,2005
2005-06-24,-0.010357621990472594,FDCPX,technology,2005
2005-06-27,-0.01363184560378242,FDCPX,technology,2005
2005-06-28,-0.0027560299953705014,FDCPX,technology,2005
2005-06-29,0.0005489188003366691,FDCPX,technology,2005
2005-06-30,0.0027025210224993616,FDCPX,technology,2005
2005-07-01,-0.002082371779657873,FDCPX,technology,2005
2005-07-05,0.0005929571952461611,FDCPX,technology,2005
2005-07-06,0.011565507811654873,FDCPX,technology,2005
2005-07-07,-0.0005611650278276453,FDCPX,technology,2005
2005-07-08,0.004290476564017473,FDCPX,technology,2005
2005-07-11,0.004660738259465566,FDCPX,technology,2005
2005-07-12,0.0019027891568835307,FDCPX,technology,2005
2005-07-13,0.00267484537512456,FDCPX,technology,2005
2005-07-14,0.006056524913456926,FDCPX,technology,2005
2005-07-15,0.001992143039572514,FDCPX,technology,2005
2005-07-18,0.00020008481667985883,FDCPX,technology,2005
2005-07-19,0.01040521264858335,FDCPX,technology,2005
2005-07-20,0.0014249876461379842,FDCPX,technology,2005
2005-07-21,0.002031799005832744,FDCPX,technology,2005
2005-07-22,-0.008223712176950001,FDCPX,technology,2005
2005-07-25,-0.0018484775150456123,FDCPX,technology,2005
2005-07-26,-0.003581239401076821,FDCPX,technology,2005
2005-07-27,-0.0026701999822081714,FDCPX,technology,2005
2005-07-28,-0.005598317896612836,FDCPX,technology,2005
2005-07-29,0.002353789366764933,FDCPX,technology,2005
2005-08-01,0.0032696620134210785,FDCPX,technology,2005
2005-08-02,0.005816630899993245,FDCPX,technology,2005
2005-08-03,-0.007053610367678107,FDCPX,technology,2005
2005-08-04,-0.005724708841922282,FDCPX,technology,2005
2005-08-05,0.0024498785348786977,FDCPX,technology,2005
2005-08-08,-0.003280983250083654,FDCPX,technology,2005
2005-08-09,-0.0016212568779251082,FDCPX,technology,2005
2005-08-10,-0.0056495686281616345,FDCPX,technology,2005
2005-08-11,0.004035608834793842,FDCPX,technology,2005
2005-08-12,-0.0038691194621706523,FDCPX,technology,2005
2005-08-15,0.0030360053431556355,FDCPX,technology,2005
2005-08-16,-0.000777051172345191,FDCPX,technology,2005
2005-08-17,0.012830699788954243,FDCPX,technology,2005
2005-08-18,-0.0075040186357689985,FDCPX,technology,2005
2005-08-19,-0.005380244562941506,FDCPX,technology,2005
2005-08-22,0.00450126160703551,FDCPX,technology,2005
2005-08-23,-0.0004944117458949042,FDCPX,technology,2005
2005-08-24,0.0033087699909721217,FDCPX,technology,2005
2005-08-25,0.0013682761024326386,FDCPX,technology,2005
2005-08-26,0.0018439040789074192,FDCPX,technology,2005
2005-08-29,-0.003688704255714886,FDCPX,technology,2005
2005-08-30,0.003791167460100071,FDCPX,technology,2005
2005-08-31,-0.004043484738337086,FDCPX,technology,2005
2005-09-01,-0.004274884056291247,FDCPX,technology,2005
2005-09-02,0.00308154943845521,FDCPX,technology,2005
2005-09-06,0.0028612067871403458,FDCPX,technology,2005
2005-09-07,-0.003012400345518293,FDCPX,technology,2005
2005-09-08,0.012236964784755083,FDCPX,technology,2005
2005-09-09,-0.004895344836542398,FDCPX,technology,2005
2005-09-12,0.003830012674443996,FDCPX,technology,2005
2005-09-13,0.004449555190586557,FDCPX,technology,2005
2005-09-14,-0.007805229603750162,FDCPX,technology,2005
2005-09-15,-0.010035975992903791,FDCPX,technology,2005
2005-09-16,-0.0005822169107251559,FDCPX,technology,2005
2005-09-19,-0.002770020739901861,FDCPX,technology,2005
2005-09-20,0.005088642414773604,FDCPX,technology,2005
2005-09-21,-0.003231114410015631,FDCPX,technology,2005
2005-09-22,-0.003096590615431949,FDCPX,technology,2005
2005-09-23,0.0033362089857395744,FDCPX,technology,2005
2005-09-26,-0.004421918273249544,FDCPX,technology,2005
2005-09-27,-0.008866025177881126,FDCPX,technology,2005
2005-09-28,-0.0011182352882945206,FDCPX,technology,2005
2005-09-29,0.00018789340986115517,FDCPX,technology,2005
2005-09-30,0.008223991825162653,FDCPX,technology,2005
2005-10-03,0.006729623047305063,FDCPX,technology,2005
2005-10-04,-0.003324221249745114,FDCPX,technology,2005
2005-10-05,-0.002378540632884762,FDCPX,technology,2005
2005-10-06,-0.007081388417791029,FDCPX,technology,2005
2005-10-07,-0.0014778354006755867,FDCPX,technology,2005
2005-10-10,-0.0015367527459833798,FDCPX,technology,2005
2005-10-11,-0.008500212729510324,FDCPX,technology,2005
2005-10-12,0.0029584290859380764,FDCPX,technology,2005
2005-10-13,0.010540678021092043,FDCPX,technology,2005
2005-10-14,-0.010190607874038657,FDCPX,technology,2005
2005-10-17,-0.0014464717832545731,FDCPX,technology,2005
2005-10-18,0.003032414466111742,FDCPX,technology,2005
2005-10-19,-0.010908863112395289,FDCPX,technology,2005
2005-10-20,0.01910701878714471,FDCPX,technology,2005
2005-10-21,-0.001374523392941461,FDCPX,technology,2005
2005-10-24,-0.01001751401921942,FDCPX,technology,2005
2005-10-25,-0.010161124691727986,FDCPX,technology,2005
2005-10-26,0.0017089267058876553,FDCPX,technology,2005
2005-10-27,0.0006857994903805738,FDCPX,technology,2005
2005-10-28,-0.011691680006753016,FDCPX,technology,2005
2005-10-31,0.016128039028600168,FDCPX,technology,2005
2005-11-01,-0.017754635305557896,FDCPX,technology,2005
2005-11-02,0.009038041510949696,FDCPX,technology,2005
2005-11-03,0.008424581416268237,FDCPX,technology,2005
2005-11-04,0.006035212828185394,FDCPX,technology,2005
2005-11-07,0.004060503104978756,FDCPX,technology,2005
2005-11-08,-0.009466008918789291,FDCPX,technology,2005
2005-11-09,0.0028576945332655598,FDCPX,technology,2005
2005-11-10,-0.0008313804688948757,FDCPX,technology,2005
2005-11-11,-0.0003624461957627669,FDCPX,technology,2005
2005-11-14,0.0037212747726892664,FDCPX,technology,2005
2005-11-15,-0.0013994580303026156,FDCPX,technology,2005
2005-11-16,-0.002267504251893642,FDCPX,technology,2005
2005-11-17,0.0022337226492470195,FDCPX,technology,2005
2005-11-18,0.0029494488983261213,FDCPX,technology,2005
2005-11-21,-0.0022308638208872215,FDCPX,technology,2005
2005-11-22,0.00386444306386766,FDCPX,technology,2005
2005-11-23,0.0018751252934287857,FDCPX,technology,2005
2005-11-25,0.0023874287464359613,FDCPX,technology,2005
2005-11-28,0.00014081462020477942,FDCPX,technology,2005
2005-11-29,-0.0001804913027016956,FDCPX,technology,2005
2005-11-30,0.007021311874126028,FDCPX,technology,2005
2005-12-01,0.014564146601557327,FDCPX,technology,2005
2005-12-02,0.000990320242866878,FDCPX,technology,2005
2005-12-05,-0.0008896379796686882,FDCPX,technology,2005
2005-12-06,0.005123161671451556,FDCPX,technology,2005
2005-12-07,0.002412185355253926,FDCPX,technology,2005
2005-12-08,-0.0070852791826422415,FDCPX,technology,2005
2005-12-09,0.003550701698057558,FDCPX,technology,2005
2005-12-12,0.002404579808714019,FDCPX,technology,2005
2005-12-13,-0.013936592595434096,FDCPX,technology,2005
2005-12-14,-0.006510456262266753,FDCPX,technology,2005
2005-12-15,0.002625921101938434,FDCPX,technology,2005
2005-12-16,-0.0018651079614714098,FDCPX,technology,2005
2005-12-19,-0.009247678851771728,FDCPX,technology,2005
2005-12-20,-0.0010819747742649292,FDCPX,technology,2005
2005-12-21,0.0009663152109664968,FDCPX,technology,2005
2005-12-22,0.001321002491448676,FDCPX,technology,2005
2005-12-23,0.003716409995621304,FDCPX,technology,2005
2005-12-27,0.00035685186149040857,FDCPX,technology,2005
2005-12-28,-0.002216414972367713,FDCPX,technology,2005
2005-12-29,-0.0003211499174751451,FDCPX,technology,2005
2005-12-30,-0.0006448021001776777,FDCPX,technology,2005
2006-01-04,0.005156483662395818,FDCPX,technology,2006
2006-01-05,0.007336121110568838,FDCPX,technology,2006
2006-01-06,0.0025218771511531183,FDCPX,technology,2006
2006-01-09,0.004824114287699579,FDCPX,technology,2006
2006-01-10,0.004248700471179919,FDCPX,technology,2006
2006-01-11,0.004417434473518415,FDCPX,technology,2006
2006-01-12,0.0002791905842850521,FDCPX,technology,2006
2006-01-13,0.0026731204799093754,FDCPX,technology,2006
2006-01-17,-0.005018483379336379,FDCPX,technology,2006
2006-01-18,-0.007071067231461411,FDCPX,technology,2006
2006-01-19,0.006073105873396091,FDCPX,technology,2006
2006-01-20,-0.002818728252165611,FDCPX,technology,2006
2006-01-23,-0.003081359712010844,FDCPX,technology,2006
2006-01-24,0.005721651231532447,FDCPX,technology,2006
2006-01-25,1.3040036598623516e-05,FDCPX,technology,2006
2006-01-26,-0.0033211695070070294,FDCPX,technology,2006
2006-01-27,-0.011028878572297581,FDCPX,technology,2006
2006-01-30,0.007806350357486865,FDCPX,technology,2006
2006-01-31,0.007595746562816704,FDCPX,technology,2006
2006-02-01,-0.004251390516548576,FDCPX,technology,2006
2006-02-02,-0.0003256215384879399,FDCPX,technology,2006
2006-02-03,-0.0004322874496889466,FDCPX,technology,2006
2006-02-06,-0.005564347894866423,FDCPX,technology,2006
2006-02-07,0.011751601439917847,FDCPX,technology,2006
2006-02-08,0.005741364332749551,FDCPX,technology,2006
2006-02-09,-0.003235494587105293,FDCPX,technology,2006
2006-02-10,-0.00019460828386207467,FDCPX,technology,2006
2006-02-13,-0.009722994589708543,FDCPX,technology,2006
2006-02-14,-0.0017217987878100985,FDCPX,technology,2006
2006-02-15,-0.003558945818934998,FDCPX,technology,2006
2006-02-16,0.0065833383210895675,FDCPX,technology,2006
2006-02-17,-0.006212670456588991,FDCPX,technology,2006
2006-02-21,-0.008480786650343106,FDCPX,technology,2006
2006-02-22,0.0008059207010217518,FDCPX,technology,2006
2006-02-23,-0.0013682428904613405,FDCPX,technology,2006
2006-02-24,-0.0006539333710636561,FDCPX,technology,2006
2006-02-27,0.010264900037405033,FDCPX,technology,2006
2006-02-28,0.004462668066227294,FDCPX,technology,2006
2006-03-01,0.008918235229304539,FDCPX,technology,2006
2006-03-02,0.002312821604453875,FDCPX,technology,2006
2006-03-03,-0.0027503273841265946,FDCPX,technology,2006
2006-03-06,-0.002389213530902003,FDCPX,technology,2006
2006-03-07,-0.009455278966319626,FDCPX,technology,2006
2006-03-08,-0.008634864704368785,FDCPX,technology,2006
2006-03-09,-4.5346027045692e-05,FDCPX,technology,2006
2006-03-10,-0.011316024442230994,FDCPX,technology,2006
2006-03-13,0.005497432785735561,FDCPX,technology,2006
2006-03-14,0.0033103288400191198,FDCPX,technology,2006
2006-03-15,-0.0026919684219568916,FDCPX,technology,2006
2006-03-16,-0.015388581464868135,FDCPX,technology,2006
2006-03-17,6.358478594921716e-05,FDCPX,technology,2006
2006-03-20,0.006840981022150385,FDCPX,technology,2006
2006-03-21,0.0002969456275442577,FDCPX,technology,2006
2006-03-22,-0.009713687857478195,FDCPX,technology,2006
2006-03-23,0.0020911514537312152,FDCPX,technology,2006
2006-03-24,0.0028614882255843382,FDCPX,technology,2006
2006-03-27,0.005041159082405886,FDCPX,technology,2006
2006-03-28,0.0016805502441375438,FDCPX,technology,2006
2006-03-29,0.014669922890742123,FDCPX,technology,2006
2006-03-30,0.003028537999654158,FDCPX,technology,2006
2006-03-31,-0.0036320883508540345,FDCPX,technology,2006
2006-04-03,0.004073329911693838,FDCPX,technology,2006
2006-04-04,-0.0050544269489002595,FDCPX,technology,2006
2006-04-05,0.014480064190493292,FDCPX,technology,2006
2006-04-06,0.00726173111054064,FDCPX,technology,2006
2006-04-07,0.0027277642471128048,FDCPX,technology,2006
2006-04-10,-0.008994204038576486,FDCPX,technology,2006
2006-04-11,0.0023470681534649845,FDCPX,technology,2006
2006-04-12,-0.0016003297851978383,FDCPX,technology,2006
2006-04-13,0.004277303300103105,FDCPX,technology,2006
2006-04-17,-0.009404004677705987,FDCPX,technology,2006
2006-04-18,0.0033404865705665525,FDCPX,technology,2006
2006-04-19,-0.0016722090040463028,FDCPX,technology,2006
2006-04-20,0.001137693370949156,FDCPX,technology,2006
2006-04-21,-0.011000914026852063,FDCPX,technology,2006
2006-04-24,-0.00398906719299159,FDCPX,technology,2006
2006-04-25,0.009376749988085352,FDCPX,technology,2006
2006-04-26,0.004293204821985914,FDCPX,technology,2006
2006-04-27,-0.003495254404827226,FDCPX,technology,2006
2006-04-28,-0.007546087722871943,FDCPX,technology,2006
2006-05-01,0.0037174625468651664,FDCPX,technology,2006
2006-05-02,-0.004438240980665457,FDCPX,technology,2006
2006-05-03,0.008038356920865101,FDCPX,technology,2006
2006-05-04,0.005796938500008455,FDCPX,technology,2006
2006-05-05,-0.005784670107132619,FDCPX,technology,2006
2006-05-08,0.0030431225804689005,FDCPX,technology,2006
2006-05-09,-0.008464280041862435,FDCPX,technology,2006
2006-05-10,-0.013467809327358537,FDCPX,technology,2006
2006-05-11,-0.005792548559131368,FDCPX,technology,2006
2006-05-12,0.009056498966766375,FDCPX,technology,2006
2006-05-15,-0.010768444604199588,FDCPX,technology,2006
2006-05-16,-0.012472865584411064,FDCPX,technology,2006
2006-05-17,0.02348652888184656,FDCPX,technology,2006
2006-05-18,0.005498504242858718,FDCPX,technology,2006
2006-05-19,0.008245346997337474,FDCPX,technology,2006
2006-05-22,-0.0039266865608886935,FDCPX,technology,2006
2006-05-23,-0.0010988673644262304,FDCPX,technology,2006
2006-05-24,-0.007266377378085522,FDCPX,technology,2006
2006-05-25,-0.01316650664695393,FDCPX,technology,2006
2006-05-26,0.0005505119207201052,FDCPX,technology,2006
2006-05-30,0.0019858460958642743,FDCPX,technology,2006
2006-05-31,-0.005261001061036805,FDCPX,technology,2006
2006-06-01,0.00021547943563994358,FDCPX,technology,2006
2006-06-02,-0.008022121094016947,FDCPX,technology,2006
2006-06-05,-0.0027228388989547526,FDCPX,technology,2006
2006-06-06,-0.0032251861157576744,FDCPX,technology,2006
2006-06-07,-0.0048538318045445086,FDCPX,technology,2006
2006-06-08,-0.005487007645586038,FDCPX,technology,2006
2006-06-09,0.001412550911259709,FDCPX,technology,2006
2006-06-12,-0.008444871363306138,FDCPX,technology,2006
2006-06-13,0.014500131359816697,FDCPX,technology,2006
2006-06-14,0.0002884328911977353,FDCPX,technology,2006
2006-06-15,0.005242423340353429,FDCPX,technology,2006
2006-06-16,0.007279902777273537,FDCPX,technology,2006
2006-06-19,0.0036624608828839103,FDCPX,technology,2006
2006-06-20,-0.008901072365022905,FDCPX,technology,2006
2006-06-21,0.007259542760913035,FDCPX,technology,2006
2006-06-22,-0.0012569792318066122,FDCPX,technology,2006
2006-06-23,-0.004383499374315612,FDCPX,technology,2006
2006-06-26,-0.004096247583481683,FDCPX,technology,2006
2006-06-27,-0.009748653932388709,FDCPX,technology,2006
2006-06-28,-0.011451349620449835,FDCPX,technology,2006
2006-06-29,0.006647858083869827,FDCPX,technology,2006
2006-06-30,-0.004390740977089326,FDCPX,technology,2006
2006-07-03,0.003087761081223244,FDCPX,technology,2006
2006-07-05,-0.00907844477333299,FDCPX,technology,2006
2006-07-06,-0.00620022375502516,FDCPX,technology,2006
2006-07-07,-0.006270021605437442,FDCPX,technology,2006
2006-07-10,-0.023554943430652883,FDCPX,technology,2006
2006-07-11,0.003671562376518901,FDCPX,technology,2006
2006-07-12,-0.007814135586422374,FDCPX,technology,2006
2006-07-13,0.005119135104059872,FDCPX,technology,2006
2006-07-14,-0.0020252095082011505,FDCPX,technology,2006
2006-07-17,0.003943847426805077,FDCPX,technology,2006
2006-07-18,-0.005536980169128049,FDCPX,technology,2006
2006-07-19,0.005952296221082624,FDCPX,technology,2006
2006-07-20,0.005232342443706704,FDCPX,technology,2006
2006-07-21,-0.018911350041653396,FDCPX,technology,2006
2006-07-24,-0.005481615230999628,FDCPX,technology,2006
2006-07-25,0.004752092509283631,FDCPX,technology,2006
2006-07-26,-0.006125731051735155,FDCPX,technology,2006
2006-07-27,-0.0024371109416700806,FDCPX,technology,2006
2006-07-28,0.005540913657451784,FDCPX,technology,2006
2006-07-31,0.0048538254193101395,FDCPX,technology,2006
2006-08-01,-0.012166529581549092,FDCPX,technology,2006
2006-08-02,0.001059225413532306,FDCPX,technology,2006
2006-08-03,0.01024167297842114,FDCPX,technology,2006
2006-08-04,0.002688597459422361,FDCPX,technology,2006
2006-08-07,-0.0029403395969951284,FDCPX,technology,2006
2006-08-08,-0.0028369711932112462,FDCPX,technology,2006
2006-08-09,0.010245450864470693,FDCPX,technology,2006
2006-08-10,0.005894826518814121,FDCPX,technology,2006
2006-08-11,-0.0044433046506420415,FDCPX,technology,2006
2006-08-14,0.010515927920056935,FDCPX,technology,2006
2006-08-15,0.015032184555534366,FDCPX,technology,2006
2006-08-16,0.016330070847998618,FDCPX,technology,2006
2006-08-17,0.0018938830983891218,FDCPX,technology,2006
2006-08-18,-0.0050067077352647016,FDCPX,technology,2006
2006-08-21,-0.008278446744486606,FDCPX,technology,2006
2006-08-22,0.0028275685803577483,FDCPX,technology,2006
2006-08-23,0.0011860253727385894,FDCPX,technology,2006
2006-08-24,0.00591830910032179,FDCPX,technology,2006
2006-08-25,0.0004718690099253806,FDCPX,technology,2006
2006-08-28,0.0021048836100913413,FDCPX,technology,2006
2006-08-29,0.009232291603413545,FDCPX,technology,2006
2006-08-30,0.011278145859963147,FDCPX,technology,2006
2006-08-31,-0.00025913999498660843,FDCPX,technology,2006
2006-09-01,-0.00737399134083975,FDCPX,technology,2006
2006-09-05,0.0063023753176141405,FDCPX,technology,2006
2006-09-06,-0.011865397997462283,FDCPX,technology,2006
2006-09-07,0.0011133852418734654,FDCPX,technology,2006
2006-09-08,0.006079506425840564,FDCPX,technology,2006
2006-09-11,0.007908705263523257,FDCPX,technology,2006
2006-09-12,0.011840849463967655,FDCPX,technology,2006
2006-09-13,-0.005313536453546698,FDCPX,technology,2006
2006-09-14,0.0022184244718641277,FDCPX,technology,2006
2006-09-15,-1.5334318735443515e-05,FDCPX,technology,2006
2006-09-18,0.0007507362588115955,FDCPX,technology,2006
2006-09-19,-0.003679469502361438,FDCPX,technology,2006
2006-09-20,0.005974869164727899,FDCPX,technology,2006
2006-09-21,-0.008980161337998383,FDCPX,technology,2006
2006-09-22,-0.0027595897584926808,FDCPX,technology,2006
2006-09-25,0.008516244183495055,FDCPX,technology,2006
2006-09-26,-0.007773907514547223,FDCPX,technology,2006
2006-09-27,-0.006164110007204347,FDCPX,technology,2006
2006-09-28,0.006944654260887756,FDCPX,technology,2006
2006-09-29,-0.002341648011128489,FDCPX,technology,2006
2006-10-02,0.00047457646750701313,FDCPX,technology,2006
2006-10-03,-0.004659573790920265,FDCPX,technology,2006
2006-10-04,-0.00014505599820568808,FDCPX,technology,2006
2006-10-05,-0.004939104718915046,FDCPX,technology,2006
2006-10-06,-0.0014778785179278206,FDCPX,technology,2006
2006-10-09,0.003973532419241496,FDCPX,technology,2006
2006-10-10,-0.0027772590830893954,FDCPX,technology,2006
2006-10-11,5.9802028258888794e-05,FDCPX,technology,2006
2006-10-12,0.005165542386841323,FDCPX,technology,2006
2006-10-13,0.006091181754354037,FDCPX,technology,2006
2006-10-16,0.0044581014339355705,FDCPX,technology,2006
2006-10-17,-0.0028219072619516186,FDCPX,technology,2006
2006-10-18,-0.0029996570249319955,FDCPX,technology,2006
2006-10-19,0.00866384182945798,FDCPX,technology,2006
2006-10-20,-0.0015040422975372992,FDCPX,technology,2006
2006-10-23,-0.0028954925816238506,FDCPX,technology,2006
2006-10-24,-0.010784235445947657,FDCPX,technology,2006
2006-10-25,0.0021943135844631773,FDCPX,technology,2006
2006-10-26,0.0028238964764288285,FDCPX,technology,2006
2006-10-27,-0.0038152643726970144,FDCPX,technology,2006
2006-10-30,0.009357904105469012,FDCPX,technology,2006
2006-10-31,0.000577911968005019,FDCPX,technology,2006
2006-11-01,-0.0034934891298173468,FDCPX,technology,2006
2006-11-02,0.002509660080831929,FDCPX,technology,2006
2006-11-03,-0.00341173669261484,FDCPX,technology,2006
2006-11-06,-0.002684356858655309,FDCPX,technology,2006
2006-11-07,0.0037295477206377133,FDCPX,technology,2006
2006-11-08,0.0024811094814412376,FDCPX,technology,2006
2006-11-09,0.012446557793306355,FDCPX,technology,2006
2006-11-10,0.00110319840717163,FDCPX,technology,2006
2006-11-13,0.005941094737635912,FDCPX,technology,2006
2006-11-14,0.001914770056606261,FDCPX,technology,2006
2006-11-15,-0.007053919937962784,FDCPX,technology,2006
2006-11-16,0.005385971944516467,FDCPX,technology,2006
2006-11-17,-0.0025452196905346287,FDCPX,technology,2006
2006-11-20,0.0008896911088629876,FDCPX,technology,2006
2006-11-21,0.0036258950731020835,FDCPX,technology,2006
2006-11-22,0.010632615086197155,FDCPX,technology,2006
2006-11-24,0.006328956111769787,FDCPX,technology,2006
2006-11-27,-0.003619775322874743,FDCPX,technology,2006
2006-11-28,-0.0031500575973643164,FDCPX,technology,2006
2006-11-29,-0.006511262494203123,FDCPX,technology,2006
2006-11-30,0.003610457744584689,FDCPX,technology,2006
2006-12-01,0.0005738911858454696,FDCPX,technology,2006
2006-12-04,0.0020122468127935483,FDCPX,technology,2006
2006-12-05,-0.006931928319861688,FDCPX,technology,2006
2006-12-06,0.0027736624494464697,FDCPX,technology,2006
2006-12-07,0.0017633533204324276,FDCPX,technology,2006
2006-12-08,-0.0028525124222895095,FDCPX,technology,2006
2006-12-11,-0.0007529209500847169,FDCPX,technology,2006
2006-12-12,-0.010872225842289748,FDCPX,technology,2006
2006-12-13,-0.0018054081210379844,FDCPX,technology,2006
2006-12-14,0.00021830165040603693,FDCPX,technology,2006
2006-12-15,0.0015162601176440058,FDCPX,technology,2006
2006-12-18,-0.0012013586225432075,FDCPX,technology,2006
2006-12-19,-0.0009169009010325676,FDCPX,technology,2006
2006-12-20,0.0044172155528386416,FDCPX,technology,2006
2006-12-21,-0.0034869055689837457,FDCPX,technology,2006
2006-12-22,0.004597320262736992,FDCPX,technology,2006
2006-12-26,-0.0022120833332474636,FDCPX,technology,2006
2006-12-27,-0.0008667557960868799,FDCPX,technology,2006
2006-12-28,-0.0020606642796767946,FDCPX,technology,2006
2006-12-29,0.003442686500924504,FDCPX,technology,2006
2007-01-04,0.009353279939821782,FDCPX,technology,2007
2007-01-05,0.004572560069249195,FDCPX,technology,2007
2007-01-08,-0.0014693882923113564,FDCPX,technology,2007
2007-01-09,0.010907429081322254,FDCPX,technology,2007
2007-01-10,0.007624763181921811,FDCPX,technology,2007
2007-01-11,-0.001078681224306966,FDCPX,technology,2007
2007-01-12,-0.004771844418549942,FDCPX,technology,2007
2007-01-16,0.0008444332144060922,FDCPX,technology,2007
2007-01-17,-0.011888052230904783,FDCPX,technology,2007
2007-01-18,-0.014355005088092912,FDCPX,technology,2007
2007-01-19,-0.009513755237737176,FDCPX,technology,2007
2007-01-22,-0.00305176145099028,FDCPX,technology,2007
2007-01-23,-0.0037953472988079655,FDCPX,technology,2007
2007-01-24,0.007974508465376416,FDCPX,technology,2007
2007-01-25,0.007336368751130724,FDCPX,technology,2007
2007-01-26,-0.004173312074721624,FDCPX,technology,2007
2007-01-29,0.004680428645870539,FDCPX,technology,2007
2007-01-30,0.0006614538612042826,FDCPX,technology,2007
2007-01-31,-0.003594113747709377,FDCPX,technology,2007
2007-02-01,-0.013186673215481087,FDCPX,technology,2007
2007-02-02,-0.002729660399476855,FDCPX,technology,2007
2007-02-05,0.0048006554112029545,FDCPX,technology,2007
2007-02-06,-0.005316490408246525,FDCPX,technology,2007
2007-02-07,0.004604758271091386,FDCPX,technology,2007
2007-02-08,0.0028926793333267737,FDCPX,technology,2007
2007-02-09,-0.003008674028883534,FDCPX,technology,2007
2007-02-12,0.0012830485768354307,FDCPX,technology,2007
2007-02-13,-0.008495960088877125,FDCPX,technology,2007
2007-02-14,0.003996977891535117,FDCPX,technology,2007
2007-02-15,0.0005358703125950457,FDCPX,technology,2007
2007-02-16,-0.002334723222474774,FDCPX,technology,2007
2007-02-20,0.005589646424673134,FDCPX,technology,2007
2007-02-21,-0.006999150891397329,FDCPX,technology,2007
2007-02-22,-0.0023091217047147266,FDCPX,technology,2007
2007-02-23,0.0020418463300676884,FDCPX,technology,2007
2007-02-26,-0.006345092077241647,FDCPX,technology,2007
2007-02-27,-0.00032553574092788334,FDCPX,technology,2007
2007-02-28,-0.0025812909956605557,FDCPX,technology,2007
2007-03-01,0.0008173803839409517,FDCPX,technology,2007
2007-03-02,0.0009160747884670462,FDCPX,technology,2007
2007-03-05,0.006259684632334403,FDCPX,technology,2007
2007-03-06,-0.0005387079433137425,FDCPX,technology,2007
2007-03-07,-0.0021619405105537575,FDCPX,technology,2007
2007-03-08,-0.004678003701898711,FDCPX,technology,2007
2007-03-09,0.0006260329694903581,FDCPX,technology,2007
2007-03-12,0.00626716696366009,FDCPX,technology,2007
2007-03-13,0.0010922759491424003,FDCPX,technology,2007
2007-03-14,0.003498615837846549,FDCPX,technology,2007
2007-03-15,-0.004245324780359916,FDCPX,technology,2007
2007-03-16,0.002673282114006295,FDCPX,technology,2007
2007-03-19,-0.00777302598315538,FDCPX,technology,2007
2007-03-20,-0.006825185210248741,FDCPX,technology,2007
2007-03-21,0.0034801356032595,FDCPX,technology,2007
2007-03-22,-0.0035613318947861376,FDCPX,technology,2007
2007-03-23,-0.004553183620180345,FDCPX,technology,2007
2007-03-26,0.006424445327846806,FDCPX,technology,2007
2007-03-27,-0.005679076354236713,FDCPX,technology,2007
2007-03-28,-0.005100104138843226,FDCPX,technology,2007
2007-03-29,-0.0024211079311156855,FDCPX,technology,2007
2007-03-30,-0.0005726165380913709,FDCPX,technology,2007
2007-04-02,-0.0050140222428699185,FDCPX,technology,2007
2007-04-03,-0.003960704626192011,FDCPX,technology,2007
2007-04-04,0.0017975549172209522,FDCPX,technology,2007
2007-04-05,0.00395548652591327,FDCPX,technology,2007
2007-04-09,-0.004726167437156158,FDCPX,technology,2007
2007-04-10,-0.006769999258476654,FDCPX,technology,2007
2007-04-11,-0.003578791723172641,FDCPX,technology,2007
2007-04-12,-0.0007376873798305697,FDCPX,technology,2007
2007-04-13,-0.00715595546992261,FDCPX,technology,2007
2007-04-16,-0.0034996056626492664,FDCPX,technology,2007
2007-04-17,-0.0007537348030504593,FDCPX,technology,2007
2007-04-18,-0.004823626294449767,FDCPX,technology,2007
2007-04-19,-0.0020972350990325047,FDCPX,technology,2007
2007-04-20,-0.005728488486780911,FDCPX,technology,2007
2007-04-23,0.008619367379992755,FDCPX,technology,2007
2007-04-24,0.003451155257467488,FDCPX,technology,2007
2007-04-25,-0.006519446203238468,FDCPX,technology,2007
2007-04-26,0.0049076979327976646,FDCPX,technology,2007
2007-04-27,0.001649885095184563,FDCPX,technology,2007
2007-04-30,-0.0014211669490151796,FDCPX,technology,2007
2007-05-01,-0.007598929609461166,FDCPX,technology,2007
2007-05-02,-0.0012239918628338458,FDCPX,technology,2007
2007-05-03,-0.001558376322132465,FDCPX,technology,2007
2007-05-04,0.002734946091459533,FDCPX,technology,2007
2007-05-07,0.0062529587456812506,FDCPX,technology,2007
2007-05-08,0.011344542678702699,FDCPX,technology,2007
2007-05-09,3.543977216413944e-05,FDCPX,technology,2007
2007-05-10,0.0016549956077776332,FDCPX,technology,2007
2007-05-11,0.0038741636328921466,FDCPX,technology,2007
2007-05-14,-0.0010542032800342515,FDCPX,technology,2007
2007-05-15,-0.0123041800620514,FDCPX,technology,2007
2007-05-16,0.0034273513006175356,FDCPX,technology,2007
2007-05-17,0.0027798296134422416,FDCPX,technology,2007
2007-05-18,-0.005711085250249956,FDCPX,technology,2007
2007-05-21,0.008438988781900315,FDCPX,technology,2007
2007-05-22,0.006982661285786883,FDCPX,technology,2007
2007-05-23,-0.0023794097991047987,FDCPX,technology,2007
2007-05-24,-0.010796598439886665,FDCPX,technology,2007
2007-05-25,0.003586910418683523,FDCPX,technology,2007
2007-05-29,-0.0030336309261264913,FDCPX,technology,2007
2007-05-30,0.0028667628834908553,FDCPX,technology,2007
2007-05-31,0.009524486421621342,FDCPX,technology,2007
2007-06-01,-0.010626624752770656,FDCPX,technology,2007
2007-06-04,0.005998783387606489,FDCPX,technology,2007
2007-06-05,0.004009452174195948,FDCPX,technology,2007
2007-06-06,0.006830593238451051,FDCPX,technology,2007
2007-06-07,0.007813013024421028,FDCPX,technology,2007
2007-06-08,-0.0011469118312037521,FDCPX,technology,2007
2007-06-11,-0.008327404971217369,FDCPX,technology,2007
2007-06-12,-5.043317217621676e-06,FDCPX,technology,2007
2007-06-13,-0.011255711848789339,FDCPX,technology,2007
2007-06-14,0.001456427697498596,FDCPX,technology,2007
2007-06-15,0.0011510836138480876,FDCPX,technology,2007
2007-06-18,0.009984602220564603,FDCPX,technology,2007
2007-06-19,-0.0019430329265013163,FDCPX,technology,2007
2007-06-20,-1.6608150225421933e-05,FDCPX,technology,2007
2007-06-21,0.009783389448194083,FDCPX,technology,2007
2007-06-22,-0.0030779137325177806,FDCPX,technology,2007
2007-06-25,-0.002758326949978157,FDCPX,technology,2007
2007-06-26,0.00427152961683145,FDCPX,technology,2007
2007-06-27,0.0003737723801242772,FDCPX,technology,2007
2007-06-28,-0.0027735608710081077,FDCPX,technology,2007
2007-06-29,0.0043371753376783085,FDCPX,technology,2007
2007-07-02,-0.0031957655881012523,FDCPX,technology,2007
2007-07-03,0.007137462790183342,FDCPX,technology,2007
2007-07-05,0.01501834927244871,FDCPX,technology,2007
2007-07-06,-0.00030393019196597783,FDCPX,technology,2007
2007-07-09,-0.00425396270888387,FDCPX,technology,2007
2007-07-10,0.013967252451295006,FDCPX,technology,2007
2007-07-11,-0.004346646161522636,FDCPX,technology,2007
2007-07-12,0.0008502929534568195,FDCPX,technology,2007
2007-07-13,-0.0014129458393942061,FDCPX,technology,2007
2007-07-16,-0.0024266839245302404,FDCPX,technology,2007
2007-07-17,0.00421959505246842,FDCPX,technology,2007
2007-07-18,-0.000969006777514068,FDCPX,technology,2007
2007-07-19,0.011914273551248768,FDCPX,technology,2007
2007-07-20,0.01028845314444925,FDCPX,technology,2007
2007-07-23,-0.0015357376517018905,FDCPX,technology,2007
2007-07-24,-0.009831608335727385,FDCPX,technology,2007
2007-07-25,0.0038684871544231087,FDCPX,technology,2007
2007-07-26,0.01880035622821547,FDCPX,technology,2007
2007-07-27,0.0011375086882416882,FDCPX,technology,2007
2007-07-30,-0.013943833082312363,FDCPX,technology,2007
2007-07-31,-0.012326216318707114,FDCPX,technology,2007
2007-08-01,0.006038276250896931,FDCPX,technology,2007
2007-08-02,0.0010293814573624632,FDCPX,technology,2007
2007-08-03,-0.0032903269505160683,FDCPX,technology,2007
2007-08-06,-0.008176071044199715,FDCPX,technology,2007
2007-08-07,-0.01571092000266158,FDCPX,technology,2007
2007-08-08,-0.004287788213215108,FDCPX,technology,2007
2007-08-09,-0.005197435866819391,FDCPX,technology,2007
2007-08-10,0.0035672575521611153,FDCPX,technology,2007
2007-08-13,0.01621071479258465,FDCPX,technology,2007
2007-08-14,-0.007691359290452086,FDCPX,technology,2007
2007-08-15,-0.0048205445892847976,FDCPX,technology,2007
2007-08-16,-0.017302804458171443,FDCPX,technology,2007
2007-08-17,0.001197165124882077,FDCPX,technology,2007
2007-08-20,0.00478055024635286,FDCPX,technology,2007
2007-08-21,0.007407883606389776,FDCPX,technology,2007
2007-08-22,0.011579344641129323,FDCPX,technology,2007
2007-08-23,0.0004908336147698276,FDCPX,technology,2007
2007-08-24,0.006477844397261033,FDCPX,technology,2007
2007-08-27,-0.00020873827580971012,FDCPX,technology,2007
2007-08-28,-0.003518351996220085,FDCPX,technology,2007
2007-08-29,0.013711930620549009,FDCPX,technology,2007
2007-08-30,0.010646564316373886,FDCPX,technology,2007
2007-08-31,-0.0014155849816196147,FDCPX,technology,2007
2007-09-04,0.007600435558809137,FDCPX,technology,2007
2007-09-05,-0.012707969731430981,FDCPX,technology,2007
2007-09-06,-0.0018109342861437941,FDCPX,technology,2007
2007-09-07,-0.011167251009424438,FDCPX,technology,2007
2007-09-10,0.008870298312859796,FDCPX,technology,2007
2007-09-11,-0.0006883836649812514,FDCPX,technology,2007
2007-09-12,-0.00689242621358629,FDCPX,technology,2007
2007-09-13,-0.00716025062166598,FDCPX,technology,2007
2007-09-14,-0.0018650673852894982,FDCPX,technology,2007
2007-09-17,-0.0020917398407394447,FDCPX,technology,2007
2007-09-18,-0.009050506793422692,FDCPX,technology,2007
2007-09-19,-0.004959684366385187,FDCPX,technology,2007
2007-09-20,0.0050806730602176225,FDCPX,technology,2007
2007-09-21,0.006891614291270148,FDCPX,technology,2007
2007-09-24,0.01365873820993348,FDCPX,technology,2007
2007-09-25,0.013639983326995455,FDCPX,technology,2007
2007-09-26,-0.005024712177792423,FDCPX,technology,2007
2007-09-27,-0.0035600891095515868,FDCPX,technology,2007
2007-09-28,-0.002728444705652761,FDCPX,technology,2007
2007-10-01,0.00412681293326648,FDCPX,technology,2007
2007-10-02,0.005071450493445785,FDCPX,technology,2007
2007-10-03,-0.009098015143173587,FDCPX,technology,2007
2007-10-04,-0.005487147718966022,FDCPX,technology,2007
2007-10-05,0.0015465350820777768,FDCPX,technology,2007
2007-10-08,0.02522539153060424,FDCPX,technology,2007
2007-10-09,-0.00493423548540484,FDCPX,technology,2007
2007-10-10,0.005443622445625625,FDCPX,technology,2007
2007-10-11,-0.009211940787112897,FDCPX,technology,2007
2007-10-12,0.005821322464754382,FDCPX,technology,2007
2007-10-15,0.003774823616179368,FDCPX,technology,2007
2007-10-16,0.0068640539289103655,FDCPX,technology,2007
2007-10-17,0.011602657947331833,FDCPX,technology,2007
2007-10-18,0.00951332155834391,FDCPX,technology,2007
2007-10-19,-0.002721328493946639,FDCPX,technology,2007
2007-10-22,0.008969097364912103,FDCPX,technology,2007
2007-10-23,0.023178032122068818,FDCPX,technology,2007
2007-10-24,-0.012282632105797657,FDCPX,technology,2007
2007-10-25,-0.010599739235191077,FDCPX,technology,2007
2007-10-26,0.0038973553308631753,FDCPX,technology,2007
2007-10-29,0.0063640920000445095,FDCPX,technology,2007
2007-10-30,0.006087419987758348,FDCPX,technology,2007
2007-10-31,0.0025043635255819503,FDCPX,technology,2007
2007-11-01,0.0027460424944111793,FDCPX,technology,2007
2007-11-02,0.007929105036205872,FDCPX,technology,2007
2007-11-05,-0.002821912206927393,FDCPX,technology,2007
2007-11-06,-0.0064461354345684615,FDCPX,technology,2007
2007-11-07,0.0012314017426428361,FDCPX,technology,2007
2007-11-08,-0.03415413147263971,FDCPX,technology,2007
2007-11-09,-0.020350295227976305,FDCPX,technology,2007
2007-11-12,-0.027397854884964205,FDCPX,technology,2007
2007-11-13,0.02539071941762206,FDCPX,technology,2007
2007-11-14,-0.014722511128662486,FDCPX,technology,2007
2007-11-15,0.0016442540648478662,FDCPX,technology,2007
2007-11-16,0.011178955677813388,FDCPX,technology,2007
2007-11-19,-0.004334368750882627,FDCPX,technology,2007
2007-11-20,-0.0008833172143358622,FDCPX,technology,2007
2007-11-21,0.006871712745996661,FDCPX,technology,2007
2007-11-23,-0.005000786907462975,FDCPX,technology,2007
2007-11-26,0.010811052912314394,FDCPX,technology,2007
2007-11-27,0.007218451548635886,FDCPX,technology,2007
2007-11-28,0.0056015495560737885,FDCPX,technology,2007
2007-11-29,0.007429019820167304,FDCPX,technology,2007
2007-11-30,-0.03371113098948377,FDCPX,technology,2007
2007-12-03,-0.004443605510308654,FDCPX,technology,2007
2007-12-04,0.008891926542358554,FDCPX,technology,2007
2007-12-05,0.004554502264270514,FDCPX,technology,2007
2007-12-06,-0.0021143074832772595,FDCPX,technology,2007
2007-12-07,0.004645069667639112,FDCPX,technology,2007
2007-12-10,-0.0046865694849152414,FDCPX,technology,2007
2007-12-11,-8.560347832458487e-05,FDCPX,technology,2007
2007-12-12,-0.0029915567764827386,FDCPX,technology,2007
2007-12-13,0.001651140646347846,FDCPX,technology,2007
2007-12-14,0.003789278131877712,FDCPX,technology,2007
2007-12-17,-0.01162446067013478,FDCPX,technology,2007
2007-12-18,-0.009124204844846447,FDCPX,technology,2007
2007-12-19,0.007454873404611514,FDCPX,technology,2007
2007-12-20,0.003445346557496667,FDCPX,technology,2007
2007-12-21,0.0027917110664358903,FDCPX,technology,2007
2007-12-24,0.0006158114533136288,FDCPX,technology,2007
2007-12-26,0.0007092265137363762,FDCPX,technology,2007
2007-12-27,-0.001490844374494026,FDCPX,technology,2007
2007-12-28,0.002694574230835737,FDCPX,technology,2007
2007-12-29,-0.0006146303593652862,FDCPX,technology,2007
2008-01-04,-0.038164291017919585,FDCPX,technology,2008
2008-01-07,-0.023038612824403178,FDCPX,technology,2008
2008-01-08,-0.02093228285715936,FDCPX,technology,2008
2008-01-09,0.021485809950746036,FDCPX,technology,2008
2008-01-10,0.001079675793797372,FDCPX,technology,2008
2008-01-11,-0.015298847436816285,FDCPX,technology,2008
2008-01-14,0.02458806433753588,FDCPX,technology,2008
2008-01-15,-0.00910232030974524,FDCPX,technology,2008
2008-01-16,-0.013237059799144928,FDCPX,technology,2008
2008-01-17,0.0027881395667818283,FDCPX,technology,2008
2008-01-18,0.018034488132858406,FDCPX,technology,2008
2008-01-22,-0.013913700012255602,FDCPX,technology,2008
2008-01-23,-0.041999004726477523,FDCPX,technology,2008
2008-01-24,0.023408437100110386,FDCPX,technology,2008
2008-01-25,-0.007615319426809378,FDCPX,technology,2008
2008-01-28,-0.0050179747236498455,FDCPX,technology,2008
2008-01-29,-0.012560610957839786,FDCPX,technology,2008
2008-01-30,0.0037276868773316123,FDCPX,technology,2008
2008-01-31,-0.008657329488392802,FDCPX,technology,2008
2008-02-01,0.0065405325046423955,FDCPX,technology,2008
2008-02-04,0.004817928959345415,FDCPX,technology,2008
2008-02-05,-0.0015503287873517638,FDCPX,technology,2008
2008-02-06,-0.010170337985622571,FDCPX,technology,2008
2008-02-07,-0.018221163523144894,FDCPX,technology,2008
2008-02-08,0.02516117597335296,FDCPX,technology,2008
2008-02-11,0.00943087202671782,FDCPX,technology,2008
2008-02-12,-0.004161583012843555,FDCPX,technology,2008
2008-02-13,0.015120705969410037,FDCPX,technology,2008
2008-02-14,-0.01216506070662838,FDCPX,technology,2008
2008-02-15,0.0017506187411669464,FDCPX,technology,2008
2008-02-19,-0.003796371884338176,FDCPX,technology,2008
2008-02-20,0.034168900084280446,FDCPX,technology,2008
2008-02-21,-0.000631995206956306,FDCPX,technology,2008
2008-02-22,0.002566047040469279,FDCPX,technology,2008
2008-02-25,0.010723975261,FDCPX,technology,2008
2008-02-26,0.013268710409936425,FDCPX,technology,2008
2008-02-27,0.00595580623108798,FDCPX,technology,2008
2008-02-28,-0.0027019947660366413,FDCPX,technology,2008
2008-02-29,-0.008365604861770546,FDCPX,technology,2008
2008-03-03,0.008466685338712015,FDCPX,technology,2008
2008-03-04,0.009599211056198124,FDCPX,technology,2008
2008-03-05,-0.0011301068572922906,FDCPX,technology,2008
2008-03-06,-0.000735750556450341,FDCPX,technology,2008
2008-03-07,0.003190348741603689,FDCPX,technology,2008
2008-03-10,-0.0025449224490143967,FDCPX,technology,2008
2008-03-11,-0.000380559582011903,FDCPX,technology,2008
2008-03-12,0.0017160363402918804,FDCPX,technology,2008
2008-03-13,0.0032578778535656766,FDCPX,technology,2008
2008-03-14,-0.005248814640394801,FDCPX,technology,2008
2008-03-17,0.0006548700867754064,FDCPX,technology,2008
2008-03-18,0.0025706521249554276,FDCPX,technology,2008
2008-03-19,-0.011410712738439379,FDCPX,technology,2008
2008-03-20,-0.0035346411956165558,FDCPX,technology,2008
2008-03-24,0.015382411746808204,FDCPX,technology,2008
2008-03-25,0.0022341533979710684,FDCPX,technology,2008
2008-03-26,-0.0004966237931450755,FDCPX,technology,2008
2008-03-27,-0.01569106948935027,FDCPX,technology,2008
2008-03-28,0.0035325623778868793,FDCPX,technology,2008
2008-03-31,0.004303946866621338,FDCPX,technology,2008
2008-04-01,0.008037328328058289,FDCPX,technology,2008
2008-04-02,-0.004838099572433627,FDCPX,technology,2008
2008-04-03,0.011770236674076734,FDCPX,technology,2008
2008-04-04,-0.0009553450790435358,FDCPX,technology,2008
2008-04-07,-8.664565562814389e-05,FDCPX,technology,2008
2008-04-08,-0.004665716266244329,FDCPX,technology,2008
2008-04-09,0.0035204190950047236,FDCPX,technology,2008
2008-04-10,0.014383575785714893,FDCPX,technology,2008
2008-04-11,-0.009744246141360293,FDCPX,technology,2008
2008-04-14,0.003304361858321413,FDCPX,technology,2008
2008-04-15,-0.0013370574096287112,FDCPX,technology,2008
2008-04-16,0.01207799955868032,FDCPX,technology,2008
2008-04-17,-0.006145557531902192,FDCPX,technology,2008
2008-04-18,0.019677720064078405,FDCPX,technology,2008
2008-04-21,0.01808215173541245,FDCPX,technology,2008
2008-04-22,-0.015974348709958244,FDCPX,technology,2008
2008-04-23,0.014413048679769315,FDCPX,technology,2008
2008-04-24,0.01223387947626312,FDCPX,technology,2008
2008-04-25,-0.011994064000153237,FDCPX,technology,2008
2008-04-28,0.007364762959499366,FDCPX,technology,2008
2008-04-29,0.012081763899330546,FDCPX,technology,2008
2008-04-30,-0.007159923879628297,FDCPX,technology,2008
2008-05-01,0.01823267512998977,FDCPX,technology,2008
2008-05-02,-0.0011904046732234223,FDCPX,technology,2008
2008-05-05,0.00787223712606959,FDCPX,technology,2008
2008-05-06,0.0011490717331882174,FDCPX,technology,2008
2008-05-07,0.0029168573591445077,FDCPX,technology,2008
2008-05-08,0.011453195074976042,FDCPX,technology,2008
2008-05-09,-0.0005379801458318461,FDCPX,technology,2008
2008-05-12,-0.00829895295548629,FDCPX,technology,2008
2008-05-13,-0.001960026902418738,FDCPX,technology,2008
2008-05-14,0.006764115728875265,FDCPX,technology,2008
2008-05-15,0.012441299247430114,FDCPX,technology,2008
2008-05-16,0.0005325076926108797,FDCPX,technology,2008
2008-05-19,-0.014864710243715292,FDCPX,technology,2008
2008-05-20,-0.0005063596755460892,FDCPX,technology,2008
2008-05-21,-0.010306183201501144,FDCPX,technology,2008
2008-05-22,0.0029921765218533323,FDCPX,technology,2008
2008-05-23,0.014231209999100464,FDCPX,technology,2008
2008-05-27,0.010467830050055174,FDCPX,technology,2008
2008-05-28,0.004681877806951822,FDCPX,technology,2008
2008-05-29,0.0025187937236152034,FDCPX,technology,2008
2008-05-30,0.008293056601602733,FDCPX,technology,2008
2008-06-02,-0.004100088189857182,FDCPX,technology,2008
2008-06-03,0.008015397398354416,FDCPX,technology,2008
2008-06-04,0.006556042051573851,FDCPX,technology,2008
2008-06-05,0.0063634353439866904,FDCPX,technology,2008
2008-06-06,0.004371887131187725,FDCPX,technology,2008
2008-06-09,-0.00862672135686437,FDCPX,technology,2008
2008-06-10,0.0015501392361155606,FDCPX,technology,2008
2008-06-11,-0.009940619400470418,FDCPX,technology,2008
2008-06-12,-0.011165738595792367,FDCPX,technology,2008
2008-06-13,0.0029790305977148036,FDCPX,technology,2008
2008-06-16,0.010133257175407268,FDCPX,technology,2008
2008-06-17,0.007699900966378612,FDCPX,technology,2008
2008-06-18,-0.005632811200077165,FDCPX,technology,2008
2008-06-19,0.009377703088823963,FDCPX,technology,2008
2008-06-20,-0.014213134614148656,FDCPX,technology,2008
2008-06-23,-0.004418405717466401,FDCPX,technology,2008
2008-06-24,-0.0029516626109611964,FDCPX,technology,2008
2008-06-25,0.012041033360233502,FDCPX,technology,2008
2008-06-26,-0.013963798083321106,FDCPX,technology,2008
2008-06-27,-0.001970925646945585,FDCPX,technology,2008
2008-06-30,-0.013217625294780261,FDCPX,technology,2008
2008-07-01,0.007352361799369177,FDCPX,technology,2008
2008-07-02,0.004284968814409859,FDCPX,technology,2008
2008-07-03,0.0016949022087434568,FDCPX,technology,2008
2008-07-07,0.018939072980464537,FDCPX,technology,2008
2008-07-08,-0.012165880242768282,FDCPX,technology,2008
2008-07-09,-0.013170105485909918,FDCPX,technology,2008
2008-07-10,0.002492160998403063,FDCPX,technology,2008
2008-07-11,0.0028045242414277104,FDCPX,technology,2008
2008-07-14,0.008662040397233704,FDCPX,technology,2008
2008-07-15,0.005488150162260107,FDCPX,technology,2008
2008-07-16,-0.00549972597248001,FDCPX,technology,2008
2008-07-17,0.0036544926949843848,FDCPX,technology,2008
2008-07-18,-0.01388567201258038,FDCPX,technology,2008
2008-07-21,0.0008542085828667145,FDCPX,technology,2008
2008-07-22,-0.01589655923963746,FDCPX,technology,2008
2008-07-23,0.0172584344182996,FDCPX,technology,2008
2008-07-24,-0.0005316277498308083,FDCPX,technology,2008
2008-07-25,0.008274293256741293,FDCPX,technology,2008
2008-07-28,-0.010431844290140786,FDCPX,technology,2008
2008-07-29,0.0005268478822120296,FDCPX,technology,2008
2008-07-30,0.00011258815268902836,FDCPX,technology,2008
2008-07-31,0.010079379072712327,FDCPX,technology,2008
2008-08-01,-0.0050589336618318565,FDCPX,technology,2008
2008-08-04,0.001834153852008552,FDCPX,technology,2008
2008-08-05,0.0030923996137035767,FDCPX,technology,2008
2008-08-06,0.007791238375275293,FDCPX,technology,2008
2008-08-07,0.014140772430407567,FDCPX,technology,2008
2008-08-08,0.004700742029636726,FDCPX,technology,2008
2008-08-11,0.0036314189570467344,FDCPX,technology,2008
2008-08-12,0.013300527187217338,FDCPX,technology,2008
2008-08-13,0.005724362999140681,FDCPX,technology,2008
2008-08-14,0.0008130502776851562,FDCPX,technology,2008
2008-08-15,-0.00805117611905509,FDCPX,technology,2008
2008-08-18,-0.00454168832278368,FDCPX,technology,2008
2008-08-19,-0.00372639320465158,FDCPX,technology,2008
2008-08-20,0.014516794916761201,FDCPX,technology,2008
2008-08-21,-0.0005845573575554319,FDCPX,technology,2008
2008-08-22,0.0014610208271463275,FDCPX,technology,2008
2008-08-25,9.865935056241337e-05,FDCPX,technology,2008
2008-08-26,0.00036789884152638305,FDCPX,technology,2008
2008-08-27,0.0010504186246463425,FDCPX,technology,2008
2008-08-28,-0.005238600091130098,FDCPX,technology,2008
2008-08-29,-0.016022383455170486,FDCPX,technology,2008
2008-09-02,-0.01359058831190189,FDCPX,technology,2008
2008-09-03,-0.008911776787338782,FDCPX,technology,2008
2008-09-04,0.0019664222172942163,FDCPX,technology,2008
2008-09-05,0.007488186269902526,FDCPX,technology,2008
2008-09-08,-0.012684851358866277,FDCPX,technology,2008
2008-09-09,0.0031212621299966173,FDCPX,technology,2008
2008-09-10,0.010990344311701901,FDCPX,technology,2008
2008-09-11,-0.0050743738774618715,FDCPX,technology,2008
2008-09-12,-0.012886962499380435,FDCPX,technology,2008
2008-09-15,-0.002698675915957724,FDCPX,technology,2008
2008-09-16,0.0006112778422796838,FDCPX,technology,2008
2008-09-17,-3.762982597831782e-05,FDCPX,technology,2008
2008-09-18,0.00806783063461403,FDCPX,technology,2008
2008-09-19,0.0010996351006863393,FDCPX,technology,2008
2008-09-22,-0.016775232539326848,FDCPX,technology,2008
2008-09-23,0.004515316505103704,FDCPX,technology,2008
2008-09-24,0.0014500581231542665,FDCPX,technology,2008
2008-09-25,0.006828008513665324,FDCPX,technology,2008
2008-09-26,-0.01162692202395112,FDCPX,technology,2008
2008-09-29,-0.031170535850881947,FDCPX,technology,2008
2008-09-30,0.011945209288065757,FDCPX,technology,2008
2008-10-01,-0.024047384484457854,FDCPX,technology,2008
2008-10-02,-0.011701006378371952,FDCPX,technology,2008
2008-10-03,-0.0054285932018975445,FDCPX,technology,2008
2008-10-06,0.012226129613523987,FDCPX,technology,2008
2008-10-07,-0.012686926070714241,FDCPX,technology,2008
2008-10-08,0.017141083198433323,FDCPX,technology,2008
2008-10-09,0.03132381152625634,FDCPX,technology,2008
2008-10-10,0.021128918179824735,FDCPX,technology,2008
2008-10-13,-0.0073715803204011665,FDCPX,technology,2008
2008-10-14,-0.023409505629064242,FDCPX,technology,2008
2008-10-15,0.018730574989973756,FDCPX,technology,2008
2008-10-16,-0.0011202505171528654,FDCPX,technology,2008
2008-10-17,-0.012993131471391112,FDCPX,technology,2008
2008-10-20,-0.0302460476340478,FDCPX,technology,2008
2008-10-21,-0.026408156821322252,FDCPX,technology,2008
2008-10-22,0.008958353121055022,FDCPX,technology,2008
2008-10-23,-0.029088170116739098,FDCPX,technology,2008
2008-10-24,0.02679975897503284,FDCPX,technology,2008
2008-10-27,-0.0023220591173622497,FDCPX,technology,2008
2008-10-28,-0.007885093548774993,FDCPX,technology,2008
2008-10-29,0.020102113817169833,FDCPX,technology,2008
2008-10-30,0.01330215933862432,FDCPX,technology,2008
2008-10-31,0.005244136448897533,FDCPX,technology,2008
2008-11-03,-0.000607076141236458,FDCPX,technology,2008
2008-11-04,-0.0022019208703075964,FDCPX,technology,2008
2008-11-05,-0.011015688740488166,FDCPX,technology,2008
2008-11-06,-0.0006186539104357028,FDCPX,technology,2008
2008-11-07,-0.014364343788163788,FDCPX,technology,2008
2008-11-10,-0.015255781438397063,FDCPX,technology,2008
2008-11-11,0.004065578607049331,FDCPX,technology,2008
2008-11-12,-0.013719561251811285,FDCPX,technology,2008
2008-11-13,0.00038608886598231335,FDCPX,technology,2008
2008-11-14,-0.006767602006149669,FDCPX,technology,2008
2008-11-17,-0.011966652028220523,FDCPX,technology,2008
2008-11-18,0.00021405297769967746,FDCPX,technology,2008
2008-11-19,0.006687808718700325,FDCPX,technology,2008
2008-11-20,0.010542121664678009,FDCPX,technology,2008
2008-11-21,0.005841976346595459,FDCPX,technology,2008
2008-11-24,0.00742903201792687,FDCPX,technology,2008
2008-11-25,-0.025177241559302427,FDCPX,technology,2008
2008-11-26,0.015014866159014418,FDCPX,technology,2008
2008-11-28,-0.014309151932589293,FDCPX,technology,2008
2008-12-01,0.015169156847834007,FDCPX,technology,2008
2008-12-02,-0.0020265242928600748,FDCPX,technology,2008
2008-12-03,0.0023928658051647796,FDCPX,technology,2008
2008-12-04,-0.019443185642337577,FDCPX,technology,2008
2008-12-05,0.0022908474232614835,FDCPX,technology,2008
2008-12-08,0.024335187234803064,FDCPX,technology,2008
2008-12-09,0.0009208286315399196,FDCPX,technology,2008
2008-12-10,0.0010044478550641032,FDCPX,technology,2008
2008-12-11,-0.004322369333686026,FDCPX,technology,2008
2008-12-12,0.018547550905452723,FDCPX,technology,2008
2008-12-15,-0.012535018844734815,FDCPX,technology,2008
2008-12-16,-0.0032679925744831598,FDCPX,technology,2008
2008-12-17,-0.0026537669764112853,FDCPX,technology,2008
2008-12-18,-0.001726789405238422,FDCPX,technology,2008
2008-12-19,0.008534045213712082,FDCPX,technology,2008
2008-12-22,-0.02023322275642172,FDCPX,technology,2008
2008-12-23,4.815513828730633e-05,FDCPX,technology,2008
2008-12-24,-0.005314655372158056,FDCPX,technology,2008
2008-12-26,0.0021599479945397767,FDCPX,technology,2008
2008-12-29,0.006269734133149565,FDCPX,technology,2008
2008-12-30,-0.004265127037591491,FDCPX,technology,2008
2009-01-05,0.006557135071774618,FDCPX,technology,2009
2009-01-06,0.030010898762893028,FDCPX,technology,2009
2009-01-07,0.0013097437461855044,FDCPX,technology,2009
2009-01-08,0.0036702146372326787,FDCPX,technology,2009
2009-01-09,0.002081624049097265,FDCPX,technology,2009
2009-01-12,0.0012250367149135404,FDCPX,technology,2009
2009-01-13,-0.018476771514131837,FDCPX,technology,2009
2009-01-14,0.0028513273802834166,FDCPX,technology,2009
2009-01-15,0.0054544242649294215,FDCPX,technology,2009
2009-01-16,-0.011821168329917756,FDCPX,technology,2009
2009-01-20,-0.0031825632192657508,FDCPX,technology,2009
2009-01-21,0.02072942637018857,FDCPX,technology,2009
2009-01-22,0.01007057514567683,FDCPX,technology,2009
2009-01-23,0.004381072797627894,FDCPX,technology,2009
2009-01-26,0.0018823928721662334,FDCPX,technology,2009
2009-01-27,-0.004923182885120435,FDCPX,technology,2009
2009-01-28,0.008844619336216428,FDCPX,technology,2009
2009-01-29,0.00024840247944614424,FDCPX,technology,2009
2009-01-30,-0.015751591576620143,FDCPX,technology,2009
2009-02-02,0.008985599294398792,FDCPX,technology,2009
2009-02-03,-0.002226595410629648,FDCPX,technology,2009
2009-02-04,0.010236543632561169,FDCPX,technology,2009
2009-02-05,-0.00327211737099942,FDCPX,technology,2009
2009-02-06,0.008586534080189556,FDCPX,technology,2009
2009-02-09,0.003847019976596672,FDCPX,technology,2009
2009-02-10,0.0009930050885602754,FDCPX,technology,2009
2009-02-11,-0.007926934117965445,FDCPX,technology,2009
2009-02-12,0.012428125018412776,FDCPX,technology,2009
2009-02-13,0.008774880623566553,FDCPX,technology,2009
2009-02-17,-0.004620258803675885,FDCPX,technology,2009
2009-02-18,0.0007770084683268183,FDCPX,technology,2009
2009-02-19,-0.03251497456052761,FDCPX,technology,2009
2009-02-20,0.0015720070719867163,FDCPX,technology,2009
2009-02-23,-0.01395668406958963,FDCPX,technology,2009
2009-02-24,-0.006314975367624889,FDCPX,technology,2009
2009-02-25,0.015336220911141483,FDCPX,technology,2009
2009-02-26,0.0031240527227571844,FDCPX,technology,2009
2009-02-27,0.015193669934736972,FDCPX,technology,2009
2009-03-02,0.0036187986873048653,FDCPX,technology,2009
2009-03-03,0.019406531942823824,FDCPX,technology,2009
2009-03-04,0.0007421005806174594,FDCPX,technology,2009
2009-03-05,0.00044341986524206595,FDCPX,technology,2009
2009-03-06,-0.015591289036602982,FDCPX,technology,2009
2009-03-09,-0.016294646057486362,FDCPX,technology,2009
2009-03-10,0.0050232416532545385,FDCPX,technology,2009
2009-03-11,0.023434676341978763,FDCPX,technology,2009
2009-03-12,-0.006842571841878975,FDCPX,technology,2009
2009-03-13,-0.004110798658287648,FDCPX,technology,2009
2009-03-16,-0.014010233949369929,FDCPX,technology,2009
2009-03-17,0.00458773545688583,FDCPX,technology,2009
2009-03-18,0.0024865779192680577,FDCPX,technology,2009
2009-03-19,0.010718681977270845,FDCPX,technology,2009
2009-03-20,0.0002704479961769708,FDCPX,technology,2009
2009-03-23,-0.0023814367663045483,FDCPX,technology,2009
2009-03-24,0.011790620836988862,FDCPX,technology,2009
2009-03-25,-0.00937687306315657,FDCPX,technology,2009
2009-03-26,0.023833961669331636,FDCPX,technology,2009
2009-03-27,-0.0055355648653776825,FDCPX,technology,2009
2009-03-30,-0.000719554451076243,FDCPX,technology,2009
2009-03-31,-0.004387768499064575,FDCPX,technology,2009
2009-04-01,0.0037838650172311236,FDCPX,technology,2009
2009-04-02,0.0017857196751590483,FDCPX,technology,2009
2009-04-03,0.011532428347320389,FDCPX,technology,2009
2009-04-06,-0.0012651018100638019,FDCPX,technology,2009
2009-04-07,-0.005948736148714315,FDCPX,technology,2009
2009-04-08,0.005660284431533951,FDCPX,technology,2009
2009-04-09,-0.00972310142747584,FDCPX,technology,2009
2009-04-13,-0.013320919209827595,FDCPX,technology,2009
2009-04-14,0.0060192245064445635,FDCPX,technology,2009
2009-04-15,-0.017634817534711963,FDCPX,technology,2009
2009-04-16,0.019083606294530868,FDCPX,technology,2009
2009-04-17,-0.0025227918320632273,FDCPX,technology,2009
2009-04-20,0.013698416986750627,FDCPX,technology,2009
2009-04-21,-0.003655315802480824,FDCPX,technology,2009
2009-04-22,0.01179266212250296,FDCPX,technology,2009
2009-04-23,-0.009225586636231237,FDCPX,technology,2009
2009-04-24,-0.014627743778304591,FDCPX,technology,2009
2009-04-27,0.0031715170055800065,FDCPX,technology,2009
2009-04-28,-0.002891747943876026,FDCPX,technology,2009
2009-04-29,0.0038723810234595375,FDCPX,technology,2009
2009-04-30,0.00706840745271615,FDCPX,technology,2009
2009-05-01,0.005119806726193929,FDCPX,technology,2009
2009-05-04,-0.0007499238834504582,FDCPX,technology,2009
2009-05-05,-0.00545346807955089,FDCPX,technology,2009
2009-05-06,-0.020622152752879895,FDCPX,technology,2009
2009-05-07,-0.0271018746212057,FDCPX,technology,2009
2009-05-08,-0.023180576862365316,FDCPX,technology,2009
2009-05-11,0.016056478836771453,FDCPX,technology,2009
2009-05-12,-0.014793904395633588,FDCPX,technology,2009
2009-05-13,0.0011811252990198036,FDCPX,technology,2009
2009-05-14,-0.0008392056000406586,FDCPX,technology,2009
2009-05-15,0.0052761056942463355,FDCPX,technology,2009
2009-05-18,-0.0009152023937459564,FDCPX,technology,2009
2009-05-19,0.016775399450959835,FDCPX,technology,2009
2009-05-20,-0.015852012997883975,FDCPX,technology,2009
2009-05-21,0.004280937932908157,FDCPX,technology,2009
2009-05-22,-0.006150332870418806,FDCPX,technology,2009
2009-05-26,0.008568244250206001,FDCPX,technology,2009
2009-05-27,0.01686084757993681,FDCPX,technology,2009
2009-05-28,-0.004480584166868995,FDCPX,technology,2009
2009-05-29,-0.016532482889727355,FDCPX,technology,2009
2009-06-01,0.011507675718032885,FDCPX,technology,2009
2009-06-02,-0.009432351133152148,FDCPX,technology,2009
2009-06-03,0.0018709456559259114,FDCPX,technology,2009
2009-06-04,0.008017924571152737,FDCPX,technology,2009
2009-06-05,0.00691193686121362,FDCPX,technology,2009
2009-06-08,-1.6002616809917148e-05,FDCPX,technology,2009
2009-06-09,-0.004249374298163458,FDCPX,technology,2009
2009-06-10,-0.0030657672874152713,FDCPX,technology,2009
2009-06-11,0.0012862373513187926,FDCPX,technology,2009
2009-06-12,-0.007797919551377059,FDCPX,technology,2009
2009-06-15,0.0035920602738178133,FDCPX,technology,2009
2009-06-16,0.004612754050823422,FDCPX,technology,2009
2009-06-17,0.0025551812504156935,FDCPX,technology,2009
2009-06-18,-0.010703876104292636,FDCPX,technology,2009
2009-06-19,0.013422943102698781,FDCPX,technology,2009
2009-06-22,0.004428003041286391,FDCPX,technology,2009
2009-06-23,-0.011386706340636595,FDCPX,technology,2009
2009-06-24,0.0032509192524740414,FDCPX,technology,2009
2009-06-25,-0.0016466197115411994,FDCPX,technology,2009
2009-06-26,0.006808394275630444,FDCPX,technology,2009
2009-06-29,-9.991354659899532e-05,FDCPX,technology,2009
2009-06-30,0.005013499512093473,FDCPX,technology,2009
2009-07-01,0.0005777808765447187,FDCPX,technology,2009
2009-07-02,0.002651352191182354,FDCPX,technology,2009
2009-07-06,-0.005406214109009185,FDCPX,technology,2009
2009-07-07,-0.0073559948519228945,FDCPX,technology,2009
2009-07-08,0.0029294187053897813,FDCPX,technology,2009
2009-07-09,0.0016757055274256053,FDCPX,technology,2009
2009-07-10,0.005463804969156527,FDCPX,technology,2009
2009-07-13,-0.009190426566785344,FDCPX,technology,2009
2009-07-14,-0.010004570376181928,FDCPX,technology,2009
2009-07-15,0.009025243905013892,FDCPX,technology,2009
2009-07-16,0.015748989264971917,FDCPX,technology,2009
2009-07-17,0.0037779726996287916,FDCPX,technology,2009
2009-07-20,-0.00046310631707821744,FDCPX,technology,2009
2009-07-21,-0.001960186983134048,FDCPX,technology,2009
2009-07-22,0.010297823333112655,FDCPX,technology,2009
2009-07-23,-0.010041468286151212,FDCPX,technology,2009
2009-07-24,-0.0010096334279104946,FDCPX,technology,2009
2009-07-27,0.0006093018565085607,FDCPX,technology,2009
2009-07-28,0.007614487126975093,FDCPX,technology,2009
2009-07-29,-0.001626519045880679,FDCPX,technology,2009
2009-07-30,-0.001941219876017428,FDCPX,technology,2009
2009-07-31,-0.003686742619638693,FDCPX,technology,2009
2009-08-03,-0.004289968149090337,FDCPX,technology,2009
2009-08-04,-0.004796193828996976,FDCPX,technology,2009
2009-08-05,-0.005187885304012961,FDCPX,technology,2009
2009-08-06,-0.0062639834999838,FDCPX,technology,2009
2009-08-07,0.003080125035769675,FDCPX,technology,2009
2009-08-10,0.0007349180621484471,FDCPX,technology,2009
2009-08-11,0.0021278322016366636,FDCPX,technology,2009
2009-08-12,0.0033215336154336656,FDCPX,technology,2009
2009-08-13,0.002067853627373467,FDCPX,technology,2009
2009-08-14,-0.0033694864020611774,FDCPX,technology,2009
2009-08-17,-0.00689031131372286,FDCPX,technology,2009
2009-08-18,0.011105933248077049,FDCPX,technology,2009
2009-08-19,-0.008042788153446553,FDCPX,technology,2009
2009-08-20,-0.0044266352833887785,FDCPX,technology,2009
2009-08-21,-0.004614398912724586,FDCPX,technology,2009
2009-08-24,-0.0022081802152136205,FDCPX,technology,2009
2009-08-25,-0.0015451434024939487,FDCPX,technology,2009
2009-08-26,-0.00030474861057357616,FDCPX,technology,2009
2009-08-27,0.011209611833239276,FDCPX,technology,2009
2009-08-28,0.005860523589943346,FDCPX,technology,2009
2009-08-31,-0.0009101084147814398,FDCPX,technology,2009
2009-09-01,-0.0012390109402740795,FDCPX,technology,2009
2009-09-02,0.003423499925735342,FDCPX,technology,2009
2009-09-03,-0.0008191766069842506,FDCPX,technology,2009
2009-09-04,0.005097152084318752,FDCPX,technology,2009
2009-09-08,0.010111810665000819,FDCPX,technology,2009
2009-09-09,-0.0021118919139817794,FDCPX,technology,2009
2009-09-10,0.0035985961000227114,FDCPX,technology,2009
2009-09-11,-0.0047576959834098025,FDCPX,technology,2009
2009-09-14,-0.002247962517620776,FDCPX,technology,2009
2009-09-15,0.0025510033347114856,FDCPX,technology,2009
2009-09-16,-0.0004762590226735988,FDCPX,technology,2009
2009-09-17,-0.0005689307172337723,FDCPX,technology,2009
2009-09-18,0.0019345121658672698,FDCPX,technology,2009
2009-09-21,-0.001476020939283253,FDCPX,technology,2009
2009-09-22,0.0007805927578793271,FDCPX,technology,2009
2009-09-23,0.005251780340472125,FDCPX,technology,2009
2009-09-24,-0.0013998310681406466,FDCPX,technology,2009
2009-09-25,-0.0021609294703376553,FDCPX,technology,2009
2009-09-28,-0.00010357283903278738,FDCPX,technology,2009
2009-09-29,-0.00620334179369104,FDCPX,technology,2009
2009-09-30,0.0014689948681497105,FDCPX,technology,2009
2009-10-01,-0.006146997214744581,FDCPX,technology,2009
2009-10-02,0.0014698356242723034,FDCPX,technology,2009
2009-10-05,-0.003022062513214895,FDCPX,technology,2009
2009-10-06,0.0024898096588555733,FDCPX,technology,2009
2009-10-07,-0.0074836700039528385,FDCPX,technology,2009
2009-10-08,-0.006449781152828437,FDCPX,technology,2009
2009-10-09,0.007682632676025937,FDCPX,technology,2009
2009-10-12,-0.006673712432906242,FDCPX,technology,2009
2009-10-13,-0.0030933504202449906,FDCPX,technology,2009
2009-10-14,-0.00428464651925952,FDCPX,technology,2009
2009-10-15,-0.011543006846520975,FDCPX,technology,2009
2009-10-16,-0.018059272046633754,FDCPX,technology,2009
2009-10-19,0.0018681048356755745,FDCPX,technology,2009
2009-10-20,0.013040263890080266,FDCPX,technology,2009
2009-10-21,0.0065964649156861534,FDCPX,technology,2009
2009-10-22,-0.0055884057726446525,FDCPX,technology,2009
2009-10-23,0.002864301516182546,FDCPX,technology,2009
2009-10-26,-0.00011732603625631138,FDCPX,technology,2009
2009-10-27,-0.014255270196943285,FDCPX,technology,2009
2009-10-28,-0.005224266882440029,FDCPX,technology,2009
2009-10-29,0.0014567825965273,FDCPX,technology,2009
2009-10-30,-0.003283099461123446,FDCPX,technology,2009
2009-11-02,-0.0015660303251000514,FDCPX,technology,2009
2009-11-03,-0.006274166816650452,FDCPX,technology,2009
2009-11-04,0.0022078073988335617,FDCPX,technology,2009
2009-11-05,0.002795308783155547,FDCPX,technology,2009
2009-11-06,-0.0037825900815680177,FDCPX,technology,2009
2009-11-09,0.003668890351203477,FDCPX,technology,2009
2009-11-10,-0.0009879684127769676,FDCPX,technology,2009
2009-11-11,-0.0010163039161332002,FDCPX,technology,2009
2009-11-12,0.006112437424047899,FDCPX,technology,2009
2009-11-13,0.0017150509253069397,FDCPX,technology,2009
2009-11-16,-0.001030220482122814,FDCPX,technology,2009
2009-11-17,0.0012463276187331513,FDCPX,technology,2009
2009-11-18,-0.007967252608572875,FDCPX,technology,2009
2009-11-19,-0.008523764722064023,FDCPX,technology,2009
2009-11-20,-0.0055968489382758665,FDCPX,technology,2009
2009-11-23,0.00751774510715327,FDCPX,technology,2009
2009-11-24,-0.013357812909225747,FDCPX,technology,2009
2009-11-25,-0.003947148136938025,FDCPX,technology,2009
2009-11-27,-0.004355915880587124,FDCPX,technology,2009
2009-11-30,-0.006407488567166732,FDCPX,technology,2009
2009-12-01,-0.005751952269830316,FDCPX,technology,2009
2009-12-02,-0.002501388662225485,FDCPX,technology,2009
2009-12-03,0.005963713359402064,FDCPX,technology,2009
2009-12-04,0.0003397918024161638,FDCPX,technology,2009
2009-12-07,-0.006847134954408066,FDCPX,technology,2009
2009-12-08,0.003200885045319988,FDCPX,technology,2009
2009-12-09,0.013888946237180892,FDCPX,technology,2009
2009-12-10,-0.008538163935606016,FDCPX,technology,2009
2009-12-11,-0.008380185547890131,FDCPX,technology,2009
2009-12-14,0.00363516298459011,FDCPX,technology,2009
2009-12-15,0.0008484126737034812,FDCPX,technology,2009
2009-12-16,0.007216882562021572,FDCPX,technology,2009
2009-12-17,0.00011517235466947627,FDCPX,technology,2009
2009-12-18,0.007201089060544738,FDCPX,technology,2009
2009-12-21,0.0022374136977215964,FDCPX,technology,2009
2009-12-22,0.0022577560536653305,FDCPX,technology,2009
2009-12-23,0.005102246434092848,FDCPX,technology,2009
2009-12-24,0.009929064732598204,FDCPX,technology,2009
2009-12-28,-0.0035585043901033768,FDCPX,technology,2009
2009-12-29,-0.0029984811463761936,FDCPX,technology,2009
2009-12-30,0.00867865344766102,FDCPX,technology,2009
2010-01-05,0.00031250639065157244,FDCPX,technology,2010
2010-01-06,-0.00943489726255661,FDCPX,technology,2010
2010-01-07,-0.013196908335212455,FDCPX,technology,2010
2010-01-08,0.0010871239383645984,FDCPX,technology,2010
2010-01-11,-0.007087837587439392,FDCPX,technology,2010
2010-01-12,-0.002606829902169514,FDCPX,technology,2010
2010-01-13,0.001342898398396037,FDCPX,technology,2010
2010-01-14,0.0016095717211961243,FDCPX,technology,2010
2010-01-15,-0.004254136401728108,FDCPX,technology,2010
2010-01-19,0.007442443341687404,FDCPX,technology,2010
2010-01-20,-0.0038949779694136995,FDCPX,technology,2010
2010-01-21,0.016373592718705896,FDCPX,technology,2010
2010-01-22,-0.01831844255275506,FDCPX,technology,2010
2010-01-25,0.005540003868002534,FDCPX,technology,2010
2010-01-26,0.005356656593144847,FDCPX,technology,2010
2010-01-27,-0.007421128027886549,FDCPX,technology,2010
2010-01-28,-0.01356319922072641,FDCPX,technology,2010
2010-01-29,-0.018063350397197704,FDCPX,technology,2010
2010-02-01,0.00431825207026746,FDCPX,technology,2010
2010-02-02,0.0009761111876465823,FDCPX,technology,2010
2010-02-03,0.009803874708462407,FDCPX,technology,2010
2010-02-04,0.003396640431353397,FDCPX,technology,2010
2010-02-05,0.005265251101208471,FDCPX,technology,2010
2010-02-08,0.007984386430197173,FDCPX,technology,2010
2010-02-09,-0.0023301904983621165,FDCPX,technology,2010
2010-02-10,0.001582301025725676,FDCPX,technology,2010
2010-02-11,0.002566076954907426,FDCPX,technology,2010
2010-02-12,-0.0022856361386735143,FDCPX,technology,2010
2010-02-16,0.0024951058544002945,FDCPX,technology,2010
2010-02-17,0.0008132676819794385,FDCPX,technology,2010
2010-02-18,0.0023582797105990193,FDCPX,technology,2010
2010-02-19,-0.009407874006379999,FDCPX,technology,2010
2010-02-22,-0.006103085208333539,FDCPX,technology,2010
2010-02-23,-0.0007694857471956043,FDCPX,technology,2010
2010-02-24,-0.006648328523478469,FDCPX,technology,2010
2010-02-25,0.0001958100294376325,FDCPX,technology,2010
2010-02-26,0.0010835421571697456,FDCPX,technology,2010
2010-03-01,0.013731245230224723,FDCPX,technology,2010
2010-03-02,-0.006846461478845075,FDCPX,technology,2010
2010-03-03,-0.005998838968304932,FDCPX,technology,2010
2010-03-04,0.0016152191799211585,FDCPX,technology,2010
2010-03-05,0.0007029941635065956,FDCPX,technology,2010
2010-03-08,0.005057798582032315,FDCPX,technology,2010
2010-03-09,0.000653696786342306,FDCPX,technology,2010
2010-03-10,0.0008661519867942556,FDCPX,technology,2010
2010-03-11,-0.0014498256350467123,FDCPX,technology,2010
2010-03-12,0.0003037371833165266,FDCPX,technology,2010
2010-03-15,-0.005950771885028981,FDCPX,technology,2010
2010-03-16,-0.004370405798106886,FDCPX,technology,2010
2010-03-17,-0.005033231249978827,FDCPX,technology,2010
2010-03-18,0.0003573905938003436,FDCPX,technology,2010
2010-03-19,-0.00638629246752363,FDCPX,technology,2010
2010-03-22,0.007242386657689043,FDCPX,technology,2010
2010-03-23,0.006799973360536697,FDCPX,technology,2010
2010-03-24,-0.0017625418360839688,FDCPX,technology,2010
2010-03-25,-0.005173382741479016,FDCPX,technology,2010
2010-03-26,0.0006756583889960901,FDCPX,technology,2010
2010-03-29,-0.007688112083444513,FDCPX,technology,2010
2010-03-30,0.0008928823135105749,FDCPX,technology,2010
2010-03-31,0.00010298750298993933,FDCPX,technology,2010
2010-04-01,-0.002013498903959237,FDCPX,technology,2010
2010-04-05,0.005616494981364647,FDCPX,technology,2010
2010-04-06,0.0024745184525987816,FDCPX,technology,2010
2010-04-07,0.0039392400518268745,FDCPX,technology,2010
2010-04-08,-0.008090024269367639,FDCPX,technology,2010
2010-04-09,0.001551849738880104,FDCPX,technology,2010
2010-04-12,0.0010288775126092338,FDCPX,technology,2010
2010-04-13,-0.0042516259784555616,FDCPX,technology,2010
2010-04-14,0.010281418075721808,FDCPX,technology,2010
2010-04-15,0.005527957283995745,FDCPX,technology,2010
2010-04-16,0.007870198273887524,FDCPX,technology,2010
2010-04-19,-0.008355097956761499,FDCPX,technology,2010
2010-04-20,-0.007013320548402686,FDCPX,technology,2010
2010-04-21,0.014805863242105297,FDCPX,technology,2010
2010-04-22,0.011032074758190319,FDCPX,technology,2010
2010-04-23,0.0062612187748485315,FDCPX,technology,2010
2010-04-26,0.0002521961850810422,FDCPX,technology,2010
2010-04-27,0.0028144376897649287,FDCPX,technology,2010
2010-04-28,-0.009759087402925025,FDCPX,technology,2010
2010-04-29,-0.007896196389492821,FDCPX,technology,2010
2010-04-30,-0.011129734292192151,FDCPX,technology,2010
2010-05-03,0.0042737174503414965,FDCPX,technology,2010
2010-05-04,-0.001976609534320835,FDCPX,technology,2010
2010-05-05,0.00296777427152151,FDCPX,technology,2010
2010-05-06,0.002294636412247447,FDCPX,technology,2010
2010-05-07,-0.013160827774366876,FDCPX,technology,2010
2010-05-10,0.003750383314936906,FDCPX,technology,2010
2010-05-11,0.0039419187024675425,FDCPX,technology,2010
2010-05-12,0.009153480642152465,FDCPX,technology,2010
2010-05-13,0.0018637012479873327,FDCPX,technology,2010
2010-05-14,0.0028880162390725363,FDCPX,technology,2010
2010-05-17,0.001282756519489314,FDCPX,technology,2010
2010-05-18,0.0015912681270842666,FDCPX,technology,2010
2010-05-19,-0.0031122864829891276,FDCPX,technology,2010
2010-05-20,0.008551776503792623,FDCPX,technology,2010
2010-05-21,-0.006235870267129446,FDCPX,technology,2010
2010-05-24,0.011884457231520118,FDCPX,technology,2010
2010-05-25,-0.0016657723112257247,FDCPX,technology,2010
2010-05-26,0.0018690855737238925,FDCPX,technology,2010
2010-05-27,0.009610760170461474,FDCPX,technology,2010
2010-05-28,0.006488148976940947,FDCPX,technology,2010
2010-06-01,0.005343796256803165,FDCPX,technology,2010
2010-06-02,-0.007607713812862026,FDCPX,technology,2010
2010-06-03,0.008444152830959784,FDCPX,technology,2010
2010-06-04,0.002412268812257569,FDCPX,technology,2010
2010-06-07,-0.010010089672702196,FDCPX,technology,2010
2010-06-08,-0.013033074266333714,FDCPX,technology,2010
2010-06-09,-0.0005597080708905078,FDCPX,technology,2010
2010-06-10,-0.002975074746619448,FDCPX,technology,2010
2010-06-11,0.006694558448667711,FDCPX,technology,2010
2010-06-14,0.0044200418333221365,FDCPX,technology,2010
2010-06-15,0.0021175414153129027,FDCPX,technology,2010
2010-06-16,0.006325582655563082,FDCPX,technology,2010
2010-06-17,0.008410796507465589,FDCPX,technology,2010
2010-06-18,-0.0033919120006947394,FDCPX,technology,2010
2010-06-21,-0.0060799820507095965,FDCPX,technology,2010
2010-06-22,0.007103060744182401,FDCPX,technology,2010
2010-06-23,0.0027545335117261835,FDCPX,technology,2010
2010-06-24,-0.0038818515390620575,FDCPX,technology,2010
2010-06-25,-0.0010011450705901094,FDCPX,technology,2010
2010-06-28,0.006501128370013019,FDCPX,technology,2010
2010-06-29,-0.006586872152249505,FDCPX,technology,2010
2010-06-30,-0.0038416828123146226,FDCPX,technology,2010
2010-07-01,-7.961244136455228e-05,FDCPX,technology,2010
2010-07-02,-0.0014859828371823975,FDCPX,technology,2010
2010-07-06,-0.00723249489687946,FDCPX,technology,2010
2010-07-07,0.007776271879900334,FDCPX,technology,2010
2010-07-08,-0.003154881151768983,FDCPX,technology,2010
2010-07-09,-0.00457850457959052,FDCPX,technology,2010
2010-07-12,-0.0007836092387710919,FDCPX,technology,2010
2010-07-13,-0.002760301792826868,FDCPX,technology,2010
2010-07-14,0.007881116310066612,FDCPX,technology,2010
2010-07-15,-0.00314447981981833,FDCPX,technology,2010
2010-07-16,0.005324161751708117,FDCPX,technology,2010
2010-07-19,-0.0011913620113575525,FDCPX,technology,2010
2010-07-20,-0.007307709174386828,FDCPX,technology,2010
2010-07-21,-0.003162511821424012,FDCPX,technology,2010
2010-07-22,-0.00614059261326845,FDCPX,technology,2010
2010-07-23,0.002247377648037934,FDCPX,technology,2010
2010-07-26,0.0002680433956822395,FDCPX,technology,2010
2010-07-27,0.005612763829164485,FDCPX,technology,2010
2010-07-28,-0.007921661664429279,FDCPX,technology,2010
2010-07-29,-0.004851423773992592,FDCPX,technology,2010
2010-07-30,-0.0019871087550524763,FDCPX,technology,2010
2010-08-02,-0.002776071061723548,FDCPX,technology,2010
2010-08-03,-0.001856320710080057,FDCPX,technology,2010
2010-08-04,-0.002726562886001399,FDCPX,technology,2010
2010-08-05,-0.0075190667780703595,FDCPX,technology,2010
2010-08-06,-0.0038426700033177353,FDCPX,technology,2010
2010-08-09,-0.01170462360703953,FDCPX,technology,2010
2010-08-10,-0.01242675828931726,FDCPX,technology,2010
2010-08-11,0.0021604312587776113,FDCPX,technology,2010
2010-08-12,-0.010894995270671733,FDCPX,technology,2010
2010-08-13,-0.0005151101133576128,FDCPX,technology,2010
2010-08-16,0.01712787089575286,FDCPX,technology,2010
2010-08-17,-0.0029266493583270485,FDCPX,technology,2010
2010-08-18,0.006705049617670162,FDCPX,technology,2010
2010-08-19,0.0061984955453379155,FDCPX,technology,2010
2010-08-20,0.0026476948179310206,FDCPX,technology,2010
2010-08-23,0.0028575115474528305,FDCPX,technology,2010
2010-08-24,-0.0029784642563433043,FDCPX,technology,2010
2010-08-25,-0.0008285064681644409,FDCPX,technology,2010
2010-08-26,-0.0019229127403428926,FDCPX,technology,2010
2010-08-27,0.009779574086166084,FDCPX,technology,2010
2010-08-30,0.007172292282283018,FDCPX,technology,2010
2010-08-31,-0.004165106469770685,FDCPX,technology,2010
2010-09-01,-0.0029002201739836697,FDCPX,technology,2010
2010-09-02,0.005883387552307677,FDCPX,technology,2010
2010-09-03,0.004614599210807473,FDCPX,technology,2010
2010-09-07,0.0030303856833169256,FDCPX,technology,2010
2010-09-08,0.0015661923834047117,FDCPX,technology,2010
2010-09-09,-0.009119587699971147,FDCPX,technology,2010
2010-09-10,-0.008333415487459125,FDCPX,technology,2010
2010-09-13,0.009759333351227178,FDCPX,technology,2010
2010-09-14,0.003460997692685758,FDCPX,technology,2010
2010-09-15,0.004391567302631943,FDCPX,technology,2010
2010-09-16,0.006367755400869964,FDCPX,technology,2010
2010-09-17,-0.0031853373558032865,FDCPX,technology,2010
2010-09-20,0.0025362526211524655,FDCPX,technology,2010
2010-09-21,-0.0011609099478579886,FDCPX,technology,2010
2010-09-22,-0.00023961347759026037,FDCPX,technology,2010
2010-09-23,0.009476221298622235,FDCPX,technology,2010
2010-09-24,0.002453068195292108,FDCPX,technology,2010
2010-09-27,-6.237174434980518e-05,FDCPX,technology,2010
2010-09-28,-0.0011091800456387636,FDCPX,technology,2010
2010-09-29,0.011086234405629006,FDCPX,technology,2010
2010-09-30,-0.003558950241338815,FDCPX,technology,2010
2010-10-01,-0.006383748027368741,FDCPX,technology,2010
2010-10-04,-0.0015217847793033423,FDCPX,technology,2010
2010-10-05,0.0038391909260182405,FDCPX,technology,2010
2010-10-06,-0.01856841760342677,FDCPX,technology,2010
2010-10-07,0.0044010109572174185,FDCPX,technology,2010
2010-10-08,0.01128689980848147,FDCPX,technology,2010
2010-10-11,0.0016145393421658388,FDCPX,technology,2010
2010-10-12,0.0022461086811848244,FDCPX,technology,2010
2010-10-13,0.001407515602338488,FDCPX,technology,2010
2010-10-14,0.011113033177566591,FDCPX,technology,2010
2010-10-15,0.01987743794217432,FDCPX,technology,2010
2010-10-18,-0.0003756229550344785,FDCPX,technology,2010
2010-10-19,-0.004339883619674072,FDCPX,technology,2010
2010-10-20,-0.0025341269825433776,FDCPX,technology,2010
2010-10-21,-0.006234915766025202,FDCPX,technology,2010
2010-10-22,0.0013677760537668207,FDCPX,technology,2010
2010-10-25,-0.0029550844769673976,FDCPX,technology,2010
2010-10-26,-0.0034638023633191406,FDCPX,technology,2010
2010-10-27,0.01277975056501345,FDCPX,technology,2010
2010-10-28,-0.008700225389998631,FDCPX,technology,2010
2010-10-29,-0.0003775241807750041,FDCPX,technology,2010
2010-11-01,0.0021978232351674027,FDCPX,technology,2010
2010-11-02,0.0025243465991205243,FDCPX,technology,2010
2010-11-03,0.00342991333778183,FDCPX,technology,2010
2010-11-04,-0.009710044462628476,FDCPX,technology,2010
2010-11-05,-0.0028321440241411396,FDCPX,technology,2010
2010-11-08,0.004321201742146704,FDCPX,technology,2010
2010-11-09,0.0012808084979571335,FDCPX,technology,2010
2010-11-10,-0.0007629327999215145,FDCPX,technology,2010
2010-11-11,-0.0067517739203412684,FDCPX,technology,2010
2010-11-12,-0.005877548874583296,FDCPX,technology,2010
2010-11-15,0.0042321419966523605,FDCPX,technology,2010
2010-11-16,-0.0020097525278115827,FDCPX,technology,2010
2010-11-17,-0.0046606469353148595,FDCPX,technology,2010
2010-11-18,0.008583956154865357,FDCPX,technology,2010
2010-11-19,0.0055043910681175715,FDCPX,technology,2010
2010-11-22,0.010737044907866452,FDCPX,technology,2010
2010-11-23,0.005544425934405833,FDCPX,technology,2010
2010-11-24,-0.0010583474125452526,FDCPX,technology,2010
2010-11-26,0.007940567207433625,FDCPX,technology,2010
2010-11-29,-0.006733456218536519,FDCPX,technology,2010
2010-11-30,-0.004692817523575528,FDCPX,technology,2010
2010-12-01,-0.003968024102674158,FDCPX,technology,2010
2010-12-02,-0.004148061706512373,FDCPX,technology,2010
2010-12-03,0.0011048972432245435,FDCPX,technology,2010
2010-12-06,0.0011769454400657427,FDCPX,technology,2010
2010-12-07,0.0017787472934001078,FDCPX,technology,2010
2010-12-08,0.002438214793870441,FDCPX,technology,2010
2010-12-09,-0.009607006978228092,FDCPX,technology,2010
2010-12-10,0.0009679144525416381,FDCPX,technology,2010
2010-12-13,-0.006310346182230701,FDCPX,technology,2010
2010-12-14,-0.007155273596855883,FDCPX,technology,2010
2010-12-15,-0.001866667302299025,FDCPX,technology,2010
2010-12-16,-0.00019352497925110863,FDCPX,technology,2010
2010-12-17,0.0026207485018215826,FDCPX,technology,2010
2010-12-20,-0.0021814408319383747,FDCPX,technology,2010
2010-12-21,0.003372557238890371,FDCPX,technology,2010
2010-12-22,-0.0053013533918105015,FDCPX,technology,2010
2010-12-23,-0.0012136735428352984,FDCPX,technology,2010
2010-12-27,0.0022992801177085503,FDCPX,technology,2010
2010-12-28,-0.003511611012841182,FDCPX,technology,2010
2010-12-29,-0.0009056417320449285,FDCPX,technology,2010
2010-12-30,0.0014427523750630297,FDCPX,technology,2010
2011-01-05,0.0036780868049679245,FDCPX,technology,2011
2011-01-06,0.009517444314559972,FDCPX,technology,2011
2011-01-07,5.7553304965339124e-05,FDCPX,technology,2011
2011-01-10,0.007158866675446255,FDCPX,technology,2011
2011-01-11,-0.0052312450388516075,FDCPX,technology,2011
2011-01-12,-0.002637859032033136,FDCPX,technology,2011
2011-01-13,0.0022562254901608045,FDCPX,technology,2011
2011-01-14,0.004557065865657097,FDCPX,technology,2011
2011-01-18,-0.0013025389006762595,FDCPX,technology,2011
2011-01-19,-0.001184408661207767,FDCPX,technology,2011
2011-01-20,-0.011489165466529928,FDCPX,technology,2011
2011-01-21,-0.008282414083652202,FDCPX,technology,2011
2011-01-24,0.007920526327480248,FDCPX,technology,2011
2011-01-25,-0.0035841550331757793,FDCPX,technology,2011
2011-01-26,0.00535122700151688,FDCPX,technology,2011
2011-01-27,-0.004528100978142819,FDCPX,technology,2011
2011-01-28,-0.0045256957376585034,FDCPX,technology,2011
2011-01-31,-0.0022126412641151243,FDCPX,technology,2011
2011-02-01,0.0036714307418888974,FDCPX,technology,2011
2011-02-02,0.011379359805450654,FDCPX,technology,2011
2011-02-03,0.0003002045265086241,FDCPX,technology,2011
2011-02-04,0.004306657576528891,FDCPX,technology,2011
2011-02-07,0.004091524642917994,FDCPX,technology,2011
2011-02-08,0.002754967989442799,FDCPX,technology,2011
2011-02-09,0.007688766303033273,FDCPX,technology,2011
2011-02-10,0.00032740798322342547,FDCPX,technology,2011
2011-02-11,-0.0026685414668757637,FDCPX,technology,2011
2011-02-14,0.0008144673450391354,FDCPX,technology,2011
2011-02-15,-0.005901302913597643,FDCPX,technology,2011
2011-02-16,0.007055200914524779,FDCPX,technology,2011
2011-02-17,-0.00885896755317302,FDCPX,technology,2011
2011-02-18,-0.00982420813798086,FDCPX,technology,2011
2011-02-22,-0.0009389947673666445,FDCPX,technology,2011
2011-02-23,-0.01639510963152437,FDCPX,technology,2011
2011-02-24,0.0018837740946504877,FDCPX,technology,2011
2011-02-25,0.003169970207702986,FDCPX,technology,2011
2011-02-28,-0.0007722989021834601,FDCPX,technology,2011
2011-03-01,-0.00034468949263527157,FDCPX,technology,2011
2011-03-02,0.0029884866039813253,FDCPX,technology,2011
2011-03-03,0.00273643515793065,FDCPX,technology,2011
2011-03-04,-0.0006671699217832578,FDCPX,technology,2011
2011-03-07,0.004841803499147171,FDCPX,technology,2011
2011-03-08,0.003110891342696315,FDCPX,technology,2011
2011-03-09,-0.004950034864229772,FDCPX,technology,2011
2011-03-10,-0.0021589822938795876,FDCPX,technology,2011
2011-03-11,-0.003191220525444143,FDCPX,technology,2011
2011-03-14,-0.0016916767066890766,FDCPX,technology,2011
2011-03-15,0.00015590130258267415,FDCPX,technology,2011
2011-03-16,-0.004855832375889036,FDCPX,technology,2011
2011-03-17,-0.005037424632308465,FDCPX,technology,2011
2011-03-18,0.004529547784348416,FDCPX,technology,2011
2011-03-21,0.004922989405885359,FDCPX,technology,2011
2011-03-22,-0.0023986201870356202,FDCPX,technology,2011
2011-03-23,0.0007014479702460758,FDCPX,technology,2011
2011-03-24,0.008209094437465633,FDCPX,technology,2011
2011-03-25,0.003961019079748062,FDCPX,technology,2011
2011-03-28,-0.002058985511738033,FDCPX,technology,2011
2011-03-29,-0.004030447719402298,FDCPX,technology,2011
2011-03-30,-0.0034022171224732225,FDCPX,technology,2011
2011-03-31,9.830660276218331e-05,FDCPX,technology,2011
2011-04-01,-0.005798715564581851,FDCPX,technology,2011
2011-04-04,-0.011933959582906354,FDCPX,technology,2011
2011-04-05,0.005705949927658311,FDCPX,technology,2011
2011-04-06,0.0030055116969942243,FDCPX,technology,2011
2011-04-07,0.005290907878778642,FDCPX,technology,2011
2011-04-08,-0.000752531576934271,FDCPX,technology,2011
2011-04-11,0.001094187094647541,FDCPX,technology,2011
2011-04-12,-0.0008613570487223336,FDCPX,technology,2011
2011-04-13,0.016738233091147147,FDCPX,technology,2011
2011-04-14,-0.0012586064585058635,FDCPX,technology,2011
2011-04-15,-0.0006188931524740283,FDCPX,technology,2011
2011-04-18,0.0033966790719546086,FDCPX,technology,2011
2011-04-19,0.000951057595075429,FDCPX,technology,2011
2011-04-20,0.011407653593125754,FDCPX,technology,2011
2011-04-21,0.010266156322464092,FDCPX,technology,2011
2011-04-25,0.005942180857758243,FDCPX,technology,2011
2011-04-26,-0.0088663482282643,FDCPX,technology,2011
2011-04-27,-0.00638787765896595,FDCPX,technology,2011
2011-04-28,-0.007044642510359765,FDCPX,technology,2011
2011-04-29,-0.003166259451071925,FDCPX,technology,2011
2011-05-02,-0.00815723619343094,FDCPX,technology,2011
2011-05-03,-0.004011783892664595,FDCPX,technology,2011
2011-05-04,0.003897537618932676,FDCPX,technology,2011
2011-05-05,0.006582741338114232,FDCPX,technology,2011
2011-05-06,0.0011123322626888513,FDCPX,technology,2011
2011-05-09,0.002668614941016485,FDCPX,technology,2011
2011-05-10,0.0028006386878216896,FDCPX,technology,2011
2011-05-11,-0.003940873406837811,FDCPX,technology,2011
2011-05-12,-0.004071469641737107,FDCPX,technology,2011
2011-05-13,-0.004720688469615687,FDCPX,technology,2011
2011-05-16,-0.009410750992057938,FDCPX,technology,2011
2011-05-17,-0.006825334736023677,FDCPX,technology,2011
2011-05-18,0.007278214176518912,FDCPX,technology,2011
2011-05-19,-0.004569273085256291,FDCPX,technology,2011
2011-05-20,0.005784921737419823,FDCPX,technology,2011
2011-05-23,-0.00308129667710335,FDCPX,technology,2011
2011-05-24,-0.005298596920062694,FDCPX,technology,2011
2011-05-25,0.004963584522669951,FDCPX,technology,2011
2011-05-26,0.007393059171189536,FDCPX,technology,2011
2011-05-27,0.002717434459244209,FDCPX,technology,2011
2011-05-31,0.002688820906515019,FDCPX,technology,2011
2011-06-01,0.0040628544486955125,FDCPX,technology,2011
2011-06-02,0.003639918906486614,FDCPX,technology,2011
2011-06-03,0.0012760282208064706,FDCPX,technology,2011
2011-06-06,-0.0025339263296696238,FDCPX,technology,2011
2011-06-07,-0.0035288090637570014,FDCPX,technology,2011
2011-06-08,-0.007186378561342755,FDCPX,technology,2011
2011-06-09,-0.006506849192273135,FDCPX,technology,2011
2011-06-10,0.002144251783500915,FDCPX,technology,2011
2011-06-13,-0.0013226206946335638,FDCPX,technology,2011
2011-06-14,0.007405380088080954,FDCPX,technology,2011
2011-06-15,0.005345780218884126,FDCPX,technology,2011
2011-06-16,-0.007141505158360383,FDCPX,technology,2011
2011-06-17,-0.010519873417412472,FDCPX,technology,2011
2011-06-20,-0.003127867892364303,FDCPX,technology,2011
2011-06-21,0.010274049166802435,FDCPX,technology,2011
2011-06-22,0.0012536177130222006,FDCPX,technology,2011
2011-06-23,0.019563232508544786,FDCPX,technology,2011
2011-06-24,-0.00897060419510427,FDCPX,technology,2011
2011-06-27,0.00122424535951152,FDCPX,technology,2011
2011-06-28,-0.0012560660786980534,FDCPX,technology,2011
2011-06-29,-0.004832622558312941,FDCPX,technology,2011
2011-06-30,0.006694651841910261,FDCPX,technology,2011
2011-07-01,-0.0009295861065935392,FDCPX,technology,2011
2011-07-05,0.005321784673637061,FDCPX,technology,2011
2011-07-06,0.0014028157955548696,FDCPX,technology,2011
2011-07-07,0.0011854682186447744,FDCPX,technology,2011
2011-07-08,0.007044648316652097,FDCPX,technology,2011
2011-07-11,-0.003796564533180183,FDCPX,technology,2011
2011-07-12,-0.0034213979311488677,FDCPX,technology,2011
2011-07-13,0.005607886651792325,FDCPX,technology,2011
2011-07-14,-0.0003656814939723002,FDCPX,technology,2011
2011-07-15,0.002522468779091046,FDCPX,technology,2011
2011-07-18,0.005921788253427006,FDCPX,technology,2011
2011-07-19,0.006888251424689816,FDCPX,technology,2011
2011-07-20,-0.0028186822236967645,FDCPX,technology,2011
2011-07-21,-0.02571330025793906,FDCPX,technology,2011
2011-07-22,0.018058271755463335,FDCPX,technology,2011
2011-07-25,-0.0003409326891230281,FDCPX,technology,2011
2011-07-26,0.005907718727781095,FDCPX,technology,2011
2011-07-27,-0.006613833701381997,FDCPX,technology,2011
2011-07-28,-0.0010360181112676154,FDCPX,technology,2011
2011-07-29,-0.014609001146818502,FDCPX,technology,2011
2011-08-01,0.00362667553712549,FDCPX,technology,2011
2011-08-02,0.0026197236694152012,FDCPX,technology,2011
2011-08-03,0.004178762996286369,FDCPX,technology,2011
2011-08-04,-0.002589610752440838,FDCPX,technology,2011
2011-08-05,-0.013920304424221796,FDCPX,technology,2011
2011-08-08,0.008738536916261433,FDCPX,technology,2011
2011-08-09,-0.0042707488794164125,FDCPX,technology,2011
2011-08-10,0.011309144482302504,FDCPX,technology,2011
2011-08-11,-0.003010242563958758,FDCPX,technology,2011
2011-08-12,0.00426782514043329,FDCPX,technology,2011
2011-08-15,-0.002105851937985209,FDCPX,technology,2011
2011-08-16,-0.0034025865156370634,FDCPX,technology,2011
2011-08-17,-0.019893072678176683,FDCPX,technology,2011
2011-08-18,-0.018454944531140403,FDCPX,technology,2011
2011-08-19,-0.005181518523091774,FDCPX,technology,2011
2011-08-22,0.005064927987889236,FDCPX,technology,2011
2011-08-23,0.008600264408698592,FDCPX,technology,2011
2011-08-24,-0.006435764144056333,FDCPX,technology,2011
2011-08-25,-0.002999607145710296,FDCPX,technology,2011
2011-08-26,0.007173092266068087,FDCPX,technology,2011
2011-08-29,-0.0004806945314607125,FDCPX,technology,2011
2011-08-30,-0.0022974693333375046,FDCPX,technology,2011
2011-08-31,-0.007578448881630647,FDCPX,technology,2011
2011-09-01,-0.005784663757362226,FDCPX,technology,2011
2011-09-02,-0.0018340869706425476,FDCPX,technology,2011
2011-09-06,0.005171547842936339,FDCPX,technology,2011
2011-09-07,0.002289998657789654,FDCPX,technology,2011
2011-09-08,0.0034131264208505305,FDCPX,technology,2011
2011-09-09,0.00930744407538538,FDCPX,technology,2011
2011-09-12,0.004977804047752211,FDCPX,technology,2011
2011-09-13,0.0060197624716961,FDCPX,technology,2011
2011-09-14,0.008226112962355292,FDCPX,technology,2011
2011-09-15,-0.0038147451666405777,FDCPX,technology,2011
2011-09-16,9.45783205259466e-05,FDCPX,technology,2011
2011-09-19,0.004794242453187999,FDCPX,technology,2011
2011-09-20,-0.009619041468710956,FDCPX,technology,2011
2011-09-21,0.024154109709859685,FDCPX,technology,2011
2011-09-22,0.001165636200917343,FDCPX,technology,2011
2011-09-23,0.004357753995710375,FDCPX,technology,2011
2011-09-26,-0.00884529233311282,FDCPX,technology,2011
2011-09-27,0.004533012376429155,FDCPX,technology,2011
2011-09-28,0.0012141324753644663,FDCPX,technology,2011
2011-09-29,-0.01130736146112682,FDCPX,technology,2011
2011-09-30,-0.00012607732721471934,FDCPX,technology,2011
2011-10-03,0.0021146233742465846,FDCPX,technology,2011
2011-10-04,0.008090953151074318,FDCPX,technology,2011
2011-10-05,0.007250494073174678,FDCPX,technology,2011
2011-10-06,0.005406951451357774,FDCPX,technology,2011
2011-10-07,-0.0028001273656510957,FDCPX,technology,2011
2011-10-10,-0.0006765920400114769,FDCPX,technology,2011
2011-10-11,0.007738235958631263,FDCPX,technology,2011
2011-10-12,-0.00508721788963359,FDCPX,technology,2011
2011-10-13,0.010599156859851012,FDCPX,technology,2011
2011-10-14,0.001116883702853462,FDCPX,technology,2011
2011-10-17,-0.004430763175547348,FDCPX,technology,2011
2011-10-18,-0.003883586665999566,FDCPX,technology,2011
2011-10-19,-0.017295823119241396,FDCPX,technology,2011
2011-10-20,-0.0135876443266,FDCPX,technology,2011
2011-10-21,0.0037419757636712354,FDCPX,technology,2011
2011-10-24,0.010658973570709678,FDCPX,technology,2011
2011-10-25,0.0007890726511374929,FDCPX,technology,2011
2011-10-26,0.006345179729006696,FDCPX,technology,2011
2011-10-27,-0.005825011047208589,FDCPX,technology,2011
2011-10-28,0.008728428760428564,FDCPX,technology,2011
2011-10-31,0.004845643444290386,FDCPX,technology,2011
2011-11-01,0.0034238325874241353,FDCPX,technology,2011
2011-11-02,-0.003376764549522229,FDCPX,technology,2011
2011-11-03,0.005408971648233972,FDCPX,technology,2011
2011-11-04,0.005147366842908612,FDCPX,technology,2011
2011-11-07,-0.004222964056513919,FDCPX,technology,2011
2011-11-08,-0.004964750984908289,FDCPX,technology,2011
2011-11-09,-0.002402314322912283,FDCPX,technology,2011
2011-11-10,-0.00934959938018283,FDCPX,technology,2011
2011-11-11,0.00044887913331845275,FDCPX,technology,2011
2011-11-14,0.003921436717290455,FDCPX,technology,2011
2011-11-15,0.008683825227171548,FDCPX,technology,2011
2011-11-16,0.0061679547466258495,FDCPX,technology,2011
2011-11-17,-0.008585064353388232,FDCPX,technology,2011
2011-11-18,-0.004962250801000907,FDCPX,technology,2011
2011-11-21,0.0015840449625835057,FDCPX,technology,2011
2011-11-22,0.002767596836546523,FDCPX,technology,2011
2011-11-23,-0.005449013511317522,FDCPX,technology,2011
2011-11-25,-0.0087126770603311,FDCPX,technology,2011
2011-11-28,0.008611762070161087,FDCPX,technology,2011
2011-11-29,-0.005365763040063687,FDCPX,technology,2011
2011-11-30,-0.0017528909435763629,FDCPX,technology,2011
2011-12-01,0.004069511775058765,FDCPX,technology,2011
2011-12-02,0.0026910512670771823,FDCPX,technology,2011
2011-12-05,0.0003732090228381734,FDCPX,technology,2011
2011-12-06,-0.004193060188451281,FDCPX,technology,2011
2011-12-07,-0.0035368651861494554,FDCPX,technology,2011
2011-12-08,0.007757133454675241,FDCPX,technology,2011
2011-12-09,-8.596687913057025e-05,FDCPX,technology,2011
2011-12-12,0.0022632024100796046,FDCPX,technology,2011
2011-12-13,-0.005084876343404191,FDCPX,technology,2011
2011-12-14,-0.007933790180758833,FDCPX,technology,2011
2011-12-15,-0.003961778498555042,FDCPX,technology,2011
2011-12-16,-0.002333765972803271,FDCPX,technology,2011
2011-12-19,-0.0019164366887679946,FDCPX,technology,2011
2011-12-20,-0.00011531640001861271,FDCPX,technology,2011
2011-12-21,-0.017791055612509276,FDCPX,technology,2011
2011-12-22,0.0016345168397570095,FDCPX,technology,2011
2011-12-23,-0.0008102821008864145,FDCPX,technology,2011
2011-12-27,-0.0022773655143649794,FDCPX,technology,2011
2011-12-28,0.0009094465308088235,FDCPX,technology,2011
2011-12-29,-0.0009964000526152903,FDCPX,technology,2011
2011-12-30,0.0029767662005729043,FDCPX,technology,2011
2012-01-04,-0.003094528829914081,FDCPX,technology,2012
2012-01-05,0.005060583307635498,FDCPX,technology,2012
2012-01-06,0.006151243672858946,FDCPX,technology,2012
2012-01-09,0.00036893860567005715,FDCPX,technology,2012
2012-01-10,-0.005896731971414371,FDCPX,technology,2012
2012-01-11,0.0032627348973351933,FDCPX,technology,2012
2012-01-12,0.0032345617974644325,FDCPX,technology,2012
2012-01-13,-0.0011401195418101664,FDCPX,technology,2012
2012-01-17,-0.0009597718615917774,FDCPX,technology,2012
2012-01-18,0.006784155802567311,FDCPX,technology,2012
2012-01-19,0.004550951843526859,FDCPX,technology,2012
2012-01-20,0.0013574416586408086,FDCPX,technology,2012
2012-01-23,0.009800367999121644,FDCPX,technology,2012
2012-01-24,0.011884852927948665,FDCPX,technology,2012
2012-01-25,0.004692628119940171,FDCPX,technology,2012
2012-01-26,-0.003209367760486387,FDCPX,technology,2012
2012-01-27,0.008503496122984518,FDCPX,technology,2012
2012-01-30,0.005650244345553108,FDCPX,technology,2012
2012-01-31,0.004996129550004891,FDCPX,technology,2012
2012-02-01,0.008921394226993175,FDCPX,technology,2012
2012-02-02,-0.0033023196905220837,FDCPX,technology,2012
2012-02-03,0.0009405770366158403,FDCPX,technology,2012
2012-02-06,-0.00027133837425278575,FDCPX,technology,2012
2012-02-07,0.005172158764419971,FDCPX,technology,2012
2012-02-08,0.005507726015192702,FDCPX,technology,2012
2012-02-09,0.00663824306958726,FDCPX,technology,2012
2012-02-10,-0.0013175301201675226,FDCPX,technology,2012
2012-02-13,0.00027706215981335505,FDCPX,technology,2012
2012-02-14,0.007403440795309361,FDCPX,technology,2012
2012-02-15,0.0002784706787713285,FDCPX,technology,2012
2012-02-16,0.007376915590049321,FDCPX,technology,2012
2012-02-17,-0.007629686578204514,FDCPX,technology,2012
2012-02-21,0.002237466732593503,FDCPX,technology,2012
2012-02-22,-0.003151973560627637,FDCPX,technology,2012
2012-02-23,-0.0026091260872192416,FDCPX,technology,2012
2012-02-24,0.002346519702892123,FDCPX,technology,2012
2012-02-27,-0.0030300427787916867,FDCPX,technology,2012
2012-02-28,0.0020345818331567594,FDCPX,technology,2012
2012-02-29,-0.0003924115663848718,FDCPX,technology,2012
2012-03-01,0.0004062452463601991,FDCPX,technology,2012
2012-03-02,0.0037126109319996527,FDCPX,technology,2012
2012-03-05,-0.005858621878070918,FDCPX,technology,2012
2012-03-06,0.00020782653263536413,FDCPX,technology,2012
2012-03-07,0.0001945740968970558,FDCPX,technology,2012
2012-03-08,0.001209840640130886,FDCPX,technology,2012
2012-03-09,0.00238192770891319,FDCPX,technology,2012
2012-03-12,-0.00022994465585065579,FDCPX,technology,2012
2012-03-13,-0.004050101148284559,FDCPX,technology,2012
2012-03-14,0.0033252843524991583,FDCPX,technology,2012
2012-03-15,-0.006089826394812591,FDCPX,technology,2012
2012-03-16,-0.00188066479446212,FDCPX,technology,2012
2012-03-19,0.0037721187401708028,FDCPX,technology,2012
2012-03-20,0.0014633242412911908,FDCPX,technology,2012
2012-03-21,0.004622602724275322,FDCPX,technology,2012
2012-03-22,0.007181060223297505,FDCPX,technology,2012
2012-03-23,-0.00346608612555501,FDCPX,technology,2012
2012-03-26,-0.0027990620047960713,FDCPX,technology,2012
2012-03-27,0.0042381541029218985,FDCPX,technology,2012
2012-03-28,0.0036398964797327528,FDCPX,technology,2012
2012-03-29,0.0004113109032099181,FDCPX,technology,2012
2012-03-30,-0.008890450999706114,FDCPX,technology,2012
2012-04-02,0.0029290823419251145,FDCPX,technology,2012
2012-04-03,0.008404946344287937,FDCPX,technology,2012
2012-04-04,-0.005700546414556038,FDCPX,technology,2012
2012-04-05,-0.0032130428238516095,FDCPX,technology,2012
2012-04-09,0.009127009162342752,FDCPX,technology,2012
2012-04-10,0.006210163887175026,FDCPX,technology,2012
2012-04-11,-0.007157937595208056,FDCPX,technology,2012
2012-04-12,-0.0014446163975770504,FDCPX,technology,2012
2012-04-13,-0.0005341282658592704,FDCPX,technology,2012
2012-04-16,-0.00721340973098605,FDCPX,technology,2012
2012-04-17,0.004614791316120373,FDCPX,technology,2012
2012-04-18,-0.0023072019664629453,FDCPX,technology,2012
2012-04-19,-0.0039435423676026995,FDCPX,technology,2012
2012-04-20,-0.010797385290331618,FDCPX,technology,2012
2012-04-23,0.005392776698885803,FDCPX,technology,2012
2012-04-24,-0.007574645046176628,FDCPX,technology,2012
2012-04-25,0.019860159766294468,FDCPX,technology,2012
2012-04-26,-0.0018889508780147429,FDCPX,technology,2012
2012-04-27,-0.007856800423731304,FDCPX,technology,2012
2012-04-30,-0.004586923897974854,FDCPX,technology,2012
2012-05-01,-0.0004312605120145134,FDCPX,technology,2012
2012-05-02,0.006038181515527945,FDCPX,technology,2012
2012-05-03,-0.0006860590137671273,FDCPX,technology,2012
2012-05-04,-0.00031257618794863773,FDCPX,technology,2012
2012-05-07,-0.0038443380392945586,FDCPX,technology,2012
2012-05-08,-0.004068556710397261,FDCPX,technology,2012
2012-05-09,0.009692362926873076,FDCPX,technology,2012
2012-05-10,-0.009151020538724297,FDCPX,technology,2012
2012-05-11,0.000829990779936121,FDCPX,technology,2012
2012-05-14,0.0035669813199764294,FDCPX,technology,2012
2012-05-15,0.0010411645727873443,FDCPX,technology,2012
2012-05-16,-0.012970663979888188,FDCPX,technology,2012
2012-05-17,-0.0008730076480600868,FDCPX,technology,2012
2012-05-18,-0.006691898311427788,FDCPX,technology,2012
2012-05-21,0.00934481720246022,FDCPX,technology,2012
2012-05-22,-0.007627926513911848,FDCPX,technology,2012
2012-05-23,-3.7224896626337394e-06,FDCPX,technology,2012
2012-05-24,-0.015051025882911498,FDCPX,technology,2012
2012-05-25,0.0030916642594783186,FDCPX,technology,2012
2012-05-29,-0.0030459557852151164,FDCPX,technology,2012
2012-05-30,0.011030601961238253,FDCPX,technology,2012
2012-05-31,-0.0032316188699130907,FDCPX,technology,2012
2012-06-01,-0.0008090408517701583,FDCPX,technology,2012
2012-06-04,0.003539528546470143,FDCPX,technology,2012
2012-06-05,0.005679794078477279,FDCPX,technology,2012
2012-06-06,0.0006427303173724142,FDCPX,technology,2012
2012-06-07,-0.008892158253387234,FDCPX,technology,2012
2012-06-08,-0.0015077585659669188,FDCPX,technology,2012
2012-06-11,-0.004701063512009995,FDCPX,technology,2012
2012-06-12,-0.001464231545434621,FDCPX,technology,2012
2012-06-13,0.0017194216357962946,FDCPX,technology,2012
2012-06-14,-0.012256324254771052,FDCPX,technology,2012
2012-06-15,0.00408155738988167,FDCPX,technology,2012
2012-06-18,0.0018577919471538277,FDCPX,technology,2012
2012-06-19,-0.004298939906775531,FDCPX,technology,2012
2012-06-20,0.005158705253799965,FDCPX,technology,2012
2012-06-21,-0.0019889465232257493,FDCPX,technology,2012
2012-06-22,0.004738562774089895,FDCPX,technology,2012
2012-06-25,-0.0036273940433244403,FDCPX,technology,2012
2012-06-26,-0.006518001641884536,FDCPX,technology,2012
2012-06-27,-0.0010192933271773487,FDCPX,technology,2012
2012-06-28,-0.00834138280308719,FDCPX,technology,2012
2012-06-29,0.0073530343728422515,FDCPX,technology,2012
2012-07-02,0.0024311173060628513,FDCPX,technology,2012
2012-07-03,0.0066737489166264,FDCPX,technology,2012
2012-07-05,0.008435335594314086,FDCPX,technology,2012
2012-07-06,-0.010897047274565213,FDCPX,technology,2012
2012-07-09,-0.0003795317020075773,FDCPX,technology,2012
2012-07-10,-0.008044918716530484,FDCPX,technology,2012
2012-07-11,-0.004878571709513404,FDCPX,technology,2012
2012-07-12,-0.005162050182548946,FDCPX,technology,2012
2012-07-13,-0.014033841940776181,FDCPX,technology,2012
2012-07-16,0.0017922927837345608,FDCPX,technology,2012
2012-07-17,-0.009010678708346372,FDCPX,technology,2012
2012-07-18,0.016739100097726247,FDCPX,technology,2012
2012-07-19,0.010237071446038611,FDCPX,technology,2012
2012-07-20,-0.0013178829835582134,FDCPX,technology,2012
2012-07-23,0.003689552216272948,FDCPX,technology,2012
2012-07-24,0.003510494967567314,FDCPX,technology,2012
2012-07-25,-0.007670926979114779,FDCPX,technology,2012
2012-07-26,0.002180345712938226,FDCPX,technology,2012
2012-07-27,0.0030316770884671884,FDCPX,technology,2012
2012-07-30,-0.0053128392324133964,FDCPX,technology,2012
2012-07-31,0.015321864432589425,FDCPX,technology,2012
2012-08-01,-0.007912899404065803,FDCPX,technology,2012
2012-08-02,0.004009637159285178,FDCPX,technology,2012
2012-08-03,0.00012122423011333774,FDCPX,technology,2012
2012-08-06,0.006009940654488669,FDCPX,technology,2012
2012-08-07,0.006958723435954379,FDCPX,technology,2012
2012-08-08,-0.002921841318213872,FDCPX,technology,2012
2012-08-09,0.00424702861364429,FDCPX,technology,2012
2012-08-10,0.0030785367724326888,FDCPX,technology,2012
2012-08-13,0.000641092300550438,FDCPX,technology,2012
2012-08-14,-0.012389534796639977,FDCPX,technology,2012
2012-08-15,0.0007699472496097712,FDCPX,technology,2012
2012-08-16,0.0046105818559126766,FDCPX,technology,2012
2012-08-17,0.006807285460117462,FDCPX,technology,2012
2012-08-20,0.005280136001306684,FDCPX,technology,2012
2012-08-21,-0.0019472163285503717,FDCPX,technology,2012
2012-08-22,-0.0012850180275302114,FDCPX,technology,2012
2012-08-23,-0.0031390418066610075,FDCPX,technology,2012
2012-08-24,-0.0017144786501702043,FDCPX,technology,2012
2012-08-27,0.0006727194521700264,FDCPX,technology,2012
2012-08-28,0.0024976578952040874,FDCPX,technology,2012
2012-08-29,0.0030404267069766284,FDCPX,technology,2012
2012-08-30,-0.008083333858807284,FDCPX,technology,2012
2012-08-31,-0.0035092423549043373,FDCPX,technology,2012
2012-09-04,0.006476698494305448,FDCPX,technology,2012
2012-09-05,-0.00046363535326475664,FDCPX,technology,2012
2012-09-06,-0.006037666764651211,FDCPX,technology,2012
2012-09-07,-0.003835197253414567,FDCPX,technology,2012
2012-09-10,-0.004991994780895749,FDCPX,technology,2012
2012-09-11,0.0023534087056159766,FDCPX,technology,2012
2012-09-12,0.0010158411009166292,FDCPX,technology,2012
2012-09-13,-0.0062575976106229465,FDCPX,technology,2012
2012-09-14,0.0031538944052918053,FDCPX,technology,2012
2012-09-17,0.0034109437652003324,FDCPX,technology,2012
2012-09-18,0.0009018456190755318,FDCPX,technology,2012
2012-09-19,-0.0005203178515919148,FDCPX,technology,2012
2012-09-20,-0.004253981658379172,FDCPX,technology,2012
2012-09-21,0.0035496495467995555,FDCPX,technology,2012
2012-09-24,-0.009157658585089705,FDCPX,technology,2012
2012-09-25,-0.003356205662494489,FDCPX,technology,2012
2012-09-26,-0.002594411982956594,FDCPX,technology,2012
2012-09-27,0.00663271948169711,FDCPX,technology,2012
2012-09-28,-0.0029971956578196037,FDCPX,technology,2012
2012-10-01,-0.00671018996957963,FDCPX,technology,2012
2012-10-02,-0.0003703824271845805,FDCPX,technology,2012
2012-10-03,-0.011944755986296556,FDCPX,technology,2012
2012-10-04,-0.008726209419392757,FDCPX,technology,2012
2012-10-05,-0.0033424389264252435,FDCPX,technology,2012
2012-10-08,-0.0030095726529294686,FDCPX,technology,2012
2012-10-09,-0.0030852726589382477,FDCPX,technology,2012
2012-10-10,0.0010294761622896414,FDCPX,technology,2012
2012-10-11,-0.0055296686550366635,FDCPX,technology,2012
2012-10-12,0.005764851626929622,FDCPX,technology,2012
2012-10-15,-0.002751044993228388,FDCPX,technology,2012
2012-10-16,0.002452428859646765,FDCPX,technology,2012
2012-10-17,-0.017883830851522495,FDCPX,technology,2012
2012-10-18,-0.010629541839470185,FDCPX,technology,2012
2012-10-19,0.005630786823872226,FDCPX,technology,2012
2012-10-22,0.011367545845153251,FDCPX,technology,2012
2012-10-23,0.0022043862257539164,FDCPX,technology,2012
2012-10-24,-0.003545108583847746,FDCPX,technology,2012
2012-10-25,-0.0068384109427935946,FDCPX,technology,2012
2012-10-26,-0.004471731458885833,FDCPX,technology,2012
2012-10-31,-0.0021867180986196973,FDCPX,technology,2012
2012-11-01,0.003810833615494981,FDCPX,technology,2012
2012-11-02,-0.006182697312013959,FDCPX,technology,2012
2012-11-05,0.008553575723411828,FDCPX,technology,2012
2012-11-06,0.0006403462386502627,FDCPX,technology,2012
2012-11-07,-0.0007973678675197611,FDCPX,technology,2012
2012-11-08,0.0012161914265605284,FDCPX,technology,2012
2012-11-09,0.005635224264135341,FDCPX,technology,2012
2012-11-12,-0.007357687656945879,FDCPX,technology,2012
2012-11-13,0.002132834610199705,FDCPX,technology,2012
2012-11-14,0.006996742586386563,FDCPX,technology,2012
2012-11-15,-0.0010193901698731756,FDCPX,technology,2012
2012-11-16,-0.007294061371425924,FDCPX,technology,2012
2012-11-19,0.009937882624947304,FDCPX,technology,2012
2012-11-20,-0.009372442392225944,FDCPX,technology,2012
2012-11-21,0.007573488303435929,FDCPX,technology,2012
2012-11-23,0.003999111002703483,FDCPX,technology,2012
2012-11-26,0.010158890802696309,FDCPX,technology,2012
2012-11-27,-0.00014897308255825813,FDCPX,technology,2012
2012-11-28,-0.010663663654088914,FDCPX,technology,2012
2012-11-29,0.0004255531722525468,FDCPX,technology,2012
2012-11-30,-0.006538566765534432,FDCPX,technology,2012
2012-12-03,0.008546970672844767,FDCPX,technology,2012
2012-12-04,0.003279819417039083,FDCPX,technology,2012
2012-12-05,-0.011176627658607791,FDCPX,technology,2012
2012-12-06,0.009091701709301927,FDCPX,technology,2012
2012-12-07,-0.006955268839205279,FDCPX,technology,2012
2012-12-10,0.007085659520639106,FDCPX,technology,2012
2012-12-11,0.0006090971140506746,FDCPX,technology,2012
2012-12-12,-0.007287149763821791,FDCPX,technology,2012
2012-12-13,-0.0009427961787300803,FDCPX,technology,2012
2012-12-14,-0.005892796554838566,FDCPX,technology,2012
2012-12-17,-0.004302388823268926,FDCPX,technology,2012
2012-12-18,0.00829428901915484,FDCPX,technology,2012
2012-12-19,0.008091527517765873,FDCPX,technology,2012
2012-12-20,-0.003364907353472357,FDCPX,technology,2012
2012-12-21,0.004604202182548666,FDCPX,technology,2012
2012-12-24,0.0024289075967342012,FDCPX,technology,2012
2012-12-26,-0.0018577577436752583,FDCPX,technology,2012
2012-12-27,0.0007096998893625279,FDCPX,technology,2012
2012-12-28,0.002122271096982521,FDCPX,technology,2012
2012-12-29,0.00016843182456980298,FDCPX,technology,2012
2012-12-30,0.00016843182456980298,FDCPX,technology,2012
2013-01-03,-0.0019910003163572166,FDCPX,technology,2013
2013-01-04,-0.00642277196937795,FDCPX,technology,2013
2013-01-07,-0.000950765549396832,FDCPX,technology,2013
2013-01-08,-0.004032332362519665,FDCPX,technology,2013
2013-01-09,0.004080116352757299,FDCPX,technology,2013
2013-01-10,0.0004349921439019298,FDCPX,technology,2013
2013-01-11,0.0031705616761035747,FDCPX,technology,2013
2013-01-14,0.007672594191952779,FDCPX,technology,2013
2013-01-15,-0.0017840814283740496,FDCPX,technology,2013
2013-01-16,0.007768436893707285,FDCPX,technology,2013
2013-01-17,0.0014376711677132892,FDCPX,technology,2013
2013-01-18,-0.0005320312724753729,FDCPX,technology,2013
2013-01-22,0.004659964868828353,FDCPX,technology,2013
2013-01-23,0.003385281857302638,FDCPX,technology,2013
2013-01-24,-0.01755749100277675,FDCPX,technology,2013
2013-01-25,0.0032391240418141592,FDCPX,technology,2013
2013-01-28,0.0034776342075446037,FDCPX,technology,2013
2013-01-29,-0.01760078914168242,FDCPX,technology,2013
2013-01-30,-0.00027042224379422546,FDCPX,technology,2013
2013-01-31,0.006069328889054158,FDCPX,technology,2013
2013-02-01,-0.002507646149469347,FDCPX,technology,2013
2013-02-04,-0.004612848096875363,FDCPX,technology,2013
2013-02-05,0.003685935498168128,FDCPX,technology,2013
2013-02-06,0.001753904086407015,FDCPX,technology,2013
2013-02-07,-0.0007288781729671474,FDCPX,technology,2013
2013-02-08,0.007144527996670025,FDCPX,technology,2013
2013-02-11,-0.0024920378567868423,FDCPX,technology,2013
2013-02-12,-0.0064676180545039826,FDCPX,technology,2013
2013-02-13,0.000547203459022104,FDCPX,technology,2013
2013-02-14,-0.0013618820418588528,FDCPX,technology,2013
2013-02-15,0.0022323110610506956,FDCPX,technology,2013
2013-02-19,-0.005146939960020586,FDCPX,technology,2013
2013-02-20,-0.007552679386387753,FDCPX,technology,2013
2013-02-21,-0.0011527126014326938,FDCPX,technology,2013
2013-02-22,0.009227069582939782,FDCPX,technology,2013
2013-02-25,0.0016402229381492894,FDCPX,technology,2013
2013-02-26,0.004124467297443545,FDCPX,technology,2013
2013-02-27,-0.005691768666856423,FDCPX,technology,2013
2013-02-28,-0.00014082172449123823,FDCPX,technology,2013
2013-03-01,-0.0019625427391094506,FDCPX,technology,2013
2013-03-04,-0.009524854551939917,FDCPX,technology,2013
2013-03-05,0.004127648449051146,FDCPX,technology,2013
2013-03-06,0.005617637063020578,FDCPX,technology,2013
2013-03-07,-0.005216189539865981,FDCPX,technology,2013
2013-03-08,0.002971754793596161,FDCPX,technology,2013
2013-03-11,0.003803997234082911,FDCPX,technology,2013
2013-03-12,0.00467597704221287,FDCPX,technology,2013
2013-03-13,0.0036245979991116864,FDCPX,technology,2013
2013-03-14,0.007860193625490812,FDCPX,technology,2013
2013-03-15,0.0014192160625488659,FDCPX,technology,2013
2013-03-18,0.007580404232822855,FDCPX,technology,2013
2013-03-19,-0.0007733895397250968,FDCPX,technology,2013
2013-03-20,-0.00016537103296579078,FDCPX,technology,2013
2013-03-21,-0.00308458646858549,FDCPX,technology,2013
2013-03-22,-0.003015093366237017,FDCPX,technology,2013
2013-03-25,0.0035568483996804455,FDCPX,technology,2013
2013-03-26,0.0002508386409463149,FDCPX,technology,2013
2013-03-27,-0.001684726698876318,FDCPX,technology,2013
2013-03-28,-0.0010794379458484403,FDCPX,technology,2013
2013-04-01,-0.008537702549638444,FDCPX,technology,2013
2013-04-02,-0.009432295448152642,FDCPX,technology,2013
2013-04-03,0.0008734255505316174,FDCPX,technology,2013
2013-04-04,-0.004187432926213934,FDCPX,technology,2013
2013-04-05,-0.005205177657239073,FDCPX,technology,2013
2013-04-08,-0.001770244418694205,FDCPX,technology,2013
2013-04-09,0.0028665035961274914,FDCPX,technology,2013
2013-04-10,0.007531966078652327,FDCPX,technology,2013
2013-04-11,-0.014407751640747386,FDCPX,technology,2013
2013-04-12,-0.0018564490491073146,FDCPX,technology,2013
2013-04-15,-0.0005136074871203225,FDCPX,technology,2013
2013-04-16,0.0023181365709595402,FDCPX,technology,2013
2013-04-17,-0.012125058745655004,FDCPX,technology,2013
2013-04-18,-0.012975362136938118,FDCPX,technology,2013
2013-04-19,-0.02631737867974146,FDCPX,technology,2013
2013-04-22,0.0014750205426551696,FDCPX,technology,2013
2013-04-23,0.010635467400001939,FDCPX,technology,2013
2013-04-24,0.004095769059551141,FDCPX,technology,2013
2013-04-25,-0.001878490116316404,FDCPX,technology,2013
2013-04-26,0.008921645410776103,FDCPX,technology,2013
2013-04-29,0.007226649104247869,FDCPX,technology,2013
2013-04-30,0.00798405586321325,FDCPX,technology,2013
2013-05-01,-0.006163790636875782,FDCPX,technology,2013
2013-05-02,0.008070731329587575,FDCPX,technology,2013
2013-05-03,0.001176544337278344,FDCPX,technology,2013
2013-05-06,0.007130668464678778,FDCPX,technology,2013
2013-05-07,-0.004806904391522759,FDCPX,technology,2013
2013-05-08,0.006183475293531273,FDCPX,technology,2013
2013-05-09,-0.004467339756450299,FDCPX,technology,2013
2013-05-10,0.004619066767647426,FDCPX,technology,2013
2013-05-13,-0.0034680715770706388,FDCPX,technology,2013
2013-05-14,-0.007980898010366173,FDCPX,technology,2013
2013-05-15,-0.009988113344152318,FDCPX,technology,2013
2013-05-16,0.01369620534452986,FDCPX,technology,2013
2013-05-17,-0.0006361185616456724,FDCPX,technology,2013
2013-05-20,-0.0011057783360766305,FDCPX,technology,2013
2013-05-21,0.0005056098820338806,FDCPX,technology,2013
2013-05-22,0.001646236213575866,FDCPX,technology,2013
2013-05-23,0.020083139834912823,FDCPX,technology,2013
2013-05-24,-0.002535732342813486,FDCPX,technology,2013
2013-05-28,0.002549687729640146,FDCPX,technology,2013
2013-05-29,0.009474298994744841,FDCPX,technology,2013
2013-05-30,0.010940339281443537,FDCPX,technology,2013
2013-05-31,0.002967276076685812,FDCPX,technology,2013
2013-06-03,-0.0015474442074658984,FDCPX,technology,2013
2013-06-04,3.3559925258133845e-05,FDCPX,technology,2013
2013-06-05,0.0013265893759710906,FDCPX,technology,2013
2013-06-06,-0.002710603810022497,FDCPX,technology,2013
2013-06-07,-0.003912067618557974,FDCPX,technology,2013
2013-06-10,0.000690220516096582,FDCPX,technology,2013
2013-06-11,0.00212158499839769,FDCPX,technology,2013
2013-06-12,0.0011459928964298732,FDCPX,technology,2013
2013-06-13,-0.003662253292539332,FDCPX,technology,2013
2013-06-14,-0.0023154566825974695,FDCPX,technology,2013
2013-06-17,0.0020061595629118634,FDCPX,technology,2013
2013-06-18,0.002366980349848091,FDCPX,technology,2013
2013-06-19,-0.00023566879657506423,FDCPX,technology,2013
2013-06-20,-0.000102942250760088,FDCPX,technology,2013
2013-06-21,-0.010924823606291026,FDCPX,technology,2013
2013-06-24,-0.009569172462533219,FDCPX,technology,2013
2013-06-25,-0.0005623385698783796,FDCPX,technology,2013
2013-06-26,-0.0040738842200842085,FDCPX,technology,2013
2013-06-27,0.0038228234406038767,FDCPX,technology,2013
2013-06-28,0.0008059037804308729,FDCPX,technology,2013
2013-07-01,0.007082631259779122,FDCPX,technology,2013
2013-07-02,0.006061147554989651,FDCPX,technology,2013
2013-07-03,0.003253511325595978,FDCPX,technology,2013
2013-07-05,-0.0013331658842862283,FDCPX,technology,2013
2013-07-08,-0.008127594365032355,FDCPX,technology,2013
2013-07-09,0.000790274280656149,FDCPX,technology,2013
2013-07-10,0.005083056767556661,FDCPX,technology,2013
2013-07-11,-0.00010955484261212546,FDCPX,technology,2013
2013-07-12,0.000600635234425672,FDCPX,technology,2013
2013-07-15,0.003203506467993974,FDCPX,technology,2013
2013-07-16,0.002277211966850753,FDCPX,technology,2013
2013-07-17,-0.00045623713658884285,FDCPX,technology,2013
2013-07-18,0.00432428230510718,FDCPX,technology,2013
2013-07-19,-0.011222040818436363,FDCPX,technology,2013
2013-07-22,0.0011353897421141155,FDCPX,technology,2013
2013-07-23,-0.004065022813352931,FDCPX,technology,2013
2013-07-24,0.014102522374761374,FDCPX,technology,2013
2013-07-25,-0.002119198098623432,FDCPX,technology,2013
2013-07-26,-0.009565679110271017,FDCPX,technology,2013
2013-07-29,0.0001862882936226021,FDCPX,technology,2013
2013-07-30,0.006627023613126582,FDCPX,technology,2013
2013-07-31,-0.003519869507759922,FDCPX,technology,2013
2013-08-01,0.010091323097140927,FDCPX,technology,2013
2013-08-02,0.0015913413565254715,FDCPX,technology,2013
2013-08-05,0.005450356740056319,FDCPX,technology,2013
2013-08-06,-0.0037285956401381286,FDCPX,technology,2013
2013-08-07,0.00024093126413617496,FDCPX,technology,2013
2013-08-08,0.0018701572741935788,FDCPX,technology,2013
2013-08-09,0.001087762149167693,FDCPX,technology,2013
2013-08-12,0.011312541257212125,FDCPX,technology,2013
2013-08-13,0.009338143926327513,FDCPX,technology,2013
2013-08-14,0.004707210214983941,FDCPX,technology,2013
2013-08-15,-0.007604730700246112,FDCPX,technology,2013
2013-08-16,0.004367633181720112,FDCPX,technology,2013
2013-08-19,-0.0009531597488724721,FDCPX,technology,2013
2013-08-20,-0.0030521071251499096,FDCPX,technology,2013
2013-08-21,0.003604768000659433,FDCPX,technology,2013
2013-08-22,-0.014426539500351332,FDCPX,technology,2013
2013-08-23,-0.0026750262093357875,FDCPX,technology,2013
2013-08-26,0.0019731835072090516,FDCPX,technology,2013
2013-08-27,-0.011085156542952798,FDCPX,technology,2013
2013-08-28,0.002448762204861669,FDCPX,technology,2013
2013-08-29,0.0016443692905644689,FDCPX,technology,2013
2013-08-30,-0.0054207620296961335,FDCPX,technology,2013
2013-09-03,0.001719020939931995,FDCPX,technology,2013
2013-09-04,0.00188879609756119,FDCPX,technology,2013
2013-09-05,-0.0003234149814250344,FDCPX,technology,2013
2013-09-06,-0.0005038002403556224,FDCPX,technology,2013
2013-09-09,0.004912066919525707,FDCPX,technology,2013
2013-09-10,-0.0032429730901759758,FDCPX,technology,2013
2013-09-11,-0.009895734742719419,FDCPX,technology,2013
2013-09-12,0.0011575867965040846,FDCPX,technology,2013
2013-09-13,-0.0031279970184830913,FDCPX,technology,2013
2013-09-16,-0.01250118733332986,FDCPX,technology,2013
2013-09-17,-0.0011380102884615364,FDCPX,technology,2013
2013-09-18,-0.001223117253967546,FDCPX,technology,2013
2013-09-19,0.0010063859315954272,FDCPX,technology,2013
2013-09-20,-0.0029725804963879714,FDCPX,technology,2013
2013-09-23,0.011201956727814141,FDCPX,technology,2013
2013-09-24,0.002057573703289293,FDCPX,technology,2013
2013-09-25,0.0025431686207841838,FDCPX,technology,2013
2013-09-26,-0.0016358013560266742,FDCPX,technology,2013
2013-09-27,-0.004260411297265222,FDCPX,technology,2013
2013-09-30,-0.0018982806094962595,FDCPX,technology,2013
2013-10-01,0.00541205997878459,FDCPX,technology,2013
2013-10-02,0.0025458663370869997,FDCPX,technology,2013
2013-10-03,-0.0024331687476188083,FDCPX,technology,2013
2013-10-04,-0.0002494742532146866,FDCPX,technology,2013
2013-10-07,0.002004151427451171,FDCPX,technology,2013
2013-10-08,-0.002863271117673703,FDCPX,technology,2013
2013-10-09,0.007973690343489253,FDCPX,technology,2013
2013-10-10,-0.0036376011069520695,FDCPX,technology,2013
2013-10-11,-0.0016461564486106063,FDCPX,technology,2013
2013-10-14,0.003026292135401284,FDCPX,technology,2013
2013-10-15,-0.007121153443862989,FDCPX,technology,2013
2013-10-16,-0.006375251672830191,FDCPX,technology,2013
2013-10-17,-0.007564207506382911,FDCPX,technology,2013
2013-10-18,0.004490108823890918,FDCPX,technology,2013
2013-10-21,0.008981942011836452,FDCPX,technology,2013
2013-10-22,-0.008164286039303525,FDCPX,technology,2013
2013-10-23,-0.0075173174722753065,FDCPX,technology,2013
2013-10-24,0.0015799358245624372,FDCPX,technology,2013
2013-10-25,-0.008823415808146638,FDCPX,technology,2013
2013-10-28,0.0038704593899480354,FDCPX,technology,2013
2013-10-29,-0.00401951089879829,FDCPX,technology,2013
2013-10-30,0.004995579843443256,FDCPX,technology,2013
2013-10-31,-0.0037121540284908295,FDCPX,technology,2013
2013-11-01,-4.8558443835296835e-05,FDCPX,technology,2013
2013-11-04,0.0026938858576412415,FDCPX,technology,2013
2013-11-05,-0.0031139163201671463,FDCPX,technology,2013
2013-11-06,-0.0013475663799890625,FDCPX,technology,2013
2013-11-07,0.0022536020469737673,FDCPX,technology,2013
2013-11-08,0.0029020011212726893,FDCPX,technology,2013
2013-11-11,0.004086039832133433,FDCPX,technology,2013
2013-11-12,0.006911609212229386,FDCPX,technology,2013
2013-11-13,0.0015005188097198408,FDCPX,technology,2013
2013-11-14,-0.007395129815525994,FDCPX,technology,2013
2013-11-15,-0.00357537759862455,FDCPX,technology,2013
2013-11-18,-0.0038323294430573527,FDCPX,technology,2013
2013-11-19,-0.0028013345940526737,FDCPX,technology,2013
2013-11-20,-0.002104004731409196,FDCPX,technology,2013
2013-11-21,0.0022691910582410806,FDCPX,technology,2013
2013-11-22,-0.003876436817612502,FDCPX,technology,2013
2013-11-25,-0.001871495274890092,FDCPX,technology,2013
2013-11-26,0.004101339968354505,FDCPX,technology,2013
2013-11-27,0.016755459165585684,FDCPX,technology,2013
2013-11-29,0.007077674253042696,FDCPX,technology,2013
2013-12-02,-0.0046435840664337865,FDCPX,technology,2013
2013-12-03,0.006761772806392916,FDCPX,technology,2013
2013-12-04,0.002393832725492141,FDCPX,technology,2013
2013-12-05,0.0019614016960594477,FDCPX,technology,2013
2013-12-06,-0.003775667982177801,FDCPX,technology,2013
2013-12-09,-0.002503770426514505,FDCPX,technology,2013
2013-12-10,0.0013742075130070395,FDCPX,technology,2013
2013-12-11,-0.005273139379375239,FDCPX,technology,2013
2013-12-12,-0.0022827757282342814,FDCPX,technology,2013
2013-12-13,0.00045604039352055247,FDCPX,technology,2013
2013-12-16,0.007002810610450151,FDCPX,technology,2013
2013-12-17,0.004615874378795928,FDCPX,technology,2013
2013-12-18,-0.014934787694325283,FDCPX,technology,2013
2013-12-19,0.003060570114036106,FDCPX,technology,2013
2013-12-20,0.00846289951736991,FDCPX,technology,2013
2013-12-23,0.01163862971111055,FDCPX,technology,2013
2013-12-24,-0.0023194277860090024,FDCPX,technology,2013
2013-12-26,-0.00276325953198381,FDCPX,technology,2013
2013-12-27,-0.0023201045462708236,FDCPX,technology,2013
2013-12-30,-5.6715523867259226e-05,FDCPX,technology,2013
2014-01-03,0.003595707810321158,FDCPX,technology,2014
2014-01-06,0.0006728789616694633,FDCPX,technology,2014
2014-01-07,0.007954684765449294,FDCPX,technology,2014
2014-01-08,0.0009608993977117109,FDCPX,technology,2014
2014-01-09,-0.008260291269200044,FDCPX,technology,2014
2014-01-10,-0.0032060985990179126,FDCPX,technology,2014
2014-01-13,0.00888907416278509,FDCPX,technology,2014
2014-01-14,0.008557395825373501,FDCPX,technology,2014
2014-01-15,0.014467948275210595,FDCPX,technology,2014
2014-01-16,0.0026360824917487603,FDCPX,technology,2014
2014-01-17,0.000973654529519512,FDCPX,technology,2014
2014-01-21,0.0010086643933629757,FDCPX,technology,2014
2014-01-22,0.0022637253084616337,FDCPX,technology,2014
2014-01-23,0.005060033962776053,FDCPX,technology,2014
2014-01-24,-0.003017710065613386,FDCPX,technology,2014
2014-01-27,0.0019101093382759386,FDCPX,technology,2014
2014-01-28,-0.022745428136232777,FDCPX,technology,2014
2014-01-29,0.0009530891398472924,FDCPX,technology,2014
2014-01-30,-0.0030892876031483347,FDCPX,technology,2014
2014-01-31,-0.0009475290330921756,FDCPX,technology,2014
2014-02-03,0.0037908129035768776,FDCPX,technology,2014
2014-02-04,-0.0005505689029573404,FDCPX,technology,2014
2014-02-05,-0.0015348545377272317,FDCPX,technology,2014
2014-02-06,-0.004451985187874204,FDCPX,technology,2014
2014-02-07,-0.003389807724092626,FDCPX,technology,2014
2014-02-10,0.005224138800249658,FDCPX,technology,2014
2014-02-11,-0.0008475367612825295,FDCPX,technology,2014
2014-02-12,-0.0009665468654143868,FDCPX,technology,2014
2014-02-13,0.003509529387505661,FDCPX,technology,2014
2014-02-14,0.005700319743307328,FDCPX,technology,2014
2014-02-18,-0.00492313404097447,FDCPX,technology,2014
2014-02-19,0.0002807705530674526,FDCPX,technology,2014
2014-02-20,-0.0021013221682848297,FDCPX,technology,2014
2014-02-21,-0.005110847262083727,FDCPX,technology,2014
2014-02-24,-0.001291012786229749,FDCPX,technology,2014
2014-02-25,-0.0021117388659227456,FDCPX,technology,2014
2014-02-26,0.006754288087760494,FDCPX,technology,2014
2014-02-27,0.0009923776277280822,FDCPX,technology,2014
2014-02-28,-0.0076000489275913335,FDCPX,technology,2014
2014-03-03,0.005264538775043997,FDCPX,technology,2014
2014-03-04,-0.00015308002364071774,FDCPX,technology,2014
2014-03-05,0.0002842326348097414,FDCPX,technology,2014
2014-03-06,-0.009377382630376538,FDCPX,technology,2014
2014-03-07,-0.00745366199216188,FDCPX,technology,2014
2014-03-10,-0.003380327753020235,FDCPX,technology,2014
2014-03-11,0.0006414124622001124,FDCPX,technology,2014
2014-03-12,0.0034374839817204804,FDCPX,technology,2014
2014-03-13,-0.0004249022560225916,FDCPX,technology,2014
2014-03-14,0.0018086974293497011,FDCPX,technology,2014
2014-03-17,0.0031868799131414965,FDCPX,technology,2014
2014-03-18,0.01035533929548329,FDCPX,technology,2014
2014-03-19,0.0039030903159756928,FDCPX,technology,2014
2014-03-20,0.0011600266387648186,FDCPX,technology,2014
2014-03-21,0.004624154311861087,FDCPX,technology,2014
2014-03-24,-0.001072998574431337,FDCPX,technology,2014
2014-03-25,0.008525960579399847,FDCPX,technology,2014
2014-03-26,-0.0070091238480328565,FDCPX,technology,2014
2014-03-27,-0.0023480322244023594,FDCPX,technology,2014
2014-03-28,-0.003712129352636948,FDCPX,technology,2014
2014-03-31,0.0033880833949652116,FDCPX,technology,2014
2014-04-01,0.00538153797181833,FDCPX,technology,2014
2014-04-02,-0.00018383174122239094,FDCPX,technology,2014
2014-04-03,-0.005154255274130447,FDCPX,technology,2014
2014-04-04,-0.008547303534645135,FDCPX,technology,2014
2014-04-07,-0.0013593512489901375,FDCPX,technology,2014
2014-04-08,0.0024166645253736177,FDCPX,technology,2014
2014-04-09,0.000859611333195176,FDCPX,technology,2014
2014-04-10,0.0010487038863068385,FDCPX,technology,2014
2014-04-11,-0.002353308631878593,FDCPX,technology,2014
2014-04-14,0.0012950475064945222,FDCPX,technology,2014
2014-04-15,-0.007893860593312456,FDCPX,technology,2014
2014-04-16,-0.0028077430937562004,FDCPX,technology,2014
2014-04-17,-0.00357314660084422,FDCPX,technology,2014
2014-04-21,0.0038028067854809066,FDCPX,technology,2014
2014-04-22,-0.0024758753865000344,FDCPX,technology,2014
2014-04-23,-0.01043037353932541,FDCPX,technology,2014
2014-04-24,0.0039973653555333,FDCPX,technology,2014
2014-04-25,-0.003659231736211929,FDCPX,technology,2014
2014-04-28,0.001545148088371931,FDCPX,technology,2014
2014-04-29,-0.0005597167569279327,FDCPX,technology,2014
2014-04-30,-0.006561952542641729,FDCPX,technology,2014
2014-05-01,-0.010286172625649027,FDCPX,technology,2014
2014-05-02,-0.0014970574919248205,FDCPX,technology,2014
2014-05-05,-0.0016168089170164632,FDCPX,technology,2014
2014-05-06,-0.004288758261146429,FDCPX,technology,2014
2014-05-07,-0.018587796651704222,FDCPX,technology,2014
2014-05-08,-0.007564987973168637,FDCPX,technology,2014
2014-05-09,0.002664199655669042,FDCPX,technology,2014
2014-05-12,0.0046747476568554085,FDCPX,technology,2014
2014-05-13,0.0024254358046719516,FDCPX,technology,2014
2014-05-14,0.0013572382212992534,FDCPX,technology,2014
2014-05-15,0.003692400609950461,FDCPX,technology,2014
2014-05-16,0.005228063038705837,FDCPX,technology,2014
2014-05-19,0.007388170150942849,FDCPX,technology,2014
2014-05-20,-0.0025336520212899047,FDCPX,technology,2014
2014-05-21,-0.003464769042773201,FDCPX,technology,2014
2014-05-22,-0.0001562746045638921,FDCPX,technology,2014
2014-05-23,0.010688881122220432,FDCPX,technology,2014
2014-05-27,0.00350639464212608,FDCPX,technology,2014
2014-05-28,-0.0007685501865735352,FDCPX,technology,2014
2014-05-29,-0.0007920905902721589,FDCPX,technology,2014
2014-05-30,-0.0035330612082501165,FDCPX,technology,2014
2014-06-02,-0.0056495946941052325,FDCPX,technology,2014
2014-06-03,0.0004469014304651432,FDCPX,technology,2014
2014-06-04,0.0007707586008360687,FDCPX,technology,2014
2014-06-05,0.0044287370366134044,FDCPX,technology,2014
2014-06-06,-0.002512727137123939,FDCPX,technology,2014
2014-06-09,0.0011910509614866973,FDCPX,technology,2014
2014-06-10,-0.0008992456408724304,FDCPX,technology,2014
2014-06-11,0.0027393947129280448,FDCPX,technology,2014
2014-06-12,-0.0003743782909833675,FDCPX,technology,2014
2014-06-13,0.006027992062154356,FDCPX,technology,2014
2014-06-16,0.006491266405809806,FDCPX,technology,2014
2014-06-17,0.0020370022032402905,FDCPX,technology,2014
2014-06-18,-0.004411668509017804,FDCPX,technology,2014
2014-06-19,-0.007415044091074596,FDCPX,technology,2014
2014-06-20,-0.005770592065300307,FDCPX,technology,2014
2014-06-23,0.0004705253971800117,FDCPX,technology,2014
2014-06-24,0.001865649562083454,FDCPX,technology,2014
2014-06-25,-0.002624221295011877,FDCPX,technology,2014
2014-06-26,0.003265490492859705,FDCPX,technology,2014
2014-06-27,0.0029803755018174166,FDCPX,technology,2014
2014-06-30,0.0071327641116181,FDCPX,technology,2014
2014-07-01,0.008054139164627026,FDCPX,technology,2014
2014-07-02,0.002125387470224974,FDCPX,technology,2014
2014-07-03,0.0003544727210995722,FDCPX,technology,2014
2014-07-07,-0.000698230190408859,FDCPX,technology,2014
2014-07-08,-0.009552917892095687,FDCPX,technology,2014
2014-07-09,-0.0021226403038303245,FDCPX,technology,2014
2014-07-10,0.009026848454262569,FDCPX,technology,2014
2014-07-11,0.0014830495340959935,FDCPX,technology,2014
2014-07-14,0.0010096508231899103,FDCPX,technology,2014
2014-07-15,-0.005661774723264198,FDCPX,technology,2014
2014-07-16,0.004791423888471472,FDCPX,technology,2014
2014-07-17,-0.00722466599353782,FDCPX,technology,2014
2014-07-18,0.002660585509664219,FDCPX,technology,2014
2014-07-21,0.00034151438158203833,FDCPX,technology,2014
2014-07-22,0.005430471515403087,FDCPX,technology,2014
2014-07-23,-0.00013190127868129963,FDCPX,technology,2014
2014-07-24,0.003550458320101618,FDCPX,technology,2014
2014-07-25,0.0012981312152046346,FDCPX,technology,2014
2014-07-28,0.001159990361578241,FDCPX,technology,2014
2014-07-29,0.006452038703268302,FDCPX,technology,2014
2014-07-30,0.001936050137678213,FDCPX,technology,2014
2014-07-31,0.0025324683324474823,FDCPX,technology,2014
2014-08-01,-0.0037676808119265614,FDCPX,technology,2014
2014-08-04,0.00026728241168551964,FDCPX,technology,2014
2014-08-05,0.005865063418308922,FDCPX,technology,2014
2014-08-06,-0.003528242673515116,FDCPX,technology,2014
2014-08-07,-0.001417181424556325,FDCPX,technology,2014
2014-08-08,-0.008798911568729462,FDCPX,technology,2014
2014-08-11,0.0049070384642926415,FDCPX,technology,2014
2014-08-12,-0.0031226442846668417,FDCPX,technology,2014
2014-08-13,0.0011569481040033898,FDCPX,technology,2014
2014-08-14,-0.0007786156435187555,FDCPX,technology,2014
2014-08-15,-0.0011555125250250504,FDCPX,technology,2014
2014-08-18,0.0004973243330075525,FDCPX,technology,2014
2014-08-19,-0.0022689272578726083,FDCPX,technology,2014
2014-08-20,-0.00537014762529038,FDCPX,technology,2014
2014-08-21,0.0038033029132892725,FDCPX,technology,2014
2014-08-22,0.002486340705811311,FDCPX,technology,2014
2014-08-25,-0.002134296003613755,FDCPX,technology,2014
2014-08-26,0.004430438109495086,FDCPX,technology,2014
2014-08-27,0.0015478029304945374,FDCPX,technology,2014
2014-08-28,-0.0009746095329601929,FDCPX,technology,2014
2014-08-29,0.0009510627707350438,FDCPX,technology,2014
2014-09-02,0.0045805602393256244,FDCPX,technology,2014
2014-09-03,-0.012499748821869387,FDCPX,technology,2014
2014-09-04,-0.0055108115321003265,FDCPX,technology,2014
2014-09-05,-0.00023325753654527062,FDCPX,technology,2014
2014-09-08,0.005990526419659754,FDCPX,technology,2014
2014-09-09,0.0002414056490285775,FDCPX,technology,2014
2014-09-10,0.0051670376578144125,FDCPX,technology,2014
2014-09-11,0.002135720420074463,FDCPX,technology,2014
2014-09-12,0.0021743707180348027,FDCPX,technology,2014
2014-09-15,-0.008976268399091089,FDCPX,technology,2014
2014-09-16,-0.004525622816848012,FDCPX,technology,2014
2014-09-17,0.0018133067945830226,FDCPX,technology,2014
2014-09-18,0.003840711925664905,FDCPX,technology,2014
2014-09-19,-0.006302105167426316,FDCPX,technology,2014
2014-09-22,0.000589578111276105,FDCPX,technology,2014
2014-09-23,0.00037766399759331035,FDCPX,technology,2014
2014-09-24,-0.003962079066056138,FDCPX,technology,2014
2014-09-25,-0.007238706119836423,FDCPX,technology,2014
2014-09-26,0.0033830221277386854,FDCPX,technology,2014
2014-09-29,0.00028628414460119987,FDCPX,technology,2014
2014-09-30,0.005603371284867832,FDCPX,technology,2014
2014-10-01,-0.005952918336470655,FDCPX,technology,2014
2014-10-02,0.005592233426371446,FDCPX,technology,2014
2014-10-03,-0.007684534756769601,FDCPX,technology,2014
2014-10-06,-0.0007161534406639799,FDCPX,technology,2014
2014-10-07,-0.0016926146232107801,FDCPX,technology,2014
2014-10-08,-0.002459066915282023,FDCPX,technology,2014
2014-10-09,0.0019428733905201105,FDCPX,technology,2014
2014-10-10,-0.009132317080002506,FDCPX,technology,2014
2014-10-13,0.006924468830903089,FDCPX,technology,2014
2014-10-14,0.004174261625642834,FDCPX,technology,2014
2014-10-15,0.008284447877312575,FDCPX,technology,2014
2014-10-16,0.003770004538358466,FDCPX,technology,2014
2014-10-17,0.0005583181882629802,FDCPX,technology,2014
2014-10-20,-0.013961780228666516,FDCPX,technology,2014
2014-10-21,-0.0022684478001871386,FDCPX,technology,2014
2014-10-22,0.005547493167295832,FDCPX,technology,2014
2014-10-23,0.005826160044051698,FDCPX,technology,2014
2014-10-24,-0.003835337711214152,FDCPX,technology,2014
2014-10-27,0.0029365002955839678,FDCPX,technology,2014
2014-10-28,0.004396942193175912,FDCPX,technology,2014
2014-10-29,0.00020751653288879346,FDCPX,technology,2014
2014-10-30,-0.006103081207750749,FDCPX,technology,2014
2014-10-31,0.002283492789754281,FDCPX,technology,2014
2014-11-03,0.00525880176044405,FDCPX,technology,2014
2014-11-04,0.000981665507143785,FDCPX,technology,2014
2014-11-05,-0.00662806587398903,FDCPX,technology,2014
2014-11-06,-0.004633791863215402,FDCPX,technology,2014
2014-11-07,-0.0019115464551377002,FDCPX,technology,2014
2014-11-10,0.0014596034234007154,FDCPX,technology,2014
2014-11-11,-0.0023229355027386913,FDCPX,technology,2014
2014-11-12,0.006320025543332133,FDCPX,technology,2014
2014-11-13,-0.002363247591519657,FDCPX,technology,2014
2014-11-14,0.010507100400356663,FDCPX,technology,2014
2014-11-17,-0.0019200772795753657,FDCPX,technology,2014
2014-11-18,-0.002183805199483164,FDCPX,technology,2014
2014-11-19,-0.009312361193752058,FDCPX,technology,2014
2014-11-20,0.004427274165574997,FDCPX,technology,2014
2014-11-21,-0.0041074713620611585,FDCPX,technology,2014
2014-11-24,0.008463399315200315,FDCPX,technology,2014
2014-11-25,0.00021870268139871532,FDCPX,technology,2014
2014-11-26,0.004584363420191931,FDCPX,technology,2014
2014-11-28,0.0004996201539109006,FDCPX,technology,2014
2014-12-01,-0.007034127750322786,FDCPX,technology,2014
2014-12-02,-0.001537452860729027,FDCPX,technology,2014
2014-12-03,0.004689966542317495,FDCPX,technology,2014
2014-12-04,-0.001706569650046869,FDCPX,technology,2014
2014-12-05,0.002292546249720044,FDCPX,technology,2014
2014-12-08,-0.00755647791757217,FDCPX,technology,2014
2014-12-09,0.009370947847098606,FDCPX,technology,2014
2014-12-10,2.4524043534798756e-05,FDCPX,technology,2014
2014-12-11,-0.0002789818207091224,FDCPX,technology,2014
2014-12-12,0.0018617047014049051,FDCPX,technology,2014
2014-12-15,0.0007728348961740517,FDCPX,technology,2014
2014-12-16,0.00017386856914793254,FDCPX,technology,2014
2014-12-17,0.00173715210800586,FDCPX,technology,2014
2014-12-18,0.0023192875305635165,FDCPX,technology,2014
2014-12-19,-0.02384961302581898,FDCPX,technology,2014
2014-12-22,0.028212994682550882,FDCPX,technology,2014
2014-12-23,-0.0014047796560094506,FDCPX,technology,2014
2014-12-24,0.0027441929951092887,FDCPX,technology,2014
2014-12-26,0.0017056368598426428,FDCPX,technology,2014
2014-12-29,-0.007891349225336856,FDCPX,technology,2014
2014-12-30,-0.00013898562218850156,FDCPX,technology,2014
2015-01-05,0.0017591519650812515,FDCPX,technology,2015
2015-01-06,-0.005909635076447199,FDCPX,technology,2015
2015-01-07,-0.005571144342629102,FDCPX,technology,2015
2015-01-08,0.003412651955631143,FDCPX,technology,2015
2015-01-09,0.010980140300079835,FDCPX,technology,2015
2015-01-12,-0.009059202467991507,FDCPX,technology,2015
2015-01-13,0.00418642719802315,FDCPX,technology,2015
2015-01-14,-0.002959158207410966,FDCPX,technology,2015
2015-01-15,-0.010540914613702717,FDCPX,technology,2015
2015-01-16,-0.002806096199875161,FDCPX,technology,2015
2015-01-20,0.005963284828500231,FDCPX,technology,2015
2015-01-21,-0.009332934210474198,FDCPX,technology,2015
2015-01-22,0.004798280738607033,FDCPX,technology,2015
2015-01-23,0.0055050199097121475,FDCPX,technology,2015
2015-01-26,-0.006549267505461853,FDCPX,technology,2015
2015-01-27,-0.006179867191954971,FDCPX,technology,2015
2015-01-28,0.015476675418917259,FDCPX,technology,2015
2015-01-29,-0.004401376923044127,FDCPX,technology,2015
2015-01-30,0.0014489810682887395,FDCPX,technology,2015
2015-02-02,-0.00012283365767559555,FDCPX,technology,2015
2015-02-03,7.250314808681692e-05,FDCPX,technology,2015
2015-02-04,0.0051092664866150194,FDCPX,technology,2015
2015-02-05,-0.005012732746395411,FDCPX,technology,2015
2015-02-06,0.0012897907141705511,FDCPX,technology,2015
2015-02-09,0.0056856644791118925,FDCPX,technology,2015
2015-02-10,0.002195665925757949,FDCPX,technology,2015
2015-02-11,0.006001921240483547,FDCPX,technology,2015
2015-02-12,0.0018320862738117859,FDCPX,technology,2015
2015-02-13,0.00495377940737045,FDCPX,technology,2015
2015-02-17,-0.0005612370214524731,FDCPX,technology,2015
2015-02-18,0.002182044274225164,FDCPX,technology,2015
2015-02-19,0.006005321698789404,FDCPX,technology,2015
2015-02-20,-0.0016596150843363041,FDCPX,technology,2015
2015-02-23,-0.00336746376649481,FDCPX,technology,2015
2015-02-24,-0.0013035109567062753,FDCPX,technology,2015
2015-02-25,-0.01411981696396611,FDCPX,technology,2015
2015-02-26,0.005100750595405099,FDCPX,technology,2015
2015-02-27,0.0022719404404171156,FDCPX,technology,2015
2015-03-02,0.0009491639090673659,FDCPX,technology,2015
2015-03-03,-0.004141150127512739,FDCPX,technology,2015
2015-03-04,0.004077109278802622,FDCPX,technology,2015
2015-03-05,-0.00029491372679763493,FDCPX,technology,2015
2015-03-06,0.0018932025758756285,FDCPX,technology,2015
2015-03-09,-0.00044270104246233117,FDCPX,technology,2015
2015-03-10,-0.003160361427577224,FDCPX,technology,2015
2015-03-11,-0.0017744059248389612,FDCPX,technology,2015
2015-03-12,-0.003745952175700531,FDCPX,technology,2015
2015-03-13,-0.0026007872083484325,FDCPX,technology,2015
2015-03-16,-0.0031692991324642483,FDCPX,technology,2015
2015-03-17,0.0026215681658911857,FDCPX,technology,2015
2015-03-18,0.0006206344928092328,FDCPX,technology,2015
2015-03-19,0.00466960249856986,FDCPX,technology,2015
2015-03-20,0.0010127209218841957,FDCPX,technology,2015
2015-03-23,0.00338678892158555,FDCPX,technology,2015
2015-03-24,0.0003362123240558488,FDCPX,technology,2015
2015-03-25,-0.0064242656004844315,FDCPX,technology,2015
2015-03-26,-0.006984969322805449,FDCPX,technology,2015
2015-03-27,-0.0073322670389320155,FDCPX,technology,2015
2015-03-30,-0.0013059598800286634,FDCPX,technology,2015
2015-03-31,0.0008951718255242845,FDCPX,technology,2015
2015-04-01,0.0023043264107663044,FDCPX,technology,2015
2015-04-02,0.0016490072767573363,FDCPX,technology,2015
2015-04-06,0.005139589148515501,FDCPX,technology,2015
2015-04-07,0.0012739764376151017,FDCPX,technology,2015
2015-04-08,0.0004384534419185171,FDCPX,technology,2015
2015-04-09,0.0004487243478190099,FDCPX,technology,2015
2015-04-10,0.0025106960822079676,FDCPX,technology,2015
2015-04-13,0.005485592396491471,FDCPX,technology,2015
2015-04-14,-0.0011490481634906066,FDCPX,technology,2015
2015-04-15,0.005745470256662515,FDCPX,technology,2015
2015-04-16,-0.0043270480015693055,FDCPX,technology,2015
2015-04-17,0.005220962109299853,FDCPX,technology,2015
2015-04-20,0.008542942531968628,FDCPX,technology,2015
2015-04-21,-0.0046853542863811645,FDCPX,technology,2015
2015-04-22,0.0019237261897220009,FDCPX,technology,2015
2015-04-23,0.0002758316393482491,FDCPX,technology,2015
2015-04-24,-0.006059128938660864,FDCPX,technology,2015
2015-04-27,0.005951311725820489,FDCPX,technology,2015
2015-04-28,-0.0007820106941697383,FDCPX,technology,2015
2015-04-29,-0.001125172865996049,FDCPX,technology,2015
2015-04-30,-0.003738724025397759,FDCPX,technology,2015
2015-05-01,0.00457550265688067,FDCPX,technology,2015
2015-05-04,-0.0017675759701291276,FDCPX,technology,2015
2015-05-05,-0.004294090455077363,FDCPX,technology,2015
2015-05-06,-0.0012596138332452086,FDCPX,technology,2015
2015-05-07,0.0011618957545965459,FDCPX,technology,2015
2015-05-08,-5.718497953715457e-05,FDCPX,technology,2015
2015-05-11,0.0031752505259779584,FDCPX,technology,2015
2015-05-12,-0.003613216533560019,FDCPX,technology,2015
2015-05-13,0.005732250799443518,FDCPX,technology,2015
2015-05-14,0.006767183805001742,FDCPX,technology,2015
2015-05-15,-0.004154734984291921,FDCPX,technology,2015
2015-05-18,0.00038703378889579435,FDCPX,technology,2015
2015-05-19,-0.0019469971617584033,FDCPX,technology,2015
2015-05-20,-0.00022589731312013667,FDCPX,technology,2015
2015-05-21,0.003756314897521297,FDCPX,technology,2015
2015-05-22,0.007593077779939565,FDCPX,technology,2015
2015-05-26,-0.005661870355095381,FDCPX,technology,2015
2015-05-27,0.006075590289840199,FDCPX,technology,2015
2015-05-28,0.005536730455705243,FDCPX,technology,2015
2015-05-29,-0.0030753084707957927,FDCPX,technology,2015
2015-06-01,0.0015093420530705418,FDCPX,technology,2015
2015-06-02,0.00044500114239993103,FDCPX,technology,2015
2015-06-03,0.00607057367627166,FDCPX,technology,2015
2015-06-04,-0.00025134951694027324,FDCPX,technology,2015
2015-06-05,0.002897295884167578,FDCPX,technology,2015
2015-06-08,-0.005301309730087039,FDCPX,technology,2015
2015-06-09,0.0005187367906126644,FDCPX,technology,2015
2015-06-10,5.8447677099546236e-05,FDCPX,technology,2015
2015-06-11,-0.0042282921837690215,FDCPX,technology,2015
2015-06-12,-0.000100956682206969,FDCPX,technology,2015
2015-06-15,-0.0024904441210335804,FDCPX,technology,2015
2015-06-16,0.0009440413245359481,FDCPX,technology,2015
2015-06-17,0.0013719896977687244,FDCPX,technology,2015
2015-06-18,-0.005283543952320199,FDCPX,technology,2015
2015-06-19,-0.0032601807797077503,FDCPX,technology,2015
2015-06-22,0.0029815118220723738,FDCPX,technology,2015
2015-06-23,-0.0011064969808503144,FDCPX,technology,2015
2015-06-24,0.0002997318953079052,FDCPX,technology,2015
2015-06-25,-0.005181448319040749,FDCPX,technology,2015
2015-06-26,-0.012728877548090399,FDCPX,technology,2015
2015-06-29,0.00034160457202743466,FDCPX,technology,2015
2015-06-30,-0.002357411688215259,FDCPX,technology,2015
2015-07-01,-0.004967674090686017,FDCPX,technology,2015
2015-07-02,0.0028601961498778594,FDCPX,technology,2015
2015-07-06,-0.004101409917304968,FDCPX,technology,2015
2015-07-07,-0.0032735058661692348,FDCPX,technology,2015
2015-07-08,-0.0018984481411872672,FDCPX,technology,2015
2015-07-09,-0.013927643632474871,FDCPX,technology,2015
2015-07-10,0.0007280546792284796,FDCPX,technology,2015
2015-07-13,0.0021843385829918363,FDCPX,technology,2015
2015-07-14,-0.0013440163416084273,FDCPX,technology,2015
2015-07-15,0.001092033996203068,FDCPX,technology,2015
2015-07-16,-0.001594463354135333,FDCPX,technology,2015
2015-07-17,0.011825894247013198,FDCPX,technology,2015
2015-07-20,0.003503657974161126,FDCPX,technology,2015
2015-07-21,-0.0051258402783435405,FDCPX,technology,2015
2015-07-22,-0.008257680640539396,FDCPX,technology,2015
2015-07-23,0.01597324142178518,FDCPX,technology,2015
2015-07-24,-0.0019582308997139856,FDCPX,technology,2015
2015-07-27,-0.0002963248192827941,FDCPX,technology,2015
2015-07-28,-0.004170761323300534,FDCPX,technology,2015
2015-07-29,-0.007128982061831192,FDCPX,technology,2015
2015-07-30,0.0068595600673584615,FDCPX,technology,2015
2015-07-31,-0.005408393489861521,FDCPX,technology,2015
2015-08-03,-0.008069528559271878,FDCPX,technology,2015
2015-08-04,-0.00852617624574476,FDCPX,technology,2015
2015-08-05,0.009269776816644492,FDCPX,technology,2015
2015-08-06,0.0034224432133107005,FDCPX,technology,2015
2015-08-07,-0.0029285624588433123,FDCPX,technology,2015
2015-08-10,0.008008598938564902,FDCPX,technology,2015
2015-08-11,-0.013770993008864366,FDCPX,technology,2015
2015-08-12,0.0012251576698936039,FDCPX,technology,2015
2015-08-13,-0.006879018828821444,FDCPX,technology,2015
2015-08-14,0.003783018385859229,FDCPX,technology,2015
2015-08-17,0.0022259299284123476,FDCPX,technology,2015
2015-08-18,-0.0061556109797758895,FDCPX,technology,2015
2015-08-19,0.0034250876158692647,FDCPX,technology,2015
2015-08-20,-0.0004804166560414998,FDCPX,technology,2015
2015-08-21,0.004525933555918089,FDCPX,technology,2015
2015-08-24,0.013649257461063869,FDCPX,technology,2015
2015-08-25,0.0008289796758048328,FDCPX,technology,2015
2015-08-26,0.008719685646152824,FDCPX,technology,2015
2015-08-27,0.0020400569553058953,FDCPX,technology,2015
2015-08-28,0.0022106072842611674,FDCPX,technology,2015
2015-08-31,0.00813641492732428,FDCPX,technology,2015
2015-09-01,0.0014562225273710358,FDCPX,technology,2015
2015-09-02,-0.0027386061450037115,FDCPX,technology,2015
2015-09-03,-0.002090394122752379,FDCPX,technology,2015
2015-09-04,-0.001369172441098479,FDCPX,technology,2015
2015-09-08,0.000532249449722591,FDCPX,technology,2015
2015-09-09,0.004539456558239693,FDCPX,technology,2015
2015-09-10,0.0021778879322984397,FDCPX,technology,2015
2015-09-11,0.0018165549173169426,FDCPX,technology,2015
2015-09-14,0.00229957330224468,FDCPX,technology,2015
2015-09-15,-0.0037899251453304226,FDCPX,technology,2015
2015-09-16,0.0023549398929826187,FDCPX,technology,2015
2015-09-17,-0.007480982391910692,FDCPX,technology,2015
2015-09-18,-0.004043389485178645,FDCPX,technology,2015
2015-09-21,-0.0011660019213751809,FDCPX,technology,2015
2015-09-22,-0.00881823837791287,FDCPX,technology,2015
2015-09-23,-0.0030007989611972926,FDCPX,technology,2015
2015-09-24,0.006423267864125059,FDCPX,technology,2015
2015-09-25,-0.0049992080895541625,FDCPX,technology,2015
2015-09-28,0.0050210086292637075,FDCPX,technology,2015
2015-09-29,-0.007529761818726376,FDCPX,technology,2015
2015-09-30,0.016421188506259912,FDCPX,technology,2015
2015-10-01,-0.007298517808616661,FDCPX,technology,2015
2015-10-02,0.00673286527393999,FDCPX,technology,2015
2015-10-05,0.002418618357135933,FDCPX,technology,2015
2015-10-06,0.013905342910015477,FDCPX,technology,2015
2015-10-07,-3.274751694824253e-05,FDCPX,technology,2015
2015-10-08,0.005693978302400685,FDCPX,technology,2015
2015-10-09,0.010449096779285277,FDCPX,technology,2015
2015-10-12,-0.00024537339294077157,FDCPX,technology,2015
2015-10-13,0.0016575758910670965,FDCPX,technology,2015
2015-10-14,0.007115127628506562,FDCPX,technology,2015
2015-10-15,-0.01364470015455859,FDCPX,technology,2015
2015-10-16,-0.007087384049544258,FDCPX,technology,2015
2015-10-19,0.006233122951841711,FDCPX,technology,2015
2015-10-20,-0.00467339849673179,FDCPX,technology,2015
2015-10-21,-0.008355919445278836,FDCPX,technology,2015
2015-10-22,-0.002077488757184739,FDCPX,technology,2015
2015-10-23,0.014479412977869689,FDCPX,technology,2015
2015-10-26,-0.011524799185916819,FDCPX,technology,2015
2015-10-27,-0.012561612073512753,FDCPX,technology,2015
2015-10-28,0.011491168473438054,FDCPX,technology,2015
2015-10-29,-0.002983674483024214,FDCPX,technology,2015
2015-10-30,0.0021075548129339786,FDCPX,technology,2015
2015-11-02,0.003525186492001179,FDCPX,technology,2015
2015-11-03,0.0055114927179098225,FDCPX,technology,2015
2015-11-04,-0.00020659660504878134,FDCPX,technology,2015
2015-11-05,-0.005471850069342292,FDCPX,technology,2015
2015-11-06,0.0075641635650087295,FDCPX,technology,2015
2015-11-09,0.0006765138107298931,FDCPX,technology,2015
2015-11-10,-0.01570317282762865,FDCPX,technology,2015
2015-11-11,-0.00017636151668701076,FDCPX,technology,2015
2015-11-12,0.0020470335687594234,FDCPX,technology,2015
2015-11-13,-0.006954484134937527,FDCPX,technology,2015
2015-11-16,-0.0027929474832364843,FDCPX,technology,2015
2015-11-17,0.0006973631386623622,FDCPX,technology,2015
2015-11-18,-0.0009039413900612976,FDCPX,technology,2015
2015-11-19,0.0031317033435309827,FDCPX,technology,2015
2015-11-20,-0.0037505665627597497,FDCPX,technology,2015
2015-11-23,-0.004089255500924858,FDCPX,technology,2015
2015-11-24,0.00042223066846085254,FDCPX,technology,2015
2015-11-25,-0.005305735747640549,FDCPX,technology,2015
2015-11-27,0.001987550775870558,FDCPX,technology,2015
2015-11-30,0.008085973642974363,FDCPX,technology,2015
2015-12-01,0.0019342490485409862,FDCPX,technology,2015
2015-12-02,0.001055902269750237,FDCPX,technology,2015
2015-12-03,0.006419807981324872,FDCPX,technology,2015
2015-12-04,-0.0024555499486234797,FDCPX,technology,2015
2015-12-07,0.002563436424545564,FDCPX,technology,2015
2015-12-08,0.0032376718204790962,FDCPX,technology,2015
2015-12-09,-0.004705643293343945,FDCPX,technology,2015
2015-12-10,0.004055679324060609,FDCPX,technology,2015
2015-12-11,-0.00023365693047492503,FDCPX,technology,2015
2015-12-14,-0.010800585508519825,FDCPX,technology,2015
2015-12-15,-0.007477020441704488,FDCPX,technology,2015
2015-12-16,-0.005838012291632288,FDCPX,technology,2015
2015-12-17,-0.0013311697682796622,FDCPX,technology,2015
2015-12-18,0.0027942595661213654,FDCPX,technology,2015
2015-12-21,-0.0017808608440449116,FDCPX,technology,2015
2015-12-22,-0.0012039518255122453,FDCPX,technology,2015
2015-12-23,0.00011904708823348015,FDCPX,technology,2015
2015-12-24,0.0017647240534591831,FDCPX,technology,2015
2015-12-28,-0.0019320094669737918,FDCPX,technology,2015
2015-12-29,0.0021223310353389625,FDCPX,technology,2015
2015-12-30,0.0045925763617586934,FDCPX,technology,2015
2016-01-06,-0.0020904862578749253,FDCPX,technology,2016
2016-01-07,-0.006157319519218343,FDCPX,technology,2016
2016-01-08,-0.0014947799062113003,FDCPX,technology,2016
2016-01-11,-0.003342003213913601,FDCPX,technology,2016
2016-01-12,0.0013470247697355067,FDCPX,technology,2016
2016-01-13,0.0034996205013279914,FDCPX,technology,2016
2016-01-14,0.0008411584591503686,FDCPX,technology,2016
2016-01-15,-0.0009612525706109917,FDCPX,technology,2016
2016-01-19,-0.013617551305835206,FDCPX,technology,2016
2016-01-20,0.001267327515081117,FDCPX,technology,2016
2016-01-21,-0.00860827482759738,FDCPX,technology,2016
2016-01-22,0.0025657763863022737,FDCPX,technology,2016
2016-01-25,-0.005506412702749611,FDCPX,technology,2016
2016-01-26,-0.0007374304495822315,FDCPX,technology,2016
2016-01-27,-0.01305550889910453,FDCPX,technology,2016
2016-01-28,0.006765351444586315,FDCPX,technology,2016
2016-01-29,0.003180841698686928,FDCPX,technology,2016
2016-02-01,0.0009925174178414976,FDCPX,technology,2016
2016-02-02,0.00598733300038164,FDCPX,technology,2016
2016-02-03,-0.0019612118179674516,FDCPX,technology,2016
2016-02-04,0.010815480176384848,FDCPX,technology,2016
2016-02-05,-0.0018036799028801065,FDCPX,technology,2016
2016-02-08,-0.005426519135075587,FDCPX,technology,2016
2016-02-09,-0.010479435585988144,FDCPX,technology,2016
2016-02-10,0.0021390080338026312,FDCPX,technology,2016
2016-02-11,0.0025924797031563196,FDCPX,technology,2016
2016-02-12,-0.015298858788671139,FDCPX,technology,2016
2016-02-16,0.006217737388545065,FDCPX,technology,2016
2016-02-17,0.004682021029065453,FDCPX,technology,2016
2016-02-18,0.013601666094025074,FDCPX,technology,2016
2016-02-19,-0.004056057286284064,FDCPX,technology,2016
2016-02-22,-0.004502376658324765,FDCPX,technology,2016
2016-02-23,-0.006693525171020301,FDCPX,technology,2016
2016-02-24,0.01167621128910266,FDCPX,technology,2016
2016-02-25,-0.00903615353597051,FDCPX,technology,2016
2016-02-26,0.006341441275634099,FDCPX,technology,2016
2016-02-29,0.006700622282778921,FDCPX,technology,2016
2016-03-01,0.0026501032646748315,FDCPX,technology,2016
2016-03-02,0.0017068430067391158,FDCPX,technology,2016
2016-03-03,0.0028019228913544617,FDCPX,technology,2016
2016-03-04,0.004762401136255732,FDCPX,technology,2016
2016-03-07,0.006094196761119559,FDCPX,technology,2016
2016-03-08,-0.008174281224940627,FDCPX,technology,2016
2016-03-09,0.0024939316405661023,FDCPX,technology,2016
2016-03-10,-0.0005844429590572907,FDCPX,technology,2016
2016-03-11,-0.00039268213313056397,FDCPX,technology,2016
2016-03-14,-0.004548634663222728,FDCPX,technology,2016
2016-03-15,-0.0005555559419835961,FDCPX,technology,2016
2016-03-16,0.004041802712695942,FDCPX,technology,2016
2016-03-17,-0.0031634177791798213,FDCPX,technology,2016
2016-03-18,0.008463814230638985,FDCPX,technology,2016
2016-03-21,0.0013048223207099497,FDCPX,technology,2016
2016-03-22,0.00421075878281993,FDCPX,technology,2016
2016-03-23,-0.007529221215599906,FDCPX,technology,2016
2016-03-24,-0.0013352618705243296,FDCPX,technology,2016
2016-03-28,-0.0009386050637857853,FDCPX,technology,2016
2016-03-29,0.004021296216175144,FDCPX,technology,2016
2016-03-30,-0.0010773027782463576,FDCPX,technology,2016
2016-03-31,0.005568800835636769,FDCPX,technology,2016
2016-04-01,-0.0037040100432595424,FDCPX,technology,2016
2016-04-04,-0.00114013898844433,FDCPX,technology,2016
2016-04-05,-0.0022669827566003976,FDCPX,technology,2016
2016-04-06,-0.0013195468728072202,FDCPX,technology,2016
2016-04-07,0.00034530515108665075,FDCPX,technology,2016
2016-04-08,-0.002561339619551491,FDCPX,technology,2016
2016-04-11,0.006395014499711848,FDCPX,technology,2016
2016-04-12,-0.008389577042777817,FDCPX,technology,2016
2016-04-13,0.0003305998367880286,FDCPX,technology,2016
2016-04-14,-0.016781379104730088,FDCPX,technology,2016
2016-04-15,-0.00935196244547402,FDCPX,technology,2016
2016-04-18,-0.008755072158484978,FDCPX,technology,2016
2016-04-19,-0.007867757081325259,FDCPX,technology,2016
2016-04-20,0.009700310274967275,FDCPX,technology,2016
2016-04-21,0.0027692580823143673,FDCPX,technology,2016
2016-04-22,-0.0023145058699577674,FDCPX,technology,2016
2016-04-25,-0.0005657640309994303,FDCPX,technology,2016
2016-04-26,-0.0008122039804595459,FDCPX,technology,2016
2016-04-27,-0.014464574024105593,FDCPX,technology,2016
2016-04-28,-0.002552003961460063,FDCPX,technology,2016
2016-04-29,-0.018273454321512707,FDCPX,technology,2016
2016-05-02,-0.01143610161423851,FDCPX,technology,2016
2016-05-03,-0.001812825624175089,FDCPX,technology,2016
2016-05-04,0.0029014880405261474,FDCPX,technology,2016
2016-05-05,-0.003843136111511195,FDCPX,technology,2016
2016-05-06,0.0014818067890582211,FDCPX,technology,2016
2016-05-09,-0.001707821544461194,FDCPX,technology,2016
2016-05-10,-0.002786996943173206,FDCPX,technology,2016
2016-05-11,0.0033422546831999916,FDCPX,technology,2016
2016-05-12,-0.010271029640363477,FDCPX,technology,2016
2016-05-13,0.008691389934223075,FDCPX,technology,2016
2016-05-16,0.0034099493655158804,FDCPX,technology,2016
2016-05-17,0.008660425925321874,FDCPX,technology,2016
2016-05-18,0.007487785500551142,FDCPX,technology,2016
2016-05-19,-0.001776308861058405,FDCPX,technology,2016
2016-05-20,0.0058311693501132,FDCPX,technology,2016
2016-05-23,0.006529956196537913,FDCPX,technology,2016
2016-05-24,0.00015534844417404783,FDCPX,technology,2016
2016-05-25,0.010484832161683028,FDCPX,technology,2016
2016-05-26,0.00812649923316902,FDCPX,technology,2016
2016-05-27,0.002232306317933381,FDCPX,technology,2016
2016-05-31,0.008974954530245194,FDCPX,technology,2016
2016-06-01,-0.0041420020767434515,FDCPX,technology,2016
2016-06-02,-0.00018567338605085136,FDCPX,technology,2016
2016-06-03,-0.0012142624650869163,FDCPX,technology,2016
2016-06-06,0.0013549530383690648,FDCPX,technology,2016
2016-06-07,0.004186733718303198,FDCPX,technology,2016
2016-06-08,-0.002663828814132218,FDCPX,technology,2016
2016-06-09,-5.3898893732035134e-05,FDCPX,technology,2016
2016-06-10,-0.004040978776784608,FDCPX,technology,2016
2016-06-13,-0.0037262253407575087,FDCPX,technology,2016
2016-06-14,0.003152684526525037,FDCPX,technology,2016
2016-06-15,0.0012754159883613782,FDCPX,technology,2016
2016-06-16,8.927976967987956e-05,FDCPX,technology,2016
2016-06-17,0.00018611850292700807,FDCPX,technology,2016
2016-06-20,-0.0011882261298196972,FDCPX,technology,2016
2016-06-21,0.0054328790307565595,FDCPX,technology,2016
2016-06-22,-0.008289049463526921,FDCPX,technology,2016
2016-06-23,0.0016311134934322135,FDCPX,technology,2016
2016-06-24,0.0029704685446039214,FDCPX,technology,2016
2016-06-27,-0.014487745109143975,FDCPX,technology,2016
2016-06-28,-0.0017017086893869465,FDCPX,technology,2016
2016-06-29,-0.001969034252233333,FDCPX,technology,2016
2016-06-30,-0.003284251499199453,FDCPX,technology,2016
2016-07-01,-0.0015396834912881653,FDCPX,technology,2016
2016-07-05,-0.005741370106591079,FDCPX,technology,2016
2016-07-06,-0.00039680288171906313,FDCPX,technology,2016
2016-07-07,0.00698781411960962,FDCPX,technology,2016
2016-07-08,-0.0029840092628974618,FDCPX,technology,2016
2016-07-11,0.0004380281383591063,FDCPX,technology,2016
2016-07-12,0.015077729480551172,FDCPX,technology,2016
2016-07-13,-0.0009253115841702869,FDCPX,technology,2016
2016-07-14,-0.0009884383224035877,FDCPX,technology,2016
2016-07-15,-0.000346569906559563,FDCPX,technology,2016
2016-07-18,0.006162483940990849,FDCPX,technology,2016
2016-07-19,0.0008406104503061002,FDCPX,technology,2016
2016-07-20,0.0027576626252134324,FDCPX,technology,2016
2016-07-21,0.0008935232763311891,FDCPX,technology,2016
2016-07-22,-0.00034361538934128775,FDCPX,technology,2016
2016-07-25,0.000899646451256193,FDCPX,technology,2016
2016-07-26,0.0010541002949971874,FDCPX,technology,2016
2016-07-27,0.014820388152619816,FDCPX,technology,2016
2016-07-28,0.006030745877752044,FDCPX,technology,2016
2016-07-29,-0.005315390509339133,FDCPX,technology,2016
2016-08-01,0.005875017526714528,FDCPX,technology,2016
2016-08-02,-0.005791191718356885,FDCPX,technology,2016
2016-08-03,0.004932695029539568,FDCPX,technology,2016
2016-08-04,0.0016854439574993968,FDCPX,technology,2016
2016-08-05,0.0025689678914998133,FDCPX,technology,2016
2016-08-08,0.0033441019012524246,FDCPX,technology,2016
2016-08-09,0.0002889176340829867,FDCPX,technology,2016
2016-08-10,-0.004865197506160898,FDCPX,technology,2016
2016-08-11,0.0009428477057510246,FDCPX,technology,2016
2016-08-12,0.0010838283822632532,FDCPX,technology,2016
2016-08-15,0.004077171056721465,FDCPX,technology,2016
2016-08-16,0.00498052155594147,FDCPX,technology,2016
2016-08-17,-0.005832850581375895,FDCPX,technology,2016
2016-08-18,0.00495218759786533,FDCPX,technology,2016
2016-08-19,0.0031321291719896465,FDCPX,technology,2016
2016-08-22,-0.002713856272029796,FDCPX,technology,2016
2016-08-23,0.0018170975143225851,FDCPX,technology,2016
2016-08-24,-0.0013559851203407327,FDCPX,technology,2016
2016-08-25,0.0016778334149075078,FDCPX,technology,2016
2016-08-26,0.0035038730786997865,FDCPX,technology,2016
2016-08-29,-0.0029931179450232285,FDCPX,technology,2016
2016-08-30,-0.0002689936205072627,FDCPX,technology,2016
2016-08-31,0.0004786252794685888,FDCPX,technology,2016
2016-09-01,0.003633114194429979,FDCPX,technology,2016
2016-09-02,4.9695738246161025e-05,FDCPX,technology,2016
2016-09-06,0.0015220177441462417,FDCPX,technology,2016
2016-09-07,0.010784288738474604,FDCPX,technology,2016
2016-09-08,-0.007752339464766325,FDCPX,technology,2016
2016-09-09,0.004913121952610403,FDCPX,technology,2016
2016-09-12,-0.0023493445805247894,FDCPX,technology,2016
2016-09-13,0.012345823946078723,FDCPX,technology,2016
2016-09-14,0.008980024587493973,FDCPX,technology,2016
2016-09-15,0.006970272556039679,FDCPX,technology,2016
2016-09-16,0.002028559908786493,FDCPX,technology,2016
2016-09-19,0.001003788856860333,FDCPX,technology,2016
2016-09-20,-0.003028277860166172,FDCPX,technology,2016
2016-09-21,6.949975889671521e-05,FDCPX,technology,2016
2016-09-22,-0.0026602964642629167,FDCPX,technology,2016
2016-09-23,0.001789782751518221,FDCPX,technology,2016
2016-09-26,0.00800791132007013,FDCPX,technology,2016
2016-09-27,0.0003172791049866376,FDCPX,technology,2016
2016-09-28,-6.635494302248846e-05,FDCPX,technology,2016
2016-09-29,0.0028693294891476012,FDCPX,technology,2016
2016-09-30,0.001520931755496122,FDCPX,technology,2016
2016-10-03,-0.0018261132906221404,FDCPX,technology,2016
2016-10-04,0.0020033851481725444,FDCPX,technology,2016
2016-10-05,0.003283659437133753,FDCPX,technology,2016
2016-10-06,-0.0007873908603101717,FDCPX,technology,2016
2016-10-07,-0.0003487212029875727,FDCPX,technology,2016
2016-10-10,0.0003866848962595596,FDCPX,technology,2016
2016-10-11,-0.000732520447003648,FDCPX,technology,2016
2016-10-12,-0.0019085578144082435,FDCPX,technology,2016
2016-10-13,-0.00681475820729192,FDCPX,technology,2016
2016-10-14,-0.006074157239189989,FDCPX,technology,2016
2016-10-17,-0.001351525867894221,FDCPX,technology,2016
2016-10-18,-0.002115847408121413,FDCPX,technology,2016
2016-10-19,-0.0011560644630089546,FDCPX,technology,2016
2016-10-20,0.0020050974728646046,FDCPX,technology,2016
2016-10-21,-0.005113662403102059,FDCPX,technology,2016
2016-10-24,0.00475223000731456,FDCPX,technology,2016
2016-10-25,-0.0006726118566263489,FDCPX,technology,2016
2016-10-26,0.0048011728181942895,FDCPX,technology,2016
2016-10-27,0.0038764293105777083,FDCPX,technology,2016
2016-10-28,0.0022555909611466935,FDCPX,technology,2016
2016-10-31,0.0018238256714979625,FDCPX,technology,2016
2016-11-01,-0.006110231641428409,FDCPX,technology,2016
2016-11-02,0.0011081158648870802,FDCPX,technology,2016
2016-11-03,-0.0027831883619302694,FDCPX,technology,2016
2016-11-04,-0.0005247338825112855,FDCPX,technology,2016
2016-11-07,-0.002616983046134641,FDCPX,technology,2016
2016-11-08,0.002455676088429535,FDCPX,technology,2016
2016-11-09,-0.005786498900090687,FDCPX,technology,2016
2016-11-10,-0.018252620960358696,FDCPX,technology,2016
2016-11-11,0.013603673450726092,FDCPX,technology,2016
2016-11-14,-0.004935497756027455,FDCPX,technology,2016
2016-11-15,-0.006631660655901647,FDCPX,technology,2016
2016-11-16,0.012205701866916139,FDCPX,technology,2016
2016-11-17,0.0011585114022919568,FDCPX,technology,2016
2016-11-18,-0.00037272170734059355,FDCPX,technology,2016
2016-11-21,-0.0011020304066345996,FDCPX,technology,2016
2016-11-22,-0.00305206189402024,FDCPX,technology,2016
2016-11-23,-0.013896069572599163,FDCPX,technology,2016
2016-11-25,0.0001485336322522941,FDCPX,technology,2016
2016-11-28,0.0038307891315824127,FDCPX,technology,2016
2016-11-29,-8.641463033654938e-05,FDCPX,technology,2016
2016-11-30,0.0030292783810031056,FDCPX,technology,2016
2016-12-01,-0.014637139262086957,FDCPX,technology,2016
2016-12-02,0.007979390095844191,FDCPX,technology,2016
2016-12-05,0.00199432117051462,FDCPX,technology,2016
2016-12-06,0.002328960191059845,FDCPX,technology,2016
2016-12-07,0.006370713820784579,FDCPX,technology,2016
2016-12-08,0.002136777108948494,FDCPX,technology,2016
2016-12-09,-0.00591037944101644,FDCPX,technology,2016
2016-12-12,-0.00482317422458638,FDCPX,technology,2016
2016-12-13,0.002114869840891015,FDCPX,technology,2016
2016-12-14,0.0032943009391304904,FDCPX,technology,2016
2016-12-15,-0.0011196130131602509,FDCPX,technology,2016
2016-12-16,-0.0052662442496504095,FDCPX,technology,2016
2016-12-19,0.002514069187200722,FDCPX,technology,2016
2016-12-20,-0.0017664591385807143,FDCPX,technology,2016
2016-12-21,0.0028320652675053407,FDCPX,technology,2016
2016-12-22,-0.004770633406767472,FDCPX,technology,2016
2016-12-23,-0.0003670037858803021,FDCPX,technology,2016
2016-12-27,0.0018745037429957956,FDCPX,technology,2016
2016-12-28,-0.0010849647277693317,FDCPX,technology,2016
2016-12-29,-0.0018267416536853229,FDCPX,technology,2016
2016-12-30,-0.002028758398975326,FDCPX,technology,2016
2017-01-04,0.0032458242910973854,FDCPX,technology,2017
2017-01-05,0.0034964562944450567,FDCPX,technology,2017
2017-01-06,-0.003745043467100798,FDCPX,technology,2017
2017-01-09,0.0034284629000510525,FDCPX,technology,2017
2017-01-10,0.0004820954314958011,FDCPX,technology,2017
2017-01-11,-0.001191258119595309,FDCPX,technology,2017
2017-01-12,-0.0020654290816436885,FDCPX,technology,2017
2017-01-13,0.00016199458417646972,FDCPX,technology,2017
2017-01-17,-0.00010535369484947904,FDCPX,technology,2017
2017-01-18,0.000805025197059508,FDCPX,technology,2017
2017-01-19,0.002104036971077212,FDCPX,technology,2017
2017-01-20,-0.002281492748534496,FDCPX,technology,2017
2017-01-23,0.0018663148412623916,FDCPX,technology,2017
2017-01-24,0.0060618352381559305,FDCPX,technology,2017
2017-01-25,0.006468335703596237,FDCPX,technology,2017
2017-01-26,-0.006755043946988118,FDCPX,technology,2017
2017-01-27,0.002237465171434474,FDCPX,technology,2017
2017-01-30,0.0015230089833683435,FDCPX,technology,2017
2017-01-31,0.0036960618777997357,FDCPX,technology,2017
2017-02-01,0.010162820859372463,FDCPX,technology,2017
2017-02-02,0.0002485993133066924,FDCPX,technology,2017
2017-02-03,-0.0009171787879706933,FDCPX,technology,2017
2017-02-06,0.005170863522772133,FDCPX,technology,2017
2017-02-07,0.00721256359890348,FDCPX,technology,2017
2017-02-08,-0.0026228226356319493,FDCPX,technology,2017
2017-02-09,0.006197715582027972,FDCPX,technology,2017
2017-02-10,-0.002557783606282949,FDCPX,technology,2017
2017-02-13,0.00018711901346297154,FDCPX,technology,2017
2017-02-14,0.0002898473338439518,FDCPX,technology,2017
2017-02-15,-0.005463321808258068,FDCPX,technology,2017
2017-02-16,-0.0004143965415687625,FDCPX,technology,2017
2017-02-17,-0.004405863608184682,FDCPX,technology,2017
2017-02-21,-0.000921222135707233,FDCPX,technology,2017
2017-02-22,0.004603482768432218,FDCPX,technology,2017
2017-02-23,0.0075156757486630425,FDCPX,technology,2017
2017-02-24,-0.0072021643349389364,FDCPX,technology,2017
2017-02-27,-0.0015960694234274945,FDCPX,technology,2017
2017-02-28,0.001386885635876341,FDCPX,technology,2017
2017-03-01,-0.00248533711582246,FDCPX,technology,2017
2017-03-02,-0.002238909845446207,FDCPX,technology,2017
2017-03-03,0.002123891233011424,FDCPX,technology,2017
2017-03-06,0.0009231863035304376,FDCPX,technology,2017
2017-03-07,0.011467551066666488,FDCPX,technology,2017
2017-03-08,-0.001225257773423638,FDCPX,technology,2017
2017-03-09,-0.007063865150539044,FDCPX,technology,2017
2017-03-10,-0.0013494169585097282,FDCPX,technology,2017
2017-03-13,-0.0027417799102326676,FDCPX,technology,2017
2017-03-14,0.004407742687959246,FDCPX,technology,2017
2017-03-15,-0.0016598331745996554,FDCPX,technology,2017
2017-03-16,0.007464005428352929,FDCPX,technology,2017
2017-03-17,0.0018564394545923396,FDCPX,technology,2017
2017-03-20,0.00277375104522418,FDCPX,technology,2017
2017-03-21,-0.0009102155379662989,FDCPX,technology,2017
2017-03-22,0.004576713563656825,FDCPX,technology,2017
2017-03-23,0.00048779982248208897,FDCPX,technology,2017
2017-03-24,0.0027857782810649153,FDCPX,technology,2017
2017-03-27,0.002574271615199379,FDCPX,technology,2017
2017-03-28,3.1597746195858104e-05,FDCPX,technology,2017
2017-03-29,0.005432315154883573,FDCPX,technology,2017
2017-03-30,0.0022451488810802988,FDCPX,technology,2017
2017-03-31,0.0005109156376951339,FDCPX,technology,2017
2017-04-03,-0.004557885984055526,FDCPX,technology,2017
2017-04-04,0.0036801721313993235,FDCPX,technology,2017
2017-04-05,-0.0002967468776150289,FDCPX,technology,2017
2017-04-06,-0.0035769256164912893,FDCPX,technology,2017
2017-04-07,-0.0004973127225318091,FDCPX,technology,2017
2017-04-10,-0.0016497063105209134,FDCPX,technology,2017
2017-04-11,0.000774016343611545,FDCPX,technology,2017
2017-04-12,0.003426064320354101,FDCPX,technology,2017
2017-04-13,0.0058172854275596,FDCPX,technology,2017
2017-04-17,-0.0070595078340159115,FDCPX,technology,2017
2017-04-18,0.0006876437798817229,FDCPX,technology,2017
2017-04-19,0.001237638222876814,FDCPX,technology,2017
2017-04-20,-0.002406465027650538,FDCPX,technology,2017
2017-04-21,-0.004280595688089194,FDCPX,technology,2017
2017-04-24,0.00026610850369460266,FDCPX,technology,2017
2017-04-25,0.0013015472651413656,FDCPX,technology,2017
2017-04-26,-0.0060538234574811275,FDCPX,technology,2017
2017-04-27,0.0041722340323941355,FDCPX,technology,2017
2017-04-28,0.008983528384909756,FDCPX,technology,2017
2017-05-01,0.004504731569897785,FDCPX,technology,2017
2017-05-02,0.0011880966391495393,FDCPX,technology,2017
2017-05-03,-0.0013834420033536133,FDCPX,technology,2017
2017-05-04,4.459928961062648e-05,FDCPX,technology,2017
2017-05-05,0.0037621217210261227,FDCPX,technology,2017
2017-05-08,0.01185260944777612,FDCPX,technology,2017
2017-05-09,0.0004417321548958224,FDCPX,technology,2017
2017-05-10,-0.006014797654607787,FDCPX,technology,2017
2017-05-11,-4.274600999657017e-05,FDCPX,technology,2017
2017-05-12,0.005519286076961739,FDCPX,technology,2017
2017-05-15,-0.0020842859025016827,FDCPX,technology,2017
2017-05-16,0.003946119328314692,FDCPX,technology,2017
2017-05-17,-0.0052192989089786465,FDCPX,technology,2017
2017-05-18,-0.002250567385757572,FDCPX,technology,2017
2017-05-19,-0.00545991491947455,FDCPX,technology,2017
2017-05-22,0.003062329171906849,FDCPX,technology,2017
2017-05-23,-0.00554949445167271,FDCPX,technology,2017
2017-05-24,0.0006999412844586814,FDCPX,technology,2017
2017-05-25,-0.004301637734797961,FDCPX,technology,2017
2017-05-26,0.0005450141589027149,FDCPX,technology,2017
2017-05-30,3.489996154511959e-05,FDCPX,technology,2017
2017-05-31,-0.00429734708027771,FDCPX,technology,2017
2017-06-01,-0.007137615559662861,FDCPX,technology,2017
2017-06-02,0.003956050283969562,FDCPX,technology,2017
2017-06-05,-0.007250480299484487,FDCPX,technology,2017
2017-06-06,-0.0011740937064062115,FDCPX,technology,2017
2017-06-07,-0.0032561672156454042,FDCPX,technology,2017
2017-06-08,0.0018221749151860792,FDCPX,technology,2017
2017-06-09,-0.020850110526181992,FDCPX,technology,2017
2017-06-12,-0.008216432897182662,FDCPX,technology,2017
2017-06-13,0.0010512985747710927,FDCPX,technology,2017
2017-06-14,-0.0077869484158344625,FDCPX,technology,2017
2017-06-15,-0.004189738003488567,FDCPX,technology,2017
2017-06-16,-0.0008164808012245053,FDCPX,technology,2017
2017-06-19,0.007264822857230534,FDCPX,technology,2017
2017-06-20,0.005032577451555373,FDCPX,technology,2017
2017-06-21,0.0017829570943184649,FDCPX,technology,2017
2017-06-22,0.0019289403183903701,FDCPX,technology,2017
2017-06-23,0.0058757612629934276,FDCPX,technology,2017
2017-06-26,0.002684040983638187,FDCPX,technology,2017
2017-06-27,-0.005715053953465207,FDCPX,technology,2017
2017-06-28,0.003287914269922915,FDCPX,technology,2017
2017-06-29,-0.005480942874304345,FDCPX,technology,2017
2017-06-30,-0.006234710105349036,FDCPX,technology,2017
2017-07-03,-0.009690714276513464,FDCPX,technology,2017
2017-07-05,-0.00078599766048058,FDCPX,technology,2017
2017-07-06,-0.0023649126587475186,FDCPX,technology,2017
2017-07-07,-0.000854905901537889,FDCPX,technology,2017
2017-07-10,0.010617662347597706,FDCPX,technology,2017
2017-07-11,0.009160592950125576,FDCPX,technology,2017
2017-07-12,0.004154473496488823,FDCPX,technology,2017
2017-07-13,0.003190222890547067,FDCPX,technology,2017
2017-07-14,0.004698174486584221,FDCPX,technology,2017
2017-07-17,0.0019100876057740381,FDCPX,technology,2017
2017-07-18,0.0031042229786110717,FDCPX,technology,2017
2017-07-19,-0.0007408975227675679,FDCPX,technology,2017
2017-07-20,0.001264977675221818,FDCPX,technology,2017
2017-07-21,0.0018685549257289123,FDCPX,technology,2017
2017-07-24,0.0036028657435424015,FDCPX,technology,2017
2017-07-25,-0.00900243804435845,FDCPX,technology,2017
2017-07-26,0.0004424053101486134,FDCPX,technology,2017
2017-07-27,-0.0036802150138744703,FDCPX,technology,2017
2017-07-28,-0.010027078289087816,FDCPX,technology,2017
2017-07-31,-0.001607351642207081,FDCPX,technology,2017
2017-08-01,0.0012767957784812498,FDCPX,technology,2017
2017-08-02,0.00816690125398993,FDCPX,technology,2017
2017-08-03,-0.004199239547185695,FDCPX,technology,2017
2017-08-04,-0.0015128211572424677,FDCPX,technology,2017
2017-08-07,0.0011547005430792342,FDCPX,technology,2017
2017-08-08,0.006047193608084003,FDCPX,technology,2017
2017-08-09,-0.006196202657687002,FDCPX,technology,2017
2017-08-10,-0.008178421517177029,FDCPX,technology,2017
2017-08-11,0.0003532948199598293,FDCPX,technology,2017
2017-08-14,0.00045273882788966074,FDCPX,technology,2017
2017-08-15,0.0026094269163830434,FDCPX,technology,2017
2017-08-16,0.0028140062854550424,FDCPX,technology,2017
2017-08-17,0.001819085982566835,FDCPX,technology,2017
2017-08-18,0.0021889377556032694,FDCPX,technology,2017
2017-08-21,-0.001651505857508557,FDCPX,technology,2017
2017-08-22,-0.0002868731426966791,FDCPX,technology,2017
2017-08-23,0.006964168536397413,FDCPX,technology,2017
2017-08-24,0.001355343515181399,FDCPX,technology,2017
2017-08-25,-0.0009184153118989937,FDCPX,technology,2017
2017-08-28,0.0021560013034936957,FDCPX,technology,2017
2017-08-29,0.0006104312001697526,FDCPX,technology,2017
2017-08-30,-0.0004179077942238164,FDCPX,technology,2017
2017-08-31,-0.003903318333452109,FDCPX,technology,2017
2017-09-01,0.0009066637171460832,FDCPX,technology,2017
2017-09-05,-0.000166298218322921,FDCPX,technology,2017
2017-09-06,-0.00222177228432536,FDCPX,technology,2017
2017-09-07,0.0026784699666811415,FDCPX,technology,2017
2017-09-08,-0.0032587750584882353,FDCPX,technology,2017
2017-09-11,0.00023625964145365663,FDCPX,technology,2017
2017-09-12,-0.0029780778309904552,FDCPX,technology,2017
2017-09-13,-0.004014651823907503,FDCPX,technology,2017
2017-09-14,-0.004327486128227203,FDCPX,technology,2017
2017-09-15,0.004678760221547614,FDCPX,technology,2017
2017-09-18,0.0002941539210519896,FDCPX,technology,2017
2017-09-19,-0.0006962630162674193,FDCPX,technology,2017
2017-09-20,-0.006506043212055458,FDCPX,technology,2017
2017-09-21,-0.0006095834802599047,FDCPX,technology,2017
2017-09-22,-0.0005487912672805632,FDCPX,technology,2017
2017-09-25,-0.006919685105860815,FDCPX,technology,2017
2017-09-26,-0.001971310626243739,FDCPX,technology,2017
2017-09-27,0.0011110586245486904,FDCPX,technology,2017
2017-09-28,-0.002625723714246782,FDCPX,technology,2017
2017-09-29,-0.0003410146994897662,FDCPX,technology,2017
2017-10-02,-0.0065669433623833,FDCPX,technology,2017
2017-10-03,0.0008602510246439065,FDCPX,technology,2017
2017-10-04,-0.003047906802841406,FDCPX,technology,2017
2017-10-05,-0.003036051624166619,FDCPX,technology,2017
2017-10-06,0.0014053924639548159,FDCPX,technology,2017
2017-10-09,0.0029551503715577803,FDCPX,technology,2017
2017-10-10,0.0007398680926066167,FDCPX,technology,2017
2017-10-11,0.0047520537253857124,FDCPX,technology,2017
2017-10-12,0.0003212219401205424,FDCPX,technology,2017
2017-10-13,0.005720232913404725,FDCPX,technology,2017
2017-10-16,0.005950908445112462,FDCPX,technology,2017
2017-10-17,-0.0004402974141412289,FDCPX,technology,2017
2017-10-18,-0.0013338063162415693,FDCPX,technology,2017
2017-10-19,-0.011019400429611808,FDCPX,technology,2017
2017-10-20,-0.0032406018719428704,FDCPX,technology,2017
2017-10-23,0.009203263710923523,FDCPX,technology,2017
2017-10-24,-0.0011473758474622436,FDCPX,technology,2017
2017-10-25,4.8397261342371725e-05,FDCPX,technology,2017
2017-10-26,-0.0023936276260283066,FDCPX,technology,2017
2017-10-27,0.003098454894159197,FDCPX,technology,2017
2017-10-30,0.013881570836662988,FDCPX,technology,2017
2017-10-31,0.016342977507889725,FDCPX,technology,2017
2017-11-01,0.0072121335874804696,FDCPX,technology,2017
2017-11-02,0.0030520332315480242,FDCPX,technology,2017
2017-11-03,0.0019090435212802724,FDCPX,technology,2017
2017-11-06,0.007363650247413055,FDCPX,technology,2017
2017-11-07,0.0004155025123190133,FDCPX,technology,2017
2017-11-08,0.010229817051162262,FDCPX,technology,2017
2017-11-09,-0.005428369239248359,FDCPX,technology,2017
2017-11-10,0.0005269790420892721,FDCPX,technology,2017
2017-11-13,-0.004014907400426241,FDCPX,technology,2017
2017-11-14,-0.0006321329864843062,FDCPX,technology,2017
2017-11-15,-0.005947888357186555,FDCPX,technology,2017
2017-11-16,0.010519368935917352,FDCPX,technology,2017
2017-11-17,0.001901865831395359,FDCPX,technology,2017
2017-11-20,0.0005529057209228139,FDCPX,technology,2017
2017-11-21,0.004590348524196526,FDCPX,technology,2017
2017-11-22,0.003754383358718273,FDCPX,technology,2017
2017-11-24,-0.0006789753780460915,FDCPX,technology,2017
2017-11-27,-0.012019240838269647,FDCPX,technology,2017
2017-11-28,-0.008069529019968946,FDCPX,technology,2017
2017-11-29,-0.02285073386252263,FDCPX,technology,2017
2017-11-30,-0.015274140237790449,FDCPX,technology,2017
2017-12-01,-0.001497976036002773,FDCPX,technology,2017
2017-12-04,-0.009123099193419316,FDCPX,technology,2017
2017-12-05,0.004678002552037198,FDCPX,technology,2017
2017-12-06,-0.005419764718986056,FDCPX,technology,2017
2017-12-07,0.0045363484749054335,FDCPX,technology,2017
2017-12-08,-0.00048383086894977865,FDCPX,technology,2017
2017-12-11,0.0020066479882001028,FDCPX,technology,2017
2017-12-12,-0.005223260830993414,FDCPX,technology,2017
2017-12-13,0.0020214313954365713,FDCPX,technology,2017
2017-12-14,0.002335964654966618,FDCPX,technology,2017
2017-12-15,-0.005056724971359945,FDCPX,technology,2017
2017-12-18,0.006832755417473116,FDCPX,technology,2017
2017-12-19,-0.0009413902588173029,FDCPX,technology,2017
2017-12-20,-0.0027128300649259165,FDCPX,technology,2017
2017-12-21,-0.008729409733389835,FDCPX,technology,2017
2017-12-22,0.002843068583683551,FDCPX,technology,2017
2017-12-26,-0.011786829182859008,FDCPX,technology,2017
2017-12-27,0.0033733788270426525,FDCPX,technology,2017
2017-12-28,0.0022259673164741426,FDCPX,technology,2017
2017-12-29,-0.0005657561990797177,FDCPX,technology,2017
2018-01-03,0.002405017110300044,FDCPX,technology,2018
2018-01-04,0.001045543176943861,FDCPX,technology,2018
2018-01-05,0.006038873792636179,FDCPX,technology,2018
2018-01-08,-0.0003884219633524977,FDCPX,technology,2018
2018-01-09,-0.0069056126011455155,FDCPX,technology,2018
2018-01-10,-0.0005278839577673633,FDCPX,technology,2018
2018-01-11,0.00012790992596077404,FDCPX,technology,2018
2018-01-12,-0.0016524508812902246,FDCPX,technology,2018
2018-01-16,0.004065681967814497,FDCPX,technology,2018
2018-01-17,0.0014720668842122323,FDCPX,technology,2018
2018-01-18,0.002334592471792282,FDCPX,technology,2018
2018-01-19,-0.002510449166062701,FDCPX,technology,2018
2018-01-22,-0.007251150597973207,FDCPX,technology,2018
2018-01-23,0.0026056583914827523,FDCPX,technology,2018
2018-01-24,-0.0096763168956234,FDCPX,technology,2018
2018-01-25,-0.004664141118357474,FDCPX,technology,2018
2018-01-26,-0.005780566544570213,FDCPX,technology,2018
2018-01-29,-0.00836711006242924,FDCPX,technology,2018
2018-01-30,-0.001895327173794304,FDCPX,technology,2018
2018-01-31,0.004797292817072128,FDCPX,technology,2018
2018-02-01,0.00421666787562521,FDCPX,technology,2018
2018-02-02,-0.0008443238667260079,FDCPX,technology,2018
2018-02-05,0.012170383600174674,FDCPX,technology,2018
2018-02-06,0.0037689740662802743,FDCPX,technology,2018
2018-02-07,-0.013529232053749654,FDCPX,technology,2018
2018-02-08,0.0030190844895744834,FDCPX,technology,2018
2018-02-09,-0.0034824348337906957,FDCPX,technology,2018
2018-02-12,0.005827783301027751,FDCPX,technology,2018
2018-02-13,0.0009141039360122524,FDCPX,technology,2018
2018-02-14,0.01228471629896605,FDCPX,technology,2018
2018-02-15,-0.003906356400292224,FDCPX,technology,2018
2018-02-16,0.00014717904436478024,FDCPX,technology,2018
2018-02-20,-0.0005379518997313884,FDCPX,technology,2018
2018-02-21,0.0032692378096571863,FDCPX,technology,2018
2018-02-22,0.002241535967668303,FDCPX,technology,2018
2018-02-23,0.0005515402131927478,FDCPX,technology,2018
2018-02-26,0.003211322017650852,FDCPX,technology,2018
2018-02-27,0.005340683497399551,FDCPX,technology,2018
2018-02-28,0.009193464084700835,FDCPX,technology,2018
2018-03-01,0.0006437178691241583,FDCPX,technology,2018
2018-03-02,0.002162034500724717,FDCPX,technology,2018
2018-03-05,-0.004287090258046619,FDCPX,technology,2018
2018-03-06,0.006036178466012707,FDCPX,technology,2018
2018-03-07,0.010051938391103696,FDCPX,technology,2018
2018-03-08,-0.0018779359847789973,FDCPX,technology,2018
2018-03-09,-0.00032147851783909456,FDCPX,technology,2018
2018-03-12,-0.004043285459087073,FDCPX,technology,2018
2018-03-13,0.005482976284877086,FDCPX,technology,2018
2018-03-14,0.010346469883210162,FDCPX,technology,2018
2018-03-15,0.00031878701226272443,FDCPX,technology,2018
2018-03-16,-0.002316318237269925,FDCPX,technology,2018
2018-03-19,-0.005948075300341521,FDCPX,technology,2018
2018-03-20,0.0017448683507163363,FDCPX,technology,2018
2018-03-21,-0.003532010722136674,FDCPX,technology,2018
2018-03-22,0.0059273860245718235,FDCPX,technology,2018
2018-03-23,-0.0009630974145345868,FDCPX,technology,2018
2018-03-26,0.0016071611875437264,FDCPX,technology,2018
2018-03-27,-0.010035663843518155,FDCPX,technology,2018
2018-03-28,0.0015537062264408237,FDCPX,technology,2018
2018-03-29,0.0028256832472600985,FDCPX,technology,2018
2018-04-02,0.003855849402667113,FDCPX,technology,2018
2018-04-03,-0.0029738039568092036,FDCPX,technology,2018
2018-04-04,-0.007042233907880879,FDCPX,technology,2018
2018-04-05,-0.0015094132802461599,FDCPX,technology,2018
2018-04-06,0.002948279690314387,FDCPX,technology,2018
2018-04-09,0.003807613702750381,FDCPX,technology,2018
2018-04-10,0.0025463029210681908,FDCPX,technology,2018
2018-04-11,0.001913171356716102,FDCPX,technology,2018
2018-04-12,-0.004557387236325052,FDCPX,technology,2018
2018-04-13,0.004289239929145198,FDCPX,technology,2018
2018-04-16,-0.0017501931771382404,FDCPX,technology,2018
2018-04-17,-0.0014395174179038846,FDCPX,technology,2018
2018-04-18,0.003587672187036117,FDCPX,technology,2018
2018-04-19,-0.0025969716041280384,FDCPX,technology,2018
2018-04-20,-0.007557111466177456,FDCPX,technology,2018
2018-04-23,-0.00525425501966478,FDCPX,technology,2018
2018-04-24,-0.0005135886999150848,FDCPX,technology,2018
2018-04-25,-0.001274745438025061,FDCPX,technology,2018
2018-04-26,0.006831775130315326,FDCPX,technology,2018
2018-04-27,-0.014788889874488882,FDCPX,technology,2018
2018-04-30,0.008066482981101443,FDCPX,technology,2018
2018-05-01,0.0028220476203930592,FDCPX,technology,2018
2018-05-02,0.011950565350880668,FDCPX,technology,2018
2018-05-03,0.0016161711043831566,FDCPX,technology,2018
2018-05-04,0.0028542188980403005,FDCPX,technology,2018
2018-05-07,0.0011246778658740245,FDCPX,technology,2018
2018-05-08,0.004340135612918559,FDCPX,technology,2018
2018-05-09,-0.007754468605147528,FDCPX,technology,2018
2018-05-10,0.0008143950653682237,FDCPX,technology,2018
2018-05-11,-0.002314368487829652,FDCPX,technology,2018
2018-05-14,-0.005140597088815658,FDCPX,technology,2018
2018-05-15,-0.0023493749967753086,FDCPX,technology,2018
2018-05-16,0.005195804017678695,FDCPX,technology,2018
2018-05-17,-8.245380707619138e-05,FDCPX,technology,2018
2018-05-18,-4.010518617825545e-05,FDCPX,technology,2018
2018-05-21,-0.0023951166094494936,FDCPX,technology,2018
2018-05-22,-0.0002481798289605086,FDCPX,technology,2018
2018-05-23,-0.0009120563292077618,FDCPX,technology,2018
2018-05-24,0.0011565831594662328,FDCPX,technology,2018
2018-05-25,0.004180890413045504,FDCPX,technology,2018
2018-05-29,0.0027036577220344443,FDCPX,technology,2018
2018-05-30,-0.009617008717361035,FDCPX,technology,2018
2018-05-31,0.005063642735889051,FDCPX,technology,2018
2018-06-01,0.009771332722062456,FDCPX,technology,2018
2018-06-04,0.0038234959763505574,FDCPX,technology,2018
2018-06-05,0.009063031885838402,FDCPX,technology,2018
2018-06-06,-0.0032471261453429195,FDCPX,technology,2018
2018-06-07,-0.010140343884369605,FDCPX,technology,2018
2018-06-08,-0.006664474638187076,FDCPX,technology,2018
2018-06-11,0.002581260734506802,FDCPX,technology,2018
2018-06-12,-0.0054219450467293965,FDCPX,technology,2018
2018-06-13,0.0023575693375953964,FDCPX,technology,2018
2018-06-14,-0.0039134011260534216,FDCPX,technology,2018
2018-06-15,-0.006622037879696227,FDCPX,technology,2018
2018-06-18,-7.016995764167703e-05,FDCPX,technology,2018
2018-06-19,-0.002282522668742704,FDCPX,technology,2018
2018-06-20,0.00413877263297968,FDCPX,technology,2018
2018-06-21,0.0020056060477165955,FDCPX,technology,2018
2018-06-22,0.002211485542936437,FDCPX,technology,2018
2018-06-25,-0.006367906464838164,FDCPX,technology,2018
2018-06-26,0.006030186773202757,FDCPX,technology,2018
2018-06-27,0.0032264699933696322,FDCPX,technology,2018
2018-06-28,0.0011365996939550664,FDCPX,technology,2018
2018-06-29,-0.0016775173337510922,FDCPX,technology,2018
2018-07-02,0.004016315896145909,FDCPX,technology,2018
2018-07-03,-0.003193595981070895,FDCPX,technology,2018
2018-07-05,-0.008116139652945121,FDCPX,technology,2018
2018-07-06,-0.0036762860655534437,FDCPX,technology,2018
2018-07-09,0.005705847811685925,FDCPX,technology,2018
2018-07-10,0.0009005148714083091,FDCPX,technology,2018
2018-07-11,-0.001620028886601484,FDCPX,technology,2018
2018-07-12,0.0009815010116106544,FDCPX,technology,2018
2018-07-13,0.006074942998964576,FDCPX,technology,2018
2018-07-16,-0.0022479440744518587,FDCPX,technology,2018
2018-07-17,0.00014941977690600787,FDCPX,technology,2018
2018-07-18,-0.0026200397427100694,FDCPX,technology,2018
2018-07-19,0.0016842825035718613,FDCPX,technology,2018
2018-07-20,0.003776158021788268,FDCPX,technology,2018
2018-07-23,-0.004191282016612064,FDCPX,technology,2018
2018-07-24,-0.006814939592619079,FDCPX,technology,2018
2018-07-25,0.0030634615700168843,FDCPX,technology,2018
2018-07-26,0.0006387367205707467,FDCPX,technology,2018
2018-07-27,-0.0064395410167025135,FDCPX,technology,2018
2018-07-30,-0.006619188884998671,FDCPX,technology,2018
2018-07-31,-0.003168835828691237,FDCPX,technology,2018
2018-08-01,0.019727829940710588,FDCPX,technology,2018
2018-08-02,0.0008166492931195339,FDCPX,technology,2018
2018-08-03,-0.001899742920270731,FDCPX,technology,2018
2018-08-06,-0.002232609642693898,FDCPX,technology,2018
2018-08-07,0.0036393639322811885,FDCPX,technology,2018
2018-08-08,1.9810363575202593e-06,FDCPX,technology,2018
2018-08-09,0.0016606987731006182,FDCPX,technology,2018
2018-08-10,-0.0032445839075961724,FDCPX,technology,2018
2018-08-13,-0.0013766552201751664,FDCPX,technology,2018
2018-08-14,0.0022151530231001868,FDCPX,technology,2018
2018-08-15,0.0001679430107627538,FDCPX,technology,2018
2018-08-16,-0.0043001650571127085,FDCPX,technology,2018
2018-08-17,0.006981601344643264,FDCPX,technology,2018
2018-08-20,-0.004163738890148333,FDCPX,technology,2018
2018-08-21,-0.0010714580965590836,FDCPX,technology,2018
2018-08-22,0.005928039237996191,FDCPX,technology,2018
2018-08-23,0.0014182813546312698,FDCPX,technology,2018
2018-08-24,-0.0018804785203282047,FDCPX,technology,2018
2018-08-27,0.001977355622367052,FDCPX,technology,2018
2018-08-28,0.003437661962574813,FDCPX,technology,2018
2018-08-29,0.004333164785156437,FDCPX,technology,2018
2018-08-30,0.004263480683434402,FDCPX,technology,2018
2018-08-31,0.004467465707951325,FDCPX,technology,2018
2018-09-04,-0.00636167090386255,FDCPX,technology,2018
2018-09-05,-0.010909975065351511,FDCPX,technology,2018
2018-09-06,-0.0029357086116955354,FDCPX,technology,2018
2018-09-07,-0.0037686888976440538,FDCPX,technology,2018
2018-09-10,-0.0028066297012992853,FDCPX,technology,2018
2018-09-11,0.0029706566459794742,FDCPX,technology,2018
2018-09-12,-0.0017286093131284614,FDCPX,technology,2018
2018-09-13,0.0010126606032454487,FDCPX,technology,2018
2018-09-14,0.009346595978171748,FDCPX,technology,2018
2018-09-17,-0.007193732297468531,FDCPX,technology,2018
2018-09-18,0.0016287971714938447,FDCPX,technology,2018
2018-09-19,-0.0023379214609768302,FDCPX,technology,2018
2018-09-20,0.0012561117264567306,FDCPX,technology,2018
2018-09-21,-0.0053939444558545185,FDCPX,technology,2018
2018-09-24,0.004038495343500577,FDCPX,technology,2018
2018-09-25,0.007266141407505709,FDCPX,technology,2018
2018-09-26,0.00269211683474545,FDCPX,technology,2018
2018-09-27,0.0015118799130147019,FDCPX,technology,2018
2018-09-28,0.0024509055938447774,FDCPX,technology,2018
2018-10-01,-0.0030660169421796043,FDCPX,technology,2018
2018-10-02,-0.001254207362731564,FDCPX,technology,2018
2018-10-03,-0.0019383179701696663,FDCPX,technology,2018
2018-10-04,-0.009442572126916361,FDCPX,technology,2018
2018-10-05,-0.002341832565866465,FDCPX,technology,2018
2018-10-08,-0.007165534264334341,FDCPX,technology,2018
2018-10-09,0.002067359019635935,FDCPX,technology,2018
2018-10-10,0.0010470393809875606,FDCPX,technology,2018
2018-10-11,0.010652251206258977,FDCPX,technology,2018
2018-10-12,0.005998491434043936,FDCPX,technology,2018
2018-10-15,0.0008194587685545988,FDCPX,technology,2018
2018-10-16,-0.002097829766845874,FDCPX,technology,2018
2018-10-17,-0.0002656756652590071,FDCPX,technology,2018
2018-10-18,-0.002377825432609438,FDCPX,technology,2018
2018-10-19,0.0046883915409311645,FDCPX,technology,2018
2018-10-22,0.008973413379291582,FDCPX,technology,2018
2018-10-23,-0.004884394261320316,FDCPX,technology,2018
2018-10-24,-0.003493250728348052,FDCPX,technology,2018
2018-10-25,-0.000861717278962653,FDCPX,technology,2018
2018-10-26,-0.00599589875371679,FDCPX,technology,2018
2018-10-29,-0.010434123393478285,FDCPX,technology,2018
2018-10-30,0.005852552836976704,FDCPX,technology,2018
2018-10-31,0.007600815124648821,FDCPX,technology,2018
2018-11-01,0.012050858406003125,FDCPX,technology,2018
2018-11-02,-0.008807380576144438,FDCPX,technology,2018
2018-11-05,-0.012233657627010282,FDCPX,technology,2018
2018-11-06,-0.001623175808092449,FDCPX,technology,2018
2018-11-07,0.0027034363186553834,FDCPX,technology,2018
2018-11-08,-0.006462469770077165,FDCPX,technology,2018
2018-11-09,-0.003250611439547456,FDCPX,technology,2018
2018-11-12,-0.011048079792079741,FDCPX,technology,2018
2018-11-13,0.004729531193300947,FDCPX,technology,2018
2018-11-14,0.0013885524260436478,FDCPX,technology,2018
2018-11-15,-0.004207569844650722,FDCPX,technology,2018
2018-11-16,-0.0036248607389556646,FDCPX,technology,2018
2018-11-19,-0.005540658199231819,FDCPX,technology,2018
2018-11-20,-0.0024907663018954238,FDCPX,technology,2018
2018-11-21,0.0010018237570268312,FDCPX,technology,2018
2018-11-23,-0.0009858339619361282,FDCPX,technology,2018
2018-11-26,0.0027596442807730735,FDCPX,technology,2018
2018-11-27,-0.0026034098775369104,FDCPX,technology,2018
2018-11-28,0.001438626232444399,FDCPX,technology,2018
2018-11-29,-0.013056799920308868,FDCPX,technology,2018
2018-11-30,-0.00886531234600351,FDCPX,technology,2018
2018-12-03,0.014772511155669363,FDCPX,technology,2018
2018-12-04,-0.004491870152991531,FDCPX,technology,2018
2018-12-06,0.0031843672955632184,FDCPX,technology,2018
2018-12-07,-0.002529322491836527,FDCPX,technology,2018
2018-12-10,0.00010431466212093001,FDCPX,technology,2018
2018-12-11,-0.0022849612434646116,FDCPX,technology,2018
2018-12-12,0.004538207082032842,FDCPX,technology,2018
2018-12-13,-0.00516683616257332,FDCPX,technology,2018
2018-12-14,-0.0031069123465764965,FDCPX,technology,2018
2018-12-17,0.006182008413614291,FDCPX,technology,2018
2018-12-18,0.006207182820446902,FDCPX,technology,2018
2018-12-19,-0.004241961566003684,FDCPX,technology,2018
2018-12-20,0.005635376824031766,FDCPX,technology,2018
2018-12-21,-0.0016563594346796426,FDCPX,technology,2018
2018-12-24,0.004656425874916596,FDCPX,technology,2018
2018-12-26,-0.0061330043230926196,FDCPX,technology,2018
2018-12-27,-0.009734900754245357,FDCPX,technology,2018
2018-12-28,0.01678851818193308,FDCPX,technology,2018
2018-12-29,3.543941518195881e-05,FDCPX,technology,2018
2019-01-03,-0.014697154641166839,FDCPX,technology,2019
2019-01-04,-0.006879573000490295,FDCPX,technology,2019
2019-01-07,0.0004410402112933528,FDCPX,technology,2019
2019-01-08,-0.011549398260975301,FDCPX,technology,2019
2019-01-09,0.01058185601110695,FDCPX,technology,2019
2019-01-10,-1.2344377222574428e-05,FDCPX,technology,2019
2019-01-11,-0.0013056520378489892,FDCPX,technology,2019
2019-01-14,-0.004747349899959754,FDCPX,technology,2019
2019-01-15,0.002927829428060462,FDCPX,technology,2019
2019-01-16,-0.0013399868151591963,FDCPX,technology,2019
2019-01-17,-0.00639617077622007,FDCPX,technology,2019
2019-01-18,-0.002242888452914772,FDCPX,technology,2019
2019-01-22,-0.007119355829809583,FDCPX,technology,2019
2019-01-23,0.0013820019897149102,FDCPX,technology,2019
2019-01-24,0.011933650752219433,FDCPX,technology,2019
2019-01-25,0.018964494608597768,FDCPX,technology,2019
2019-01-28,0.007593296363912604,FDCPX,technology,2019
2019-01-29,-0.0007224078560595368,FDCPX,technology,2019
2019-01-30,0.008799132009470797,FDCPX,technology,2019
2019-01-31,-0.007993593560131334,FDCPX,technology,2019
2019-02-01,-0.006832421817452474,FDCPX,technology,2019
2019-02-04,-0.0009178069652175987,FDCPX,technology,2019
2019-02-05,0.002394976660648137,FDCPX,technology,2019
2019-02-06,-0.0049965576114268904,FDCPX,technology,2019
2019-02-07,-0.006083555295243754,FDCPX,technology,2019
2019-02-08,-0.0027357433382092762,FDCPX,technology,2019
2019-02-11,0.0011008629424501652,FDCPX,technology,2019
2019-02-12,-0.0016743079130415103,FDCPX,technology,2019
2019-02-13,-0.0005101602810880651,FDCPX,technology,2019
2019-02-14,0.00687672518370527,FDCPX,technology,2019
2019-02-15,-0.012985309358621135,FDCPX,technology,2019
2019-02-19,-0.002168783590731777,FDCPX,technology,2019
2019-02-20,0.0079129426826653,FDCPX,technology,2019
2019-02-21,0.003033123462400052,FDCPX,technology,2019
2019-02-22,0.00482024071306026,FDCPX,technology,2019
2019-02-25,0.008141057209883252,FDCPX,technology,2019
2019-02-26,-0.002624326295353041,FDCPX,technology,2019
2019-02-27,-0.0028738037825949345,FDCPX,technology,2019
2019-02-28,-0.01821955183045715,FDCPX,technology,2019
2019-03-01,-0.004128330203483993,FDCPX,technology,2019
2019-03-04,0.0005063788885274097,FDCPX,technology,2019
2019-03-05,0.0007357938649484544,FDCPX,technology,2019
2019-03-06,-0.0009039286138075604,FDCPX,technology,2019
2019-03-07,-0.00042033130772848107,FDCPX,technology,2019
2019-03-08,-0.0022377532588768773,FDCPX,technology,2019
2019-03-11,0.0035281231677729494,FDCPX,technology,2019
2019-03-12,0.001175194192484596,FDCPX,technology,2019
2019-03-13,-0.00816852389564638,FDCPX,technology,2019
2019-03-14,-0.0021582943554955443,FDCPX,technology,2019
2019-03-15,0.0055969157927651305,FDCPX,technology,2019
2019-03-18,-0.004205452604413558,FDCPX,technology,2019
2019-03-19,-0.0013124198589112264,FDCPX,technology,2019
2019-03-20,-0.0031432144574730816,FDCPX,technology,2019
2019-03-21,0.014101167305666504,FDCPX,technology,2019
2019-03-22,-0.005199569219551479,FDCPX,technology,2019
2019-03-25,-0.00465379205456109,FDCPX,technology,2019
2019-03-26,-0.006056489560325132,FDCPX,technology,2019
2019-03-27,0.0018624975962271183,FDCPX,technology,2019
2019-03-28,-0.0025521279091948543,FDCPX,technology,2019
2019-03-29,0.0018985673546679741,FDCPX,technology,2019
2019-04-01,-0.0011188495584792315,FDCPX,technology,2019
2019-04-02,0.003298847536721617,FDCPX,technology,2019
2019-04-03,0.010651232728750138,FDCPX,technology,2019
2019-04-04,-0.004113621369169597,FDCPX,technology,2019
2019-04-05,-0.0006806010782446784,FDCPX,technology,2019
2019-04-08,0.011601750867444399,FDCPX,technology,2019
2019-04-09,0.0012382165230996386,FDCPX,technology,2019
2019-04-10,0.0030936594133745008,FDCPX,technology,2019
2019-04-11,-0.002715228793512202,FDCPX,technology,2019
2019-04-12,0.0006907636314625841,FDCPX,technology,2019
2019-04-15,0.012080878694705624,FDCPX,technology,2019
2019-04-16,0.006143742284750784,FDCPX,technology,2019
2019-04-17,0.007024164847353892,FDCPX,technology,2019
2019-04-18,-0.00537750025523231,FDCPX,technology,2019
2019-04-22,-0.00555528855690449,FDCPX,technology,2019
2019-04-23,-0.0022991577215659854,FDCPX,technology,2019
2019-04-24,-0.009094652353046063,FDCPX,technology,2019
2019-04-25,-0.0035623668854819373,FDCPX,technology,2019
2019-04-26,0.0014474883187398499,FDCPX,technology,2019
2019-04-29,0.003888354824246484,FDCPX,technology,2019
2019-04-30,-0.005230780451020002,FDCPX,technology,2019
2019-05-01,0.016581394404720656,FDCPX,technology,2019
2019-05-02,-0.0007465877775479596,FDCPX,technology,2019
2019-05-03,-0.002962419013714834,FDCPX,technology,2019
2019-05-06,-0.008181439023242573,FDCPX,technology,2019
2019-05-07,-0.0034054093103059527,FDCPX,technology,2019
2019-05-08,0.0006016795760134675,FDCPX,technology,2019
2019-05-09,-0.007399365390717672,FDCPX,technology,2019
2019-05-10,-0.0034891852423973124,FDCPX,technology,2019
2019-05-13,-0.008072311437494005,FDCPX,technology,2019
2019-05-14,0.0019393826145040222,FDCPX,technology,2019
2019-05-15,0.004851537382677411,FDCPX,technology,2019
2019-05-16,-0.005806756058047961,FDCPX,technology,2019
2019-05-17,0.0037463318786753654,FDCPX,technology,2019
2019-05-20,-0.00655242785044206,FDCPX,technology,2019
2019-05-21,0.0023834344731940987,FDCPX,technology,2019
2019-05-22,-0.013485036831459473,FDCPX,technology,2019
2019-05-23,-0.004921666682878682,FDCPX,technology,2019
2019-05-24,-0.0015506616089059754,FDCPX,technology,2019
2019-05-28,0.007176341211321423,FDCPX,technology,2019
2019-05-29,-0.00024418739382801,FDCPX,technology,2019
2019-05-30,0.0024301915009715576,FDCPX,technology,2019
2019-05-31,0.000792728377401266,FDCPX,technology,2019
2019-06-03,-0.00026119872970570583,FDCPX,technology,2019
2019-06-04,-0.00598111034244702,FDCPX,technology,2019
2019-06-05,-0.013530670176000445,FDCPX,technology,2019
2019-06-06,-0.00842850236795036,FDCPX,technology,2019
2019-06-07,-0.0016475250162523696,FDCPX,technology,2019
2019-06-10,0.005461043200569178,FDCPX,technology,2019
2019-06-11,0.0049392077287925135,FDCPX,technology,2019
2019-06-12,-0.0069520555704976165,FDCPX,technology,2019
2019-06-13,-0.0027932246528495222,FDCPX,technology,2019
2019-06-14,-0.0004012478929461105,FDCPX,technology,2019
2019-06-17,0.0011423098823852044,FDCPX,technology,2019
2019-06-18,0.00844778390509014,FDCPX,technology,2019
2019-06-19,0.0034768769421963815,FDCPX,technology,2019
2019-06-20,0.002602651994087709,FDCPX,technology,2019
2019-06-21,-0.0030411403909002014,FDCPX,technology,2019
2019-06-24,0.001202606365629826,FDCPX,technology,2019
2019-06-25,0.002380598369587105,FDCPX,technology,2019
2019-06-26,0.009288815258721713,FDCPX,technology,2019
2019-06-27,0.0011879883150121414,FDCPX,technology,2019
2019-06-28,-0.0021336441790837614,FDCPX,technology,2019
2019-07-01,0.0003557518103980174,FDCPX,technology,2019
2019-07-02,-0.005593118133069395,FDCPX,technology,2019
2019-07-03,-0.009106860722906347,FDCPX,technology,2019
2019-07-05,0.00028337242426374875,FDCPX,technology,2019
2019-07-08,-0.007456173949227264,FDCPX,technology,2019
2019-07-09,-0.0003073300328996916,FDCPX,technology,2019
2019-07-10,0.004396917791645098,FDCPX,technology,2019
2019-07-11,0.00045321106139976875,FDCPX,technology,2019
2019-07-12,0.0021933515425001,FDCPX,technology,2019
2019-07-15,0.001375093345023458,FDCPX,technology,2019
2019-07-16,-0.006317339825464436,FDCPX,technology,2019
2019-07-17,0.004822067902160716,FDCPX,technology,2019
2019-07-18,-0.0017742696959120474,FDCPX,technology,2019
2019-07-19,0.0048502327605531755,FDCPX,technology,2019
2019-07-22,0.004815945389246394,FDCPX,technology,2019
2019-07-23,0.000230508067712739,FDCPX,technology,2019
2019-07-24,-0.002886985039987994,FDCPX,technology,2019
2019-07-25,0.00041761849979538197,FDCPX,technology,2019
2019-07-26,-0.0019449120378814706,FDCPX,technology,2019
2019-07-29,-0.0012260196186741228,FDCPX,technology,2019
2019-07-30,0.007484281781280058,FDCPX,technology,2019
2019-07-31,0.0009777044551944024,FDCPX,technology,2019
2019-08-01,0.0010559181147621576,FDCPX,technology,2019
2019-08-02,-0.016685961753593864,FDCPX,technology,2019
2019-08-05,0.0024928863966555137,FDCPX,technology,2019
2019-08-06,-0.003788428573756674,FDCPX,technology,2019
2019-08-07,0.0027380340139282772,FDCPX,technology,2019
2019-08-08,-0.006337124940068398,FDCPX,technology,2019
2019-08-09,-0.0019030975388330922,FDCPX,technology,2019
2019-08-12,0.006412706878787125,FDCPX,technology,2019
2019-08-13,0.0029147650394635606,FDCPX,technology,2019
2019-08-14,0.006535929274130256,FDCPX,technology,2019
2019-08-15,0.0001359305894003222,FDCPX,technology,2019
2019-08-16,-0.0006878209648810002,FDCPX,technology,2019
2019-08-19,-0.007313853902372332,FDCPX,technology,2019
2019-08-20,0.00958333497666048,FDCPX,technology,2019
2019-08-21,-0.00025758796504676135,FDCPX,technology,2019
2019-08-22,-0.005816678870395522,FDCPX,technology,2019
2019-08-23,0.002299627578619696,FDCPX,technology,2019
2019-08-26,0.003644146327300181,FDCPX,technology,2019
2019-08-27,0.0003921366648918616,FDCPX,technology,2019
2019-08-28,-0.00540894212031875,FDCPX,technology,2019
2019-08-29,-0.002251930706293797,FDCPX,technology,2019
2019-08-30,0.006359900708273879,FDCPX,technology,2019
2019-09-03,0.00015749923601016298,FDCPX,technology,2019
2019-09-04,0.0037483470047497483,FDCPX,technology,2019
2019-09-05,0.010863346089265685,FDCPX,technology,2019
2019-09-06,0.003351105439900976,FDCPX,technology,2019
2019-09-09,0.007684855555273978,FDCPX,technology,2019
2019-09-10,0.0015412317907524656,FDCPX,technology,2019
2019-09-11,0.006683177878560901,FDCPX,technology,2019
2019-09-12,0.001341830818408908,FDCPX,technology,2019
2019-09-13,-0.001302638621248986,FDCPX,technology,2019
2019-09-16,-0.0026150290270595938,FDCPX,technology,2019
2019-09-17,-0.0030644876027476828,FDCPX,technology,2019
2019-09-18,-0.0013720258533923538,FDCPX,technology,2019
2019-09-19,0.0015716964682644665,FDCPX,technology,2019
2019-09-20,-0.0025148500177178124,FDCPX,technology,2019
2019-09-23,0.002455387835600736,FDCPX,technology,2019
2019-09-24,0.00011347166408284294,FDCPX,technology,2019
2019-09-25,0.0034879242779930963,FDCPX,technology,2019
2019-09-26,0.00022256144346582225,FDCPX,technology,2019
2019-09-27,-0.0026583029403780415,FDCPX,technology,2019
2019-09-30,0.004206178128268021,FDCPX,technology,2019
2019-10-01,0.003972230929600229,FDCPX,technology,2019
2019-10-02,0.0035159822012220884,FDCPX,technology,2019
2019-10-03,0.0009488878357121807,FDCPX,technology,2019
2019-10-04,-0.005215069207719528,FDCPX,technology,2019
2019-10-07,-0.0005213563572843,FDCPX,technology,2019
2019-10-08,0.005534518959358418,FDCPX,technology,2019
2019-10-09,0.00046540500013122,FDCPX,technology,2019
2019-10-10,-0.0050080342782157245,FDCPX,technology,2019
2019-10-11,0.005406892956241274,FDCPX,technology,2019
2019-10-14,0.003696810929308701,FDCPX,technology,2019
2019-10-15,-0.002723682053709039,FDCPX,technology,2019
2019-10-16,0.00016843378771052545,FDCPX,technology,2019
2019-10-17,0.001445676333207252,FDCPX,technology,2019
2019-10-18,-0.003096873176440162,FDCPX,technology,2019
2019-10-21,0.003439625003264864,FDCPX,technology,2019
2019-10-22,0.007312299707991533,FDCPX,technology,2019
2019-10-23,-0.0021435487595036474,FDCPX,technology,2019
2019-10-24,0.0005090368941191004,FDCPX,technology,2019
2019-10-25,0.0012993341842112115,FDCPX,technology,2019
2019-10-28,0.0025723249088138514,FDCPX,technology,2019
2019-10-29,-0.005212268860185904,FDCPX,technology,2019
2019-10-30,-0.0021161534953055942,FDCPX,technology,2019
2019-10-31,-0.0019505169719933597,FDCPX,technology,2019
2019-11-01,0.0032357499835360803,FDCPX,technology,2019
2019-11-04,0.0038755993087715938,FDCPX,technology,2019
2019-11-05,0.0069010365479084705,FDCPX,technology,2019
2019-11-06,-0.001841130157888113,FDCPX,technology,2019
2019-11-07,-0.0029804298168176766,FDCPX,technology,2019
2019-11-08,-0.005323081550889743,FDCPX,technology,2019
2019-11-11,0.002986889681358456,FDCPX,technology,2019
2019-11-12,0.003748828335689802,FDCPX,technology,2019
2019-11-13,0.001590714065858098,FDCPX,technology,2019
2019-11-14,-0.0019386294785152078,FDCPX,technology,2019
2019-11-15,0.002863886886615402,FDCPX,technology,2019
2019-11-18,-5.240509365048412e-05,FDCPX,technology,2019
2019-11-19,-0.0038004479321473482,FDCPX,technology,2019
2019-11-20,-0.005960280562360137,FDCPX,technology,2019
2019-11-21,-0.004497368104459087,FDCPX,technology,2019
2019-11-22,-0.004278969056756567,FDCPX,technology,2019
2019-11-25,0.00356478530899167,FDCPX,technology,2019
2019-11-26,-0.007358030865455739,FDCPX,technology,2019
2019-11-27,0.000573808106807603,FDCPX,technology,2019
2019-11-29,-0.00407095879108195,FDCPX,technology,2019
2019-12-02,-0.0005933254738894802,FDCPX,technology,2019
2019-12-03,0.003678935813654107,FDCPX,technology,2019
2019-12-04,0.0006188586970613513,FDCPX,technology,2019
2019-12-05,9.32624081312161e-05,FDCPX,technology,2019
2019-12-06,0.0006774649972425273,FDCPX,technology,2019
2019-12-09,0.002005155518727437,FDCPX,technology,2019
2019-12-10,0.00452816197229099,FDCPX,technology,2019
2019-12-11,0.005659574786824112,FDCPX,technology,2019
2019-12-12,0.008177232971905842,FDCPX,technology,2019
2019-12-13,0.0037761431621809146,FDCPX,technology,2019
2019-12-16,0.003377357925019985,FDCPX,technology,2019
2019-12-17,0.006284242424726264,FDCPX,technology,2019
2019-12-18,-0.0025753165367628944,FDCPX,technology,2019
2019-12-19,-0.004044095619758585,FDCPX,technology,2019
2019-12-20,-0.003862202672685166,FDCPX,technology,2019
2019-12-23,0.0015944524210769425,FDCPX,technology,2019
2019-12-24,-0.0011959351637771303,FDCPX,technology,2019
2019-12-26,0.0007014723431159105,FDCPX,technology,2019
2019-12-27,0.0031174459638241745,FDCPX,technology,2019
2019-12-30,0.0007877536092117769,FDCPX,technology,2019
2020-01-06,-0.00036483606747328857,FDCPX,technology,2020
2020-01-07,0.008806331533061337,FDCPX,technology,2020
2020-01-08,0.010541724488020071,FDCPX,technology,2020
2020-01-09,0.00708937715120222,FDCPX,technology,2020
2020-01-10,0.005640403362693826,FDCPX,technology,2020
2020-01-13,0.008337694147380907,FDCPX,technology,2020
2020-01-14,-0.004744834698437715,FDCPX,technology,2020
2020-01-15,-0.009273107075348227,FDCPX,technology,2020
2020-01-16,0.005364086168994501,FDCPX,technology,2020
2020-01-17,3.602838401082142e-05,FDCPX,technology,2020
2020-01-21,-0.003646310181021585,FDCPX,technology,2020
2020-01-22,0.007489462625236485,FDCPX,technology,2020
2020-01-23,-0.0032777860094371325,FDCPX,technology,2020
2020-01-24,0.0014268165272999381,FDCPX,technology,2020
2020-01-27,-0.009438696541220731,FDCPX,technology,2020
2020-01-28,0.0005327440914894444,FDCPX,technology,2020
2020-01-29,-0.002164273122515943,FDCPX,technology,2020
2020-01-30,-0.01543236544035366,FDCPX,technology,2020
2020-01-31,-0.01302232058912322,FDCPX,technology,2020
2020-02-03,0.008540252158049051,FDCPX,technology,2020
2020-02-04,0.014195013348279174,FDCPX,technology,2020
2020-02-05,-0.010858824778930527,FDCPX,technology,2020
2020-02-06,0.005362296625561031,FDCPX,technology,2020
2020-02-07,-0.010495293838968623,FDCPX,technology,2020
2020-02-10,-6.713072015518753e-05,FDCPX,technology,2020
2020-02-11,0.001222291866700712,FDCPX,technology,2020
2020-02-12,0.0041488764174982245,FDCPX,technology,2020
2020-02-13,-0.010102303237607989,FDCPX,technology,2020
2020-02-14,-0.003711388088141831,FDCPX,technology,2020
2020-02-18,-0.017461976090866006,FDCPX,technology,2020
2020-02-19,0.0011011230022502216,FDCPX,technology,2020
2020-02-20,-0.0038030556152924416,FDCPX,technology,2020
2020-02-21,-0.006144638520186598,FDCPX,technology,2020
2020-02-24,-0.012900175544238904,FDCPX,technology,2020
2020-02-25,0.01771049880771374,FDCPX,technology,2020
2020-02-26,0.00616926980968374,FDCPX,technology,2020
2020-02-27,4.506707375887681e-05,FDCPX,technology,2020
2020-02-28,0.0018385305218824564,FDCPX,technology,2020
2020-03-02,0.005349518733729089,FDCPX,technology,2020
2020-03-03,0.003986964842663487,FDCPX,technology,2020
2020-03-04,-0.006717201623797478,FDCPX,technology,2020
2020-03-05,0.002931873124436636,FDCPX,technology,2020
2020-03-06,0.00038238848840208353,FDCPX,technology,2020
2020-03-09,-0.0023465235722089917,FDCPX,technology,2020
2020-03-10,-0.0009763225400809539,FDCPX,technology,2020
2020-03-11,-0.0010168616532793065,FDCPX,technology,2020
2020-03-12,-0.007883113937402389,FDCPX,technology,2020
2020-03-13,-0.009906934434247616,FDCPX,technology,2020
2020-03-16,-0.013169317179257456,FDCPX,technology,2020
2020-03-17,-0.007031597909147411,FDCPX,technology,2020
2020-03-18,0.012428170480516788,FDCPX,technology,2020
2020-03-19,0.00589355593340136,FDCPX,technology,2020
2020-03-20,0.016700059030790373,FDCPX,technology,2020
2020-03-23,0.010015160479071571,FDCPX,technology,2020
2020-03-24,0.005524419063143493,FDCPX,technology,2020
2020-03-25,-0.002041730300966207,FDCPX,technology,2020
2020-03-26,0.005271441285338498,FDCPX,technology,2020
2020-03-27,-0.013994113379797838,FDCPX,technology,2020
2020-03-30,-0.0029775201749616467,FDCPX,technology,2020
2020-03-31,0.003122172968365415,FDCPX,technology,2020
2020-04-01,-0.010759970383847454,FDCPX,technology,2020
2020-04-02,0.003574107077333119,FDCPX,technology,2020
2020-04-03,-0.004870880180139351,FDCPX,technology,2020
2020-04-06,-0.0007354489767849512,FDCPX,technology,2020
2020-04-07,-0.008462390664711661,FDCPX,technology,2020
2020-04-08,-0.009664123255731329,FDCPX,technology,2020
2020-04-09,-0.0179447806886228,FDCPX,technology,2020
2020-04-13,-0.002593494037444909,FDCPX,technology,2020
2020-04-14,-0.004566629530861774,FDCPX,technology,2020
2020-04-15,0.003999976105024611,FDCPX,technology,2020
2020-04-16,-0.00027025227015636376,FDCPX,technology,2020
2020-04-17,-0.005191399678435772,FDCPX,technology,2020
2020-04-20,-0.0045551569873751065,FDCPX,technology,2020
2020-04-21,-0.002428219333407689,FDCPX,technology,2020
2020-04-22,0.00016977653364612724,FDCPX,technology,2020
2020-04-23,-0.0057649667117815806,FDCPX,technology,2020
2020-04-24,0.0012991607652533856,FDCPX,technology,2020
2020-04-27,-0.0026738442233833586,FDCPX,technology,2020
2020-04-28,0.00021902359100716513,FDCPX,technology,2020
2020-04-29,0.0016536952441969024,FDCPX,technology,2020
2020-04-30,-0.0006452993421508591,FDCPX,technology,2020
2020-05-01,-0.004931077006524957,FDCPX,technology,2020
2020-05-04,-0.003433884166031166,FDCPX,technology,2020
2020-05-05,0.002562247185361015,FDCPX,technology,2020
2020-05-06,0.009917623286252165,FDCPX,technology,2020
2020-05-07,0.0006122004595747535,FDCPX,technology,2020
2020-05-08,0.005431020293754502,FDCPX,technology,2020
2020-05-11,-0.0034111908526112105,FDCPX,technology,2020
2020-05-12,0.005247981066663628,FDCPX,technology,2020
2020-05-13,0.0019129844489960534,FDCPX,technology,2020
2020-05-14,-0.007549363751255029,FDCPX,technology,2020
2020-05-15,-0.006954269595985791,FDCPX,technology,2020
2020-05-18,-0.0037821998802378444,FDCPX,technology,2020
2020-05-19,0.007753349204490791,FDCPX,technology,2020
2020-05-20,0.0025430207259670226,FDCPX,technology,2020
2020-05-21,-0.0035578594583034707,FDCPX,technology,2020
2020-05-22,-0.00794639967341315,FDCPX,technology,2020
2020-05-26,-0.009649814204934255,FDCPX,technology,2020
2020-05-27,-0.009014360733427536,FDCPX,technology,2020
2020-05-28,0.002572913999130613,FDCPX,technology,2020
2020-05-29,0.003936897099317668,FDCPX,technology,2020
2020-06-01,0.001422159304358025,FDCPX,technology,2020
2020-06-02,0.001746792624115123,FDCPX,technology,2020
2020-06-03,0.002553617415344,FDCPX,technology,2020
2020-06-04,-0.004319566982975216,FDCPX,technology,2020
2020-06-05,0.0003267752568148763,FDCPX,technology,2020
2020-06-08,-0.0014432074886446666,FDCPX,technology,2020
2020-06-09,0.005477251495145812,FDCPX,technology,2020
2020-06-10,0.01221024483689772,FDCPX,technology,2020
2020-06-11,-0.0021368733662542466,FDCPX,technology,2020
2020-06-12,0.0009244475963374275,FDCPX,technology,2020
2020-06-15,-0.0020388113879704177,FDCPX,technology,2020
2020-06-16,-0.0021397672503991813,FDCPX,technology,2020
2020-06-17,0.005237412099388252,FDCPX,technology,2020
2020-06-18,-0.0020108226531976234,FDCPX,technology,2020
2020-06-19,0.006290594610867253,FDCPX,technology,2020
2020-06-22,0.0013441408147947783,FDCPX,technology,2020
2020-06-23,-0.002861406273444472,FDCPX,technology,2020
2020-06-24,0.011281715878935568,FDCPX,technology,2020
2020-06-25,-0.002488348785995286,FDCPX,technology,2020
2020-06-26,0.007856632638809655,FDCPX,technology,2020
2020-06-29,-0.006241583643775115,FDCPX,technology,2020
2020-06-30,-0.0013913318466174263,FDCPX,technology,2020
2020-07-01,-0.011493918908108922,FDCPX,technology,2020
2020-07-02,-0.0014256030007367007,FDCPX,technology,2020
2020-07-06,0.006227826292749417,FDCPX,technology,2020
2020-07-07,-0.008966535966651387,FDCPX,technology,2020
2020-07-08,0.007077061471575514,FDCPX,technology,2020
2020-07-09,0.006822791616250728,FDCPX,technology,2020
2020-07-10,0.0003978923748751244,FDCPX,technology,2020
2020-07-13,0.0011273471140372084,FDCPX,technology,2020
2020-07-14,-0.004511320417057926,FDCPX,technology,2020
2020-07-15,0.0052104189026347825,FDCPX,technology,2020
2020-07-16,-0.004676484176594085,FDCPX,technology,2020
2020-07-17,-0.0012739469609339142,FDCPX,technology,2020
2020-07-20,0.008370017183425017,FDCPX,technology,2020
2020-07-21,-0.0037981650140068023,FDCPX,technology,2020
2020-07-22,-0.0064928043581303505,FDCPX,technology,2020
2020-07-23,-0.002206343613885959,FDCPX,technology,2020
2020-07-24,-0.005743328176245746,FDCPX,technology,2020
2020-07-27,0.011049334377024784,FDCPX,technology,2020
2020-07-28,-0.0008737637369769834,FDCPX,technology,2020
2020-07-29,-0.0034928595611581573,FDCPX,technology,2020
2020-07-30,0.004651615313721513,FDCPX,technology,2020
2020-07-31,0.008868219518836536,FDCPX,technology,2020
2020-08-03,0.010273036244146033,FDCPX,technology,2020
2020-08-04,0.005268997430333563,FDCPX,technology,2020
2020-08-05,-0.007068999752529715,FDCPX,technology,2020
2020-08-06,-0.0018403081574237803,FDCPX,technology,2020
2020-08-07,-0.008091194184202332,FDCPX,technology,2020
2020-08-10,-0.001149842750611443,FDCPX,technology,2020
2020-08-11,-0.005392865551007651,FDCPX,technology,2020
2020-08-12,0.005161751814906006,FDCPX,technology,2020
2020-08-13,0.002237011391188319,FDCPX,technology,2020
2020-08-14,0.0003166008650721838,FDCPX,technology,2020
2020-08-17,-0.0002303821151941536,FDCPX,technology,2020
2020-08-18,0.000581658643539758,FDCPX,technology,2020
2020-08-19,-0.0013958087558609894,FDCPX,technology,2020
2020-08-20,-0.005662709103072319,FDCPX,technology,2020
2020-08-21,0.0037950971915201312,FDCPX,technology,2020
2020-08-24,-3.7612534946780685e-06,FDCPX,technology,2020
2020-08-25,-0.005987122180488292,FDCPX,technology,2020
2020-08-26,0.0016641019723367609,FDCPX,technology,2020
2020-08-27,-0.005085820118174265,FDCPX,technology,2020
2020-08-28,0.00221874942421471,FDCPX,technology,2020
2020-08-31,0.005586612354103966,FDCPX,technology,2020
2020-09-01,0.007473034944026853,FDCPX,technology,2020
2020-09-02,-0.01199610339639526,FDCPX,technology,2020
2020-09-03,-0.012352032403665617,FDCPX,technology,2020
2020-09-04,0.011723733010255834,FDCPX,technology,2020
2020-09-08,-0.00024867593230626026,FDCPX,technology,2020
2020-09-09,0.004939016378228411,FDCPX,technology,2020
2020-09-10,-0.0036164073738329285,FDCPX,technology,2020
2020-09-11,0.0039170390077928035,FDCPX,technology,2020
2020-09-14,0.0055090928493839,FDCPX,technology,2020
2020-09-15,-0.010483031367242726,FDCPX,technology,2020
2020-09-16,0.0012244345902257974,FDCPX,technology,2020
2020-09-17,-0.002607292411381316,FDCPX,technology,2020
2020-09-18,0.004705477053137038,FDCPX,technology,2020
2020-09-21,0.005782825554494234,FDCPX,technology,2020
2020-09-22,-0.0021836660504514424,FDCPX,technology,2020
2020-09-23,0.005318101848913138,FDCPX,technology,2020
2020-09-24,-0.0052736235935408595,FDCPX,technology,2020
2020-09-25,-0.006716088638208903,FDCPX,technology,2020
2020-09-28,0.001340441486735535,FDCPX,technology,2020
2020-09-29,0.006228942403650415,FDCPX,technology,2020
2020-09-30,-0.00666723104579847,FDCPX,technology,2020
2020-10-01,-0.0025133012016095024,FDCPX,technology,2020
2020-10-02,-0.006506235588291271,FDCPX,technology,2020
2020-10-05,0.0006773258927741631,FDCPX,technology,2020
2020-10-06,-0.0006856870971831928,FDCPX,technology,2020
2020-10-07,-0.00375816970662682,FDCPX,technology,2020
2020-10-08,-0.004360776934301706,FDCPX,technology,2020
2020-10-09,-0.0019424464358538899,FDCPX,technology,2020
2020-10-12,0.004694389607113259,FDCPX,technology,2020
2020-10-13,0.00565398897888441,FDCPX,technology,2020
2020-10-14,0.0019384246041100656,FDCPX,technology,2020
2020-10-15,-0.006012427731789753,FDCPX,technology,2020
2020-10-16,-0.004605315954021471,FDCPX,technology,2020
2020-10-19,0.006474532914034748,FDCPX,technology,2020
2020-10-20,0.015064584212208996,FDCPX,technology,2020
2020-10-21,-0.0012636448906532408,FDCPX,technology,2020
2020-10-22,-0.0114647478963474,FDCPX,technology,2020
2020-10-23,-0.0059406820556781184,FDCPX,technology,2020
2020-10-26,0.007164250384269067,FDCPX,technology,2020
2020-10-27,0.005091350425528477,FDCPX,technology,2020
2020-10-28,0.01146854609854362,FDCPX,technology,2020
2020-10-29,0.007395822048995297,FDCPX,technology,2020
2020-10-30,-0.010678011155946113,FDCPX,technology,2020
2020-11-02,-0.0013326064432457648,FDCPX,technology,2020
2020-11-03,0.0012232334940443304,FDCPX,technology,2020
2020-11-04,-0.00610616291656103,FDCPX,technology,2020
2020-11-05,0.01575204216632395,FDCPX,technology,2020
2020-11-06,-0.0016974736003351493,FDCPX,technology,2020
2020-11-09,-0.026727783235502116,FDCPX,technology,2020
2020-11-10,-0.006459353913373192,FDCPX,technology,2020
2020-11-11,0.007549865645803897,FDCPX,technology,2020
2020-11-12,-0.002704590489254397,FDCPX,technology,2020
2020-11-13,0.012753058733613922,FDCPX,technology,2020
2020-11-16,0.007376653388708496,FDCPX,technology,2020
2020-11-17,-0.002166365891183226,FDCPX,technology,2020
2020-11-18,0.0012429303075055104,FDCPX,technology,2020
2020-11-19,0.00376653133676603,FDCPX,technology,2020
2020-11-20,0.008907120799728684,FDCPX,technology,2020
2020-11-23,0.010060078333073107,FDCPX,technology,2020
2020-11-24,-0.0038321456770505427,FDCPX,technology,2020
2020-11-25,-0.0017855613589278876,FDCPX,technology,2020
2020-11-27,0.003699127135525453,FDCPX,technology,2020
2020-11-30,-0.003052317202069381,FDCPX,technology,2020
2020-12-01,0.005261981071696823,FDCPX,technology,2020
2020-12-02,-0.001879381040484422,FDCPX,technology,2020
2020-12-03,0.009335687357216958,FDCPX,technology,2020
2020-12-04,0.00677979080591818,FDCPX,technology,2020
2020-12-07,0.00044764825798198477,FDCPX,technology,2020
2020-12-08,-6.689524609288259e-05,FDCPX,technology,2020
2020-12-09,0.005252287504895413,FDCPX,technology,2020
2020-12-10,0.00431526588161403,FDCPX,technology,2020
2020-12-11,-0.00017837350866406292,FDCPX,technology,2020
2020-12-14,0.005078116845296406,FDCPX,technology,2020
2020-12-15,0.00503763118679457,FDCPX,technology,2020
2020-12-16,-0.0008929338583268734,FDCPX,technology,2020
2020-12-17,-0.001627703097498161,FDCPX,technology,2020
2020-12-18,0.0015321143405440732,FDCPX,technology,2020
2020-12-21,0.0014578637621208788,FDCPX,technology,2020
2020-12-22,-0.003223030330310941,FDCPX,technology,2020
2020-12-23,0.00598692038678387,FDCPX,technology,2020
2020-12-24,0.0038311651612291005,FDCPX,technology,2020
2020-12-28,0.0020512721864699174,FDCPX,technology,2020
2020-12-29,0.003368418440318991,FDCPX,technology,2020
2020-12-30,0.005832038095676357,FDCPX,technology,2020
2021-01-05,0.009314138200874018,FDCPX,technology,2021
2021-01-06,-0.018160329322417377,FDCPX,technology,2021
2021-01-07,-0.0017707288682365426,FDCPX,technology,2021
2021-01-08,0.010783591580725055,FDCPX,technology,2021
2021-01-11,0.0034092186211020477,FDCPX,technology,2021
2021-01-12,0.0034470477732163555,FDCPX,technology,2021
2021-01-13,-0.00644782008555116,FDCPX,technology,2021
2021-01-14,0.00772852544889368,FDCPX,technology,2021
2021-01-15,-0.005360827140986997,FDCPX,technology,2021
2021-01-19,-0.004960935121112786,FDCPX,technology,2021
2021-01-20,0.0027638742775782255,FDCPX,technology,2021
2021-01-21,0.010618857957354868,FDCPX,technology,2021
2021-01-22,-0.00638391819012546,FDCPX,technology,2021
2021-01-25,0.005257640393928872,FDCPX,technology,2021
2021-01-26,-0.0016699022870089821,FDCPX,technology,2021
2021-01-27,0.018550704172087477,FDCPX,technology,2021
2021-01-28,-0.012924318757141725,FDCPX,technology,2021
2021-01-29,-0.0014269988758529237,FDCPX,technology,2021
2021-02-01,0.0014740278975283946,FDCPX,technology,2021
2021-02-02,-0.005869359790407935,FDCPX,technology,2021
2021-02-03,0.020204419250253094,FDCPX,technology,2021
2021-02-04,-0.010190177521942822,FDCPX,technology,2021
2021-02-05,0.008605511545796305,FDCPX,technology,2021
2021-02-08,-0.0004478974877906569,FDCPX,technology,2021
2021-02-09,0.0008083178754669921,FDCPX,technology,2021
2021-02-10,0.0011394774698304066,FDCPX,technology,2021
2021-02-11,0.007090648451444104,FDCPX,technology,2021
2021-02-12,-0.003258330186743679,FDCPX,technology,2021
2021-02-16,0.0072138067050626295,FDCPX,technology,2021
2021-02-17,-0.006006072294749629,FDCPX,technology,2021
2021-02-18,-0.0006461255527575932,FDCPX,technology,2021
2021-02-19,0.012295273473609808,FDCPX,technology,2021
2021-02-22,-0.004890938727885225,FDCPX,technology,2021
2021-02-23,-0.008395277396445426,FDCPX,technology,2021
2021-02-24,-0.010005051811652909,FDCPX,technology,2021
2021-02-25,0.00572879243628505,FDCPX,technology,2021
2021-02-26,0.00014860600462792382,FDCPX,technology,2021
2021-03-01,-0.0013408694519672255,FDCPX,technology,2021
2021-03-02,-0.0031174835535728515,FDCPX,technology,2021
2021-03-03,0.00519657021106976,FDCPX,technology,2021
2021-03-04,-0.01726521508285516,FDCPX,technology,2021
2021-03-05,0.0009001523358993756,FDCPX,technology,2021
2021-03-08,-0.013836517870605502,FDCPX,technology,2021
2021-03-09,0.002566766209754663,FDCPX,technology,2021
2021-03-10,-0.01190824634524898,FDCPX,technology,2021
2021-03-11,0.009035190899043442,FDCPX,technology,2021
2021-03-12,0.00017740644590549717,FDCPX,technology,2021
2021-03-15,0.0005927265881790402,FDCPX,technology,2021
2021-03-16,0.008785142374856723,FDCPX,technology,2021
2021-03-17,-0.0004649179273403352,FDCPX,technology,2021
2021-03-18,-0.001228871940966169,FDCPX,technology,2021
2021-03-19,0.004305762741624604,FDCPX,technology,2021
2021-03-22,0.0034099598539836847,FDCPX,technology,2021
2021-03-23,-0.010381462980939407,FDCPX,technology,2021
2021-03-24,-0.008949045087887731,FDCPX,technology,2021
2021-03-25,0.00272329565869608,FDCPX,technology,2021
2021-03-26,0.005023300160821396,FDCPX,technology,2021
2021-03-29,-0.0056398990814564625,FDCPX,technology,2021
2021-03-30,0.0047730464785068665,FDCPX,technology,2021
2021-03-31,0.0034083424298943753,FDCPX,technology,2021
2021-04-01,0.00232444663175738,FDCPX,technology,2021
2021-04-05,0.007056496852509978,FDCPX,technology,2021
2021-04-06,-0.0014974872124740735,FDCPX,technology,2021
2021-04-07,-8.662809846833055e-05,FDCPX,technology,2021
2021-04-08,-0.0020743060458370344,FDCPX,technology,2021
2021-04-09,7.190117813984064e-05,FDCPX,technology,2021
2021-04-12,-0.004280736876342131,FDCPX,technology,2021
2021-04-13,0.002233147764278883,FDCPX,technology,2021
2021-04-14,0.004076314908524009,FDCPX,technology,2021
2021-04-15,0.0012426988346833801,FDCPX,technology,2021
2021-04-16,-0.0020597014908845766,FDCPX,technology,2021
2021-04-19,0.003841784925136495,FDCPX,technology,2021
2021-04-20,-0.0038848079661849798,FDCPX,technology,2021
2021-04-21,-0.0007749335244780602,FDCPX,technology,2021
2021-04-22,-2.9311344945446086e-05,FDCPX,technology,2021
2021-04-23,0.01004272496252395,FDCPX,technology,2021
2021-04-26,0.0029150570325317585,FDCPX,technology,2021
2021-04-27,-0.006202257442549499,FDCPX,technology,2021
2021-04-28,-0.00520775013608432,FDCPX,technology,2021
2021-04-29,-0.006094191096260218,FDCPX,technology,2021
2021-04-30,-0.011028643336461603,FDCPX,technology,2021
2021-05-03,-0.005250694339359719,FDCPX,technology,2021
2021-05-04,-0.011272922018707845,FDCPX,technology,2021
2021-05-05,0.006621313834767573,FDCPX,technology,2021
2021-05-06,-0.0037160537850926545,FDCPX,technology,2021
2021-05-07,0.002652653526521012,FDCPX,technology,2021
2021-05-10,-0.0019064619591761776,FDCPX,technology,2021
2021-05-11,-0.005273771103030801,FDCPX,technology,2021
2021-05-12,-0.01331474281041518,FDCPX,technology,2021
2021-05-13,-0.0007336082318972637,FDCPX,technology,2021
2021-05-14,0.011473526412317709,FDCPX,technology,2021
2021-05-17,0.0018059827139344977,FDCPX,technology,2021
2021-05-18,0.00672801416055725,FDCPX,technology,2021
2021-05-19,-0.0018922885852019722,FDCPX,technology,2021
2021-05-20,0.0028987224840958947,FDCPX,technology,2021
2021-05-21,-0.0025094738577028115,FDCPX,technology,2021
2021-05-24,-1.5522400408208778e-05,FDCPX,technology,2021
2021-05-25,0.0008206253825582648,FDCPX,technology,2021
2021-05-26,0.0057896999744396355,FDCPX,technology,2021
2021-05-27,0.0013396397638818247,FDCPX,technology,2021
2021-05-28,-0.008547351257434251,FDCPX,technology,2021
2021-06-01,0.009186083865395097,FDCPX,technology,2021
2021-06-02,-0.00038601677772201644,FDCPX,technology,2021
2021-06-03,0.005397227640981174,FDCPX,technology,2021
2021-06-04,0.005326776025416211,FDCPX,technology,2021
2021-06-07,-0.0016873550372172126,FDCPX,technology,2021
2021-06-08,0.0011331001541908018,FDCPX,technology,2021
2021-06-09,-0.004468784078692312,FDCPX,technology,2021
2021-06-10,-0.0061842128963184835,FDCPX,technology,2021
2021-06-11,0.001299906902031884,FDCPX,technology,2021
2021-06-14,-0.0015944464083665509,FDCPX,technology,2021
2021-06-15,0.0012243736506648737,FDCPX,technology,2021
2021-06-16,-0.0010426079743382638,FDCPX,technology,2021
2021-06-17,-0.006761275124458472,FDCPX,technology,2021
2021-06-18,-0.001814025164948302,FDCPX,technology,2021
2021-06-21,0.001440881525616628,FDCPX,technology,2021
2021-06-22,-0.006628255199205707,FDCPX,technology,2021
2021-06-23,-0.00032025256806168583,FDCPX,technology,2021
2021-06-24,0.0022460878985558616,FDCPX,technology,2021
2021-06-25,-0.0006429297648599592,FDCPX,technology,2021
2021-06-28,0.00027531627636211056,FDCPX,technology,2021
2021-06-29,0.004263173162236047,FDCPX,technology,2021
2021-06-30,-0.006603952844124411,FDCPX,technology,2021
2021-07-01,-0.008357142065333382,FDCPX,technology,2021
2021-07-02,0.004967574527420625,FDCPX,technology,2021
2021-07-06,0.0028091621453759197,FDCPX,technology,2021
2021-07-07,-0.0006683423606828579,FDCPX,technology,2021
2021-07-08,-0.0031173013906490334,FDCPX,technology,2021
2021-07-09,0.005428085864778382,FDCPX,technology,2021
2021-07-12,-0.00707373400468304,FDCPX,technology,2021
2021-07-13,-0.0020158016515580785,FDCPX,technology,2021
2021-07-14,0.0025305051698446004,FDCPX,technology,2021
2021-07-15,-0.004055695601937823,FDCPX,technology,2021
2021-07-16,-0.007593807083781547,FDCPX,technology,2021
2021-07-19,0.003744316222702066,FDCPX,technology,2021
2021-07-20,0.003886101643733819,FDCPX,technology,2021
2021-07-21,-0.005765249699762779,FDCPX,technology,2021
2021-07-22,-0.0034907914767149037,FDCPX,technology,2021
2021-07-23,-0.004826752484223539,FDCPX,technology,2021
2021-07-26,-0.0029971210431867365,FDCPX,technology,2021
2021-07-27,-0.007331394238356575,FDCPX,technology,2021
2021-07-28,0.010464170718942581,FDCPX,technology,2021
2021-07-29,0.002087092517450476,FDCPX,technology,2021
2021-07-30,-0.0009818606940327993,FDCPX,technology,2021
2021-08-02,0.005639609822974879,FDCPX,technology,2021
2021-08-03,0.004189459907417471,FDCPX,technology,2021
2021-08-04,0.0021531653109524256,FDCPX,technology,2021
2021-08-05,-0.003026297130594073,FDCPX,technology,2021
2021-08-06,-0.00544047585606528,FDCPX,technology,2021
2021-08-09,0.001228176763575315,FDCPX,technology,2021
2021-08-10,-0.008895670609399598,FDCPX,technology,2021
2021-08-11,0.001704891464387741,FDCPX,technology,2021
2021-08-12,-0.007343762131300941,FDCPX,technology,2021
2021-08-13,-0.005854365925275931,FDCPX,technology,2021
2021-08-16,-0.0018989914833367316,FDCPX,technology,2021
2021-08-17,-0.0031428439806253537,FDCPX,technology,2021
2021-08-18,0.005410563443393317,FDCPX,technology,2021
2021-08-19,-0.011392749018097456,FDCPX,technology,2021
2021-08-20,0.0023063252596309224,FDCPX,technology,2021
2021-08-23,0.006349524277096287,FDCPX,technology,2021
2021-08-24,0.005523744435919985,FDCPX,technology,2021
2021-08-25,0.004095602379959445,FDCPX,technology,2021
2021-08-26,-0.0012703436794778856,FDCPX,technology,2021
2021-08-27,-0.00441934501138177,FDCPX,technology,2021
2021-08-30,0.0016585812914166765,FDCPX,technology,2021
2021-08-31,0.009138432966643297,FDCPX,technology,2021
2021-09-01,0.0027804948364893592,FDCPX,technology,2021
2021-09-02,-0.0010640736333777908,FDCPX,technology,2021
2021-09-03,0.015594257017058832,FDCPX,technology,2021
2021-09-07,-0.0033918636895602008,FDCPX,technology,2021
2021-09-08,-0.010185620938285879,FDCPX,technology,2021
2021-09-09,0.011630612615958377,FDCPX,technology,2021
2021-09-10,-0.0022903927830605336,FDCPX,technology,2021
2021-09-13,0.004736381095993055,FDCPX,technology,2021
2021-09-14,0.0025518565750837713,FDCPX,technology,2021
2021-09-15,0.00019236285974779353,FDCPX,technology,2021
2021-09-16,-0.0005984303013652943,FDCPX,technology,2021
2021-09-17,-0.000300097138026709,FDCPX,technology,2021
2021-09-20,0.004211118474052472,FDCPX,technology,2021
2021-09-21,0.006305564870754602,FDCPX,technology,2021
2021-09-22,1.274211662259661e-06,FDCPX,technology,2021
2021-09-23,0.002125409996018972,FDCPX,technology,2021
2021-09-24,0.002100105703662928,FDCPX,technology,2021
2021-09-27,0.0034526740842224972,FDCPX,technology,2021
2021-09-28,-0.001532007426827891,FDCPX,technology,2021
2021-09-29,-0.010466070271214732,FDCPX,technology,2021
2021-09-30,0.009807346501713696,FDCPX,technology,2021
2021-10-01,-0.006268461290621443,FDCPX,technology,2021
2021-10-04,-0.005233651498373513,FDCPX,technology,2021
2021-10-05,-0.0035941009137504826,FDCPX,technology,2021
2021-10-06,-0.013879115114168419,FDCPX,technology,2021
2021-10-07,-0.0021429329175409106,FDCPX,technology,2021
2021-10-08,-0.002436265541345034,FDCPX,technology,2021
2021-10-11,0.010395003813336856,FDCPX,technology,2021
2021-10-12,-0.007913374457512631,FDCPX,technology,2021
2021-10-13,-0.0003490267424478169,FDCPX,technology,2021
2021-10-14,-0.00117608667233143,FDCPX,technology,2021
2021-10-15,0.0002684273787550064,FDCPX,technology,2021
2021-10-18,-0.0030316685435567694,FDCPX,technology,2021
2021-10-19,0.0007983899288753413,FDCPX,technology,2021
2021-10-20,-0.0052734010368689545,FDCPX,technology,2021
2021-10-21,0.003388671161403182,FDCPX,technology,2021
2021-10-22,0.005617818204232768,FDCPX,technology,2021
2021-10-25,-0.003375692748686837,FDCPX,technology,2021
2021-10-26,-0.0072663427916502855,FDCPX,technology,2021
2021-10-27,-0.009834096322344825,FDCPX,technology,2021
2021-10-28,0.010071358238159165,FDCPX,technology,2021
2021-10-29,-0.011178123402464265,FDCPX,technology,2021
2021-11-01,0.014017084521280468,FDCPX,technology,2021
2021-11-02,0.005495733456596033,FDCPX,technology,2021
2021-11-03,-0.0023570296134945356,FDCPX,technology,2021
2021-11-04,-0.004150852881318508,FDCPX,technology,2021
2021-11-05,8.172762241315289e-05,FDCPX,technology,2021
2021-11-08,0.002508311000615181,FDCPX,technology,2021
2021-11-09,0.0030498151358879897,FDCPX,technology,2021
2021-11-10,-0.001830467344042016,FDCPX,technology,2021
2021-11-11,0.0058536498974572915,FDCPX,technology,2021
2021-11-12,-0.002147507757639622,FDCPX,technology,2021
2021-11-15,-0.0036912679241700714,FDCPX,technology,2021
2021-11-16,-0.0013670517914448083,FDCPX,technology,2021
2021-11-17,-0.0006579542899904519,FDCPX,technology,2021
2021-11-18,-0.00240643655267867,FDCPX,technology,2021
2021-11-19,0.004653597706373628,FDCPX,technology,2021
2021-11-22,0.003580626351295915,FDCPX,technology,2021
2021-11-23,-0.0014650032888550997,FDCPX,technology,2021
2021-11-24,0.006019059841367294,FDCPX,technology,2021
2021-11-26,0.003222247010264804,FDCPX,technology,2021
2021-11-29,0.003306478857608942,FDCPX,technology,2021
2021-11-30,0.011816674415623795,FDCPX,technology,2021
2021-12-01,0.005647459453339137,FDCPX,technology,2021
2021-12-02,-0.0010607999985706648,FDCPX,technology,2021
2021-12-03,0.0004896419796864802,FDCPX,technology,2021
2021-12-06,-0.008658240521990154,FDCPX,technology,2021
2021-12-07,0.007813081328595244,FDCPX,technology,2021
2021-12-08,-0.0009608996442101096,FDCPX,technology,2021
2021-12-09,0.004410673608427168,FDCPX,technology,2021
2021-12-10,-0.0005332647276875546,FDCPX,technology,2021
2021-12-13,-0.002876858453829647,FDCPX,technology,2021
2021-12-14,-0.002013759616116549,FDCPX,technology,2021
2021-12-15,0.009303005634237672,FDCPX,technology,2021
2021-12-16,-0.0059256419621498534,FDCPX,technology,2021
2021-12-17,0.014307301441894418,FDCPX,technology,2021
2021-12-20,0.0011408122898046678,FDCPX,technology,2021
2021-12-21,0.0003802852108055789,FDCPX,technology,2021
2021-12-22,0.0018099617085148654,FDCPX,technology,2021
2021-12-23,0.0009326703886842801,FDCPX,technology,2021
2021-12-27,0.0038344006295995305,FDCPX,technology,2021
2021-12-28,-0.0017963872295005691,FDCPX,technology,2021
2021-12-29,0.0016439795838619287,FDCPX,technology,2021
2021-12-30,-0.00349485725065391,FDCPX,technology,2021
2022-01-04,-0.0047674723268880045,FDCPX,technology,2022
2022-01-05,0.00032167619042797885,FDCPX,technology,2022
2022-01-06,-0.0043825834696109385,FDCPX,technology,2022
2022-01-07,0.002102690920891401,FDCPX,technology,2022
2022-01-10,0.006007691167558583,FDCPX,technology,2022
2022-01-11,0.004550319468302961,FDCPX,technology,2022
2022-01-12,-0.0041572979734080286,FDCPX,technology,2022
2022-01-13,-0.003982863199810564,FDCPX,technology,2022
2022-01-14,-0.0005726412931556654,FDCPX,technology,2022
2022-01-18,-0.004760450255616094,FDCPX,technology,2022
2022-01-19,-0.0040111548116119385,FDCPX,technology,2022
2022-01-20,0.0046669636340225615,FDCPX,technology,2022
2022-01-21,-0.0033252646448867045,FDCPX,technology,2022
2022-01-24,-0.0016359093542646,FDCPX,technology,2022
2022-01-25,-0.0016605040340378855,FDCPX,technology,2022
2022-01-26,-0.0006910406189957596,FDCPX,technology,2022
2022-01-27,-0.008603570010518029,FDCPX,technology,2022
2022-01-28,0.004814406868048703,FDCPX,technology,2022
2022-01-31,0.008320896221508823,FDCPX,technology,2022
2022-02-01,-0.0036013726870340263,FDCPX,technology,2022
2022-02-02,-1.440719174521446e-05,FDCPX,technology,2022
2022-02-03,0.00011116844809908044,FDCPX,technology,2022
2022-02-04,0.0034473457803471125,FDCPX,technology,2022
2022-02-07,0.0024382316364399232,FDCPX,technology,2022
2022-02-08,0.0010224877291333083,FDCPX,technology,2022
2022-02-09,0.0036490535231112637,FDCPX,technology,2022
2022-02-10,-0.0008054576877279118,FDCPX,technology,2022
2022-02-11,0.00040764518784303094,FDCPX,technology,2022
2022-02-14,-0.0023626532897117474,FDCPX,technology,2022
2022-02-15,0.00693514979396069,FDCPX,technology,2022
2022-02-16,-0.0028590530326698194,FDCPX,technology,2022
2022-02-17,0.005594639645126041,FDCPX,technology,2022
2022-02-18,0.0017839370175710828,FDCPX,technology,2022
2022-02-22,-0.004811552583698975,FDCPX,technology,2022
2022-02-23,-0.0027560459548272576,FDCPX,technology,2022
2022-02-24,0.002283282298044609,FDCPX,technology,2022
2022-02-25,-0.006303168630826018,FDCPX,technology,2022
2022-02-28,-0.0010155995323283293,FDCPX,technology,2022
2022-03-01,-0.002222707211666154,FDCPX,technology,2022
2022-03-02,0.0029907027724728197,FDCPX,technology,2022
2022-03-03,-0.0033546817850025794,FDCPX,technology,2022
2022-03-04,-0.00804272325536692,FDCPX,technology,2022
2022-03-07,-0.004983845417248854,FDCPX,technology,2022
2022-03-08,0.0013558858532497654,FDCPX,technology,2022
2022-03-09,0.003523095361210371,FDCPX,technology,2022
2022-03-10,-0.002756095104368919,FDCPX,technology,2022
2022-03-11,0.00023615905517597804,FDCPX,technology,2022
2022-03-14,-0.00862223761540916,FDCPX,technology,2022
2022-03-15,-0.0003132478107453901,FDCPX,technology,2022
2022-03-16,0.008698824626509429,FDCPX,technology,2022
2022-03-17,-0.0016698525109841954,FDCPX,technology,2022
2022-03-18,0.005200998349216189,FDCPX,technology,2022
2022-03-21,-0.006384099021208739,FDCPX,technology,2022
2022-03-22,0.0015276781657189067,FDCPX,technology,2022
2022-03-23,0.00276334091659443,FDCPX,technology,2022
2022-03-24,0.0006069846513925264,FDCPX,technology,2022
2022-03-25,-0.004723454078590619,FDCPX,technology,2022
2022-03-28,-0.005941329214156219,FDCPX,technology,2022
2022-03-29,0.005461157212821716,FDCPX,technology,2022
2022-03-30,-0.00301057290294968,FDCPX,technology,2022
2022-03-31,0.0017228839925886464,FDCPX,technology,2022
2022-04-01,-0.006239682574329187,FDCPX,technology,2022
2022-04-04,0.006906621947707494,FDCPX,technology,2022
2022-04-05,-0.0064751670965853495,FDCPX,technology,2022
2022-04-06,-0.006522848328925688,FDCPX,technology,2022
2022-04-07,-0.0006731591424154219,FDCPX,technology,2022
2022-04-08,-0.005091891318979865,FDCPX,technology,2022
2022-04-11,-0.0021745436495010477,FDCPX,technology,2022
2022-04-12,-0.0013374713948912592,FDCPX,technology,2022
2022-04-13,0.003332425797495658,FDCPX,technology,2022
2022-04-14,-0.007982593942074461,FDCPX,technology,2022
2022-04-18,-0.0032604255981770903,FDCPX,technology,2022
2022-04-19,-0.0033497801912198855,FDCPX,technology,2022
2022-04-20,0.008878447604386079,FDCPX,technology,2022
2022-04-21,-0.002131080430659158,FDCPX,technology,2022
2022-04-22,0.0035833382357240255,FDCPX,technology,2022
2022-04-25,0.007319623147023412,FDCPX,technology,2022
2022-04-26,-0.0008256794634385299,FDCPX,technology,2022
2022-04-27,-0.009848247646187892,FDCPX,technology,2022
2022-04-28,-0.0038060952942210215,FDCPX,technology,2022
2022-04-29,0.018695677769099847,FDCPX,technology,2022
2022-05-02,0.0019206563403587253,FDCPX,technology,2022
2022-05-03,-0.0021156585821757177,FDCPX,technology,2022
2022-05-04,-0.00677923964088456,FDCPX,technology,2022
2022-05-05,-0.0022890670342332886,FDCPX,technology,2022
2022-05-06,-0.0069653633760086014,FDCPX,technology,2022
2022-05-09,-0.0005546028539391915,FDCPX,technology,2022
2022-05-10,0.011560567546879409,FDCPX,technology,2022
2022-05-11,-0.008330236402460209,FDCPX,technology,2022
2022-05-12,0.00462270817136025,FDCPX,technology,2022
2022-05-13,0.010545466145457441,FDCPX,technology,2022
2022-05-16,-0.007186658584502039,FDCPX,technology,2022
2022-05-17,0.0068363862287530025,FDCPX,technology,2022
2022-05-18,0.006375299141085845,FDCPX,technology,2022
2022-05-19,-0.010043560755509582,FDCPX,technology,2022
2022-05-20,0.007780473772278537,FDCPX,technology,2022
2022-05-23,-0.004267638841517218,FDCPX,technology,2022
2022-05-24,-0.005535246522598677,FDCPX,technology,2022
2022-05-25,-0.0014284796639358636,FDCPX,technology,2022
2022-05-26,-0.00028739901886571523,FDCPX,technology,2022
2022-05-27,0.0001914857818680303,FDCPX,technology,2022
2022-05-31,0.0028401663593810547,FDCPX,technology,2022
2022-06-01,0.007012318338915198,FDCPX,technology,2022
2022-06-02,-0.002356239555651892,FDCPX,technology,2022
2022-06-03,-0.00022645336889812878,FDCPX,technology,2022
2022-06-06,-0.002388788356571667,FDCPX,technology,2022
2022-06-07,-0.0021417042428238916,FDCPX,technology,2022
2022-06-08,0.0015781028890590135,FDCPX,technology,2022
2022-06-09,0.0034197506247129576,FDCPX,technology,2022
2022-06-10,0.0006394192614255952,FDCPX,technology,2022
2022-06-13,0.003593219242324093,FDCPX,technology,2022
2022-06-14,0.00398945069758533,FDCPX,technology,2022
2022-06-15,0.0023551583143466923,FDCPX,technology,2022
2022-06-16,-0.0008915972610585021,FDCPX,technology,2022
2022-06-17,0.009723443809208024,FDCPX,technology,2022
2022-06-21,-0.00829013988610059,FDCPX,technology,2022
2022-06-22,-0.005081091078454748,FDCPX,technology,2022
2022-06-23,-0.004035922247868074,FDCPX,technology,2022
2022-06-24,-0.004731701733910038,FDCPX,technology,2022
2022-06-27,0.002925728009308705,FDCPX,technology,2022
2022-06-28,0.0026510326589926636,FDCPX,technology,2022
2022-06-29,-0.0047025103721519655,FDCPX,technology,2022
2022-06-30,-0.0015063127630352748,FDCPX,technology,2022
2022-07-01,-0.011760560538201157,FDCPX,technology,2022
2022-07-05,0.003558246751295631,FDCPX,technology,2022
2022-07-06,-0.0014591920278042908,FDCPX,technology,2022
2022-07-07,0.009330373620107378,FDCPX,technology,2022
2022-07-08,0.003351938886612481,FDCPX,technology,2022
2022-07-11,-0.0006062249570918058,FDCPX,technology,2022
2022-07-12,0.003141517958910687,FDCPX,technology,2022
2022-07-13,0.004632662125188744,FDCPX,technology,2022
2022-07-14,-0.00404585740560566,FDCPX,technology,2022
2022-07-15,0.0041652613042001685,FDCPX,technology,2022
2022-07-18,0.00407700303705543,FDCPX,technology,2022
2022-07-19,-0.0005620906218616779,FDCPX,technology,2022
2022-07-20,-0.0008865768258351841,FDCPX,technology,2022
2022-07-21,0.00863066797625504,FDCPX,technology,2022
2022-07-22,-0.0015231922843669827,FDCPX,technology,2022
2022-07-25,-0.005480512517966474,FDCPX,technology,2022
2022-07-26,-1.495913390448661e-05,FDCPX,technology,2022
2022-07-27,-0.0029653758403838486,FDCPX,technology,2022
2022-07-28,0.0035070260190262666,FDCPX,technology,2022
2022-07-29,-0.011526476617639855,FDCPX,technology,2022
2022-08-01,0.005949550276549395,FDCPX,technology,2022
2022-08-02,-0.0010406117159936475,FDCPX,technology,2022
2022-08-03,0.0024220669393167863,FDCPX,technology,2022
2022-08-04,-0.0070376966388705905,FDCPX,technology,2022
2022-08-05,0.0054005021192356185,FDCPX,technology,2022
2022-08-08,-0.003787514734099517,FDCPX,technology,2022
2022-08-09,-0.009361506270108452,FDCPX,technology,2022
2022-08-10,0.006641447661660183,FDCPX,technology,2022
2022-08-11,-0.003675990518488734,FDCPX,technology,2022
2022-08-12,-0.003855744750549804,FDCPX,technology,2022
2022-08-15,-0.0033715765551809405,FDCPX,technology,2022
2022-08-16,-0.0025266109547858674,FDCPX,technology,2022
2022-08-17,0.0032650559968233177,FDCPX,technology,2022
2022-08-18,0.01268960252419841,FDCPX,technology,2022
2022-08-19,-0.001188027337834647,FDCPX,technology,2022
2022-08-22,0.0012471900477481375,FDCPX,technology,2022
2022-08-23,0.006170087230612355,FDCPX,technology,2022
2022-08-24,-0.005103898963532644,FDCPX,technology,2022
2022-08-25,0.004062851801793044,FDCPX,technology,2022
2022-08-26,0.0006015796098700343,FDCPX,technology,2022
2022-08-29,-0.0015989044950816093,FDCPX,technology,2022
2022-08-30,0.002669246327102373,FDCPX,technology,2022
2022-08-31,0.0015193736809999275,FDCPX,technology,2022
2022-09-01,-0.011691315967119503,FDCPX,technology,2022
2022-09-02,0.0006473906612987027,FDCPX,technology,2022
2022-09-06,-0.0066871225470150585,FDCPX,technology,2022
2022-09-07,-0.008578649687128277,FDCPX,technology,2022
2022-09-08,-0.003630060659585943,FDCPX,technology,2022
2022-09-09,0.0014296402249599788,FDCPX,technology,2022
2022-09-12,0.003114828752751578,FDCPX,technology,2022
2022-09-13,0.005987370140749411,FDCPX,technology,2022
2022-09-14,-0.0030210281473672016,FDCPX,technology,2022
2022-09-15,-0.0035377645322328503,FDCPX,technology,2022
2022-09-16,0.0038405612458187475,FDCPX,technology,2022
2022-09-19,-0.0014436812263120078,FDCPX,technology,2022
2022-09-20,0.0018025159051377679,FDCPX,technology,2022
2022-09-21,0.004713024409361237,FDCPX,technology,2022
2022-09-22,-0.004326912408528262,FDCPX,technology,2022
2022-09-23,-0.0011498037691021028,FDCPX,technology,2022
2022-09-26,0.0014826835559588296,FDCPX,technology,2022
2022-09-27,0.005632500049304965,FDCPX,technology,2022
2022-09-28,-0.004554407886635281,FDCPX,technology,2022
2022-09-29,-0.0010599792046859131,FDCPX,technology,2022
2022-09-30,0.004215885678841461,FDCPX,technology,2022
2022-10-03,0.00129026559027038,FDCPX,technology,2022
2022-10-04,0.004087998603822904,FDCPX,technology,2022
2022-10-05,0.004295032127206729,FDCPX,technology,2022
2022-10-06,0.0067981646860331355,FDCPX,technology,2022
2022-10-07,0.0006715649875455587,FDCPX,technology,2022
2022-10-10,-0.00521181726848249,FDCPX,technology,2022
2022-10-11,-0.00911865424572408,FDCPX,technology,2022
2022-10-12,-0.00022448717718994522,FDCPX,technology,2022
2022-10-13,-0.0048426886093582006,FDCPX,technology,2022
2022-10-14,0.0021266417493175614,FDCPX,technology,2022
2022-10-17,0.004249495275619814,FDCPX,technology,2022
2022-10-18,-0.004334206749006442,FDCPX,technology,2022
2022-10-19,-0.0003147383505521448,FDCPX,technology,2022
2022-10-20,0.003613897648319207,FDCPX,technology,2022
2022-10-21,0.002608005897283258,FDCPX,technology,2022
2022-10-24,-0.005268937646372187,FDCPX,technology,2022
2022-10-25,0.008541008344562229,FDCPX,technology,2022
2022-10-26,0.008773005494314978,FDCPX,technology,2022
2022-10-27,0.0017521942973950239,FDCPX,technology,2022
2022-10-28,-0.002375046726847966,FDCPX,technology,2022
2022-10-31,0.0044454626294618774,FDCPX,technology,2022
2022-11-01,0.016041047051736746,FDCPX,technology,2022
2022-11-02,-0.00045682359302347264,FDCPX,technology,2022
2022-11-03,-0.009763879903938566,FDCPX,technology,2022
2022-11-04,0.004525713386638243,FDCPX,technology,2022
2022-11-07,-0.001439342033804301,FDCPX,technology,2022
2022-11-08,0.009629183052830649,FDCPX,technology,2022
2022-11-09,-0.0007073752845475102,FDCPX,technology,2022
2022-11-10,0.0017543901541744872,FDCPX,technology,2022
2022-11-11,0.005345523564156105,FDCPX,technology,2022
2022-11-14,0.001329110030062008,FDCPX,technology,2022
2022-11-15,0.0007329529042520936,FDCPX,technology,2022
2022-11-16,-0.007041625550719133,FDCPX,technology,2022
2022-11-17,0.006285873316957867,FDCPX,technology,2022
2022-11-18,0.008979566888509509,FDCPX,technology,2022
2022-11-21,-0.005887444926970504,FDCPX,technology,2022
2022-11-22,0.0001902104524254128,FDCPX,technology,2022
2022-11-23,0.0035602679665479005,FDCPX,technology,2022
2022-11-25,-0.000972277305567174,FDCPX,technology,2022
2022-11-28,0.00024927322128236173,FDCPX,technology,2022
2022-11-29,0.0015844174539028544,FDCPX,technology,2022
2022-11-30,-0.0014782335318031421,FDCPX,technology,2022
2022-12-01,0.0075136342689485,FDCPX,technology,2022
2022-12-02,-0.011192481978870347,FDCPX,technology,2022
2022-12-05,0.0032044446863940673,FDCPX,technology,2022
2022-12-06,-0.0011075300159893598,FDCPX,technology,2022
2022-12-07,-0.002301874533445944,FDCPX,technology,2022
2022-12-08,0.005022723563897238,FDCPX,technology,2022
2022-12-09,0.007088874314872361,FDCPX,technology,2022
2022-12-12,-0.0035942833941736,FDCPX,technology,2022
2022-12-13,0.0014846044489148797,FDCPX,technology,2022
2022-12-14,0.0010727612985953882,FDCPX,technology,2022
2022-12-15,-0.013711112880637099,FDCPX,technology,2022
2022-12-16,0.0056442620197566466,FDCPX,technology,2022
2022-12-19,0.0005015637452538135,FDCPX,technology,2022
2022-12-20,0.0013015441460854402,FDCPX,technology,2022
2022-12-21,-0.011531297723366123,FDCPX,technology,2022
2022-12-22,0.003093997501213976,FDCPX,technology,2022
2022-12-23,-0.00500050991097524,FDCPX,technology,2022
2022-12-27,0.00019271753424447789,FDCPX,technology,2022
2022-12-28,-0.001514701130064659,FDCPX,technology,2022
2022-12-29,0.0031113276587821127,FDCPX,technology,2022
2022-12-30,-0.001004253864294655,FDCPX,technology,2022
2023-01-04,-0.0015856952430203216,FDCPX,technology,2023
2023-01-05,0.0013497223816981048,FDCPX,technology,2023
2023-01-06,0.011267078924674049,FDCPX,technology,2023
2023-01-09,0.008611197831322935,FDCPX,technology,2023
2023-01-10,-0.007214545639703413,FDCPX,technology,2023
2023-01-11,-0.0034991351332662127,FDCPX,technology,2023
2023-01-12,0.0008917770889084646,FDCPX,technology,2023
2023-01-13,-0.0021636398630113353,FDCPX,technology,2023
2023-01-17,0.006317760136363844,FDCPX,technology,2023
2023-01-18,0.005425198441628719,FDCPX,technology,2023
2023-01-19,0.00387927441498509,FDCPX,technology,2023
2023-01-20,-0.0052257890026277,FDCPX,technology,2023
2023-01-23,0.0017152367102289436,FDCPX,technology,2023
2023-01-24,0.002877098965443714,FDCPX,technology,2023
2023-01-25,0.001464177775154514,FDCPX,technology,2023
2023-01-26,0.0010247606395273057,FDCPX,technology,2023
2023-01-27,0.0013651560452561666,FDCPX,technology,2023
2023-01-30,-0.0018890228746395402,FDCPX,technology,2023
2023-01-31,-0.009493293316369184,FDCPX,technology,2023
2023-02-01,0.0010367431707854601,FDCPX,technology,2023
2023-02-02,0.005896724718450741,FDCPX,technology,2023
2023-02-03,0.0011905551828827587,FDCPX,technology,2023
2023-02-06,-0.015664873663681453,FDCPX,technology,2023
2023-02-07,0.0007047003725562644,FDCPX,technology,2023
2023-02-08,0.007704178025875975,FDCPX,technology,2023
2023-02-09,0.008174768801679017,FDCPX,technology,2023
2023-02-10,0.0016862694273552348,FDCPX,technology,2023
2023-02-13,-0.003029315377516703,FDCPX,technology,2023
2023-02-14,0.0020808846806380987,FDCPX,technology,2023
2023-02-15,0.0003583628416273135,FDCPX,technology,2023
2023-02-16,0.013386031338465595,FDCPX,technology,2023
2023-02-17,-0.00860600590440848,FDCPX,technology,2023
2023-02-21,-0.00291587965512307,FDCPX,technology,2023
2023-02-22,-0.0015089333337604631,FDCPX,technology,2023
2023-02-23,0.0015828607051505553,FDCPX,technology,2023
2023-02-24,-0.006120512945066894,FDCPX,technology,2023
2023-02-27,0.000625287566858541,FDCPX,technology,2023
2023-02-28,0.0012477985252932959,FDCPX,technology,2023
2023-03-01,0.0021650936756700545,FDCPX,technology,2023
2023-03-02,-0.00729889250774488,FDCPX,technology,2023
2023-03-03,0.0003809909043155993,FDCPX,technology,2023
2023-03-06,0.0007437173102046972,FDCPX,technology,2023
2023-03-07,0.002688242199493549,FDCPX,technology,2023
2023-03-08,0.008050074678868131,FDCPX,technology,2023
2023-03-09,0.004150841247637118,FDCPX,technology,2023
2023-03-10,0.0017532767385970496,FDCPX,technology,2023
2023-03-13,0.003906768874079928,FDCPX,technology,2023
2023-03-14,-0.006838203066045868,FDCPX,technology,2023
2023-03-15,-0.003844865521829468,FDCPX,technology,2023
2023-03-16,0.007880560460896854,FDCPX,technology,2023
2023-03-17,0.007511757617832942,FDCPX,technology,2023
2023-03-20,0.002273598748860439,FDCPX,technology,2023
2023-03-21,-0.0033274782467488852,FDCPX,technology,2023
2023-03-22,0.003426794148805536,FDCPX,technology,2023
2023-03-23,0.008000421950510173,FDCPX,technology,2023
2023-03-24,-0.005120221704133777,FDCPX,technology,2023
2023-03-27,-0.00473375830945191,FDCPX,technology,2023
2023-03-28,-0.0016261056738061095,FDCPX,technology,2023
2023-03-29,-0.0028114246415771385,FDCPX,technology,2023
2023-03-30,0.006002519304943447,FDCPX,technology,2023
2023-03-31,0.003318868908186466,FDCPX,technology,2023
2023-04-03,-0.006164993469670982,FDCPX,technology,2023
2023-04-04,0.0037913947074765695,FDCPX,technology,2023
2023-04-05,-0.0056856684211138335,FDCPX,technology,2023
2023-04-06,-0.012709288981228459,FDCPX,technology,2023
2023-04-10,0.008973445015525855,FDCPX,technology,2023
2023-04-11,-0.003235761456030469,FDCPX,technology,2023
2023-04-12,0.0037070217848120886,FDCPX,technology,2023
2023-04-13,0.00229988249916057,FDCPX,technology,2023
2023-04-14,-0.002808402808223764,FDCPX,technology,2023
2023-04-17,-0.0043608610641119785,FDCPX,technology,2023
2023-04-18,-3.3890172326030686e-05,FDCPX,technology,2023
2023-04-19,-0.023004547857431407,FDCPX,technology,2023
2023-04-20,-0.005983987477005482,FDCPX,technology,2023
2023-04-21,-0.0010135256793823563,FDCPX,technology,2023
2023-04-24,-0.0019065794123112978,FDCPX,technology,2023
2023-04-25,-0.004228317319324354,FDCPX,technology,2023
2023-04-26,0.009425564712983352,FDCPX,technology,2023
2023-04-27,-0.007141866617487499,FDCPX,technology,2023
2023-04-28,-0.008560184873034064,FDCPX,technology,2023
2023-05-01,0.0033930568092102533,FDCPX,technology,2023
2023-05-02,-0.009223741388225248,FDCPX,technology,2023
2023-05-03,0.005255065377638885,FDCPX,technology,2023
2023-05-04,0.00468981947583898,FDCPX,technology,2023
2023-05-05,-0.0003639954921825263,FDCPX,technology,2023
2023-05-08,0.0010120757878762604,FDCPX,technology,2023
2023-05-09,0.006171017059560297,FDCPX,technology,2023
2023-05-10,-0.00010495564500451453,FDCPX,technology,2023
2023-05-11,-0.0036161717479033526,FDCPX,technology,2023
2023-05-12,0.004191917431485709,FDCPX,technology,2023
2023-05-15,0.002083909036069784,FDCPX,technology,2023
2023-05-16,0.0038503183597665886,FDCPX,technology,2023
2023-05-17,0.00030215556772584043,FDCPX,technology,2023
2023-05-18,0.006951445347806451,FDCPX,technology,2023
2023-05-19,0.007165854759242361,FDCPX,technology,2023
2023-05-22,0.0021508022316100456,FDCPX,technology,2023
2023-05-23,-0.005142724465351781,FDCPX,technology,2023
2023-05-24,0.004319115623515774,FDCPX,technology,2023
2023-05-25,0.007908966026962972,FDCPX,technology,2023
2023-05-26,0.011746110048735471,FDCPX,technology,2023
2023-05-30,0.0034129061242855214,FDCPX,technology,2023
2023-05-31,-0.0076496445911000376,FDCPX,technology,2023
2023-06-01,0.005850247012850789,FDCPX,technology,2023
2023-06-02,-0.004757702713977397,FDCPX,technology,2023
2023-06-05,-0.001669592612727853,FDCPX,technology,2023
2023-06-06,-0.003432191578066994,FDCPX,technology,2023
2023-06-07,-0.005941460853868874,FDCPX,technology,2023
2023-06-08,0.0014471025365731137,FDCPX,technology,2023
2023-06-09,0.0015271264120704708,FDCPX,technology,2023
2023-06-12,0.006278916016444987,FDCPX,technology,2023
2023-06-13,0.0018750208549626092,FDCPX,technology,2023
2023-06-14,0.000988653788261801,FDCPX,technology,2023
2023-06-15,-0.004777811929473039,FDCPX,technology,2023
2023-06-16,-0.005107649385538611,FDCPX,technology,2023
2023-06-20,-0.006642342677181754,FDCPX,technology,2023
2023-06-21,-0.005796756836818672,FDCPX,technology,2023
2023-06-22,0.0021910936583584943,FDCPX,technology,2023
2023-06-23,-0.007773941151763606,FDCPX,technology,2023
2023-06-26,0.005956915052660975,FDCPX,technology,2023
2023-06-27,0.0019032726636723611,FDCPX,technology,2023
2023-06-28,0.0007616871496686837,FDCPX,technology,2023
2023-06-29,-0.00014777646467451899,FDCPX,technology,2023
2023-06-30,-0.0013378641150211899,FDCPX,technology,2023
2023-07-03,0.0014818982284316995,FDCPX,technology,2023
2023-07-05,-0.0032582963423536744,FDCPX,technology,2023
2023-07-06,0.0002579705203558094,FDCPX,technology,2023
2023-07-07,-0.0008010294784539735,FDCPX,technology,2023
2023-07-10,0.003065056790746437,FDCPX,technology,2023
2023-07-11,0.002290123107296463,FDCPX,technology,2023
2023-07-12,-0.010136940344429702,FDCPX,technology,2023
2023-07-13,0.00733461256885908,FDCPX,technology,2023
2023-07-14,-0.009668886681354618,FDCPX,technology,2023
2023-07-17,0.005914700368703086,FDCPX,technology,2023
2023-07-18,-0.00579668767364595,FDCPX,technology,2023
2023-07-19,-0.00017217405588908956,FDCPX,technology,2023
2023-07-20,-0.007152735093993655,FDCPX,technology,2023
2023-07-21,-0.0017358038479750437,FDCPX,technology,2023
2023-07-24,-0.001301348788979393,FDCPX,technology,2023
2023-07-25,0.0023067381748989,FDCPX,technology,2023
2023-07-26,-0.005148646818111818,FDCPX,technology,2023
2023-07-27,0.004035882607444828,FDCPX,technology,2023
2023-07-28,-0.016374278868650817,FDCPX,technology,2023
2023-07-31,-0.0018807089702202265,FDCPX,technology,2023
2023-08-01,0.015338729347749257,FDCPX,technology,2023
2023-08-02,-0.0027662917501965305,FDCPX,technology,2023
2023-08-03,0.002185433511200788,FDCPX,technology,2023
2023-08-04,-0.014232364685311489,FDCPX,technology,2023
2023-08-07,-0.0046536256247286115,FDCPX,technology,2023
2023-08-08,-0.00033868140501886954,FDCPX,technology,2023
2023-08-09,-0.0021801403677959227,FDCPX,technology,2023
2023-08-10,0.0028152860881659946,FDCPX,technology,2023
2023-08-11,-0.0012194153298125867,FDCPX,technology,2023
2023-08-14,-0.0038602804700747914,FDCPX,technology,2023
2023-08-15,0.0037831857586573606,FDCPX,technology,2023
2023-08-16,-0.002239703482036304,FDCPX,technology,2023
2023-08-17,0.004165768958256122,FDCPX,technology,2023
2023-08-18,-0.0037232779305243057,FDCPX,technology,2023
2023-08-21,0.008805551920395992,FDCPX,technology,2023
2023-08-22,0.0017846811345503082,FDCPX,technology,2023
2023-08-23,0.0024171003043283647,FDCPX,technology,2023
2023-08-24,-0.0044315427355956834,FDCPX,technology,2023
2023-08-25,-0.0010453083117304895,FDCPX,technology,2023
2023-08-28,0.002328124611130973,FDCPX,technology,2023
2023-08-29,-0.003294335159019824,FDCPX,technology,2023
2023-08-30,-0.0015963610461482104,FDCPX,technology,2023
2023-08-31,0.011808999337388777,FDCPX,technology,2023
2023-09-01,0.02105072862832909,FDCPX,technology,2023
2023-09-05,-0.001312230110627601,FDCPX,technology,2023
2023-09-06,0.002906896563173821,FDCPX,technology,2023
2023-09-07,-0.006186898572500246,FDCPX,technology,2023
2023-09-08,-0.00024252023284786184,FDCPX,technology,2023
2023-09-11,-0.0004013767967338631,FDCPX,technology,2023
2023-09-12,-0.005204429838666522,FDCPX,technology,2023
2023-09-13,-0.004703024491485808,FDCPX,technology,2023
2023-09-14,0.0007481262920246163,FDCPX,technology,2023
2023-09-15,0.0014753884308240702,FDCPX,technology,2023
2023-09-18,0.0007764451884339093,FDCPX,technology,2023
2023-09-19,-0.0003004049071063182,FDCPX,technology,2023
2023-09-20,-0.0022098363244307164,FDCPX,technology,2023
2023-09-21,-0.006209332142532931,FDCPX,technology,2023
2023-09-22,0.008212749804661548,FDCPX,technology,2023
2023-09-25,-0.0031701684199473617,FDCPX,technology,2023
2023-09-26,-0.003971814750776889,FDCPX,technology,2023
2023-09-27,0.006304103834739656,FDCPX,technology,2023
2023-09-28,0.004337462168339561,FDCPX,technology,2023
2023-09-29,0.0010428564081750938,FDCPX,technology,2023
2023-10-02,0.003194778560731276,FDCPX,technology,2023
2023-10-03,0.0004189980450361192,FDCPX,technology,2023
2023-10-04,0.0005151032820356824,FDCPX,technology,2023
2023-10-05,-0.0022535564176529594,FDCPX,technology,2023
2023-10-06,0.001215946511906766,FDCPX,technology,2023
2023-10-09,0.0020456622843090105,FDCPX,technology,2023
2023-10-10,0.0005891052528994786,FDCPX,technology,2023
2023-10-11,0.004742562775038421,FDCPX,technology,2023
2023-10-12,0.005558396800748746,FDCPX,technology,2023
2023-10-13,-0.009343094000568932,FDCPX,technology,2023
2023-10-16,-0.0013443262935516724,FDCPX,technology,2023
2023-10-17,-9.856947321596636e-05,FDCPX,technology,2023
2023-10-18,0.0015748079742285235,FDCPX,technology,2023
2023-10-19,-0.001457262575634265,FDCPX,technology,2023
2023-10-20,-0.00177896572062956,FDCPX,technology,2023
2023-10-23,-0.00035309064491208155,FDCPX,technology,2023
2023-10-24,0.003116128452201385,FDCPX,technology,2023
2023-10-25,-0.001364777760276048,FDCPX,technology,2023
2023-10-26,-0.01012304675032606,FDCPX,technology,2023
2023-10-27,0.009647692875686623,FDCPX,technology,2023
2023-10-30,-0.005084603074376991,FDCPX,technology,2023
2023-10-31,0.009680703110863456,FDCPX,technology,2023
2023-11-01,0.005637472127507724,FDCPX,technology,2023
2023-11-02,-0.0053448960132459235,FDCPX,technology,2023
2023-11-03,0.000436861763411376,FDCPX,technology,2023
2023-11-06,0.0018436985250573894,FDCPX,technology,2023
2023-11-07,-0.00041109055960761656,FDCPX,technology,2023
2023-11-08,-0.0022177963485055644,FDCPX,technology,2023
2023-11-09,0.0010831035062268965,FDCPX,technology,2023
2023-11-10,0.0004455653692698961,FDCPX,technology,2023
2023-11-13,-0.004504632744379244,FDCPX,technology,2023
2023-11-14,0.00201289984065171,FDCPX,technology,2023
2023-11-15,-0.00010281336676198731,FDCPX,technology,2023
2023-11-16,-0.01459375182656392,FDCPX,technology,2023
2023-11-17,0.0022266234878616153,FDCPX,technology,2023
2023-11-20,0.0008424127145081756,FDCPX,technology,2023
2023-11-21,-0.004219863265483834,FDCPX,technology,2023
2023-11-22,0.00043701890083777846,FDCPX,technology,2023
2023-11-24,-0.004954509490867411,FDCPX,technology,2023
2023-11-27,0.0001591719831777153,FDCPX,technology,2023
2023-11-28,0.0032341036941526567,FDCPX,technology,2023
2023-11-29,0.0029764259337832348,FDCPX,technology,2023
2023-11-30,-0.0038663820050249616,FDCPX,technology,2023
2023-12-01,-0.005127802734781317,FDCPX,technology,2023
2023-12-04,-0.005315168804193358,FDCPX,technology,2023
2023-12-05,-0.0009591107287306771,FDCPX,technology,2023
2023-12-06,0.0008693346114556433,FDCPX,technology,2023
2023-12-07,0.0026258828475379022,FDCPX,technology,2023
2023-12-08,0.005761044272871638,FDCPX,technology,2023
2023-12-11,0.002544267154868972,FDCPX,technology,2023
2023-12-12,0.0028232682906651017,FDCPX,technology,2023
2023-12-13,-0.005879369407261524,FDCPX,technology,2023
2023-12-14,0.003922804578135516,FDCPX,technology,2023
2023-12-15,0.00017108401981717216,FDCPX,technology,2023
2023-12-18,-0.004982213938552376,FDCPX,technology,2023
2023-12-19,-0.0030799073686293885,FDCPX,technology,2023
2023-12-20,0.0015256753011698276,FDCPX,technology,2023
2023-12-21,0.002425540496631568,FDCPX,technology,2023
2023-12-22,0.00024543567000120904,FDCPX,technology,2023
2023-12-26,0.0016048896208786505,FDCPX,technology,2023
2023-12-27,0.0024345397357671103,FDCPX,technology,2023
2023-12-28,0.0019068633659209645,FDCPX,technology,2023
2023-12-29,-0.0003883843995476214,FDCPX,technology,2023
2023-12-30,-0.0002578063655573437,FDCPX,technology,2023
2024-01-03,0.003149874582683794,FDCPX,technology,2024
2024-01-04,-0.0017316672883336617,FDCPX,technology,2024
2024-01-05,-0.0022318214091553643,FDCPX,technology,2024
2024-01-08,0.004216402209490346,FDCPX,technology,2024
2024-01-09,-0.00495803633073524,FDCPX,technology,2024
2024-01-10,0.006941310622000898,FDCPX,technology,2024
2024-01-11,0.005666284781145528,FDCPX,technology,2024
2024-01-12,0.005896717643594878,FDCPX,technology,2024
2024-01-16,7.442273099184191e-05,FDCPX,technology,2024
2024-01-17,-0.002502671422177415,FDCPX,technology,2024
2024-01-18,0.007700118172487697,FDCPX,technology,2024
2024-01-19,0.006082365073582948,FDCPX,technology,2024
2024-01-22,0.00013592171927731154,FDCPX,technology,2024
2024-01-23,-0.0042329208161777715,FDCPX,technology,2024
2024-01-24,-0.0019366045528720196,FDCPX,technology,2024
2024-01-25,-0.0049697556224821,FDCPX,technology,2024
2024-01-26,-0.002209176086713377,FDCPX,technology,2024
2024-01-29,-0.0008493941100238284,FDCPX,technology,2024
2024-01-30,0.0014297471533572617,FDCPX,technology,2024
2024-01-31,-0.001023014804519943,FDCPX,technology,2024
2024-02-01,-0.0015613746707356727,FDCPX,technology,2024
2024-02-02,-0.0019079010133768934,FDCPX,technology,2024
2024-02-05,0.001919223899435685,FDCPX,technology,2024
2024-02-06,-0.005120800542670104,FDCPX,technology,2024
2024-02-07,0.0025971622249067426,FDCPX,technology,2024
2024-02-08,0.005290833170136082,FDCPX,technology,2024
2024-02-09,-0.00037094140801087645,FDCPX,technology,2024
2024-02-12,-0.002154001060107359,FDCPX,technology,2024
2024-02-13,0.0007764932362806752,FDCPX,technology,2024
2024-02-14,-0.0025360496099178873,FDCPX,technology,2024
2024-02-15,-0.011431491943295756,FDCPX,technology,2024
2024-02-16,-0.0071877434321790485,FDCPX,technology,2024
2024-02-20,-0.00123597058504352,FDCPX,technology,2024
2024-02-21,-0.023098476537096343,FDCPX,technology,2024
2024-02-22,0.004438020267958816,FDCPX,technology,2024
2024-02-23,-0.002748964369844719,FDCPX,technology,2024
2024-02-26,0.009652136414842647,FDCPX,technology,2024
2024-02-27,-0.0006679278874223385,FDCPX,technology,2024
2024-02-28,0.00029898332066195777,FDCPX,technology,2024
2024-02-29,0.0067732554211408155,FDCPX,technology,2024
2024-03-01,0.022112276458945385,FDCPX,technology,2024
2024-03-04,0.004028731399324265,FDCPX,technology,2024
2024-03-05,-0.0013804316884342156,FDCPX,technology,2024
2024-03-06,0.0008390890239581257,FDCPX,technology,2024
2024-03-07,-0.008058719985267807,FDCPX,technology,2024
2024-03-08,-0.002668881237302639,FDCPX,technology,2024
2024-03-11,-0.003665898871941075,FDCPX,technology,2024
2024-03-12,-8.67055648333219e-05,FDCPX,technology,2024
2024-03-13,-0.0043882883934207835,FDCPX,technology,2024
2024-03-14,-0.004014891554688983,FDCPX,technology,2024
2024-03-15,-0.003916969615909425,FDCPX,technology,2024
2024-03-18,-0.0014387595603332923,FDCPX,technology,2024
2024-03-19,-0.005951887517909533,FDCPX,technology,2024
2024-03-20,0.006465525832244624,FDCPX,technology,2024
2024-03-21,0.00574270929035496,FDCPX,technology,2024
2024-03-22,0.002062012102828445,FDCPX,technology,2024
2024-03-25,-0.0010976831727016949,FDCPX,technology,2024
2024-03-26,0.0046185859972270316,FDCPX,technology,2024
2024-03-27,-0.01178501945673717,FDCPX,technology,2024
2024-03-28,0.0023375565226341375,FDCPX,technology,2024
2024-04-01,0.006996823578447572,FDCPX,technology,2024
2024-04-02,0.00633341076637103,FDCPX,technology,2024
2024-04-03,0.009688948108736037,FDCPX,technology,2024
2024-04-04,0.00157968708951506,FDCPX,technology,2024
2024-04-05,-0.0008864079323888229,FDCPX,technology,2024
2024-04-08,-0.00562301403450496,FDCPX,technology,2024
2024-04-09,0.001010552360308252,FDCPX,technology,2024
2024-04-10,-0.0005831840543875609,FDCPX,technology,2024
2024-04-11,0.004282284929371943,FDCPX,technology,2024
2024-04-12,-0.005919039706643179,FDCPX,technology,2024
2024-04-15,-0.00019609072635260946,FDCPX,technology,2024
2024-04-16,0.002449974807867958,FDCPX,technology,2024
2024-04-17,0.0010678321242214616,FDCPX,technology,2024
2024-04-18,0.0003133178978396698,FDCPX,technology,2024
2024-04-19,-0.010379116670379562,FDCPX,technology,2024
2024-04-22,-0.008232933891769328,FDCPX,technology,2024
2024-04-23,-0.0031066731360752282,FDCPX,technology,2024
2024-04-24,0.010157710918051557,FDCPX,technology,2024
2024-04-25,0.006254340533632248,FDCPX,technology,2024
2024-04-26,-0.007429163964474699,FDCPX,technology,2024
2024-04-29,0.001234443007971926,FDCPX,technology,2024
2024-04-30,0.003969138375448815,FDCPX,technology,2024
2024-05-01,-0.012059974635217054,FDCPX,technology,2024
2024-05-02,0.009188673072588702,FDCPX,technology,2024
2024-05-03,0.00727105669417631,FDCPX,technology,2024
2024-05-06,-0.003128237909434995,FDCPX,technology,2024
2024-05-07,-0.0012346392544903464,FDCPX,technology,2024
2024-05-08,0.0048496511015189755,FDCPX,technology,2024
2024-05-09,-0.006612842603662861,FDCPX,technology,2024
2024-05-10,-0.00039114840122019207,FDCPX,technology,2024
2024-05-13,0.0001822928349731888,FDCPX,technology,2024
2024-05-14,0.010984267886777227,FDCPX,technology,2024
2024-05-15,0.012815485530904855,FDCPX,technology,2024
2024-05-16,-0.0066895130599744276,FDCPX,technology,2024
2024-05-17,-0.0029731951983061394,FDCPX,technology,2024
2024-05-20,0.002771676770098019,FDCPX,technology,2024
2024-05-21,-0.007448436233052826,FDCPX,technology,2024
2024-05-22,0.00350171276985109,FDCPX,technology,2024
2024-05-23,0.00046598593966733215,FDCPX,technology,2024
2024-05-24,0.002515917053760388,FDCPX,technology,2024
2024-05-28,0.0015458192968035942,FDCPX,technology,2024
2024-05-29,-0.000352241799669464,FDCPX,technology,2024
2024-05-30,0.0028044462770137474,FDCPX,technology,2024
2024-05-31,-0.023374653159582558,FDCPX,technology,2024
2024-06-03,0.0044585979156062045,FDCPX,technology,2024
2024-06-04,0.00019439912843940564,FDCPX,technology,2024
2024-06-05,0.0011656667743624085,FDCPX,technology,2024
2024-06-06,-0.0022817491532845127,FDCPX,technology,2024
2024-06-07,-0.002964974609710103,FDCPX,technology,2024
2024-06-10,-0.0001067867959627304,FDCPX,technology,2024
2024-06-11,0.005399376330029063,FDCPX,technology,2024
2024-06-12,0.0038705631559804565,FDCPX,technology,2024
2024-06-13,0.008417288652577157,FDCPX,technology,2024
2024-06-14,-0.0038274492130619727,FDCPX,technology,2024
2024-06-17,0.0012196752241690062,FDCPX,technology,2024
2024-06-18,0.004178879659297967,FDCPX,technology,2024
2024-06-20,-0.0010418735316288581,FDCPX,technology,2024
2024-06-21,-0.0013391212988544863,FDCPX,technology,2024
2024-06-24,-0.0043388791326772575,FDCPX,technology,2024
2024-06-25,0.0008448835671279039,FDCPX,technology,2024
2024-06-26,-0.002786578394547573,FDCPX,technology,2024
2024-06-27,0.010487434863215763,FDCPX,technology,2024
2024-06-28,0.0030315601717098603,FDCPX,technology,2024
2024-07-01,0.0034828637374578774,FDCPX,technology,2024
2024-07-02,-0.0031585086874190097,FDCPX,technology,2024
2024-07-03,-0.00032870208992000303,FDCPX,technology,2024
2024-07-05,0.004092080225913118,FDCPX,technology,2024
2024-07-08,0.004467533833179476,FDCPX,technology,2024
2024-07-09,-0.0015880157582141023,FDCPX,technology,2024
2024-07-10,-0.0004043446639231934,FDCPX,technology,2024
2024-07-11,0.0016224186987332228,FDCPX,technology,2024
2024-07-12,-0.00584507646473257,FDCPX,technology,2024
2024-07-15,0.0014398066892080388,FDCPX,technology,2024
2024-07-16,-0.002674201706054263,FDCPX,technology,2024
2024-07-17,-0.004431778194390862,FDCPX,technology,2024
2024-07-18,-0.0007394223111126894,FDCPX,technology,2024
2024-07-19,-0.0014504556455825334,FDCPX,technology,2024
2024-07-22,-0.0030162050631983954,FDCPX,technology,2024
2024-07-23,0.0018691994467034967,FDCPX,technology,2024
2024-07-24,0.00045871778008152106,FDCPX,technology,2024
2024-07-25,-0.005869166770167178,FDCPX,technology,2024
2024-07-26,-0.004850346701788579,FDCPX,technology,2024
2024-07-29,-0.0033683507020942777,FDCPX,technology,2024
2024-07-30,0.0020672577461458936,FDCPX,technology,2024
2024-07-31,0.008527580799883413,FDCPX,technology,2024
2024-08-01,-0.012039158276113435,FDCPX,technology,2024
2024-08-02,-0.0013543217837535884,FDCPX,technology,2024
2024-08-05,0.0013189933804762383,FDCPX,technology,2024
2024-08-06,0.0007188667632859313,FDCPX,technology,2024
2024-08-07,0.00403657735306239,FDCPX,technology,2024
2024-08-08,0.0006637382716396488,FDCPX,technology,2024
2024-08-09,0.0001851419636072285,FDCPX,technology,2024
2024-08-12,0.0026547392440436327,FDCPX,technology,2024
2024-08-13,-0.0006118975953960035,FDCPX,technology,2024
2024-08-14,0.0003969553566344243,FDCPX,technology,2024
2024-08-15,0.006060934095406895,FDCPX,technology,2024
2024-08-16,0.0029622636189514575,FDCPX,technology,2024
2024-08-19,-0.005205291750707957,FDCPX,technology,2024
2024-08-20,0.005079982579136167,FDCPX,technology,2024
2024-08-21,0.0005715666743978361,FDCPX,technology,2024
2024-08-22,-0.0012466991990178634,FDCPX,technology,2024
2024-08-23,0.0019857928967659724,FDCPX,technology,2024
2024-08-26,-0.004367023995892729,FDCPX,technology,2024
2024-08-27,0.0009358414880586636,FDCPX,technology,2024
2024-08-28,-0.00018658687716540702,FDCPX,technology,2024
2024-08-29,-0.0014757094668095643,FDCPX,technology,2024
2024-08-30,-0.0024165258895119442,FDCPX,technology,2024
2024-09-03,-0.007064355575683915,FDCPX,technology,2024
2024-09-04,-0.002883089894567433,FDCPX,technology,2024
2024-09-05,0.001184717334692402,FDCPX,technology,2024
2024-09-06,-0.002795485577449436,FDCPX,technology,2024
2024-09-09,0.0011943004471463153,FDCPX,technology,2024
2024-09-10,-0.004951728344251699,FDCPX,technology,2024
2024-09-11,-0.002635042477215341,FDCPX,technology,2024
2024-09-12,-5.078556270233722e-05,FDCPX,technology,2024
2024-09-13,-0.00577384665485783,FDCPX,technology,2024
2024-09-16,0.0014241640801312717,FDCPX,technology,2024
2024-09-17,-0.002733562688841179,FDCPX,technology,2024
2024-09-18,0.0006842618853814177,FDCPX,technology,2024
2024-09-19,-0.0007946505151713301,FDCPX,technology,2024
2024-09-20,0.0018891529973861076,FDCPX,technology,2024
2024-09-23,-4.4228371213349445e-06,FDCPX,technology,2024
2024-09-24,0.0005208452701148608,FDCPX,technology,2024
2024-09-25,0.0006993747006373134,FDCPX,technology,2024
2024-09-26,0.015308061099250488,FDCPX,technology,2024
2024-09-27,-0.010875955956191431,FDCPX,technology,2024
2024-09-30,-0.004883379687795071,FDCPX,technology,2024
2024-10-01,-0.003376345890983396,FDCPX,technology,2024
2024-10-02,0.007971349153323983,FDCPX,technology,2024
2024-10-03,0.0008477882699086841,FDCPX,technology,2024
2024-10-04,-0.003537437068116287,FDCPX,technology,2024
2024-10-07,0.004579359169963436,FDCPX,technology,2024
2024-10-08,-0.00022674251050824705,FDCPX,technology,2024
2024-10-09,0.0022086601623732636,FDCPX,technology,2024
2024-10-10,-0.002649691906445892,FDCPX,technology,2024
2024-10-11,0.0004995326722784304,FDCPX,technology,2024
2024-10-14,-0.0038997222585337643,FDCPX,technology,2024
2024-10-15,-0.0027920551771535435,FDCPX,technology,2024
2024-10-16,0.005831774898042606,FDCPX,technology,2024
2024-10-17,0.003468834920811628,FDCPX,technology,2024
2024-10-18,-0.005550646211509413,FDCPX,technology,2024
2024-10-21,0.0025835336095406743,FDCPX,technology,2024
2024-10-22,-0.010591850624354202,FDCPX,technology,2024
2024-10-23,2.5913392043240557e-05,FDCPX,technology,2024
2024-10-24,-0.0028280563626473867,FDCPX,technology,2024
2024-10-25,-0.0012768833095197463,FDCPX,technology,2024
2024-10-28,-0.004356554159145641,FDCPX,technology,2024
2024-10-29,0.006723546290702383,FDCPX,technology,2024
2024-10-30,-0.003839973962415354,FDCPX,technology,2024
2024-10-31,0.003729152991250727,FDCPX,technology,2024
2024-11-01,0.0015222366810287626,FDCPX,technology,2024
2024-11-04,0.004056824632024354,FDCPX,technology,2024
2024-11-05,-0.0040862241277564125,FDCPX,technology,2024
2024-11-06,-0.011942785383363037,FDCPX,technology,2024
2024-11-07,0.0015263409136361695,FDCPX,technology,2024
2024-11-08,-0.008165438788225572,FDCPX,technology,2024
2024-11-11,-0.004879825155962594,FDCPX,technology,2024
2024-11-12,-0.004783595396768376,FDCPX,technology,2024
2024-11-13,-0.006201777119196719,FDCPX,technology,2024
2024-11-14,-0.000731298668622626,FDCPX,technology,2024
2024-11-15,0.006590834997486776,FDCPX,technology,2024
2024-11-18,0.005529955884223387,FDCPX,technology,2024
2024-11-19,-0.0036325049351763573,FDCPX,technology,2024
2024-11-20,0.0002751914066535268,FDCPX,technology,2024
2024-11-21,0.0038991082519463493,FDCPX,technology,2024
2024-11-22,0.00363045021874645,FDCPX,technology,2024
2024-11-25,0.0033856720933964964,FDCPX,technology,2024
2024-11-26,6.436017969737098e-05,FDCPX,technology,2024
2024-11-27,-0.007320650138427465,FDCPX,technology,2024
2024-11-29,8.056637513401913e-05,FDCPX,technology,2024
2024-12-02,0.0059385770418689515,FDCPX,technology,2024
2024-12-03,0.001833740316170846,FDCPX,technology,2024
2024-12-04,0.010836980495607064,FDCPX,technology,2024
2024-12-05,0.002835199582990809,FDCPX,technology,2024
2024-12-06,0.00024005896264593868,FDCPX,technology,2024
2024-12-09,0.0006483735139409166,FDCPX,technology,2024
2024-12-10,-0.004002244885481052,FDCPX,technology,2024
2024-12-11,0.0027030008235135357,FDCPX,technology,2024
2024-12-12,0.011406534147948297,FDCPX,technology,2024
2024-12-13,0.002529299604146085,FDCPX,technology,2024
2024-12-16,0.0019495784189993912,FDCPX,technology,2024
2024-12-17,-0.002418809407089076,FDCPX,technology,2024
2024-12-18,0.008121202785811896,FDCPX,technology,2024
2024-12-19,0.003246426616902552,FDCPX,technology,2024
2024-12-20,-0.003611399047694268,FDCPX,technology,2024
2024-12-23,-0.002833874706189331,FDCPX,technology,2024
2024-12-24,-0.004534263199770875,FDCPX,technology,2024
2024-12-26,-0.002232543024939583,FDCPX,technology,2024
2024-12-27,0.007085202659948039,FDCPX,technology,2024
2024-12-30,0.003147622382351452,FDCPX,technology,2024
2025-01-03,0.00336221850599845,FDCPX,technology,2025
2025-01-06,0.004983274265783445,FDCPX,technology,2025
2025-01-07,-0.0018423106419621846,FDCPX,technology,2025
2025-01-08,-0.0031685082686075706,FDCPX,technology,2025
2025-01-10,0.006826367174883252,FDCPX,technology,2025
2025-01-13,-0.011294276293648674,FDCPX,technology,2025
2025-01-14,0.0043464725922676,FDCPX,technology,2025
2025-01-15,-0.004019748227399436,FDCPX,technology,2025
2025-01-16,0.0003204242039614568,FDCPX,technology,2025
2025-01-17,-0.005051756408112175,FDCPX,technology,2025
2025-01-21,0.002754084462214092,FDCPX,technology,2025
2025-01-22,0.011576313680368738,FDCPX,technology,2025
2025-01-23,-0.005032059458939026,FDCPX,technology,2025
2025-01-24,0.0050541329326245985,FDCPX,technology,2025
2025-01-27,-0.03356711039035073,FDCPX,technology,2025
2025-01-28,0.009340705774580663,FDCPX,technology,2025
2025-01-29,0.004433508424607473,FDCPX,technology,2025
2025-01-30,0.008772914496321903,FDCPX,technology,2025
2025-01-31,-0.004725654874874749,FDCPX,technology,2025
2025-02-03,-0.0032635968590659275,FDCPX,technology,2025
2025-02-04,0.004831267138575282,FDCPX,technology,2025
2025-02-05,0.008950649172183172,FDCPX,technology,2025
2025-02-06,-0.00036159342711570945,FDCPX,technology,2025
2025-02-07,0.0026129728710551957,FDCPX,technology,2025
2025-02-10,0.0081358412627467,FDCPX,technology,2025
2025-02-11,-0.008852845015546444,FDCPX,technology,2025
2025-02-12,-0.0029126603878415896,FDCPX,technology,2025
2025-02-13,-0.003126572873895384,FDCPX,technology,2025
2025-02-14,0.003862742152264527,FDCPX,technology,2025
2025-02-18,0.01717956262009886,FDCPX,technology,2025
2025-02-19,-0.0012107252610942232,FDCPX,technology,2025
2025-02-20,-0.0016089059875239106,FDCPX,technology,2025
2025-02-21,-0.0005642867299733047,FDCPX,technology,2025
2025-02-24,-0.010611748312195643,FDCPX,technology,2025
2025-02-25,0.0062111364471851395,FDCPX,technology,2025
2025-02-26,0.007790525883232957,FDCPX,technology,2025
2025-02-27,-0.008752560247215976,FDCPX,technology,2025
2025-02-28,-0.015542984233518114,FDCPX,technology,2025
2025-03-03,-0.006302775343865502,FDCPX,technology,2025
2025-03-04,0.010033335740225604,FDCPX,technology,2025
2025-03-05,0.004163898198489632,FDCPX,technology,2025
2025-03-06,-0.0018111366885910953,FDCPX,technology,2025
2025-03-07,-0.007042705394419223,FDCPX,technology,2025
2025-03-10,-0.007913617874215819,FDCPX,technology,2025
2025-03-11,0.010131097852371262,FDCPX,technology,2025
2025-03-12,0.003432229033780338,FDCPX,technology,2025
2025-03-13,0.00023026021445832212,FDCPX,technology,2025
2025-03-14,0.0008525387884178066,FDCPX,technology,2025
2025-03-17,0.006853508711827688,FDCPX,technology,2025
2025-03-18,0.0035151770560616098,FDCPX,technology,2025
2025-03-19,-0.0010886312620598804,FDCPX,technology,2025
2025-03-20,-0.0018411643653737444,FDCPX,technology,2025
2025-03-21,0.0036217566609082494,FDCPX,technology,2025
2025-03-24,-0.010673576944313807,FDCPX,technology,2025
2025-03-25,-0.0052171378187685115,FDCPX,technology,2025
2025-03-26,0.004222746637723084,FDCPX,technology,2025
2025-03-27,-0.008181689548621734,FDCPX,technology,2025
2025-03-28,-0.001069571078507834,FDCPX,technology,2025
2025-03-31,-0.011896859587287235,FDCPX,technology,2025
2025-04-01,-0.0019543564169432403,FDCPX,technology,2025
2025-04-02,-0.0032725893543564142,FDCPX,technology,2025
2025-04-03,-0.014307906916199625,FDCPX,technology,2025
2025-04-04,-0.00037711732267058096,FDCPX,technology,2025
2025-04-07,-0.0018181711984978945,FDCPX,technology,2025
2025-04-08,0.0027580416800329893,FDCPX,technology,2025
2025-04-09,-0.01453099025089706,FDCPX,technology,2025
2025-04-10,0.017341746979292156,FDCPX,technology,2025
2025-04-11,-0.0007408023780798405,FDCPX,technology,2025
2025-04-14,-0.0004973215341560408,FDCPX,technology,2025
2025-04-15,0.0037975267689940714,FDCPX,technology,2025
2025-04-16,0.00018318875622836892,FDCPX,technology,2025
2025-04-17,0.00702006842265747,FDCPX,technology,2025
2025-04-21,0.006819018904338777,FDCPX,technology,2025
2025-04-22,-0.008928348919852253,FDCPX,technology,2025
2025-04-23,0.0078034371090731185,FDCPX,technology,2025
2025-04-24,0.0013214913277218784,FDCPX,technology,2025
2025-04-25,-0.003886202438990306,FDCPX,technology,2025
2025-04-28,0.003374138491728081,FDCPX,technology,2025
2025-04-29,-0.0037420908615743245,FDCPX,technology,2025
2025-04-30,0.010959201774572313,FDCPX,technology,2025
2025-05-01,-0.002506236431091797,FDCPX,technology,2025
2025-05-02,-0.003446822404684394,FDCPX,technology,2025
2025-05-05,0.0045164083693813644,FDCPX,technology,2025
2025-05-06,0.006616638132767401,FDCPX,technology,2025
2025-05-07,-0.005304114202823782,FDCPX,technology,2025
2025-05-08,-0.015085501146162923,FDCPX,technology,2025
2025-05-09,0.002214416196568262,FDCPX,technology,2025
2025-05-12,-0.002149418014004749,FDCPX,technology,2025
2025-05-13,0.001813441407642679,FDCPX,technology,2025
2025-05-14,-0.0013685137591164334,FDCPX,technology,2025
2025-05-15,-0.0012671810828743099,FDCPX,technology,2025
2025-05-16,-0.005332167677594573,FDCPX,technology,2025
2025-05-19,0.0014517327904639264,FDCPX,technology,2025
2025-05-20,0.003679816488934215,FDCPX,technology,2025
2025-05-21,0.0037649766048106093,FDCPX,technology,2025
2025-05-22,0.0007917326240649365,FDCPX,technology,2025
2025-05-23,0.004790756057574593,FDCPX,technology,2025
2025-05-27,-0.006939173025672967,FDCPX,technology,2025
2025-05-28,0.005114429966292306,FDCPX,technology,2025
2025-05-29,-0.011488424403734095,FDCPX,technology,2025
2025-05-30,-0.00571087801259637,FDCPX,technology,2025
2025-06-02,0.006513265530553051,FDCPX,technology,2025
2025-06-03,0.0017216644211406817,FDCPX,technology,2025
2025-06-04,0.005023308058720331,FDCPX,technology,2025
2025-06-05,0.003209061970792276,FDCPX,technology,2025
2025-06-06,-0.001168525421862231,FDCPX,technology,2025
2025-06-09,-0.00022027653423543577,FDCPX,technology,2025
2025-06-10,-0.012674910720526709,FDCPX,technology,2025
2025-06-11,-0.004003343342877706,FDCPX,technology,2025
2025-06-12,0.002485170545734521,FDCPX,technology,2025
2025-06-13,-0.006957296571784838,FDCPX,technology,2025
2025-06-16,0.0033636872017031184,FDCPX,technology,2025
2025-06-17,0.0013450191300376025,FDCPX,technology,2025
2025-06-18,-0.00046707127639871815,FDCPX,technology,2025
2025-06-20,0.011934347194031556,FDCPX,technology,2025
2025-06-23,-0.009231527663568688,FDCPX,technology,2025
2025-06-24,0.009520822292221998,FDCPX,technology,2025
2025-06-25,0.004295519829549211,FDCPX,technology,2025
2025-06-26,0.005585673731210668,FDCPX,technology,2025
2025-06-27,-0.004972408389131613,FDCPX,technology,2025
2025-06-30,-0.0004190235438898404,FDCPX,technology,2025
2025-07-01,-0.007930422075058332,FDCPX,technology,2025
2025-07-02,0.0020466898826653956,FDCPX,technology,2025
2025-07-03,-0.0008295531418450307,FDCPX,technology,2025
2025-07-07,-0.00620128698740999,FDCPX,technology,2025
2025-07-08,0.0013323403910848065,FDCPX,technology,2025
2025-07-09,-0.0034043728312471732,FDCPX,technology,2025
2025-07-10,-0.008270064828973484,FDCPX,technology,2025
2025-07-11,0.0010975933615684844,FDCPX,technology,2025
2025-07-14,-0.005836382768271149,FDCPX,technology,2025
2025-07-15,0.001108878663738531,FDCPX,technology,2025
2025-07-16,0.0017665322089737657,FDCPX,technology,2025
2025-07-17,0.0065362101026604355,FDCPX,technology,2025
2025-07-18,0.0008050678673762343,FDCPX,technology,2025
2025-07-21,0.002891233725339841,FDCPX,technology,2025
2025-07-22,-0.008881366873917985,FDCPX,technology,2025
2025-07-23,0.008467386159144333,FDCPX,technology,2025
2025-07-24,-0.00284917047962345,FDCPX,technology,2025
2025-07-25,-0.005413196362945611,FDCPX,technology,2025
2025-07-28,0.004051789705075914,FDCPX,technology,2025
2025-07-29,0.0016803921134381965,FDCPX,technology,2025
2025-07-30,0.0011153714604506333,FDCPX,technology,2025
2025-07-31,-0.00033121618855653416,FDCPX,technology,2025
2025-08-01,0.0011754212910955707,FDCPX,technology,2025
2025-08-04,0.003989204586053091,FDCPX,technology,2025
2025-08-05,-0.00368712953999082,FDCPX,technology,2025
2025-08-06,0.015278651726166272,FDCPX,technology,2025
2025-08-07,0.015668577466005053,FDCPX,technology,2025
2025-08-08,0.011715979892864622,FDCPX,technology,2025
2025-08-11,-0.005186200623659446,FDCPX,technology,2025
2025-08-12,0.004066882008804517,FDCPX,technology,2025
2025-08-13,-0.003115082380367273,FDCPX,technology,2025
2025-08-14,-0.01079023302008324,FDCPX,technology,2025
2025-08-15,0.0007169310242249949,FDCPX,technology,2025
2025-08-18,-0.0006425424682849545,FDCPX,technology,2025
2025-08-19,-0.0058637842902651074,FDCPX,technology,2025
2025-08-20,-0.005608965110173127,FDCPX,technology,2025
2025-08-21,-0.0018732437596987138,FDCPX,technology,2025
2025-08-22,0.005903037308998969,FDCPX,technology,2025
2025-08-25,-0.00292819177159713,FDCPX,technology,2025
2025-08-26,-0.0032650868695365226,FDCPX,technology,2025
2025-08-27,0.0002771102287451978,FDCPX,technology,2025
2025-08-28,0.012330013471550678,FDCPX,technology,2025
2025-08-29,-0.006432945448289212,FDCPX,technology,2025
2025-09-02,0.002263592106123289,FDCPX,technology,2025
2025-09-03,0.004903738401898611,FDCPX,technology,2025
2025-09-04,0.007055764629252765,FDCPX,technology,2025
2025-09-05,0.0025003578298983895,FDCPX,technology,2025
2025-09-08,0.0061625959871443505,FDCPX,technology,2025
2025-09-09,0.00026609251509878296,FDCPX,technology,2025
2025-09-10,0.006522122390995699,FDCPX,technology,2025
2025-09-11,0.004454383795521573,FDCPX,technology,2025
2025-09-12,-0.008966458477537563,FDCPX,technology,2025
2025-09-15,0.010935478585060956,FDCPX,technology,2025
2025-09-16,0.001983032209605877,FDCPX,technology,2025
2025-09-17,-0.0004196365090971465,FDCPX,technology,2025
2025-09-18,0.00817215690825415,FDCPX,technology,2025
2025-09-19,-0.008280796515427779,FDCPX,technology,2025
2025-09-22,0.0052542116688201615,FDCPX,technology,2025
2025-09-23,0.003206578616202409,FDCPX,technology,2025
2025-09-24,-0.006240631175224921,FDCPX,technology,2025
2025-09-25,0.0064869865260219544,FDCPX,technology,2025
2025-09-26,-0.01267244604952196,FDCPX,technology,2025
2025-09-29,0.009437552815884492,FDCPX,technology,2025
2025-09-30,0.0021121156814019482,FDCPX,technology,2025
2025-10-01,0.015016349136681813,FDCPX,technology,2025
2025-10-02,-0.003025839217069562,FDCPX,technology,2025
2025-10-03,0.0022040522806938325,FDCPX,technology,2025
2025-10-06,0.006565488040679774,FDCPX,technology,2025
2025-10-07,-0.00669676281667193,FDCPX,technology,2025
2025-10-08,0.014866161703139934,FDCPX,technology,2025
2025-10-09,-0.006465508753495711,FDCPX,technology,2025
2025-10-10,-0.006487726339673976,FDCPX,technology,2025
2025-10-13,-0.0015350227862267335,FDCPX,technology,2025
2025-10-14,-0.00740474229379163,FDCPX,technology,2025
2025-10-15,0.01074824242444903,FDCPX,technology,2025
2025-10-16,0.007815550392121671,FDCPX,technology,2025
2025-10-17,-0.0025773314770213456,FDCPX,technology,2025
2025-10-20,-0.00033687945695169523,FDCPX,technology,2025
2025-10-21,-0.0049079251069857124,FDCPX,technology,2025
2025-10-22,-0.0036249589630427802,FDCPX,technology,2025
2025-10-23,0.007516191613210489,FDCPX,technology,2025
2025-10-24,0.00016534784012899213,FDCPX,technology,2025
2025-10-27,-0.0026624270216797034,FDCPX,technology,2025
2025-10-28,-0.0009525447965937879,FDCPX,technology,2025
2025-10-29,0.003016772331770477,FDCPX,technology,2025
2025-10-30,0.006422501178041653,FDCPX,technology,2025
2025-10-31,0.0038874200995856183,FDCPX,technology,2025
2025-11-03,0.008055737609418946,FDCPX,technology,2025
2025-11-04,-0.013109208774364304,FDCPX,technology,2025
2025-11-05,-0.0016938010103065707,FDCPX,technology,2025
2025-11-06,-0.003764773492670884,FDCPX,technology,2025
2025-11-07,-0.004767941848873357,FDCPX,technology,2025
2025-11-10,0.0012079373455272206,FDCPX,technology,2025
2025-11-11,-0.0018225660700827845,FDCPX,technology,2025
2025-11-12,0.005649377016450568,FDCPX,technology,2025
2025-11-13,-0.008706025653268858,FDCPX,technology,2025
2025-11-14,0.004918590053441972,FDCPX,technology,2025
2025-11-17,-0.0008297849230909284,FDCPX,technology,2025
2025-11-18,-0.009551044110420834,FDCPX,technology,2025
2025-11-19,-0.007153668408357262,FDCPX,technology,2025
2025-11-20,-0.017973414775328034,FDCPX,technology,2025
2025-11-21,-0.0009741681000517248,FDCPX,technology,2025
2025-11-24,0.009426439442345457,FDCPX,technology,2025
2025-11-25,-0.0036437466443695757,FDCPX,technology,2025
2025-11-26,0.0024010958137912278,FDCPX,technology,2025
2025-11-28,0.0006796741544045663,FDCPX,technology,2025
2025-12-01,-0.0033206119251184838,FDCPX,technology,2025
2025-12-02,0.0034453606728853956,FDCPX,technology,2025
2025-12-03,-0.01609622059788299,FDCPX,technology,2025
2025-12-04,0.003989914355399293,FDCPX,technology,2025
2025-12-05,0.005293466198620124,FDCPX,technology,2025
2025-12-08,0.005600817255503132,FDCPX,technology,2025
2025-12-09,-0.0023497705527529035,FDCPX,technology,2025
2025-12-10,0.0062042616107437585,FDCPX,technology,2025
2025-12-11,-0.0012175104600676968,FDCPX,technology,2025
2025-12-12,-0.017360297477612127,FDCPX,technology,2025
2025-12-15,-0.005416806942931868,FDCPX,technology,2025
2025-12-16,0.0007004301013717224,FDCPX,technology,2025
2025-12-17,-0.004106577473230708,FDCPX,technology,2025
2025-12-18,0.00466594680312645,FDCPX,technology,2025
2025-12-19,-0.0017970745071950074,FDCPX,technology,2025
2025-12-22,-0.006007881955528649,FDCPX,technology,2025
2025-12-23,0.001998815214016377,FDCPX,technology,2025
2025-12-24,-0.0016263170453905754,FDCPX,technology,2025
2025-12-26,0.010259920738560888,FDCPX,technology,2025
2025-12-29,0.0047911153990073535,FDCPX,technology,2025
2025-12-30,-0.002943448066261824,FDCPX,technology,2025
2025-12-31,-0.0006342264396591811,FDCPX,technology,2025
