Date,Residual,Fund,Sector,Year
1999-01-05,-0.0023309485875081873,MTCAX,technology,1999
1999-01-06,-0.0002866478308470831,MTCAX,technology,1999
1999-01-07,0.0013180661586309097,MTCAX,technology,1999
1999-01-08,-0.005477921203008237,MTCAX,technology,1999
1999-01-11,0.012938882102729466,MTCAX,technology,1999
1999-01-12,-0.004666378498012647,MTCAX,technology,1999
1999-01-13,0.005398491310309273,MTCAX,technology,1999
1999-01-14,0.007569208409331608,MTCAX,technology,1999
1999-01-15,0.01764478971090734,MTCAX,technology,1999
1999-01-19,0.02202683756444001,MTCAX,technology,1999
1999-01-20,-0.021761331986502503,MTCAX,technology,1999
1999-01-21,0.006877280618399498,MTCAX,technology,1999
1999-01-22,0.005031899057848285,MTCAX,technology,1999
1999-01-25,0.00032387225519464255,MTCAX,technology,1999
1999-01-26,0.005569090387760742,MTCAX,technology,1999
1999-01-27,0.0019652775414689162,MTCAX,technology,1999
1999-01-28,0.01128670339623717,MTCAX,technology,1999
1999-01-29,-0.0025905529438614624,MTCAX,technology,1999
1999-02-01,0.01319858233001241,MTCAX,technology,1999
1999-02-02,-0.01695114019784709,MTCAX,technology,1999
1999-02-03,-0.0024319367643203735,MTCAX,technology,1999
1999-02-04,-0.013877028534574568,MTCAX,technology,1999
1999-02-05,-0.011667520523164845,MTCAX,technology,1999
1999-02-08,0.013360037844615598,MTCAX,technology,1999
1999-02-09,-0.011635686853851766,MTCAX,technology,1999
1999-02-10,-0.010448849045280777,MTCAX,technology,1999
1999-02-11,0.024242832277772856,MTCAX,technology,1999
1999-02-12,-0.012214329672237848,MTCAX,technology,1999
1999-02-16,-0.003303795453023708,MTCAX,technology,1999
1999-02-17,-0.03279890231587068,MTCAX,technology,1999
1999-02-18,-0.01211256302231911,MTCAX,technology,1999
1999-02-19,0.006060641169662506,MTCAX,technology,1999
1999-02-22,-0.012264912654881836,MTCAX,technology,1999
1999-02-23,0.021210347560131015,MTCAX,technology,1999
1999-02-24,0.005184472985428335,MTCAX,technology,1999
1999-02-25,-0.003288811304204907,MTCAX,technology,1999
1999-02-26,-0.018498853264312533,MTCAX,technology,1999
1999-03-01,-0.000357600436324925,MTCAX,technology,1999
1999-03-02,-0.005677444406637313,MTCAX,technology,1999
1999-03-03,-0.016925932166338094,MTCAX,technology,1999
1999-03-04,-0.0027750325460182256,MTCAX,technology,1999
1999-03-05,-0.011026899462659286,MTCAX,technology,1999
1999-03-08,0.008641292453104136,MTCAX,technology,1999
1999-03-09,0.004659256958928444,MTCAX,technology,1999
1999-03-10,-0.014257243357157742,MTCAX,technology,1999
1999-03-11,-0.01682477133659144,MTCAX,technology,1999
1999-03-12,-0.024439129312021923,MTCAX,technology,1999
1999-03-15,0.00315555413062555,MTCAX,technology,1999
1999-03-16,0.00871034681927922,MTCAX,technology,1999
1999-03-17,0.0030072739196622175,MTCAX,technology,1999
1999-03-18,-0.011714620361010224,MTCAX,technology,1999
1999-03-19,-0.009147197615105702,MTCAX,technology,1999
1999-03-22,-0.008252432482348433,MTCAX,technology,1999
1999-03-23,0.0066752822274989895,MTCAX,technology,1999
1999-03-24,0.011062438084475969,MTCAX,technology,1999
1999-03-25,0.008878884068562295,MTCAX,technology,1999
1999-03-26,0.012439015965677744,MTCAX,technology,1999
1999-03-29,0.011152960542447809,MTCAX,technology,1999
1999-03-30,-0.009752313011724988,MTCAX,technology,1999
1999-03-31,0.01642031262615332,MTCAX,technology,1999
1999-04-01,-0.0013184274026309352,MTCAX,technology,1999
1999-04-05,-0.029833804986071317,MTCAX,technology,1999
1999-04-06,-0.0027307154180166437,MTCAX,technology,1999
1999-04-07,-0.030578843119153435,MTCAX,technology,1999
1999-04-08,0.006387859515598284,MTCAX,technology,1999
1999-04-09,0.012779695983422393,MTCAX,technology,1999
1999-04-12,-0.01867239748694891,MTCAX,technology,1999
1999-04-13,-0.008645195172507763,MTCAX,technology,1999
1999-04-14,0.0074019396967339324,MTCAX,technology,1999
1999-04-15,0.0030295398240157492,MTCAX,technology,1999
1999-04-16,-0.009931220538140032,MTCAX,technology,1999
1999-04-19,-0.029429855350993583,MTCAX,technology,1999
1999-04-20,0.0005799291285543927,MTCAX,technology,1999
1999-04-21,-0.018412781172042085,MTCAX,technology,1999
1999-04-22,0.03138356230108847,MTCAX,technology,1999
1999-04-23,0.01600504377684342,MTCAX,technology,1999
1999-04-26,0.017248362446093953,MTCAX,technology,1999
1999-04-27,-0.020049453047762067,MTCAX,technology,1999
1999-04-28,-0.005639471816243299,MTCAX,technology,1999
1999-04-29,-0.004558918215315004,MTCAX,technology,1999
1999-04-30,0.006541620206551967,MTCAX,technology,1999
1999-05-03,-0.01341143205414091,MTCAX,technology,1999
1999-05-04,-0.001154727578142967,MTCAX,technology,1999
1999-05-05,-0.005898308672916134,MTCAX,technology,1999
1999-05-06,-0.007056667621732962,MTCAX,technology,1999
1999-05-07,0.0028795441531822338,MTCAX,technology,1999
1999-05-10,0.006252511265802638,MTCAX,technology,1999
1999-05-11,0.006310811138109579,MTCAX,technology,1999
1999-05-12,0.015345535247010374,MTCAX,technology,1999
1999-05-13,-0.012456368961595445,MTCAX,technology,1999
1999-05-14,0.006959163410603073,MTCAX,technology,1999
1999-05-17,0.007527049906647074,MTCAX,technology,1999
1999-05-18,0.008401494118267698,MTCAX,technology,1999
1999-05-19,0.01751106069491397,MTCAX,technology,1999
1999-05-20,0.003125165448613094,MTCAX,technology,1999
1999-05-21,0.0038511242720238137,MTCAX,technology,1999
1999-05-24,-0.005204465627750617,MTCAX,technology,1999
1999-05-25,-0.005595067129446421,MTCAX,technology,1999
1999-05-26,-0.0012090991531959784,MTCAX,technology,1999
1999-05-27,0.013962292664497005,MTCAX,technology,1999
1999-05-28,0.00690408945316506,MTCAX,technology,1999
1999-06-01,-0.003980507232315823,MTCAX,technology,1999
1999-06-02,0.004060548552980213,MTCAX,technology,1999
1999-06-03,-0.0162526851189476,MTCAX,technology,1999
1999-06-04,0.01665533926821163,MTCAX,technology,1999
1999-06-07,0.0098547910716156,MTCAX,technology,1999
1999-06-08,-0.00325278988264569,MTCAX,technology,1999
1999-06-09,0.010720921723930486,MTCAX,technology,1999
1999-06-10,-0.008673921112571108,MTCAX,technology,1999
1999-06-11,0.002653005833095584,MTCAX,technology,1999
1999-06-14,-0.007522482705115986,MTCAX,technology,1999
1999-06-15,-0.00046590458852164077,MTCAX,technology,1999
1999-06-16,0.02403401455023374,MTCAX,technology,1999
1999-06-17,0.004953193263511419,MTCAX,technology,1999
1999-06-18,0.003995412377660174,MTCAX,technology,1999
1999-06-21,0.00777514647603169,MTCAX,technology,1999
1999-06-22,-0.003480664877963827,MTCAX,technology,1999
1999-06-23,0.013387579310856348,MTCAX,technology,1999
1999-06-24,-0.005705587101241613,MTCAX,technology,1999
1999-06-25,0.0022721807523680975,MTCAX,technology,1999
1999-06-28,0.005588287112775132,MTCAX,technology,1999
1999-06-29,0.008316004146080353,MTCAX,technology,1999
1999-06-30,-0.013579317517292678,MTCAX,technology,1999
1999-07-01,0.00387633524547786,MTCAX,technology,1999
1999-07-02,-0.0010741382926870956,MTCAX,technology,1999
1999-07-06,-0.00018922741313259967,MTCAX,technology,1999
1999-07-07,0.0018232918274634184,MTCAX,technology,1999
1999-07-08,0.00506681030078454,MTCAX,technology,1999
1999-07-09,-0.0058323509577986165,MTCAX,technology,1999
1999-07-12,0.007035355900470285,MTCAX,technology,1999
1999-07-13,-0.003356589340962681,MTCAX,technology,1999
1999-07-14,0.007188610691383375,MTCAX,technology,1999
1999-07-15,0.004625447303852629,MTCAX,technology,1999
1999-07-16,0.0029202094836057466,MTCAX,technology,1999
1999-07-19,-0.0049624120029583335,MTCAX,technology,1999
1999-07-20,-0.013174190195989966,MTCAX,technology,1999
1999-07-21,0.006144145071318574,MTCAX,technology,1999
1999-07-22,-0.020678842186137004,MTCAX,technology,1999
1999-07-23,0.0005910243499895166,MTCAX,technology,1999
1999-07-26,-0.008403646940149084,MTCAX,technology,1999
1999-07-27,0.01177148951658426,MTCAX,technology,1999
1999-07-28,0.001548922156932548,MTCAX,technology,1999
1999-07-29,-0.006492091218853703,MTCAX,technology,1999
1999-07-30,0.015763144394120784,MTCAX,technology,1999
1999-08-02,-0.0024383000063152856,MTCAX,technology,1999
1999-08-03,-0.008654515572104612,MTCAX,technology,1999
1999-08-04,-0.001869546317318312,MTCAX,technology,1999
1999-08-05,-0.004029221726448678,MTCAX,technology,1999
1999-08-06,0.004040472596892721,MTCAX,technology,1999
1999-08-09,-0.005535166022401274,MTCAX,technology,1999
1999-08-10,-0.00630722307194183,MTCAX,technology,1999
1999-08-11,0.01633383320712563,MTCAX,technology,1999
1999-08-12,-0.0026335395448647066,MTCAX,technology,1999
1999-08-13,0.004690320650073201,MTCAX,technology,1999
1999-08-16,-0.0019518990146827632,MTCAX,technology,1999
1999-08-17,-0.004783462951910619,MTCAX,technology,1999
1999-08-18,-0.001988391356121089,MTCAX,technology,1999
1999-08-19,0.002339915509345098,MTCAX,technology,1999
1999-08-20,-0.0024895330002394304,MTCAX,technology,1999
1999-08-23,-0.002357018806363173,MTCAX,technology,1999
1999-08-24,0.003764294208992885,MTCAX,technology,1999
1999-08-25,0.005169488161589112,MTCAX,technology,1999
1999-08-26,0.0035442813336614403,MTCAX,technology,1999
1999-08-27,0.0052311940605082406,MTCAX,technology,1999
1999-08-30,0.004557359322692193,MTCAX,technology,1999
1999-08-31,0.012462570744124102,MTCAX,technology,1999
1999-09-01,-0.006196421046815435,MTCAX,technology,1999
1999-09-02,0.0032234711374631523,MTCAX,technology,1999
1999-09-03,0.007057834845749185,MTCAX,technology,1999
1999-09-07,0.00986807051765824,MTCAX,technology,1999
1999-09-08,0.0011870309859833505,MTCAX,technology,1999
1999-09-09,0.01106647543415671,MTCAX,technology,1999
1999-09-10,0.009126328888953457,MTCAX,technology,1999
1999-09-13,-0.00525151022940068,MTCAX,technology,1999
1999-09-14,0.016527545956744407,MTCAX,technology,1999
1999-09-15,-0.008158970826937884,MTCAX,technology,1999
1999-09-16,-0.0057312032647070955,MTCAX,technology,1999
1999-09-17,0.007272316958982554,MTCAX,technology,1999
1999-09-20,0.0057040630892621555,MTCAX,technology,1999
1999-09-21,-0.003015740108292451,MTCAX,technology,1999
1999-09-22,0.009633041308629698,MTCAX,technology,1999
1999-09-23,-0.012401802644487352,MTCAX,technology,1999
1999-09-24,-0.0025931952195279223,MTCAX,technology,1999
1999-09-27,0.006396418877090628,MTCAX,technology,1999
1999-09-28,-0.0015067202508812503,MTCAX,technology,1999
1999-09-29,0.010949511403266105,MTCAX,technology,1999
1999-09-30,-0.013852420844792284,MTCAX,technology,1999
1999-10-01,-0.001250897070270892,MTCAX,technology,1999
1999-10-04,0.0005434730296897811,MTCAX,technology,1999
1999-10-05,0.0011309685006053948,MTCAX,technology,1999
1999-10-06,0.004361258997861644,MTCAX,technology,1999
1999-10-07,-0.008623169227958718,MTCAX,technology,1999
1999-10-08,-0.016935801746141375,MTCAX,technology,1999
1999-10-11,0.013299791664463007,MTCAX,technology,1999
1999-10-12,-0.0021311520558316803,MTCAX,technology,1999
1999-10-13,0.0036627271085723813,MTCAX,technology,1999
1999-10-14,-0.0012400076421330026,MTCAX,technology,1999
1999-10-15,0.00864163152792731,MTCAX,technology,1999
1999-10-18,-0.021459300984732962,MTCAX,technology,1999
1999-10-19,0.0006649720213870447,MTCAX,technology,1999
1999-10-20,0.02282917885759516,MTCAX,technology,1999
1999-10-21,-0.01792483810184567,MTCAX,technology,1999
1999-10-22,-0.004835564689987678,MTCAX,technology,1999
1999-10-25,0.00558998621216616,MTCAX,technology,1999
1999-10-26,0.010562972672621245,MTCAX,technology,1999
1999-10-27,-0.02493115237443011,MTCAX,technology,1999
1999-10-28,-0.00048416015738387413,MTCAX,technology,1999
1999-10-29,0.01662498535613556,MTCAX,technology,1999
1999-11-01,0.0089864093918207,MTCAX,technology,1999
1999-11-02,0.012849484578470897,MTCAX,technology,1999
1999-11-03,0.005679692644533103,MTCAX,technology,1999
1999-11-04,0.003565128102162975,MTCAX,technology,1999
1999-11-05,0.0034132149126665165,MTCAX,technology,1999
1999-11-08,0.0019278272640758385,MTCAX,technology,1999
1999-11-09,0.0021675385879941092,MTCAX,technology,1999
1999-11-10,0.014057125996994527,MTCAX,technology,1999
1999-11-11,0.008895132611450241,MTCAX,technology,1999
1999-11-12,-0.0037786322375367234,MTCAX,technology,1999
1999-11-15,-0.002528272646112243,MTCAX,technology,1999
1999-11-16,0.007918996047973647,MTCAX,technology,1999
1999-11-17,-0.00603043800983788,MTCAX,technology,1999
1999-11-18,0.014519338353312433,MTCAX,technology,1999
1999-11-19,0.011144570673377143,MTCAX,technology,1999
1999-11-22,-0.0063260584350770055,MTCAX,technology,1999
1999-11-23,-0.007633172341305044,MTCAX,technology,1999
1999-11-24,0.008132033327267696,MTCAX,technology,1999
1999-11-26,0.01115103576352886,MTCAX,technology,1999
1999-11-29,-0.00228759463546854,MTCAX,technology,1999
1999-11-30,-0.009700988619045777,MTCAX,technology,1999
1999-12-01,0.0011522910819987235,MTCAX,technology,1999
1999-12-02,0.020706858257788417,MTCAX,technology,1999
1999-12-03,0.0021746954607632374,MTCAX,technology,1999
1999-12-06,0.019499994610758044,MTCAX,technology,1999
1999-12-07,0.005020501259668982,MTCAX,technology,1999
1999-12-08,0.0061090812808459105,MTCAX,technology,1999
1999-12-09,-0.008698728216050574,MTCAX,technology,1999
1999-12-10,0.0027224964145805275,MTCAX,technology,1999
1999-12-13,-0.0015103972516055234,MTCAX,technology,1999
1999-12-14,-0.01339521392324908,MTCAX,technology,1999
1999-12-15,0.01567603434340782,MTCAX,technology,1999
1999-12-16,0.015358000672517564,MTCAX,technology,1999
1999-12-17,-0.19111154053380133,MTCAX,technology,1999
1999-12-20,0.014495334228151288,MTCAX,technology,1999
1999-12-21,0.0020413809041958768,MTCAX,technology,1999
1999-12-22,0.011970785007773816,MTCAX,technology,1999
1999-12-23,-0.0017855544502106448,MTCAX,technology,1999
1999-12-27,-0.001784245644082656,MTCAX,technology,1999
1999-12-28,-0.002125675361200597,MTCAX,technology,1999
1999-12-29,0.00689433454145775,MTCAX,technology,1999
1999-12-30,0.005576017263579449,MTCAX,technology,1999
2000-01-05,-0.02951012542515434,MTCAX,technology,2000
2000-01-06,-0.005453424141102042,MTCAX,technology,2000
2000-01-07,-0.05771024362458088,MTCAX,technology,2000
2000-01-10,0.03390576488246609,MTCAX,technology,2000
2000-01-11,0.005453051119131427,MTCAX,technology,2000
2000-01-12,0.01111148617761969,MTCAX,technology,2000
2000-01-13,-0.002227734561076479,MTCAX,technology,2000
2000-01-14,0.0020940453727485812,MTCAX,technology,2000
2000-01-18,0.01671835860643714,MTCAX,technology,2000
2000-01-19,-0.009066527883530642,MTCAX,technology,2000
2000-01-20,0.033035334511990325,MTCAX,technology,2000
2000-01-21,0.002810793423309985,MTCAX,technology,2000
2000-01-24,0.025983607202117724,MTCAX,technology,2000
2000-01-25,-0.013994996998632592,MTCAX,technology,2000
2000-01-26,0.006011568150443597,MTCAX,technology,2000
2000-01-27,-0.005916165101158376,MTCAX,technology,2000
2000-01-28,0.02476300145704935,MTCAX,technology,2000
2000-01-31,-0.03216101489396529,MTCAX,technology,2000
2000-02-01,0.004265186797826705,MTCAX,technology,2000
2000-02-02,0.01380298304260323,MTCAX,technology,2000
2000-02-03,0.009168585206514257,MTCAX,technology,2000
2000-02-04,0.018410444318732393,MTCAX,technology,2000
2000-02-07,0.016523642515200353,MTCAX,technology,2000
2000-02-08,-0.0036481780926455876,MTCAX,technology,2000
2000-02-09,0.018830788193713685,MTCAX,technology,2000
2000-02-10,0.015569431963893172,MTCAX,technology,2000
2000-02-11,0.018122841483980988,MTCAX,technology,2000
2000-02-14,-0.011210789901750106,MTCAX,technology,2000
2000-02-15,-0.02485643115605333,MTCAX,technology,2000
2000-02-16,0.02416903700534899,MTCAX,technology,2000
2000-02-17,0.0291163351971713,MTCAX,technology,2000
2000-02-18,0.005796045385038199,MTCAX,technology,2000
2000-02-22,0.005258145774801296,MTCAX,technology,2000
2000-02-23,0.004487867775614322,MTCAX,technology,2000
2000-02-24,0.052458139268495324,MTCAX,technology,2000
2000-02-25,-0.0010680977212600192,MTCAX,technology,2000
2000-02-28,-0.045009616102441585,MTCAX,technology,2000
2000-02-29,0.013560058248399117,MTCAX,technology,2000
2000-03-01,0.0032318056316454416,MTCAX,technology,2000
2000-03-02,-0.013539327988639093,MTCAX,technology,2000
2000-03-03,0.009705463263594602,MTCAX,technology,2000
2000-03-06,0.01895799779202783,MTCAX,technology,2000
2000-03-07,0.020815010617997766,MTCAX,technology,2000
2000-03-08,0.009441661658951236,MTCAX,technology,2000
2000-03-09,-0.01578686483624389,MTCAX,technology,2000
2000-03-10,0.011756532033873219,MTCAX,technology,2000
2000-03-13,-0.002402617741353471,MTCAX,technology,2000
2000-03-14,-0.011925209322174706,MTCAX,technology,2000
2000-03-15,-0.06380950885896342,MTCAX,technology,2000
2000-03-16,-0.04686364960245543,MTCAX,technology,2000
2000-03-17,0.019347778998619405,MTCAX,technology,2000
2000-03-20,-0.024917145239814902,MTCAX,technology,2000
2000-03-21,-0.017650219442742855,MTCAX,technology,2000
2000-03-22,0.023836948843831342,MTCAX,technology,2000
2000-03-23,-0.013452426687523354,MTCAX,technology,2000
2000-03-24,-0.003590014821442936,MTCAX,technology,2000
2000-03-27,0.023261361915372834,MTCAX,technology,2000
2000-03-28,-0.02118358318166373,MTCAX,technology,2000
2000-03-29,-0.051194305205836545,MTCAX,technology,2000
2000-03-30,-0.020281227413148133,MTCAX,technology,2000
2000-03-31,0.010022705513477115,MTCAX,technology,2000
2000-04-03,-0.0904683002728891,MTCAX,technology,2000
2000-04-04,-0.0036627096180491033,MTCAX,technology,2000
2000-04-05,0.025897066959671863,MTCAX,technology,2000
2000-04-06,0.033013928768553316,MTCAX,technology,2000
2000-04-07,0.04087322179301179,MTCAX,technology,2000
2000-04-10,-0.06460637450643873,MTCAX,technology,2000
2000-04-11,-0.03404983341696031,MTCAX,technology,2000
2000-04-12,-0.0317939074248864,MTCAX,technology,2000
2000-04-13,0.0031655327110263094,MTCAX,technology,2000
2000-04-14,0.008369222754883193,MTCAX,technology,2000
2000-04-17,0.02319434703940753,MTCAX,technology,2000
2000-04-18,0.0018180683960714317,MTCAX,technology,2000
2000-04-19,0.011938167501120587,MTCAX,technology,2000
2000-04-20,-0.027376120778542366,MTCAX,technology,2000
2000-04-24,-0.02588984940207493,MTCAX,technology,2000
2000-04-25,-0.002716465926291184,MTCAX,technology,2000
2000-04-26,0.011836795369406418,MTCAX,technology,2000
2000-04-27,0.04555998431597511,MTCAX,technology,2000
2000-04-28,0.03455712349633165,MTCAX,technology,2000
2000-05-01,-0.005197839011521339,MTCAX,technology,2000
2000-05-02,-0.0036623904509340832,MTCAX,technology,2000
2000-05-03,0.015519938244625265,MTCAX,technology,2000
2000-05-04,-0.0034373506117009248,MTCAX,technology,2000
2000-05-05,0.002247678536797946,MTCAX,technology,2000
2000-05-08,-0.02875827749328449,MTCAX,technology,2000
2000-05-09,-0.01785134700509205,MTCAX,technology,2000
2000-05-10,-0.013989614330644669,MTCAX,technology,2000
2000-05-11,-0.008060159063347058,MTCAX,technology,2000
2000-05-12,-0.001096886791747062,MTCAX,technology,2000
2000-05-15,-0.0051920148659960405,MTCAX,technology,2000
2000-05-16,0.01910789754089052,MTCAX,technology,2000
2000-05-17,0.005283015395102892,MTCAX,technology,2000
2000-05-18,-0.008818211847375326,MTCAX,technology,2000
2000-05-19,-0.023982648748839708,MTCAX,technology,2000
2000-05-22,-0.00189153734057362,MTCAX,technology,2000
2000-05-23,-0.0317292096573934,MTCAX,technology,2000
2000-05-24,0.004340484274098295,MTCAX,technology,2000
2000-05-25,0.024324445725810433,MTCAX,technology,2000
2000-05-26,-0.001211607991533818,MTCAX,technology,2000
2000-05-30,0.03763351264644806,MTCAX,technology,2000
2000-05-31,-0.0061354682246440905,MTCAX,technology,2000
2000-06-01,0.02306125565240715,MTCAX,technology,2000
2000-06-02,0.04840830815558648,MTCAX,technology,2000
2000-06-05,0.011872079934228185,MTCAX,technology,2000
2000-06-06,-0.016799961264443358,MTCAX,technology,2000
2000-06-07,0.012862129386100388,MTCAX,technology,2000
2000-06-08,0.0035974581396089507,MTCAX,technology,2000
2000-06-09,0.015680435911950435,MTCAX,technology,2000
2000-06-12,-0.016535780218799045,MTCAX,technology,2000
2000-06-13,-0.008075484444805003,MTCAX,technology,2000
2000-06-14,-0.01439802007466326,MTCAX,technology,2000
2000-06-15,0.007277579014425299,MTCAX,technology,2000
2000-06-16,0.022013481190960242,MTCAX,technology,2000
2000-06-19,0.011895703489859126,MTCAX,technology,2000
2000-06-20,0.015501890062972735,MTCAX,technology,2000
2000-06-21,0.0058208381493327415,MTCAX,technology,2000
2000-06-22,-0.0006387727904173558,MTCAX,technology,2000
2000-06-23,-0.011729628997362997,MTCAX,technology,2000
2000-06-26,0.0039021407405468687,MTCAX,technology,2000
2000-06-27,0.0013219020956710646,MTCAX,technology,2000
2000-06-28,0.01363490991280146,MTCAX,technology,2000
2000-06-29,0.010497509412986501,MTCAX,technology,2000
2000-06-30,0.006553156138165402,MTCAX,technology,2000
2000-07-03,-0.011505940124150037,MTCAX,technology,2000
2000-07-05,-0.010264933208022048,MTCAX,technology,2000
2000-07-06,0.009023357418908404,MTCAX,technology,2000
2000-07-07,-0.001738036513792656,MTCAX,technology,2000
2000-07-10,0.002473112907104328,MTCAX,technology,2000
2000-07-11,-0.0023204029259370944,MTCAX,technology,2000
2000-07-12,0.02451993193347684,MTCAX,technology,2000
2000-07-13,0.03408854808232861,MTCAX,technology,2000
2000-07-14,-0.012050137442295439,MTCAX,technology,2000
2000-07-17,0.014241444165080705,MTCAX,technology,2000
2000-07-18,-0.01970039557789033,MTCAX,technology,2000
2000-07-19,-0.021078233187993393,MTCAX,technology,2000
2000-07-20,0.015220536683507983,MTCAX,technology,2000
2000-07-21,0.01366476391915621,MTCAX,technology,2000
2000-07-24,-0.014862988778058311,MTCAX,technology,2000
2000-07-25,0.002716679472294893,MTCAX,technology,2000
2000-07-26,0.004093702486840687,MTCAX,technology,2000
2000-07-27,-0.04510468452924209,MTCAX,technology,2000
2000-07-28,-0.008433669120875537,MTCAX,technology,2000
2000-07-31,0.01578518251766834,MTCAX,technology,2000
2000-08-01,-0.03268740200638133,MTCAX,technology,2000
2000-08-02,-0.007975889643156035,MTCAX,technology,2000
2000-08-03,0.011595157054623535,MTCAX,technology,2000
2000-08-04,0.01935888704385388,MTCAX,technology,2000
2000-08-07,0.0009911034206931818,MTCAX,technology,2000
2000-08-08,-0.007252714522538834,MTCAX,technology,2000
2000-08-09,0.007218526512572635,MTCAX,technology,2000
2000-08-10,-0.006361725574900133,MTCAX,technology,2000
2000-08-11,-0.006219852372332479,MTCAX,technology,2000
2000-08-14,-0.00629031006569547,MTCAX,technology,2000
2000-08-15,0.012720832345299136,MTCAX,technology,2000
2000-08-16,0.01885936158613175,MTCAX,technology,2000
2000-08-17,0.011093868556581118,MTCAX,technology,2000
2000-08-18,0.009611182875287803,MTCAX,technology,2000
2000-08-21,-0.006451853346329282,MTCAX,technology,2000
2000-08-22,0.007532932116438238,MTCAX,technology,2000
2000-08-23,0.007360593326278037,MTCAX,technology,2000
2000-08-24,0.006275137395966424,MTCAX,technology,2000
2000-08-25,0.0014511389588809467,MTCAX,technology,2000
2000-08-28,0.006368901588245438,MTCAX,technology,2000
2000-08-29,0.010900586694969053,MTCAX,technology,2000
2000-08-30,0.02662009079491869,MTCAX,technology,2000
2000-08-31,0.006408657699578955,MTCAX,technology,2000
2000-09-01,-0.0021326655499716604,MTCAX,technology,2000
2000-09-05,0.0056816321780455625,MTCAX,technology,2000
2000-09-06,-0.009865881975556566,MTCAX,technology,2000
2000-09-07,0.008015061623478757,MTCAX,technology,2000
2000-09-08,-0.02677779025464943,MTCAX,technology,2000
2000-09-11,-0.02085375359405686,MTCAX,technology,2000
2000-09-12,-0.0026092264490559496,MTCAX,technology,2000
2000-09-13,0.011940000740048013,MTCAX,technology,2000
2000-09-14,0.011804494666395101,MTCAX,technology,2000
2000-09-15,0.015288364971906741,MTCAX,technology,2000
2000-09-18,-0.012463534670039545,MTCAX,technology,2000
2000-09-19,0.03128225705168577,MTCAX,technology,2000
2000-09-20,0.01818760558587253,MTCAX,technology,2000
2000-09-21,0.00589005682532779,MTCAX,technology,2000
2000-09-22,-0.009796195832034834,MTCAX,technology,2000
2000-09-25,0.019153757655454205,MTCAX,technology,2000
2000-09-26,0.011255177614372017,MTCAX,technology,2000
2000-09-27,-0.01647420711537287,MTCAX,technology,2000
2000-09-28,0.01712707380068682,MTCAX,technology,2000
2000-09-29,-0.010526964786417955,MTCAX,technology,2000
2000-10-02,-0.03776873062126036,MTCAX,technology,2000
2000-10-03,-0.030660212256727125,MTCAX,technology,2000
2000-10-04,0.013501260058427587,MTCAX,technology,2000
2000-10-05,-0.012226632450984036,MTCAX,technology,2000
2000-10-06,-0.004957904382076168,MTCAX,technology,2000
2000-10-09,0.029812372168169333,MTCAX,technology,2000
2000-10-10,-0.013938043358192858,MTCAX,technology,2000
2000-10-11,-0.0027279540661759357,MTCAX,technology,2000
2000-10-12,0.008215940337952199,MTCAX,technology,2000
2000-10-13,0.03882481157350046,MTCAX,technology,2000
2000-10-16,0.015589596688559705,MTCAX,technology,2000
2000-10-17,0.023073976397776013,MTCAX,technology,2000
2000-10-18,-0.018087667532933154,MTCAX,technology,2000
2000-10-19,-0.004812041930240818,MTCAX,technology,2000
2000-10-20,0.03445046053353675,MTCAX,technology,2000
2000-10-23,-0.007973688960384025,MTCAX,technology,2000
2000-10-24,-0.008691533053284827,MTCAX,technology,2000
2000-10-25,-0.026701072340395156,MTCAX,technology,2000
2000-10-26,-0.003824689012310369,MTCAX,technology,2000
2000-10-27,-0.03095211547932968,MTCAX,technology,2000
2000-10-30,-0.06371268680387167,MTCAX,technology,2000
2000-10-31,0.05239640900419969,MTCAX,technology,2000
2000-11-01,0.006556032021412585,MTCAX,technology,2000
2000-11-02,0.02750630253590625,MTCAX,technology,2000
2000-11-03,0.02613287958225183,MTCAX,technology,2000
2000-11-06,-0.017547851319486687,MTCAX,technology,2000
2000-11-07,-0.005318798265216065,MTCAX,technology,2000
2000-11-08,-0.02399780571998144,MTCAX,technology,2000
2000-11-09,-0.013425679407412665,MTCAX,technology,2000
2000-11-10,-0.012411306840790094,MTCAX,technology,2000
2000-11-13,-0.01992949533236269,MTCAX,technology,2000
2000-11-14,0.030817677418532835,MTCAX,technology,2000
2000-11-15,-0.0015352547136447446,MTCAX,technology,2000
2000-11-16,-0.029344397498697602,MTCAX,technology,2000
2000-11-17,-0.006355726734549408,MTCAX,technology,2000
2000-11-20,-0.048874619281503565,MTCAX,technology,2000
2000-11-21,-0.01777197206461561,MTCAX,technology,2000
2000-11-22,-0.01406661961678813,MTCAX,technology,2000
2000-11-24,0.03358733725279135,MTCAX,technology,2000
2000-11-27,-0.029839279065032767,MTCAX,technology,2000
2000-11-28,-0.042752457724646004,MTCAX,technology,2000
2000-11-29,-0.034724555282958466,MTCAX,technology,2000
2000-11-30,-0.0026989718935604996,MTCAX,technology,2000
2000-12-01,0.00040969470088482994,MTCAX,technology,2000
2000-12-04,0.01866723285138175,MTCAX,technology,2000
2000-12-05,0.0762830068505041,MTCAX,technology,2000
2000-12-06,0.01340055478259965,MTCAX,technology,2000
2000-12-07,0.007422163576161593,MTCAX,technology,2000
2000-12-08,0.08061031937991878,MTCAX,technology,2000
2000-12-11,-0.023397518086076804,MTCAX,technology,2000
2000-12-12,-0.02441514219690372,MTCAX,technology,2000
2000-12-13,-0.021443987630343206,MTCAX,technology,2000
2000-12-14,-0.01401856010943367,MTCAX,technology,2000
2000-12-15,0.027933719842252368,MTCAX,technology,2000
2000-12-18,-0.054921020139853394,MTCAX,technology,2000
2000-12-19,-0.009687714274713224,MTCAX,technology,2000
2000-12-20,-0.03807053374562039,MTCAX,technology,2000
2000-12-21,-0.018734325875281954,MTCAX,technology,2000
2000-12-22,0.052258268308072,MTCAX,technology,2000
2000-12-26,-0.03171400050760456,MTCAX,technology,2000
2000-12-27,0.01371883753058165,MTCAX,technology,2000
2000-12-28,0.011667920949184679,MTCAX,technology,2000
2000-12-29,-0.009024319562796292,MTCAX,technology,2000
2001-01-03,0.05738757874275201,MTCAX,technology,2001
2001-01-04,0.022088272152065717,MTCAX,technology,2001
2001-01-05,-0.0356154995141723,MTCAX,technology,2001
2001-01-08,-0.027439888951951506,MTCAX,technology,2001
2001-01-09,0.031364109178102326,MTCAX,technology,2001
2001-01-10,0.00888825867521844,MTCAX,technology,2001
2001-01-11,0.04979435695474344,MTCAX,technology,2001
2001-01-12,0.005624310834046444,MTCAX,technology,2001
2001-01-16,-0.025066452093786724,MTCAX,technology,2001
2001-01-17,0.030153430060925662,MTCAX,technology,2001
2001-01-18,0.005827434881329058,MTCAX,technology,2001
2001-01-19,0.012246002141150052,MTCAX,technology,2001
2001-01-22,-0.018395669504280055,MTCAX,technology,2001
2001-01-23,0.015604654054898796,MTCAX,technology,2001
2001-01-24,0.0004919499208012159,MTCAX,technology,2001
2001-01-25,-0.03965631243130352,MTCAX,technology,2001
2001-01-26,0.01326347997828855,MTCAX,technology,2001
2001-01-29,0.011089676176532358,MTCAX,technology,2001
2001-01-30,-0.014232564752500678,MTCAX,technology,2001
2001-01-31,-0.01496762151482684,MTCAX,technology,2001
2001-02-01,-0.016383214238511815,MTCAX,technology,2001
2001-02-02,-0.0035042620381286263,MTCAX,technology,2001
2001-02-05,-0.026018867217695044,MTCAX,technology,2001
2001-02-06,0.009967451681560836,MTCAX,technology,2001
2001-02-07,-0.02599533565527754,MTCAX,technology,2001
2001-02-08,0.0054183643860206895,MTCAX,technology,2001
2001-02-09,-0.013924710981601526,MTCAX,technology,2001
2001-02-12,-0.0314042427700446,MTCAX,technology,2001
2001-02-13,-0.0046252261880496345,MTCAX,technology,2001
2001-02-14,0.03551479966974186,MTCAX,technology,2001
2001-02-15,0.024672059007471003,MTCAX,technology,2001
2001-02-16,-0.01931202902071459,MTCAX,technology,2001
2001-02-20,-0.023365029881677803,MTCAX,technology,2001
2001-02-21,0.013441209832284251,MTCAX,technology,2001
2001-02-22,-0.02727322750116004,MTCAX,technology,2001
2001-02-23,0.03080975279792357,MTCAX,technology,2001
2001-02-26,-0.02455526309272022,MTCAX,technology,2001
2001-02-27,-0.04097546182337057,MTCAX,technology,2001
2001-02-28,0.006976089045370296,MTCAX,technology,2001
2001-03-01,0.01317830188273107,MTCAX,technology,2001
2001-03-02,-0.03130237990881363,MTCAX,technology,2001
2001-03-05,-0.016956602462415822,MTCAX,technology,2001
2001-03-06,0.01872459290010742,MTCAX,technology,2001
2001-03-07,-0.007289681655880812,MTCAX,technology,2001
2001-03-08,-0.045543532841657755,MTCAX,technology,2001
2001-03-09,0.00393227839999135,MTCAX,technology,2001
2001-03-12,0.01736928210364702,MTCAX,technology,2001
2001-03-13,0.03190062310534119,MTCAX,technology,2001
2001-03-14,0.016058432246300984,MTCAX,technology,2001
2001-03-15,-0.030886765431920895,MTCAX,technology,2001
2001-03-16,0.00783602421287502,MTCAX,technology,2001
2001-03-19,0.0025040773218225967,MTCAX,technology,2001
2001-03-20,0.001407285708666918,MTCAX,technology,2001
2001-03-21,0.024339408124114104,MTCAX,technology,2001
2001-03-22,0.0673405568531223,MTCAX,technology,2001
2001-03-23,-0.033707563120096394,MTCAX,technology,2001
2001-03-26,-0.037200568458511024,MTCAX,technology,2001
2001-03-27,-0.019975398740069462,MTCAX,technology,2001
2001-03-28,-0.030800567400536973,MTCAX,technology,2001
2001-03-29,-0.04123480407957687,MTCAX,technology,2001
2001-03-30,-0.009242735219737497,MTCAX,technology,2001
2001-04-02,0.010127325721085365,MTCAX,technology,2001
2001-04-03,-0.027419676032088808,MTCAX,technology,2001
2001-04-04,-0.020726418928712027,MTCAX,technology,2001
2001-04-05,0.05303755469201664,MTCAX,technology,2001
2001-04-06,-0.004110769733071749,MTCAX,technology,2001
2001-04-09,-0.0032261220326501652,MTCAX,technology,2001
2001-04-10,0.06681752162039742,MTCAX,technology,2001
2001-04-11,0.026133912238463206,MTCAX,technology,2001
2001-04-12,0.0014812600472578902,MTCAX,technology,2001
2001-04-16,-0.010465324154448154,MTCAX,technology,2001
2001-04-17,-0.018618704691790215,MTCAX,technology,2001
2001-04-18,0.018459681904255315,MTCAX,technology,2001
2001-04-19,0.0491573468731753,MTCAX,technology,2001
2001-04-20,0.015343820450274463,MTCAX,technology,2001
2001-04-23,-0.026850796451794383,MTCAX,technology,2001
2001-04-24,-0.016321814954339302,MTCAX,technology,2001
2001-04-25,-0.000466111383097028,MTCAX,technology,2001
2001-04-26,-0.023057186878726824,MTCAX,technology,2001
2001-04-27,0.00027615572347531453,MTCAX,technology,2001
2001-04-30,0.010043204203592008,MTCAX,technology,2001
2001-05-01,0.02244075211351941,MTCAX,technology,2001
2001-05-02,0.04061967730171086,MTCAX,technology,2001
2001-05-03,-0.012777566457746123,MTCAX,technology,2001
2001-05-04,-0.02122574101734216,MTCAX,technology,2001
2001-05-07,0.004025750742667141,MTCAX,technology,2001
2001-05-08,0.015770298885149987,MTCAX,technology,2001
2001-05-09,-0.011861729183846259,MTCAX,technology,2001
2001-05-10,-0.021932592245043854,MTCAX,technology,2001
2001-05-11,-1.4397958594819169e-05,MTCAX,technology,2001
2001-05-14,-0.02195134251753827,MTCAX,technology,2001
2001-05-15,-0.007763505219867557,MTCAX,technology,2001
2001-05-16,0.0028896950713317854,MTCAX,technology,2001
2001-05-17,0.02010037841511955,MTCAX,technology,2001
2001-05-18,-0.01117129389529093,MTCAX,technology,2001
2001-05-21,0.024322229070547357,MTCAX,technology,2001
2001-05-22,0.0034573234998610796,MTCAX,technology,2001
2001-05-23,-0.0003620790658006856,MTCAX,technology,2001
2001-05-24,0.008326043590289506,MTCAX,technology,2001
2001-05-25,0.010267600798906745,MTCAX,technology,2001
2001-05-29,-0.02197283485796776,MTCAX,technology,2001
2001-05-30,-0.013997020732176728,MTCAX,technology,2001
2001-05-31,0.0005848473589110184,MTCAX,technology,2001
2001-06-01,-0.0008577357818629668,MTCAX,technology,2001
2001-06-04,-0.015338510554255643,MTCAX,technology,2001
2001-06-05,0.0192575465001956,MTCAX,technology,2001
2001-06-06,0.016398283499068536,MTCAX,technology,2001
2001-06-07,0.01700305048313383,MTCAX,technology,2001
2001-06-08,-0.006532407288704901,MTCAX,technology,2001
2001-06-11,-0.009600968670784827,MTCAX,technology,2001
2001-06-12,0.003021226577504071,MTCAX,technology,2001
2001-06-13,-0.013564054343995498,MTCAX,technology,2001
2001-06-14,0.0026543663163635864,MTCAX,technology,2001
2001-06-15,-0.008456889471978148,MTCAX,technology,2001
2001-06-18,-0.013811040233730958,MTCAX,technology,2001
2001-06-19,-0.0032013738716818356,MTCAX,technology,2001
2001-06-20,0.012993458978284609,MTCAX,technology,2001
2001-06-21,-0.011445851509149427,MTCAX,technology,2001
2001-06-22,0.0077974411192194976,MTCAX,technology,2001
2001-06-25,0.021954851142524812,MTCAX,technology,2001
2001-06-26,0.008348510393021886,MTCAX,technology,2001
2001-06-27,0.011192122825248584,MTCAX,technology,2001
2001-06-28,0.012941332525855836,MTCAX,technology,2001
2001-06-29,-0.007320350979821526,MTCAX,technology,2001
2001-07-02,0.00039904447190588707,MTCAX,technology,2001
2001-07-03,-0.01931482193386873,MTCAX,technology,2001
2001-07-05,0.005638824438420523,MTCAX,technology,2001
2001-07-06,-0.00861769156241788,MTCAX,technology,2001
2001-07-09,-0.0053601253561294734,MTCAX,technology,2001
2001-07-10,-0.013339872198603085,MTCAX,technology,2001
2001-07-11,-0.011763231503162698,MTCAX,technology,2001
2001-07-12,0.024182092179776064,MTCAX,technology,2001
2001-07-13,-0.02288232590670657,MTCAX,technology,2001
2001-07-16,-0.013316524421540417,MTCAX,technology,2001
2001-07-17,0.00626660356283033,MTCAX,technology,2001
2001-07-18,-0.03817094919804564,MTCAX,technology,2001
2001-07-19,-0.00012121037088445863,MTCAX,technology,2001
2001-07-20,-0.002415206792045075,MTCAX,technology,2001
2001-07-23,0.026115747408682513,MTCAX,technology,2001
2001-07-24,0.0012763703973422552,MTCAX,technology,2001
2001-07-25,-0.012818151607492665,MTCAX,technology,2001
2001-07-26,0.027409665522893874,MTCAX,technology,2001
2001-07-27,0.016788968508390005,MTCAX,technology,2001
2001-07-30,-0.007637867686849279,MTCAX,technology,2001
2001-07-31,-0.006643847632176694,MTCAX,technology,2001
2001-08-01,0.021748835320309783,MTCAX,technology,2001
2001-08-02,0.006504365953926656,MTCAX,technology,2001
2001-08-03,-0.00390742738338665,MTCAX,technology,2001
2001-08-06,0.010565422688192883,MTCAX,technology,2001
2001-08-07,-0.015629098208016882,MTCAX,technology,2001
2001-08-08,-7.286327787033031e-05,MTCAX,technology,2001
2001-08-09,-0.008300989852505398,MTCAX,technology,2001
2001-08-10,-0.015092258678281794,MTCAX,technology,2001
2001-08-13,0.020466145359559935,MTCAX,technology,2001
2001-08-14,-0.01119314286585225,MTCAX,technology,2001
2001-08-15,-0.021847133557771247,MTCAX,technology,2001
2001-08-16,-0.008599388683732816,MTCAX,technology,2001
2001-08-17,0.0009324108201609199,MTCAX,technology,2001
2001-08-20,-0.02576028569347424,MTCAX,technology,2001
2001-08-21,0.005357104391601204,MTCAX,technology,2001
2001-08-22,0.00030779337578481017,MTCAX,technology,2001
2001-08-23,-0.006066538950454446,MTCAX,technology,2001
2001-08-24,0.02112043591453984,MTCAX,technology,2001
2001-08-27,0.015766383829113627,MTCAX,technology,2001
2001-08-28,-0.005251290107218268,MTCAX,technology,2001
2001-08-29,-0.0074636377234529976,MTCAX,technology,2001
2001-08-30,0.002758154648429628,MTCAX,technology,2001
2001-08-31,-0.0014598895635331375,MTCAX,technology,2001
2001-09-04,-0.02609243193150121,MTCAX,technology,2001
2001-09-05,-0.042821593602167085,MTCAX,technology,2001
2001-09-06,0.004047465145144952,MTCAX,technology,2001
2001-09-07,0.03891205900537496,MTCAX,technology,2001
2001-09-10,-0.018344258711600874,MTCAX,technology,2001
2001-09-17,0.10652856341912004,MTCAX,technology,2001
2001-09-18,-0.11637856415167885,MTCAX,technology,2001
2001-09-19,0.03044222250520457,MTCAX,technology,2001
2001-09-20,0.033274494309909405,MTCAX,technology,2001
2001-09-21,-0.015501857590130279,MTCAX,technology,2001
2001-09-24,0.00032776754826219223,MTCAX,technology,2001
2001-09-25,-0.034427393493117735,MTCAX,technology,2001
2001-09-26,-0.05673817843044972,MTCAX,technology,2001
2001-09-27,-0.04120337068984942,MTCAX,technology,2001
2001-09-28,-0.022766812346056462,MTCAX,technology,2001
2001-10-01,-0.029576378059940414,MTCAX,technology,2001
2001-10-02,-0.007610460710948008,MTCAX,technology,2001
2001-10-03,0.0910562097588846,MTCAX,technology,2001
2001-10-04,0.036703095384165246,MTCAX,technology,2001
2001-10-05,0.014514603875265729,MTCAX,technology,2001
2001-10-08,0.032829017762823286,MTCAX,technology,2001
2001-10-09,-0.017980794917573657,MTCAX,technology,2001
2001-10-10,0.0020249393416113606,MTCAX,technology,2001
2001-10-11,0.04882891417438138,MTCAX,technology,2001
2001-10-12,0.022655494543898445,MTCAX,technology,2001
2001-10-15,-0.013171895684253565,MTCAX,technology,2001
2001-10-16,0.011844569475918222,MTCAX,technology,2001
2001-10-17,-0.015340749461653404,MTCAX,technology,2001
2001-10-18,0.0013494914545876518,MTCAX,technology,2001
2001-10-19,0.013194348642146605,MTCAX,technology,2001
2001-10-22,-0.025312469090672626,MTCAX,technology,2001
2001-10-23,0.010590643312967184,MTCAX,technology,2001
2001-10-24,0.05011259800265267,MTCAX,technology,2001
2001-10-25,0.002289126899594318,MTCAX,technology,2001
2001-10-26,-0.015257363710283542,MTCAX,technology,2001
2001-10-29,0.002498610104267822,MTCAX,technology,2001
2001-10-30,-0.0061535073395843805,MTCAX,technology,2001
2001-10-31,0.02189737698086017,MTCAX,technology,2001
2001-11-01,-0.0060785921980641075,MTCAX,technology,2001
2001-11-02,-0.015695864088074305,MTCAX,technology,2001
2001-11-05,0.01449548107921608,MTCAX,technology,2001
2001-11-06,-0.015138743968433836,MTCAX,technology,2001
2001-11-07,0.011394473423177627,MTCAX,technology,2001
2001-11-08,-0.02302151781065466,MTCAX,technology,2001
2001-11-09,0.004675736150538358,MTCAX,technology,2001
2001-11-12,0.026830516497285347,MTCAX,technology,2001
2001-11-13,-0.01575632606349279,MTCAX,technology,2001
2001-11-14,-0.004492873377324825,MTCAX,technology,2001
2001-11-15,-0.0017339508130691625,MTCAX,technology,2001
2001-11-16,0.015562768413553108,MTCAX,technology,2001
2001-11-19,-0.0050978019354554135,MTCAX,technology,2001
2001-11-20,-0.03312118557658185,MTCAX,technology,2001
2001-11-21,0.012724348959529822,MTCAX,technology,2001
2001-11-23,-0.013264768068006798,MTCAX,technology,2001
2001-11-26,0.02786075050332983,MTCAX,technology,2001
2001-11-27,0.014286803095049046,MTCAX,technology,2001
2001-11-28,-0.004486466180453799,MTCAX,technology,2001
2001-11-29,0.0003510460774351319,MTCAX,technology,2001
2001-11-30,-0.0014336410174474214,MTCAX,technology,2001
2001-12-03,-0.004093908816788819,MTCAX,technology,2001
2001-12-04,0.014826539183586153,MTCAX,technology,2001
2001-12-05,0.03183082254861782,MTCAX,technology,2001
2001-12-06,0.006178961103708798,MTCAX,technology,2001
2001-12-07,-0.01014012777653253,MTCAX,technology,2001
2001-12-10,0.019712798403080486,MTCAX,technology,2001
2001-12-11,0.018005263527029435,MTCAX,technology,2001
2001-12-12,0.008022861281949487,MTCAX,technology,2001
2001-12-13,-0.008899008096076966,MTCAX,technology,2001
2001-12-14,-0.014851301949333876,MTCAX,technology,2001
2001-12-17,-0.004204848676494701,MTCAX,technology,2001
2001-12-18,0.0018733120473385032,MTCAX,technology,2001
2001-12-19,-0.03628665862011307,MTCAX,technology,2001
2001-12-20,-0.03113102469702029,MTCAX,technology,2001
2001-12-21,0.011685895495017935,MTCAX,technology,2001
2001-12-24,-0.0013009884516743944,MTCAX,technology,2001
2001-12-26,-0.0019902665455652484,MTCAX,technology,2001
2001-12-27,0.0003284928357050274,MTCAX,technology,2001
2001-12-28,0.010049628182735072,MTCAX,technology,2001
2001-12-29,0.0001787506644410289,MTCAX,technology,2001
2001-12-30,0.0001787506644410289,MTCAX,technology,2001
2001-12-31,0.0001787506644410289,MTCAX,technology,2001
2002-01-01,0.0007760942294880473,MTCAX,technology,2002
2002-01-03,0.02961695652918264,MTCAX,technology,2002
2002-01-04,0.0019079902368352997,MTCAX,technology,2002
2002-01-07,-0.002985612310480206,MTCAX,technology,2002
2002-01-08,0.004975629583932131,MTCAX,technology,2002
2002-01-09,0.010127399654380035,MTCAX,technology,2002
2002-01-10,-0.004804936153222852,MTCAX,technology,2002
2002-01-11,0.0075237302138000985,MTCAX,technology,2002
2002-01-14,-0.015428541983625827,MTCAX,technology,2002
2002-01-15,-0.011066890904091523,MTCAX,technology,2002
2002-01-16,-0.012214982796028478,MTCAX,technology,2002
2002-01-17,0.023270950197591102,MTCAX,technology,2002
2002-01-18,-0.020567624632339146,MTCAX,technology,2002
2002-01-22,-0.026099872878795692,MTCAX,technology,2002
2002-01-23,0.02983141977460841,MTCAX,technology,2002
2002-01-24,0.015146665771234523,MTCAX,technology,2002
2002-01-25,-0.005893322321888176,MTCAX,technology,2002
2002-01-28,0.003910482545645839,MTCAX,technology,2002
2002-01-29,0.02270149006197386,MTCAX,technology,2002
2002-01-30,-0.0174856519411093,MTCAX,technology,2002
2002-01-31,-0.023464896240276867,MTCAX,technology,2002
2002-02-01,0.00032821258757913165,MTCAX,technology,2002
2002-02-04,-0.008773172325107902,MTCAX,technology,2002
2002-02-05,-0.014165057678335001,MTCAX,technology,2002
2002-02-06,-0.00179427927541984,MTCAX,technology,2002
2002-02-07,-0.015867160080806474,MTCAX,technology,2002
2002-02-08,0.010502966407858128,MTCAX,technology,2002
2002-02-11,0.006444753467048311,MTCAX,technology,2002
2002-02-12,-0.001353157273506743,MTCAX,technology,2002
2002-02-13,-0.00022336102151118004,MTCAX,technology,2002
2002-02-14,-0.012647848111969387,MTCAX,technology,2002
2002-02-15,-0.015890895182148576,MTCAX,technology,2002
2002-02-19,-0.01614805592434217,MTCAX,technology,2002
2002-02-20,-0.009085421309783778,MTCAX,technology,2002
2002-02-21,-0.025688198235744128,MTCAX,technology,2002
2002-02-22,-0.013949813848530406,MTCAX,technology,2002
2002-02-25,0.022414848441652244,MTCAX,technology,2002
2002-02-26,0.007935600629751918,MTCAX,technology,2002
2002-02-27,-0.021409959055707927,MTCAX,technology,2002
2002-02-28,-0.027447048365111353,MTCAX,technology,2002
2002-03-01,0.04648883231068844,MTCAX,technology,2002
2002-03-04,0.0397169213361489,MTCAX,technology,2002
2002-03-05,0.02155485842170941,MTCAX,technology,2002
2002-03-06,-0.024898147836174347,MTCAX,technology,2002
2002-03-07,0.0029487373358244714,MTCAX,technology,2002
2002-03-08,0.03707085483100857,MTCAX,technology,2002
2002-03-11,0.003997097660921135,MTCAX,technology,2002
2002-03-12,-0.022614733230648942,MTCAX,technology,2002
2002-03-13,-0.013739919610847518,MTCAX,technology,2002
2002-03-14,0.00562387671834977,MTCAX,technology,2002
2002-03-15,-0.01686365191924607,MTCAX,technology,2002
2002-03-18,0.005270459459643796,MTCAX,technology,2002
2002-03-19,-0.005171560778559178,MTCAX,technology,2002
2002-03-20,-0.008542408406200134,MTCAX,technology,2002
2002-03-21,0.029442241852868818,MTCAX,technology,2002
2002-03-22,-0.008403451586603257,MTCAX,technology,2002
2002-03-25,-0.012843772500824996,MTCAX,technology,2002
2002-03-26,-0.0027129380437734656,MTCAX,technology,2002
2002-03-27,0.004855004714776248,MTCAX,technology,2002
2002-03-28,0.016101821363987745,MTCAX,technology,2002
2002-04-01,0.015585611497233209,MTCAX,technology,2002
2002-04-02,-0.03970480838164277,MTCAX,technology,2002
2002-04-03,-0.0049954705911298865,MTCAX,technology,2002
2002-04-04,0.005804092759483691,MTCAX,technology,2002
2002-04-05,-0.018791526817642602,MTCAX,technology,2002
2002-04-08,0.0018232410362804927,MTCAX,technology,2002
2002-04-09,-0.022072064907275105,MTCAX,technology,2002
2002-04-10,-0.01676498245763907,MTCAX,technology,2002
2002-04-11,0.004894857469293558,MTCAX,technology,2002
2002-04-12,0.032904875941160754,MTCAX,technology,2002
2002-04-15,0.020339017854615976,MTCAX,technology,2002
2002-04-16,0.020741408439514608,MTCAX,technology,2002
2002-04-17,-0.011064705781814144,MTCAX,technology,2002
2002-04-18,-0.006045399843206467,MTCAX,technology,2002
2002-04-19,-0.01783236270670066,MTCAX,technology,2002
2002-04-22,-0.006118943440592394,MTCAX,technology,2002
2002-04-23,-0.021840996011691538,MTCAX,technology,2002
2002-04-24,-0.013281574337343281,MTCAX,technology,2002
2002-04-25,-2.1174163876984896e-05,MTCAX,technology,2002
2002-04-26,-0.020393948616790652,MTCAX,technology,2002
2002-04-29,-0.003978495183772274,MTCAX,technology,2002
2002-04-30,0.016150164494924235,MTCAX,technology,2002
2002-05-01,-0.02993728587711934,MTCAX,technology,2002
2002-05-02,-0.025732236998459848,MTCAX,technology,2002
2002-05-03,-0.01415492767450481,MTCAX,technology,2002
2002-05-06,0.0001548059355826123,MTCAX,technology,2002
2002-05-07,-0.012397730865043831,MTCAX,technology,2002
2002-05-08,0.08229923577719733,MTCAX,technology,2002
2002-05-09,-0.01753940817887965,MTCAX,technology,2002
2002-05-10,-0.005799980127989483,MTCAX,technology,2002
2002-05-13,0.007625389795524726,MTCAX,technology,2002
2002-05-14,0.021209351262551617,MTCAX,technology,2002
2002-05-15,0.0041466098726523366,MTCAX,technology,2002
2002-05-16,-0.001002007912993287,MTCAX,technology,2002
2002-05-17,0.002843194987459688,MTCAX,technology,2002
2002-05-20,-0.005098962728411968,MTCAX,technology,2002
2002-05-21,-0.013871637692313992,MTCAX,technology,2002
2002-05-22,-0.0036319872975019932,MTCAX,technology,2002
2002-05-23,-0.006329072143916269,MTCAX,technology,2002
2002-05-24,0.0004021966623739652,MTCAX,technology,2002
2002-05-28,0.0038296671116592003,MTCAX,technology,2002
2002-05-29,-0.011574632311447591,MTCAX,technology,2002
2002-05-30,0.011070562303800716,MTCAX,technology,2002
2002-05-31,-0.009639532922526171,MTCAX,technology,2002
2002-06-03,0.005773724208922082,MTCAX,technology,2002
2002-06-04,0.012636568420398675,MTCAX,technology,2002
2002-06-05,-0.0064953482105041755,MTCAX,technology,2002
2002-06-06,0.008924201341616155,MTCAX,technology,2002
2002-06-07,-0.0052779354708912575,MTCAX,technology,2002
2002-06-10,-0.00875622022370414,MTCAX,technology,2002
2002-06-11,0.004846602749159722,MTCAX,technology,2002
2002-06-12,-0.0014015561903371358,MTCAX,technology,2002
2002-06-13,0.0008115835583375232,MTCAX,technology,2002
2002-06-14,0.00023587579652618222,MTCAX,technology,2002
2002-06-17,-0.00455035554044312,MTCAX,technology,2002
2002-06-18,-0.018920681152548694,MTCAX,technology,2002
2002-06-19,-0.0033814663845544712,MTCAX,technology,2002
2002-06-20,-0.009325222204347165,MTCAX,technology,2002
2002-06-21,-0.006016099294779902,MTCAX,technology,2002
2002-06-24,0.006200078143760311,MTCAX,technology,2002
2002-06-25,0.0005212673576485624,MTCAX,technology,2002
2002-06-26,-0.0016101342425245036,MTCAX,technology,2002
2002-06-27,0.0019493641668410049,MTCAX,technology,2002
2002-06-28,0.017738132284684394,MTCAX,technology,2002
2002-07-01,-0.022210044328825024,MTCAX,technology,2002
2002-07-02,0.0015824100646503018,MTCAX,technology,2002
2002-07-03,0.031265291298331464,MTCAX,technology,2002
2002-07-05,-0.006350556002689536,MTCAX,technology,2002
2002-07-08,-0.01515254276189051,MTCAX,technology,2002
2002-07-09,0.006529023073613412,MTCAX,technology,2002
2002-07-10,0.023376533679244128,MTCAX,technology,2002
2002-07-11,0.017102855625372566,MTCAX,technology,2002
2002-07-12,0.02436273311109349,MTCAX,technology,2002
2002-07-15,0.008120932967880686,MTCAX,technology,2002
2002-07-16,0.028816094653874136,MTCAX,technology,2002
2002-07-17,0.009790112674463468,MTCAX,technology,2002
2002-07-18,0.014081422806559232,MTCAX,technology,2002
2002-07-19,0.027614936237016732,MTCAX,technology,2002
2002-07-22,0.018916115629158653,MTCAX,technology,2002
2002-07-23,0.006991256040386459,MTCAX,technology,2002
2002-07-24,-0.04461728393902106,MTCAX,technology,2002
2002-07-25,-0.0472743910323608,MTCAX,technology,2002
2002-07-26,-0.020162638647890873,MTCAX,technology,2002
2002-07-29,-0.004538935085260279,MTCAX,technology,2002
2002-07-30,0.005477456977205922,MTCAX,technology,2002
2002-07-31,-0.02893717911328011,MTCAX,technology,2002
2002-08-01,-0.005551092585926558,MTCAX,technology,2002
2002-08-02,0.006890313297857508,MTCAX,technology,2002
2002-08-05,0.0071736962192026285,MTCAX,technology,2002
2002-08-06,-0.0037065822166829424,MTCAX,technology,2002
2002-08-07,-0.0024431567166755958,MTCAX,technology,2002
2002-08-08,-0.012946250903066454,MTCAX,technology,2002
2002-08-09,-0.019178097867014906,MTCAX,technology,2002
2002-08-12,0.004905835585553042,MTCAX,technology,2002
2002-08-13,0.005843691443436105,MTCAX,technology,2002
2002-08-14,0.00487993424842624,MTCAX,technology,2002
2002-08-15,0.0012871523790267438,MTCAX,technology,2002
2002-08-16,0.03321370183170194,MTCAX,technology,2002
2002-08-19,0.00014333527418503716,MTCAX,technology,2002
2002-08-20,-0.00291397737821748,MTCAX,technology,2002
2002-08-21,0.0037702633502834336,MTCAX,technology,2002
2002-08-22,-0.0016558551664191592,MTCAX,technology,2002
2002-08-23,-0.008391993189906369,MTCAX,technology,2002
2002-08-26,-0.006360366548002178,MTCAX,technology,2002
2002-08-27,-0.013958863509807785,MTCAX,technology,2002
2002-08-28,0.006243626723186704,MTCAX,technology,2002
2002-08-29,0.011290123723899027,MTCAX,technology,2002
2002-08-30,-0.009288593988518785,MTCAX,technology,2002
2002-09-03,0.013045744065706959,MTCAX,technology,2002
2002-09-04,0.0017550198413237364,MTCAX,technology,2002
2002-09-05,-0.01797442189883779,MTCAX,technology,2002
2002-09-06,0.02132827653758346,MTCAX,technology,2002
2002-09-09,-0.0050211755639065735,MTCAX,technology,2002
2002-09-10,0.0034756059057851167,MTCAX,technology,2002
2002-09-11,0.011402747516871424,MTCAX,technology,2002
2002-09-12,-0.010383131858195654,MTCAX,technology,2002
2002-09-13,0.002133755220717752,MTCAX,technology,2002
2002-09-16,-0.0191603712958072,MTCAX,technology,2002
2002-09-17,0.01580824450819677,MTCAX,technology,2002
2002-09-18,-0.0015980229382626648,MTCAX,technology,2002
2002-09-19,-0.008136094927761267,MTCAX,technology,2002
2002-09-20,-0.006940421137090036,MTCAX,technology,2002
2002-09-23,-0.016468069685924305,MTCAX,technology,2002
2002-09-24,0.011115211245290685,MTCAX,technology,2002
2002-09-25,0.008450353164848413,MTCAX,technology,2002
2002-09-26,-0.033949849146786074,MTCAX,technology,2002
2002-09-27,0.03660538269872925,MTCAX,technology,2002
2002-09-30,-0.014125464218502526,MTCAX,technology,2002
2002-10-01,-0.024714965285283955,MTCAX,technology,2002
2002-10-02,0.022204826765595993,MTCAX,technology,2002
2002-10-03,-0.007212291031957571,MTCAX,technology,2002
2002-10-04,-0.009290186507203205,MTCAX,technology,2002
2002-10-07,0.008752014148425753,MTCAX,technology,2002
2002-10-08,-0.015858066971617252,MTCAX,technology,2002
2002-10-09,0.027575071127346987,MTCAX,technology,2002
2002-10-10,0.013696484292256283,MTCAX,technology,2002
2002-10-11,-0.002359415629061043,MTCAX,technology,2002
2002-10-14,-0.0036639310661683916,MTCAX,technology,2002
2002-10-15,0.007886154578394144,MTCAX,technology,2002
2002-10-16,-0.026998376030032606,MTCAX,technology,2002
2002-10-17,0.02641489320909492,MTCAX,technology,2002
2002-10-18,-0.0001493741158034717,MTCAX,technology,2002
2002-10-21,0.006543777170189537,MTCAX,technology,2002
2002-10-22,-0.00870500248286032,MTCAX,technology,2002
2002-10-23,0.01349647980236063,MTCAX,technology,2002
2002-10-24,0.018838732564867622,MTCAX,technology,2002
2002-10-25,0.0057219582704176805,MTCAX,technology,2002
2002-10-28,0.005427724012185149,MTCAX,technology,2002
2002-10-29,-0.005142708229503058,MTCAX,technology,2002
2002-10-30,0.016651763444156472,MTCAX,technology,2002
2002-10-31,0.020431970594258053,MTCAX,technology,2002
2002-11-01,-0.0006052672951686565,MTCAX,technology,2002
2002-11-04,0.026102520874867006,MTCAX,technology,2002
2002-11-05,-0.015240590225140006,MTCAX,technology,2002
2002-11-06,-0.0014032496105544287,MTCAX,technology,2002
2002-11-07,-0.0023273820968505096,MTCAX,technology,2002
2002-11-08,0.004613394285108211,MTCAX,technology,2002
2002-11-11,-0.01283389884372322,MTCAX,technology,2002
2002-11-12,0.01860263503486286,MTCAX,technology,2002
2002-11-13,0.010398764489080784,MTCAX,technology,2002
2002-11-14,0.014085471985741498,MTCAX,technology,2002
2002-11-15,-0.006952934370809691,MTCAX,technology,2002
2002-11-18,0.007909637677875503,MTCAX,technology,2002
2002-11-19,-0.016961272400436184,MTCAX,technology,2002
2002-11-20,0.0070001814162224535,MTCAX,technology,2002
2002-11-21,0.022724197177129004,MTCAX,technology,2002
2002-11-22,0.009717890422716155,MTCAX,technology,2002
2002-11-25,0.012606977999473102,MTCAX,technology,2002
2002-11-26,0.00046221271185997725,MTCAX,technology,2002
2002-11-27,-0.002684199465118907,MTCAX,technology,2002
2002-11-29,0.005403474732854507,MTCAX,technology,2002
2002-12-02,0.001233667107393035,MTCAX,technology,2002
2002-12-03,-0.015764929002082845,MTCAX,technology,2002
2002-12-04,-0.017070420535283362,MTCAX,technology,2002
2002-12-05,0.0006241684363561019,MTCAX,technology,2002
2002-12-06,-0.0027816378470741964,MTCAX,technology,2002
2002-12-09,-0.006855014481632393,MTCAX,technology,2002
2002-12-10,0.006273548824025622,MTCAX,technology,2002
2002-12-11,0.004066116408680495,MTCAX,technology,2002
2002-12-12,-0.0020980371620945818,MTCAX,technology,2002
2002-12-13,-0.006749706747753964,MTCAX,technology,2002
2002-12-16,-0.007008030552918352,MTCAX,technology,2002
2002-12-17,0.00737632594627991,MTCAX,technology,2002
2002-12-18,-0.011553967596877802,MTCAX,technology,2002
2002-12-19,0.004824311024048508,MTCAX,technology,2002
2002-12-20,-0.01044100359618306,MTCAX,technology,2002
2002-12-23,0.009740411880354995,MTCAX,technology,2002
2002-12-24,0.00224185071786725,MTCAX,technology,2002
2002-12-26,-0.00459917587736017,MTCAX,technology,2002
2002-12-27,0.01924284914725627,MTCAX,technology,2002
2002-12-30,-0.0226115481092525,MTCAX,technology,2002
2003-01-03,0.0034758605376852547,MTCAX,technology,2003
2003-01-06,0.009097372101352995,MTCAX,technology,2003
2003-01-07,0.01339485788054562,MTCAX,technology,2003
2003-01-08,-0.006546585313265636,MTCAX,technology,2003
2003-01-09,0.009763508084534661,MTCAX,technology,2003
2003-01-10,0.002092244883855057,MTCAX,technology,2003
2003-01-13,-0.007168365071837013,MTCAX,technology,2003
2003-01-14,0.0058249434229876405,MTCAX,technology,2003
2003-01-15,-0.009151151705910262,MTCAX,technology,2003
2003-01-16,-0.00981904689761312,MTCAX,technology,2003
2003-01-17,-0.020340728842050907,MTCAX,technology,2003
2003-01-21,0.00897709295870709,MTCAX,technology,2003
2003-01-22,0.005946365564175977,MTCAX,technology,2003
2003-01-23,0.023889585013670292,MTCAX,technology,2003
2003-01-24,-0.0002972873450515917,MTCAX,technology,2003
2003-01-27,0.001404743776224144,MTCAX,technology,2003
2003-01-28,0.004833977120299499,MTCAX,technology,2003
2003-01-29,-0.00046114584021776997,MTCAX,technology,2003
2003-01-30,-0.002968382019840732,MTCAX,technology,2003
2003-01-31,-0.027108086825194163,MTCAX,technology,2003
2003-02-03,-0.004513343364520328,MTCAX,technology,2003
2003-02-04,-0.0007137700421956435,MTCAX,technology,2003
2003-02-05,0.004449229119066832,MTCAX,technology,2003
2003-02-06,0.0008005209947116228,MTCAX,technology,2003
2003-02-07,-0.0013528951673959025,MTCAX,technology,2003
2003-02-10,-0.0008647927301227501,MTCAX,technology,2003
2003-02-11,0.013859655533327759,MTCAX,technology,2003
2003-02-12,0.005176382548768042,MTCAX,technology,2003
2003-02-13,-0.007709677578575221,MTCAX,technology,2003
2003-02-14,0.004205986663690653,MTCAX,technology,2003
2003-02-18,0.012082132120005841,MTCAX,technology,2003
2003-02-19,8.015612561833741e-05,MTCAX,technology,2003
2003-02-20,0.009465172638228827,MTCAX,technology,2003
2003-02-21,-0.005225103745912691,MTCAX,technology,2003
2003-02-24,0.001335252425205758,MTCAX,technology,2003
2003-02-25,-0.0073876477266382875,MTCAX,technology,2003
2003-02-26,-0.007737367474402467,MTCAX,technology,2003
2003-02-27,-0.003928558096419021,MTCAX,technology,2003
2003-02-28,0.007813963401381392,MTCAX,technology,2003
2003-03-03,-0.0010176297914665563,MTCAX,technology,2003
2003-03-04,0.007144827376905385,MTCAX,technology,2003
2003-03-05,-0.00623293856198788,MTCAX,technology,2003
2003-03-06,0.005608715947873052,MTCAX,technology,2003
2003-03-07,-0.009260479581829248,MTCAX,technology,2003
2003-03-10,0.005640734364313678,MTCAX,technology,2003
2003-03-11,0.007340458602554263,MTCAX,technology,2003
2003-03-12,-0.0037883289097763694,MTCAX,technology,2003
2003-03-13,-0.00018114723617138062,MTCAX,technology,2003
2003-03-14,-0.0011537045868769591,MTCAX,technology,2003
2003-03-17,0.0033494452621720336,MTCAX,technology,2003
2003-03-18,-0.0031878161854142946,MTCAX,technology,2003
2003-03-19,-0.02132828552699045,MTCAX,technology,2003
2003-03-20,9.424225999331683e-05,MTCAX,technology,2003
2003-03-21,-0.016983147483790435,MTCAX,technology,2003
2003-03-24,0.005320894420105589,MTCAX,technology,2003
2003-03-25,0.0035761117773150837,MTCAX,technology,2003
2003-03-26,0.006277140562803296,MTCAX,technology,2003
2003-03-27,-0.006150410423340769,MTCAX,technology,2003
2003-03-28,-0.0066192599126417475,MTCAX,technology,2003
2003-03-31,0.0015235235352225283,MTCAX,technology,2003
2003-04-01,-0.018599300596240213,MTCAX,technology,2003
2003-04-02,0.003492117191735998,MTCAX,technology,2003
2003-04-03,0.010806973102777381,MTCAX,technology,2003
2003-04-04,-0.022550739363319278,MTCAX,technology,2003
2003-04-07,0.01698839981027015,MTCAX,technology,2003
2003-04-08,-0.018507056726879415,MTCAX,technology,2003
2003-04-09,0.000452513133991337,MTCAX,technology,2003
2003-04-10,-0.004130569373939019,MTCAX,technology,2003
2003-04-11,0.003421114949638321,MTCAX,technology,2003
2003-04-14,-0.007210601335812243,MTCAX,technology,2003
2003-04-15,-0.007544400864558254,MTCAX,technology,2003
2003-04-16,0.03495129889007664,MTCAX,technology,2003
2003-04-17,0.004441912530343369,MTCAX,technology,2003
2003-04-21,-2.1136631017282205e-05,MTCAX,technology,2003
2003-04-22,-0.004515129933545466,MTCAX,technology,2003
2003-04-23,0.0015328463726302262,MTCAX,technology,2003
2003-04-24,-0.0022952073358369976,MTCAX,technology,2003
2003-04-25,-0.004088709238412348,MTCAX,technology,2003
2003-04-28,-0.0009135724624437444,MTCAX,technology,2003
2003-04-29,0.0074266511112158744,MTCAX,technology,2003
2003-04-30,-0.00349981805506412,MTCAX,technology,2003
2003-05-01,0.004430341272180703,MTCAX,technology,2003
2003-05-02,0.006890882930299071,MTCAX,technology,2003
2003-05-05,0.005194635344070654,MTCAX,technology,2003
2003-05-06,0.003586315881903784,MTCAX,technology,2003
2003-05-07,-0.0032030564162375437,MTCAX,technology,2003
2003-05-08,-0.0032596041257980466,MTCAX,technology,2003
2003-05-09,0.0054770162566520585,MTCAX,technology,2003
2003-05-12,-0.00028863059895261126,MTCAX,technology,2003
2003-05-13,0.0006270630722971875,MTCAX,technology,2003
2003-05-14,0.003907137714758216,MTCAX,technology,2003
2003-05-15,0.005750002200785373,MTCAX,technology,2003
2003-05-16,-0.0012200955610895715,MTCAX,technology,2003
2003-05-19,-0.009425609330653558,MTCAX,technology,2003
2003-05-20,0.0038704320658547943,MTCAX,technology,2003
2003-05-21,-0.0029582518875887285,MTCAX,technology,2003
2003-05-22,2.7681980461323127e-05,MTCAX,technology,2003
2003-05-23,0.004340405031849252,MTCAX,technology,2003
2003-05-27,0.007217883364252071,MTCAX,technology,2003
2003-05-28,0.004433987926512861,MTCAX,technology,2003
2003-05-29,0.012850960373313845,MTCAX,technology,2003
2003-05-30,-0.006057020797377459,MTCAX,technology,2003
2003-06-02,-0.0043030338481826625,MTCAX,technology,2003
2003-06-03,-0.0029310651265167325,MTCAX,technology,2003
2003-06-04,0.007903860792815093,MTCAX,technology,2003
2003-06-05,-0.001465581116199207,MTCAX,technology,2003
2003-06-06,-0.005633792215399183,MTCAX,technology,2003
2003-06-09,-0.005504168230501944,MTCAX,technology,2003
2003-06-10,-0.002783336014011737,MTCAX,technology,2003
2003-06-11,-0.007416507851011348,MTCAX,technology,2003
2003-06-12,-0.0029857971994214126,MTCAX,technology,2003
2003-06-13,-0.0078063238224917765,MTCAX,technology,2003
2003-06-16,-0.006190357766612139,MTCAX,technology,2003
2003-06-17,0.005005419701434826,MTCAX,technology,2003
2003-06-18,0.011388133862980383,MTCAX,technology,2003
2003-06-19,0.010517339572480692,MTCAX,technology,2003
2003-06-20,-0.005273500706528476,MTCAX,technology,2003
2003-06-23,-0.006744409030852513,MTCAX,technology,2003
2003-06-24,-0.009701101163250883,MTCAX,technology,2003
2003-06-25,0.012824450453137072,MTCAX,technology,2003
2003-06-26,0.0031500390707815476,MTCAX,technology,2003
2003-06-27,0.008100427524973237,MTCAX,technology,2003
2003-06-30,0.00012158522558610688,MTCAX,technology,2003
2003-07-01,0.003807646836239402,MTCAX,technology,2003
2003-07-02,0.007090141916050535,MTCAX,technology,2003
2003-07-03,0.0028602010931670675,MTCAX,technology,2003
2003-07-07,0.011646984138301484,MTCAX,technology,2003
2003-07-08,0.010226255380462908,MTCAX,technology,2003
2003-07-09,0.012012802607136615,MTCAX,technology,2003
2003-07-10,-0.0070543956596594674,MTCAX,technology,2003
2003-07-11,-0.005064850000445025,MTCAX,technology,2003
2003-07-14,0.007096318006254277,MTCAX,technology,2003
2003-07-15,0.0001033112895854919,MTCAX,technology,2003
2003-07-16,-4.0387894465099446e-05,MTCAX,technology,2003
2003-07-17,-0.017862380152447427,MTCAX,technology,2003
2003-07-18,-0.004604904543804333,MTCAX,technology,2003
2003-07-21,-0.0020870213786284043,MTCAX,technology,2003
2003-07-22,0.004862593304669786,MTCAX,technology,2003
2003-07-23,0.007775576391459528,MTCAX,technology,2003
2003-07-24,-0.008213965781840483,MTCAX,technology,2003
2003-07-25,-0.009085057871299177,MTCAX,technology,2003
2003-07-28,0.008362483654140575,MTCAX,technology,2003
2003-07-29,-0.0031674775451852964,MTCAX,technology,2003
2003-07-30,-0.00610424440094703,MTCAX,technology,2003
2003-07-31,0.005751906393456187,MTCAX,technology,2003
2003-08-01,0.00870302546780032,MTCAX,technology,2003
2003-08-04,-0.0015640126942784744,MTCAX,technology,2003
2003-08-05,0.006794280108370222,MTCAX,technology,2003
2003-08-06,-0.02230700482085362,MTCAX,technology,2003
2003-08-07,-0.021992899254754207,MTCAX,technology,2003
2003-08-08,-0.01072522580134096,MTCAX,technology,2003
2003-08-11,0.00563760671809008,MTCAX,technology,2003
2003-08-12,0.005228266555528466,MTCAX,technology,2003
2003-08-13,0.01034940145367146,MTCAX,technology,2003
2003-08-14,0.002719209806064751,MTCAX,technology,2003
2003-08-15,-0.00044292931293781314,MTCAX,technology,2003
2003-08-18,0.015701616357790597,MTCAX,technology,2003
2003-08-19,0.006154038493879377,MTCAX,technology,2003
2003-08-20,0.0012762860003837292,MTCAX,technology,2003
2003-08-21,0.010605760806747107,MTCAX,technology,2003
2003-08-22,0.012661583793082918,MTCAX,technology,2003
2003-08-25,-0.008543168044243194,MTCAX,technology,2003
2003-08-26,-0.0013856545182423198,MTCAX,technology,2003
2003-08-27,0.009256186118456694,MTCAX,technology,2003
2003-08-28,0.003933263475296354,MTCAX,technology,2003
2003-08-29,-0.0017973079236103884,MTCAX,technology,2003
2003-09-02,0.0015169146802987456,MTCAX,technology,2003
2003-09-03,0.0020737909662865758,MTCAX,technology,2003
2003-09-04,0.007287777278545786,MTCAX,technology,2003
2003-09-05,0.004711016921719319,MTCAX,technology,2003
2003-09-08,0.00407693386207055,MTCAX,technology,2003
2003-09-09,-0.0031949024860498075,MTCAX,technology,2003
2003-09-10,-0.020754010908184545,MTCAX,technology,2003
2003-09-11,0.005487757976482857,MTCAX,technology,2003
2003-09-12,-0.0015123734466644919,MTCAX,technology,2003
2003-09-15,-0.0028218922374898614,MTCAX,technology,2003
2003-09-16,0.004613726587175626,MTCAX,technology,2003
2003-09-17,-9.80592920912576e-05,MTCAX,technology,2003
2003-09-18,-0.0027863559019567774,MTCAX,technology,2003
2003-09-19,0.0051985366407309155,MTCAX,technology,2003
2003-09-22,-0.00586778769872877,MTCAX,technology,2003
2003-09-23,0.010110323010819107,MTCAX,technology,2003
2003-09-24,-0.005004993617781409,MTCAX,technology,2003
2003-09-25,-0.008713607333180115,MTCAX,technology,2003
2003-09-26,-0.008182229923497349,MTCAX,technology,2003
2003-09-29,0.0042198539249211214,MTCAX,technology,2003
2003-09-30,-0.007034996426131956,MTCAX,technology,2003
2003-10-01,-0.005788807138591017,MTCAX,technology,2003
2003-10-02,-0.0025844492452481178,MTCAX,technology,2003
2003-10-03,0.01795076590612948,MTCAX,technology,2003
2003-10-06,0.0031725520321859643,MTCAX,technology,2003
2003-10-07,0.003990333204204133,MTCAX,technology,2003
2003-10-08,-0.0016297266280358947,MTCAX,technology,2003
2003-10-09,0.006614865416838851,MTCAX,technology,2003
2003-10-10,-0.0004722628198345633,MTCAX,technology,2003
2003-10-13,0.0024481829256344694,MTCAX,technology,2003
2003-10-14,-0.0003480263911296135,MTCAX,technology,2003
2003-10-15,0.0020619470570056838,MTCAX,technology,2003
2003-10-16,-0.004365962662577436,MTCAX,technology,2003
2003-10-17,-0.0040914096113828825,MTCAX,technology,2003
2003-10-20,0.00029931741859574174,MTCAX,technology,2003
2003-10-21,0.013319158819286723,MTCAX,technology,2003
2003-10-22,-0.008583143885129103,MTCAX,technology,2003
2003-10-23,-0.01631862017629305,MTCAX,technology,2003
2003-10-24,-0.013744218799217185,MTCAX,technology,2003
2003-10-27,0.009768760247832697,MTCAX,technology,2003
2003-10-28,0.010147835654452673,MTCAX,technology,2003
2003-10-29,0.003690912250247722,MTCAX,technology,2003
2003-10-30,-0.003006086518443205,MTCAX,technology,2003
2003-10-31,-0.003581808961691874,MTCAX,technology,2003
2003-11-03,0.013983292869488581,MTCAX,technology,2003
2003-11-04,0.0003201221790261012,MTCAX,technology,2003
2003-11-05,0.0032043298661788224,MTCAX,technology,2003
2003-11-06,0.003945945366446865,MTCAX,technology,2003
2003-11-07,0.007203016773356342,MTCAX,technology,2003
2003-11-10,-0.012611213699829423,MTCAX,technology,2003
2003-11-11,-0.008884914626810363,MTCAX,technology,2003
2003-11-12,0.01226810120619835,MTCAX,technology,2003
2003-11-13,-0.006159747618117941,MTCAX,technology,2003
2003-11-14,-0.010308275597104094,MTCAX,technology,2003
2003-11-17,-0.010713428136857696,MTCAX,technology,2003
2003-11-18,0.0017467442576150228,MTCAX,technology,2003
2003-11-19,-0.004336648419022025,MTCAX,technology,2003
2003-11-20,-0.00014749436904139268,MTCAX,technology,2003
2003-11-21,0.0013442577415603233,MTCAX,technology,2003
2003-11-24,0.013847588341413565,MTCAX,technology,2003
2003-11-25,-0.007471205309935877,MTCAX,technology,2003
2003-11-26,0.0040852531773765115,MTCAX,technology,2003
2003-11-28,0.004339314067304463,MTCAX,technology,2003
2003-12-01,0.00011148391748048297,MTCAX,technology,2003
2003-12-02,-0.0013980612190320298,MTCAX,technology,2003
2003-12-03,-0.008136419759834748,MTCAX,technology,2003
2003-12-04,-0.006745396916544984,MTCAX,technology,2003
2003-12-05,-0.007912536011998214,MTCAX,technology,2003
2003-12-08,-0.006797843532841187,MTCAX,technology,2003
2003-12-09,-0.013972883991384164,MTCAX,technology,2003
2003-12-10,-0.00015669052204167174,MTCAX,technology,2003
2003-12-11,0.010553360722342229,MTCAX,technology,2003
2003-12-12,-0.0016860210731221394,MTCAX,technology,2003
2003-12-15,-0.00956841731182504,MTCAX,technology,2003
2003-12-16,-0.009359629660443982,MTCAX,technology,2003
2003-12-17,-0.0078251004435785,MTCAX,technology,2003
2003-12-18,0.009280058464029683,MTCAX,technology,2003
2003-12-19,-0.00340536573378171,MTCAX,technology,2003
2003-12-22,-0.00937839840591463,MTCAX,technology,2003
2003-12-23,0.009092561528531677,MTCAX,technology,2003
2003-12-24,-0.0023383254469642725,MTCAX,technology,2003
2003-12-26,-0.001230234835502299,MTCAX,technology,2003
2003-12-29,-0.0018674929027017763,MTCAX,technology,2003
2003-12-30,-0.0005134311955220895,MTCAX,technology,2003
2004-01-05,0.016395750573571104,MTCAX,technology,2004
2004-01-06,0.0076062256921951505,MTCAX,technology,2004
2004-01-07,0.006099078294375402,MTCAX,technology,2004
2004-01-08,0.0197900273144873,MTCAX,technology,2004
2004-01-09,0.00730156013779033,MTCAX,technology,2004
2004-01-12,0.004998136279546357,MTCAX,technology,2004
2004-01-13,-0.006085174531992768,MTCAX,technology,2004
2004-01-14,-0.00365196584019588,MTCAX,technology,2004
2004-01-15,-0.0021448036116319125,MTCAX,technology,2004
2004-01-16,0.013010677013852782,MTCAX,technology,2004
2004-01-20,0.00790357514369482,MTCAX,technology,2004
2004-01-21,-0.024148528814061064,MTCAX,technology,2004
2004-01-22,-0.006740142194520619,MTCAX,technology,2004
2004-01-23,0.004254838510084272,MTCAX,technology,2004
2004-01-26,-0.005922359247507359,MTCAX,technology,2004
2004-01-27,-0.0004136569401998781,MTCAX,technology,2004
2004-01-28,0.006159629560023541,MTCAX,technology,2004
2004-01-29,-0.018581643270931984,MTCAX,technology,2004
2004-01-30,0.004716616440622513,MTCAX,technology,2004
2004-02-02,-0.009069325903660504,MTCAX,technology,2004
2004-02-03,0.001911998169906839,MTCAX,technology,2004
2004-02-04,-0.019058360756373783,MTCAX,technology,2004
2004-02-05,0.004877875371013153,MTCAX,technology,2004
2004-02-06,0.013032368086436662,MTCAX,technology,2004
2004-02-09,0.001154077014013127,MTCAX,technology,2004
2004-02-10,0.00304325042550154,MTCAX,technology,2004
2004-02-11,-0.007977518003782658,MTCAX,technology,2004
2004-02-12,-0.00654775937411644,MTCAX,technology,2004
2004-02-13,0.0029756197361330205,MTCAX,technology,2004
2004-02-17,0.000759322374068264,MTCAX,technology,2004
2004-02-18,0.0038947762025577965,MTCAX,technology,2004
2004-02-19,-0.010639955993271744,MTCAX,technology,2004
2004-02-20,-0.00769920622561097,MTCAX,technology,2004
2004-02-23,-0.016125782667314376,MTCAX,technology,2004
2004-02-24,0.001988649396102532,MTCAX,technology,2004
2004-02-25,0.009600334337972229,MTCAX,technology,2004
2004-02-26,0.00713926918040626,MTCAX,technology,2004
2004-02-27,-0.002680592482251168,MTCAX,technology,2004
2004-03-01,0.0029542090293017253,MTCAX,technology,2004
2004-03-02,0.0007391400794457565,MTCAX,technology,2004
2004-03-03,-0.009652162860970532,MTCAX,technology,2004
2004-03-04,0.008435876888002842,MTCAX,technology,2004
2004-03-05,-0.00979322708898648,MTCAX,technology,2004
2004-03-08,-0.0037675120633859915,MTCAX,technology,2004
2004-03-09,-0.004463586055127047,MTCAX,technology,2004
2004-03-10,0.008853908648724262,MTCAX,technology,2004
2004-03-11,0.0074168056218836455,MTCAX,technology,2004
2004-03-12,0.004807178816872454,MTCAX,technology,2004
2004-03-15,-0.010112147836860413,MTCAX,technology,2004
2004-03-16,-0.0005386811646792,MTCAX,technology,2004
2004-03-17,0.004287160598882338,MTCAX,technology,2004
2004-03-18,-0.007670787532617988,MTCAX,technology,2004
2004-03-19,0.00945625569825143,MTCAX,technology,2004
2004-03-22,-0.004452190739778077,MTCAX,technology,2004
2004-03-23,0.0030633159289348098,MTCAX,technology,2004
2004-03-24,0.002753702003177554,MTCAX,technology,2004
2004-03-25,0.01438035487883954,MTCAX,technology,2004
2004-03-26,-0.001027180289813841,MTCAX,technology,2004
2004-03-29,-0.00019824982292416735,MTCAX,technology,2004
2004-03-30,0.0009731474586364463,MTCAX,technology,2004
2004-03-31,-0.00558132797081557,MTCAX,technology,2004
2004-04-01,0.006922712166287278,MTCAX,technology,2004
2004-04-02,0.009796796714359709,MTCAX,technology,2004
2004-04-05,0.0008049308221590133,MTCAX,technology,2004
2004-04-06,-0.007337997261216565,MTCAX,technology,2004
2004-04-07,0.0018549919015682413,MTCAX,technology,2004
2004-04-08,0.007053817339199726,MTCAX,technology,2004
2004-04-12,-0.0021620004488668355,MTCAX,technology,2004
2004-04-13,0.004367396623557479,MTCAX,technology,2004
2004-04-14,-0.006172130259012984,MTCAX,technology,2004
2004-04-15,-0.010097170889166462,MTCAX,technology,2004
2004-04-16,-0.021923377953303458,MTCAX,technology,2004
2004-04-19,0.012714774156387814,MTCAX,technology,2004
2004-04-20,0.005631157619442627,MTCAX,technology,2004
2004-04-21,0.008466794190525612,MTCAX,technology,2004
2004-04-22,-0.004914313299625947,MTCAX,technology,2004
2004-04-23,0.004481913130411501,MTCAX,technology,2004
2004-04-26,-0.009283976008470356,MTCAX,technology,2004
2004-04-27,-0.008439848292821146,MTCAX,technology,2004
2004-04-28,-0.009966448770513836,MTCAX,technology,2004
2004-04-29,-0.012534195828988114,MTCAX,technology,2004
2004-04-30,-0.010057104451959087,MTCAX,technology,2004
2004-05-03,-0.011853153579010048,MTCAX,technology,2004
2004-05-04,0.020641793979513053,MTCAX,technology,2004
2004-05-05,-0.00322681483613624,MTCAX,technology,2004
2004-05-06,0.004005495499407593,MTCAX,technology,2004
2004-05-07,0.020375616345146598,MTCAX,technology,2004
2004-05-10,0.001672586185119217,MTCAX,technology,2004
2004-05-11,0.008164404700720482,MTCAX,technology,2004
2004-05-12,-0.0136329405849614,MTCAX,technology,2004
2004-05-13,0.005501416931434367,MTCAX,technology,2004
2004-05-14,-0.018939760310350308,MTCAX,technology,2004
2004-05-17,-0.00714265122035933,MTCAX,technology,2004
2004-05-18,0.008865967649302735,MTCAX,technology,2004
2004-05-19,0.018840090297804143,MTCAX,technology,2004
2004-05-20,-0.008998696264031717,MTCAX,technology,2004
2004-05-21,0.008635147613879166,MTCAX,technology,2004
2004-05-24,0.001344338073170131,MTCAX,technology,2004
2004-05-25,0.00028562828544202723,MTCAX,technology,2004
2004-05-26,-0.0023906542149928667,MTCAX,technology,2004
2004-05-27,0.0013077977371790256,MTCAX,technology,2004
2004-05-28,0.004021411123656891,MTCAX,technology,2004
2004-06-01,0.004721819861722828,MTCAX,technology,2004
2004-06-02,-0.010666689229358175,MTCAX,technology,2004
2004-06-03,-0.005119739177997008,MTCAX,technology,2004
2004-06-04,0.0037235574293603864,MTCAX,technology,2004
2004-06-07,0.0052072658101546335,MTCAX,technology,2004
2004-06-08,0.0006382249665875519,MTCAX,technology,2004
2004-06-09,-0.004470046642419925,MTCAX,technology,2004
2004-06-10,-0.003430844583108117,MTCAX,technology,2004
2004-06-14,-0.007291647344850126,MTCAX,technology,2004
2004-06-15,0.0037864881265968087,MTCAX,technology,2004
2004-06-16,-0.0026446936145223467,MTCAX,technology,2004
2004-06-17,-0.008658183081652261,MTCAX,technology,2004
2004-06-18,-0.0023069453745371035,MTCAX,technology,2004
2004-06-21,-0.0019388149837521245,MTCAX,technology,2004
2004-06-22,0.006927143809744913,MTCAX,technology,2004
2004-06-23,0.0082830280880724,MTCAX,technology,2004
2004-06-24,0.0040277831840296405,MTCAX,technology,2004
2004-06-25,0.01771671582507039,MTCAX,technology,2004
2004-06-28,2.684227460896145e-05,MTCAX,technology,2004
2004-06-29,0.0043900044102580535,MTCAX,technology,2004
2004-06-30,-0.0008220917815333429,MTCAX,technology,2004
2004-07-01,-0.0008628750394963636,MTCAX,technology,2004
2004-07-02,-0.007697450164425427,MTCAX,technology,2004
2004-07-06,-0.01820376442930919,MTCAX,technology,2004
2004-07-07,-0.003883598842188891,MTCAX,technology,2004
2004-07-08,-0.007907395617759237,MTCAX,technology,2004
2004-07-09,0.00497484468515764,MTCAX,technology,2004
2004-07-12,-0.01317333076980423,MTCAX,technology,2004
2004-07-13,-0.00535971821475464,MTCAX,technology,2004
2004-07-14,-0.00823421071527849,MTCAX,technology,2004
2004-07-15,0.00519368828256636,MTCAX,technology,2004
2004-07-16,-0.016684689313802036,MTCAX,technology,2004
2004-07-19,0.0017979388193429214,MTCAX,technology,2004
2004-07-20,0.0004710555188663125,MTCAX,technology,2004
2004-07-21,0.003240307568640719,MTCAX,technology,2004
2004-07-22,0.007793745650721694,MTCAX,technology,2004
2004-07-23,-0.007058533795130821,MTCAX,technology,2004
2004-07-26,-0.006838447069599987,MTCAX,technology,2004
2004-07-27,0.0007331451086731999,MTCAX,technology,2004
2004-07-28,-0.007774434722176656,MTCAX,technology,2004
2004-07-29,0.009444826251873376,MTCAX,technology,2004
2004-07-30,0.0006342569806496367,MTCAX,technology,2004
2004-08-02,0.0024136988488483555,MTCAX,technology,2004
2004-08-03,-0.010406877785983723,MTCAX,technology,2004
2004-08-04,-0.0031888945135225147,MTCAX,technology,2004
2004-08-05,0.009402315791919677,MTCAX,technology,2004
2004-08-06,-0.002934266672607811,MTCAX,technology,2004
2004-08-09,-0.004249983198033833,MTCAX,technology,2004
2004-08-10,2.322446720341015e-05,MTCAX,technology,2004
2004-08-11,-0.023983547245113156,MTCAX,technology,2004
2004-08-12,-0.004853006075973505,MTCAX,technology,2004
2004-08-13,0.00033081928662023665,MTCAX,technology,2004
2004-08-16,-0.0011535080400155405,MTCAX,technology,2004
2004-08-17,0.004312071907699678,MTCAX,technology,2004
2004-08-18,0.010636715439781435,MTCAX,technology,2004
2004-08-19,0.0008954705745668166,MTCAX,technology,2004
2004-08-20,-0.0007582687117078171,MTCAX,technology,2004
2004-08-23,0.008144870424910237,MTCAX,technology,2004
2004-08-24,-0.0066953634685617824,MTCAX,technology,2004
2004-08-25,0.005992711804991979,MTCAX,technology,2004
2004-08-26,-0.005901173234342687,MTCAX,technology,2004
2004-08-27,0.002253154298530861,MTCAX,technology,2004
2004-08-30,-0.0013252575053185386,MTCAX,technology,2004
2004-08-31,-0.007293479571413241,MTCAX,technology,2004
2004-09-01,0.0067675558017732795,MTCAX,technology,2004
2004-09-02,-0.006018366849458279,MTCAX,technology,2004
2004-09-03,-0.015074078018885748,MTCAX,technology,2004
2004-09-07,-0.002797174455770094,MTCAX,technology,2004
2004-09-08,0.004173609102857459,MTCAX,technology,2004
2004-09-09,0.0198990407731037,MTCAX,technology,2004
2004-09-10,0.014414411436205476,MTCAX,technology,2004
2004-09-13,0.009301589490598313,MTCAX,technology,2004
2004-09-14,0.0011605573144114279,MTCAX,technology,2004
2004-09-15,-0.0017111918105352716,MTCAX,technology,2004
2004-09-16,-0.000266712384712332,MTCAX,technology,2004
2004-09-17,-0.002115804988119685,MTCAX,technology,2004
2004-09-20,0.011866372933142782,MTCAX,technology,2004
2004-09-21,0.0013813386992342636,MTCAX,technology,2004
2004-09-22,-0.001667380462719921,MTCAX,technology,2004
2004-09-23,0.01095885038005749,MTCAX,technology,2004
2004-09-24,-0.015002306134890389,MTCAX,technology,2004
2004-09-27,-5.592219802632442e-05,MTCAX,technology,2004
2004-09-28,-0.004082443379358586,MTCAX,technology,2004
2004-09-29,0.009398902522297975,MTCAX,technology,2004
2004-09-30,0.005271913167793416,MTCAX,technology,2004
2004-10-01,0.0025606629335593253,MTCAX,technology,2004
2004-10-04,0.007626877026386149,MTCAX,technology,2004
2004-10-05,0.0009009219325824964,MTCAX,technology,2004
2004-10-06,-0.0013438289622333312,MTCAX,technology,2004
2004-10-07,0.006972803907880373,MTCAX,technology,2004
2004-10-08,-0.00626119643012682,MTCAX,technology,2004
2004-10-11,-0.004360382200596564,MTCAX,technology,2004
2004-10-12,0.0014242432931680666,MTCAX,technology,2004
2004-10-13,0.015981553242077392,MTCAX,technology,2004
2004-10-14,0.006390127338898963,MTCAX,technology,2004
2004-10-15,-0.007821791160308648,MTCAX,technology,2004
2004-10-18,0.005893608300464324,MTCAX,technology,2004
2004-10-19,0.015399559011013713,MTCAX,technology,2004
2004-10-20,0.005853010807546524,MTCAX,technology,2004
2004-10-21,0.012488318127171506,MTCAX,technology,2004
2004-10-22,-0.006391892802934417,MTCAX,technology,2004
2004-10-25,-0.0013724970211617367,MTCAX,technology,2004
2004-10-26,-0.020986579663312015,MTCAX,technology,2004
2004-10-27,0.011688096654313303,MTCAX,technology,2004
2004-10-28,-0.00045088166475603384,MTCAX,technology,2004
2004-10-29,0.0007541651254825096,MTCAX,technology,2004
2004-11-01,-0.0023991628883876332,MTCAX,technology,2004
2004-11-02,0.0069868310411247535,MTCAX,technology,2004
2004-11-03,-0.017031799501037025,MTCAX,technology,2004
2004-11-04,-0.010486773671063583,MTCAX,technology,2004
2004-11-05,-0.004202626975318068,MTCAX,technology,2004
2004-11-08,0.004931643667431391,MTCAX,technology,2004
2004-11-09,0.0022655312308225055,MTCAX,technology,2004
2004-11-10,-0.010935318064859888,MTCAX,technology,2004
2004-11-11,0.004214031624979013,MTCAX,technology,2004
2004-11-12,0.006987646342337863,MTCAX,technology,2004
2004-11-15,0.0013170444811281602,MTCAX,technology,2004
2004-11-16,0.0011040420938359836,MTCAX,technology,2004
2004-11-17,0.0062877407870780624,MTCAX,technology,2004
2004-11-18,0.0007058599207875821,MTCAX,technology,2004
2004-11-19,-0.0006914612324519093,MTCAX,technology,2004
2004-11-22,-0.0009602289279337008,MTCAX,technology,2004
2004-11-23,-0.004007834673179913,MTCAX,technology,2004
2004-11-24,0.008187469558528856,MTCAX,technology,2004
2004-11-26,-0.0005969918827025836,MTCAX,technology,2004
2004-11-29,0.008373728190186757,MTCAX,technology,2004
2004-11-30,-0.00606376006350507,MTCAX,technology,2004
2004-12-01,0.00929692991616959,MTCAX,technology,2004
2004-12-02,0.0046887951210736285,MTCAX,technology,2004
2004-12-03,0.0068992765206977325,MTCAX,technology,2004
2004-12-06,0.007448471880810879,MTCAX,technology,2004
2004-12-07,-0.0038732022791077014,MTCAX,technology,2004
2004-12-08,-0.008176358140541327,MTCAX,technology,2004
2004-12-09,-0.006931947720010638,MTCAX,technology,2004
2004-12-10,-0.005367469863007748,MTCAX,technology,2004
2004-12-13,0.0007193263128537873,MTCAX,technology,2004
2004-12-14,-0.005766709601535237,MTCAX,technology,2004
2004-12-15,0.0037206073936103213,MTCAX,technology,2004
2004-12-16,-0.009435781942303014,MTCAX,technology,2004
2004-12-17,0.002755803501394891,MTCAX,technology,2004
2004-12-20,-0.007572497780417479,MTCAX,technology,2004
2004-12-21,-0.0009660673788528928,MTCAX,technology,2004
2004-12-22,0.00020841183599206933,MTCAX,technology,2004
2004-12-23,-0.000613912560789087,MTCAX,technology,2004
2004-12-27,0.00028486242158546737,MTCAX,technology,2004
2004-12-28,0.001139956334234294,MTCAX,technology,2004
2004-12-29,-0.0017115857962008841,MTCAX,technology,2004
2004-12-30,0.005479230830894043,MTCAX,technology,2004
2005-01-05,0.0001242051585723155,MTCAX,technology,2005
2005-01-06,-0.010995878642819111,MTCAX,technology,2005
2005-01-07,0.004754529570130301,MTCAX,technology,2005
2005-01-10,-0.0015341699583325515,MTCAX,technology,2005
2005-01-11,-0.005599954989008993,MTCAX,technology,2005
2005-01-12,0.0034002985014184015,MTCAX,technology,2005
2005-01-13,3.7453169500982486e-05,MTCAX,technology,2005
2005-01-14,0.0037014001772270747,MTCAX,technology,2005
2005-01-18,-0.0016098109044233398,MTCAX,technology,2005
2005-01-19,-0.008684279023248604,MTCAX,technology,2005
2005-01-20,-0.011210267412970208,MTCAX,technology,2005
2005-01-21,-0.0009257275617944333,MTCAX,technology,2005
2005-01-24,-0.012295543153216296,MTCAX,technology,2005
2005-01-25,0.0029686060780356647,MTCAX,technology,2005
2005-01-26,0.014672716135601407,MTCAX,technology,2005
2005-01-27,0.0028061869219419174,MTCAX,technology,2005
2005-01-28,-0.004791031661293305,MTCAX,technology,2005
2005-01-31,0.0075679633777574985,MTCAX,technology,2005
2005-02-01,-0.006601244373884037,MTCAX,technology,2005
2005-02-02,-0.0055250375114707356,MTCAX,technology,2005
2005-02-03,-0.0078908759414588,MTCAX,technology,2005
2005-02-04,0.008848832461649674,MTCAX,technology,2005
2005-02-07,7.640833789125212e-05,MTCAX,technology,2005
2005-02-08,0.0032647439028157116,MTCAX,technology,2005
2005-02-09,-0.010771235813658946,MTCAX,technology,2005
2005-02-10,-0.006131493073254222,MTCAX,technology,2005
2005-02-11,0.006253220976302116,MTCAX,technology,2005
2005-02-14,0.006365490526347041,MTCAX,technology,2005
2005-02-15,0.001774647478551124,MTCAX,technology,2005
2005-02-16,-0.005347327089403215,MTCAX,technology,2005
2005-02-17,-0.006720702267425304,MTCAX,technology,2005
2005-02-18,-0.0038049235451780763,MTCAX,technology,2005
2005-02-22,0.0022522122167990214,MTCAX,technology,2005
2005-02-23,-0.008610821592151843,MTCAX,technology,2005
2005-02-24,0.002540085171366087,MTCAX,technology,2005
2005-02-25,-0.0020585576917049545,MTCAX,technology,2005
2005-02-28,0.0031094751982951893,MTCAX,technology,2005
2005-03-01,0.005238722553747379,MTCAX,technology,2005
2005-03-02,-0.005370195838736722,MTCAX,technology,2005
2005-03-03,-0.008637617597357166,MTCAX,technology,2005
2005-03-04,-0.008168335811157734,MTCAX,technology,2005
2005-03-07,0.009796510440169005,MTCAX,technology,2005
2005-03-08,-0.008932527196703566,MTCAX,technology,2005
2005-03-09,0.004223040360063101,MTCAX,technology,2005
2005-03-10,-6.914337121494141e-05,MTCAX,technology,2005
2005-03-11,-0.0034931670521877777,MTCAX,technology,2005
2005-03-14,-0.004122393445687794,MTCAX,technology,2005
2005-03-15,4.0158988186409644e-05,MTCAX,technology,2005
2005-03-16,-0.0009744707200330122,MTCAX,technology,2005
2005-03-17,-0.005779750453359426,MTCAX,technology,2005
2005-03-18,-0.0007152913751827896,MTCAX,technology,2005
2005-03-21,0.00364720556066603,MTCAX,technology,2005
2005-03-22,-0.0030517972785135718,MTCAX,technology,2005
2005-03-23,0.003884564170121362,MTCAX,technology,2005
2005-03-24,0.0010796878454905883,MTCAX,technology,2005
2005-03-28,0.000814662365680103,MTCAX,technology,2005
2005-03-29,-0.009099335985114965,MTCAX,technology,2005
2005-03-30,0.005120924355073575,MTCAX,technology,2005
2005-03-31,-0.001856588816711806,MTCAX,technology,2005
2005-04-01,0.0032325734256757905,MTCAX,technology,2005
2005-04-04,0.000555105588853801,MTCAX,technology,2005
2005-04-05,-0.006193032365185811,MTCAX,technology,2005
2005-04-06,-0.006090673992581532,MTCAX,technology,2005
2005-04-07,0.007717974215580025,MTCAX,technology,2005
2005-04-08,0.0020767078296350695,MTCAX,technology,2005
2005-04-11,-0.008157379160283612,MTCAX,technology,2005
2005-04-12,-0.0017470359565047652,MTCAX,technology,2005
2005-04-13,-0.003876463297863333,MTCAX,technology,2005
2005-04-14,-0.001624064446602876,MTCAX,technology,2005
2005-04-15,-0.01587754549183641,MTCAX,technology,2005
2005-04-18,-0.00325827896010502,MTCAX,technology,2005
2005-04-19,0.011098795934955063,MTCAX,technology,2005
2005-04-20,0.012813209374437345,MTCAX,technology,2005
2005-04-21,0.005397655688152963,MTCAX,technology,2005
2005-04-22,-0.011084803726456045,MTCAX,technology,2005
2005-04-25,0.005697273102972769,MTCAX,technology,2005
2005-04-26,-0.007564739883977156,MTCAX,technology,2005
2005-04-27,-0.0066329930053235465,MTCAX,technology,2005
2005-04-28,1.2670644509743534e-05,MTCAX,technology,2005
2005-04-29,-0.013961465822734725,MTCAX,technology,2005
2005-05-02,-0.0032979783086126016,MTCAX,technology,2005
2005-05-03,0.0032177215106439622,MTCAX,technology,2005
2005-05-04,0.00596145864941487,MTCAX,technology,2005
2005-05-05,0.0002123141578232455,MTCAX,technology,2005
2005-05-06,0.010584204693480564,MTCAX,technology,2005
2005-05-09,-0.004000880825081198,MTCAX,technology,2005
2005-05-10,0.00297993799028564,MTCAX,technology,2005
2005-05-11,0.0005158341503880117,MTCAX,technology,2005
2005-05-12,0.012316142271165223,MTCAX,technology,2005
2005-05-13,0.01799541984386585,MTCAX,technology,2005
2005-05-16,-0.0011053455722856414,MTCAX,technology,2005
2005-05-17,0.0003172084072375963,MTCAX,technology,2005
2005-05-18,0.0037875479696341495,MTCAX,technology,2005
2005-05-19,0.002678188457383139,MTCAX,technology,2005
2005-05-20,0.009543115032255666,MTCAX,technology,2005
2005-05-23,-0.0022822931261136563,MTCAX,technology,2005
2005-05-24,0.009215928458265675,MTCAX,technology,2005
2005-05-25,-0.008594598529690405,MTCAX,technology,2005
2005-05-26,0.006046787754848777,MTCAX,technology,2005
2005-05-27,0.0004703171328367228,MTCAX,technology,2005
2005-05-31,0.005240629052710697,MTCAX,technology,2005
2005-06-01,0.00036407706829593225,MTCAX,technology,2005
2005-06-02,-5.408063197454103e-05,MTCAX,technology,2005
2005-06-03,-0.005215770083488552,MTCAX,technology,2005
2005-06-06,0.0030946717497981973,MTCAX,technology,2005
2005-06-07,-0.005480019150704457,MTCAX,technology,2005
2005-06-08,-0.004022049686381667,MTCAX,technology,2005
2005-06-09,0.001967361524198353,MTCAX,technology,2005
2005-06-10,-0.006961493246903323,MTCAX,technology,2005
2005-06-13,0.0012845428923693898,MTCAX,technology,2005
2005-06-14,-0.008273518304895897,MTCAX,technology,2005
2005-06-15,0.0014111096008322002,MTCAX,technology,2005
2005-06-16,0.00420228841220901,MTCAX,technology,2005
2005-06-17,-0.0027595060066793525,MTCAX,technology,2005
2005-06-20,-0.0016180370497670096,MTCAX,technology,2005
2005-06-21,0.0050256452106220775,MTCAX,technology,2005
2005-06-22,0.0024552360499950983,MTCAX,technology,2005
2005-06-23,0.005083952461949167,MTCAX,technology,2005
2005-06-24,-0.0018499506641802095,MTCAX,technology,2005
2005-06-27,-0.0050694408326592295,MTCAX,technology,2005
2005-06-28,-0.0017002911272340198,MTCAX,technology,2005
2005-06-29,0.00026714273160545476,MTCAX,technology,2005
2005-06-30,0.0007569590960970589,MTCAX,technology,2005
2005-07-01,-0.0019623128523494626,MTCAX,technology,2005
2005-07-05,0.0009861176500939265,MTCAX,technology,2005
2005-07-06,0.006101125526898981,MTCAX,technology,2005
2005-07-07,-0.00529613971190938,MTCAX,technology,2005
2005-07-08,0.0044147247934302955,MTCAX,technology,2005
2005-07-11,0.0094492569685365,MTCAX,technology,2005
2005-07-12,0.002797567481496074,MTCAX,technology,2005
2005-07-13,0.004023029240152801,MTCAX,technology,2005
2005-07-14,0.004740410724832788,MTCAX,technology,2005
2005-07-15,0.0015452918622783916,MTCAX,technology,2005
2005-07-18,-0.0004611049753744595,MTCAX,technology,2005
2005-07-19,0.009722002176225028,MTCAX,technology,2005
2005-07-20,-0.0014407104829363515,MTCAX,technology,2005
2005-07-21,-0.0039433824616387034,MTCAX,technology,2005
2005-07-22,-0.0047533387148868626,MTCAX,technology,2005
2005-07-25,-0.0037977273387809463,MTCAX,technology,2005
2005-07-26,0.0030204213803715248,MTCAX,technology,2005
2005-07-27,-0.0005686652309383994,MTCAX,technology,2005
2005-07-28,-0.0011008898949382553,MTCAX,technology,2005
2005-07-29,0.0012302844616652554,MTCAX,technology,2005
2005-08-01,0.0006072731547647237,MTCAX,technology,2005
2005-08-02,0.0035829699561075326,MTCAX,technology,2005
2005-08-03,-0.004996670066175407,MTCAX,technology,2005
2005-08-04,-0.0017059690541769788,MTCAX,technology,2005
2005-08-05,-0.006331925263209399,MTCAX,technology,2005
2005-08-08,-0.003764708336706718,MTCAX,technology,2005
2005-08-09,0.0015140254933909665,MTCAX,technology,2005
2005-08-10,-0.0062682401870360095,MTCAX,technology,2005
2005-08-11,0.0013791030809215104,MTCAX,technology,2005
2005-08-12,0.0005884409644779792,MTCAX,technology,2005
2005-08-15,-0.001976915439797622,MTCAX,technology,2005
2005-08-16,-0.0023910174338788014,MTCAX,technology,2005
2005-08-17,0.005573251362718302,MTCAX,technology,2005
2005-08-18,-0.007880881263291943,MTCAX,technology,2005
2005-08-19,-0.004723140303170548,MTCAX,technology,2005
2005-08-22,0.0009954885405580945,MTCAX,technology,2005
2005-08-23,-0.0016072275950640101,MTCAX,technology,2005
2005-08-24,0.003287697577594108,MTCAX,technology,2005
2005-08-25,-0.002695614261679601,MTCAX,technology,2005
2005-08-26,0.003407756765883422,MTCAX,technology,2005
2005-08-29,-0.003414039634624246,MTCAX,technology,2005
2005-08-30,0.004087293052836828,MTCAX,technology,2005
2005-08-31,-0.007322853762074107,MTCAX,technology,2005
2005-09-01,0.0017456125702439477,MTCAX,technology,2005
2005-09-02,0.003955094428153912,MTCAX,technology,2005
2005-09-06,0.0037342188343861063,MTCAX,technology,2005
2005-09-07,-0.0007539597986955741,MTCAX,technology,2005
2005-09-08,0.004345267021918404,MTCAX,technology,2005
2005-09-09,-0.0025640889265304365,MTCAX,technology,2005
2005-09-12,0.005210513879724099,MTCAX,technology,2005
2005-09-13,0.005518705848560261,MTCAX,technology,2005
2005-09-14,-0.006295547140733873,MTCAX,technology,2005
2005-09-15,-0.005175397226551736,MTCAX,technology,2005
2005-09-16,-0.0006970659054894423,MTCAX,technology,2005
2005-09-19,-0.0033893827408461685,MTCAX,technology,2005
2005-09-20,0.007360180970881618,MTCAX,technology,2005
2005-09-21,-0.0028816330870414606,MTCAX,technology,2005
2005-09-22,-0.003757501194476112,MTCAX,technology,2005
2005-09-23,-0.0021024830172973936,MTCAX,technology,2005
2005-09-26,0.0009511682854723693,MTCAX,technology,2005
2005-09-27,-0.0010102540392102615,MTCAX,technology,2005
2005-09-28,-1.1356550177560971e-05,MTCAX,technology,2005
2005-09-29,0.0073598535149822925,MTCAX,technology,2005
2005-09-30,0.010028225332505906,MTCAX,technology,2005
2005-10-03,0.0035088705827801677,MTCAX,technology,2005
2005-10-04,0.009142736867413397,MTCAX,technology,2005
2005-10-05,0.0011535981033294115,MTCAX,technology,2005
2005-10-06,-0.008694178300478273,MTCAX,technology,2005
2005-10-07,-0.0002637234919173081,MTCAX,technology,2005
2005-10-10,0.007346520189158574,MTCAX,technology,2005
2005-10-11,-0.008774234421152445,MTCAX,technology,2005
2005-10-12,-0.008007341423809742,MTCAX,technology,2005
2005-10-13,0.0039286002661884185,MTCAX,technology,2005
2005-10-14,0.0005890561944978528,MTCAX,technology,2005
2005-10-17,-0.0005062639025697861,MTCAX,technology,2005
2005-10-18,0.001849677572976785,MTCAX,technology,2005
2005-10-19,-0.007949582994309394,MTCAX,technology,2005
2005-10-20,0.011024801514274344,MTCAX,technology,2005
2005-10-21,0.01980091053447896,MTCAX,technology,2005
2005-10-24,-0.002568182766855394,MTCAX,technology,2005
2005-10-25,-0.004682699443665233,MTCAX,technology,2005
2005-10-26,-0.000470374028178437,MTCAX,technology,2005
2005-10-27,-0.004816542766795001,MTCAX,technology,2005
2005-10-28,-0.009168565952552353,MTCAX,technology,2005
2005-10-31,0.018335959189079435,MTCAX,technology,2005
2005-11-01,-0.00647628603317316,MTCAX,technology,2005
2005-11-02,-0.006387385738657078,MTCAX,technology,2005
2005-11-03,0.006466890396468157,MTCAX,technology,2005
2005-11-04,0.005533007833572976,MTCAX,technology,2005
2005-11-07,0.0010218961471965323,MTCAX,technology,2005
2005-11-08,-0.0012107466062297055,MTCAX,technology,2005
2005-11-09,-0.002545087616447916,MTCAX,technology,2005
2005-11-10,0.0016665489367425103,MTCAX,technology,2005
2005-11-11,0.00280660512956638,MTCAX,technology,2005
2005-11-14,0.0036267438524757844,MTCAX,technology,2005
2005-11-15,-0.007009516488578912,MTCAX,technology,2005
2005-11-16,-0.00540994407004688,MTCAX,technology,2005
2005-11-17,0.00432734598565216,MTCAX,technology,2005
2005-11-18,-0.0030817874253407347,MTCAX,technology,2005
2005-11-21,-0.010548498671308767,MTCAX,technology,2005
2005-11-22,0.003992726294509564,MTCAX,technology,2005
2005-11-23,0.0013537368566316132,MTCAX,technology,2005
2005-11-25,-0.0009363059993111915,MTCAX,technology,2005
2005-11-28,0.003939840273193822,MTCAX,technology,2005
2005-11-29,-0.004251109199920506,MTCAX,technology,2005
2005-11-30,0.004305090225764864,MTCAX,technology,2005
2005-12-01,0.012698966302893647,MTCAX,technology,2005
2005-12-02,-0.00038934951081491705,MTCAX,technology,2005
2005-12-05,-0.004150752308789578,MTCAX,technology,2005
2005-12-06,8.88567804134717e-06,MTCAX,technology,2005
2005-12-07,0.002704552359967502,MTCAX,technology,2005
2005-12-08,-0.0036416017381568095,MTCAX,technology,2005
2005-12-09,0.0044971500675009355,MTCAX,technology,2005
2005-12-12,0.004073977416575586,MTCAX,technology,2005
2005-12-13,-0.006033512424449145,MTCAX,technology,2005
2005-12-14,-0.003106628298611732,MTCAX,technology,2005
2005-12-15,0.00281496100714728,MTCAX,technology,2005
2005-12-16,0.0062281165080097555,MTCAX,technology,2005
2005-12-19,-0.004114974783388489,MTCAX,technology,2005
2005-12-20,-0.0021406670043238075,MTCAX,technology,2005
2005-12-21,0.005492550341502913,MTCAX,technology,2005
2005-12-22,0.006863494444232593,MTCAX,technology,2005
2005-12-23,0.0033636921842558677,MTCAX,technology,2005
2005-12-27,0.0021443371778120373,MTCAX,technology,2005
2005-12-28,0.0016703657319141886,MTCAX,technology,2005
2005-12-29,0.0003408984310378062,MTCAX,technology,2005
2005-12-30,-0.001735929927006218,MTCAX,technology,2005
2006-01-04,0.006280911051268455,MTCAX,technology,2006
2006-01-05,0.010039389746159831,MTCAX,technology,2006
2006-01-06,0.006702797724066137,MTCAX,technology,2006
2006-01-09,0.00017871375786388454,MTCAX,technology,2006
2006-01-10,-0.0023938577067036267,MTCAX,technology,2006
2006-01-11,-0.0007129347784054201,MTCAX,technology,2006
2006-01-12,-0.0010049788127466392,MTCAX,technology,2006
2006-01-13,0.005219138126307322,MTCAX,technology,2006
2006-01-17,-0.0027873314652918993,MTCAX,technology,2006
2006-01-18,-0.0010269488097612717,MTCAX,technology,2006
2006-01-19,0.00813258714754576,MTCAX,technology,2006
2006-01-20,-0.0006173907162731716,MTCAX,technology,2006
2006-01-23,-0.005123006704947053,MTCAX,technology,2006
2006-01-24,0.006437364081695234,MTCAX,technology,2006
2006-01-25,0.002686505992653628,MTCAX,technology,2006
2006-01-26,-0.010862914671563372,MTCAX,technology,2006
2006-01-27,-0.004513904736477881,MTCAX,technology,2006
2006-01-30,0.007930922754023526,MTCAX,technology,2006
2006-01-31,0.005741212208748185,MTCAX,technology,2006
2006-02-01,-0.009061495617181014,MTCAX,technology,2006
2006-02-02,0.005124888354303279,MTCAX,technology,2006
2006-02-03,0.003254856283483005,MTCAX,technology,2006
2006-02-06,-0.004724271561974002,MTCAX,technology,2006
2006-02-07,0.009808173215422537,MTCAX,technology,2006
2006-02-08,-0.00023946074514083655,MTCAX,technology,2006
2006-02-09,-0.002459646131333772,MTCAX,technology,2006
2006-02-10,0.00620710250041214,MTCAX,technology,2006
2006-02-13,-0.010943271825235933,MTCAX,technology,2006
2006-02-14,-0.012292653052423486,MTCAX,technology,2006
2006-02-15,-0.0021099697276087785,MTCAX,technology,2006
2006-02-16,-0.0019643174320273463,MTCAX,technology,2006
2006-02-17,-0.004797387944312443,MTCAX,technology,2006
2006-02-21,-0.00715515794559573,MTCAX,technology,2006
2006-02-22,0.0021496331252428107,MTCAX,technology,2006
2006-02-23,0.0021368143072996422,MTCAX,technology,2006
2006-02-24,0.00415964765152713,MTCAX,technology,2006
2006-02-27,0.009163610242702012,MTCAX,technology,2006
2006-02-28,0.0050550187948241315,MTCAX,technology,2006
2006-03-01,0.013383085046087142,MTCAX,technology,2006
2006-03-02,-0.0008119522496478215,MTCAX,technology,2006
2006-03-03,0.004808472267571567,MTCAX,technology,2006
2006-03-06,-0.0019049354711452816,MTCAX,technology,2006
2006-03-07,-0.010148155107239085,MTCAX,technology,2006
2006-03-08,-0.009787183235508378,MTCAX,technology,2006
2006-03-09,0.00578190431266342,MTCAX,technology,2006
2006-03-10,-0.008769035824596214,MTCAX,technology,2006
2006-03-13,0.0031696217975657613,MTCAX,technology,2006
2006-03-14,-0.0024942986824064393,MTCAX,technology,2006
2006-03-15,0.002201353997120825,MTCAX,technology,2006
2006-03-16,-0.013369063317187409,MTCAX,technology,2006
2006-03-17,0.006473628335372564,MTCAX,technology,2006
2006-03-20,0.008983470584737046,MTCAX,technology,2006
2006-03-21,-0.0022460600107331464,MTCAX,technology,2006
2006-03-22,-0.005895435546566361,MTCAX,technology,2006
2006-03-23,0.0058576330369493005,MTCAX,technology,2006
2006-03-24,0.005555041301245681,MTCAX,technology,2006
2006-03-27,0.004007087013569852,MTCAX,technology,2006
2006-03-28,0.0022945448734271474,MTCAX,technology,2006
2006-03-29,0.008987831913308668,MTCAX,technology,2006
2006-03-30,0.003498252438646693,MTCAX,technology,2006
2006-03-31,0.0015462191428969342,MTCAX,technology,2006
2006-04-03,-0.003508923140688204,MTCAX,technology,2006
2006-04-04,-0.007327089977845908,MTCAX,technology,2006
2006-04-05,0.0006394514273391485,MTCAX,technology,2006
2006-04-06,0.0071100337601708715,MTCAX,technology,2006
2006-04-07,0.002693782381357361,MTCAX,technology,2006
2006-04-10,-0.011513377019414987,MTCAX,technology,2006
2006-04-11,0.0037704623014895786,MTCAX,technology,2006
2006-04-12,-0.0007707179551697154,MTCAX,technology,2006
2006-04-13,0.009488430945012312,MTCAX,technology,2006
2006-04-17,-0.006931454431927324,MTCAX,technology,2006
2006-04-18,-0.003886604025721739,MTCAX,technology,2006
2006-04-19,0.004694290697534595,MTCAX,technology,2006
2006-04-20,-0.005645375122896216,MTCAX,technology,2006
2006-04-21,-0.012224767179752837,MTCAX,technology,2006
2006-04-24,-0.006707668059719139,MTCAX,technology,2006
2006-04-25,0.00784977729669561,MTCAX,technology,2006
2006-04-26,0.006293720120976039,MTCAX,technology,2006
2006-04-27,0.006185520960971521,MTCAX,technology,2006
2006-04-28,-0.00018988987020152233,MTCAX,technology,2006
2006-05-01,0.004373406260320095,MTCAX,technology,2006
2006-05-02,-0.0070893857927466055,MTCAX,technology,2006
2006-05-03,0.0044663065249925344,MTCAX,technology,2006
2006-05-04,0.004101106185296739,MTCAX,technology,2006
2006-05-05,-0.00902807105404208,MTCAX,technology,2006
2006-05-08,0.002672839269453304,MTCAX,technology,2006
2006-05-09,-0.007369767215658575,MTCAX,technology,2006
2006-05-10,-0.00471885106670266,MTCAX,technology,2006
2006-05-11,-0.005640215247015214,MTCAX,technology,2006
2006-05-12,0.007501601718422056,MTCAX,technology,2006
2006-05-15,-0.01050987636797143,MTCAX,technology,2006
2006-05-16,-0.009404719659936257,MTCAX,technology,2006
2006-05-17,0.01768482323406529,MTCAX,technology,2006
2006-05-18,-0.007449742689800005,MTCAX,technology,2006
2006-05-19,-0.005147173781024996,MTCAX,technology,2006
2006-05-22,-0.0068480277084708874,MTCAX,technology,2006
2006-05-23,0.0018887713154834996,MTCAX,technology,2006
2006-05-24,-0.014540691295649458,MTCAX,technology,2006
2006-05-25,0.0006231959237273585,MTCAX,technology,2006
2006-05-26,0.0007251255114797102,MTCAX,technology,2006
2006-05-30,-0.0012996122980220744,MTCAX,technology,2006
2006-05-31,-0.008915020466508794,MTCAX,technology,2006
2006-06-01,0.011651475676402812,MTCAX,technology,2006
2006-06-02,-0.004981512926917061,MTCAX,technology,2006
2006-06-05,0.0011436991268336354,MTCAX,technology,2006
2006-06-06,-0.0015341387200671843,MTCAX,technology,2006
2006-06-07,-0.00854107704424764,MTCAX,technology,2006
2006-06-08,-0.008066335821713119,MTCAX,technology,2006
2006-06-09,0.0046005681716266775,MTCAX,technology,2006
2006-06-12,-0.008466025130172562,MTCAX,technology,2006
2006-06-13,0.0017048396051337136,MTCAX,technology,2006
2006-06-14,-0.003507377172530972,MTCAX,technology,2006
2006-06-15,0.005189280256509686,MTCAX,technology,2006
2006-06-16,0.008423242901078078,MTCAX,technology,2006
2006-06-19,-0.007507230842859952,MTCAX,technology,2006
2006-06-20,-0.007003821847645489,MTCAX,technology,2006
2006-06-21,0.008597441105018155,MTCAX,technology,2006
2006-06-22,0.006355233757277114,MTCAX,technology,2006
2006-06-23,0.002351062149324104,MTCAX,technology,2006
2006-06-26,-0.002154597497958941,MTCAX,technology,2006
2006-06-27,-0.010479105463433797,MTCAX,technology,2006
2006-06-28,-0.005471079864725988,MTCAX,technology,2006
2006-06-29,0.010254955345291604,MTCAX,technology,2006
2006-06-30,0.002975290620332354,MTCAX,technology,2006
2006-07-03,0.00025434524289919165,MTCAX,technology,2006
2006-07-05,-0.013031445630325442,MTCAX,technology,2006
2006-07-06,-3.1179440114117996e-05,MTCAX,technology,2006
2006-07-07,0.00011981047598354916,MTCAX,technology,2006
2006-07-10,-0.02456039085884186,MTCAX,technology,2006
2006-07-11,-0.0010167935285541937,MTCAX,technology,2006
2006-07-12,-0.004715973348254082,MTCAX,technology,2006
2006-07-13,0.003999616638360605,MTCAX,technology,2006
2006-07-14,-0.001014103160564034,MTCAX,technology,2006
2006-07-17,0.0010103987100543578,MTCAX,technology,2006
2006-07-18,-0.004004243761819673,MTCAX,technology,2006
2006-07-19,-4.4114958593861886e-05,MTCAX,technology,2006
2006-07-20,-0.005312705870294322,MTCAX,technology,2006
2006-07-21,-0.010753597028212193,MTCAX,technology,2006
2006-07-24,-0.004859670731948023,MTCAX,technology,2006
2006-07-25,0.00369653856121175,MTCAX,technology,2006
2006-07-26,-0.0008198959318782809,MTCAX,technology,2006
2006-07-27,-0.005159997180355924,MTCAX,technology,2006
2006-07-28,0.004250275826854567,MTCAX,technology,2006
2006-07-31,0.0025615469406032815,MTCAX,technology,2006
2006-08-01,-0.01118379360689387,MTCAX,technology,2006
2006-08-02,0.00454131124056977,MTCAX,technology,2006
2006-08-03,-0.0027201690430247423,MTCAX,technology,2006
2006-08-04,-0.000752608589459166,MTCAX,technology,2006
2006-08-07,-0.004193591351079776,MTCAX,technology,2006
2006-08-08,7.832357555796754e-05,MTCAX,technology,2006
2006-08-09,0.013661801270133197,MTCAX,technology,2006
2006-08-10,0.003214983092019285,MTCAX,technology,2006
2006-08-11,-0.004548778722315215,MTCAX,technology,2006
2006-08-14,0.006512298961169574,MTCAX,technology,2006
2006-08-15,0.021721836254349435,MTCAX,technology,2006
2006-08-16,0.009895781616864753,MTCAX,technology,2006
2006-08-17,0.010613508115706107,MTCAX,technology,2006
2006-08-18,-0.01130341393086939,MTCAX,technology,2006
2006-08-21,-0.004898347616876699,MTCAX,technology,2006
2006-08-22,0.00624703006992741,MTCAX,technology,2006
2006-08-23,-0.006126950756283417,MTCAX,technology,2006
2006-08-24,0.0073820993047307645,MTCAX,technology,2006
2006-08-25,0.0033310413469067554,MTCAX,technology,2006
2006-08-28,0.00022869354128323641,MTCAX,technology,2006
2006-08-29,0.00439478381011161,MTCAX,technology,2006
2006-08-30,0.011126270988738097,MTCAX,technology,2006
2006-08-31,0.00024136954862683533,MTCAX,technology,2006
2006-09-01,-0.00660109688174512,MTCAX,technology,2006
2006-09-05,0.0031925016678796387,MTCAX,technology,2006
2006-09-06,-0.011779763239520279,MTCAX,technology,2006
2006-09-07,0.0036275464439018594,MTCAX,technology,2006
2006-09-08,0.0069972924575304315,MTCAX,technology,2006
2006-09-11,0.004560707616310915,MTCAX,technology,2006
2006-09-12,0.015590729938402244,MTCAX,technology,2006
2006-09-13,-4.348704213217626e-06,MTCAX,technology,2006
2006-09-14,0.006603727583787318,MTCAX,technology,2006
2006-09-15,0.0004395181707819054,MTCAX,technology,2006
2006-09-18,0.0008954376098898667,MTCAX,technology,2006
2006-09-19,-0.001100815199646449,MTCAX,technology,2006
2006-09-20,0.010384237430635315,MTCAX,technology,2006
2006-09-21,-0.0014058434633458681,MTCAX,technology,2006
2006-09-22,-0.005939974106067968,MTCAX,technology,2006
2006-09-25,0.004139808159875696,MTCAX,technology,2006
2006-09-26,-0.007261560164647918,MTCAX,technology,2006
2006-09-27,0.0001558350883700901,MTCAX,technology,2006
2006-09-28,0.002416246945570113,MTCAX,technology,2006
2006-09-29,-0.0043546832981642,MTCAX,technology,2006
2006-10-02,-0.0029783831350230954,MTCAX,technology,2006
2006-10-03,-0.008647544740526402,MTCAX,technology,2006
2006-10-04,-0.0016994639225902542,MTCAX,technology,2006
2006-10-05,0.0019015126647791022,MTCAX,technology,2006
2006-10-06,0.0036851870955888154,MTCAX,technology,2006
2006-10-09,0.002867962588574258,MTCAX,technology,2006
2006-10-10,0.0017889318828905548,MTCAX,technology,2006
2006-10-11,0.0017236760539015147,MTCAX,technology,2006
2006-10-12,0.00132616152912742,MTCAX,technology,2006
2006-10-13,0.004474876243446351,MTCAX,technology,2006
2006-10-16,0.004995814946763202,MTCAX,technology,2006
2006-10-17,-0.0016990078235150875,MTCAX,technology,2006
2006-10-18,-0.0045723114146123045,MTCAX,technology,2006
2006-10-19,0.0013018219810027047,MTCAX,technology,2006
2006-10-20,-0.012850923142073175,MTCAX,technology,2006
2006-10-23,-0.006608384365251604,MTCAX,technology,2006
2006-10-24,-0.011540265359128525,MTCAX,technology,2006
2006-10-25,0.0015170117796811993,MTCAX,technology,2006
2006-10-26,0.0037277699218669453,MTCAX,technology,2006
2006-10-27,-0.004478644471741049,MTCAX,technology,2006
2006-10-30,0.009291112761210432,MTCAX,technology,2006
2006-10-31,0.0002300312773956542,MTCAX,technology,2006
2006-11-01,0.0015790123774800553,MTCAX,technology,2006
2006-11-02,0.0045188462035674086,MTCAX,technology,2006
2006-11-03,0.008922346363072986,MTCAX,technology,2006
2006-11-06,0.003690559423554316,MTCAX,technology,2006
2006-11-07,-0.0046187458368530335,MTCAX,technology,2006
2006-11-08,-0.0013223341191505133,MTCAX,technology,2006
2006-11-09,0.00935777647843396,MTCAX,technology,2006
2006-11-10,0.005578688481309051,MTCAX,technology,2006
2006-11-13,0.00789285787409236,MTCAX,technology,2006
2006-11-14,0.0057084877274248495,MTCAX,technology,2006
2006-11-15,-0.001542636482954468,MTCAX,technology,2006
2006-11-16,-0.00368147114378146,MTCAX,technology,2006
2006-11-17,-0.002093160783743395,MTCAX,technology,2006
2006-11-20,0.005172739103941649,MTCAX,technology,2006
2006-11-21,0.002827521293263245,MTCAX,technology,2006
2006-11-22,0.003910457358276076,MTCAX,technology,2006
2006-11-24,0.0033281732651719025,MTCAX,technology,2006
2006-11-27,-0.009616048794626485,MTCAX,technology,2006
2006-11-28,-0.0001543337304396224,MTCAX,technology,2006
2006-11-29,-0.007245158317040991,MTCAX,technology,2006
2006-11-30,0.007952660766824162,MTCAX,technology,2006
2006-12-01,-0.0061251640424907945,MTCAX,technology,2006
2006-12-04,0.0044308715731786776,MTCAX,technology,2006
2006-12-05,-0.0036674217773538208,MTCAX,technology,2006
2006-12-06,-0.0004428126184162803,MTCAX,technology,2006
2006-12-07,-0.0029420947119690993,MTCAX,technology,2006
2006-12-08,0.0007668629751446977,MTCAX,technology,2006
2006-12-11,-0.0016136976072723785,MTCAX,technology,2006
2006-12-12,-0.003929563720703095,MTCAX,technology,2006
2006-12-13,-0.0023523726425634384,MTCAX,technology,2006
2006-12-14,-0.004169134914398846,MTCAX,technology,2006
2006-12-15,0.000731611644724092,MTCAX,technology,2006
2006-12-18,-0.0019262290491289602,MTCAX,technology,2006
2006-12-19,-0.004411623847200246,MTCAX,technology,2006
2006-12-20,0.004223743185315596,MTCAX,technology,2006
2006-12-21,-0.0014750478002553873,MTCAX,technology,2006
2006-12-22,0.0037596498882218306,MTCAX,technology,2006
2006-12-26,-0.0024817990374538298,MTCAX,technology,2006
2006-12-27,-0.0009336744883604916,MTCAX,technology,2006
2006-12-28,0.0038945023477822962,MTCAX,technology,2006
2006-12-29,0.001781986554789043,MTCAX,technology,2006
2007-01-04,0.01181994340759724,MTCAX,technology,2007
2007-01-05,0.0010987473168867614,MTCAX,technology,2007
2007-01-08,-0.002357453309332098,MTCAX,technology,2007
2007-01-09,0.0035940680547554065,MTCAX,technology,2007
2007-01-10,0.0071575095900443956,MTCAX,technology,2007
2007-01-11,0.001945523925504583,MTCAX,technology,2007
2007-01-12,-0.005195184995279471,MTCAX,technology,2007
2007-01-16,-0.0019740817963525698,MTCAX,technology,2007
2007-01-17,-0.012389944184076756,MTCAX,technology,2007
2007-01-18,-0.01561218445394654,MTCAX,technology,2007
2007-01-19,-0.004065229667433924,MTCAX,technology,2007
2007-01-22,-0.007792597021762118,MTCAX,technology,2007
2007-01-23,-0.005006878605411635,MTCAX,technology,2007
2007-01-24,0.014147069224205664,MTCAX,technology,2007
2007-01-25,0.00041056105235297985,MTCAX,technology,2007
2007-01-26,0.003692936654124461,MTCAX,technology,2007
2007-01-29,-1.3510353643826677e-05,MTCAX,technology,2007
2007-01-30,0.0004773000246247822,MTCAX,technology,2007
2007-01-31,-0.008503991922715929,MTCAX,technology,2007
2007-02-01,-0.0036231760897312737,MTCAX,technology,2007
2007-02-02,0.004018307324824314,MTCAX,technology,2007
2007-02-05,-0.0007994642361777353,MTCAX,technology,2007
2007-02-06,-0.002460920286258346,MTCAX,technology,2007
2007-02-07,0.009882594646947837,MTCAX,technology,2007
2007-02-08,-0.0001381979766180814,MTCAX,technology,2007
2007-02-09,-0.005095463548732089,MTCAX,technology,2007
2007-02-12,-0.0023513645586415183,MTCAX,technology,2007
2007-02-13,-0.0050843635072709515,MTCAX,technology,2007
2007-02-14,0.007493652924044728,MTCAX,technology,2007
2007-02-15,0.0072844643640080555,MTCAX,technology,2007
2007-02-16,0.004798830672287824,MTCAX,technology,2007
2007-02-20,0.0007132557483562336,MTCAX,technology,2007
2007-02-21,-0.004197754377774957,MTCAX,technology,2007
2007-02-22,0.0025995436472423515,MTCAX,technology,2007
2007-02-23,0.002306112950195254,MTCAX,technology,2007
2007-02-26,-0.0005134402068848761,MTCAX,technology,2007
2007-02-27,-0.0004938849652021404,MTCAX,technology,2007
2007-02-28,-0.0076058680460006686,MTCAX,technology,2007
2007-03-01,-0.00279012365130585,MTCAX,technology,2007
2007-03-02,-0.004322090527654905,MTCAX,technology,2007
2007-03-05,-0.005356000201372618,MTCAX,technology,2007
2007-03-06,0.0025817202116451346,MTCAX,technology,2007
2007-03-07,-0.006428719443500826,MTCAX,technology,2007
2007-03-08,0.00013973333397082274,MTCAX,technology,2007
2007-03-09,0.0008976806571044014,MTCAX,technology,2007
2007-03-12,0.007417692570917108,MTCAX,technology,2007
2007-03-13,-0.002576945035869572,MTCAX,technology,2007
2007-03-14,-0.0023517881010481894,MTCAX,technology,2007
2007-03-15,0.0033157922059145343,MTCAX,technology,2007
2007-03-16,-0.0004736009947437789,MTCAX,technology,2007
2007-03-19,-0.0024335855238992662,MTCAX,technology,2007
2007-03-20,0.0036195637720188847,MTCAX,technology,2007
2007-03-21,0.0016491753078030635,MTCAX,technology,2007
2007-03-22,-0.0022913871801474445,MTCAX,technology,2007
2007-03-23,-0.0010874141288338302,MTCAX,technology,2007
2007-03-26,0.001524197701854611,MTCAX,technology,2007
2007-03-27,-0.003261682099087575,MTCAX,technology,2007
2007-03-28,-0.000352015306753232,MTCAX,technology,2007
2007-03-29,-0.001529354694330485,MTCAX,technology,2007
2007-03-30,-0.0015718532412117823,MTCAX,technology,2007
2007-04-02,0.0034093807919385183,MTCAX,technology,2007
2007-04-03,-0.003140871569389264,MTCAX,technology,2007
2007-04-04,0.0033597162337860456,MTCAX,technology,2007
2007-04-05,0.00020163376038280023,MTCAX,technology,2007
2007-04-09,-0.0002033411855055739,MTCAX,technology,2007
2007-04-10,0.002436401365379022,MTCAX,technology,2007
2007-04-11,-0.004034321697714785,MTCAX,technology,2007
2007-04-12,-0.0006058346919079177,MTCAX,technology,2007
2007-04-13,-0.003994592220524544,MTCAX,technology,2007
2007-04-16,-0.0012820609639933173,MTCAX,technology,2007
2007-04-17,-0.003835916390690714,MTCAX,technology,2007
2007-04-18,-0.0024930454185240697,MTCAX,technology,2007
2007-04-19,-0.0019047276939411768,MTCAX,technology,2007
2007-04-20,0.001161165696249581,MTCAX,technology,2007
2007-04-23,-0.0034302249455690475,MTCAX,technology,2007
2007-04-24,0.0023084288983807417,MTCAX,technology,2007
2007-04-25,-0.0026946852493881252,MTCAX,technology,2007
2007-04-26,0.0063890865561655194,MTCAX,technology,2007
2007-04-27,0.00020975581711855354,MTCAX,technology,2007
2007-04-30,-0.007055946864124373,MTCAX,technology,2007
2007-05-01,-0.0005246182703404116,MTCAX,technology,2007
2007-05-02,0.002010221690638884,MTCAX,technology,2007
2007-05-03,0.0015571386204274893,MTCAX,technology,2007
2007-05-04,-0.004087889770683961,MTCAX,technology,2007
2007-05-07,-0.0030972386349195982,MTCAX,technology,2007
2007-05-08,0.0038686424796595693,MTCAX,technology,2007
2007-05-09,-0.0007152947385661397,MTCAX,technology,2007
2007-05-10,-0.007309370471741983,MTCAX,technology,2007
2007-05-11,0.0034722799325454887,MTCAX,technology,2007
2007-05-14,-0.003244408272956659,MTCAX,technology,2007
2007-05-15,-0.007153325469955598,MTCAX,technology,2007
2007-05-16,-0.0021366899170478576,MTCAX,technology,2007
2007-05-17,-0.005063458371724044,MTCAX,technology,2007
2007-05-18,0.003325384943240169,MTCAX,technology,2007
2007-05-21,0.007874428329107003,MTCAX,technology,2007
2007-05-22,0.005698945038755658,MTCAX,technology,2007
2007-05-23,-0.005354661375609275,MTCAX,technology,2007
2007-05-24,-0.011709184570944458,MTCAX,technology,2007
2007-05-25,0.0043718980504890426,MTCAX,technology,2007
2007-05-29,0.0016270320618254923,MTCAX,technology,2007
2007-05-30,-0.0010523194967390669,MTCAX,technology,2007
2007-05-31,0.009062488346305572,MTCAX,technology,2007
2007-06-01,-0.004400516318258357,MTCAX,technology,2007
2007-06-04,0.0008917593807489171,MTCAX,technology,2007
2007-06-05,0.0008358096507824573,MTCAX,technology,2007
2007-06-06,-0.0005910153489990921,MTCAX,technology,2007
2007-06-07,-0.00015331384012083615,MTCAX,technology,2007
2007-06-08,0.008053024103720944,MTCAX,technology,2007
2007-06-11,-0.004498706599426626,MTCAX,technology,2007
2007-06-12,0.004173064221420365,MTCAX,technology,2007
2007-06-13,-0.005081700079225494,MTCAX,technology,2007
2007-06-14,0.0020783686210881416,MTCAX,technology,2007
2007-06-15,0.0034312549439443453,MTCAX,technology,2007
2007-06-18,0.005931670293132782,MTCAX,technology,2007
2007-06-19,-0.0013385173420758006,MTCAX,technology,2007
2007-06-20,0.0010288254289964553,MTCAX,technology,2007
2007-06-21,0.004283015314550729,MTCAX,technology,2007
2007-06-22,-0.0008973899451789145,MTCAX,technology,2007
2007-06-25,0.0016229033348277443,MTCAX,technology,2007
2007-06-26,0.006759797433412349,MTCAX,technology,2007
2007-06-27,0.0008523864945717222,MTCAX,technology,2007
2007-06-28,0.0026355361902109208,MTCAX,technology,2007
2007-06-29,-0.0038939593733209525,MTCAX,technology,2007
2007-07-02,0.0009175585533704577,MTCAX,technology,2007
2007-07-03,0.0006009350055126428,MTCAX,technology,2007
2007-07-05,0.006456951930684174,MTCAX,technology,2007
2007-07-06,0.0005203966707662266,MTCAX,technology,2007
2007-07-09,0.00169741043876535,MTCAX,technology,2007
2007-07-10,0.0038928414264097246,MTCAX,technology,2007
2007-07-11,-0.005678672358219554,MTCAX,technology,2007
2007-07-12,0.007819858600593668,MTCAX,technology,2007
2007-07-13,-0.005516335654689517,MTCAX,technology,2007
2007-07-16,-0.004074397526658429,MTCAX,technology,2007
2007-07-17,0.006545837249989948,MTCAX,technology,2007
2007-07-18,-0.003949552546097752,MTCAX,technology,2007
2007-07-19,0.006814462625249054,MTCAX,technology,2007
2007-07-20,-0.004110955520619406,MTCAX,technology,2007
2007-07-23,-0.0026709674838672507,MTCAX,technology,2007
2007-07-24,0.00027686293077104455,MTCAX,technology,2007
2007-07-25,0.0027589192051917432,MTCAX,technology,2007
2007-07-26,0.0008583667389384306,MTCAX,technology,2007
2007-07-27,0.004984388777734737,MTCAX,technology,2007
2007-07-30,-0.006741091988023114,MTCAX,technology,2007
2007-07-31,-0.0036902265934453757,MTCAX,technology,2007
2007-08-01,-0.0035572656442426826,MTCAX,technology,2007
2007-08-02,0.0027613807209557577,MTCAX,technology,2007
2007-08-03,-0.004632020891195309,MTCAX,technology,2007
2007-08-06,-0.012302617043600177,MTCAX,technology,2007
2007-08-07,-0.003497161759389536,MTCAX,technology,2007
2007-08-08,0.011997538476791303,MTCAX,technology,2007
2007-08-09,0.0022420981390431152,MTCAX,technology,2007
2007-08-10,0.0030606555571997054,MTCAX,technology,2007
2007-08-13,-0.0031266610738599427,MTCAX,technology,2007
2007-08-14,-0.0025175821268273568,MTCAX,technology,2007
2007-08-15,-0.001048109328889971,MTCAX,technology,2007
2007-08-16,-0.0115661712584368,MTCAX,technology,2007
2007-08-17,-0.0008845312800151474,MTCAX,technology,2007
2007-08-20,0.004644138214387531,MTCAX,technology,2007
2007-08-21,0.007002579237124299,MTCAX,technology,2007
2007-08-22,0.0023527176747683218,MTCAX,technology,2007
2007-08-23,-0.0012445975407072347,MTCAX,technology,2007
2007-08-24,0.0032623948097705007,MTCAX,technology,2007
2007-08-27,-0.0024254010324103754,MTCAX,technology,2007
2007-08-28,0.0024407045350327526,MTCAX,technology,2007
2007-08-29,0.006782445924220944,MTCAX,technology,2007
2007-08-30,0.0034665101626330133,MTCAX,technology,2007
2007-08-31,0.0008473529851732078,MTCAX,technology,2007
2007-09-04,0.003507047322225825,MTCAX,technology,2007
2007-09-05,0.003117826496496846,MTCAX,technology,2007
2007-09-06,0.00027859418464495217,MTCAX,technology,2007
2007-09-07,-0.009010245568700231,MTCAX,technology,2007
2007-09-10,0.0012534885685420109,MTCAX,technology,2007
2007-09-11,0.0029322518075467034,MTCAX,technology,2007
2007-09-12,-0.007428613235077329,MTCAX,technology,2007
2007-09-13,-0.005621804769317998,MTCAX,technology,2007
2007-09-14,0.0017681373119185447,MTCAX,technology,2007
2007-09-17,-0.004475308608095258,MTCAX,technology,2007
2007-09-18,-0.005477832723982279,MTCAX,technology,2007
2007-09-19,-0.003852582400672428,MTCAX,technology,2007
2007-09-20,0.006048772951789808,MTCAX,technology,2007
2007-09-21,0.0035522142264402855,MTCAX,technology,2007
2007-09-24,0.006296724410781562,MTCAX,technology,2007
2007-09-25,0.004943508973880292,MTCAX,technology,2007
2007-09-26,0.0017569434247843938,MTCAX,technology,2007
2007-09-27,-0.0010416233768070163,MTCAX,technology,2007
2007-09-28,0.0018612325988206098,MTCAX,technology,2007
2007-10-01,0.002513072006324656,MTCAX,technology,2007
2007-10-02,0.0007331348284034366,MTCAX,technology,2007
2007-10-03,-0.006426635121048525,MTCAX,technology,2007
2007-10-04,-0.004135795860105446,MTCAX,technology,2007
2007-10-05,0.0026080890483446417,MTCAX,technology,2007
2007-10-08,0.01288130211132647,MTCAX,technology,2007
2007-10-09,-0.0016817498826290581,MTCAX,technology,2007
2007-10-10,0.008627288981339336,MTCAX,technology,2007
2007-10-11,-0.007724768060204528,MTCAX,technology,2007
2007-10-12,0.006098606607603663,MTCAX,technology,2007
2007-10-15,0.0011779866484088134,MTCAX,technology,2007
2007-10-16,0.0055012575684856065,MTCAX,technology,2007
2007-10-17,0.0062895653444853565,MTCAX,technology,2007
2007-10-18,0.010395031998467773,MTCAX,technology,2007
2007-10-19,0.0014833589490525108,MTCAX,technology,2007
2007-10-22,0.0016757008031960544,MTCAX,technology,2007
2007-10-23,0.010523955476974075,MTCAX,technology,2007
2007-10-24,-0.009661356191465329,MTCAX,technology,2007
2007-10-25,-0.00893293826551099,MTCAX,technology,2007
2007-10-26,0.00573236144551709,MTCAX,technology,2007
2007-10-29,0.005845214580689609,MTCAX,technology,2007
2007-10-30,0.003268660385861536,MTCAX,technology,2007
2007-10-31,0.007248155460986377,MTCAX,technology,2007
2007-11-01,0.0008448286138474231,MTCAX,technology,2007
2007-11-02,0.011919549453413062,MTCAX,technology,2007
2007-11-05,-0.0014239923878692782,MTCAX,technology,2007
2007-11-06,-0.005071351218037215,MTCAX,technology,2007
2007-11-07,0.008387877722117923,MTCAX,technology,2007
2007-11-08,-0.01884717461050314,MTCAX,technology,2007
2007-11-09,-0.011986303943058442,MTCAX,technology,2007
2007-11-12,-0.004770630441228749,MTCAX,technology,2007
2007-11-13,-0.0016615190568710948,MTCAX,technology,2007
2007-11-14,-0.004967684286042816,MTCAX,technology,2007
2007-11-15,0.005181606380051175,MTCAX,technology,2007
2007-11-16,0.009248548508578584,MTCAX,technology,2007
2007-11-19,-0.003005649422190773,MTCAX,technology,2007
2007-11-20,-0.006267437363602739,MTCAX,technology,2007
2007-11-21,0.007161580700427826,MTCAX,technology,2007
2007-11-23,-0.004418726581481694,MTCAX,technology,2007
2007-11-26,8.851041087492087e-05,MTCAX,technology,2007
2007-11-27,0.00256444609742988,MTCAX,technology,2007
2007-11-28,-0.0060050537168758605,MTCAX,technology,2007
2007-11-29,0.004057525431960153,MTCAX,technology,2007
2007-11-30,-0.012045891090036436,MTCAX,technology,2007
2007-12-03,0.0007255242929197605,MTCAX,technology,2007
2007-12-04,-0.0006218483247164442,MTCAX,technology,2007
2007-12-05,-0.001298405052793052,MTCAX,technology,2007
2007-12-06,-0.002044447344518764,MTCAX,technology,2007
2007-12-07,-0.00035489311812128067,MTCAX,technology,2007
2007-12-10,-0.0036470508208855633,MTCAX,technology,2007
2007-12-11,0.005843616105894393,MTCAX,technology,2007
2007-12-12,-0.004161824844871626,MTCAX,technology,2007
2007-12-13,-0.0027855959360376112,MTCAX,technology,2007
2007-12-14,-0.003393396512861486,MTCAX,technology,2007
2007-12-17,-0.007815641544835394,MTCAX,technology,2007
2007-12-18,0.0036758863263970975,MTCAX,technology,2007
2007-12-19,0.005934287592236804,MTCAX,technology,2007
2007-12-20,0.008570228535243356,MTCAX,technology,2007
2007-12-21,0.0007607467397012131,MTCAX,technology,2007
2007-12-24,-0.002630504901164161,MTCAX,technology,2007
2007-12-26,0.0009069122662938912,MTCAX,technology,2007
2007-12-27,-0.0073615615991490906,MTCAX,technology,2007
2007-12-28,0.004609333347489357,MTCAX,technology,2007
2007-12-29,-0.0005404027816488966,MTCAX,technology,2007
2008-01-04,-0.012110910547140388,MTCAX,technology,2008
2008-01-07,-0.007878560882115164,MTCAX,technology,2008
2008-01-08,-0.013323365615688715,MTCAX,technology,2008
2008-01-09,0.0005746999780735992,MTCAX,technology,2008
2008-01-10,-0.00044336002096527754,MTCAX,technology,2008
2008-01-11,-0.014436765079869438,MTCAX,technology,2008
2008-01-14,0.015516591641560908,MTCAX,technology,2008
2008-01-15,0.0008566223007161963,MTCAX,technology,2008
2008-01-16,-0.018377646200221892,MTCAX,technology,2008
2008-01-17,0.001849675140635075,MTCAX,technology,2008
2008-01-18,0.018904379168536774,MTCAX,technology,2008
2008-01-22,-0.009963625373474318,MTCAX,technology,2008
2008-01-23,-0.006318820030830653,MTCAX,technology,2008
2008-01-24,0.021197472428480198,MTCAX,technology,2008
2008-01-25,-0.00470339971014307,MTCAX,technology,2008
2008-01-28,-0.007033151961363153,MTCAX,technology,2008
2008-01-29,-0.0019520730576481106,MTCAX,technology,2008
2008-01-30,0.011164963185157408,MTCAX,technology,2008
2008-01-31,0.000985405403306213,MTCAX,technology,2008
2008-02-01,0.0027063717235152884,MTCAX,technology,2008
2008-02-04,-0.0020160670056413015,MTCAX,technology,2008
2008-02-05,-0.006458011777077766,MTCAX,technology,2008
2008-02-06,-0.006182337379251321,MTCAX,technology,2008
2008-02-07,0.0015303175824828543,MTCAX,technology,2008
2008-02-08,0.01613939807314344,MTCAX,technology,2008
2008-02-11,0.007745408324056348,MTCAX,technology,2008
2008-02-12,-0.008416681100879774,MTCAX,technology,2008
2008-02-13,0.014194719368757623,MTCAX,technology,2008
2008-02-14,-0.012124218348955839,MTCAX,technology,2008
2008-02-15,-0.0019800596983780734,MTCAX,technology,2008
2008-02-19,-0.012135452416838532,MTCAX,technology,2008
2008-02-20,0.01225274176659774,MTCAX,technology,2008
2008-02-21,0.008005934921656657,MTCAX,technology,2008
2008-02-22,-0.004699084453147197,MTCAX,technology,2008
2008-02-25,0.02088070868751489,MTCAX,technology,2008
2008-02-26,0.004258845514861874,MTCAX,technology,2008
2008-02-27,0.00432992103515157,MTCAX,technology,2008
2008-02-28,0.001639543687909457,MTCAX,technology,2008
2008-02-29,-0.0031762459381864255,MTCAX,technology,2008
2008-03-03,-0.0015308476125244289,MTCAX,technology,2008
2008-03-04,0.004619447940343227,MTCAX,technology,2008
2008-03-05,0.0007977082785539848,MTCAX,technology,2008
2008-03-06,0.004343341574280322,MTCAX,technology,2008
2008-03-07,0.006596447043894758,MTCAX,technology,2008
2008-03-10,-0.002184328965263464,MTCAX,technology,2008
2008-03-11,-9.220767705576255e-05,MTCAX,technology,2008
2008-03-12,0.011395184330301168,MTCAX,technology,2008
2008-03-13,0.007832551274123165,MTCAX,technology,2008
2008-03-14,-0.0075845102640342485,MTCAX,technology,2008
2008-03-17,-0.005822160435686986,MTCAX,technology,2008
2008-03-18,-0.006237088573653883,MTCAX,technology,2008
2008-03-19,-0.0015391423387232407,MTCAX,technology,2008
2008-03-20,0.006030319009384808,MTCAX,technology,2008
2008-03-24,0.014669030900521261,MTCAX,technology,2008
2008-03-25,0.008751003497930747,MTCAX,technology,2008
2008-03-26,0.003951718362734719,MTCAX,technology,2008
2008-03-27,-0.018677984679641074,MTCAX,technology,2008
2008-03-28,0.005984245596615223,MTCAX,technology,2008
2008-03-31,0.0026043799091876683,MTCAX,technology,2008
2008-04-01,0.005785258320477424,MTCAX,technology,2008
2008-04-02,0.00043656299075968766,MTCAX,technology,2008
2008-04-03,0.010285585966256477,MTCAX,technology,2008
2008-04-04,0.004358158211278049,MTCAX,technology,2008
2008-04-07,-0.0017052779866226601,MTCAX,technology,2008
2008-04-08,-0.0018021710958909423,MTCAX,technology,2008
2008-04-09,0.00016431882944755328,MTCAX,technology,2008
2008-04-10,0.012842386645711842,MTCAX,technology,2008
2008-04-11,-0.00667797546672199,MTCAX,technology,2008
2008-04-14,0.001080447692241842,MTCAX,technology,2008
2008-04-15,-0.003476111470449829,MTCAX,technology,2008
2008-04-16,0.004006108285224203,MTCAX,technology,2008
2008-04-17,-0.013290386139580185,MTCAX,technology,2008
2008-04-18,0.02610967945296388,MTCAX,technology,2008
2008-04-21,0.011790358118082793,MTCAX,technology,2008
2008-04-22,-0.008140372933134573,MTCAX,technology,2008
2008-04-23,0.016024318478536956,MTCAX,technology,2008
2008-04-24,0.005852053712863731,MTCAX,technology,2008
2008-04-25,-0.011986403708100725,MTCAX,technology,2008
2008-04-28,0.007473386317836915,MTCAX,technology,2008
2008-04-29,0.009116446150270954,MTCAX,technology,2008
2008-04-30,-0.0007202214754183809,MTCAX,technology,2008
2008-05-01,0.011791917097546768,MTCAX,technology,2008
2008-05-02,-0.00793499828576139,MTCAX,technology,2008
2008-05-05,0.00983727906591544,MTCAX,technology,2008
2008-05-06,0.0015205901997828912,MTCAX,technology,2008
2008-05-07,4.492198817651616e-06,MTCAX,technology,2008
2008-05-08,0.007061085746690253,MTCAX,technology,2008
2008-05-09,0.0027964969773349173,MTCAX,technology,2008
2008-05-12,0.0020405526215002863,MTCAX,technology,2008
2008-05-13,0.008010941660196384,MTCAX,technology,2008
2008-05-14,0.003349019812184459,MTCAX,technology,2008
2008-05-15,0.011114550217505305,MTCAX,technology,2008
2008-05-16,-0.00391840296643826,MTCAX,technology,2008
2008-05-19,-0.007703942954746789,MTCAX,technology,2008
2008-05-20,-0.0031641907767912553,MTCAX,technology,2008
2008-05-21,0.002111077598820083,MTCAX,technology,2008
2008-05-22,0.004479280440392132,MTCAX,technology,2008
2008-05-23,0.00576261306815288,MTCAX,technology,2008
2008-05-27,0.005575245796484562,MTCAX,technology,2008
2008-05-28,0.0002775562022655719,MTCAX,technology,2008
2008-05-29,0.0034059793377641994,MTCAX,technology,2008
2008-05-30,0.00571414720090958,MTCAX,technology,2008
2008-06-02,-0.003892634777935248,MTCAX,technology,2008
2008-06-03,0.007202477144035159,MTCAX,technology,2008
2008-06-04,0.002934630054791528,MTCAX,technology,2008
2008-06-05,-3.087033165010203e-05,MTCAX,technology,2008
2008-06-06,0.002484170762787702,MTCAX,technology,2008
2008-06-09,-0.009038994631258979,MTCAX,technology,2008
2008-06-10,-0.003625667408463448,MTCAX,technology,2008
2008-06-11,-0.007656086369961167,MTCAX,technology,2008
2008-06-12,-0.0010230607060912852,MTCAX,technology,2008
2008-06-13,0.010693143094571433,MTCAX,technology,2008
2008-06-16,0.009916119790407385,MTCAX,technology,2008
2008-06-17,0.0034239361136022125,MTCAX,technology,2008
2008-06-18,-0.0013574006316020674,MTCAX,technology,2008
2008-06-19,0.004232821735342681,MTCAX,technology,2008
2008-06-20,-0.010582040005920192,MTCAX,technology,2008
2008-06-23,-0.0047218306496065714,MTCAX,technology,2008
2008-06-24,-0.004591765559879061,MTCAX,technology,2008
2008-06-25,0.010977705073074145,MTCAX,technology,2008
2008-06-26,-0.01376147060371015,MTCAX,technology,2008
2008-06-27,-5.175200511366076e-05,MTCAX,technology,2008
2008-06-30,-0.01628444913797579,MTCAX,technology,2008
2008-07-01,0.003670673795609004,MTCAX,technology,2008
2008-07-02,-0.004974341043981617,MTCAX,technology,2008
2008-07-03,0.0016983696306049575,MTCAX,technology,2008
2008-07-07,0.004163981410081721,MTCAX,technology,2008
2008-07-08,0.002253330333294638,MTCAX,technology,2008
2008-07-09,-0.006383086230203061,MTCAX,technology,2008
2008-07-10,0.015164792469375608,MTCAX,technology,2008
2008-07-11,0.0031263070067940758,MTCAX,technology,2008
2008-07-14,0.0014202893596303584,MTCAX,technology,2008
2008-07-15,0.007702297422142661,MTCAX,technology,2008
2008-07-16,0.0010774565496342557,MTCAX,technology,2008
2008-07-17,0.010139368309835108,MTCAX,technology,2008
2008-07-18,-0.01263453849053776,MTCAX,technology,2008
2008-07-21,0.0013256505904765087,MTCAX,technology,2008
2008-07-22,-0.02539124898679386,MTCAX,technology,2008
2008-07-23,0.014515043683766021,MTCAX,technology,2008
2008-07-24,-0.0009101954986310418,MTCAX,technology,2008
2008-07-25,0.010968080260762637,MTCAX,technology,2008
2008-07-28,-0.00925397877490393,MTCAX,technology,2008
2008-07-29,-0.003315405911665237,MTCAX,technology,2008
2008-07-30,-0.009939041069284626,MTCAX,technology,2008
2008-07-31,0.0037730558158476906,MTCAX,technology,2008
2008-08-01,0.0011236373030325542,MTCAX,technology,2008
2008-08-04,0.0015691893069091512,MTCAX,technology,2008
2008-08-05,0.0029646775291145046,MTCAX,technology,2008
2008-08-06,0.01129322185271963,MTCAX,technology,2008
2008-08-07,0.009442833908331803,MTCAX,technology,2008
2008-08-08,0.007470446832023189,MTCAX,technology,2008
2008-08-11,-0.0024297984452238816,MTCAX,technology,2008
2008-08-12,0.006922553175347404,MTCAX,technology,2008
2008-08-13,0.002822129929466969,MTCAX,technology,2008
2008-08-14,0.004083609456828094,MTCAX,technology,2008
2008-08-15,-0.006560256472893985,MTCAX,technology,2008
2008-08-18,-0.004653571553421347,MTCAX,technology,2008
2008-08-19,-0.001313737022369121,MTCAX,technology,2008
2008-08-20,0.0046555422526488015,MTCAX,technology,2008
2008-08-21,-0.002923065660508946,MTCAX,technology,2008
2008-08-22,0.00017083165065633586,MTCAX,technology,2008
2008-08-25,0.0036154579521372604,MTCAX,technology,2008
2008-08-26,-0.004048120781353089,MTCAX,technology,2008
2008-08-27,-0.0032690403349576085,MTCAX,technology,2008
2008-08-28,-0.004736754305270828,MTCAX,technology,2008
2008-08-29,-0.008575223131856964,MTCAX,technology,2008
2008-09-02,-0.009198261286383173,MTCAX,technology,2008
2008-09-03,-0.010380599003553839,MTCAX,technology,2008
2008-09-04,-0.007991126889184023,MTCAX,technology,2008
2008-09-05,0.008406503547116962,MTCAX,technology,2008
2008-09-08,-0.025030157235083696,MTCAX,technology,2008
2008-09-09,-0.007974783964485827,MTCAX,technology,2008
2008-09-10,0.005247442000870554,MTCAX,technology,2008
2008-09-11,-0.0018972996498960865,MTCAX,technology,2008
2008-09-12,-0.007619327082272968,MTCAX,technology,2008
2008-09-15,-0.002626463515802681,MTCAX,technology,2008
2008-09-16,-0.005389259935340195,MTCAX,technology,2008
2008-09-17,0.01572083894323438,MTCAX,technology,2008
2008-09-18,0.011730655584955951,MTCAX,technology,2008
2008-09-19,0.011753231384196233,MTCAX,technology,2008
2008-09-22,-0.017391864692794322,MTCAX,technology,2008
2008-09-23,0.00796291357657665,MTCAX,technology,2008
2008-09-24,-0.0001238892176021022,MTCAX,technology,2008
2008-09-25,5.6974244648254346e-05,MTCAX,technology,2008
2008-09-26,-0.028060313879482383,MTCAX,technology,2008
2008-09-29,-0.011479494043996091,MTCAX,technology,2008
2008-09-30,0.008767706075122852,MTCAX,technology,2008
2008-10-01,-0.017816105093433978,MTCAX,technology,2008
2008-10-02,-0.006288300240900775,MTCAX,technology,2008
2008-10-03,-0.012952180067385301,MTCAX,technology,2008
2008-10-06,0.02443334841446258,MTCAX,technology,2008
2008-10-07,-0.011001180175776941,MTCAX,technology,2008
2008-10-08,0.02116221694140285,MTCAX,technology,2008
2008-10-09,0.03656107146269672,MTCAX,technology,2008
2008-10-10,0.0178146726619913,MTCAX,technology,2008
2008-10-13,-0.021990651348200912,MTCAX,technology,2008
2008-10-14,-0.018140299169684678,MTCAX,technology,2008
2008-10-15,0.009292684040372604,MTCAX,technology,2008
2008-10-16,0.006618222309332671,MTCAX,technology,2008
2008-10-17,-0.0014260168815968212,MTCAX,technology,2008
2008-10-20,-0.02953499847131526,MTCAX,technology,2008
2008-10-21,-0.01744602785340906,MTCAX,technology,2008
2008-10-22,-0.012150381997984336,MTCAX,technology,2008
2008-10-23,-0.040185186820790975,MTCAX,technology,2008
2008-10-24,0.01704205124989927,MTCAX,technology,2008
2008-10-27,-0.0008812839696345082,MTCAX,technology,2008
2008-10-28,-0.019969125686254807,MTCAX,technology,2008
2008-10-29,0.016822220042278638,MTCAX,technology,2008
2008-10-30,0.00823447374958667,MTCAX,technology,2008
2008-10-31,-0.0028628551785771766,MTCAX,technology,2008
2008-11-03,0.0007990691806194245,MTCAX,technology,2008
2008-11-04,0.01082929901539497,MTCAX,technology,2008
2008-11-05,-0.011280597487797007,MTCAX,technology,2008
2008-11-06,-0.012712208821295541,MTCAX,technology,2008
2008-11-07,-0.003328612746414092,MTCAX,technology,2008
2008-11-10,-0.017638442375380044,MTCAX,technology,2008
2008-11-11,0.0006316641546713735,MTCAX,technology,2008
2008-11-12,-0.018129021649909142,MTCAX,technology,2008
2008-11-13,0.005513611588966322,MTCAX,technology,2008
2008-11-14,-0.011324240157875885,MTCAX,technology,2008
2008-11-17,-0.0054998230322993846,MTCAX,technology,2008
2008-11-18,-0.009111179908518383,MTCAX,technology,2008
2008-11-19,-0.006951433870174786,MTCAX,technology,2008
2008-11-20,0.005505745330656148,MTCAX,technology,2008
2008-11-21,0.009895211843667491,MTCAX,technology,2008
2008-11-24,0.006627938069744932,MTCAX,technology,2008
2008-11-25,-0.013330152455221385,MTCAX,technology,2008
2008-11-26,0.023610138141746367,MTCAX,technology,2008
2008-11-28,-0.013545351124349627,MTCAX,technology,2008
2008-12-01,-0.00027029184361505865,MTCAX,technology,2008
2008-12-02,-0.01778277249121933,MTCAX,technology,2008
2008-12-03,0.019884150033876617,MTCAX,technology,2008
2008-12-04,-0.02286583437815111,MTCAX,technology,2008
2008-12-05,0.010718783698423384,MTCAX,technology,2008
2008-12-08,0.012889615036285003,MTCAX,technology,2008
2008-12-09,0.019282665023858524,MTCAX,technology,2008
2008-12-10,0.013073801649789506,MTCAX,technology,2008
2008-12-11,-0.01395808018432133,MTCAX,technology,2008
2008-12-12,0.008659516152403308,MTCAX,technology,2008
2008-12-15,-0.012847416877904633,MTCAX,technology,2008
2008-12-16,0.003676061666586683,MTCAX,technology,2008
2008-12-17,0.018443180321107297,MTCAX,technology,2008
2008-12-18,-0.021499574307154184,MTCAX,technology,2008
2008-12-19,0.026620786587911834,MTCAX,technology,2008
2008-12-22,-0.023550640586552447,MTCAX,technology,2008
2008-12-23,-0.003892460965634602,MTCAX,technology,2008
2008-12-24,-0.004367596423559018,MTCAX,technology,2008
2008-12-26,-0.0028555242208841017,MTCAX,technology,2008
2008-12-29,-0.003666146013755796,MTCAX,technology,2008
2008-12-30,-0.0017104631344474312,MTCAX,technology,2008
2009-01-05,0.009620841778560842,MTCAX,technology,2009
2009-01-06,0.04209204885113737,MTCAX,technology,2009
2009-01-07,0.00689780841333305,MTCAX,technology,2009
2009-01-08,-0.001542742962451494,MTCAX,technology,2009
2009-01-09,-0.005169495844904889,MTCAX,technology,2009
2009-01-12,-0.004512179109866437,MTCAX,technology,2009
2009-01-13,-0.007359493919698692,MTCAX,technology,2009
2009-01-14,0.003735802555877736,MTCAX,technology,2009
2009-01-15,0.014263213495429325,MTCAX,technology,2009
2009-01-16,-0.005186447505191335,MTCAX,technology,2009
2009-01-20,-0.0038083226527731995,MTCAX,technology,2009
2009-01-21,0.010471868945701873,MTCAX,technology,2009
2009-01-22,-0.0006231171967915668,MTCAX,technology,2009
2009-01-23,0.008624977668732207,MTCAX,technology,2009
2009-01-26,-0.005592420375354927,MTCAX,technology,2009
2009-01-27,0.007956021032238653,MTCAX,technology,2009
2009-01-28,-0.0019885327560106997,MTCAX,technology,2009
2009-01-29,0.007344793491087281,MTCAX,technology,2009
2009-01-30,-0.0033281728461446065,MTCAX,technology,2009
2009-02-02,0.010406253369647966,MTCAX,technology,2009
2009-02-03,-0.010382958129316153,MTCAX,technology,2009
2009-02-04,0.010866752015132427,MTCAX,technology,2009
2009-02-05,0.013568608856448516,MTCAX,technology,2009
2009-02-06,0.0024007603603809526,MTCAX,technology,2009
2009-02-09,-0.006581570211010086,MTCAX,technology,2009
2009-02-10,0.010352054434908407,MTCAX,technology,2009
2009-02-11,-0.011486948036764658,MTCAX,technology,2009
2009-02-12,0.011595613544043334,MTCAX,technology,2009
2009-02-13,0.01810101450387345,MTCAX,technology,2009
2009-02-17,-0.006860749436972791,MTCAX,technology,2009
2009-02-18,0.005482248136460384,MTCAX,technology,2009
2009-02-19,-0.024813271609126823,MTCAX,technology,2009
2009-02-20,0.0031890902741265013,MTCAX,technology,2009
2009-02-23,-0.005824760407845561,MTCAX,technology,2009
2009-02-24,0.002967327869153283,MTCAX,technology,2009
2009-02-25,-0.00023886624447324797,MTCAX,technology,2009
2009-02-26,-0.0002702878854587837,MTCAX,technology,2009
2009-02-27,0.01925059826706091,MTCAX,technology,2009
2009-03-02,0.010231479619958433,MTCAX,technology,2009
2009-03-03,0.0221243817419418,MTCAX,technology,2009
2009-03-04,0.008950954229549946,MTCAX,technology,2009
2009-03-05,0.012193395549069001,MTCAX,technology,2009
2009-03-06,-0.006103409899546112,MTCAX,technology,2009
2009-03-09,-0.011728971803482698,MTCAX,technology,2009
2009-03-10,0.012502994711993468,MTCAX,technology,2009
2009-03-11,0.007844669974974967,MTCAX,technology,2009
2009-03-12,-0.012659457286532266,MTCAX,technology,2009
2009-03-13,-0.010824524050817597,MTCAX,technology,2009
2009-03-16,-0.017454221127686402,MTCAX,technology,2009
2009-03-17,0.004789118864528555,MTCAX,technology,2009
2009-03-18,-0.0111319184121975,MTCAX,technology,2009
2009-03-19,0.01176619813774656,MTCAX,technology,2009
2009-03-20,-0.0003574224749746044,MTCAX,technology,2009
2009-03-23,-0.010806223900688472,MTCAX,technology,2009
2009-03-24,-0.002429858328810257,MTCAX,technology,2009
2009-03-25,-0.005730097885987279,MTCAX,technology,2009
2009-03-26,0.025731132376357164,MTCAX,technology,2009
2009-03-27,-0.008472833396156686,MTCAX,technology,2009
2009-03-30,0.003030246795384127,MTCAX,technology,2009
2009-03-31,0.004908862292117495,MTCAX,technology,2009
2009-04-01,0.005774280810492256,MTCAX,technology,2009
2009-04-02,0.012426586181600405,MTCAX,technology,2009
2009-04-03,0.008948581377450172,MTCAX,technology,2009
2009-04-06,-0.003714944963487999,MTCAX,technology,2009
2009-04-07,-0.004392375952820403,MTCAX,technology,2009
2009-04-08,0.005988988008775738,MTCAX,technology,2009
2009-04-09,-0.0017014289720972062,MTCAX,technology,2009
2009-04-13,-0.0061441866162397175,MTCAX,technology,2009
2009-04-14,0.002815102121217189,MTCAX,technology,2009
2009-04-15,-0.0029378408545976675,MTCAX,technology,2009
2009-04-16,0.013957081019919368,MTCAX,technology,2009
2009-04-17,-0.003711052637187055,MTCAX,technology,2009
2009-04-20,-0.0026852134712133865,MTCAX,technology,2009
2009-04-21,0.002060522884592672,MTCAX,technology,2009
2009-04-22,0.01215666355411301,MTCAX,technology,2009
2009-04-23,-0.011544534543625485,MTCAX,technology,2009
2009-04-24,-0.0067086686555216084,MTCAX,technology,2009
2009-04-27,-0.002731360065334648,MTCAX,technology,2009
2009-04-28,-0.0014035800243084049,MTCAX,technology,2009
2009-04-29,0.001954625570288828,MTCAX,technology,2009
2009-04-30,0.011977062735645213,MTCAX,technology,2009
2009-05-01,-0.0013008325086811328,MTCAX,technology,2009
2009-05-04,-0.003658232308891181,MTCAX,technology,2009
2009-05-05,-0.0030273212151795455,MTCAX,technology,2009
2009-05-06,-0.017276685863515842,MTCAX,technology,2009
2009-05-07,-0.010358505811483572,MTCAX,technology,2009
2009-05-08,-0.008073898437278817,MTCAX,technology,2009
2009-05-11,0.0075639318843808145,MTCAX,technology,2009
2009-05-12,-0.012384572824135694,MTCAX,technology,2009
2009-05-13,-0.0026169372991292246,MTCAX,technology,2009
2009-05-14,0.011503931570193613,MTCAX,technology,2009
2009-05-15,0.008451723510956901,MTCAX,technology,2009
2009-05-18,-0.0019788725060330623,MTCAX,technology,2009
2009-05-19,0.013072344554395418,MTCAX,technology,2009
2009-05-20,-0.0006468701884117653,MTCAX,technology,2009
2009-05-21,-0.00559671536620881,MTCAX,technology,2009
2009-05-22,-0.005608354747439573,MTCAX,technology,2009
2009-05-26,0.0051322173985510824,MTCAX,technology,2009
2009-05-27,0.012142442274539748,MTCAX,technology,2009
2009-05-28,-0.006164399335562834,MTCAX,technology,2009
2009-05-29,-0.004871399275250939,MTCAX,technology,2009
2009-06-01,0.012293980176213175,MTCAX,technology,2009
2009-06-02,-0.01326875744395058,MTCAX,technology,2009
2009-06-03,-0.004347517811416214,MTCAX,technology,2009
2009-06-04,0.007647116363596962,MTCAX,technology,2009
2009-06-05,0.0005858560605564078,MTCAX,technology,2009
2009-06-08,-0.003028954963031588,MTCAX,technology,2009
2009-06-09,0.005731046816624859,MTCAX,technology,2009
2009-06-10,0.005481711969738687,MTCAX,technology,2009
2009-06-11,-0.003888060319673494,MTCAX,technology,2009
2009-06-12,-0.014196994051828987,MTCAX,technology,2009
2009-06-15,-0.0026234588283998335,MTCAX,technology,2009
2009-06-16,-0.0005818973830925157,MTCAX,technology,2009
2009-06-17,0.0008533995124831379,MTCAX,technology,2009
2009-06-18,-0.005745640327195352,MTCAX,technology,2009
2009-06-19,0.010715488179640353,MTCAX,technology,2009
2009-06-22,-0.005060734726110468,MTCAX,technology,2009
2009-06-23,-0.004213385980898562,MTCAX,technology,2009
2009-06-24,0.0058967422988383655,MTCAX,technology,2009
2009-06-25,-0.009209239427477868,MTCAX,technology,2009
2009-06-26,0.007775814815860336,MTCAX,technology,2009
2009-06-29,-0.010029322515689516,MTCAX,technology,2009
2009-06-30,0.0010256660661354432,MTCAX,technology,2009
2009-07-01,0.006963435502933207,MTCAX,technology,2009
2009-07-02,-0.0004455791602538117,MTCAX,technology,2009
2009-07-06,-0.0021820241400133025,MTCAX,technology,2009
2009-07-07,-2.284600744535681e-05,MTCAX,technology,2009
2009-07-08,0.0016446588357139297,MTCAX,technology,2009
2009-07-09,0.005383059405026293,MTCAX,technology,2009
2009-07-10,0.0034074897290585337,MTCAX,technology,2009
2009-07-13,-0.007528573668338149,MTCAX,technology,2009
2009-07-14,-0.006130825827468109,MTCAX,technology,2009
2009-07-15,0.013130645989530738,MTCAX,technology,2009
2009-07-16,0.009478736831096648,MTCAX,technology,2009
2009-07-17,-0.008762793372660976,MTCAX,technology,2009
2009-07-20,0.002460429625484725,MTCAX,technology,2009
2009-07-21,-0.0021908621011462455,MTCAX,technology,2009
2009-07-22,0.00481382332490287,MTCAX,technology,2009
2009-07-23,-0.0012341352637139716,MTCAX,technology,2009
2009-07-24,-0.0027035634623167808,MTCAX,technology,2009
2009-07-27,-0.002459009001929661,MTCAX,technology,2009
2009-07-28,0.005553034633103696,MTCAX,technology,2009
2009-07-29,-0.007106530171499016,MTCAX,technology,2009
2009-07-30,-0.0017967698796210792,MTCAX,technology,2009
2009-07-31,-0.003663293052047179,MTCAX,technology,2009
2009-08-03,-0.0007495006907888464,MTCAX,technology,2009
2009-08-04,-0.003034165634096155,MTCAX,technology,2009
2009-08-05,-0.0028134955682081915,MTCAX,technology,2009
2009-08-06,-0.0022699082987072084,MTCAX,technology,2009
2009-08-07,-0.005703191173509934,MTCAX,technology,2009
2009-08-10,1.9222805263335017e-05,MTCAX,technology,2009
2009-08-11,0.0007919631506986043,MTCAX,technology,2009
2009-08-12,0.0014911316834946148,MTCAX,technology,2009
2009-08-13,0.0036221993948474755,MTCAX,technology,2009
2009-08-14,-0.005890706722909813,MTCAX,technology,2009
2009-08-17,-0.008521855593463797,MTCAX,technology,2009
2009-08-18,0.01136516572749222,MTCAX,technology,2009
2009-08-19,-0.007659818868596752,MTCAX,technology,2009
2009-08-20,-0.002762260494864043,MTCAX,technology,2009
2009-08-21,-0.007087707651923576,MTCAX,technology,2009
2009-08-24,-0.001135537162670786,MTCAX,technology,2009
2009-08-25,-0.0005546153930336617,MTCAX,technology,2009
2009-08-26,-0.0004337228475311145,MTCAX,technology,2009
2009-08-27,3.897471324566847e-05,MTCAX,technology,2009
2009-08-28,0.006173246434901202,MTCAX,technology,2009
2009-08-31,-0.0026277962692945623,MTCAX,technology,2009
2009-09-01,0.0065498089810384855,MTCAX,technology,2009
2009-09-02,0.0009082026076079729,MTCAX,technology,2009
2009-09-03,0.0001523392025029463,MTCAX,technology,2009
2009-09-04,0.002270136932430656,MTCAX,technology,2009
2009-09-08,0.0031268520921149297,MTCAX,technology,2009
2009-09-09,0.004827467173408151,MTCAX,technology,2009
2009-09-10,0.0019588094495622804,MTCAX,technology,2009
2009-09-11,-0.0010361347299751283,MTCAX,technology,2009
2009-09-14,-0.006348321188537848,MTCAX,technology,2009
2009-09-15,0.00038329438981724723,MTCAX,technology,2009
2009-09-16,0.005057695657209125,MTCAX,technology,2009
2009-09-17,-0.003010971761754674,MTCAX,technology,2009
2009-09-18,0.002281246029236553,MTCAX,technology,2009
2009-09-21,-0.0002488335674716744,MTCAX,technology,2009
2009-09-22,0.006013580446376245,MTCAX,technology,2009
2009-09-23,7.069105034637497e-05,MTCAX,technology,2009
2009-09-24,-0.0037882733686314483,MTCAX,technology,2009
2009-09-25,-0.005747174519778139,MTCAX,technology,2009
2009-09-28,-0.0013107272759014695,MTCAX,technology,2009
2009-09-29,-0.003925596549929874,MTCAX,technology,2009
2009-09-30,0.004504829200693858,MTCAX,technology,2009
2009-10-01,-0.008743162135336931,MTCAX,technology,2009
2009-10-02,-0.0006836574067939612,MTCAX,technology,2009
2009-10-05,-0.005576633053760008,MTCAX,technology,2009
2009-10-06,0.0009652976311146678,MTCAX,technology,2009
2009-10-07,-0.0024280452688182543,MTCAX,technology,2009
2009-10-08,-0.005045257698050639,MTCAX,technology,2009
2009-10-09,0.007526269368693568,MTCAX,technology,2009
2009-10-12,-0.005348484676377034,MTCAX,technology,2009
2009-10-13,-0.003241310278771512,MTCAX,technology,2009
2009-10-14,0.0006881570427578025,MTCAX,technology,2009
2009-10-15,-0.005896067996456211,MTCAX,technology,2009
2009-10-16,-0.006472493534809661,MTCAX,technology,2009
2009-10-19,0.0025120695172069236,MTCAX,technology,2009
2009-10-20,0.0010357876104406028,MTCAX,technology,2009
2009-10-21,0.0016162049324480246,MTCAX,technology,2009
2009-10-22,-0.007775568357260138,MTCAX,technology,2009
2009-10-23,6.675003555242122e-05,MTCAX,technology,2009
2009-10-26,0.0034724186004519595,MTCAX,technology,2009
2009-10-27,-0.015688313322792257,MTCAX,technology,2009
2009-10-28,-0.008734181959625682,MTCAX,technology,2009
2009-10-29,-0.00269055812587558,MTCAX,technology,2009
2009-10-30,0.002526418670163552,MTCAX,technology,2009
2009-11-02,-0.008058825049636073,MTCAX,technology,2009
2009-11-03,0.0016202549143030584,MTCAX,technology,2009
2009-11-04,-0.007454808298149644,MTCAX,technology,2009
2009-11-05,0.0040975378980518395,MTCAX,technology,2009
2009-11-06,-0.004847171117573586,MTCAX,technology,2009
2009-11-09,-0.004513880138281849,MTCAX,technology,2009
2009-11-10,-0.0014285570685697037,MTCAX,technology,2009
2009-11-11,0.0009796582214710737,MTCAX,technology,2009
2009-11-12,0.00024081893107424056,MTCAX,technology,2009
2009-11-13,0.0015198959451799329,MTCAX,technology,2009
2009-11-16,-0.004749275238595901,MTCAX,technology,2009
2009-11-17,1.6399617834100128e-05,MTCAX,technology,2009
2009-11-18,-0.003051965004757083,MTCAX,technology,2009
2009-11-19,-0.0024441693830517166,MTCAX,technology,2009
2009-11-20,-0.002546569934557974,MTCAX,technology,2009
2009-11-23,-0.00022755608407127453,MTCAX,technology,2009
2009-11-24,-0.01033485423231953,MTCAX,technology,2009
2009-11-25,0.00010275662523680923,MTCAX,technology,2009
2009-11-27,-0.003358566315867218,MTCAX,technology,2009
2009-11-30,-0.0005308341048651764,MTCAX,technology,2009
2009-12-01,-0.002370716073885436,MTCAX,technology,2009
2009-12-02,-0.0007650705330633065,MTCAX,technology,2009
2009-12-03,-0.0022320098628805015,MTCAX,technology,2009
2009-12-04,-0.0004727046137273441,MTCAX,technology,2009
2009-12-07,-0.004662815810049112,MTCAX,technology,2009
2009-12-08,0.0011382313613772163,MTCAX,technology,2009
2009-12-09,-0.0009090080791414913,MTCAX,technology,2009
2009-12-10,-0.0071536481434796954,MTCAX,technology,2009
2009-12-11,-0.0073920099528007165,MTCAX,technology,2009
2009-12-14,-0.0016272444487874871,MTCAX,technology,2009
2009-12-15,-0.0014164379459162234,MTCAX,technology,2009
2009-12-16,0.003939544950413257,MTCAX,technology,2009
2009-12-17,-0.0012482682879390774,MTCAX,technology,2009
2009-12-18,0.005610945852877428,MTCAX,technology,2009
2009-12-21,-0.0009641682199175352,MTCAX,technology,2009
2009-12-22,-0.00251147691553018,MTCAX,technology,2009
2009-12-23,0.00583171023058346,MTCAX,technology,2009
2009-12-24,0.0036690137727098584,MTCAX,technology,2009
2009-12-28,-0.004292688401709419,MTCAX,technology,2009
2009-12-29,-0.0021936518239737677,MTCAX,technology,2009
2009-12-30,0.004859476654457901,MTCAX,technology,2009
2010-01-05,0.00438148610808072,MTCAX,technology,2010
2010-01-06,-0.0017042089042700636,MTCAX,technology,2010
2010-01-07,-0.014090542432128018,MTCAX,technology,2010
2010-01-08,0.005331649418316932,MTCAX,technology,2010
2010-01-11,-0.006418713446552891,MTCAX,technology,2010
2010-01-12,-0.00038408839635340093,MTCAX,technology,2010
2010-01-13,0.002624213336599906,MTCAX,technology,2010
2010-01-14,0.0010870826390363608,MTCAX,technology,2010
2010-01-15,0.004001677332107411,MTCAX,technology,2010
2010-01-19,-0.003195239120027322,MTCAX,technology,2010
2010-01-20,-0.003448088614627304,MTCAX,technology,2010
2010-01-21,0.011240343400909743,MTCAX,technology,2010
2010-01-22,-0.011858507053452868,MTCAX,technology,2010
2010-01-25,0.0005253814031317885,MTCAX,technology,2010
2010-01-26,-0.0018188173457305279,MTCAX,technology,2010
2010-01-27,0.0017486170281552013,MTCAX,technology,2010
2010-01-28,-0.00450174596979315,MTCAX,technology,2010
2010-01-29,-0.007081481016719628,MTCAX,technology,2010
2010-02-01,-0.0038098999697233384,MTCAX,technology,2010
2010-02-02,-0.003890572550893777,MTCAX,technology,2010
2010-02-03,0.005724894626675152,MTCAX,technology,2010
2010-02-04,0.0030786177960549325,MTCAX,technology,2010
2010-02-05,0.0020910986751447457,MTCAX,technology,2010
2010-02-08,0.002785477671705401,MTCAX,technology,2010
2010-02-09,-0.0015621663062747766,MTCAX,technology,2010
2010-02-10,0.007861813685730341,MTCAX,technology,2010
2010-02-11,0.002090106552784068,MTCAX,technology,2010
2010-02-12,-0.003590793596019384,MTCAX,technology,2010
2010-02-16,-0.003372220516431759,MTCAX,technology,2010
2010-02-17,0.0008959639043912325,MTCAX,technology,2010
2010-02-18,0.0005247364438867213,MTCAX,technology,2010
2010-02-19,-0.008118221549205764,MTCAX,technology,2010
2010-02-22,-0.0037179392417946103,MTCAX,technology,2010
2010-02-23,-0.002125506674639248,MTCAX,technology,2010
2010-02-24,-0.001012956364119754,MTCAX,technology,2010
2010-02-25,-0.007258731882872131,MTCAX,technology,2010
2010-02-26,-0.000830635787159138,MTCAX,technology,2010
2010-03-01,0.006299574084372664,MTCAX,technology,2010
2010-03-02,0.0003477537192245481,MTCAX,technology,2010
2010-03-03,0.0014114207757009707,MTCAX,technology,2010
2010-03-04,0.0009000293953605799,MTCAX,technology,2010
2010-03-05,0.0010482218053524586,MTCAX,technology,2010
2010-03-08,0.0037157102602543403,MTCAX,technology,2010
2010-03-09,-0.0002513596147299794,MTCAX,technology,2010
2010-03-10,0.002591589996575611,MTCAX,technology,2010
2010-03-11,-0.0028172087579711423,MTCAX,technology,2010
2010-03-12,0.0005284692871995465,MTCAX,technology,2010
2010-03-15,-0.0052747377758960755,MTCAX,technology,2010
2010-03-16,-0.005048442925333017,MTCAX,technology,2010
2010-03-17,0.0010377955452604958,MTCAX,technology,2010
2010-03-18,-0.000467026033772193,MTCAX,technology,2010
2010-03-19,-0.003046286200834564,MTCAX,technology,2010
2010-03-22,0.0032525891361909146,MTCAX,technology,2010
2010-03-23,0.004658285109798802,MTCAX,technology,2010
2010-03-24,3.938787627495548e-06,MTCAX,technology,2010
2010-03-25,-0.0017104683798466222,MTCAX,technology,2010
2010-03-26,0.0044027694901594625,MTCAX,technology,2010
2010-03-29,-0.0018780187656226187,MTCAX,technology,2010
2010-03-30,0.002276698436162951,MTCAX,technology,2010
2010-03-31,-0.00302127459006228,MTCAX,technology,2010
2010-04-01,-0.002382620890548719,MTCAX,technology,2010
2010-04-05,0.004930564321003477,MTCAX,technology,2010
2010-04-06,-0.00025015484065615736,MTCAX,technology,2010
2010-04-07,0.005614456331266299,MTCAX,technology,2010
2010-04-08,-0.010688438968713687,MTCAX,technology,2010
2010-04-09,-0.0013901199651830606,MTCAX,technology,2010
2010-04-12,0.0013055837612783617,MTCAX,technology,2010
2010-04-13,-0.003275586411833749,MTCAX,technology,2010
2010-04-14,0.00847101022833452,MTCAX,technology,2010
2010-04-15,0.006584104266598675,MTCAX,technology,2010
2010-04-16,0.003134988165556343,MTCAX,technology,2010
2010-04-19,-0.010138497888078949,MTCAX,technology,2010
2010-04-20,0.0007482620711075534,MTCAX,technology,2010
2010-04-21,0.003947343974720841,MTCAX,technology,2010
2010-04-22,0.005907185980844313,MTCAX,technology,2010
2010-04-23,0.0007170037881329668,MTCAX,technology,2010
2010-04-26,0.0006558416584001845,MTCAX,technology,2010
2010-04-27,0.002079994748196177,MTCAX,technology,2010
2010-04-28,-0.007903648041875147,MTCAX,technology,2010
2010-04-29,0.008691823353504534,MTCAX,technology,2010
2010-04-30,-0.0054818584199971924,MTCAX,technology,2010
2010-05-03,0.0027753687221247682,MTCAX,technology,2010
2010-05-04,-0.008048967882785158,MTCAX,technology,2010
2010-05-05,-0.005067011287826739,MTCAX,technology,2010
2010-05-06,-0.002757289761835459,MTCAX,technology,2010
2010-05-07,-0.011286644230085519,MTCAX,technology,2010
2010-05-10,0.0055402333097823095,MTCAX,technology,2010
2010-05-11,-0.0037077408934401454,MTCAX,technology,2010
2010-05-12,0.00977976711770046,MTCAX,technology,2010
2010-05-13,0.005357425306629782,MTCAX,technology,2010
2010-05-14,-0.005569484823055266,MTCAX,technology,2010
2010-05-17,0.0009005432588350386,MTCAX,technology,2010
2010-05-18,-0.002578577175542338,MTCAX,technology,2010
2010-05-19,-0.00017073713155025313,MTCAX,technology,2010
2010-05-20,-0.002430479746624914,MTCAX,technology,2010
2010-05-21,-0.0037906627488581562,MTCAX,technology,2010
2010-05-24,0.010283167750213266,MTCAX,technology,2010
2010-05-25,-0.006361912007849227,MTCAX,technology,2010
2010-05-26,0.006795929492054648,MTCAX,technology,2010
2010-05-27,0.0018997527065445427,MTCAX,technology,2010
2010-05-28,-0.0023784448320700417,MTCAX,technology,2010
2010-06-01,-0.0007911012807257194,MTCAX,technology,2010
2010-06-02,-0.007769390794248033,MTCAX,technology,2010
2010-06-03,0.008939962933304645,MTCAX,technology,2010
2010-06-04,0.003914488557862583,MTCAX,technology,2010
2010-06-07,-0.007283518998745487,MTCAX,technology,2010
2010-06-08,-0.015446604645563699,MTCAX,technology,2010
2010-06-09,-0.0017935449638669379,MTCAX,technology,2010
2010-06-10,-0.004193731501981473,MTCAX,technology,2010
2010-06-11,0.0069697171047057496,MTCAX,technology,2010
2010-06-14,-0.001173120012513942,MTCAX,technology,2010
2010-06-15,0.005801161216533027,MTCAX,technology,2010
2010-06-16,0.0051621786457265815,MTCAX,technology,2010
2010-06-17,0.0031414106719125385,MTCAX,technology,2010
2010-06-18,0.0011804657538786005,MTCAX,technology,2010
2010-06-21,-0.003026288962308555,MTCAX,technology,2010
2010-06-22,0.004201519211538168,MTCAX,technology,2010
2010-06-23,-0.0012168465678432977,MTCAX,technology,2010
2010-06-24,-0.002667829313804375,MTCAX,technology,2010
2010-06-25,0.001550128577380805,MTCAX,technology,2010
2010-06-28,0.0030130818367998637,MTCAX,technology,2010
2010-06-29,-0.007123975662087251,MTCAX,technology,2010
2010-06-30,-0.00381294276686687,MTCAX,technology,2010
2010-07-01,0.002545462405218773,MTCAX,technology,2010
2010-07-02,0.003550227304228779,MTCAX,technology,2010
2010-07-06,-0.005046646859428108,MTCAX,technology,2010
2010-07-07,0.004657579182377254,MTCAX,technology,2010
2010-07-08,-0.0015740994802368822,MTCAX,technology,2010
2010-07-09,-3.888361953887157e-05,MTCAX,technology,2010
2010-07-12,0.0008586660179967715,MTCAX,technology,2010
2010-07-13,-0.00019466905235750523,MTCAX,technology,2010
2010-07-14,0.008286783043895131,MTCAX,technology,2010
2010-07-15,-0.0021286996537510203,MTCAX,technology,2010
2010-07-16,-0.0013621040396657735,MTCAX,technology,2010
2010-07-19,0.000673930475439506,MTCAX,technology,2010
2010-07-20,0.0004706431897644747,MTCAX,technology,2010
2010-07-21,0.00038806832920895706,MTCAX,technology,2010
2010-07-22,0.0010095879760314876,MTCAX,technology,2010
2010-07-23,0.006816225765083809,MTCAX,technology,2010
2010-07-26,-0.004210423824616568,MTCAX,technology,2010
2010-07-27,-9.673289639287636e-05,MTCAX,technology,2010
2010-07-28,-0.003403874676065707,MTCAX,technology,2010
2010-07-29,-0.0026398389838254536,MTCAX,technology,2010
2010-07-30,-0.0024898864022795232,MTCAX,technology,2010
2010-08-02,-0.0065127685089303305,MTCAX,technology,2010
2010-08-03,0.004676438556254012,MTCAX,technology,2010
2010-08-04,0.0036442099999098084,MTCAX,technology,2010
2010-08-05,-0.003959225157349476,MTCAX,technology,2010
2010-08-06,-0.00010928004083640003,MTCAX,technology,2010
2010-08-09,-0.0007167714261124844,MTCAX,technology,2010
2010-08-10,-0.0036327858347608728,MTCAX,technology,2010
2010-08-11,0.0014427677605933116,MTCAX,technology,2010
2010-08-12,-0.009941286638092777,MTCAX,technology,2010
2010-08-13,-0.0031789637681712375,MTCAX,technology,2010
2010-08-16,0.019197371608007968,MTCAX,technology,2010
2010-08-17,-0.0008521783825623762,MTCAX,technology,2010
2010-08-18,0.001294226640991338,MTCAX,technology,2010
2010-08-19,0.005845614493202526,MTCAX,technology,2010
2010-08-20,0.006471378942368289,MTCAX,technology,2010
2010-08-23,0.0020092300103451335,MTCAX,technology,2010
2010-08-24,0.0014542096325709068,MTCAX,technology,2010
2010-08-25,0.0009723547901821471,MTCAX,technology,2010
2010-08-26,0.002385954789472634,MTCAX,technology,2010
2010-08-27,0.0010846962423421078,MTCAX,technology,2010
2010-08-30,0.00284027213698553,MTCAX,technology,2010
2010-08-31,-0.0018800954311815386,MTCAX,technology,2010
2010-09-01,-0.006842114826674947,MTCAX,technology,2010
2010-09-02,0.0002867927841054517,MTCAX,technology,2010
2010-09-03,0.001390431936731159,MTCAX,technology,2010
2010-09-07,0.005607637931135891,MTCAX,technology,2010
2010-09-08,-0.004884566245883347,MTCAX,technology,2010
2010-09-09,-0.00406895027457926,MTCAX,technology,2010
2010-09-10,-0.0004578692447441352,MTCAX,technology,2010
2010-09-13,0.0022118498664677275,MTCAX,technology,2010
2010-09-14,0.004417623233135336,MTCAX,technology,2010
2010-09-15,0.0030604574918948954,MTCAX,technology,2010
2010-09-16,0.004012435006971218,MTCAX,technology,2010
2010-09-17,0.009612743037438441,MTCAX,technology,2010
2010-09-20,-0.0009900516809513097,MTCAX,technology,2010
2010-09-21,0.00032976724371547284,MTCAX,technology,2010
2010-09-22,0.0025072555611025133,MTCAX,technology,2010
2010-09-23,0.008050919798391057,MTCAX,technology,2010
2010-09-24,-0.005797651114028244,MTCAX,technology,2010
2010-09-27,0.005433023032060146,MTCAX,technology,2010
2010-09-28,-0.002234302488891025,MTCAX,technology,2010
2010-09-29,0.0008303829537039598,MTCAX,technology,2010
2010-09-30,-0.003203912302717876,MTCAX,technology,2010
2010-10-01,-0.0021839073216068663,MTCAX,technology,2010
2010-10-04,-0.000893201879544051,MTCAX,technology,2010
2010-10-05,-0.0007898861619761131,MTCAX,technology,2010
2010-10-06,-0.014321697062486233,MTCAX,technology,2010
2010-10-07,0.0017970363239405195,MTCAX,technology,2010
2010-10-08,0.0009431058835287654,MTCAX,technology,2010
2010-10-11,0.0003608032347732716,MTCAX,technology,2010
2010-10-12,0.003449185163868736,MTCAX,technology,2010
2010-10-13,0.0031235182342792336,MTCAX,technology,2010
2010-10-14,0.008948261071298867,MTCAX,technology,2010
2010-10-15,0.013912629586756573,MTCAX,technology,2010
2010-10-18,-0.0001279098700819074,MTCAX,technology,2010
2010-10-19,0.0008837875689279885,MTCAX,technology,2010
2010-10-20,-0.0028190384335224855,MTCAX,technology,2010
2010-10-21,0.0004658181302482573,MTCAX,technology,2010
2010-10-22,0.00585654920802162,MTCAX,technology,2010
2010-10-25,0.0018191615446455003,MTCAX,technology,2010
2010-10-26,0.00106530286849841,MTCAX,technology,2010
2010-10-27,0.0034321155367887674,MTCAX,technology,2010
2010-10-28,-0.003202672004933043,MTCAX,technology,2010
2010-10-29,-0.0016724221020505993,MTCAX,technology,2010
2010-11-01,-0.0012443418894410741,MTCAX,technology,2010
2010-11-02,0.0024632098098309584,MTCAX,technology,2010
2010-11-03,0.0006750456150700617,MTCAX,technology,2010
2010-11-04,-0.010614173752038445,MTCAX,technology,2010
2010-11-05,-0.004009783246957502,MTCAX,technology,2010
2010-11-08,0.0024122136443178346,MTCAX,technology,2010
2010-11-09,0.0036301260590402232,MTCAX,technology,2010
2010-11-10,0.0006075393414323163,MTCAX,technology,2010
2010-11-11,-0.01303950041139272,MTCAX,technology,2010
2010-11-12,-0.0037108288630463768,MTCAX,technology,2010
2010-11-15,-0.0016229274682239205,MTCAX,technology,2010
2010-11-16,-0.0030818410580471765,MTCAX,technology,2010
2010-11-17,-0.000703761241492154,MTCAX,technology,2010
2010-11-18,0.006872142280887044,MTCAX,technology,2010
2010-11-19,-0.00011019724159256261,MTCAX,technology,2010
2010-11-22,0.008530304952523016,MTCAX,technology,2010
2010-11-23,0.0017330800239446394,MTCAX,technology,2010
2010-11-24,0.0020713724286752933,MTCAX,technology,2010
2010-11-26,0.008813604511103012,MTCAX,technology,2010
2010-11-29,-0.009648788813620857,MTCAX,technology,2010
2010-11-30,-0.0051832342652106235,MTCAX,technology,2010
2010-12-01,-0.001588532598161458,MTCAX,technology,2010
2010-12-02,-0.0040046483415105555,MTCAX,technology,2010
2010-12-03,-0.00012001053807143836,MTCAX,technology,2010
2010-12-06,0.0064773926865421515,MTCAX,technology,2010
2010-12-07,-0.001462432684247525,MTCAX,technology,2010
2010-12-08,0.004435777631511657,MTCAX,technology,2010
2010-12-09,-0.0027636485801819056,MTCAX,technology,2010
2010-12-10,0.002167450326436079,MTCAX,technology,2010
2010-12-13,-0.0035731733837347473,MTCAX,technology,2010
2010-12-14,-0.006564582718336142,MTCAX,technology,2010
2010-12-15,0.003078733406345676,MTCAX,technology,2010
2010-12-16,-0.006770987990154053,MTCAX,technology,2010
2010-12-17,0.00355538301863457,MTCAX,technology,2010
2010-12-20,0.00010768573819136887,MTCAX,technology,2010
2010-12-21,-0.00046359541453078017,MTCAX,technology,2010
2010-12-22,-0.004028142853051998,MTCAX,technology,2010
2010-12-23,-9.670835940952063e-05,MTCAX,technology,2010
2010-12-27,0.0028184851347319052,MTCAX,technology,2010
2010-12-28,-0.0036826448458776397,MTCAX,technology,2010
2010-12-29,0.0011290241536268055,MTCAX,technology,2010
2010-12-30,-0.000614007511186979,MTCAX,technology,2010
2011-01-05,0.005328803041617226,MTCAX,technology,2011
2011-01-06,0.0034171872205606317,MTCAX,technology,2011
2011-01-07,0.0014222398218567646,MTCAX,technology,2011
2011-01-10,0.005343981023279408,MTCAX,technology,2011
2011-01-11,-0.0030477173621554533,MTCAX,technology,2011
2011-01-12,-0.00417758604968441,MTCAX,technology,2011
2011-01-13,0.0050395623622847005,MTCAX,technology,2011
2011-01-14,-0.0016913529564357866,MTCAX,technology,2011
2011-01-18,0.0014973672941767165,MTCAX,technology,2011
2011-01-19,-7.592859663124209e-05,MTCAX,technology,2011
2011-01-20,-0.0051664397668041845,MTCAX,technology,2011
2011-01-21,-0.008327053194534766,MTCAX,technology,2011
2011-01-24,0.0040323351112341674,MTCAX,technology,2011
2011-01-25,0.000769897525256612,MTCAX,technology,2011
2011-01-26,0.0025368567866789708,MTCAX,technology,2011
2011-01-27,0.0013515124058713418,MTCAX,technology,2011
2011-01-28,-0.003767097161685582,MTCAX,technology,2011
2011-01-31,0.0014451426827071547,MTCAX,technology,2011
2011-02-01,0.0036510298578188785,MTCAX,technology,2011
2011-02-02,0.007216432390260508,MTCAX,technology,2011
2011-02-03,-0.003607751991021211,MTCAX,technology,2011
2011-02-04,0.002848024708079679,MTCAX,technology,2011
2011-02-07,-0.00014911392499223665,MTCAX,technology,2011
2011-02-08,-0.0009422961135511468,MTCAX,technology,2011
2011-02-09,0.004943817486588972,MTCAX,technology,2011
2011-02-10,-0.0022770820730631134,MTCAX,technology,2011
2011-02-11,0.00388608711622632,MTCAX,technology,2011
2011-02-14,0.0037710922190082024,MTCAX,technology,2011
2011-02-15,-0.0035305475152624974,MTCAX,technology,2011
2011-02-16,0.0021696649363678704,MTCAX,technology,2011
2011-02-17,-1.0470445643884479e-05,MTCAX,technology,2011
2011-02-18,-0.006523477045750673,MTCAX,technology,2011
2011-02-22,-0.00941035110440797,MTCAX,technology,2011
2011-02-23,-0.008308373202062985,MTCAX,technology,2011
2011-02-24,0.011848071841448524,MTCAX,technology,2011
2011-02-25,0.0036189084614443295,MTCAX,technology,2011
2011-02-28,-0.009051403434977241,MTCAX,technology,2011
2011-03-01,0.0003495690019981873,MTCAX,technology,2011
2011-03-02,0.004262886340475832,MTCAX,technology,2011
2011-03-03,0.003817439030178643,MTCAX,technology,2011
2011-03-04,0.005385922768861371,MTCAX,technology,2011
2011-03-07,-0.011963903879179115,MTCAX,technology,2011
2011-03-08,-0.0027333623457274107,MTCAX,technology,2011
2011-03-09,-0.010664744222727821,MTCAX,technology,2011
2011-03-10,-0.0025819825506563296,MTCAX,technology,2011
2011-03-11,-0.0012932011409231819,MTCAX,technology,2011
2011-03-14,0.004398388609776799,MTCAX,technology,2011
2011-03-15,-0.003796187005406461,MTCAX,technology,2011
2011-03-16,-0.00200260923453896,MTCAX,technology,2011
2011-03-17,-0.008418833334509886,MTCAX,technology,2011
2011-03-18,-0.004492715415550732,MTCAX,technology,2011
2011-03-21,0.00490387364188017,MTCAX,technology,2011
2011-03-22,-0.0016843617660762403,MTCAX,technology,2011
2011-03-23,0.0037414578970039374,MTCAX,technology,2011
2011-03-24,0.010016659067998927,MTCAX,technology,2011
2011-03-25,0.0007373535785255847,MTCAX,technology,2011
2011-03-28,-0.0019840363348642255,MTCAX,technology,2011
2011-03-29,0.0021317584264884263,MTCAX,technology,2011
2011-03-30,-0.003995384266322504,MTCAX,technology,2011
2011-03-31,0.004040824946902331,MTCAX,technology,2011
2011-04-01,-0.004426732132657166,MTCAX,technology,2011
2011-04-04,-0.0034343547387300304,MTCAX,technology,2011
2011-04-05,-0.00241325841847688,MTCAX,technology,2011
2011-04-06,-0.0026488839172235357,MTCAX,technology,2011
2011-04-07,0.003999200253862613,MTCAX,technology,2011
2011-04-08,-0.0008847186120929658,MTCAX,technology,2011
2011-04-11,-6.56275582682996e-05,MTCAX,technology,2011
2011-04-12,-0.0025653160106165578,MTCAX,technology,2011
2011-04-13,0.010669385604007578,MTCAX,technology,2011
2011-04-14,-0.004047783298386974,MTCAX,technology,2011
2011-04-15,-0.009722640640982464,MTCAX,technology,2011
2011-04-18,0.0032496944716820346,MTCAX,technology,2011
2011-04-19,-0.001371236670067273,MTCAX,technology,2011
2011-04-20,0.00818186923219452,MTCAX,technology,2011
2011-04-21,0.007594317066169711,MTCAX,technology,2011
2011-04-25,-0.0001554743838269861,MTCAX,technology,2011
2011-04-26,-0.006480337998252886,MTCAX,technology,2011
2011-04-27,0.0020856946774313982,MTCAX,technology,2011
2011-04-28,-0.007191939318460399,MTCAX,technology,2011
2011-04-29,0.0032631855730931273,MTCAX,technology,2011
2011-05-02,-0.0021481330012105087,MTCAX,technology,2011
2011-05-03,-0.001263621312175548,MTCAX,technology,2011
2011-05-04,-6.129449550185823e-06,MTCAX,technology,2011
2011-05-05,0.0063410721811450535,MTCAX,technology,2011
2011-05-06,0.001166126672007454,MTCAX,technology,2011
2011-05-09,0.0029828795565713913,MTCAX,technology,2011
2011-05-10,0.0024742672750558796,MTCAX,technology,2011
2011-05-11,-0.001465506324448286,MTCAX,technology,2011
2011-05-12,0.003282534363136993,MTCAX,technology,2011
2011-05-13,-0.002602573936188896,MTCAX,technology,2011
2011-05-16,-0.013721739911703678,MTCAX,technology,2011
2011-05-17,0.00017908727840555003,MTCAX,technology,2011
2011-05-18,0.00168557859308399,MTCAX,technology,2011
2011-05-19,0.002023478682341536,MTCAX,technology,2011
2011-05-20,0.0026147666853049206,MTCAX,technology,2011
2011-05-23,-0.005825938167782631,MTCAX,technology,2011
2011-05-24,-0.0030439005678741765,MTCAX,technology,2011
2011-05-25,0.0011270736303427946,MTCAX,technology,2011
2011-05-26,0.004360980702138061,MTCAX,technology,2011
2011-05-27,-0.0001131194303416968,MTCAX,technology,2011
2011-05-31,0.002666482471007826,MTCAX,technology,2011
2011-06-01,0.002575524674917857,MTCAX,technology,2011
2011-06-02,0.003098966909723444,MTCAX,technology,2011
2011-06-03,-0.0025436306049862745,MTCAX,technology,2011
2011-06-06,-6.383496174481793e-05,MTCAX,technology,2011
2011-06-07,-0.0026663874577088974,MTCAX,technology,2011
2011-06-08,-0.008303295351346026,MTCAX,technology,2011
2011-06-09,-0.004621105635022249,MTCAX,technology,2011
2011-06-10,-0.001567805608956337,MTCAX,technology,2011
2011-06-13,-0.0028674118496898626,MTCAX,technology,2011
2011-06-14,0.0038906721436780724,MTCAX,technology,2011
2011-06-15,-0.0029282749028872734,MTCAX,technology,2011
2011-06-16,-0.016151142230055145,MTCAX,technology,2011
2011-06-17,-0.007334876652965509,MTCAX,technology,2011
2011-06-20,-0.0039561797644213186,MTCAX,technology,2011
2011-06-21,0.012349628409940956,MTCAX,technology,2011
2011-06-22,-0.0018635422464007775,MTCAX,technology,2011
2011-06-23,0.014114310262137981,MTCAX,technology,2011
2011-06-24,-0.0034802363570124,MTCAX,technology,2011
2011-06-27,0.005925297210802021,MTCAX,technology,2011
2011-06-28,0.0013325704706162785,MTCAX,technology,2011
2011-06-29,0.0004430267721620019,MTCAX,technology,2011
2011-06-30,-0.0006972323597345571,MTCAX,technology,2011
2011-07-01,0.0003437762426442975,MTCAX,technology,2011
2011-07-05,0.006097511035255815,MTCAX,technology,2011
2011-07-06,0.0020025643977806128,MTCAX,technology,2011
2011-07-07,0.004598418940642869,MTCAX,technology,2011
2011-07-08,0.0017647599395950106,MTCAX,technology,2011
2011-07-11,-0.0014111372849709737,MTCAX,technology,2011
2011-07-12,-0.008493584629781926,MTCAX,technology,2011
2011-07-13,0.0011275528112278535,MTCAX,technology,2011
2011-07-14,-0.005885432222780606,MTCAX,technology,2011
2011-07-15,0.009262057117278765,MTCAX,technology,2011
2011-07-18,0.001425929394260888,MTCAX,technology,2011
2011-07-19,0.005444109119881666,MTCAX,technology,2011
2011-07-20,-0.005173227747211786,MTCAX,technology,2011
2011-07-21,-0.013283901701983023,MTCAX,technology,2011
2011-07-22,0.01688318594996215,MTCAX,technology,2011
2011-07-25,-0.0017821273349379833,MTCAX,technology,2011
2011-07-26,0.009754198497904418,MTCAX,technology,2011
2011-07-27,-0.004039924802866173,MTCAX,technology,2011
2011-07-28,-0.0008590983483185216,MTCAX,technology,2011
2011-07-29,-0.0007025501902191041,MTCAX,technology,2011
2011-08-01,0.0038347093009032285,MTCAX,technology,2011
2011-08-02,0.0016264274725875973,MTCAX,technology,2011
2011-08-03,0.010024889376908853,MTCAX,technology,2011
2011-08-04,0.0022760608165141097,MTCAX,technology,2011
2011-08-05,-0.0012246163604763478,MTCAX,technology,2011
2011-08-08,0.000663594674802509,MTCAX,technology,2011
2011-08-09,0.006480410287714844,MTCAX,technology,2011
2011-08-10,0.006977452525725236,MTCAX,technology,2011
2011-08-11,-0.0015542351705729457,MTCAX,technology,2011
2011-08-12,0.0008100923929443872,MTCAX,technology,2011
2011-08-15,-0.005210785866675741,MTCAX,technology,2011
2011-08-16,-0.008455744227915058,MTCAX,technology,2011
2011-08-17,-0.009218282689836776,MTCAX,technology,2011
2011-08-18,-0.01984951781874026,MTCAX,technology,2011
2011-08-19,0.0072423235514542765,MTCAX,technology,2011
2011-08-22,0.0069317053686183475,MTCAX,technology,2011
2011-08-23,0.016131500000094633,MTCAX,technology,2011
2011-08-24,-0.006758505481904998,MTCAX,technology,2011
2011-08-25,9.816213351506939e-05,MTCAX,technology,2011
2011-08-26,0.011283056205558029,MTCAX,technology,2011
2011-08-29,0.0013905584134259533,MTCAX,technology,2011
2011-08-30,0.0028192824585704843,MTCAX,technology,2011
2011-08-31,0.00019856045755929815,MTCAX,technology,2011
2011-09-01,1.619658260997199e-05,MTCAX,technology,2011
2011-09-02,0.00531025111918448,MTCAX,technology,2011
2011-09-06,0.004855186822779658,MTCAX,technology,2011
2011-09-07,0.001766119279713669,MTCAX,technology,2011
2011-09-08,0.0019559621887631357,MTCAX,technology,2011
2011-09-09,0.0010499341135126843,MTCAX,technology,2011
2011-09-12,0.0068572474610181285,MTCAX,technology,2011
2011-09-13,0.005245442250373102,MTCAX,technology,2011
2011-09-14,0.003597754464164103,MTCAX,technology,2011
2011-09-15,-0.003063435499149756,MTCAX,technology,2011
2011-09-16,0.003923456200339052,MTCAX,technology,2011
2011-09-19,0.008500827627956401,MTCAX,technology,2011
2011-09-20,-0.007466766775854772,MTCAX,technology,2011
2011-09-21,0.020226435365383925,MTCAX,technology,2011
2011-09-22,0.0019370986413741742,MTCAX,technology,2011
2011-09-23,0.0028570300600243995,MTCAX,technology,2011
2011-09-26,-0.011026867730498758,MTCAX,technology,2011
2011-09-27,-0.0027852602658306504,MTCAX,technology,2011
2011-09-28,0.0037406352510810856,MTCAX,technology,2011
2011-09-29,-0.016658502343442,MTCAX,technology,2011
2011-09-30,-0.0010496687630673143,MTCAX,technology,2011
2011-10-03,0.0018317996149356912,MTCAX,technology,2011
2011-10-04,-0.0015207075859684747,MTCAX,technology,2011
2011-10-05,0.0023406408201241957,MTCAX,technology,2011
2011-10-06,-0.0019494751323440203,MTCAX,technology,2011
2011-10-07,7.454513478775092e-05,MTCAX,technology,2011
2011-10-10,-0.0020791958365942997,MTCAX,technology,2011
2011-10-11,0.008514343618305604,MTCAX,technology,2011
2011-10-12,-0.003811644613125522,MTCAX,technology,2011
2011-10-13,0.00883482112516996,MTCAX,technology,2011
2011-10-14,0.005383558757705194,MTCAX,technology,2011
2011-10-17,0.003166272337366237,MTCAX,technology,2011
2011-10-18,-0.005300826780032896,MTCAX,technology,2011
2011-10-19,-0.011704367248309698,MTCAX,technology,2011
2011-10-20,-0.0059264801134376165,MTCAX,technology,2011
2011-10-21,-0.00857265805226995,MTCAX,technology,2011
2011-10-24,0.007665585652642387,MTCAX,technology,2011
2011-10-25,0.00035537766959198996,MTCAX,technology,2011
2011-10-26,-0.012003304487005392,MTCAX,technology,2011
2011-10-27,-0.0014722616635077443,MTCAX,technology,2011
2011-10-28,0.01052988156694496,MTCAX,technology,2011
2011-10-31,0.005724835280622582,MTCAX,technology,2011
2011-11-01,0.0028367419159906794,MTCAX,technology,2011
2011-11-02,0.0014728188325501476,MTCAX,technology,2011
2011-11-03,0.004992933631028158,MTCAX,technology,2011
2011-11-04,0.001979457073636665,MTCAX,technology,2011
2011-11-07,-0.003962173834962227,MTCAX,technology,2011
2011-11-08,-0.0007119001354012992,MTCAX,technology,2011
2011-11-09,0.007346220353939663,MTCAX,technology,2011
2011-11-10,-0.009246651006771824,MTCAX,technology,2011
2011-11-11,-0.0002700119375439042,MTCAX,technology,2011
2011-11-14,0.0068061619304547235,MTCAX,technology,2011
2011-11-15,0.008269481109592495,MTCAX,technology,2011
2011-11-16,0.002820250322563821,MTCAX,technology,2011
2011-11-17,-0.008899541003201145,MTCAX,technology,2011
2011-11-18,-0.01267334788314108,MTCAX,technology,2011
2011-11-21,0.0007051397844549355,MTCAX,technology,2011
2011-11-22,0.0027973482666754203,MTCAX,technology,2011
2011-11-23,-0.002626552086230423,MTCAX,technology,2011
2011-11-25,-0.008480663360063197,MTCAX,technology,2011
2011-11-28,0.01050476113286962,MTCAX,technology,2011
2011-11-29,-0.012474685803294108,MTCAX,technology,2011
2011-11-30,-0.0028752040378196703,MTCAX,technology,2011
2011-12-01,0.006118544395965571,MTCAX,technology,2011
2011-12-02,0.0009480740543241682,MTCAX,technology,2011
2011-12-05,-0.0003166411365984334,MTCAX,technology,2011
2011-12-06,-0.005494046625010856,MTCAX,technology,2011
2011-12-07,-0.006503038530674441,MTCAX,technology,2011
2011-12-08,0.009415268460893677,MTCAX,technology,2011
2011-12-09,0.0013712807231567974,MTCAX,technology,2011
2011-12-12,0.003056208560582349,MTCAX,technology,2011
2011-12-13,-0.003949611283013266,MTCAX,technology,2011
2011-12-14,-0.006767741282587364,MTCAX,technology,2011
2011-12-15,-0.009216284839912055,MTCAX,technology,2011
2011-12-16,0.0039207700259482475,MTCAX,technology,2011
2011-12-19,-0.00026061058804112934,MTCAX,technology,2011
2011-12-20,-0.0057471912164245124,MTCAX,technology,2011
2011-12-21,-0.026114662315805053,MTCAX,technology,2011
2011-12-22,0.0016654814158838325,MTCAX,technology,2011
2011-12-23,-0.002609967009559849,MTCAX,technology,2011
2011-12-27,0.0012098289950704523,MTCAX,technology,2011
2011-12-28,0.0037541122018514925,MTCAX,technology,2011
2011-12-29,-0.002709638427406213,MTCAX,technology,2011
2011-12-30,0.003176753827433126,MTCAX,technology,2011
2012-01-04,-0.0077230843612498615,MTCAX,technology,2012
2012-01-05,0.0030412215422292426,MTCAX,technology,2012
2012-01-06,0.005833559544879075,MTCAX,technology,2012
2012-01-09,-0.006055081540849909,MTCAX,technology,2012
2012-01-10,-0.005396584965791989,MTCAX,technology,2012
2012-01-11,0.0021517395146676407,MTCAX,technology,2012
2012-01-12,0.0012863420402886992,MTCAX,technology,2012
2012-01-13,0.000933673161279177,MTCAX,technology,2012
2012-01-17,0.004195938885507662,MTCAX,technology,2012
2012-01-18,0.007527979511860303,MTCAX,technology,2012
2012-01-19,0.004243939994070148,MTCAX,technology,2012
2012-01-20,-0.017665966692703865,MTCAX,technology,2012
2012-01-23,0.002515348886338351,MTCAX,technology,2012
2012-01-24,0.005357885121049542,MTCAX,technology,2012
2012-01-25,-0.001329683501048902,MTCAX,technology,2012
2012-01-26,0.002328111178894715,MTCAX,technology,2012
2012-01-27,0.0019508393842899508,MTCAX,technology,2012
2012-01-30,0.002864420740359507,MTCAX,technology,2012
2012-01-31,0.002505413165288066,MTCAX,technology,2012
2012-02-01,-0.0005593684026102014,MTCAX,technology,2012
2012-02-02,0.000804740716310629,MTCAX,technology,2012
2012-02-03,0.0007329393821612976,MTCAX,technology,2012
2012-02-06,0.0015400111063277467,MTCAX,technology,2012
2012-02-07,0.0008880671741144084,MTCAX,technology,2012
2012-02-08,0.0009781174613096347,MTCAX,technology,2012
2012-02-09,0.006675502039280953,MTCAX,technology,2012
2012-02-10,0.0027000533916862754,MTCAX,technology,2012
2012-02-13,-0.0006177674941748625,MTCAX,technology,2012
2012-02-14,0.004664347277105706,MTCAX,technology,2012
2012-02-15,0.00012983947309082398,MTCAX,technology,2012
2012-02-16,0.0011930087664616916,MTCAX,technology,2012
2012-02-17,-0.005399764510257978,MTCAX,technology,2012
2012-02-21,0.0002181640910215415,MTCAX,technology,2012
2012-02-22,-0.000312711840161556,MTCAX,technology,2012
2012-02-23,-0.0020208882675552217,MTCAX,technology,2012
2012-02-24,0.004819215780556886,MTCAX,technology,2012
2012-02-27,-0.0012444852095417013,MTCAX,technology,2012
2012-02-28,0.004516413187591612,MTCAX,technology,2012
2012-02-29,-0.0042003110035713775,MTCAX,technology,2012
2012-03-01,0.003063308207297895,MTCAX,technology,2012
2012-03-02,-0.0010541663407630905,MTCAX,technology,2012
2012-03-05,-0.004662172227112665,MTCAX,technology,2012
2012-03-06,0.0034183040058400893,MTCAX,technology,2012
2012-03-07,0.00235703373802245,MTCAX,technology,2012
2012-03-08,0.001180368599702792,MTCAX,technology,2012
2012-03-09,-0.0014211376844081632,MTCAX,technology,2012
2012-03-12,4.453418661563231e-05,MTCAX,technology,2012
2012-03-13,-0.0007460765465508515,MTCAX,technology,2012
2012-03-14,-0.00036862590850002003,MTCAX,technology,2012
2012-03-15,0.0003643053507632549,MTCAX,technology,2012
2012-03-16,-0.0009161804023264236,MTCAX,technology,2012
2012-03-19,0.004841657824866648,MTCAX,technology,2012
2012-03-20,0.002400627344670843,MTCAX,technology,2012
2012-03-21,0.0014802687289032228,MTCAX,technology,2012
2012-03-22,0.003980026898816418,MTCAX,technology,2012
2012-03-23,-0.0007683848260514117,MTCAX,technology,2012
2012-03-26,0.002733704193499522,MTCAX,technology,2012
2012-03-27,0.0054922903548315204,MTCAX,technology,2012
2012-03-28,0.00199277536079111,MTCAX,technology,2012
2012-03-29,0.006129675572209152,MTCAX,technology,2012
2012-03-30,-0.009277566147671215,MTCAX,technology,2012
2012-04-02,-0.0004953368004228294,MTCAX,technology,2012
2012-04-03,0.004942355039717445,MTCAX,technology,2012
2012-04-04,-0.002912368088498995,MTCAX,technology,2012
2012-04-05,0.002441538928253421,MTCAX,technology,2012
2012-04-09,0.004177906473123527,MTCAX,technology,2012
2012-04-10,0.0036877961077070344,MTCAX,technology,2012
2012-04-11,-0.002927658646355919,MTCAX,technology,2012
2012-04-12,0.0028624349441592808,MTCAX,technology,2012
2012-04-13,-0.000796209015694797,MTCAX,technology,2012
2012-04-16,-0.011910856190072218,MTCAX,technology,2012
2012-04-17,0.0039390759896218396,MTCAX,technology,2012
2012-04-18,6.338142714161239e-05,MTCAX,technology,2012
2012-04-19,-0.0015948067873102333,MTCAX,technology,2012
2012-04-20,-0.012372616310647877,MTCAX,technology,2012
2012-04-23,-0.0012174023531989677,MTCAX,technology,2012
2012-04-24,-0.00733495938473755,MTCAX,technology,2012
2012-04-25,0.011029272075955929,MTCAX,technology,2012
2012-04-26,0.0012807311549327214,MTCAX,technology,2012
2012-04-27,0.002831668659701629,MTCAX,technology,2012
2012-04-30,-0.005309065705965831,MTCAX,technology,2012
2012-05-01,-0.003697554851045576,MTCAX,technology,2012
2012-05-02,0.004223210155199132,MTCAX,technology,2012
2012-05-03,-0.00423002492541524,MTCAX,technology,2012
2012-05-04,-0.00376904865949838,MTCAX,technology,2012
2012-05-07,-0.005539216344348195,MTCAX,technology,2012
2012-05-08,-0.0005867687154513029,MTCAX,technology,2012
2012-05-09,0.005895643050464305,MTCAX,technology,2012
2012-05-10,-0.012636988496587242,MTCAX,technology,2012
2012-05-11,0.0024482263062017957,MTCAX,technology,2012
2012-05-14,0.00391607708518339,MTCAX,technology,2012
2012-05-15,0.006265415101678489,MTCAX,technology,2012
2012-05-16,-0.003447743672333867,MTCAX,technology,2012
2012-05-17,-0.000587142467267654,MTCAX,technology,2012
2012-05-18,-0.005114173906859504,MTCAX,technology,2012
2012-05-21,0.009068099946310276,MTCAX,technology,2012
2012-05-22,-0.004439526215697098,MTCAX,technology,2012
2012-05-23,0.0064517015163822996,MTCAX,technology,2012
2012-05-24,-0.01472142952727695,MTCAX,technology,2012
2012-05-25,0.0014083841560050274,MTCAX,technology,2012
2012-05-29,-0.0013916505657678574,MTCAX,technology,2012
2012-05-30,0.004634674795498565,MTCAX,technology,2012
2012-05-31,-0.0004623365237341479,MTCAX,technology,2012
2012-06-01,-0.0002547445778910522,MTCAX,technology,2012
2012-06-04,0.004631621575271234,MTCAX,technology,2012
2012-06-05,0.0017110160411559425,MTCAX,technology,2012
2012-06-06,0.0009452183054077072,MTCAX,technology,2012
2012-06-07,-0.005636917037114581,MTCAX,technology,2012
2012-06-08,-0.002877802723435523,MTCAX,technology,2012
2012-06-11,-0.002592921513065106,MTCAX,technology,2012
2012-06-12,-0.004400202560588642,MTCAX,technology,2012
2012-06-13,-0.0018919903130707946,MTCAX,technology,2012
2012-06-14,-0.012986732183672552,MTCAX,technology,2012
2012-06-15,0.002886317116238846,MTCAX,technology,2012
2012-06-18,0.005454014002798302,MTCAX,technology,2012
2012-06-19,-0.0005600704349385706,MTCAX,technology,2012
2012-06-20,0.00452720190767357,MTCAX,technology,2012
2012-06-21,-0.0001554504164023307,MTCAX,technology,2012
2012-06-22,0.00382232407094092,MTCAX,technology,2012
2012-06-25,-0.0030405786517025343,MTCAX,technology,2012
2012-06-26,1.1059539357869894e-05,MTCAX,technology,2012
2012-06-27,-0.004078205667506996,MTCAX,technology,2012
2012-06-28,-0.008597888784620115,MTCAX,technology,2012
2012-06-29,0.005569005327669213,MTCAX,technology,2012
2012-07-02,-0.00279231376019466,MTCAX,technology,2012
2012-07-03,0.001699982876390605,MTCAX,technology,2012
2012-07-05,0.0035919821362151963,MTCAX,technology,2012
2012-07-06,-0.01029078124787216,MTCAX,technology,2012
2012-07-09,-0.005964403090029913,MTCAX,technology,2012
2012-07-10,0.00022061246763387977,MTCAX,technology,2012
2012-07-11,-0.007109841880089696,MTCAX,technology,2012
2012-07-12,-0.0012833691251992055,MTCAX,technology,2012
2012-07-13,-0.007235426583145833,MTCAX,technology,2012
2012-07-16,-0.00031290710596318556,MTCAX,technology,2012
2012-07-17,-0.007305006933338966,MTCAX,technology,2012
2012-07-18,0.012704144933535416,MTCAX,technology,2012
2012-07-19,0.011575961863598792,MTCAX,technology,2012
2012-07-20,0.0015562201376835422,MTCAX,technology,2012
2012-07-23,0.0007164774338506898,MTCAX,technology,2012
2012-07-24,6.33667792935156e-05,MTCAX,technology,2012
2012-07-25,-0.00013302493031590757,MTCAX,technology,2012
2012-07-26,-0.004511582399431032,MTCAX,technology,2012
2012-07-27,0.0075535750602283395,MTCAX,technology,2012
2012-07-30,-0.005404373515697921,MTCAX,technology,2012
2012-07-31,0.005887173947939226,MTCAX,technology,2012
2012-08-01,-0.006903483556595698,MTCAX,technology,2012
2012-08-02,0.0038807307574658806,MTCAX,technology,2012
2012-08-03,-0.001238135747205122,MTCAX,technology,2012
2012-08-06,0.005221407522397556,MTCAX,technology,2012
2012-08-07,0.003986894349674242,MTCAX,technology,2012
2012-08-08,-0.00914552523908979,MTCAX,technology,2012
2012-08-09,0.0033857648702623902,MTCAX,technology,2012
2012-08-10,2.3986221748128686e-05,MTCAX,technology,2012
2012-08-13,0.004344762301319211,MTCAX,technology,2012
2012-08-14,-0.004256216736665968,MTCAX,technology,2012
2012-08-15,0.003635597059875924,MTCAX,technology,2012
2012-08-16,0.004098034567807555,MTCAX,technology,2012
2012-08-17,0.005099645466817074,MTCAX,technology,2012
2012-08-20,-0.000543501910561805,MTCAX,technology,2012
2012-08-21,-0.0004501861203455087,MTCAX,technology,2012
2012-08-22,0.0031952987238360047,MTCAX,technology,2012
2012-08-23,0.002655155306979947,MTCAX,technology,2012
2012-08-24,-0.0045968360039741404,MTCAX,technology,2012
2012-08-27,-0.00011939573842086005,MTCAX,technology,2012
2012-08-28,0.0030782424874915477,MTCAX,technology,2012
2012-08-29,0.002775939225985481,MTCAX,technology,2012
2012-08-30,-0.005580232314820684,MTCAX,technology,2012
2012-08-31,0.0023166244347052637,MTCAX,technology,2012
2012-09-04,0.0024047461850100014,MTCAX,technology,2012
2012-09-05,-5.7560499819531586e-05,MTCAX,technology,2012
2012-09-06,0.0012456596474670588,MTCAX,technology,2012
2012-09-07,0.0019349868436249074,MTCAX,technology,2012
2012-09-10,-0.002993250746876853,MTCAX,technology,2012
2012-09-11,0.0003467981681590962,MTCAX,technology,2012
2012-09-12,0.0008511346535482636,MTCAX,technology,2012
2012-09-13,-0.0027706271584498846,MTCAX,technology,2012
2012-09-14,0.004023972700690135,MTCAX,technology,2012
2012-09-17,0.0018691283726635284,MTCAX,technology,2012
2012-09-18,0.0022238031690500594,MTCAX,technology,2012
2012-09-19,0.00287861831179617,MTCAX,technology,2012
2012-09-20,-0.00614369508056283,MTCAX,technology,2012
2012-09-21,0.0034549399270256036,MTCAX,technology,2012
2012-09-24,-0.006003989977693539,MTCAX,technology,2012
2012-09-25,-0.0027218182204278487,MTCAX,technology,2012
2012-09-26,-0.0019307375627228233,MTCAX,technology,2012
2012-09-27,0.00596302536237661,MTCAX,technology,2012
2012-09-28,-0.001303402663457777,MTCAX,technology,2012
2012-10-01,-0.0047084131217483925,MTCAX,technology,2012
2012-10-02,-0.00167123762271371,MTCAX,technology,2012
2012-10-03,-0.0017795921370176667,MTCAX,technology,2012
2012-10-04,-0.00599461808572321,MTCAX,technology,2012
2012-10-05,-0.005710378613554343,MTCAX,technology,2012
2012-10-08,-0.0068519575423553625,MTCAX,technology,2012
2012-10-09,-0.0028799826760388756,MTCAX,technology,2012
2012-10-10,0.0016933998088551408,MTCAX,technology,2012
2012-10-11,-0.0005267375322029383,MTCAX,technology,2012
2012-10-12,0.0033904202707641007,MTCAX,technology,2012
2012-10-15,-0.004283983446133696,MTCAX,technology,2012
2012-10-16,0.0013010757496025038,MTCAX,technology,2012
2012-10-17,-0.010493992786470358,MTCAX,technology,2012
2012-10-18,-0.013939996807323751,MTCAX,technology,2012
2012-10-19,-9.123094898835088e-05,MTCAX,technology,2012
2012-10-22,0.004258347508009498,MTCAX,technology,2012
2012-10-23,0.009744225609269939,MTCAX,technology,2012
2012-10-24,-0.003917121655366036,MTCAX,technology,2012
2012-10-25,-0.007625357100718282,MTCAX,technology,2012
2012-10-26,0.003905921467860081,MTCAX,technology,2012
2012-10-31,-0.0048291960784758205,MTCAX,technology,2012
2012-11-01,0.007123563369304467,MTCAX,technology,2012
2012-11-02,0.00020319075485734917,MTCAX,technology,2012
2012-11-05,0.002660586204847916,MTCAX,technology,2012
2012-11-06,-0.003546254247405738,MTCAX,technology,2012
2012-11-07,0.00418401521164289,MTCAX,technology,2012
2012-11-08,0.0030229782962513142,MTCAX,technology,2012
2012-11-09,0.0035356069261869875,MTCAX,technology,2012
2012-11-12,-0.0014361028558722672,MTCAX,technology,2012
2012-11-13,-0.003346100142257659,MTCAX,technology,2012
2012-11-14,0.005856597398330294,MTCAX,technology,2012
2012-11-15,-0.003009724378460989,MTCAX,technology,2012
2012-11-16,-0.0011662243207630789,MTCAX,technology,2012
2012-11-19,0.005196469917210164,MTCAX,technology,2012
2012-11-20,-0.005991283361159891,MTCAX,technology,2012
2012-11-21,0.0054604013276980026,MTCAX,technology,2012
2012-11-23,-0.0015818317561142534,MTCAX,technology,2012
2012-11-26,0.008152941564830074,MTCAX,technology,2012
2012-11-27,0.004916103076694697,MTCAX,technology,2012
2012-11-28,0.002878958933657194,MTCAX,technology,2012
2012-11-29,0.0024908250502623276,MTCAX,technology,2012
2012-11-30,-0.0007168809336595609,MTCAX,technology,2012
2012-12-03,0.002327764131292107,MTCAX,technology,2012
2012-12-04,-1.111991264304466e-05,MTCAX,technology,2012
2012-12-05,-0.011596588204284917,MTCAX,technology,2012
2012-12-06,0.004050783812217107,MTCAX,technology,2012
2012-12-07,-0.007056311965421366,MTCAX,technology,2012
2012-12-10,0.00024076780845518075,MTCAX,technology,2012
2012-12-11,0.006049551759405943,MTCAX,technology,2012
2012-12-12,-0.0028335434548464058,MTCAX,technology,2012
2012-12-13,0.002556032917241325,MTCAX,technology,2012
2012-12-14,-0.0027171789317746928,MTCAX,technology,2012
2012-12-17,0.00024000798136830995,MTCAX,technology,2012
2012-12-18,0.005563971263171232,MTCAX,technology,2012
2012-12-19,0.005351663339605477,MTCAX,technology,2012
2012-12-20,-0.0036938898326309023,MTCAX,technology,2012
2012-12-21,0.0025917031143013088,MTCAX,technology,2012
2012-12-24,0.0013875444209561034,MTCAX,technology,2012
2012-12-26,-0.003217788517880361,MTCAX,technology,2012
2012-12-27,0.0005112066594091739,MTCAX,technology,2012
2012-12-28,0.003861675970108981,MTCAX,technology,2012
2012-12-29,0.00013043106382807897,MTCAX,technology,2012
2012-12-30,0.00013043106382807897,MTCAX,technology,2012
2013-01-03,-0.006949626185086667,MTCAX,technology,2013
2013-01-04,-0.006210828306796313,MTCAX,technology,2013
2013-01-07,0.0044337680477498165,MTCAX,technology,2013
2013-01-08,-0.0006283843694611466,MTCAX,technology,2013
2013-01-09,0.00028740078745575007,MTCAX,technology,2013
2013-01-10,-0.002849772536720395,MTCAX,technology,2013
2013-01-11,0.0023163055469405274,MTCAX,technology,2013
2013-01-14,-0.005114160547023272,MTCAX,technology,2013
2013-01-15,-0.004206324403173515,MTCAX,technology,2013
2013-01-16,0.004139851286694627,MTCAX,technology,2013
2013-01-17,-0.0036719608313824895,MTCAX,technology,2013
2013-01-18,-0.0074816298144264725,MTCAX,technology,2013
2013-01-22,-0.007799053987989084,MTCAX,technology,2013
2013-01-23,0.0070251954251385655,MTCAX,technology,2013
2013-01-24,-0.008950545880310686,MTCAX,technology,2013
2013-01-25,0.002985587312639265,MTCAX,technology,2013
2013-01-28,0.001151059116610733,MTCAX,technology,2013
2013-01-29,-0.01206372351720189,MTCAX,technology,2013
2013-01-30,0.0015685918305338034,MTCAX,technology,2013
2013-01-31,0.011143667938897286,MTCAX,technology,2013
2013-02-01,0.002260799877180461,MTCAX,technology,2013
2013-02-04,-0.005803209846934105,MTCAX,technology,2013
2013-02-05,0.0025102156927317206,MTCAX,technology,2013
2013-02-06,-0.0007886233932660903,MTCAX,technology,2013
2013-02-07,-0.002722444151578185,MTCAX,technology,2013
2013-02-08,0.006390821804255974,MTCAX,technology,2013
2013-02-11,-0.0009895833362145478,MTCAX,technology,2013
2013-02-12,-0.0011462071606500178,MTCAX,technology,2013
2013-02-13,-0.0009156430330766537,MTCAX,technology,2013
2013-02-14,0.0024221160254441695,MTCAX,technology,2013
2013-02-15,0.0017007335120922606,MTCAX,technology,2013
2013-02-19,0.0008738270108272651,MTCAX,technology,2013
2013-02-20,-0.005994634538274783,MTCAX,technology,2013
2013-02-21,-0.0013548822942457866,MTCAX,technology,2013
2013-02-22,0.0044818638080757305,MTCAX,technology,2013
2013-02-25,0.0009600182094827402,MTCAX,technology,2013
2013-02-26,-0.0011734699293018958,MTCAX,technology,2013
2013-02-27,-0.0018312207132576384,MTCAX,technology,2013
2013-02-28,0.0019334071063363998,MTCAX,technology,2013
2013-03-01,0.0017359305996951287,MTCAX,technology,2013
2013-03-04,0.0007984033432184134,MTCAX,technology,2013
2013-03-05,0.004400397696262666,MTCAX,technology,2013
2013-03-06,-0.000871042108528736,MTCAX,technology,2013
2013-03-07,0.0014429563894679629,MTCAX,technology,2013
2013-03-08,-0.0032444330090508865,MTCAX,technology,2013
2013-03-11,-0.001671067748787149,MTCAX,technology,2013
2013-03-12,-0.002197417183762978,MTCAX,technology,2013
2013-03-13,-0.0042400200587851405,MTCAX,technology,2013
2013-03-14,0.0017877221025944514,MTCAX,technology,2013
2013-03-15,-0.005877297918955804,MTCAX,technology,2013
2013-03-18,-3.8456313321144284e-05,MTCAX,technology,2013
2013-03-19,-0.003844481257833097,MTCAX,technology,2013
2013-03-20,-0.0003614806448471279,MTCAX,technology,2013
2013-03-21,-0.005374337663678022,MTCAX,technology,2013
2013-03-22,-0.004189562452828763,MTCAX,technology,2013
2013-03-25,0.0007759090580241788,MTCAX,technology,2013
2013-03-26,-0.0007754378410877198,MTCAX,technology,2013
2013-03-27,-5.499926433616563e-05,MTCAX,technology,2013
2013-03-28,0.0018925935632764157,MTCAX,technology,2013
2013-04-01,-0.004989132786884502,MTCAX,technology,2013
2013-04-02,-0.003335277593428979,MTCAX,technology,2013
2013-04-03,-0.0010767027296713118,MTCAX,technology,2013
2013-04-04,-0.0024376874530416975,MTCAX,technology,2013
2013-04-05,-0.005737791228825586,MTCAX,technology,2013
2013-04-08,-0.0011402983470551898,MTCAX,technology,2013
2013-04-09,-0.00011825215687488559,MTCAX,technology,2013
2013-04-10,0.0063419672922391205,MTCAX,technology,2013
2013-04-11,-0.003911277249576867,MTCAX,technology,2013
2013-04-12,0.00073863760899412,MTCAX,technology,2013
2013-04-15,0.0015003556036032352,MTCAX,technology,2013
2013-04-16,-7.774389930052805e-05,MTCAX,technology,2013
2013-04-17,-0.006716809516391236,MTCAX,technology,2013
2013-04-18,-0.011575501097551823,MTCAX,technology,2013
2013-04-19,-0.00646655826138822,MTCAX,technology,2013
2013-04-22,0.0018991846014739496,MTCAX,technology,2013
2013-04-23,0.0017468374034385389,MTCAX,technology,2013
2013-04-24,0.0010258162361368943,MTCAX,technology,2013
2013-04-25,-0.005280329152511877,MTCAX,technology,2013
2013-04-26,-0.005149818155225051,MTCAX,technology,2013
2013-04-29,0.0024282120127171163,MTCAX,technology,2013
2013-04-30,0.0044008959542092465,MTCAX,technology,2013
2013-05-01,-0.00030898794596866813,MTCAX,technology,2013
2013-05-02,0.0077773493259703785,MTCAX,technology,2013
2013-05-03,0.003248501327955417,MTCAX,technology,2013
2013-05-06,0.0029427769316514346,MTCAX,technology,2013
2013-05-07,-0.005157956466955962,MTCAX,technology,2013
2013-05-08,0.0036504422287212644,MTCAX,technology,2013
2013-05-09,0.0005886051091218551,MTCAX,technology,2013
2013-05-10,0.0054554132342963645,MTCAX,technology,2013
2013-05-13,-0.004666389836872024,MTCAX,technology,2013
2013-05-14,-0.003901616747336107,MTCAX,technology,2013
2013-05-15,-0.0016779888618120918,MTCAX,technology,2013
2013-05-16,0.006295352264364034,MTCAX,technology,2013
2013-05-17,0.001001553211149699,MTCAX,technology,2013
2013-05-20,0.0010738425679340548,MTCAX,technology,2013
2013-05-21,-0.002570137702488924,MTCAX,technology,2013
2013-05-22,-0.007010000682554198,MTCAX,technology,2013
2013-05-23,0.007193033388712531,MTCAX,technology,2013
2013-05-24,-0.002440755482383964,MTCAX,technology,2013
2013-05-28,0.0014958625743681613,MTCAX,technology,2013
2013-05-29,0.004333701494961681,MTCAX,technology,2013
2013-05-30,0.005920809753070205,MTCAX,technology,2013
2013-05-31,0.003727512481384119,MTCAX,technology,2013
2013-06-03,-0.005059070798988815,MTCAX,technology,2013
2013-06-04,-0.002759399117038406,MTCAX,technology,2013
2013-06-05,0.004812008456472417,MTCAX,technology,2013
2013-06-06,-0.004786027649302719,MTCAX,technology,2013
2013-06-07,0.001322981681627148,MTCAX,technology,2013
2013-06-10,0.003710492737668034,MTCAX,technology,2013
2013-06-11,-0.0014594566198804816,MTCAX,technology,2013
2013-06-12,-0.00039851509546770005,MTCAX,technology,2013
2013-06-13,-0.0011434732361142227,MTCAX,technology,2013
2013-06-14,-0.000212831694674483,MTCAX,technology,2013
2013-06-17,0.003572012173162817,MTCAX,technology,2013
2013-06-18,0.001110644801665452,MTCAX,technology,2013
2013-06-19,0.006940573435849567,MTCAX,technology,2013
2013-06-20,0.005608478167081744,MTCAX,technology,2013
2013-06-21,-0.009840051620251422,MTCAX,technology,2013
2013-06-24,-0.0016278586493971466,MTCAX,technology,2013
2013-06-25,-0.0008104929927036861,MTCAX,technology,2013
2013-06-26,-0.002836381219229027,MTCAX,technology,2013
2013-06-27,0.0022677996011802376,MTCAX,technology,2013
2013-06-28,0.004070609107656494,MTCAX,technology,2013
2013-07-01,0.001666905290421689,MTCAX,technology,2013
2013-07-02,0.001960866945241537,MTCAX,technology,2013
2013-07-03,0.005983857246382279,MTCAX,technology,2013
2013-07-05,-0.00019248691419756873,MTCAX,technology,2013
2013-07-08,-0.005798636113112466,MTCAX,technology,2013
2013-07-09,-0.0025264255200332653,MTCAX,technology,2013
2013-07-10,0.0032743967366362873,MTCAX,technology,2013
2013-07-11,0.0051700227439628495,MTCAX,technology,2013
2013-07-12,0.005202819398939626,MTCAX,technology,2013
2013-07-15,-0.003387999624098567,MTCAX,technology,2013
2013-07-16,0.0021779043155266175,MTCAX,technology,2013
2013-07-17,0.0030134179157206855,MTCAX,technology,2013
2013-07-18,-0.010680160867450578,MTCAX,technology,2013
2013-07-19,-0.0100608718352487,MTCAX,technology,2013
2013-07-22,5.206943031921133e-05,MTCAX,technology,2013
2013-07-23,-0.0025671312072795154,MTCAX,technology,2013
2013-07-24,0.008827310464159636,MTCAX,technology,2013
2013-07-25,0.007309809680251505,MTCAX,technology,2013
2013-07-26,-0.0021510543161531014,MTCAX,technology,2013
2013-07-29,-0.0005434040035767161,MTCAX,technology,2013
2013-07-30,0.004056111533430934,MTCAX,technology,2013
2013-07-31,-0.0033305524815155302,MTCAX,technology,2013
2013-08-01,0.007292352518447136,MTCAX,technology,2013
2013-08-02,0.00629087721161062,MTCAX,technology,2013
2013-08-05,0.002915604999865981,MTCAX,technology,2013
2013-08-06,0.00017968301564400945,MTCAX,technology,2013
2013-08-07,0.002203982496642126,MTCAX,technology,2013
2013-08-08,0.0017779323362879813,MTCAX,technology,2013
2013-08-09,-0.00014527298846696334,MTCAX,technology,2013
2013-08-12,0.005140435608582773,MTCAX,technology,2013
2013-08-13,0.0009586092771958665,MTCAX,technology,2013
2013-08-14,-0.0013492275697293285,MTCAX,technology,2013
2013-08-15,-0.004474709321411972,MTCAX,technology,2013
2013-08-16,0.0048016008353239156,MTCAX,technology,2013
2013-08-19,0.0018028512700182728,MTCAX,technology,2013
2013-08-20,-0.002960230183651966,MTCAX,technology,2013
2013-08-21,0.00410706176885222,MTCAX,technology,2013
2013-08-22,-0.006676916552869769,MTCAX,technology,2013
2013-08-23,0.001136931738583178,MTCAX,technology,2013
2013-08-26,0.0011541112481466003,MTCAX,technology,2013
2013-08-27,-0.0036989164169610317,MTCAX,technology,2013
2013-08-28,0.0010404134979383143,MTCAX,technology,2013
2013-08-29,0.0050626895567126564,MTCAX,technology,2013
2013-08-30,-0.0009706535267724873,MTCAX,technology,2013
2013-09-03,0.006211805205509595,MTCAX,technology,2013
2013-09-04,0.0012996940283062555,MTCAX,technology,2013
2013-09-05,0.0022031480236450575,MTCAX,technology,2013
2013-09-06,0.00449022723952318,MTCAX,technology,2013
2013-09-09,0.00031380706382854937,MTCAX,technology,2013
2013-09-10,-0.0005647696160058146,MTCAX,technology,2013
2013-09-11,-0.005182997773026614,MTCAX,technology,2013
2013-09-12,0.000646957185601984,MTCAX,technology,2013
2013-09-13,-0.00429542456011231,MTCAX,technology,2013
2013-09-16,-0.008357142127564915,MTCAX,technology,2013
2013-09-17,0.004881616848289575,MTCAX,technology,2013
2013-09-18,9.201396170667973e-05,MTCAX,technology,2013
2013-09-19,0.00163222130825673,MTCAX,technology,2013
2013-09-20,0.0060116333747130555,MTCAX,technology,2013
2013-09-23,0.0007129381642487749,MTCAX,technology,2013
2013-09-24,0.003291122560632155,MTCAX,technology,2013
2013-09-25,0.00041656887700327466,MTCAX,technology,2013
2013-09-26,0.0034081025275879626,MTCAX,technology,2013
2013-09-27,0.0021457690292362754,MTCAX,technology,2013
2013-09-30,-0.0015033633720594776,MTCAX,technology,2013
2013-10-01,0.005204365695300301,MTCAX,technology,2013
2013-10-02,0.0004123278483862056,MTCAX,technology,2013
2013-10-03,-0.002866703317064588,MTCAX,technology,2013
2013-10-04,0.0011317006811943147,MTCAX,technology,2013
2013-10-07,-0.0030015627427471443,MTCAX,technology,2013
2013-10-08,-0.010432369655687113,MTCAX,technology,2013
2013-10-09,0.00021982840066509348,MTCAX,technology,2013
2013-10-10,-0.004196996334072733,MTCAX,technology,2013
2013-10-11,0.0033196607564821333,MTCAX,technology,2013
2013-10-14,-0.0011460428781259555,MTCAX,technology,2013
2013-10-15,0.0009188382622242015,MTCAX,technology,2013
2013-10-16,-0.0018666588387459705,MTCAX,technology,2013
2013-10-17,-0.0029112825646247613,MTCAX,technology,2013
2013-10-18,0.01628912624839473,MTCAX,technology,2013
2013-10-21,0.004599736214412687,MTCAX,technology,2013
2013-10-22,-0.006823952914533002,MTCAX,technology,2013
2013-10-23,-0.006501364887750531,MTCAX,technology,2013
2013-10-24,0.00039886575774828684,MTCAX,technology,2013
2013-10-25,-0.003707510517036501,MTCAX,technology,2013
2013-10-28,-0.003547141104630041,MTCAX,technology,2013
2013-10-29,0.00025684217434271926,MTCAX,technology,2013
2013-10-30,-0.0016459180890709508,MTCAX,technology,2013
2013-10-31,0.003274336581985024,MTCAX,technology,2013
2013-11-01,-0.0005655688814639659,MTCAX,technology,2013
2013-11-04,-0.0012332144163191834,MTCAX,technology,2013
2013-11-05,0.0026614936457574887,MTCAX,technology,2013
2013-11-06,-0.002363563658015716,MTCAX,technology,2013
2013-11-07,-0.0052086682475752655,MTCAX,technology,2013
2013-11-08,0.00025792220810967777,MTCAX,technology,2013
2013-11-11,0.0007199489654016151,MTCAX,technology,2013
2013-11-12,0.003404951668397993,MTCAX,technology,2013
2013-11-13,0.002239100869341872,MTCAX,technology,2013
2013-11-14,-0.005544495407674033,MTCAX,technology,2013
2013-11-15,0.0016332365389972606,MTCAX,technology,2013
2013-11-18,-0.006276795278165886,MTCAX,technology,2013
2013-11-19,-0.0053642792448098395,MTCAX,technology,2013
2013-11-20,0.003093986731920944,MTCAX,technology,2013
2013-11-21,0.002681516902260133,MTCAX,technology,2013
2013-11-22,-0.0036905359054827825,MTCAX,technology,2013
2013-11-25,-0.0018512184856024905,MTCAX,technology,2013
2013-11-26,0.005278775770239486,MTCAX,technology,2013
2013-11-27,0.00912152658709736,MTCAX,technology,2013
2013-11-29,0.0029109764699176695,MTCAX,technology,2013
2013-12-02,-0.0011108091445891193,MTCAX,technology,2013
2013-12-03,0.0033745962913341804,MTCAX,technology,2013
2013-12-04,0.005125553272816559,MTCAX,technology,2013
2013-12-05,0.0034533637648244235,MTCAX,technology,2013
2013-12-06,-0.0030466354259815094,MTCAX,technology,2013
2013-12-09,-0.0030702091630249086,MTCAX,technology,2013
2013-12-10,0.0030974029630910552,MTCAX,technology,2013
2013-12-11,0.003963040660863863,MTCAX,technology,2013
2013-12-12,-0.0013208315024799155,MTCAX,technology,2013
2013-12-13,0.0014412103140376902,MTCAX,technology,2013
2013-12-16,0.001037401459358162,MTCAX,technology,2013
2013-12-17,0.006802609522056849,MTCAX,technology,2013
2013-12-18,-0.007224169404006751,MTCAX,technology,2013
2013-12-19,0.004264393987994371,MTCAX,technology,2013
2013-12-20,0.0035268629357095597,MTCAX,technology,2013
2013-12-23,0.0061425300418584345,MTCAX,technology,2013
2013-12-24,-0.0005008615658353749,MTCAX,technology,2013
2013-12-26,-0.0025368868848278797,MTCAX,technology,2013
2013-12-27,-0.0030681364873610703,MTCAX,technology,2013
2013-12-30,-0.0020884264039936454,MTCAX,technology,2013
2014-01-03,-0.0009445863563503881,MTCAX,technology,2014
2014-01-06,0.002185808591455258,MTCAX,technology,2014
2014-01-07,0.0015551139785182104,MTCAX,technology,2014
2014-01-08,0.0016945962507548817,MTCAX,technology,2014
2014-01-09,-0.00625054694480263,MTCAX,technology,2014
2014-01-10,-0.0024903821354395157,MTCAX,technology,2014
2014-01-13,0.00575502548994177,MTCAX,technology,2014
2014-01-14,0.0037010631163808885,MTCAX,technology,2014
2014-01-15,0.0005747421101450628,MTCAX,technology,2014
2014-01-16,0.002114546961175789,MTCAX,technology,2014
2014-01-17,0.002865469915900386,MTCAX,technology,2014
2014-01-21,0.003785168035859827,MTCAX,technology,2014
2014-01-22,0.003334548184671976,MTCAX,technology,2014
2014-01-23,0.0018280190639832971,MTCAX,technology,2014
2014-01-24,0.0012042709143896442,MTCAX,technology,2014
2014-01-27,-0.003950234618187955,MTCAX,technology,2014
2014-01-28,-0.00035084207495432625,MTCAX,technology,2014
2014-01-29,-0.0008445549582907896,MTCAX,technology,2014
2014-01-30,0.00835776770482633,MTCAX,technology,2014
2014-01-31,0.002036338455566237,MTCAX,technology,2014
2014-02-03,0.002416104364620194,MTCAX,technology,2014
2014-02-04,-9.605103108739459e-05,MTCAX,technology,2014
2014-02-05,0.002079014694320326,MTCAX,technology,2014
2014-02-06,-0.0009203666094870083,MTCAX,technology,2014
2014-02-07,0.0011292807391980828,MTCAX,technology,2014
2014-02-10,-0.0014758633020523952,MTCAX,technology,2014
2014-02-11,-0.003141095331795978,MTCAX,technology,2014
2014-02-12,0.001361520902753659,MTCAX,technology,2014
2014-02-13,0.003818135227064044,MTCAX,technology,2014
2014-02-14,-0.0035558382809812543,MTCAX,technology,2014
2014-02-18,0.001820438427374966,MTCAX,technology,2014
2014-02-19,0.0017958503360468482,MTCAX,technology,2014
2014-02-20,-0.0014139672142458879,MTCAX,technology,2014
2014-02-21,0.0002146656350669612,MTCAX,technology,2014
2014-02-24,0.00025739401325227274,MTCAX,technology,2014
2014-02-25,0.0014749352710265785,MTCAX,technology,2014
2014-02-26,0.0031044567640909574,MTCAX,technology,2014
2014-02-27,0.001806563469310788,MTCAX,technology,2014
2014-02-28,-0.0048118452160941134,MTCAX,technology,2014
2014-03-03,-0.0006044240971109678,MTCAX,technology,2014
2014-03-04,0.001096253896848632,MTCAX,technology,2014
2014-03-05,0.0024979089041720194,MTCAX,technology,2014
2014-03-06,-0.0016016477319118812,MTCAX,technology,2014
2014-03-07,-0.004877548570568939,MTCAX,technology,2014
2014-03-10,-0.002130352011135908,MTCAX,technology,2014
2014-03-11,-0.00044030998415535514,MTCAX,technology,2014
2014-03-12,0.0024177953133170146,MTCAX,technology,2014
2014-03-13,-0.002123279298494261,MTCAX,technology,2014
2014-03-14,0.00041382758966523143,MTCAX,technology,2014
2014-03-17,0.0009800614598629263,MTCAX,technology,2014
2014-03-18,0.004738112769000852,MTCAX,technology,2014
2014-03-19,0.001688937995642693,MTCAX,technology,2014
2014-03-20,-0.005659771646127327,MTCAX,technology,2014
2014-03-21,-0.0012527957398120425,MTCAX,technology,2014
2014-03-24,-0.0056458853980905005,MTCAX,technology,2014
2014-03-25,-0.0035386422646676544,MTCAX,technology,2014
2014-03-26,-0.007358934621753067,MTCAX,technology,2014
2014-03-27,-0.0030307701465582984,MTCAX,technology,2014
2014-03-28,-0.0037159113500966068,MTCAX,technology,2014
2014-03-31,-0.0009290115037146659,MTCAX,technology,2014
2014-04-01,0.00899883307484815,MTCAX,technology,2014
2014-04-02,-0.001521276955563298,MTCAX,technology,2014
2014-04-03,-0.008890274222299691,MTCAX,technology,2014
2014-04-04,-0.011539949687585267,MTCAX,technology,2014
2014-04-07,-0.0012105595693215707,MTCAX,technology,2014
2014-04-08,0.007948187347615635,MTCAX,technology,2014
2014-04-09,0.006804058813998239,MTCAX,technology,2014
2014-04-10,-0.004691091896641835,MTCAX,technology,2014
2014-04-11,-0.004616971842464861,MTCAX,technology,2014
2014-04-14,0.00019897527586634246,MTCAX,technology,2014
2014-04-15,-0.0023289530515779623,MTCAX,technology,2014
2014-04-16,0.0028816900650884547,MTCAX,technology,2014
2014-04-17,-0.002288979149921009,MTCAX,technology,2014
2014-04-21,0.00014856075785480045,MTCAX,technology,2014
2014-04-22,0.00023301996489954752,MTCAX,technology,2014
2014-04-23,-0.007574169696424986,MTCAX,technology,2014
2014-04-24,6.6557633359787e-05,MTCAX,technology,2014
2014-04-25,-0.015435442211606887,MTCAX,technology,2014
2014-04-28,-0.008842233995359343,MTCAX,technology,2014
2014-04-29,0.005719261219305418,MTCAX,technology,2014
2014-04-30,0.0012500134563272437,MTCAX,technology,2014
2014-05-01,0.0018522479904818088,MTCAX,technology,2014
2014-05-02,-0.0003926610568773317,MTCAX,technology,2014
2014-05-05,0.0042413839341193275,MTCAX,technology,2014
2014-05-06,-0.006678898289730855,MTCAX,technology,2014
2014-05-07,-0.012870993853626674,MTCAX,technology,2014
2014-05-08,4.8727260051043345e-05,MTCAX,technology,2014
2014-05-09,0.0030235902358623154,MTCAX,technology,2014
2014-05-12,0.007123645522189128,MTCAX,technology,2014
2014-05-13,-0.0017247582031481882,MTCAX,technology,2014
2014-05-14,-0.0014946251486409887,MTCAX,technology,2014
2014-05-15,0.0035353249047433482,MTCAX,technology,2014
2014-05-16,0.0002730710968468289,MTCAX,technology,2014
2014-05-19,0.006762015092393646,MTCAX,technology,2014
2014-05-20,0.0029729849215998196,MTCAX,technology,2014
2014-05-21,-0.001878120032088276,MTCAX,technology,2014
2014-05-22,0.000502967055111124,MTCAX,technology,2014
2014-05-23,0.008399270308024023,MTCAX,technology,2014
2014-05-27,0.002736130236882209,MTCAX,technology,2014
2014-05-28,-0.0006984498643301622,MTCAX,technology,2014
2014-05-29,0.0011817553055266218,MTCAX,technology,2014
2014-05-30,-0.007240833310838389,MTCAX,technology,2014
2014-06-02,-0.00457374226953404,MTCAX,technology,2014
2014-06-03,-0.0031173720575816653,MTCAX,technology,2014
2014-06-04,-0.0016926615011567038,MTCAX,technology,2014
2014-06-05,0.0022847661358306234,MTCAX,technology,2014
2014-06-06,-0.0018439478448679814,MTCAX,technology,2014
2014-06-09,0.002022820694812415,MTCAX,technology,2014
2014-06-10,0.002641445750022283,MTCAX,technology,2014
2014-06-11,0.004601070824739599,MTCAX,technology,2014
2014-06-12,0.00019446949987026937,MTCAX,technology,2014
2014-06-13,0.00013882008156315077,MTCAX,technology,2014
2014-06-16,-0.0011832498665147557,MTCAX,technology,2014
2014-06-17,0.0004373446838071538,MTCAX,technology,2014
2014-06-18,-0.0018086675725836575,MTCAX,technology,2014
2014-06-19,-0.003643482225961907,MTCAX,technology,2014
2014-06-20,-0.007673081546213117,MTCAX,technology,2014
2014-06-23,0.00396738569082943,MTCAX,technology,2014
2014-06-24,-0.00016178286311341328,MTCAX,technology,2014
2014-06-25,0.0023191906927082437,MTCAX,technology,2014
2014-06-26,0.0010104003133073773,MTCAX,technology,2014
2014-06-27,0.0009497721275958486,MTCAX,technology,2014
2014-06-30,0.002902793195572781,MTCAX,technology,2014
2014-07-01,0.0044097601620354705,MTCAX,technology,2014
2014-07-02,-0.001812774382133685,MTCAX,technology,2014
2014-07-03,0.000853635119435924,MTCAX,technology,2014
2014-07-07,-0.0016632489570880572,MTCAX,technology,2014
2014-07-08,-0.007554417387433008,MTCAX,technology,2014
2014-07-09,0.0014448490068111868,MTCAX,technology,2014
2014-07-10,6.607973840652183e-05,MTCAX,technology,2014
2014-07-11,0.003720467547207571,MTCAX,technology,2014
2014-07-14,0.0024640142067146277,MTCAX,technology,2014
2014-07-15,-0.0014441713328017932,MTCAX,technology,2014
2014-07-16,-0.0006789401742199365,MTCAX,technology,2014
2014-07-17,0.002711345143273758,MTCAX,technology,2014
2014-07-18,0.0033407033847424536,MTCAX,technology,2014
2014-07-21,0.002753526757949665,MTCAX,technology,2014
2014-07-22,0.003560613209480335,MTCAX,technology,2014
2014-07-23,-0.004012915085852638,MTCAX,technology,2014
2014-07-24,0.004286499277805543,MTCAX,technology,2014
2014-07-25,-0.0002363300628562201,MTCAX,technology,2014
2014-07-28,0.0005585605593930817,MTCAX,technology,2014
2014-07-29,0.003035899355028331,MTCAX,technology,2014
2014-07-30,0.007932322333981891,MTCAX,technology,2014
2014-07-31,0.002979153571553716,MTCAX,technology,2014
2014-08-01,0.0003180499608705198,MTCAX,technology,2014
2014-08-04,0.002917196923039123,MTCAX,technology,2014
2014-08-05,0.005023710908737301,MTCAX,technology,2014
2014-08-06,-0.004380577803518053,MTCAX,technology,2014
2014-08-07,0.0021657046738076235,MTCAX,technology,2014
2014-08-08,-0.004996786554081005,MTCAX,technology,2014
2014-08-11,0.0023471327263222107,MTCAX,technology,2014
2014-08-12,-0.002823246091413453,MTCAX,technology,2014
2014-08-13,0.001274999341776095,MTCAX,technology,2014
2014-08-14,-0.0010476665831053965,MTCAX,technology,2014
2014-08-15,-0.0016537707362401424,MTCAX,technology,2014
2014-08-18,0.0009995824654628026,MTCAX,technology,2014
2014-08-19,-0.00043203852853709694,MTCAX,technology,2014
2014-08-20,-0.00574122703046877,MTCAX,technology,2014
2014-08-21,0.001371793024090393,MTCAX,technology,2014
2014-08-22,0.004835468736936341,MTCAX,technology,2014
2014-08-25,-0.006028658733208376,MTCAX,technology,2014
2014-08-26,0.00312084259371652,MTCAX,technology,2014
2014-08-27,-0.0017924791095562211,MTCAX,technology,2014
2014-08-28,-0.004074881082420734,MTCAX,technology,2014
2014-08-29,-0.00020469230471097805,MTCAX,technology,2014
2014-09-02,0.006073611331074882,MTCAX,technology,2014
2014-09-03,-0.00405947181243923,MTCAX,technology,2014
2014-09-04,0.00021400586021408895,MTCAX,technology,2014
2014-09-05,-0.0008698810962348416,MTCAX,technology,2014
2014-09-08,0.006413271383715667,MTCAX,technology,2014
2014-09-09,-0.0035210135926084015,MTCAX,technology,2014
2014-09-10,0.002448865369980093,MTCAX,technology,2014
2014-09-11,-0.0007193189033370035,MTCAX,technology,2014
2014-09-12,0.0023985099858223717,MTCAX,technology,2014
2014-09-15,-0.008369341442231722,MTCAX,technology,2014
2014-09-16,-0.001004503395418248,MTCAX,technology,2014
2014-09-17,0.0002882578296238684,MTCAX,technology,2014
2014-09-18,0.00022961549452506311,MTCAX,technology,2014
2014-09-19,-0.0020358247361908933,MTCAX,technology,2014
2014-09-22,-0.002810501838840622,MTCAX,technology,2014
2014-09-23,0.002201053799481295,MTCAX,technology,2014
2014-09-24,-0.0004711659680758373,MTCAX,technology,2014
2014-09-25,0.000140266119978312,MTCAX,technology,2014
2014-09-26,0.000740023880526814,MTCAX,technology,2014
2014-09-29,-0.0010515320364209092,MTCAX,technology,2014
2014-09-30,0.005710331585308341,MTCAX,technology,2014
2014-10-01,-9.299356473381482e-05,MTCAX,technology,2014
2014-10-02,0.001704646108522453,MTCAX,technology,2014
2014-10-03,-0.002717921147119478,MTCAX,technology,2014
2014-10-06,0.0019496472017060174,MTCAX,technology,2014
2014-10-07,0.001582525312203726,MTCAX,technology,2014
2014-10-08,-0.004559255744612802,MTCAX,technology,2014
2014-10-09,0.00534531459157259,MTCAX,technology,2014
2014-10-10,-0.011004578355631555,MTCAX,technology,2014
2014-10-13,0.0050480716151755645,MTCAX,technology,2014
2014-10-14,0.0010731582819644644,MTCAX,technology,2014
2014-10-15,0.007944413911220624,MTCAX,technology,2014
2014-10-16,0.0016152499616837257,MTCAX,technology,2014
2014-10-17,-0.007167218389158426,MTCAX,technology,2014
2014-10-20,2.7570448189458835e-05,MTCAX,technology,2014
2014-10-21,-0.002122992206386242,MTCAX,technology,2014
2014-10-22,0.0011116752050067949,MTCAX,technology,2014
2014-10-23,0.000999790658527032,MTCAX,technology,2014
2014-10-24,-0.006516552009482038,MTCAX,technology,2014
2014-10-27,0.003451212238949641,MTCAX,technology,2014
2014-10-28,8.645333145698188e-05,MTCAX,technology,2014
2014-10-29,-0.004306160467522998,MTCAX,technology,2014
2014-10-30,0.0028723930523356454,MTCAX,technology,2014
2014-10-31,0.004462300826888772,MTCAX,technology,2014
2014-11-03,-2.888993392866242e-05,MTCAX,technology,2014
2014-11-04,0.00010128021819575013,MTCAX,technology,2014
2014-11-05,-0.004599151552020064,MTCAX,technology,2014
2014-11-06,-0.00154763174723474,MTCAX,technology,2014
2014-11-07,0.0003365810653180876,MTCAX,technology,2014
2014-11-10,0.001043843858341418,MTCAX,technology,2014
2014-11-11,-0.00012595536379731646,MTCAX,technology,2014
2014-11-12,0.0038450484439907116,MTCAX,technology,2014
2014-11-13,-0.0006996780751396821,MTCAX,technology,2014
2014-11-14,0.006345772601817675,MTCAX,technology,2014
2014-11-17,-0.0033375889919911193,MTCAX,technology,2014
2014-11-18,-0.004021959365879473,MTCAX,technology,2014
2014-11-19,-0.005167070920027179,MTCAX,technology,2014
2014-11-20,-0.0006115596226308111,MTCAX,technology,2014
2014-11-21,-0.0019194078329271141,MTCAX,technology,2014
2014-11-24,0.003384245236538942,MTCAX,technology,2014
2014-11-25,0.005000274147331829,MTCAX,technology,2014
2014-11-26,0.004394593891665662,MTCAX,technology,2014
2014-11-28,0.0053746669176009745,MTCAX,technology,2014
2014-12-01,-0.005194241638726803,MTCAX,technology,2014
2014-12-02,-0.006023247773547273,MTCAX,technology,2014
2014-12-03,-0.002250100260184478,MTCAX,technology,2014
2014-12-04,0.0022511155077862732,MTCAX,technology,2014
2014-12-05,-0.002874934382201473,MTCAX,technology,2014
2014-12-08,-0.0044528740015022505,MTCAX,technology,2014
2014-12-09,0.006591590376504304,MTCAX,technology,2014
2014-12-10,0.0033804501728635795,MTCAX,technology,2014
2014-12-11,0.0006401362534657288,MTCAX,technology,2014
2014-12-12,0.006185197210762815,MTCAX,technology,2014
2014-12-15,0.0038349882120427515,MTCAX,technology,2014
2014-12-16,-0.005481819769017324,MTCAX,technology,2014
2014-12-17,-0.0007255004860711699,MTCAX,technology,2014
2014-12-18,-0.0011454782085796311,MTCAX,technology,2014
2014-12-19,0.0010659364124552253,MTCAX,technology,2014
2014-12-22,0.0030883458081363583,MTCAX,technology,2014
2014-12-23,0.0006693981140332656,MTCAX,technology,2014
2014-12-24,0.0008884588955618903,MTCAX,technology,2014
2014-12-26,0.00013121786949190934,MTCAX,technology,2014
2014-12-29,-0.0057777758435958865,MTCAX,technology,2014
2014-12-30,0.001083027600637906,MTCAX,technology,2014
2015-01-05,0.00040134424086366374,MTCAX,technology,2015
2015-01-06,-0.002464563958941823,MTCAX,technology,2015
2015-01-07,-0.008011537147686418,MTCAX,technology,2015
2015-01-08,-0.00037075405344805246,MTCAX,technology,2015
2015-01-09,0.002025525285038584,MTCAX,technology,2015
2015-01-12,-0.002771436330586059,MTCAX,technology,2015
2015-01-13,0.0020872244870452205,MTCAX,technology,2015
2015-01-14,-0.0013533077539318924,MTCAX,technology,2015
2015-01-15,-0.007964423695580014,MTCAX,technology,2015
2015-01-16,-0.002549470168365698,MTCAX,technology,2015
2015-01-20,0.0012945872395218562,MTCAX,technology,2015
2015-01-21,-0.0012742711592055415,MTCAX,technology,2015
2015-01-22,0.0030568955664009145,MTCAX,technology,2015
2015-01-23,0.008142101244564423,MTCAX,technology,2015
2015-01-26,-0.005655596922660902,MTCAX,technology,2015
2015-01-27,-0.008901676092201197,MTCAX,technology,2015
2015-01-28,0.0033925811529927578,MTCAX,technology,2015
2015-01-29,-0.003806596873787981,MTCAX,technology,2015
2015-01-30,0.007793303411086964,MTCAX,technology,2015
2015-02-02,-0.006166232628876854,MTCAX,technology,2015
2015-02-03,-0.0015317705163434819,MTCAX,technology,2015
2015-02-04,0.005621543166710994,MTCAX,technology,2015
2015-02-05,-0.0014678995033010483,MTCAX,technology,2015
2015-02-06,-2.9291354320531114e-05,MTCAX,technology,2015
2015-02-09,0.0017117882415292668,MTCAX,technology,2015
2015-02-10,-0.0004097214389714478,MTCAX,technology,2015
2015-02-11,0.0019284703284968958,MTCAX,technology,2015
2015-02-12,0.004203161896308778,MTCAX,technology,2015
2015-02-13,0.0039419745922200265,MTCAX,technology,2015
2015-02-17,-0.0027757152197547806,MTCAX,technology,2015
2015-02-18,0.0003415937916372155,MTCAX,technology,2015
2015-02-19,0.008402425186267005,MTCAX,technology,2015
2015-02-20,-0.0009124044860113409,MTCAX,technology,2015
2015-02-23,-0.004185276295775001,MTCAX,technology,2015
2015-02-24,-0.000878535253067378,MTCAX,technology,2015
2015-02-25,0.00010529604265504242,MTCAX,technology,2015
2015-02-26,0.007993010672288027,MTCAX,technology,2015
2015-02-27,-4.191681926941698e-05,MTCAX,technology,2015
2015-03-02,0.00307886016349116,MTCAX,technology,2015
2015-03-03,-0.0028348552744068907,MTCAX,technology,2015
2015-03-04,-3.633104772532078e-06,MTCAX,technology,2015
2015-03-05,0.00010076216464383688,MTCAX,technology,2015
2015-03-06,0.0013482818625014936,MTCAX,technology,2015
2015-03-09,-0.0009946592442889668,MTCAX,technology,2015
2015-03-10,-0.003747180492081611,MTCAX,technology,2015
2015-03-11,-0.0044879239003511985,MTCAX,technology,2015
2015-03-12,-0.0014666594233699436,MTCAX,technology,2015
2015-03-13,-0.0013919480467910151,MTCAX,technology,2015
2015-03-16,-0.0021811133264133913,MTCAX,technology,2015
2015-03-17,0.001058525972408719,MTCAX,technology,2015
2015-03-18,0.0006821109358449845,MTCAX,technology,2015
2015-03-19,0.004693025024869864,MTCAX,technology,2015
2015-03-20,-0.0030071070317475206,MTCAX,technology,2015
2015-03-23,4.1545630949666465e-05,MTCAX,technology,2015
2015-03-24,0.0025984696312086673,MTCAX,technology,2015
2015-03-25,-0.006867409736106212,MTCAX,technology,2015
2015-03-26,0.002879558024272199,MTCAX,technology,2015
2015-03-27,0.0001383130567643655,MTCAX,technology,2015
2015-03-30,-0.004325245110670206,MTCAX,technology,2015
2015-03-31,0.0013357265270927876,MTCAX,technology,2015
2015-04-01,-0.0020097131916941755,MTCAX,technology,2015
2015-04-02,-0.0024141584817346786,MTCAX,technology,2015
2015-04-06,0.0012795341131844754,MTCAX,technology,2015
2015-04-07,0.00354514806053055,MTCAX,technology,2015
2015-04-08,0.0022138641806939683,MTCAX,technology,2015
2015-04-09,-0.0024864576948490326,MTCAX,technology,2015
2015-04-10,-0.0031495783272152793,MTCAX,technology,2015
2015-04-13,0.001074671822083012,MTCAX,technology,2015
2015-04-14,-0.004711241595049107,MTCAX,technology,2015
2015-04-15,0.001845987633422249,MTCAX,technology,2015
2015-04-16,-0.00047136291765441845,MTCAX,technology,2015
2015-04-17,-0.005691482718084388,MTCAX,technology,2015
2015-04-20,0.0036343397828729144,MTCAX,technology,2015
2015-04-21,0.00324388894633907,MTCAX,technology,2015
2015-04-22,0.0037640122839874618,MTCAX,technology,2015
2015-04-23,-0.002146966022236599,MTCAX,technology,2015
2015-04-24,0.005535587393174663,MTCAX,technology,2015
2015-04-27,0.003100092793101711,MTCAX,technology,2015
2015-04-28,-0.00713092006178918,MTCAX,technology,2015
2015-04-29,0.003837876531378725,MTCAX,technology,2015
2015-04-30,-0.005822263416798609,MTCAX,technology,2015
2015-05-01,-0.005460848916951477,MTCAX,technology,2015
2015-05-04,-0.0020855403084359125,MTCAX,technology,2015
2015-05-05,-0.0025178562300641506,MTCAX,technology,2015
2015-05-06,-0.0017781453523452637,MTCAX,technology,2015
2015-05-07,0.002419586266720379,MTCAX,technology,2015
2015-05-08,-0.00018643036439352188,MTCAX,technology,2015
2015-05-11,0.0017418087945586373,MTCAX,technology,2015
2015-05-12,-0.0008784674281283834,MTCAX,technology,2015
2015-05-13,0.0018277775391501135,MTCAX,technology,2015
2015-05-14,0.003671576662436041,MTCAX,technology,2015
2015-05-15,-0.003037740858410889,MTCAX,technology,2015
2015-05-18,0.0007717874821096941,MTCAX,technology,2015
2015-05-19,-0.0015904059027544806,MTCAX,technology,2015
2015-05-20,-0.0012089714535293706,MTCAX,technology,2015
2015-05-21,0.002139180310229006,MTCAX,technology,2015
2015-05-22,0.0020745890422658626,MTCAX,technology,2015
2015-05-26,-0.0010605739431640213,MTCAX,technology,2015
2015-05-27,0.00608686521121448,MTCAX,technology,2015
2015-05-28,-0.0015383957925034057,MTCAX,technology,2015
2015-05-29,0.00015388701700093464,MTCAX,technology,2015
2015-06-01,0.0018528403771643303,MTCAX,technology,2015
2015-06-02,0.0002590981047130728,MTCAX,technology,2015
2015-06-03,0.0023781745040485007,MTCAX,technology,2015
2015-06-04,-0.0006415598383142113,MTCAX,technology,2015
2015-06-05,0.0029466644987666264,MTCAX,technology,2015
2015-06-08,-0.006563959832461401,MTCAX,technology,2015
2015-06-09,-0.0010082520956269144,MTCAX,technology,2015
2015-06-10,0.0027991979927743313,MTCAX,technology,2015
2015-06-11,-0.004436900098319584,MTCAX,technology,2015
2015-06-12,0.001221331090264179,MTCAX,technology,2015
2015-06-15,-0.001083859046570517,MTCAX,technology,2015
2015-06-16,0.0007642039422631657,MTCAX,technology,2015
2015-06-17,-6.017080501107171e-05,MTCAX,technology,2015
2015-06-18,-0.001222597333584697,MTCAX,technology,2015
2015-06-19,-0.0012469813476511825,MTCAX,technology,2015
2015-06-22,-0.0013196051592335957,MTCAX,technology,2015
2015-06-23,0.0020100738728063335,MTCAX,technology,2015
2015-06-24,-0.0006692162347025224,MTCAX,technology,2015
2015-06-25,0.0011845298137254754,MTCAX,technology,2015
2015-06-26,-0.009134113483053504,MTCAX,technology,2015
2015-06-29,-0.0029323202076337873,MTCAX,technology,2015
2015-06-30,0.0031374724589924834,MTCAX,technology,2015
2015-07-01,-0.001742236052647025,MTCAX,technology,2015
2015-07-02,0.000570126170590497,MTCAX,technology,2015
2015-07-06,-0.002631541184041258,MTCAX,technology,2015
2015-07-07,-0.005589207284609569,MTCAX,technology,2015
2015-07-08,0.00039205150945967673,MTCAX,technology,2015
2015-07-09,0.001036395887378003,MTCAX,technology,2015
2015-07-10,0.00256205941158422,MTCAX,technology,2015
2015-07-13,0.0011144431904833128,MTCAX,technology,2015
2015-07-14,0.00031972802381960864,MTCAX,technology,2015
2015-07-15,-0.0012003178693325489,MTCAX,technology,2015
2015-07-16,0.0028060223738367307,MTCAX,technology,2015
2015-07-17,0.014272703607568181,MTCAX,technology,2015
2015-07-20,0.00254072256683953,MTCAX,technology,2015
2015-07-21,0.0017689476560867217,MTCAX,technology,2015
2015-07-22,-0.0038674006024611548,MTCAX,technology,2015
2015-07-23,0.0019368568394838755,MTCAX,technology,2015
2015-07-24,0.012920981484821004,MTCAX,technology,2015
2015-07-27,-0.005925878526578624,MTCAX,technology,2015
2015-07-28,-0.002439854180114411,MTCAX,technology,2015
2015-07-29,-0.002784956969549706,MTCAX,technology,2015
2015-07-30,0.0013029729595945244,MTCAX,technology,2015
2015-07-31,-0.002629168260231349,MTCAX,technology,2015
2015-08-03,-0.0003652517459789579,MTCAX,technology,2015
2015-08-04,-0.0006737689225454135,MTCAX,technology,2015
2015-08-05,0.004739105880083588,MTCAX,technology,2015
2015-08-06,-0.0049832057181595085,MTCAX,technology,2015
2015-08-07,0.002369403618396717,MTCAX,technology,2015
2015-08-10,-0.003184776050048478,MTCAX,technology,2015
2015-08-11,0.0008146715196447381,MTCAX,technology,2015
2015-08-12,-0.0015888812637846336,MTCAX,technology,2015
2015-08-13,0.00167739056058988,MTCAX,technology,2015
2015-08-14,0.0005404950395237256,MTCAX,technology,2015
2015-08-17,-0.0003165953270490634,MTCAX,technology,2015
2015-08-18,-0.0023663561990199156,MTCAX,technology,2015
2015-08-19,0.002341826718704197,MTCAX,technology,2015
2015-08-20,-0.00602076049864848,MTCAX,technology,2015
2015-08-21,-0.0040854192132984204,MTCAX,technology,2015
2015-08-24,0.002842334732920185,MTCAX,technology,2015
2015-08-25,0.005245106452894616,MTCAX,technology,2015
2015-08-26,0.006867980224211902,MTCAX,technology,2015
2015-08-27,-0.002204035036726556,MTCAX,technology,2015
2015-08-28,0.0007884848443002532,MTCAX,technology,2015
2015-08-31,-0.004547153963116354,MTCAX,technology,2015
2015-09-01,0.0025030443872077965,MTCAX,technology,2015
2015-09-02,0.00029666921514772196,MTCAX,technology,2015
2015-09-03,0.00013121097900506418,MTCAX,technology,2015
2015-09-04,0.0024174851904868993,MTCAX,technology,2015
2015-09-08,0.0017189327653054746,MTCAX,technology,2015
2015-09-09,0.0040228685448666646,MTCAX,technology,2015
2015-09-10,0.0022128495387595797,MTCAX,technology,2015
2015-09-11,0.001449691951709406,MTCAX,technology,2015
2015-09-14,-0.00178772511265858,MTCAX,technology,2015
2015-09-15,-0.0010412741324997248,MTCAX,technology,2015
2015-09-16,-0.0044392994446260615,MTCAX,technology,2015
2015-09-17,0.0011381346275908242,MTCAX,technology,2015
2015-09-18,0.007204295081166856,MTCAX,technology,2015
2015-09-21,0.0027627467115334944,MTCAX,technology,2015
2015-09-22,-0.0017957287316916534,MTCAX,technology,2015
2015-09-23,0.0032826548140914586,MTCAX,technology,2015
2015-09-24,-0.0023012785597462037,MTCAX,technology,2015
2015-09-25,-0.004144247628812008,MTCAX,technology,2015
2015-09-28,-0.003961566912976864,MTCAX,technology,2015
2015-09-29,-0.004726979922238778,MTCAX,technology,2015
2015-09-30,0.003665462718608993,MTCAX,technology,2015
2015-10-01,0.002303465707292098,MTCAX,technology,2015
2015-10-02,-0.0017461073852567469,MTCAX,technology,2015
2015-10-05,-2.4191703182137314e-05,MTCAX,technology,2015
2015-10-06,-0.0004224197627911387,MTCAX,technology,2015
2015-10-07,-0.0019884446065198793,MTCAX,technology,2015
2015-10-08,-0.0044638367227320145,MTCAX,technology,2015
2015-10-09,0.00451357637160252,MTCAX,technology,2015
2015-10-12,0.0037390628620072933,MTCAX,technology,2015
2015-10-13,0.0006418063776541206,MTCAX,technology,2015
2015-10-14,-0.0005386398240133259,MTCAX,technology,2015
2015-10-15,0.0011985664532238108,MTCAX,technology,2015
2015-10-16,-0.00038547572758632943,MTCAX,technology,2015
2015-10-19,0.003351735921734697,MTCAX,technology,2015
2015-10-20,-0.00555287897994666,MTCAX,technology,2015
2015-10-21,-0.006715953972661368,MTCAX,technology,2015
2015-10-22,0.001459175634699699,MTCAX,technology,2015
2015-10-23,0.009453614654902024,MTCAX,technology,2015
2015-10-26,0.00476512915645904,MTCAX,technology,2015
2015-10-27,-0.002870846511891352,MTCAX,technology,2015
2015-10-28,0.0033891682997084487,MTCAX,technology,2015
2015-10-29,-0.0008865943590708005,MTCAX,technology,2015
2015-10-30,-2.9359795111484968e-05,MTCAX,technology,2015
2015-11-02,-0.004655439212258976,MTCAX,technology,2015
2015-11-03,-0.003695283211880673,MTCAX,technology,2015
2015-11-04,0.005680320653140317,MTCAX,technology,2015
2015-11-05,0.0002873066503077015,MTCAX,technology,2015
2015-11-06,0.006417317446719825,MTCAX,technology,2015
2015-11-09,-0.0014253360437325516,MTCAX,technology,2015
2015-11-10,-0.0016141633339814192,MTCAX,technology,2015
2015-11-11,0.007338466826853646,MTCAX,technology,2015
2015-11-12,0.004341909682430643,MTCAX,technology,2015
2015-11-13,-0.00855457027774811,MTCAX,technology,2015
2015-11-16,-0.005682847854506798,MTCAX,technology,2015
2015-11-17,5.03952954354869e-06,MTCAX,technology,2015
2015-11-18,0.0002882220304614609,MTCAX,technology,2015
2015-11-19,0.001621235828284742,MTCAX,technology,2015
2015-11-20,0.004376935271395569,MTCAX,technology,2015
2015-11-23,-0.002113576668968083,MTCAX,technology,2015
2015-11-24,-0.005759766657448519,MTCAX,technology,2015
2015-11-25,0.0005161671752638884,MTCAX,technology,2015
2015-11-27,0.0006668833318247015,MTCAX,technology,2015
2015-11-30,0.0009440447322781975,MTCAX,technology,2015
2015-12-01,0.0038597294189689595,MTCAX,technology,2015
2015-12-02,0.0028099167236837327,MTCAX,technology,2015
2015-12-03,0.0015243401595190897,MTCAX,technology,2015
2015-12-04,-0.0014325478105999406,MTCAX,technology,2015
2015-12-07,-0.001796167162743013,MTCAX,technology,2015
2015-12-08,0.0072296558015390675,MTCAX,technology,2015
2015-12-09,-0.007398734304665568,MTCAX,technology,2015
2015-12-10,-0.0018078624542047614,MTCAX,technology,2015
2015-12-11,-0.0028755725055608326,MTCAX,technology,2015
2015-12-14,0.003521576774537057,MTCAX,technology,2015
2015-12-15,-0.004850901793695769,MTCAX,technology,2015
2015-12-16,-0.00097587072534208,MTCAX,technology,2015
2015-12-17,0.003740991377240547,MTCAX,technology,2015
2015-12-18,0.0016033080452036892,MTCAX,technology,2015
2015-12-21,-0.0036852364896562562,MTCAX,technology,2015
2015-12-22,-0.003382260603204185,MTCAX,technology,2015
2015-12-23,-0.0052474057099890885,MTCAX,technology,2015
2015-12-24,0.0001644057421478207,MTCAX,technology,2015
2015-12-28,0.007369736668334945,MTCAX,technology,2015
2015-12-29,0.0017804858409980091,MTCAX,technology,2015
2015-12-30,5.6537297272472864e-05,MTCAX,technology,2015
2016-01-06,0.00547015167467947,MTCAX,technology,2016
2016-01-07,-0.0014750660262621527,MTCAX,technology,2016
2016-01-08,0.0016792173637483424,MTCAX,technology,2016
2016-01-11,0.0011076603289642832,MTCAX,technology,2016
2016-01-12,0.002743459586130148,MTCAX,technology,2016
2016-01-13,-0.002385992464635729,MTCAX,technology,2016
2016-01-14,-0.0016751793792854838,MTCAX,technology,2016
2016-01-15,-0.003784541826358217,MTCAX,technology,2016
2016-01-19,-0.003048901631968353,MTCAX,technology,2016
2016-01-20,0.00925246256748847,MTCAX,technology,2016
2016-01-21,-0.0030848311113644443,MTCAX,technology,2016
2016-01-22,0.004732704620613808,MTCAX,technology,2016
2016-01-25,0.004436362764198745,MTCAX,technology,2016
2016-01-26,-0.007432179008330896,MTCAX,technology,2016
2016-01-27,-0.010381645988246513,MTCAX,technology,2016
2016-01-28,0.011056182296014256,MTCAX,technology,2016
2016-01-29,-0.0025158003364103773,MTCAX,technology,2016
2016-02-01,0.004240270706247171,MTCAX,technology,2016
2016-02-02,0.001722867229812984,MTCAX,technology,2016
2016-02-03,-0.015712587185280437,MTCAX,technology,2016
2016-02-04,-0.0024499521092064915,MTCAX,technology,2016
2016-02-05,-0.030568475004182995,MTCAX,technology,2016
2016-02-08,-0.012928124060650428,MTCAX,technology,2016
2016-02-09,0.0005334585118025985,MTCAX,technology,2016
2016-02-10,0.009786803525251474,MTCAX,technology,2016
2016-02-11,0.014139241671946553,MTCAX,technology,2016
2016-02-12,-0.011888561308364118,MTCAX,technology,2016
2016-02-16,0.0002284805899951288,MTCAX,technology,2016
2016-02-17,0.009734652339723274,MTCAX,technology,2016
2016-02-18,-0.003884628333506221,MTCAX,technology,2016
2016-02-19,0.008006638352309149,MTCAX,technology,2016
2016-02-22,-7.696445120199819e-05,MTCAX,technology,2016
2016-02-23,-0.001036589847990847,MTCAX,technology,2016
2016-02-24,0.003202074767254642,MTCAX,technology,2016
2016-02-25,0.0019933979566346977,MTCAX,technology,2016
2016-02-26,0.0005980151378248903,MTCAX,technology,2016
2016-02-29,0.0012923196577687797,MTCAX,technology,2016
2016-03-01,0.0027866558417434205,MTCAX,technology,2016
2016-03-02,-0.0036225947160580104,MTCAX,technology,2016
2016-03-03,-0.005041855886355624,MTCAX,technology,2016
2016-03-04,0.0018653884585059241,MTCAX,technology,2016
2016-03-07,-0.010976509899778495,MTCAX,technology,2016
2016-03-08,0.0048324562926460755,MTCAX,technology,2016
2016-03-09,0.005053505791781449,MTCAX,technology,2016
2016-03-10,-0.0028157878230776912,MTCAX,technology,2016
2016-03-11,0.00036805528460631676,MTCAX,technology,2016
2016-03-14,0.003993940818478939,MTCAX,technology,2016
2016-03-15,0.0035649507765818343,MTCAX,technology,2016
2016-03-16,0.00258933990585538,MTCAX,technology,2016
2016-03-17,-0.00491316247291232,MTCAX,technology,2016
2016-03-18,-0.002633922024016259,MTCAX,technology,2016
2016-03-21,0.0013514022059238876,MTCAX,technology,2016
2016-03-22,0.0007331988694895264,MTCAX,technology,2016
2016-03-23,0.00389075665075647,MTCAX,technology,2016
2016-03-24,0.0030234130631056544,MTCAX,technology,2016
2016-03-28,-0.0009189754210904007,MTCAX,technology,2016
2016-03-29,0.006189955379210561,MTCAX,technology,2016
2016-03-30,0.0007472515648199781,MTCAX,technology,2016
2016-03-31,0.0016638409533778556,MTCAX,technology,2016
2016-04-01,0.003884398332836155,MTCAX,technology,2016
2016-04-04,-0.0016689077387368892,MTCAX,technology,2016
2016-04-05,0.001535313279724601,MTCAX,technology,2016
2016-04-06,-0.00024636156227864775,MTCAX,technology,2016
2016-04-07,0.002203281732175844,MTCAX,technology,2016
2016-04-08,-0.002077800701420262,MTCAX,technology,2016
2016-04-11,-0.0019524242158992914,MTCAX,technology,2016
2016-04-12,-0.006674941580851257,MTCAX,technology,2016
2016-04-13,0.002231957630491284,MTCAX,technology,2016
2016-04-14,0.0016297178717790872,MTCAX,technology,2016
2016-04-15,0.0013647079937492515,MTCAX,technology,2016
2016-04-18,4.8148270111209035e-05,MTCAX,technology,2016
2016-04-19,-0.0087338667425662,MTCAX,technology,2016
2016-04-20,0.0013883983786297884,MTCAX,technology,2016
2016-04-21,0.0061142739260613525,MTCAX,technology,2016
2016-04-22,-0.015621136405696942,MTCAX,technology,2016
2016-04-25,0.0016592791449208332,MTCAX,technology,2016
2016-04-26,-0.0042500500113326,MTCAX,technology,2016
2016-04-27,-0.005676660152415478,MTCAX,technology,2016
2016-04-28,0.0023611391100767307,MTCAX,technology,2016
2016-04-29,0.008117060665830265,MTCAX,technology,2016
2016-05-02,0.00197839880414802,MTCAX,technology,2016
2016-05-03,-0.0023198793100794035,MTCAX,technology,2016
2016-05-04,0.002771025616867239,MTCAX,technology,2016
2016-05-05,-4.449251200041828e-05,MTCAX,technology,2016
2016-05-06,0.004021374274697112,MTCAX,technology,2016
2016-05-09,0.0011900440181071906,MTCAX,technology,2016
2016-05-10,0.003639752898202002,MTCAX,technology,2016
2016-05-11,0.006275925555729584,MTCAX,technology,2016
2016-05-12,-0.0021302514473962217,MTCAX,technology,2016
2016-05-13,0.0055373874491474176,MTCAX,technology,2016
2016-05-16,-0.002224889393961378,MTCAX,technology,2016
2016-05-17,-0.00034763293476814706,MTCAX,technology,2016
2016-05-18,0.003730336591005279,MTCAX,technology,2016
2016-05-19,0.0024252427455504037,MTCAX,technology,2016
2016-05-20,0.0021100404556803213,MTCAX,technology,2016
2016-05-23,-0.0002880832118313326,MTCAX,technology,2016
2016-05-24,0.004758642701857498,MTCAX,technology,2016
2016-05-25,-0.0024485594656876502,MTCAX,technology,2016
2016-05-26,0.002092768010995222,MTCAX,technology,2016
2016-05-27,0.004437908810084671,MTCAX,technology,2016
2016-05-31,0.0048755099408100185,MTCAX,technology,2016
2016-06-01,-0.003263531425943964,MTCAX,technology,2016
2016-06-02,-0.00025168412219377535,MTCAX,technology,2016
2016-06-03,-0.0021432686257234477,MTCAX,technology,2016
2016-06-06,-0.0013904914534174206,MTCAX,technology,2016
2016-06-07,-0.00047783574362681813,MTCAX,technology,2016
2016-06-08,0.0006203903209602976,MTCAX,technology,2016
2016-06-09,0.00016635820006677318,MTCAX,technology,2016
2016-06-10,-0.003111314618867536,MTCAX,technology,2016
2016-06-13,0.0037976077792050986,MTCAX,technology,2016
2016-06-14,0.003081081331171563,MTCAX,technology,2016
2016-06-15,0.0005477202368423203,MTCAX,technology,2016
2016-06-16,-0.0020426463050315655,MTCAX,technology,2016
2016-06-17,-0.006722229719960276,MTCAX,technology,2016
2016-06-20,0.0010307373821577068,MTCAX,technology,2016
2016-06-21,0.0019258765279374468,MTCAX,technology,2016
2016-06-22,-0.004107023314976893,MTCAX,technology,2016
2016-06-23,0.0005137740025673992,MTCAX,technology,2016
2016-06-24,-0.002355774254365603,MTCAX,technology,2016
2016-06-27,-0.00346994406198773,MTCAX,technology,2016
2016-06-28,0.0005558113057434928,MTCAX,technology,2016
2016-06-29,-0.002272525272330364,MTCAX,technology,2016
2016-06-30,-0.008066697878552777,MTCAX,technology,2016
2016-07-01,0.0012589609533373114,MTCAX,technology,2016
2016-07-05,0.003153340718221414,MTCAX,technology,2016
2016-07-06,-0.0015280690731256262,MTCAX,technology,2016
2016-07-07,0.001973625292756737,MTCAX,technology,2016
2016-07-08,0.0011774951675935404,MTCAX,technology,2016
2016-07-11,0.002980247848785418,MTCAX,technology,2016
2016-07-12,-0.0012175130356982733,MTCAX,technology,2016
2016-07-13,-0.0023043660653671613,MTCAX,technology,2016
2016-07-14,-0.00012156529923565505,MTCAX,technology,2016
2016-07-15,-0.0005902098178816868,MTCAX,technology,2016
2016-07-18,0.0030749764462189608,MTCAX,technology,2016
2016-07-19,0.00016107305274575445,MTCAX,technology,2016
2016-07-20,0.006935736072670227,MTCAX,technology,2016
2016-07-21,-0.0029546710917692405,MTCAX,technology,2016
2016-07-22,0.0013918006194818307,MTCAX,technology,2016
2016-07-25,0.0024247873618306985,MTCAX,technology,2016
2016-07-26,0.0036389727800748414,MTCAX,technology,2016
2016-07-27,0.003133508771626571,MTCAX,technology,2016
2016-07-28,0.0028455182398274765,MTCAX,technology,2016
2016-07-29,-0.000212552664309521,MTCAX,technology,2016
2016-08-01,0.00575043502661167,MTCAX,technology,2016
2016-08-02,-0.0010076190966550975,MTCAX,technology,2016
2016-08-03,0.0005109428266866283,MTCAX,technology,2016
2016-08-04,0.0040076300546459005,MTCAX,technology,2016
2016-08-05,-0.00033348279499611014,MTCAX,technology,2016
2016-08-08,-0.0016950396922012032,MTCAX,technology,2016
2016-08-09,0.0041147443955157825,MTCAX,technology,2016
2016-08-10,0.0018204473429175602,MTCAX,technology,2016
2016-08-11,-0.0007525519679348553,MTCAX,technology,2016
2016-08-12,0.0018096866929086354,MTCAX,technology,2016
2016-08-15,-0.0023610490206750047,MTCAX,technology,2016
2016-08-16,-0.000498791345500512,MTCAX,technology,2016
2016-08-17,-0.0015985942789365339,MTCAX,technology,2016
2016-08-18,-0.0012908795070220233,MTCAX,technology,2016
2016-08-19,0.001406063188329694,MTCAX,technology,2016
2016-08-22,0.0008975469833497603,MTCAX,technology,2016
2016-08-23,0.002162975857842041,MTCAX,technology,2016
2016-08-24,0.0008662951267076821,MTCAX,technology,2016
2016-08-25,0.0041016876563865845,MTCAX,technology,2016
2016-08-26,0.004710409556708293,MTCAX,technology,2016
2016-08-29,-0.002861768602840093,MTCAX,technology,2016
2016-08-30,0.0002045788353451821,MTCAX,technology,2016
2016-08-31,0.0022368862310023756,MTCAX,technology,2016
2016-09-01,0.003975866721842862,MTCAX,technology,2016
2016-09-02,-0.0006460371828558437,MTCAX,technology,2016
2016-09-06,0.003794556088974478,MTCAX,technology,2016
2016-09-07,-0.0008085775832589455,MTCAX,technology,2016
2016-09-08,-0.0043023802216597545,MTCAX,technology,2016
2016-09-09,0.0028522741260762693,MTCAX,technology,2016
2016-09-12,-0.0021354713248799787,MTCAX,technology,2016
2016-09-13,0.004753216942109629,MTCAX,technology,2016
2016-09-14,0.0034254699980608818,MTCAX,technology,2016
2016-09-15,0.0022767620687098172,MTCAX,technology,2016
2016-09-16,0.0008988881606586288,MTCAX,technology,2016
2016-09-19,0.0006365700806748008,MTCAX,technology,2016
2016-09-20,0.0004386901688941966,MTCAX,technology,2016
2016-09-21,0.001452344296724712,MTCAX,technology,2016
2016-09-22,0.0008191842887162468,MTCAX,technology,2016
2016-09-23,-0.002442698910052608,MTCAX,technology,2016
2016-09-26,0.0014457690864458006,MTCAX,technology,2016
2016-09-27,0.00416322503452451,MTCAX,technology,2016
2016-09-28,-0.0004989944785898249,MTCAX,technology,2016
2016-09-29,0.005680204743334463,MTCAX,technology,2016
2016-09-30,-0.0047654275377777625,MTCAX,technology,2016
2016-10-03,0.0021132838356130376,MTCAX,technology,2016
2016-10-04,0.0044112375262766335,MTCAX,technology,2016
2016-10-05,-0.0016496209116971224,MTCAX,technology,2016
2016-10-06,0.001444592885953058,MTCAX,technology,2016
2016-10-07,0.00013865660459663233,MTCAX,technology,2016
2016-10-10,0.0019941022944405494,MTCAX,technology,2016
2016-10-11,-0.0003154180599085864,MTCAX,technology,2016
2016-10-12,-0.0009719124126806751,MTCAX,technology,2016
2016-10-13,-0.002871497451220866,MTCAX,technology,2016
2016-10-14,0.002731605222595271,MTCAX,technology,2016
2016-10-17,-0.00021836441418973587,MTCAX,technology,2016
2016-10-18,0.001991431695624486,MTCAX,technology,2016
2016-10-19,0.0017155830551763072,MTCAX,technology,2016
2016-10-20,0.00047031675436485067,MTCAX,technology,2016
2016-10-21,0.005193465210767474,MTCAX,technology,2016
2016-10-24,0.006847876611661027,MTCAX,technology,2016
2016-10-25,-0.00025310860826098383,MTCAX,technology,2016
2016-10-26,-0.0027941087236155243,MTCAX,technology,2016
2016-10-27,-0.001396862376422755,MTCAX,technology,2016
2016-10-28,0.0013356533739585655,MTCAX,technology,2016
2016-10-31,0.0014765193775249051,MTCAX,technology,2016
2016-11-01,0.0019292082595398687,MTCAX,technology,2016
2016-11-02,-0.005070873059521974,MTCAX,technology,2016
2016-11-03,-0.0011511490362352394,MTCAX,technology,2016
2016-11-04,-0.0018470012407009653,MTCAX,technology,2016
2016-11-07,-0.0014969845417184269,MTCAX,technology,2016
2016-11-08,0.001771476088760107,MTCAX,technology,2016
2016-11-09,-0.015814123105730278,MTCAX,technology,2016
2016-11-10,-0.024604413409157307,MTCAX,technology,2016
2016-11-11,0.0005593593798755439,MTCAX,technology,2016
2016-11-14,-0.01967273131352169,MTCAX,technology,2016
2016-11-15,0.007122906043650949,MTCAX,technology,2016
2016-11-16,0.009035997981347039,MTCAX,technology,2016
2016-11-17,0.0026134208539740243,MTCAX,technology,2016
2016-11-18,0.0005034358626183118,MTCAX,technology,2016
2016-11-21,0.0009466006638399107,MTCAX,technology,2016
2016-11-22,-0.0030873151871060856,MTCAX,technology,2016
2016-11-23,-0.0036288842043337237,MTCAX,technology,2016
2016-11-25,-0.002232356402844268,MTCAX,technology,2016
2016-11-28,0.0018377130304708614,MTCAX,technology,2016
2016-11-29,0.0007912109560024613,MTCAX,technology,2016
2016-11-30,-0.010568476215023263,MTCAX,technology,2016
2016-12-01,-0.019317098832925737,MTCAX,technology,2016
2016-12-02,0.002866618445192799,MTCAX,technology,2016
2016-12-05,0.008746891958656858,MTCAX,technology,2016
2016-12-06,-0.003384277458063415,MTCAX,technology,2016
2016-12-07,0.0010154550496806053,MTCAX,technology,2016
2016-12-08,-0.0011730043087858778,MTCAX,technology,2016
2016-12-09,-0.002346306879453629,MTCAX,technology,2016
2016-12-12,-0.00350425873608567,MTCAX,technology,2016
2016-12-13,0.003004937281281408,MTCAX,technology,2016
2016-12-14,0.006105551529973947,MTCAX,technology,2016
2016-12-15,-0.003368400024442053,MTCAX,technology,2016
2016-12-16,-0.004468570798869217,MTCAX,technology,2016
2016-12-19,0.001666584019311839,MTCAX,technology,2016
2016-12-20,-0.0009313508206483627,MTCAX,technology,2016
2016-12-21,0.0021587921595777513,MTCAX,technology,2016
2016-12-22,-0.0032992493602836278,MTCAX,technology,2016
2016-12-23,-0.0007738204099279587,MTCAX,technology,2016
2016-12-27,0.0013235676339082001,MTCAX,technology,2016
2016-12-28,0.0018187842915616623,MTCAX,technology,2016
2016-12-29,-0.0003362692676496246,MTCAX,technology,2016
2016-12-30,-0.005168304980182644,MTCAX,technology,2016
2017-01-04,0.0003731980839340662,MTCAX,technology,2017
2017-01-05,0.005240556305547053,MTCAX,technology,2017
2017-01-06,0.004562102456175341,MTCAX,technology,2017
2017-01-09,0.004679567380526374,MTCAX,technology,2017
2017-01-10,0.0006910398998672726,MTCAX,technology,2017
2017-01-11,0.001848985550981298,MTCAX,technology,2017
2017-01-12,0.002316773576320619,MTCAX,technology,2017
2017-01-13,0.00036078219931915583,MTCAX,technology,2017
2017-01-17,5.577883872728449e-05,MTCAX,technology,2017
2017-01-18,0.0015148846360077454,MTCAX,technology,2017
2017-01-19,0.0020195523901446366,MTCAX,technology,2017
2017-01-20,-0.0009632352899036395,MTCAX,technology,2017
2017-01-23,0.005212954231390293,MTCAX,technology,2017
2017-01-24,0.0005638757687380022,MTCAX,technology,2017
2017-01-25,-0.002564482032991325,MTCAX,technology,2017
2017-01-26,-0.0011496126143927697,MTCAX,technology,2017
2017-01-27,0.004266071367871025,MTCAX,technology,2017
2017-01-30,-3.381097860257528e-05,MTCAX,technology,2017
2017-01-31,-0.004036643741021467,MTCAX,technology,2017
2017-02-01,0.0008807791923171461,MTCAX,technology,2017
2017-02-02,0.0005592306720085959,MTCAX,technology,2017
2017-02-03,-0.0035390497852834484,MTCAX,technology,2017
2017-02-06,0.0014524791207653595,MTCAX,technology,2017
2017-02-07,0.003000998155951612,MTCAX,technology,2017
2017-02-08,0.004184581544853485,MTCAX,technology,2017
2017-02-09,-0.0027907836464928825,MTCAX,technology,2017
2017-02-10,-0.0004139258483822584,MTCAX,technology,2017
2017-02-13,-0.002579059727585966,MTCAX,technology,2017
2017-02-14,-0.005191160381090106,MTCAX,technology,2017
2017-02-15,-0.0023292814671629974,MTCAX,technology,2017
2017-02-16,0.0023259917752141207,MTCAX,technology,2017
2017-02-17,-0.00027751177413800005,MTCAX,technology,2017
2017-02-21,-0.0019259821680157442,MTCAX,technology,2017
2017-02-22,0.0030135662612616786,MTCAX,technology,2017
2017-02-23,-0.003484411010022422,MTCAX,technology,2017
2017-02-24,-0.0025568501627684964,MTCAX,technology,2017
2017-02-27,-0.0022532444299321907,MTCAX,technology,2017
2017-02-28,-0.0007314764075783803,MTCAX,technology,2017
2017-03-01,-0.003706885918427721,MTCAX,technology,2017
2017-03-02,0.0007125202658012251,MTCAX,technology,2017
2017-03-03,0.001503046288678485,MTCAX,technology,2017
2017-03-06,0.0025763315216856377,MTCAX,technology,2017
2017-03-07,0.003570560260032059,MTCAX,technology,2017
2017-03-08,0.0025332507768257334,MTCAX,technology,2017
2017-03-09,6.9242731412078e-05,MTCAX,technology,2017
2017-03-10,-0.0006746593395849897,MTCAX,technology,2017
2017-03-13,0.003259703916517245,MTCAX,technology,2017
2017-03-14,0.001337715554373981,MTCAX,technology,2017
2017-03-15,-0.0056136748520340665,MTCAX,technology,2017
2017-03-16,0.002334131473818541,MTCAX,technology,2017
2017-03-17,0.002727505778008263,MTCAX,technology,2017
2017-03-20,-1.0237805407128106e-05,MTCAX,technology,2017
2017-03-21,-6.114856002383158e-05,MTCAX,technology,2017
2017-03-22,0.002376826490986372,MTCAX,technology,2017
2017-03-23,-5.5721753683626255e-05,MTCAX,technology,2017
2017-03-24,0.001493322543917584,MTCAX,technology,2017
2017-03-27,0.0018541794814775623,MTCAX,technology,2017
2017-03-28,-0.0032808562276678034,MTCAX,technology,2017
2017-03-29,0.004670232821259371,MTCAX,technology,2017
2017-03-30,-0.0035667632364835924,MTCAX,technology,2017
2017-03-31,0.0021245138642938337,MTCAX,technology,2017
2017-04-03,-0.00019899519796758372,MTCAX,technology,2017
2017-04-04,-0.0008122474755562566,MTCAX,technology,2017
2017-04-05,0.00257996113887484,MTCAX,technology,2017
2017-04-06,-0.002468736329432166,MTCAX,technology,2017
2017-04-07,0.0011888896210066034,MTCAX,technology,2017
2017-04-10,-0.00011667681593241291,MTCAX,technology,2017
2017-04-11,-0.001828090022364227,MTCAX,technology,2017
2017-04-12,0.0016954994670279463,MTCAX,technology,2017
2017-04-13,0.003913811479611614,MTCAX,technology,2017
2017-04-17,0.0003215170599130124,MTCAX,technology,2017
2017-04-18,0.0019528460770971575,MTCAX,technology,2017
2017-04-19,0.004110596786399811,MTCAX,technology,2017
2017-04-20,-0.0015183089621489936,MTCAX,technology,2017
2017-04-21,0.003165853356341854,MTCAX,technology,2017
2017-04-24,-0.0012181074411887795,MTCAX,technology,2017
2017-04-25,-0.0017267392076721214,MTCAX,technology,2017
2017-04-26,-0.0014841675313957178,MTCAX,technology,2017
2017-04-27,0.0036400840204850217,MTCAX,technology,2017
2017-04-28,0.0066369877253261884,MTCAX,technology,2017
2017-05-01,0.005913035430735368,MTCAX,technology,2017
2017-05-02,0.001334215750576922,MTCAX,technology,2017
2017-05-03,-0.001970799441405203,MTCAX,technology,2017
2017-05-04,0.00191505669610948,MTCAX,technology,2017
2017-05-05,-0.001129793929669048,MTCAX,technology,2017
2017-05-08,0.0025885834362335204,MTCAX,technology,2017
2017-05-09,0.002268608558381612,MTCAX,technology,2017
2017-05-10,0.0035554625240694394,MTCAX,technology,2017
2017-05-11,0.0014967993607740305,MTCAX,technology,2017
2017-05-12,0.002864396538753263,MTCAX,technology,2017
2017-05-15,-0.001289906676089532,MTCAX,technology,2017
2017-05-16,0.005251675582534227,MTCAX,technology,2017
2017-05-17,-0.004380246001346556,MTCAX,technology,2017
2017-05-18,0.001834674892971547,MTCAX,technology,2017
2017-05-19,-0.0033411543983608138,MTCAX,technology,2017
2017-05-22,0.0044301757352876855,MTCAX,technology,2017
2017-05-23,-0.0021371187780383537,MTCAX,technology,2017
2017-05-24,0.004317546114917787,MTCAX,technology,2017
2017-05-25,0.0033904599049989,MTCAX,technology,2017
2017-05-26,-0.00011529513519144524,MTCAX,technology,2017
2017-05-30,0.0021589584404979206,MTCAX,technology,2017
2017-05-31,-0.001537879606666389,MTCAX,technology,2017
2017-06-01,-0.007021382983727413,MTCAX,technology,2017
2017-06-02,0.005908246280349825,MTCAX,technology,2017
2017-06-05,0.001107428902954197,MTCAX,technology,2017
2017-06-06,0.0008778939357623624,MTCAX,technology,2017
2017-06-07,0.00031691793575408696,MTCAX,technology,2017
2017-06-08,0.0028210757977501083,MTCAX,technology,2017
2017-06-09,-0.025770569201267534,MTCAX,technology,2017
2017-06-12,-0.008160152221045335,MTCAX,technology,2017
2017-06-13,0.004238837528499018,MTCAX,technology,2017
2017-06-14,-0.002994679803673083,MTCAX,technology,2017
2017-06-15,-0.003412657632709862,MTCAX,technology,2017
2017-06-16,0.0005712860117962377,MTCAX,technology,2017
2017-06-19,0.0045616895601051834,MTCAX,technology,2017
2017-06-20,0.00069536154460217,MTCAX,technology,2017
2017-06-21,0.008259002818075331,MTCAX,technology,2017
2017-06-22,-0.0004081870646793476,MTCAX,technology,2017
2017-06-23,0.006454190954113861,MTCAX,technology,2017
2017-06-26,-0.007013229559491357,MTCAX,technology,2017
2017-06-27,-0.007707691285143417,MTCAX,technology,2017
2017-06-28,0.002000584382503631,MTCAX,technology,2017
2017-06-29,-0.007188823329606872,MTCAX,technology,2017
2017-06-30,-0.005324883742402757,MTCAX,technology,2017
2017-07-03,-0.012670154152830636,MTCAX,technology,2017
2017-07-05,0.008728755436898659,MTCAX,technology,2017
2017-07-06,0.0034518191970548933,MTCAX,technology,2017
2017-07-07,0.006060607379959004,MTCAX,technology,2017
2017-07-10,0.005516614947373185,MTCAX,technology,2017
2017-07-11,0.004095653890656318,MTCAX,technology,2017
2017-07-12,0.006242471134749121,MTCAX,technology,2017
2017-07-13,-0.0032691002038241486,MTCAX,technology,2017
2017-07-14,0.00012472583912225433,MTCAX,technology,2017
2017-07-17,7.212802958752671e-05,MTCAX,technology,2017
2017-07-18,0.007977867492559396,MTCAX,technology,2017
2017-07-19,-0.0014483448262649443,MTCAX,technology,2017
2017-07-20,-0.00033222719152898185,MTCAX,technology,2017
2017-07-21,0.0007102444019924262,MTCAX,technology,2017
2017-07-24,0.0042105905880637316,MTCAX,technology,2017
2017-07-25,-0.005575960439669323,MTCAX,technology,2017
2017-07-26,0.006423656876417002,MTCAX,technology,2017
2017-07-27,-0.006882408789557543,MTCAX,technology,2017
2017-07-28,-0.00037440499210631014,MTCAX,technology,2017
2017-07-31,-0.00681881686228717,MTCAX,technology,2017
2017-08-01,0.0018316553526168161,MTCAX,technology,2017
2017-08-02,-0.007534123875918081,MTCAX,technology,2017
2017-08-03,0.0016899935873191268,MTCAX,technology,2017
2017-08-04,-0.0002608498739869202,MTCAX,technology,2017
2017-08-07,0.0022765883914972105,MTCAX,technology,2017
2017-08-08,3.231303798646116e-05,MTCAX,technology,2017
2017-08-09,-0.000316395425193134,MTCAX,technology,2017
2017-08-10,-0.0031078160205450754,MTCAX,technology,2017
2017-08-11,0.005459842073045063,MTCAX,technology,2017
2017-08-14,0.003053045594495766,MTCAX,technology,2017
2017-08-15,0.0014981139771481386,MTCAX,technology,2017
2017-08-16,0.0018107543398043205,MTCAX,technology,2017
2017-08-17,0.0014081662265056222,MTCAX,technology,2017
2017-08-18,0.0026801244717922883,MTCAX,technology,2017
2017-08-21,-0.0007330667746299224,MTCAX,technology,2017
2017-08-22,0.0023077521431082854,MTCAX,technology,2017
2017-08-23,0.0016904316851549367,MTCAX,technology,2017
2017-08-24,0.00016951552545586184,MTCAX,technology,2017
2017-08-25,-0.0071872642436327586,MTCAX,technology,2017
2017-08-28,0.0021670680252614967,MTCAX,technology,2017
2017-08-29,0.000826904175242288,MTCAX,technology,2017
2017-08-30,0.0039003105942892295,MTCAX,technology,2017
2017-08-31,0.0002795424230076131,MTCAX,technology,2017
2017-09-01,-0.002914744074091314,MTCAX,technology,2017
2017-09-05,0.0015763698313539633,MTCAX,technology,2017
2017-09-06,-0.004771374068109008,MTCAX,technology,2017
2017-09-07,0.005715298166767988,MTCAX,technology,2017
2017-09-08,-0.006811817803381984,MTCAX,technology,2017
2017-09-11,-0.0010747764114546407,MTCAX,technology,2017
2017-09-12,-0.0024787714258367555,MTCAX,technology,2017
2017-09-13,-0.003178268937946947,MTCAX,technology,2017
2017-09-14,-0.003896434389020918,MTCAX,technology,2017
2017-09-15,-0.0025530496558715822,MTCAX,technology,2017
2017-09-18,-0.00209128873506669,MTCAX,technology,2017
2017-09-19,0.002075997357253675,MTCAX,technology,2017
2017-09-20,-0.0035982150464172104,MTCAX,technology,2017
2017-09-21,-0.0007761167053236214,MTCAX,technology,2017
2017-09-22,-0.0008892120638595138,MTCAX,technology,2017
2017-09-25,-0.016486686701608057,MTCAX,technology,2017
2017-09-26,-0.0005192863221057433,MTCAX,technology,2017
2017-09-27,0.008412761692549262,MTCAX,technology,2017
2017-09-28,-0.00011632998663853311,MTCAX,technology,2017
2017-09-29,0.0038657146470277926,MTCAX,technology,2017
2017-10-02,-0.006727225091184601,MTCAX,technology,2017
2017-10-03,0.0001350866489368387,MTCAX,technology,2017
2017-10-04,0.00015940288377309215,MTCAX,technology,2017
2017-10-05,0.0028032755830185406,MTCAX,technology,2017
2017-10-06,0.0051545256067598196,MTCAX,technology,2017
2017-10-09,0.0021789825297424464,MTCAX,technology,2017
2017-10-10,-0.004377073238230593,MTCAX,technology,2017
2017-10-11,0.002140049760437398,MTCAX,technology,2017
2017-10-12,0.003352593163001429,MTCAX,technology,2017
2017-10-13,0.0006253388618063954,MTCAX,technology,2017
2017-10-16,-0.0011578909178239973,MTCAX,technology,2017
2017-10-17,-0.002852801937770118,MTCAX,technology,2017
2017-10-18,-0.0015470219538428424,MTCAX,technology,2017
2017-10-19,0.00039588314367274913,MTCAX,technology,2017
2017-10-20,0.00021874779881053599,MTCAX,technology,2017
2017-10-23,-0.004063569956303758,MTCAX,technology,2017
2017-10-24,0.0007899571041179903,MTCAX,technology,2017
2017-10-25,0.004797691661407279,MTCAX,technology,2017
2017-10-26,-1.9841529734316785e-05,MTCAX,technology,2017
2017-10-27,0.014234596894896583,MTCAX,technology,2017
2017-10-30,0.005727305143995528,MTCAX,technology,2017
2017-10-31,0.000933442988538309,MTCAX,technology,2017
2017-11-01,-0.0032835803204023352,MTCAX,technology,2017
2017-11-02,0.000753102232957223,MTCAX,technology,2017
2017-11-03,-0.00017231094028150647,MTCAX,technology,2017
2017-11-06,0.0017105264235411232,MTCAX,technology,2017
2017-11-07,-0.002669517284995937,MTCAX,technology,2017
2017-11-08,0.0052016568583489586,MTCAX,technology,2017
2017-11-09,-0.0038074587600150905,MTCAX,technology,2017
2017-11-10,0.0010605877726294782,MTCAX,technology,2017
2017-11-13,0.00034985959857999644,MTCAX,technology,2017
2017-11-14,0.0019156943896725506,MTCAX,technology,2017
2017-11-15,-0.0011379360735083869,MTCAX,technology,2017
2017-11-16,0.0012487034388633383,MTCAX,technology,2017
2017-11-17,-0.002295360234673867,MTCAX,technology,2017
2017-11-20,-6.526830897575931e-05,MTCAX,technology,2017
2017-11-21,0.0035117440012467603,MTCAX,technology,2017
2017-11-22,-0.0021431471790362994,MTCAX,technology,2017
2017-11-24,0.0043693215078020944,MTCAX,technology,2017
2017-11-27,0.00023754857796426295,MTCAX,technology,2017
2017-11-28,-0.01081715653928422,MTCAX,technology,2017
2017-11-29,-0.028421426679487306,MTCAX,technology,2017
2017-11-30,-0.0027356603190892195,MTCAX,technology,2017
2017-12-01,-0.005734390053954749,MTCAX,technology,2017
2017-12-04,-0.021396628289238075,MTCAX,technology,2017
2017-12-05,0.007769178584668754,MTCAX,technology,2017
2017-12-06,0.009114425042372138,MTCAX,technology,2017
2017-12-07,0.005708263011928107,MTCAX,technology,2017
2017-12-08,-0.0037789880562172327,MTCAX,technology,2017
2017-12-11,-4.9906818555007365e-05,MTCAX,technology,2017
2017-12-12,-0.006774728584984425,MTCAX,technology,2017
2017-12-13,0.0033274512417139014,MTCAX,technology,2017
2017-12-14,0.0037529052651027166,MTCAX,technology,2017
2017-12-15,0.0015811253248707389,MTCAX,technology,2017
2017-12-18,-0.00398132499690112,MTCAX,technology,2017
2017-12-19,-0.0010965135187690168,MTCAX,technology,2017
2017-12-20,-0.002162171867612655,MTCAX,technology,2017
2017-12-21,-0.003665600174340304,MTCAX,technology,2017
2017-12-22,-0.0011325537149353472,MTCAX,technology,2017
2017-12-26,-0.0029874332337212284,MTCAX,technology,2017
2017-12-27,0.0006805720700892657,MTCAX,technology,2017
2017-12-28,-0.0009476794905173493,MTCAX,technology,2017
2017-12-29,-0.0001515271806411594,MTCAX,technology,2017
2018-01-03,0.00320629027042486,MTCAX,technology,2018
2018-01-04,-9.520351041536479e-05,MTCAX,technology,2018
2018-01-05,0.002846365940634782,MTCAX,technology,2018
2018-01-08,0.002310068130846254,MTCAX,technology,2018
2018-01-09,-0.0032002921694355944,MTCAX,technology,2018
2018-01-10,0.0005634110969309335,MTCAX,technology,2018
2018-01-11,-0.0028124585746397025,MTCAX,technology,2018
2018-01-12,-0.0041986782995280325,MTCAX,technology,2018
2018-01-16,-0.001148646017489271,MTCAX,technology,2018
2018-01-17,-0.004649871746312809,MTCAX,technology,2018
2018-01-18,0.005385015040932631,MTCAX,technology,2018
2018-01-19,-0.0012400354911890005,MTCAX,technology,2018
2018-01-22,-0.00045648112619778476,MTCAX,technology,2018
2018-01-23,0.007048234808406764,MTCAX,technology,2018
2018-01-24,-0.0038305559347299265,MTCAX,technology,2018
2018-01-25,0.0016318410560061656,MTCAX,technology,2018
2018-01-26,-0.0010159348851030234,MTCAX,technology,2018
2018-01-29,0.000921686184234596,MTCAX,technology,2018
2018-01-30,0.006702943471121013,MTCAX,technology,2018
2018-01-31,0.006519560511944774,MTCAX,technology,2018
2018-02-01,-0.003848726453295803,MTCAX,technology,2018
2018-02-02,0.007325757669684404,MTCAX,technology,2018
2018-02-05,0.016827099922391862,MTCAX,technology,2018
2018-02-06,-0.005798196477194911,MTCAX,technology,2018
2018-02-07,-0.0043123576542453326,MTCAX,technology,2018
2018-02-08,0.005124224733938004,MTCAX,technology,2018
2018-02-09,0.0005417244815737639,MTCAX,technology,2018
2018-02-12,-0.003161394683482758,MTCAX,technology,2018
2018-02-13,-0.0013794475626663842,MTCAX,technology,2018
2018-02-14,0.0025291238053589578,MTCAX,technology,2018
2018-02-15,0.0012687051720894175,MTCAX,technology,2018
2018-02-16,-0.0027283448282037054,MTCAX,technology,2018
2018-02-20,0.01266221544524653,MTCAX,technology,2018
2018-02-21,0.004199484988550636,MTCAX,technology,2018
2018-02-22,-0.0019759161042115915,MTCAX,technology,2018
2018-02-23,-0.0005623791234719011,MTCAX,technology,2018
2018-02-26,-0.005380064888005237,MTCAX,technology,2018
2018-02-27,0.004439121719118899,MTCAX,technology,2018
2018-02-28,0.0062922050205167475,MTCAX,technology,2018
2018-03-01,0.005849153287636974,MTCAX,technology,2018
2018-03-02,0.0057709423488324545,MTCAX,technology,2018
2018-03-05,-0.003492657672358908,MTCAX,technology,2018
2018-03-06,0.0018826293469958143,MTCAX,technology,2018
2018-03-07,0.008962319960145721,MTCAX,technology,2018
2018-03-08,-0.0025708521744616255,MTCAX,technology,2018
2018-03-09,-0.003474477139943602,MTCAX,technology,2018
2018-03-12,0.0019679138786131726,MTCAX,technology,2018
2018-03-13,-0.002604459825430354,MTCAX,technology,2018
2018-03-14,0.008083833904979663,MTCAX,technology,2018
2018-03-15,0.0029624599465200917,MTCAX,technology,2018
2018-03-16,-0.004098836187492389,MTCAX,technology,2018
2018-03-19,-0.0021418128711684983,MTCAX,technology,2018
2018-03-20,0.006309779072020611,MTCAX,technology,2018
2018-03-21,-8.469241737908521e-05,MTCAX,technology,2018
2018-03-22,0.0041273415827592745,MTCAX,technology,2018
2018-03-23,0.00394444491246379,MTCAX,technology,2018
2018-03-26,-0.001524345110550565,MTCAX,technology,2018
2018-03-27,-0.012398923019574473,MTCAX,technology,2018
2018-03-28,-0.008354671339052867,MTCAX,technology,2018
2018-03-29,0.0034082699127996816,MTCAX,technology,2018
2018-04-02,0.0026437531848402668,MTCAX,technology,2018
2018-04-03,-0.007462443261873057,MTCAX,technology,2018
2018-04-04,-0.0033183620526306256,MTCAX,technology,2018
2018-04-05,-0.0026782837093024,MTCAX,technology,2018
2018-04-06,0.004606001653044634,MTCAX,technology,2018
2018-04-09,-9.878063907082547e-05,MTCAX,technology,2018
2018-04-10,0.0006392136891389642,MTCAX,technology,2018
2018-04-11,0.0030268562287871443,MTCAX,technology,2018
2018-04-12,0.0001228969079533227,MTCAX,technology,2018
2018-04-13,-0.0018741725912210815,MTCAX,technology,2018
2018-04-16,-0.0037027224919644773,MTCAX,technology,2018
2018-04-17,0.008846530131138817,MTCAX,technology,2018
2018-04-18,-0.0010279846673091522,MTCAX,technology,2018
2018-04-19,0.003028613789014916,MTCAX,technology,2018
2018-04-20,0.00011076089422832475,MTCAX,technology,2018
2018-04-23,-0.004353454291225646,MTCAX,technology,2018
2018-04-24,-0.007895858460294936,MTCAX,technology,2018
2018-04-25,-0.0077975419601992325,MTCAX,technology,2018
2018-04-26,0.01239489538084249,MTCAX,technology,2018
2018-04-27,-0.003769573835783436,MTCAX,technology,2018
2018-04-30,0.008152382657630611,MTCAX,technology,2018
2018-05-01,0.005933239561504249,MTCAX,technology,2018
2018-05-02,0.0039491078301378026,MTCAX,technology,2018
2018-05-03,0.004950347196403162,MTCAX,technology,2018
2018-05-04,-0.0037890962335094622,MTCAX,technology,2018
2018-05-07,0.00569859250965168,MTCAX,technology,2018
2018-05-08,0.004285172210938723,MTCAX,technology,2018
2018-05-09,0.0026735889259991968,MTCAX,technology,2018
2018-05-10,-0.0016859692499546428,MTCAX,technology,2018
2018-05-11,-0.006320995127281851,MTCAX,technology,2018
2018-05-14,-0.00519346733111327,MTCAX,technology,2018
2018-05-15,0.00031408275682717757,MTCAX,technology,2018
2018-05-16,-0.0039828672753290315,MTCAX,technology,2018
2018-05-17,-0.0018935030771985088,MTCAX,technology,2018
2018-05-18,0.0016337730503308986,MTCAX,technology,2018
2018-05-21,-0.004097912099492559,MTCAX,technology,2018
2018-05-22,-0.0015840283769641252,MTCAX,technology,2018
2018-05-23,0.006725819884523261,MTCAX,technology,2018
2018-05-24,0.0034452442733752774,MTCAX,technology,2018
2018-05-25,-0.0006330064195714685,MTCAX,technology,2018
2018-05-29,0.0068617495076286365,MTCAX,technology,2018
2018-05-30,-0.0050220371189469235,MTCAX,technology,2018
2018-05-31,0.008841364786868703,MTCAX,technology,2018
2018-06-01,0.005656977017335045,MTCAX,technology,2018
2018-06-04,0.002925260754676662,MTCAX,technology,2018
2018-06-05,0.003570311196665658,MTCAX,technology,2018
2018-06-06,-0.004746701439829017,MTCAX,technology,2018
2018-06-07,-0.013606398515347706,MTCAX,technology,2018
2018-06-08,-0.0003923799592564,MTCAX,technology,2018
2018-06-11,-0.00018264354940411716,MTCAX,technology,2018
2018-06-12,0.005131300528295236,MTCAX,technology,2018
2018-06-13,0.005753900199612845,MTCAX,technology,2018
2018-06-14,0.008509353449546937,MTCAX,technology,2018
2018-06-15,-0.00096221168597392,MTCAX,technology,2018
2018-06-18,0.00923992161054628,MTCAX,technology,2018
2018-06-19,-0.0021794230095727295,MTCAX,technology,2018
2018-06-20,0.003574356694006102,MTCAX,technology,2018
2018-06-21,-0.0028964529313487905,MTCAX,technology,2018
2018-06-22,-0.010319987335370182,MTCAX,technology,2018
2018-06-25,-0.009263836487429958,MTCAX,technology,2018
2018-06-26,0.0034044844385594836,MTCAX,technology,2018
2018-06-27,-0.008182489231202706,MTCAX,technology,2018
2018-06-28,0.0044854906263601165,MTCAX,technology,2018
2018-06-29,-0.0016896389435315305,MTCAX,technology,2018
2018-07-02,0.0072335998191863145,MTCAX,technology,2018
2018-07-03,-0.0067271789156736735,MTCAX,technology,2018
2018-07-05,0.0012543106853734835,MTCAX,technology,2018
2018-07-06,0.0007340909477226831,MTCAX,technology,2018
2018-07-09,-0.003747064438331532,MTCAX,technology,2018
2018-07-10,-0.004437978872170728,MTCAX,technology,2018
2018-07-11,0.009380078023594337,MTCAX,technology,2018
2018-07-12,0.004928344311273028,MTCAX,technology,2018
2018-07-13,-0.002889092688807141,MTCAX,technology,2018
2018-07-16,-0.0020992053733045364,MTCAX,technology,2018
2018-07-17,0.0021426309617112215,MTCAX,technology,2018
2018-07-18,-0.0016666082541474862,MTCAX,technology,2018
2018-07-19,-0.0033127848471318708,MTCAX,technology,2018
2018-07-20,0.0024520336734846397,MTCAX,technology,2018
2018-07-23,0.0011021214404081485,MTCAX,technology,2018
2018-07-24,-0.005373670237956865,MTCAX,technology,2018
2018-07-25,0.005289546956663392,MTCAX,technology,2018
2018-07-26,-0.01742524796181085,MTCAX,technology,2018
2018-07-27,-0.010016809210243288,MTCAX,technology,2018
2018-07-30,-0.019355315779897842,MTCAX,technology,2018
2018-07-31,-0.0021525704045912055,MTCAX,technology,2018
2018-08-01,0.008039758509763793,MTCAX,technology,2018
2018-08-02,0.00451660921721828,MTCAX,technology,2018
2018-08-03,-0.00598807375507939,MTCAX,technology,2018
2018-08-06,0.003676262785572498,MTCAX,technology,2018
2018-08-07,0.0009028961954349584,MTCAX,technology,2018
2018-08-08,0.0026680728753792947,MTCAX,technology,2018
2018-08-09,0.002963475783671697,MTCAX,technology,2018
2018-08-10,0.0014401233392862152,MTCAX,technology,2018
2018-08-13,0.0010280616428456906,MTCAX,technology,2018
2018-08-14,-0.001635322486736335,MTCAX,technology,2018
2018-08-15,-0.005241229595055595,MTCAX,technology,2018
2018-08-16,-0.009441917504091762,MTCAX,technology,2018
2018-08-17,-0.006611547110220503,MTCAX,technology,2018
2018-08-20,-0.000993386707263971,MTCAX,technology,2018
2018-08-21,-0.001257583730000358,MTCAX,technology,2018
2018-08-22,0.006770619296251753,MTCAX,technology,2018
2018-08-23,0.00224937188204585,MTCAX,technology,2018
2018-08-24,0.007138290372663034,MTCAX,technology,2018
2018-08-27,-0.0023426670841324385,MTCAX,technology,2018
2018-08-28,-0.0005053679152646363,MTCAX,technology,2018
2018-08-29,0.002755178848923536,MTCAX,technology,2018
2018-08-30,-0.00022010020219021247,MTCAX,technology,2018
2018-08-31,-0.0005963741546111126,MTCAX,technology,2018
2018-09-04,0.0005317591109471581,MTCAX,technology,2018
2018-09-05,-0.017325486953380966,MTCAX,technology,2018
2018-09-06,-0.00010543347779336156,MTCAX,technology,2018
2018-09-07,0.0028005610149061068,MTCAX,technology,2018
2018-09-10,0.0017313537998801145,MTCAX,technology,2018
2018-09-11,0.005329348166290717,MTCAX,technology,2018
2018-09-12,0.0002445656733461608,MTCAX,technology,2018
2018-09-13,-0.001407411435011126,MTCAX,technology,2018
2018-09-14,-0.0012119880844530056,MTCAX,technology,2018
2018-09-17,-0.011887801534896703,MTCAX,technology,2018
2018-09-18,0.00018888077974312054,MTCAX,technology,2018
2018-09-19,-0.006132467524750697,MTCAX,technology,2018
2018-09-20,-0.00031845835205094805,MTCAX,technology,2018
2018-09-21,-0.0033790186865151088,MTCAX,technology,2018
2018-09-24,0.007647092492211139,MTCAX,technology,2018
2018-09-25,0.005486594606497661,MTCAX,technology,2018
2018-09-26,0.0023538169164151624,MTCAX,technology,2018
2018-09-27,0.0020795069050831214,MTCAX,technology,2018
2018-09-28,-0.002437511952133872,MTCAX,technology,2018
2018-10-01,-0.0053919865573631475,MTCAX,technology,2018
2018-10-02,-0.007067070902171066,MTCAX,technology,2018
2018-10-03,0.0009629381135924566,MTCAX,technology,2018
2018-10-04,-0.01319517932281185,MTCAX,technology,2018
2018-10-05,-0.002064753296789992,MTCAX,technology,2018
2018-10-08,-0.01652946204311668,MTCAX,technology,2018
2018-10-09,0.0010496704090617642,MTCAX,technology,2018
2018-10-10,-0.008721640061688636,MTCAX,technology,2018
2018-10-11,0.01951145691314979,MTCAX,technology,2018
2018-10-12,0.014520052464982381,MTCAX,technology,2018
2018-10-15,-0.00536152729580103,MTCAX,technology,2018
2018-10-16,0.007640488775216364,MTCAX,technology,2018
2018-10-17,-0.00032761265354765314,MTCAX,technology,2018
2018-10-18,-0.006239642806202393,MTCAX,technology,2018
2018-10-19,-0.007513367132391141,MTCAX,technology,2018
2018-10-22,0.012556910978945183,MTCAX,technology,2018
2018-10-23,0.00038680165012806075,MTCAX,technology,2018
2018-10-24,-0.01139335648321068,MTCAX,technology,2018
2018-10-25,0.012032228852607879,MTCAX,technology,2018
2018-10-26,-0.0031807646059262354,MTCAX,technology,2018
2018-10-29,-0.02408452020432916,MTCAX,technology,2018
2018-10-30,-0.008258983662803105,MTCAX,technology,2018
2018-10-31,0.01626633624688749,MTCAX,technology,2018
2018-11-01,-0.0016654688246957525,MTCAX,technology,2018
2018-11-02,-0.0016498130271106748,MTCAX,technology,2018
2018-11-05,-0.01423689533726721,MTCAX,technology,2018
2018-11-06,-0.003620689242303835,MTCAX,technology,2018
2018-11-07,0.002020139990354379,MTCAX,technology,2018
2018-11-08,-0.0033274443251306977,MTCAX,technology,2018
2018-11-09,-0.007791334893773812,MTCAX,technology,2018
2018-11-12,-0.006275002212247808,MTCAX,technology,2018
2018-11-13,0.001018062998567249,MTCAX,technology,2018
2018-11-14,0.0014523562754302942,MTCAX,technology,2018
2018-11-15,0.007203639266082567,MTCAX,technology,2018
2018-11-16,-0.0076431289430172,MTCAX,technology,2018
2018-11-19,-0.02579202181882226,MTCAX,technology,2018
2018-11-20,0.012787221396578124,MTCAX,technology,2018
2018-11-21,0.00924372307887454,MTCAX,technology,2018
2018-11-23,0.0012714300626133707,MTCAX,technology,2018
2018-11-26,0.006285961323382605,MTCAX,technology,2018
2018-11-27,-0.007435953340041964,MTCAX,technology,2018
2018-11-28,0.010147368588074097,MTCAX,technology,2018
2018-11-29,0.0004390859155940889,MTCAX,technology,2018
2018-11-30,-0.0005619002576709616,MTCAX,technology,2018
2018-12-03,0.0004951458766575476,MTCAX,technology,2018
2018-12-04,0.001970608975107861,MTCAX,technology,2018
2018-12-06,0.009440709157813709,MTCAX,technology,2018
2018-12-07,-0.0003241063080135706,MTCAX,technology,2018
2018-12-10,0.009177919454683952,MTCAX,technology,2018
2018-12-11,-0.0011601334296064511,MTCAX,technology,2018
2018-12-12,0.00486130304614619,MTCAX,technology,2018
2018-12-13,-0.002299233263229195,MTCAX,technology,2018
2018-12-14,0.0006464563741715168,MTCAX,technology,2018
2018-12-17,-0.003861767881523391,MTCAX,technology,2018
2018-12-18,0.012003054429275784,MTCAX,technology,2018
2018-12-19,0.0016890470150777923,MTCAX,technology,2018
2018-12-20,0.00022068221838859522,MTCAX,technology,2018
2018-12-21,-0.010423487494005755,MTCAX,technology,2018
2018-12-24,0.01577910567328882,MTCAX,technology,2018
2018-12-26,-0.0019248079684611313,MTCAX,technology,2018
2018-12-27,0.001688840504757821,MTCAX,technology,2018
2018-12-28,-0.0015322261258384022,MTCAX,technology,2018
2018-12-29,-0.0003343206130720768,MTCAX,technology,2018
2019-01-03,-0.00599421096593835,MTCAX,technology,2019
2019-01-04,0.006256446341485394,MTCAX,technology,2019
2019-01-07,0.0047524279303802035,MTCAX,technology,2019
2019-01-08,0.0013551253416352483,MTCAX,technology,2019
2019-01-09,0.003646908787530951,MTCAX,technology,2019
2019-01-10,0.0014532239082128955,MTCAX,technology,2019
2019-01-11,-0.004671626447977371,MTCAX,technology,2019
2019-01-14,-0.0006112838233646245,MTCAX,technology,2019
2019-01-15,0.0038129842523767603,MTCAX,technology,2019
2019-01-16,-0.00019343489596932535,MTCAX,technology,2019
2019-01-17,-0.0014035522562895605,MTCAX,technology,2019
2019-01-18,-0.0023232008592589115,MTCAX,technology,2019
2019-01-22,-0.001262365223393517,MTCAX,technology,2019
2019-01-23,-0.002456784488020335,MTCAX,technology,2019
2019-01-24,0.005771460845600069,MTCAX,technology,2019
2019-01-25,0.005080660255966429,MTCAX,technology,2019
2019-01-28,-0.0016125576567915176,MTCAX,technology,2019
2019-01-29,-0.009309695751728117,MTCAX,technology,2019
2019-01-30,0.006066840253499111,MTCAX,technology,2019
2019-01-31,0.004937483390343599,MTCAX,technology,2019
2019-02-01,-0.00025659675870724866,MTCAX,technology,2019
2019-02-04,0.004014624356455455,MTCAX,technology,2019
2019-02-05,0.003534903348554351,MTCAX,technology,2019
2019-02-06,-0.0043056346304847426,MTCAX,technology,2019
2019-02-07,0.0023290351733657455,MTCAX,technology,2019
2019-02-08,0.00692811334624681,MTCAX,technology,2019
2019-02-11,-0.0005987831675596396,MTCAX,technology,2019
2019-02-12,-0.0014386413618485538,MTCAX,technology,2019
2019-02-13,-0.0018755914569818831,MTCAX,technology,2019
2019-02-14,0.003243261080601393,MTCAX,technology,2019
2019-02-15,-0.010875321539205618,MTCAX,technology,2019
2019-02-19,-0.0005448607764835202,MTCAX,technology,2019
2019-02-20,-0.005064352438122923,MTCAX,technology,2019
2019-02-21,0.0036277666773805893,MTCAX,technology,2019
2019-02-22,0.001448432837856336,MTCAX,technology,2019
2019-02-25,0.0016001597563507144,MTCAX,technology,2019
2019-02-26,0.0026384277202062077,MTCAX,technology,2019
2019-02-27,0.0013189602828116624,MTCAX,technology,2019
2019-02-28,0.0035341111016672757,MTCAX,technology,2019
2019-03-01,0.0036824221887460087,MTCAX,technology,2019
2019-03-04,-0.00033148256690114335,MTCAX,technology,2019
2019-03-05,0.0007495979803333079,MTCAX,technology,2019
2019-03-06,0.0006340619495194344,MTCAX,technology,2019
2019-03-07,0.0016767764886983592,MTCAX,technology,2019
2019-03-08,-0.00045277789602926654,MTCAX,technology,2019
2019-03-11,0.001222682330839657,MTCAX,technology,2019
2019-03-12,-0.0006262197599232826,MTCAX,technology,2019
2019-03-13,-0.0014396958320968207,MTCAX,technology,2019
2019-03-14,-0.0005882925086536474,MTCAX,technology,2019
2019-03-15,-0.0025513213679377723,MTCAX,technology,2019
2019-03-18,-0.004309159432784128,MTCAX,technology,2019
2019-03-19,0.004297073282217475,MTCAX,technology,2019
2019-03-20,0.006315446415925784,MTCAX,technology,2019
2019-03-21,0.0034561138593981362,MTCAX,technology,2019
2019-03-22,-0.00016832473522277597,MTCAX,technology,2019
2019-03-25,2.595422839427237e-05,MTCAX,technology,2019
2019-03-26,-0.0029742285340613513,MTCAX,technology,2019
2019-03-27,-0.0042757133799085694,MTCAX,technology,2019
2019-03-28,-0.0006756683757409374,MTCAX,technology,2019
2019-03-29,0.0008047216960174923,MTCAX,technology,2019
2019-04-01,-0.0005300245726117918,MTCAX,technology,2019
2019-04-02,0.0027468287186186093,MTCAX,technology,2019
2019-04-03,0.0023578176145366016,MTCAX,technology,2019
2019-04-04,-0.007073206863988014,MTCAX,technology,2019
2019-04-05,-0.0025198199564851163,MTCAX,technology,2019
2019-04-08,-0.0006181985364907178,MTCAX,technology,2019
2019-04-09,0.0030159939870779075,MTCAX,technology,2019
2019-04-10,0.001997231004576953,MTCAX,technology,2019
2019-04-11,0.002023846057486221,MTCAX,technology,2019
2019-04-12,-0.0009481697707451418,MTCAX,technology,2019
2019-04-15,-0.0002838051676292626,MTCAX,technology,2019
2019-04-16,-0.0014091882727094113,MTCAX,technology,2019
2019-04-17,0.0014198951311730306,MTCAX,technology,2019
2019-04-18,-0.001618299306487932,MTCAX,technology,2019
2019-04-22,0.007990625872136215,MTCAX,technology,2019
2019-04-23,0.002189922811287678,MTCAX,technology,2019
2019-04-24,-0.0015199378866569769,MTCAX,technology,2019
2019-04-25,0.008265524035991527,MTCAX,technology,2019
2019-04-26,0.003410314651910183,MTCAX,technology,2019
2019-04-29,0.003507709410525503,MTCAX,technology,2019
2019-04-30,-0.005848226641452962,MTCAX,technology,2019
2019-05-01,0.0009319718734594092,MTCAX,technology,2019
2019-05-02,-0.0029207319232025563,MTCAX,technology,2019
2019-05-03,-4.055172472457527e-05,MTCAX,technology,2019
2019-05-06,0.0017021289811987935,MTCAX,technology,2019
2019-05-07,0.0017044614686543905,MTCAX,technology,2019
2019-05-08,0.0008386010364649839,MTCAX,technology,2019
2019-05-09,-0.0010584257638636442,MTCAX,technology,2019
2019-05-10,-0.001877237045385084,MTCAX,technology,2019
2019-05-13,-0.0037646188945678304,MTCAX,technology,2019
2019-05-14,0.0016548940761999982,MTCAX,technology,2019
2019-05-15,0.008845884580146852,MTCAX,technology,2019
2019-05-16,0.0031103251010696463,MTCAX,technology,2019
2019-05-17,-0.0020746208711456982,MTCAX,technology,2019
2019-05-20,-0.00291094827263203,MTCAX,technology,2019
2019-05-21,-0.0006533149518746229,MTCAX,technology,2019
2019-05-22,0.005610376004841415,MTCAX,technology,2019
2019-05-23,-0.0027491859517615024,MTCAX,technology,2019
2019-05-24,0.001978519127112382,MTCAX,technology,2019
2019-05-28,0.01431224704991303,MTCAX,technology,2019
2019-05-29,-0.001508983868161843,MTCAX,technology,2019
2019-05-30,0.002360079679817095,MTCAX,technology,2019
2019-05-31,0.003842682399378584,MTCAX,technology,2019
2019-06-03,-0.028986747730817948,MTCAX,technology,2019
2019-06-04,-0.0014348891123637832,MTCAX,technology,2019
2019-06-05,0.0023759019065438727,MTCAX,technology,2019
2019-06-06,-0.0019473332130594432,MTCAX,technology,2019
2019-06-07,0.004927857841479023,MTCAX,technology,2019
2019-06-10,0.0016033584100760565,MTCAX,technology,2019
2019-06-11,-0.0053029464268062295,MTCAX,technology,2019
2019-06-12,-0.0009880177396157557,MTCAX,technology,2019
2019-06-13,-0.0010261643448150532,MTCAX,technology,2019
2019-06-14,-0.0004168613037415943,MTCAX,technology,2019
2019-06-17,0.006001334612971517,MTCAX,technology,2019
2019-06-18,-0.005095570596908784,MTCAX,technology,2019
2019-06-19,0.004546762554316349,MTCAX,technology,2019
2019-06-20,-7.400055595120116e-05,MTCAX,technology,2019
2019-06-21,-0.001266817793226322,MTCAX,technology,2019
2019-06-24,-0.001995910671505597,MTCAX,technology,2019
2019-06-25,-0.005207737639150471,MTCAX,technology,2019
2019-06-26,0.001953950461877569,MTCAX,technology,2019
2019-06-27,0.0034761874444487785,MTCAX,technology,2019
2019-06-28,-0.0003103563265063952,MTCAX,technology,2019
2019-07-01,0.00048311418920555897,MTCAX,technology,2019
2019-07-02,0.002660728256501493,MTCAX,technology,2019
2019-07-03,-0.00344575457943524,MTCAX,technology,2019
2019-07-05,0.00013698042796382788,MTCAX,technology,2019
2019-07-08,0.0010326955307580444,MTCAX,technology,2019
2019-07-09,0.007346549017123333,MTCAX,technology,2019
2019-07-10,0.0027864796335669633,MTCAX,technology,2019
2019-07-11,-0.0008189811539556057,MTCAX,technology,2019
2019-07-12,-0.0008144005308519118,MTCAX,technology,2019
2019-07-15,0.0015990076365291015,MTCAX,technology,2019
2019-07-16,-0.0030957416809170284,MTCAX,technology,2019
2019-07-17,0.005920359037627311,MTCAX,technology,2019
2019-07-18,-0.001111030021508089,MTCAX,technology,2019
2019-07-19,-0.0026933186743028793,MTCAX,technology,2019
2019-07-22,0.0051466551809256035,MTCAX,technology,2019
2019-07-23,-0.0055471647355567755,MTCAX,technology,2019
2019-07-24,0.0001991282759039965,MTCAX,technology,2019
2019-07-25,0.0009245168257908977,MTCAX,technology,2019
2019-07-26,0.008303659961190724,MTCAX,technology,2019
2019-07-29,-0.0044930457881126405,MTCAX,technology,2019
2019-07-30,-0.0027101190419798445,MTCAX,technology,2019
2019-07-31,0.0013002850078286717,MTCAX,technology,2019
2019-08-01,0.004523765959986923,MTCAX,technology,2019
2019-08-02,-0.008488386833334319,MTCAX,technology,2019
2019-08-05,-0.00021245913748971917,MTCAX,technology,2019
2019-08-06,-0.003510277210764327,MTCAX,technology,2019
2019-08-07,0.010038956213066061,MTCAX,technology,2019
2019-08-08,-1.824377473052044e-05,MTCAX,technology,2019
2019-08-09,-0.010154697857349836,MTCAX,technology,2019
2019-08-12,-0.0006673511357371733,MTCAX,technology,2019
2019-08-13,-0.0023477471173240436,MTCAX,technology,2019
2019-08-14,0.006263461423752958,MTCAX,technology,2019
2019-08-15,0.0037934435312450042,MTCAX,technology,2019
2019-08-16,-0.005393048766357085,MTCAX,technology,2019
2019-08-19,-0.004081787304894877,MTCAX,technology,2019
2019-08-20,0.005970180070597493,MTCAX,technology,2019
2019-08-21,0.0003462370292834343,MTCAX,technology,2019
2019-08-22,-0.003335617337356247,MTCAX,technology,2019
2019-08-23,0.006780147146593248,MTCAX,technology,2019
2019-08-26,-0.0009385621427669116,MTCAX,technology,2019
2019-08-27,0.004584422036152523,MTCAX,technology,2019
2019-08-28,-0.010017073994389248,MTCAX,technology,2019
2019-08-29,-0.0004229481880762623,MTCAX,technology,2019
2019-08-30,-0.0020683343412160244,MTCAX,technology,2019
2019-09-03,-0.002926241834718726,MTCAX,technology,2019
2019-09-04,-0.0014448573441222991,MTCAX,technology,2019
2019-09-05,0.0019442869453881826,MTCAX,technology,2019
2019-09-06,-0.005467382425740837,MTCAX,technology,2019
2019-09-09,-0.010230665579979877,MTCAX,technology,2019
2019-09-10,-0.010991746965038114,MTCAX,technology,2019
2019-09-11,-0.0022185444363985772,MTCAX,technology,2019
2019-09-12,0.0017001186249679685,MTCAX,technology,2019
2019-09-13,-0.0017950929744668302,MTCAX,technology,2019
2019-09-16,0.0033560596372144815,MTCAX,technology,2019
2019-09-17,0.0008034817451117887,MTCAX,technology,2019
2019-09-18,-0.0013187205838473726,MTCAX,technology,2019
2019-09-19,0.003041545057565137,MTCAX,technology,2019
2019-09-20,-0.0019807119264297,MTCAX,technology,2019
2019-09-23,-0.0018801069554667052,MTCAX,technology,2019
2019-09-24,-0.004109321469562749,MTCAX,technology,2019
2019-09-25,0.0017796403151872165,MTCAX,technology,2019
2019-09-26,-0.00033815750235134103,MTCAX,technology,2019
2019-09-27,-0.0098966336663825,MTCAX,technology,2019
2019-09-30,0.00020481120528852148,MTCAX,technology,2019
2019-10-01,0.0050849857474842865,MTCAX,technology,2019
2019-10-02,0.0057482004517255235,MTCAX,technology,2019
2019-10-03,0.005148485079735201,MTCAX,technology,2019
2019-10-04,0.0003217123017993824,MTCAX,technology,2019
2019-10-07,0.002334649673185926,MTCAX,technology,2019
2019-10-08,0.0026766803416960645,MTCAX,technology,2019
2019-10-09,0.0003884531491563578,MTCAX,technology,2019
2019-10-10,-0.006499789976208561,MTCAX,technology,2019
2019-10-11,-0.0012751471608693603,MTCAX,technology,2019
2019-10-14,0.0020928410236765436,MTCAX,technology,2019
2019-10-15,0.0011858315177617606,MTCAX,technology,2019
2019-10-16,-0.0033296251421766655,MTCAX,technology,2019
2019-10-17,-0.003267870868793698,MTCAX,technology,2019
2019-10-18,-0.009850818838748806,MTCAX,technology,2019
2019-10-21,-0.00016948215971961458,MTCAX,technology,2019
2019-10-22,-0.01513593343378396,MTCAX,technology,2019
2019-10-23,0.00023216995641532753,MTCAX,technology,2019
2019-10-24,0.013890090986981284,MTCAX,technology,2019
2019-10-25,-0.0026227942051072458,MTCAX,technology,2019
2019-10-28,0.004502736696073719,MTCAX,technology,2019
2019-10-29,-0.004906802563822698,MTCAX,technology,2019
2019-10-30,0.0055298723245532505,MTCAX,technology,2019
2019-10-31,-3.401518156508727e-05,MTCAX,technology,2019
2019-11-01,-0.0017868687006522017,MTCAX,technology,2019
2019-11-04,-0.005883378856913468,MTCAX,technology,2019
2019-11-05,-0.0038826317152273215,MTCAX,technology,2019
2019-11-06,-0.006187538149184134,MTCAX,technology,2019
2019-11-07,0.001841348532434394,MTCAX,technology,2019
2019-11-08,0.0006369027753225756,MTCAX,technology,2019
2019-11-11,0.0028188334505778795,MTCAX,technology,2019
2019-11-12,0.0019383124955688795,MTCAX,technology,2019
2019-11-13,0.0014382343642212099,MTCAX,technology,2019
2019-11-14,0.003137851856625874,MTCAX,technology,2019
2019-11-15,6.067059514576478e-05,MTCAX,technology,2019
2019-11-18,0.0002617079538328272,MTCAX,technology,2019
2019-11-19,0.005391109878939465,MTCAX,technology,2019
2019-11-20,0.0032721597187496862,MTCAX,technology,2019
2019-11-21,-0.002508213717621998,MTCAX,technology,2019
2019-11-22,-0.0019669078971375677,MTCAX,technology,2019
2019-11-25,0.0004382822723288018,MTCAX,technology,2019
2019-11-26,0.0033294201481300087,MTCAX,technology,2019
2019-11-27,0.001072172913617389,MTCAX,technology,2019
2019-11-29,0.002435590210826873,MTCAX,technology,2019
2019-12-02,-0.004716751344369571,MTCAX,technology,2019
2019-12-03,0.006665859551140883,MTCAX,technology,2019
2019-12-04,-0.007383047451178638,MTCAX,technology,2019
2019-12-05,-0.00016148629454068694,MTCAX,technology,2019
2019-12-06,-0.0032195064812515486,MTCAX,technology,2019
2019-12-09,2.6662700387379383e-05,MTCAX,technology,2019
2019-12-10,-0.0022375757854589395,MTCAX,technology,2019
2019-12-11,0.000595885751573144,MTCAX,technology,2019
2019-12-12,-0.006620621996231273,MTCAX,technology,2019
2019-12-13,0.0056691111097206814,MTCAX,technology,2019
2019-12-16,0.0008705571463019507,MTCAX,technology,2019
2019-12-17,-0.0008375666804334203,MTCAX,technology,2019
2019-12-18,-0.00021967586021648746,MTCAX,technology,2019
2019-12-19,0.002209779643567217,MTCAX,technology,2019
2019-12-20,0.00010828062004624057,MTCAX,technology,2019
2019-12-23,-0.003260122729519327,MTCAX,technology,2019
2019-12-24,-0.00017986281123619983,MTCAX,technology,2019
2019-12-26,0.004057483140398042,MTCAX,technology,2019
2019-12-27,-5.0885458502938604e-05,MTCAX,technology,2019
2019-12-30,-0.002951658258111221,MTCAX,technology,2019
2020-01-06,0.004665543550420181,MTCAX,technology,2020
2020-01-07,0.003080324025582331,MTCAX,technology,2020
2020-01-08,0.001449815876801797,MTCAX,technology,2020
2020-01-09,0.002876712869655543,MTCAX,technology,2020
2020-01-10,0.0004715347629991361,MTCAX,technology,2020
2020-01-13,0.0026936129188394956,MTCAX,technology,2020
2020-01-14,-0.00546745257571421,MTCAX,technology,2020
2020-01-15,0.001820943976476923,MTCAX,technology,2020
2020-01-16,0.00020124085062300616,MTCAX,technology,2020
2020-01-17,0.002133746712822639,MTCAX,technology,2020
2020-01-21,0.0028042211219373786,MTCAX,technology,2020
2020-01-22,-0.0009939642754782558,MTCAX,technology,2020
2020-01-23,0.0004031069636532881,MTCAX,technology,2020
2020-01-24,0.00015968860245020328,MTCAX,technology,2020
2020-01-27,-0.0016109818873378898,MTCAX,technology,2020
2020-01-28,0.0026308904145127786,MTCAX,technology,2020
2020-01-29,0.0035272865817819765,MTCAX,technology,2020
2020-01-30,-0.003208203029086955,MTCAX,technology,2020
2020-01-31,0.003062774889443535,MTCAX,technology,2020
2020-02-03,0.005717069708523002,MTCAX,technology,2020
2020-02-04,0.0017882288568947715,MTCAX,technology,2020
2020-02-05,-0.01515440975960175,MTCAX,technology,2020
2020-02-06,0.003159163856318324,MTCAX,technology,2020
2020-02-07,0.0036767055853235303,MTCAX,technology,2020
2020-02-10,0.005020846470396587,MTCAX,technology,2020
2020-02-11,-0.005829344266735722,MTCAX,technology,2020
2020-02-12,-0.00012180890351982075,MTCAX,technology,2020
2020-02-13,0.004766284425887734,MTCAX,technology,2020
2020-02-14,0.0037017527621948515,MTCAX,technology,2020
2020-02-18,0.0019880534705560057,MTCAX,technology,2020
2020-02-19,0.0024976218255209157,MTCAX,technology,2020
2020-02-20,-0.004272237731799407,MTCAX,technology,2020
2020-02-21,-0.009949462772551152,MTCAX,technology,2020
2020-02-24,-0.005116767024859432,MTCAX,technology,2020
2020-02-25,-0.0007973890621700425,MTCAX,technology,2020
2020-02-26,0.005154558227000041,MTCAX,technology,2020
2020-02-27,0.004231402741052867,MTCAX,technology,2020
2020-02-28,0.01026059293844766,MTCAX,technology,2020
2020-03-02,-0.00533160018638984,MTCAX,technology,2020
2020-03-03,-0.005123091801021731,MTCAX,technology,2020
2020-03-04,-0.004899031693804838,MTCAX,technology,2020
2020-03-05,0.0027112548683196035,MTCAX,technology,2020
2020-03-06,-0.007915298833791507,MTCAX,technology,2020
2020-03-09,0.004956632778500877,MTCAX,technology,2020
2020-03-10,0.0027877007928121394,MTCAX,technology,2020
2020-03-11,0.0001337562366801881,MTCAX,technology,2020
2020-03-12,0.004875498247140619,MTCAX,technology,2020
2020-03-13,0.003563701639998862,MTCAX,technology,2020
2020-03-16,-0.0196728371500815,MTCAX,technology,2020
2020-03-17,0.003577252682919675,MTCAX,technology,2020
2020-03-18,0.007011945592359611,MTCAX,technology,2020
2020-03-19,0.021693057697757864,MTCAX,technology,2020
2020-03-20,0.007199284724048474,MTCAX,technology,2020
2020-03-23,0.0211372432482579,MTCAX,technology,2020
2020-03-24,-0.0052600114786188895,MTCAX,technology,2020
2020-03-25,-0.01605065903026448,MTCAX,technology,2020
2020-03-26,-0.004509541613148829,MTCAX,technology,2020
2020-03-27,-0.009859683288805158,MTCAX,technology,2020
2020-03-30,0.002633538398568641,MTCAX,technology,2020
2020-03-31,0.0004081846088337393,MTCAX,technology,2020
2020-04-01,0.00013167006854603036,MTCAX,technology,2020
2020-04-02,-0.01150816442821298,MTCAX,technology,2020
2020-04-03,-0.0038073883578705024,MTCAX,technology,2020
2020-04-06,0.007458663487462047,MTCAX,technology,2020
2020-04-07,-0.009508571684591391,MTCAX,technology,2020
2020-04-08,-0.0028936139343537053,MTCAX,technology,2020
2020-04-09,-0.012154650021996729,MTCAX,technology,2020
2020-04-13,0.01199423233170217,MTCAX,technology,2020
2020-04-14,0.00734800311302105,MTCAX,technology,2020
2020-04-15,0.007679902097466848,MTCAX,technology,2020
2020-04-16,0.008745776320116704,MTCAX,technology,2020
2020-04-17,-0.010259234267165986,MTCAX,technology,2020
2020-04-20,0.007594555788202962,MTCAX,technology,2020
2020-04-21,-0.005749452084052958,MTCAX,technology,2020
2020-04-22,0.0077430125250653875,MTCAX,technology,2020
2020-04-23,-0.0016723346119192533,MTCAX,technology,2020
2020-04-24,-0.0004890439090915501,MTCAX,technology,2020
2020-04-27,-0.006895920761250696,MTCAX,technology,2020
2020-04-28,-0.01251686448606303,MTCAX,technology,2020
2020-04-29,0.012566485299840224,MTCAX,technology,2020
2020-04-30,0.012241737313964569,MTCAX,technology,2020
2020-05-01,-0.0035800891181641883,MTCAX,technology,2020
2020-05-04,0.009399363469367168,MTCAX,technology,2020
2020-05-05,0.005496115427503136,MTCAX,technology,2020
2020-05-06,0.013909273594229495,MTCAX,technology,2020
2020-05-07,0.005893348737758285,MTCAX,technology,2020
2020-05-08,-0.009204406638914087,MTCAX,technology,2020
2020-05-11,0.006299865272386865,MTCAX,technology,2020
2020-05-12,0.0009339295061947597,MTCAX,technology,2020
2020-05-13,0.007118325032187865,MTCAX,technology,2020
2020-05-14,-0.005103966814678061,MTCAX,technology,2020
2020-05-15,0.00759983767347736,MTCAX,technology,2020
2020-05-18,-0.014720298377724888,MTCAX,technology,2020
2020-05-19,0.009616992529881204,MTCAX,technology,2020
2020-05-20,0.0017501917228845629,MTCAX,technology,2020
2020-05-21,-0.003835793630008996,MTCAX,technology,2020
2020-05-22,0.0011748330683104178,MTCAX,technology,2020
2020-05-26,-0.016629520139116467,MTCAX,technology,2020
2020-05-27,-0.018335207282437857,MTCAX,technology,2020
2020-05-28,0.004798203544178303,MTCAX,technology,2020
2020-05-29,0.009961524114025021,MTCAX,technology,2020
2020-06-01,0.00287105056982839,MTCAX,technology,2020
2020-06-02,-0.003172312805526022,MTCAX,technology,2020
2020-06-03,-0.012580697519632417,MTCAX,technology,2020
2020-06-04,-0.01228821187338462,MTCAX,technology,2020
2020-06-05,-0.008589207621970244,MTCAX,technology,2020
2020-06-08,-0.008025556880342503,MTCAX,technology,2020
2020-06-09,0.01360938799943618,MTCAX,technology,2020
2020-06-10,0.020103086825009133,MTCAX,technology,2020
2020-06-11,0.00919378552852089,MTCAX,technology,2020
2020-06-12,-0.0022742981663000095,MTCAX,technology,2020
2020-06-15,0.0011180447716489655,MTCAX,technology,2020
2020-06-16,-0.003497016192588076,MTCAX,technology,2020
2020-06-17,0.008113916491357084,MTCAX,technology,2020
2020-06-18,0.0037116477485514268,MTCAX,technology,2020
2020-06-19,0.001709410627903151,MTCAX,technology,2020
2020-06-22,0.009803510229731173,MTCAX,technology,2020
2020-06-23,0.0009932268838147625,MTCAX,technology,2020
2020-06-24,0.0015063517564492326,MTCAX,technology,2020
2020-06-25,-3.875609152953659e-05,MTCAX,technology,2020
2020-06-26,0.0008270479048913953,MTCAX,technology,2020
2020-06-29,-0.012646054413269542,MTCAX,technology,2020
2020-06-30,0.006346834885096363,MTCAX,technology,2020
2020-07-01,0.008851882485511931,MTCAX,technology,2020
2020-07-02,-0.0010202489409113164,MTCAX,technology,2020
2020-07-06,0.0051556261321172685,MTCAX,technology,2020
2020-07-07,0.002470302844171596,MTCAX,technology,2020
2020-07-08,0.010976467298224575,MTCAX,technology,2020
2020-07-09,0.013017903300607526,MTCAX,technology,2020
2020-07-10,-0.011575901493296532,MTCAX,technology,2020
2020-07-13,-0.022148280275268627,MTCAX,technology,2020
2020-07-14,-0.005832213198946313,MTCAX,technology,2020
2020-07-15,-0.00730065467037247,MTCAX,technology,2020
2020-07-16,-0.008123169418118047,MTCAX,technology,2020
2020-07-17,0.002294596498870682,MTCAX,technology,2020
2020-07-20,0.025876603230271404,MTCAX,technology,2020
2020-07-21,-0.011193789045052643,MTCAX,technology,2020
2020-07-22,-0.003646352838438981,MTCAX,technology,2020
2020-07-23,-0.010400985541461637,MTCAX,technology,2020
2020-07-24,-0.003501777573396682,MTCAX,technology,2020
2020-07-27,0.006772135358592377,MTCAX,technology,2020
2020-07-28,-0.004579479042092469,MTCAX,technology,2020
2020-07-29,0.005527552063432436,MTCAX,technology,2020
2020-07-30,0.0070060662749611945,MTCAX,technology,2020
2020-07-31,0.004598304456679929,MTCAX,technology,2020
2020-08-03,0.007863947078323417,MTCAX,technology,2020
2020-08-04,-0.0016268695987043799,MTCAX,technology,2020
2020-08-05,0.0003859806532496698,MTCAX,technology,2020
2020-08-06,0.003804461441814141,MTCAX,technology,2020
2020-08-07,-0.020669928254740854,MTCAX,technology,2020
2020-08-10,-0.016136547730974168,MTCAX,technology,2020
2020-08-11,-0.009958656963566357,MTCAX,technology,2020
2020-08-12,0.004883534389557983,MTCAX,technology,2020
2020-08-13,0.0072033230320063014,MTCAX,technology,2020
2020-08-14,-0.004552172584173474,MTCAX,technology,2020
2020-08-17,0.009032833152845112,MTCAX,technology,2020
2020-08-18,0.00656253656248059,MTCAX,technology,2020
2020-08-19,-0.001903800400436824,MTCAX,technology,2020
2020-08-20,0.008707234454829302,MTCAX,technology,2020
2020-08-21,-0.004298742266409526,MTCAX,technology,2020
2020-08-24,-0.004677210146436815,MTCAX,technology,2020
2020-08-25,0.006660894177567575,MTCAX,technology,2020
2020-08-26,0.017711142597270052,MTCAX,technology,2020
2020-08-27,-0.007926605135383017,MTCAX,technology,2020
2020-08-28,-0.00028040731386219913,MTCAX,technology,2020
2020-08-31,0.0027701390488909777,MTCAX,technology,2020
2020-09-01,0.009453068398203765,MTCAX,technology,2020
2020-09-02,-0.0034916049973647313,MTCAX,technology,2020
2020-09-03,-0.01924771958708739,MTCAX,technology,2020
2020-09-04,-0.016639674524781788,MTCAX,technology,2020
2020-09-08,-0.011646180997957507,MTCAX,technology,2020
2020-09-09,0.009577539628205903,MTCAX,technology,2020
2020-09-10,-0.0015520549193880386,MTCAX,technology,2020
2020-09-11,-0.012801972065401006,MTCAX,technology,2020
2020-09-14,0.0013374452520038358,MTCAX,technology,2020
2020-09-15,0.007626835981389131,MTCAX,technology,2020
2020-09-16,-0.010902615813776231,MTCAX,technology,2020
2020-09-17,-0.0024757442926585434,MTCAX,technology,2020
2020-09-18,0.001545196052285985,MTCAX,technology,2020
2020-09-21,0.014066755332347473,MTCAX,technology,2020
2020-09-22,0.010765404782076698,MTCAX,technology,2020
2020-09-23,-0.0057634673409951605,MTCAX,technology,2020
2020-09-24,0.00043336890136835404,MTCAX,technology,2020
2020-09-25,0.005554096005079008,MTCAX,technology,2020
2020-09-28,-0.0019273406588547135,MTCAX,technology,2020
2020-09-29,0.0038888466650049518,MTCAX,technology,2020
2020-09-30,-0.0021904850965359024,MTCAX,technology,2020
2020-10-01,0.008565540743769424,MTCAX,technology,2020
2020-10-02,-0.012669415436029098,MTCAX,technology,2020
2020-10-05,0.0008230736257812711,MTCAX,technology,2020
2020-10-06,-0.0021227943237448754,MTCAX,technology,2020
2020-10-07,-0.0018362908575358626,MTCAX,technology,2020
2020-10-08,-0.006563352656809921,MTCAX,technology,2020
2020-10-09,0.006523794352212706,MTCAX,technology,2020
2020-10-12,0.004673846498258041,MTCAX,technology,2020
2020-10-13,0.00801491085220599,MTCAX,technology,2020
2020-10-14,-0.006555028927971415,MTCAX,technology,2020
2020-10-15,-0.0064729440616163245,MTCAX,technology,2020
2020-10-16,-0.0007605353305681771,MTCAX,technology,2020
2020-10-19,-0.0005087846549904299,MTCAX,technology,2020
2020-10-20,-0.0003271509806260309,MTCAX,technology,2020
2020-10-21,0.0006343249925430032,MTCAX,technology,2020
2020-10-22,-0.01276152287375815,MTCAX,technology,2020
2020-10-23,0.0021692093174940797,MTCAX,technology,2020
2020-10-26,-0.001584353031234078,MTCAX,technology,2020
2020-10-27,0.01268756601643091,MTCAX,technology,2020
2020-10-28,-0.0037063959232311525,MTCAX,technology,2020
2020-10-29,0.0014748169242730317,MTCAX,technology,2020
2020-10-30,-0.018573573784338188,MTCAX,technology,2020
2020-11-02,-0.011020013801226363,MTCAX,technology,2020
2020-11-03,-0.0032271580475000724,MTCAX,technology,2020
2020-11-04,0.029021999896092773,MTCAX,technology,2020
2020-11-05,0.008298708578236471,MTCAX,technology,2020
2020-11-06,0.004209708019320376,MTCAX,technology,2020
2020-11-09,-0.03842461040293768,MTCAX,technology,2020
2020-11-10,-0.027107006392396216,MTCAX,technology,2020
2020-11-11,0.014158757433783455,MTCAX,technology,2020
2020-11-12,0.0042598258180666735,MTCAX,technology,2020
2020-11-13,-0.00732580546787045,MTCAX,technology,2020
2020-11-16,-0.012293414089597833,MTCAX,technology,2020
2020-11-17,0.0049326681802585055,MTCAX,technology,2020
2020-11-18,0.003414451758225589,MTCAX,technology,2020
2020-11-19,0.006350894063884861,MTCAX,technology,2020
2020-11-20,0.00448672437351019,MTCAX,technology,2020
2020-11-23,-0.00417503419447008,MTCAX,technology,2020
2020-11-24,-0.009141332978702989,MTCAX,technology,2020
2020-11-25,0.008295820789245586,MTCAX,technology,2020
2020-11-27,0.004369568851797878,MTCAX,technology,2020
2020-11-30,0.004905739653968523,MTCAX,technology,2020
2020-12-01,-0.004021314904061626,MTCAX,technology,2020
2020-12-02,-0.006206729815944039,MTCAX,technology,2020
2020-12-03,-1.250740241548194e-05,MTCAX,technology,2020
2020-12-04,-0.003172390452579209,MTCAX,technology,2020
2020-12-07,0.005291170958894576,MTCAX,technology,2020
2020-12-08,0.0005893400531950099,MTCAX,technology,2020
2020-12-09,-0.013190693266811033,MTCAX,technology,2020
2020-12-10,0.006628703704033146,MTCAX,technology,2020
2020-12-11,0.0016812646367031024,MTCAX,technology,2020
2020-12-14,0.007084181928359384,MTCAX,technology,2020
2020-12-15,-0.007286709928522297,MTCAX,technology,2020
2020-12-16,0.009683516582941646,MTCAX,technology,2020
2020-12-17,0.003800444800080756,MTCAX,technology,2020
2020-12-18,0.005734997061083632,MTCAX,technology,2020
2020-12-21,0.001958790885537209,MTCAX,technology,2020
2020-12-22,0.0051870528171959725,MTCAX,technology,2020
2020-12-23,-0.010888012281293574,MTCAX,technology,2020
2020-12-24,-0.0035528302985857593,MTCAX,technology,2020
2020-12-28,-0.009316978466291774,MTCAX,technology,2020
2020-12-29,0.0009626347428154399,MTCAX,technology,2020
2020-12-30,0.0006657530346764256,MTCAX,technology,2020
2021-01-05,0.0006189041235845367,MTCAX,technology,2021
2021-01-06,-0.025087870167427733,MTCAX,technology,2021
2021-01-07,0.004040096931267549,MTCAX,technology,2021
2021-01-08,0.0026978495118981354,MTCAX,technology,2021
2021-01-11,0.00020394602030817353,MTCAX,technology,2021
2021-01-12,-0.0014918769042026666,MTCAX,technology,2021
2021-01-13,0.001190861360696746,MTCAX,technology,2021
2021-01-14,-0.0009750441548151256,MTCAX,technology,2021
2021-01-15,0.004197678940516413,MTCAX,technology,2021
2021-01-19,0.006135314513097496,MTCAX,technology,2021
2021-01-20,0.004008214329500017,MTCAX,technology,2021
2021-01-21,0.0037563313476011635,MTCAX,technology,2021
2021-01-22,0.005063826301558785,MTCAX,technology,2021
2021-01-25,-0.00298884084493371,MTCAX,technology,2021
2021-01-26,-0.005461064667056674,MTCAX,technology,2021
2021-01-27,-0.003041696612669835,MTCAX,technology,2021
2021-01-28,0.009545109962612373,MTCAX,technology,2021
2021-01-29,0.009961010564202327,MTCAX,technology,2021
2021-02-01,0.008543587955477175,MTCAX,technology,2021
2021-02-02,0.004681844814162978,MTCAX,technology,2021
2021-02-03,-0.0026229721162196367,MTCAX,technology,2021
2021-02-04,-0.0006417395846395925,MTCAX,technology,2021
2021-02-05,0.001655614424160937,MTCAX,technology,2021
2021-02-08,-0.0029137150432018153,MTCAX,technology,2021
2021-02-09,0.003979280231437085,MTCAX,technology,2021
2021-02-10,0.004242052043003522,MTCAX,technology,2021
2021-02-11,0.007514799113944128,MTCAX,technology,2021
2021-02-12,0.002288273010367387,MTCAX,technology,2021
2021-02-16,0.0015194469337610043,MTCAX,technology,2021
2021-02-17,-0.006427935846948577,MTCAX,technology,2021
2021-02-18,0.004622237083983959,MTCAX,technology,2021
2021-02-19,0.00044141840640438005,MTCAX,technology,2021
2021-02-22,-0.016038565187021823,MTCAX,technology,2021
2021-02-23,-0.0037668895018673413,MTCAX,technology,2021
2021-02-24,-0.007456522022982454,MTCAX,technology,2021
2021-02-25,-0.007649299260043374,MTCAX,technology,2021
2021-02-26,0.014971128019860384,MTCAX,technology,2021
2021-03-01,-0.0036144909963708727,MTCAX,technology,2021
2021-03-02,-0.004528128478883179,MTCAX,technology,2021
2021-03-03,-0.010210488954842386,MTCAX,technology,2021
2021-03-04,-0.009144149937960026,MTCAX,technology,2021
2021-03-05,-0.01113544696462653,MTCAX,technology,2021
2021-03-08,-0.022360610883070092,MTCAX,technology,2021
2021-03-09,0.021598061792142634,MTCAX,technology,2021
2021-03-10,-0.010770086266640813,MTCAX,technology,2021
2021-03-11,0.016876843652303512,MTCAX,technology,2021
2021-03-12,-0.008996250313511893,MTCAX,technology,2021
2021-03-15,-0.001252524475076935,MTCAX,technology,2021
2021-03-16,0.004885333717792621,MTCAX,technology,2021
2021-03-17,-0.00331464183282197,MTCAX,technology,2021
2021-03-18,-0.01275837999394994,MTCAX,technology,2021
2021-03-19,0.0077703560281263545,MTCAX,technology,2021
2021-03-22,0.0019039980578103664,MTCAX,technology,2021
2021-03-23,0.004553840701956621,MTCAX,technology,2021
2021-03-24,-0.011395086037614518,MTCAX,technology,2021
2021-03-25,-0.010496154344683796,MTCAX,technology,2021
2021-03-26,-0.002897262407759539,MTCAX,technology,2021
2021-03-29,-0.0030355606463623045,MTCAX,technology,2021
2021-03-30,0.0015247035230446632,MTCAX,technology,2021
2021-03-31,0.012707829521882727,MTCAX,technology,2021
2021-04-01,0.013231078794738104,MTCAX,technology,2021
2021-04-05,-0.004174207893851329,MTCAX,technology,2021
2021-04-06,0.0029008080652600573,MTCAX,technology,2021
2021-04-07,0.0008600886193864122,MTCAX,technology,2021
2021-04-08,0.008262558811640189,MTCAX,technology,2021
2021-04-09,-0.002106623590382861,MTCAX,technology,2021
2021-04-12,-0.0018603089028769385,MTCAX,technology,2021
2021-04-13,0.0049091589486825755,MTCAX,technology,2021
2021-04-14,-0.004816466779623535,MTCAX,technology,2021
2021-04-15,0.0029286796421056933,MTCAX,technology,2021
2021-04-16,-0.007943489549187714,MTCAX,technology,2021
2021-04-19,-0.005941292795724326,MTCAX,technology,2021
2021-04-20,-0.0011672749421502877,MTCAX,technology,2021
2021-04-21,-0.0014441689160948085,MTCAX,technology,2021
2021-04-22,0.009063224728613239,MTCAX,technology,2021
2021-04-23,0.001595826040278473,MTCAX,technology,2021
2021-04-26,0.01004217458598002,MTCAX,technology,2021
2021-04-27,-0.0006263412934683151,MTCAX,technology,2021
2021-04-28,0.002304794000451304,MTCAX,technology,2021
2021-04-29,-0.011123517674233668,MTCAX,technology,2021
2021-04-30,-0.0035276252130223874,MTCAX,technology,2021
2021-05-03,-0.011748912534089391,MTCAX,technology,2021
2021-05-04,-0.011351013448481736,MTCAX,technology,2021
2021-05-05,-0.007652815607625931,MTCAX,technology,2021
2021-05-06,-0.011072463343775527,MTCAX,technology,2021
2021-05-07,-0.0029325384191455847,MTCAX,technology,2021
2021-05-10,-0.01475806353450775,MTCAX,technology,2021
2021-05-11,0.016535681405470293,MTCAX,technology,2021
2021-05-12,0.0007149366211989874,MTCAX,technology,2021
2021-05-13,-0.013991244410133994,MTCAX,technology,2021
2021-05-14,0.0055864054779865835,MTCAX,technology,2021
2021-05-17,-0.0007217264751848791,MTCAX,technology,2021
2021-05-18,0.009207063960834483,MTCAX,technology,2021
2021-05-19,0.009847377167922026,MTCAX,technology,2021
2021-05-20,0.007011687240475429,MTCAX,technology,2021
2021-05-21,-0.0029383718415945588,MTCAX,technology,2021
2021-05-24,0.005177506432329162,MTCAX,technology,2021
2021-05-25,0.006570946037417044,MTCAX,technology,2021
2021-05-26,0.0011001807174669388,MTCAX,technology,2021
2021-05-27,-0.0016875160895528383,MTCAX,technology,2021
2021-05-28,0.002393591586028137,MTCAX,technology,2021
2021-06-01,-0.0002493553459343807,MTCAX,technology,2021
2021-06-02,0.0007550814367059113,MTCAX,technology,2021
2021-06-03,-0.0063487223003214355,MTCAX,technology,2021
2021-06-04,0.003947356051598351,MTCAX,technology,2021
2021-06-07,0.005461407376660435,MTCAX,technology,2021
2021-06-08,0.002259120305131303,MTCAX,technology,2021
2021-06-09,0.0005844236257931891,MTCAX,technology,2021
2021-06-10,0.008355509982236137,MTCAX,technology,2021
2021-06-11,0.004650828372763636,MTCAX,technology,2021
2021-06-14,0.008860371694950523,MTCAX,technology,2021
2021-06-15,-0.00415534408700116,MTCAX,technology,2021
2021-06-16,0.004946966545106795,MTCAX,technology,2021
2021-06-17,0.01932662481126723,MTCAX,technology,2021
2021-06-18,0.014703141355172712,MTCAX,technology,2021
2021-06-21,-0.014075071228707724,MTCAX,technology,2021
2021-06-22,0.0021129611560197015,MTCAX,technology,2021
2021-06-23,0.003654013375994927,MTCAX,technology,2021
2021-06-24,-0.0004056594802414777,MTCAX,technology,2021
2021-06-25,-0.0042334735852156405,MTCAX,technology,2021
2021-06-28,0.005868360990470634,MTCAX,technology,2021
2021-06-29,0.0029601684476830755,MTCAX,technology,2021
2021-06-30,-0.005968576334068205,MTCAX,technology,2021
2021-07-01,-0.005362200938629387,MTCAX,technology,2021
2021-07-02,0.001756290556018298,MTCAX,technology,2021
2021-07-06,0.009083957563247588,MTCAX,technology,2021
2021-07-07,-0.006644561973993555,MTCAX,technology,2021
2021-07-08,0.0018711730270732571,MTCAX,technology,2021
2021-07-09,-0.004125034617680877,MTCAX,technology,2021
2021-07-12,-0.004404011550678505,MTCAX,technology,2021
2021-07-13,0.005881065185774559,MTCAX,technology,2021
2021-07-14,-0.00515180916759257,MTCAX,technology,2021
2021-07-15,-0.003396185704221338,MTCAX,technology,2021
2021-07-16,0.004504064942281411,MTCAX,technology,2021
2021-07-19,0.00870802290723937,MTCAX,technology,2021
2021-07-20,-0.0030420508690327495,MTCAX,technology,2021
2021-07-21,0.0015933207779392899,MTCAX,technology,2021
2021-07-22,0.00687490569816882,MTCAX,technology,2021
2021-07-23,-0.0006191408859817851,MTCAX,technology,2021
2021-07-26,-0.00490011506664465,MTCAX,technology,2021
2021-07-27,-0.007350360502853958,MTCAX,technology,2021
2021-07-28,0.011404059446251023,MTCAX,technology,2021
2021-07-29,-0.006097740324458933,MTCAX,technology,2021
2021-07-30,-0.004334291448381565,MTCAX,technology,2021
2021-08-02,-0.0010541849661281043,MTCAX,technology,2021
2021-08-03,-0.010623152787667206,MTCAX,technology,2021
2021-08-04,0.010508313096122658,MTCAX,technology,2021
2021-08-05,0.0030009800406393125,MTCAX,technology,2021
2021-08-06,-0.0038561346399759366,MTCAX,technology,2021
2021-08-09,-0.0005703383080803712,MTCAX,technology,2021
2021-08-10,-0.00849043509592139,MTCAX,technology,2021
2021-08-11,-0.0044498428721804605,MTCAX,technology,2021
2021-08-12,-0.001292585830671717,MTCAX,technology,2021
2021-08-13,0.0019199753441920312,MTCAX,technology,2021
2021-08-16,-0.006590648127688028,MTCAX,technology,2021
2021-08-17,0.0017196570956221555,MTCAX,technology,2021
2021-08-18,0.009591338411856165,MTCAX,technology,2021
2021-08-19,-0.00016865424976510168,MTCAX,technology,2021
2021-08-20,0.0009955346852745309,MTCAX,technology,2021
2021-08-23,0.007040140325578051,MTCAX,technology,2021
2021-08-24,0.005144500638975863,MTCAX,technology,2021
2021-08-25,0.000532301282426993,MTCAX,technology,2021
2021-08-26,0.0005080778835994827,MTCAX,technology,2021
2021-08-27,0.0028739136410513132,MTCAX,technology,2021
2021-08-30,0.0015644847293007878,MTCAX,technology,2021
2021-08-31,0.0021032695273709165,MTCAX,technology,2021
2021-09-01,0.004041941991174309,MTCAX,technology,2021
2021-09-02,-0.006744452190953917,MTCAX,technology,2021
2021-09-03,0.006394601743788219,MTCAX,technology,2021
2021-09-07,0.005558991761675254,MTCAX,technology,2021
2021-09-08,-0.0016619005863142662,MTCAX,technology,2021
2021-09-09,0.003200699254129791,MTCAX,technology,2021
2021-09-10,0.004558973769159181,MTCAX,technology,2021
2021-09-13,-0.00742927150586093,MTCAX,technology,2021
2021-09-14,0.007721953042030969,MTCAX,technology,2021
2021-09-15,-0.0007180353952713544,MTCAX,technology,2021
2021-09-16,0.00900610027759921,MTCAX,technology,2021
2021-09-17,0.003634102049722157,MTCAX,technology,2021
2021-09-20,0.0030577903786095616,MTCAX,technology,2021
2021-09-21,0.002862907261036428,MTCAX,technology,2021
2021-09-22,-0.0029982896448943266,MTCAX,technology,2021
2021-09-23,-0.00022284883435778197,MTCAX,technology,2021
2021-09-24,-0.0026061796001215173,MTCAX,technology,2021
2021-09-27,-0.0054842481278002,MTCAX,technology,2021
2021-09-28,-0.004899643178785253,MTCAX,technology,2021
2021-09-29,-0.005758053465480311,MTCAX,technology,2021
2021-09-30,0.016127195124961687,MTCAX,technology,2021
2021-10-01,-0.003930376011184513,MTCAX,technology,2021
2021-10-04,-0.01107825485515531,MTCAX,technology,2021
2021-10-05,-0.0007544430183532846,MTCAX,technology,2021
2021-10-06,0.004772058752817811,MTCAX,technology,2021
2021-10-07,0.0028556186248539957,MTCAX,technology,2021
2021-10-08,-0.00184925038308847,MTCAX,technology,2021
2021-10-11,-0.0012559452125362625,MTCAX,technology,2021
2021-10-12,0.0047686028006889,MTCAX,technology,2021
2021-10-13,0.007959338312322269,MTCAX,technology,2021
2021-10-14,-0.0039168081350032,MTCAX,technology,2021
2021-10-15,0.00021908806905895223,MTCAX,technology,2021
2021-10-18,0.00701185523768065,MTCAX,technology,2021
2021-10-19,-0.003547046239966661,MTCAX,technology,2021
2021-10-20,-0.010387605770174705,MTCAX,technology,2021
2021-10-21,0.004595255206845004,MTCAX,technology,2021
2021-10-22,-0.0071753909531434915,MTCAX,technology,2021
2021-10-25,-0.0015902482476150585,MTCAX,technology,2021
2021-10-26,-0.0006799348034068449,MTCAX,technology,2021
2021-10-27,0.0019385703674838928,MTCAX,technology,2021
2021-10-28,-0.0030582871680384614,MTCAX,technology,2021
2021-10-29,-0.0003423785893752096,MTCAX,technology,2021
2021-11-01,-0.0003269554556993401,MTCAX,technology,2021
2021-11-02,-0.006975230501746664,MTCAX,technology,2021
2021-11-03,-0.001966563724024123,MTCAX,technology,2021
2021-11-04,0.010600630579751632,MTCAX,technology,2021
2021-11-05,-0.002557122979797765,MTCAX,technology,2021
2021-11-08,0.0074969026679617785,MTCAX,technology,2021
2021-11-09,0.004176787941589922,MTCAX,technology,2021
2021-11-10,-0.008288003173392526,MTCAX,technology,2021
2021-11-11,0.0033533321758325227,MTCAX,technology,2021
2021-11-12,0.007224542754702266,MTCAX,technology,2021
2021-11-15,-0.0021020614303458884,MTCAX,technology,2021
2021-11-16,0.0011444648363468759,MTCAX,technology,2021
2021-11-17,-0.005278802981847246,MTCAX,technology,2021
2021-11-18,-0.00040201562230296906,MTCAX,technology,2021
2021-11-19,-3.3762304087638e-05,MTCAX,technology,2021
2021-11-22,-0.02209339288158447,MTCAX,technology,2021
2021-11-23,-0.006272275668258271,MTCAX,technology,2021
2021-11-24,0.006391876843060317,MTCAX,technology,2021
2021-11-26,0.008170598510779017,MTCAX,technology,2021
2021-11-29,0.004079546579555058,MTCAX,technology,2021
2021-11-30,0.004696426757258947,MTCAX,technology,2021
2021-12-01,-0.009785287951876062,MTCAX,technology,2021
2021-12-02,-0.004966597108085002,MTCAX,technology,2021
2021-12-03,-0.0101394869619601,MTCAX,technology,2021
2021-12-06,-0.004961333251163979,MTCAX,technology,2021
2021-12-07,0.012565182132192213,MTCAX,technology,2021
2021-12-08,0.0028199894118717227,MTCAX,technology,2021
2021-12-09,-0.008462166565396414,MTCAX,technology,2021
2021-12-10,-0.010256010389360488,MTCAX,technology,2021
2021-12-13,-2.3620633013986952e-05,MTCAX,technology,2021
2021-12-14,-0.006989345909154865,MTCAX,technology,2021
2021-12-15,0.0007870912071185968,MTCAX,technology,2021
2021-12-16,-0.013406196918970527,MTCAX,technology,2021
2021-12-17,0.01578207145023861,MTCAX,technology,2021
2021-12-20,0.0018994595473623473,MTCAX,technology,2021
2021-12-21,0.009975788598273194,MTCAX,technology,2021
2021-12-22,-0.00019305871609766496,MTCAX,technology,2021
2021-12-23,-3.6803166361304256e-05,MTCAX,technology,2021
2021-12-27,-0.005828179358860425,MTCAX,technology,2021
2021-12-28,-0.005011370865504225,MTCAX,technology,2021
2021-12-29,-0.0031835035429137047,MTCAX,technology,2021
2021-12-30,0.004627419795495611,MTCAX,technology,2021
2022-01-04,-0.015212289018538747,MTCAX,technology,2022
2022-01-05,-0.012132605654297041,MTCAX,technology,2022
2022-01-06,0.004467109737470852,MTCAX,technology,2022
2022-01-07,-0.005431602487806104,MTCAX,technology,2022
2022-01-10,5.632353031737383e-05,MTCAX,technology,2022
2022-01-11,0.006600498378592742,MTCAX,technology,2022
2022-01-12,-0.001144510615282233,MTCAX,technology,2022
2022-01-13,-0.009843526627159548,MTCAX,technology,2022
2022-01-14,0.005516093467608596,MTCAX,technology,2022
2022-01-18,-0.004702014749681377,MTCAX,technology,2022
2022-01-19,0.0065072313446026785,MTCAX,technology,2022
2022-01-20,0.0053270083153207325,MTCAX,technology,2022
2022-01-21,-0.0028717884122523123,MTCAX,technology,2022
2022-01-24,0.0031346855831020804,MTCAX,technology,2022
2022-01-25,-0.013823666062102571,MTCAX,technology,2022
2022-01-26,0.00720583266235391,MTCAX,technology,2022
2022-01-27,0.001998190415168119,MTCAX,technology,2022
2022-01-28,0.004945051580876152,MTCAX,technology,2022
2022-01-31,0.01071305702090869,MTCAX,technology,2022
2022-02-01,0.0006481271433998754,MTCAX,technology,2022
2022-02-02,-0.009140358539722317,MTCAX,technology,2022
2022-02-03,-0.011568017041220194,MTCAX,technology,2022
2022-02-04,0.016974419452217285,MTCAX,technology,2022
2022-02-07,-0.0013602488518171321,MTCAX,technology,2022
2022-02-08,-0.00029202485322794673,MTCAX,technology,2022
2022-02-09,0.006176601402731945,MTCAX,technology,2022
2022-02-10,0.005587849544922606,MTCAX,technology,2022
2022-02-11,-0.004704173936207329,MTCAX,technology,2022
2022-02-14,0.0065397925233702525,MTCAX,technology,2022
2022-02-15,-0.0003535281986808206,MTCAX,technology,2022
2022-02-16,-0.004024034360913287,MTCAX,technology,2022
2022-02-17,-0.005856356735797798,MTCAX,technology,2022
2022-02-18,-0.005411307791075286,MTCAX,technology,2022
2022-02-22,0.0058799522647607246,MTCAX,technology,2022
2022-02-23,-0.0022788594735069535,MTCAX,technology,2022
2022-02-24,0.017327298204006122,MTCAX,technology,2022
2022-02-25,-0.015182744798795257,MTCAX,technology,2022
2022-02-28,0.0015754965487938415,MTCAX,technology,2022
2022-03-01,-0.0010012111153555499,MTCAX,technology,2022
2022-03-02,-0.007487334465313567,MTCAX,technology,2022
2022-03-03,-0.015533756968105595,MTCAX,technology,2022
2022-03-04,0.01138064066045345,MTCAX,technology,2022
2022-03-07,-0.026183165609500056,MTCAX,technology,2022
2022-03-08,0.011443890148230716,MTCAX,technology,2022
2022-03-09,0.008164066041027263,MTCAX,technology,2022
2022-03-10,-0.00046934539728027674,MTCAX,technology,2022
2022-03-11,-0.0008062320766439382,MTCAX,technology,2022
2022-03-14,-0.005972516181849144,MTCAX,technology,2022
2022-03-15,0.002642508001412528,MTCAX,technology,2022
2022-03-16,0.015821480295426873,MTCAX,technology,2022
2022-03-17,-0.004968035908481444,MTCAX,technology,2022
2022-03-18,0.006269613242265559,MTCAX,technology,2022
2022-03-21,-0.0043775698237508796,MTCAX,technology,2022
2022-03-22,0.0018237084074582428,MTCAX,technology,2022
2022-03-23,-0.0021255552319310936,MTCAX,technology,2022
2022-03-24,-0.0009707945301041243,MTCAX,technology,2022
2022-03-25,-0.008891435098189914,MTCAX,technology,2022
2022-03-28,0.004371339593908369,MTCAX,technology,2022
2022-03-29,0.005531825984712843,MTCAX,technology,2022
2022-03-30,-0.0063537098856154516,MTCAX,technology,2022
2022-03-31,0.006244498827340385,MTCAX,technology,2022
2022-04-01,0.0009309033651823929,MTCAX,technology,2022
2022-04-04,0.00875290924070822,MTCAX,technology,2022
2022-04-05,-0.002021337712485298,MTCAX,technology,2022
2022-04-06,-0.01227330119149459,MTCAX,technology,2022
2022-04-07,-0.008100271324741483,MTCAX,technology,2022
2022-04-08,-0.01004577854792397,MTCAX,technology,2022
2022-04-11,0.003333262291789079,MTCAX,technology,2022
2022-04-12,-0.00273596699770841,MTCAX,technology,2022
2022-04-13,0.0049013417275298905,MTCAX,technology,2022
2022-04-14,-0.0016917353760769714,MTCAX,technology,2022
2022-04-18,-0.001355094139540552,MTCAX,technology,2022
2022-04-19,0.0020951177979074073,MTCAX,technology,2022
2022-04-20,-0.011448260976873811,MTCAX,technology,2022
2022-04-21,-0.004872566238667005,MTCAX,technology,2022
2022-04-22,0.008091511752938138,MTCAX,technology,2022
2022-04-25,0.009387025751106119,MTCAX,technology,2022
2022-04-26,0.001102084044388607,MTCAX,technology,2022
2022-04-27,0.004930351857875973,MTCAX,technology,2022
2022-04-28,0.004514449764286818,MTCAX,technology,2022
2022-04-29,0.00024427794642548073,MTCAX,technology,2022
2022-05-02,0.0017524081486109174,MTCAX,technology,2022
2022-05-03,-0.006559975060236946,MTCAX,technology,2022
2022-05-04,-0.009653239435282665,MTCAX,technology,2022
2022-05-05,-0.0005348435943130156,MTCAX,technology,2022
2022-05-06,-0.005853255234832246,MTCAX,technology,2022
2022-05-09,-0.0011452454304367726,MTCAX,technology,2022
2022-05-10,0.006663909716156059,MTCAX,technology,2022
2022-05-11,0.0015669445767004624,MTCAX,technology,2022
2022-05-12,0.0009607136487003887,MTCAX,technology,2022
2022-05-13,0.009024260944997,MTCAX,technology,2022
2022-05-16,-0.008432975573132603,MTCAX,technology,2022
2022-05-17,0.0007670555093672836,MTCAX,technology,2022
2022-05-18,0.013660494550155985,MTCAX,technology,2022
2022-05-19,0.012624720733250206,MTCAX,technology,2022
2022-05-20,0.002888886783288567,MTCAX,technology,2022
2022-05-23,-0.0068554718657469794,MTCAX,technology,2022
2022-05-24,-0.015161361703795749,MTCAX,technology,2022
2022-05-25,0.005022228900692318,MTCAX,technology,2022
2022-05-26,-0.0011990565678531365,MTCAX,technology,2022
2022-05-27,0.000918058970713391,MTCAX,technology,2022
2022-05-31,0.004045899111787202,MTCAX,technology,2022
2022-06-01,0.007900812802124513,MTCAX,technology,2022
2022-06-02,0.008799807525284406,MTCAX,technology,2022
2022-06-03,0.0009296148136567033,MTCAX,technology,2022
2022-06-06,0.0002662766974613688,MTCAX,technology,2022
2022-06-07,-0.0053811407243035125,MTCAX,technology,2022
2022-06-08,0.007464727915443298,MTCAX,technology,2022
2022-06-09,0.005438811125211912,MTCAX,technology,2022
2022-06-10,-0.0009403376122566892,MTCAX,technology,2022
2022-06-13,0.002818950795863355,MTCAX,technology,2022
2022-06-14,0.00419487496678252,MTCAX,technology,2022
2022-06-15,0.006372570915206072,MTCAX,technology,2022
2022-06-16,0.002624947150863456,MTCAX,technology,2022
2022-06-17,0.012018981052177911,MTCAX,technology,2022
2022-06-21,-0.009941422689912573,MTCAX,technology,2022
2022-06-22,0.002841394142731348,MTCAX,technology,2022
2022-06-23,0.004968330401246956,MTCAX,technology,2022
2022-06-24,-0.0010912099790887225,MTCAX,technology,2022
2022-06-27,-0.007852013045663526,MTCAX,technology,2022
2022-06-28,-0.005808531734100834,MTCAX,technology,2022
2022-06-29,0.002621293164698344,MTCAX,technology,2022
2022-06-30,-0.003920496412822544,MTCAX,technology,2022
2022-07-01,-0.006385462441324078,MTCAX,technology,2022
2022-07-05,0.015379714987952325,MTCAX,technology,2022
2022-07-06,0.0009896258812943969,MTCAX,technology,2022
2022-07-07,-0.0007316063487952003,MTCAX,technology,2022
2022-07-08,-0.0005732465186495017,MTCAX,technology,2022
2022-07-11,-0.0025306623907929773,MTCAX,technology,2022
2022-07-12,-0.006479805059374606,MTCAX,technology,2022
2022-07-13,0.003406489599672051,MTCAX,technology,2022
2022-07-14,0.0005530213054368797,MTCAX,technology,2022
2022-07-15,-0.004742071545076616,MTCAX,technology,2022
2022-07-18,0.0054574335263183685,MTCAX,technology,2022
2022-07-19,-0.00031826355454183525,MTCAX,technology,2022
2022-07-20,0.011544856756495891,MTCAX,technology,2022
2022-07-21,-0.0013208575142629048,MTCAX,technology,2022
2022-07-22,-0.006819780187088807,MTCAX,technology,2022
2022-07-25,-0.007634360103626995,MTCAX,technology,2022
2022-07-26,-0.006730687159920416,MTCAX,technology,2022
2022-07-27,0.007262613861647761,MTCAX,technology,2022
2022-07-28,-0.0011272214156065209,MTCAX,technology,2022
2022-07-29,0.0010865545580540995,MTCAX,technology,2022
2022-08-01,0.002369804513434097,MTCAX,technology,2022
2022-08-02,0.007157004663497786,MTCAX,technology,2022
2022-08-03,0.007224838180706482,MTCAX,technology,2022
2022-08-04,0.006857139855330009,MTCAX,technology,2022
2022-08-05,-0.00022054035070052805,MTCAX,technology,2022
2022-08-08,-0.0015146257460221012,MTCAX,technology,2022
2022-08-09,-0.0074482269940664,MTCAX,technology,2022
2022-08-10,0.00045872116543814456,MTCAX,technology,2022
2022-08-11,-0.005138885403206138,MTCAX,technology,2022
2022-08-12,-0.003906759865620807,MTCAX,technology,2022
2022-08-15,-0.0009289781386871226,MTCAX,technology,2022
2022-08-16,-0.002290297953554918,MTCAX,technology,2022
2022-08-17,-0.003710630929247765,MTCAX,technology,2022
2022-08-18,-6.192704899203117e-05,MTCAX,technology,2022
2022-08-19,-0.0028318068332178446,MTCAX,technology,2022
2022-08-22,0.0019086169096555854,MTCAX,technology,2022
2022-08-23,0.00021888979313816528,MTCAX,technology,2022
2022-08-24,-0.0017186164848960483,MTCAX,technology,2022
2022-08-25,-0.002121288674619977,MTCAX,technology,2022
2022-08-26,0.004573227333703002,MTCAX,technology,2022
2022-08-29,-0.0010140619088335554,MTCAX,technology,2022
2022-08-30,0.009044319083341228,MTCAX,technology,2022
2022-08-31,0.002875661514255251,MTCAX,technology,2022
2022-09-01,-0.006873726649903182,MTCAX,technology,2022
2022-09-02,0.004516185266356996,MTCAX,technology,2022
2022-09-06,2.7597390924910363e-05,MTCAX,technology,2022
2022-09-07,-0.0032302232861685133,MTCAX,technology,2022
2022-09-08,-0.002401447901541901,MTCAX,technology,2022
2022-09-09,0.0028723230870402114,MTCAX,technology,2022
2022-09-12,-0.003338764891891846,MTCAX,technology,2022
2022-09-13,0.009980375382717364,MTCAX,technology,2022
2022-09-14,-0.0002626132648373093,MTCAX,technology,2022
2022-09-15,-0.0066815012070753875,MTCAX,technology,2022
2022-09-16,-0.0022229918129873637,MTCAX,technology,2022
2022-09-19,-0.007990988358474262,MTCAX,technology,2022
2022-09-20,0.0011469665294385843,MTCAX,technology,2022
2022-09-21,0.006312674420041665,MTCAX,technology,2022
2022-09-22,-0.0015564963268458847,MTCAX,technology,2022
2022-09-23,0.008578301654094837,MTCAX,technology,2022
2022-09-26,0.005459834656576125,MTCAX,technology,2022
2022-09-27,0.0011848221438423142,MTCAX,technology,2022
2022-09-28,-0.002852113382614107,MTCAX,technology,2022
2022-09-29,0.009550851861769256,MTCAX,technology,2022
2022-09-30,0.007035420154944287,MTCAX,technology,2022
2022-10-03,-0.007857676638908836,MTCAX,technology,2022
2022-10-04,-0.0037724622370952227,MTCAX,technology,2022
2022-10-05,0.005100358845074274,MTCAX,technology,2022
2022-10-06,0.005897563140417889,MTCAX,technology,2022
2022-10-07,0.002299508174669694,MTCAX,technology,2022
2022-10-10,-0.006289427963253004,MTCAX,technology,2022
2022-10-11,-0.007579420650210297,MTCAX,technology,2022
2022-10-12,0.004530765243221531,MTCAX,technology,2022
2022-10-13,-0.015509267672258995,MTCAX,technology,2022
2022-10-14,0.0030760865748956853,MTCAX,technology,2022
2022-10-17,0.0006575714722631965,MTCAX,technology,2022
2022-10-18,-0.004057197132376785,MTCAX,technology,2022
2022-10-19,0.0007902299197532787,MTCAX,technology,2022
2022-10-20,0.011724004034136308,MTCAX,technology,2022
2022-10-21,-0.011307380720702892,MTCAX,technology,2022
2022-10-24,-0.006797232177973995,MTCAX,technology,2022
2022-10-25,0.001663519886706294,MTCAX,technology,2022
2022-10-26,-0.014136795183440057,MTCAX,technology,2022
2022-10-27,0.0037543024781245115,MTCAX,technology,2022
2022-10-28,-0.01128970150356064,MTCAX,technology,2022
2022-10-31,-0.0035594081131473092,MTCAX,technology,2022
2022-11-01,-0.00517989105724684,MTCAX,technology,2022
2022-11-02,-0.003167154154635962,MTCAX,technology,2022
2022-11-03,-0.0182270104477507,MTCAX,technology,2022
2022-11-04,-0.0026518879233272917,MTCAX,technology,2022
2022-11-07,0.0032212438437479573,MTCAX,technology,2022
2022-11-08,0.0016381620346875994,MTCAX,technology,2022
2022-11-09,0.0030615895254768807,MTCAX,technology,2022
2022-11-10,0.008405920127792954,MTCAX,technology,2022
2022-11-11,0.007275887277912365,MTCAX,technology,2022
2022-11-14,-0.0010029810936330787,MTCAX,technology,2022
2022-11-15,0.0056938942814089444,MTCAX,technology,2022
2022-11-16,-0.001668818283786169,MTCAX,technology,2022
2022-11-17,-0.00670486143719937,MTCAX,technology,2022
2022-11-18,-0.007850437069515659,MTCAX,technology,2022
2022-11-21,-0.00425510299697609,MTCAX,technology,2022
2022-11-22,-0.0007042276823713833,MTCAX,technology,2022
2022-11-23,0.0036347974906847623,MTCAX,technology,2022
2022-11-25,-0.001306091599319389,MTCAX,technology,2022
2022-11-28,0.008713231216516272,MTCAX,technology,2022
2022-11-29,-0.0019124899403695993,MTCAX,technology,2022
2022-11-30,0.005560374716840871,MTCAX,technology,2022
2022-12-01,0.003859757106061336,MTCAX,technology,2022
2022-12-02,-0.0026740740940780286,MTCAX,technology,2022
2022-12-05,0.003928169770270214,MTCAX,technology,2022
2022-12-06,-0.004345034966244041,MTCAX,technology,2022
2022-12-07,-0.0014703264836475934,MTCAX,technology,2022
2022-12-08,0.000192674939580929,MTCAX,technology,2022
2022-12-09,0.005387349655079353,MTCAX,technology,2022
2022-12-12,-0.0007935719334770316,MTCAX,technology,2022
2022-12-13,0.004127260207090904,MTCAX,technology,2022
2022-12-14,0.0028476936294285103,MTCAX,technology,2022
2022-12-15,0.00045060303767761184,MTCAX,technology,2022
2022-12-16,0.0068698127186239445,MTCAX,technology,2022
2022-12-19,-0.003903607117833125,MTCAX,technology,2022
2022-12-20,0.0026035094607798764,MTCAX,technology,2022
2022-12-21,-0.006012528021307318,MTCAX,technology,2022
2022-12-22,-0.0017734865517891364,MTCAX,technology,2022
2022-12-23,-0.0010123364676992161,MTCAX,technology,2022
2022-12-27,-0.0015904433698512785,MTCAX,technology,2022
2022-12-28,0.005508397827433292,MTCAX,technology,2022
2022-12-29,0.003836957633111808,MTCAX,technology,2022
2022-12-30,0.001763596774889832,MTCAX,technology,2022
2023-01-04,-0.007017509774772552,MTCAX,technology,2023
2023-01-05,-0.0066803181867937204,MTCAX,technology,2023
2023-01-06,-0.008477290451193678,MTCAX,technology,2023
2023-01-09,0.01653546411245223,MTCAX,technology,2023
2023-01-10,-0.0035833507353558195,MTCAX,technology,2023
2023-01-11,0.0025391730185955197,MTCAX,technology,2023
2023-01-12,0.002121269824562141,MTCAX,technology,2023
2023-01-13,3.967501911032387e-06,MTCAX,technology,2023
2023-01-17,0.0033221418081790756,MTCAX,technology,2023
2023-01-18,0.00929744735549555,MTCAX,technology,2023
2023-01-19,0.0017747263362359687,MTCAX,technology,2023
2023-01-20,0.00570813113292255,MTCAX,technology,2023
2023-01-23,-0.0006887559482100861,MTCAX,technology,2023
2023-01-24,-0.0049720303991756375,MTCAX,technology,2023
2023-01-25,-0.003452207451600924,MTCAX,technology,2023
2023-01-26,0.001725757484932108,MTCAX,technology,2023
2023-01-27,0.0042149697416246825,MTCAX,technology,2023
2023-01-30,-0.0015928740627664754,MTCAX,technology,2023
2023-01-31,-0.0033979892654842497,MTCAX,technology,2023
2023-02-01,0.007088101202849409,MTCAX,technology,2023
2023-02-02,0.014236512512105011,MTCAX,technology,2023
2023-02-03,-0.011786832256841379,MTCAX,technology,2023
2023-02-06,-0.004291070709168338,MTCAX,technology,2023
2023-02-07,0.004047084872608402,MTCAX,technology,2023
2023-02-08,-0.003964627201680299,MTCAX,technology,2023
2023-02-09,0.0035866671056216685,MTCAX,technology,2023
2023-02-10,-0.010371955839926023,MTCAX,technology,2023
2023-02-13,-0.004220800708957745,MTCAX,technology,2023
2023-02-14,0.0026442768412503707,MTCAX,technology,2023
2023-02-15,0.0020876208429469996,MTCAX,technology,2023
2023-02-16,-0.0033044876894665273,MTCAX,technology,2023
2023-02-17,-0.008245451741611162,MTCAX,technology,2023
2023-02-21,0.004846047701506814,MTCAX,technology,2023
2023-02-22,0.003937583650178385,MTCAX,technology,2023
2023-02-23,0.0006991269683641957,MTCAX,technology,2023
2023-02-24,-0.0035329174900421458,MTCAX,technology,2023
2023-02-27,-0.0009627060960362812,MTCAX,technology,2023
2023-02-28,0.0037291955960038845,MTCAX,technology,2023
2023-03-01,-0.0005157236682390327,MTCAX,technology,2023
2023-03-02,0.0018226898021933679,MTCAX,technology,2023
2023-03-03,-0.003091045132902249,MTCAX,technology,2023
2023-03-06,-0.0009419759544965023,MTCAX,technology,2023
2023-03-07,0.008634240904091003,MTCAX,technology,2023
2023-03-08,0.002455543773227452,MTCAX,technology,2023
2023-03-09,0.004638291975012022,MTCAX,technology,2023
2023-03-10,-0.0045627237534691355,MTCAX,technology,2023
2023-03-13,4.58745445413133e-05,MTCAX,technology,2023
2023-03-14,0.003111637052926549,MTCAX,technology,2023
2023-03-15,0.006283027835203431,MTCAX,technology,2023
2023-03-16,0.004425037100586726,MTCAX,technology,2023
2023-03-17,0.01234961385183728,MTCAX,technology,2023
2023-03-20,-0.014329996280960482,MTCAX,technology,2023
2023-03-21,0.0015430476203793717,MTCAX,technology,2023
2023-03-22,0.007491720091991897,MTCAX,technology,2023
2023-03-23,0.010320528977474742,MTCAX,technology,2023
2023-03-24,-0.010379352499093837,MTCAX,technology,2023
2023-03-27,-0.006706638185666141,MTCAX,technology,2023
2023-03-28,-0.001430733808323229,MTCAX,technology,2023
2023-03-29,-0.001164510064531405,MTCAX,technology,2023
2023-03-30,-0.0010586928628918742,MTCAX,technology,2023
2023-03-31,-0.0017365114155930353,MTCAX,technology,2023
2023-04-03,-0.007480239541526978,MTCAX,technology,2023
2023-04-04,0.005003703638943338,MTCAX,technology,2023
2023-04-05,-0.008369985342334282,MTCAX,technology,2023
2023-04-06,0.0020862396682599666,MTCAX,technology,2023
2023-04-10,-0.003686438033518748,MTCAX,technology,2023
2023-04-11,-0.007314459294983766,MTCAX,technology,2023
2023-04-12,-0.0006135291767566881,MTCAX,technology,2023
2023-04-13,0.0031007490239162647,MTCAX,technology,2023
2023-04-14,0.001925673545834051,MTCAX,technology,2023
2023-04-17,-0.002862735109068919,MTCAX,technology,2023
2023-04-18,-0.0006866060880083957,MTCAX,technology,2023
2023-04-19,-0.0019055106248223276,MTCAX,technology,2023
2023-04-20,0.0028402158818411735,MTCAX,technology,2023
2023-04-21,0.0012139588546163258,MTCAX,technology,2023
2023-04-24,-0.005747872582476028,MTCAX,technology,2023
2023-04-25,-0.004843187636662551,MTCAX,technology,2023
2023-04-26,0.014067151908875485,MTCAX,technology,2023
2023-04-27,-0.002635895750608741,MTCAX,technology,2023
2023-04-28,-0.0067317562888773485,MTCAX,technology,2023
2023-05-01,-0.0023987087228041328,MTCAX,technology,2023
2023-05-02,0.0025753423804482645,MTCAX,technology,2023
2023-05-03,0.0025567433528262675,MTCAX,technology,2023
2023-05-04,0.008344208117655339,MTCAX,technology,2023
2023-05-05,-0.006555382986529582,MTCAX,technology,2023
2023-05-08,0.004342978070502669,MTCAX,technology,2023
2023-05-09,0.0026248927336677847,MTCAX,technology,2023
2023-05-10,0.006129580271617388,MTCAX,technology,2023
2023-05-11,0.004614813314298824,MTCAX,technology,2023
2023-05-12,-0.002409753934931093,MTCAX,technology,2023
2023-05-15,0.0015156668350683813,MTCAX,technology,2023
2023-05-16,0.011169447393275111,MTCAX,technology,2023
2023-05-17,-0.001082129868526887,MTCAX,technology,2023
2023-05-18,0.0040971806372277365,MTCAX,technology,2023
2023-05-19,-0.001448268912971775,MTCAX,technology,2023
2023-05-22,0.0043235860989348516,MTCAX,technology,2023
2023-05-23,-0.003215128517777768,MTCAX,technology,2023
2023-05-24,0.003124632462096372,MTCAX,technology,2023
2023-05-25,0.013286849238427321,MTCAX,technology,2023
2023-05-26,0.009299031294759945,MTCAX,technology,2023
2023-05-30,-0.00018827618535149514,MTCAX,technology,2023
2023-05-31,-0.0035873962788237545,MTCAX,technology,2023
2023-06-01,-0.0005649407690069188,MTCAX,technology,2023
2023-06-02,-0.01040809080195091,MTCAX,technology,2023
2023-06-05,0.0019326651247687202,MTCAX,technology,2023
2023-06-06,0.0026346623857729833,MTCAX,technology,2023
2023-06-07,-0.021233848452037143,MTCAX,technology,2023
2023-06-08,-0.0007562049105469303,MTCAX,technology,2023
2023-06-09,0.0004930762158587604,MTCAX,technology,2023
2023-06-12,0.004404041040103808,MTCAX,technology,2023
2023-06-13,-0.0032923060602473983,MTCAX,technology,2023
2023-06-14,0.005243727471996274,MTCAX,technology,2023
2023-06-15,-0.0035763726769729044,MTCAX,technology,2023
2023-06-16,-0.004107066081709682,MTCAX,technology,2023
2023-06-20,0.0017285977674750558,MTCAX,technology,2023
2023-06-21,-0.007838534040306934,MTCAX,technology,2023
2023-06-22,0.0017716267377019422,MTCAX,technology,2023
2023-06-23,-0.0009514994416418669,MTCAX,technology,2023
2023-06-26,-0.009619600124138027,MTCAX,technology,2023
2023-06-27,0.003666455391159387,MTCAX,technology,2023
2023-06-28,0.0002498796735937905,MTCAX,technology,2023
2023-06-29,-0.006820904568713289,MTCAX,technology,2023
2023-06-30,-0.0008034739833179053,MTCAX,technology,2023
2023-07-03,-0.002814220673622777,MTCAX,technology,2023
2023-07-05,0.0015823356208597818,MTCAX,technology,2023
2023-07-06,0.0018901998548441412,MTCAX,technology,2023
2023-07-07,-0.0001234783383693562,MTCAX,technology,2023
2023-07-10,0.0002817738764277155,MTCAX,technology,2023
2023-07-11,-0.0024400685124421053,MTCAX,technology,2023
2023-07-12,0.0030115609819777994,MTCAX,technology,2023
2023-07-13,0.01070306097199002,MTCAX,technology,2023
2023-07-14,-0.0014792115830708926,MTCAX,technology,2023
2023-07-17,0.00571214181421804,MTCAX,technology,2023
2023-07-18,-0.0004532531780233988,MTCAX,technology,2023
2023-07-19,-0.007967842072606006,MTCAX,technology,2023
2023-07-20,-0.015765505919099584,MTCAX,technology,2023
2023-07-21,-0.0036717188473557845,MTCAX,technology,2023
2023-07-24,-0.0050922564931796584,MTCAX,technology,2023
2023-07-25,0.006187775693614039,MTCAX,technology,2023
2023-07-26,-0.0046224735757915,MTCAX,technology,2023
2023-07-27,0.005646832651134981,MTCAX,technology,2023
2023-07-28,0.0019690092165527764,MTCAX,technology,2023
2023-07-31,-0.0002759449229535146,MTCAX,technology,2023
2023-08-01,0.006997690077663279,MTCAX,technology,2023
2023-08-02,-0.011410345128141371,MTCAX,technology,2023
2023-08-03,-0.0011900195066731024,MTCAX,technology,2023
2023-08-04,0.004291850643193481,MTCAX,technology,2023
2023-08-07,0.0009516495861102148,MTCAX,technology,2023
2023-08-08,-0.0072884689243809244,MTCAX,technology,2023
2023-08-09,-0.007217265351411298,MTCAX,technology,2023
2023-08-10,0.0008216337136392094,MTCAX,technology,2023
2023-08-11,-0.008431280999761903,MTCAX,technology,2023
2023-08-14,0.01083872982769122,MTCAX,technology,2023
2023-08-15,0.005478867105919039,MTCAX,technology,2023
2023-08-16,0.0010622967141500992,MTCAX,technology,2023
2023-08-17,-0.000663934372372145,MTCAX,technology,2023
2023-08-18,-0.003605615634511377,MTCAX,technology,2023
2023-08-21,0.015109961784954282,MTCAX,technology,2023
2023-08-22,-5.414403664269268e-05,MTCAX,technology,2023
2023-08-23,0.004845503930678414,MTCAX,technology,2023
2023-08-24,-0.0022252179471225486,MTCAX,technology,2023
2023-08-25,-0.00517169859419282,MTCAX,technology,2023
2023-08-28,-0.0004782690369692661,MTCAX,technology,2023
2023-08-29,0.0015295460272012652,MTCAX,technology,2023
2023-08-30,0.00039759899415392746,MTCAX,technology,2023
2023-08-31,0.008308254287482681,MTCAX,technology,2023
2023-09-01,-0.003504246896150346,MTCAX,technology,2023
2023-09-05,0.008098167337828454,MTCAX,technology,2023
2023-09-06,0.00294186810235921,MTCAX,technology,2023
2023-09-07,-0.001010111874030402,MTCAX,technology,2023
2023-09-08,-0.0038202520848362636,MTCAX,technology,2023
2023-09-11,-0.002597557069853501,MTCAX,technology,2023
2023-09-12,-0.00982793600612307,MTCAX,technology,2023
2023-09-13,0.003054258000495607,MTCAX,technology,2023
2023-09-14,-0.003833505085070509,MTCAX,technology,2023
2023-09-15,-0.004732650387531177,MTCAX,technology,2023
2023-09-18,-0.00010305409568163253,MTCAX,technology,2023
2023-09-19,-2.831870161921048e-05,MTCAX,technology,2023
2023-09-20,-0.003693341842752282,MTCAX,technology,2023
2023-09-21,-0.000494915319154899,MTCAX,technology,2023
2023-09-22,0.005835653635008599,MTCAX,technology,2023
2023-09-25,-0.0018619665773609633,MTCAX,technology,2023
2023-09-26,0.00333981281955731,MTCAX,technology,2023
2023-09-27,0.0049306216148436634,MTCAX,technology,2023
2023-09-28,0.002255710248090039,MTCAX,technology,2023
2023-09-29,0.001981137984165135,MTCAX,technology,2023
2023-10-02,0.01012224948340414,MTCAX,technology,2023
2023-10-03,-0.0044060267020961386,MTCAX,technology,2023
2023-10-04,0.005697413288077227,MTCAX,technology,2023
2023-10-05,0.00116536673192279,MTCAX,technology,2023
2023-10-06,0.005388182131236381,MTCAX,technology,2023
2023-10-09,-0.005205513612431864,MTCAX,technology,2023
2023-10-10,-0.0034818202656985977,MTCAX,technology,2023
2023-10-11,0.00342051816232131,MTCAX,technology,2023
2023-10-12,0.005363717286304585,MTCAX,technology,2023
2023-10-13,-0.01087225543079344,MTCAX,technology,2023
2023-10-16,-0.0009875297925940225,MTCAX,technology,2023
2023-10-17,-0.004576589880838595,MTCAX,technology,2023
2023-10-18,-0.000672138794085373,MTCAX,technology,2023
2023-10-19,0.004174060874292954,MTCAX,technology,2023
2023-10-20,-0.0020234050447604946,MTCAX,technology,2023
2023-10-23,0.007221060565512374,MTCAX,technology,2023
2023-10-24,-0.002084976921503107,MTCAX,technology,2023
2023-10-25,-0.011746613633867496,MTCAX,technology,2023
2023-10-26,-0.004271387511358141,MTCAX,technology,2023
2023-10-27,0.010173501348496188,MTCAX,technology,2023
2023-10-30,-0.0011297861311873256,MTCAX,technology,2023
2023-10-31,0.0005449545468060226,MTCAX,technology,2023
2023-11-01,0.004304203043955171,MTCAX,technology,2023
2023-11-02,-0.007162894137943843,MTCAX,technology,2023
2023-11-03,0.0034400467593444384,MTCAX,technology,2023
2023-11-06,0.00022901737345124712,MTCAX,technology,2023
2023-11-07,0.005752048669296147,MTCAX,technology,2023
2023-11-08,0.006054978735057089,MTCAX,technology,2023
2023-11-09,0.005855344974922639,MTCAX,technology,2023
2023-11-10,0.003057527251430509,MTCAX,technology,2023
2023-11-13,-5.6837967889360576e-05,MTCAX,technology,2023
2023-11-14,-0.00498320744362564,MTCAX,technology,2023
2023-11-15,-0.005646968832461567,MTCAX,technology,2023
2023-11-16,0.003436064833917741,MTCAX,technology,2023
2023-11-17,-0.0015788777823435884,MTCAX,technology,2023
2023-11-20,0.0035208953329921022,MTCAX,technology,2023
2023-11-21,-0.003521055703381156,MTCAX,technology,2023
2023-11-22,0.0010598503018750972,MTCAX,technology,2023
2023-11-24,-0.0033114922968027144,MTCAX,technology,2023
2023-11-27,0.0019657848935885963,MTCAX,technology,2023
2023-11-28,-0.000535355343315743,MTCAX,technology,2023
2023-11-29,0.001097592259045788,MTCAX,technology,2023
2023-11-30,-0.00758184053977517,MTCAX,technology,2023
2023-12-01,-0.006324150325428106,MTCAX,technology,2023
2023-12-04,-0.008070645222731043,MTCAX,technology,2023
2023-12-05,0.0013738172392317547,MTCAX,technology,2023
2023-12-06,-0.004326109679988629,MTCAX,technology,2023
2023-12-07,0.005740996307595225,MTCAX,technology,2023
2023-12-08,0.0010372378367817644,MTCAX,technology,2023
2023-12-11,0.0033200695618623537,MTCAX,technology,2023
2023-12-12,0.003743020237495549,MTCAX,technology,2023
2023-12-13,-0.00918236268925753,MTCAX,technology,2023
2023-12-14,-0.009936525364550334,MTCAX,technology,2023
2023-12-15,0.009252672868086086,MTCAX,technology,2023
2023-12-18,0.0016019190790391618,MTCAX,technology,2023
2023-12-19,-0.005642609859920931,MTCAX,technology,2023
2023-12-20,0.0037913589619780873,MTCAX,technology,2023
2023-12-21,0.0029104419736771647,MTCAX,technology,2023
2023-12-22,-0.001575258959708868,MTCAX,technology,2023
2023-12-26,-0.000772845178203016,MTCAX,technology,2023
2023-12-27,-0.002090873304828187,MTCAX,technology,2023
2023-12-28,-0.00044365427916971125,MTCAX,technology,2023
2023-12-29,-0.0006256638745067008,MTCAX,technology,2023
2023-12-30,-0.0005307671820310843,MTCAX,technology,2023
2024-01-03,0.001318937125710247,MTCAX,technology,2024
2024-01-04,0.001167104006299533,MTCAX,technology,2024
2024-01-05,0.0011007090113379775,MTCAX,technology,2024
2024-01-08,0.005765171882503754,MTCAX,technology,2024
2024-01-09,0.008316479340086218,MTCAX,technology,2024
2024-01-10,0.003456579433120402,MTCAX,technology,2024
2024-01-11,0.008460628660353632,MTCAX,technology,2024
2024-01-12,0.003091308437318554,MTCAX,technology,2024
2024-01-16,0.009559872090833947,MTCAX,technology,2024
2024-01-17,0.004402423701407013,MTCAX,technology,2024
2024-01-18,0.002534775093561906,MTCAX,technology,2024
2024-01-19,0.004748219303177169,MTCAX,technology,2024
2024-01-22,-0.0016011685374160642,MTCAX,technology,2024
2024-01-23,-0.0008514204370461014,MTCAX,technology,2024
2024-01-24,0.008198422008188757,MTCAX,technology,2024
2024-01-25,-0.00457875099628227,MTCAX,technology,2024
2024-01-26,-0.004591614814860148,MTCAX,technology,2024
2024-01-29,0.0017867841189117151,MTCAX,technology,2024
2024-01-30,-0.0021436431779955183,MTCAX,technology,2024
2024-01-31,0.00029569506369866994,MTCAX,technology,2024
2024-02-01,-0.00808159522732834,MTCAX,technology,2024
2024-02-02,0.014437058513050844,MTCAX,technology,2024
2024-02-05,0.0054045923721879295,MTCAX,technology,2024
2024-02-06,-0.011706324054337396,MTCAX,technology,2024
2024-02-07,0.005755878123833599,MTCAX,technology,2024
2024-02-08,0.004817612709254706,MTCAX,technology,2024
2024-02-09,0.002590206504613045,MTCAX,technology,2024
2024-02-12,-0.007743363915371287,MTCAX,technology,2024
2024-02-13,0.0030586267218932553,MTCAX,technology,2024
2024-02-14,0.0018605031892056194,MTCAX,technology,2024
2024-02-15,-0.012584876149276565,MTCAX,technology,2024
2024-02-16,-0.0021055345323583354,MTCAX,technology,2024
2024-02-20,-0.0032938426800511594,MTCAX,technology,2024
2024-02-21,-0.014457383708626217,MTCAX,technology,2024
2024-02-22,0.011135342569647787,MTCAX,technology,2024
2024-02-23,-0.0032480256741594295,MTCAX,technology,2024
2024-02-26,0.004591021506890097,MTCAX,technology,2024
2024-02-27,-0.0023206462828988753,MTCAX,technology,2024
2024-02-28,-0.0034076557062767184,MTCAX,technology,2024
2024-02-29,0.007499718255396857,MTCAX,technology,2024
2024-03-01,0.005222328323704627,MTCAX,technology,2024
2024-03-04,0.0034697518108771364,MTCAX,technology,2024
2024-03-05,-0.004691461224079034,MTCAX,technology,2024
2024-03-06,0.0010247101605981978,MTCAX,technology,2024
2024-03-07,0.007049657962773388,MTCAX,technology,2024
2024-03-08,-0.011240471344060896,MTCAX,technology,2024
2024-03-11,-0.008184519375126058,MTCAX,technology,2024
2024-03-12,0.0066362065455447365,MTCAX,technology,2024
2024-03-13,-0.006483412617750714,MTCAX,technology,2024
2024-03-14,-0.00062202329894724,MTCAX,technology,2024
2024-03-15,-0.001660990594935666,MTCAX,technology,2024
2024-03-18,0.0012175280857853101,MTCAX,technology,2024
2024-03-19,-0.005146608326047249,MTCAX,technology,2024
2024-03-20,-0.0016460282912552013,MTCAX,technology,2024
2024-03-21,-0.00027432483859123925,MTCAX,technology,2024
2024-03-22,0.005200260038691543,MTCAX,technology,2024
2024-03-25,-0.0009909344858116372,MTCAX,technology,2024
2024-03-26,-0.0006128539749469327,MTCAX,technology,2024
2024-03-27,-0.01284040242565418,MTCAX,technology,2024
2024-03-28,-0.0015099189262029905,MTCAX,technology,2024
2024-04-01,0.008940897300997007,MTCAX,technology,2024
2024-04-02,0.002844568378980254,MTCAX,technology,2024
2024-04-03,0.0016327407019589573,MTCAX,technology,2024
2024-04-04,0.00254543706911824,MTCAX,technology,2024
2024-04-05,0.0010976883153636999,MTCAX,technology,2024
2024-04-08,-0.0023255588326230032,MTCAX,technology,2024
2024-04-09,0.00038247563716814676,MTCAX,technology,2024
2024-04-10,0.006280893339724763,MTCAX,technology,2024
2024-04-11,0.0055540878944631555,MTCAX,technology,2024
2024-04-12,0.002362266708392652,MTCAX,technology,2024
2024-04-15,-0.0006104015018181946,MTCAX,technology,2024
2024-04-16,0.006189635927509719,MTCAX,technology,2024
2024-04-17,-0.005134483186499285,MTCAX,technology,2024
2024-04-18,-0.002499956357363794,MTCAX,technology,2024
2024-04-19,-0.012501129068457326,MTCAX,technology,2024
2024-04-22,-0.003631432502646045,MTCAX,technology,2024
2024-04-23,-0.001147796597548885,MTCAX,technology,2024
2024-04-24,0.0009078794377702644,MTCAX,technology,2024
2024-04-25,-0.005716961362512671,MTCAX,technology,2024
2024-04-26,0.009909211724758204,MTCAX,technology,2024
2024-04-29,-0.009826490857402607,MTCAX,technology,2024
2024-04-30,0.0028835625338826387,MTCAX,technology,2024
2024-05-01,0.0006122435744559847,MTCAX,technology,2024
2024-05-02,-0.0011463023813318273,MTCAX,technology,2024
2024-05-03,0.002509489518367422,MTCAX,technology,2024
2024-05-06,0.0018339457795769343,MTCAX,technology,2024
2024-05-07,-0.0030088425648334,MTCAX,technology,2024
2024-05-08,-0.003138036635802243,MTCAX,technology,2024
2024-05-09,-0.009469443273431806,MTCAX,technology,2024
2024-05-10,0.002222246036903802,MTCAX,technology,2024
2024-05-13,-0.001527681739199633,MTCAX,technology,2024
2024-05-14,0.0003331528079724916,MTCAX,technology,2024
2024-05-15,0.003429439031347417,MTCAX,technology,2024
2024-05-16,-0.00040714123198753874,MTCAX,technology,2024
2024-05-17,-0.003326239091435221,MTCAX,technology,2024
2024-05-20,0.00882594034362443,MTCAX,technology,2024
2024-05-21,-0.004384434134662184,MTCAX,technology,2024
2024-05-22,0.005701665841323261,MTCAX,technology,2024
2024-05-23,0.009086951533215903,MTCAX,technology,2024
2024-05-24,-0.0017218195305514373,MTCAX,technology,2024
2024-05-28,0.0070974710928714555,MTCAX,technology,2024
2024-05-29,0.003420853806529519,MTCAX,technology,2024
2024-05-30,-0.016532258705916698,MTCAX,technology,2024
2024-05-31,-0.014410236201043822,MTCAX,technology,2024
2024-06-03,0.005004925995990869,MTCAX,technology,2024
2024-06-04,0.0004224834887569021,MTCAX,technology,2024
2024-06-05,0.008387961917424587,MTCAX,technology,2024
2024-06-06,-0.0017071954074360197,MTCAX,technology,2024
2024-06-07,0.0004382416187729296,MTCAX,technology,2024
2024-06-10,0.003563092617145022,MTCAX,technology,2024
2024-06-11,0.004063159149608863,MTCAX,technology,2024
2024-06-12,0.00625096935152873,MTCAX,technology,2024
2024-06-13,0.0015449041992955312,MTCAX,technology,2024
2024-06-14,0.005048753987022487,MTCAX,technology,2024
2024-06-17,-0.002269587269377895,MTCAX,technology,2024
2024-06-18,-0.0019167601841521896,MTCAX,technology,2024
2024-06-20,-0.0024525927573452897,MTCAX,technology,2024
2024-06-21,-0.0021788040499185783,MTCAX,technology,2024
2024-06-24,-0.010373521719835303,MTCAX,technology,2024
2024-06-25,0.010950194152898947,MTCAX,technology,2024
2024-06-26,-0.0022023863439947842,MTCAX,technology,2024
2024-06-27,0.003674696357165036,MTCAX,technology,2024
2024-06-28,0.0021022716195456008,MTCAX,technology,2024
2024-07-01,0.0021674062731339297,MTCAX,technology,2024
2024-07-02,-0.0019887058035998554,MTCAX,technology,2024
2024-07-03,0.0014094292365386335,MTCAX,technology,2024
2024-07-05,0.003353043554282554,MTCAX,technology,2024
2024-07-08,-0.001314654291396285,MTCAX,technology,2024
2024-07-09,-0.003234606125461359,MTCAX,technology,2024
2024-07-10,-0.005878308580555342,MTCAX,technology,2024
2024-07-11,-0.009483182036360813,MTCAX,technology,2024
2024-07-12,-0.005916146973345469,MTCAX,technology,2024
2024-07-15,-0.0019729098233676645,MTCAX,technology,2024
2024-07-16,-0.00876227177872506,MTCAX,technology,2024
2024-07-17,-0.02023508478826611,MTCAX,technology,2024
2024-07-18,0.00944721804928634,MTCAX,technology,2024
2024-07-19,0.0010424663851306155,MTCAX,technology,2024
2024-07-22,0.004840807129683093,MTCAX,technology,2024
2024-07-23,0.003172648011779053,MTCAX,technology,2024
2024-07-24,-0.008721459560057286,MTCAX,technology,2024
2024-07-25,-7.534205054417903e-06,MTCAX,technology,2024
2024-07-26,-0.003754521644885959,MTCAX,technology,2024
2024-07-29,-0.0034305457835834266,MTCAX,technology,2024
2024-07-30,-0.005939558522617438,MTCAX,technology,2024
2024-07-31,0.0061574775090399506,MTCAX,technology,2024
2024-08-01,-0.0021421304571943613,MTCAX,technology,2024
2024-08-02,-0.0028057506162190923,MTCAX,technology,2024
2024-08-05,0.017216665510339707,MTCAX,technology,2024
2024-08-06,-0.0011472959637215258,MTCAX,technology,2024
2024-08-07,0.002834145720267727,MTCAX,technology,2024
2024-08-08,-0.00011487797733147204,MTCAX,technology,2024
2024-08-09,0.0007920885675048572,MTCAX,technology,2024
2024-08-12,-0.00046862961895385294,MTCAX,technology,2024
2024-08-13,0.0001831511775726713,MTCAX,technology,2024
2024-08-14,-0.004338999344697406,MTCAX,technology,2024
2024-08-15,-0.0019908961568966613,MTCAX,technology,2024
2024-08-16,-0.004345524217258466,MTCAX,technology,2024
2024-08-19,-0.0036318998029898093,MTCAX,technology,2024
2024-08-20,-0.0007152524361001633,MTCAX,technology,2024
2024-08-21,0.0015064916891684831,MTCAX,technology,2024
2024-08-22,-0.005211631908587181,MTCAX,technology,2024
2024-08-23,-0.0064674073525883245,MTCAX,technology,2024
2024-08-26,-0.006481836720038747,MTCAX,technology,2024
2024-08-27,0.0011691718732228765,MTCAX,technology,2024
2024-08-28,-0.0020939222569357815,MTCAX,technology,2024
2024-08-29,-0.00012696966376028819,MTCAX,technology,2024
2024-08-30,-0.0014518241264603448,MTCAX,technology,2024
2024-09-03,-0.005719720956471261,MTCAX,technology,2024
2024-09-04,0.0013764613918485493,MTCAX,technology,2024
2024-09-05,0.0035683444774129093,MTCAX,technology,2024
2024-09-06,4.649993403312361e-05,MTCAX,technology,2024
2024-09-09,-0.004581478527119202,MTCAX,technology,2024
2024-09-10,0.004583519060474118,MTCAX,technology,2024
2024-09-11,0.008151150551069814,MTCAX,technology,2024
2024-09-12,-0.003277496115385149,MTCAX,technology,2024
2024-09-13,-0.0012785344308777194,MTCAX,technology,2024
2024-09-16,-0.001165138477721814,MTCAX,technology,2024
2024-09-17,-0.00107850953325746,MTCAX,technology,2024
2024-09-18,0.0003698527106862949,MTCAX,technology,2024
2024-09-19,0.005127790990128219,MTCAX,technology,2024
2024-09-20,0.0002437493372832245,MTCAX,technology,2024
2024-09-23,-0.003962029221332552,MTCAX,technology,2024
2024-09-24,-0.00013856010568435127,MTCAX,technology,2024
2024-09-25,0.004885762982030501,MTCAX,technology,2024
2024-09-26,0.004755065284139825,MTCAX,technology,2024
2024-09-27,-0.007127934747480765,MTCAX,technology,2024
2024-09-30,-0.0019204604436015528,MTCAX,technology,2024
2024-10-01,-0.0010700417842625601,MTCAX,technology,2024
2024-10-02,0.004970855891376218,MTCAX,technology,2024
2024-10-03,0.006572174636041834,MTCAX,technology,2024
2024-10-04,-0.00022628618934827406,MTCAX,technology,2024
2024-10-07,0.002727599811030674,MTCAX,technology,2024
2024-10-08,0.002469722237180309,MTCAX,technology,2024
2024-10-09,-0.0027772732511022096,MTCAX,technology,2024
2024-10-10,-0.0005284546316624604,MTCAX,technology,2024
2024-10-11,-0.0051894001302231815,MTCAX,technology,2024
2024-10-14,-0.0024208646251553997,MTCAX,technology,2024
2024-10-15,-0.007190239983134042,MTCAX,technology,2024
2024-10-16,-0.006783863342942127,MTCAX,technology,2024
2024-10-17,0.00046854714011986204,MTCAX,technology,2024
2024-10-18,-0.0027788915377375926,MTCAX,technology,2024
2024-10-21,0.004723611871235659,MTCAX,technology,2024
2024-10-22,0.001115267452084881,MTCAX,technology,2024
2024-10-23,-0.0005191531301761334,MTCAX,technology,2024
2024-10-24,0.0017561606632128359,MTCAX,technology,2024
2024-10-25,0.0054180488272004435,MTCAX,technology,2024
2024-10-28,-0.0035398400319233106,MTCAX,technology,2024
2024-10-29,0.012381657067849227,MTCAX,technology,2024
2024-10-30,-0.004488989898048733,MTCAX,technology,2024
2024-10-31,0.0014804846328804154,MTCAX,technology,2024
2024-11-01,0.00017675442090168622,MTCAX,technology,2024
2024-11-04,0.0013603716266540717,MTCAX,technology,2024
2024-11-05,-0.0035033375992746564,MTCAX,technology,2024
2024-11-06,-0.011009215386311604,MTCAX,technology,2024
2024-11-07,0.009019754153524979,MTCAX,technology,2024
2024-11-08,-0.008865598014576159,MTCAX,technology,2024
2024-11-11,-0.0015883511973064201,MTCAX,technology,2024
2024-11-12,0.011108846379216136,MTCAX,technology,2024
2024-11-13,-0.0038172049565426544,MTCAX,technology,2024
2024-11-14,0.0018263846452525895,MTCAX,technology,2024
2024-11-15,-0.003228175043433163,MTCAX,technology,2024
2024-11-18,-0.005094761064369745,MTCAX,technology,2024
2024-11-19,0.003404314250721867,MTCAX,technology,2024
2024-11-20,-0.00208802332335331,MTCAX,technology,2024
2024-11-21,-0.0018695411070797016,MTCAX,technology,2024
2024-11-22,-0.0045864727965927036,MTCAX,technology,2024
2024-11-25,-0.0034620340187772785,MTCAX,technology,2024
2024-11-26,-0.0014113520319494763,MTCAX,technology,2024
2024-11-27,-0.0057042230250782325,MTCAX,technology,2024
2024-11-29,-0.0016115814597242508,MTCAX,technology,2024
2024-12-02,0.007642896794537213,MTCAX,technology,2024
2024-12-03,0.005348131134170764,MTCAX,technology,2024
2024-12-04,0.013582222334217135,MTCAX,technology,2024
2024-12-05,-0.004442822299192754,MTCAX,technology,2024
2024-12-06,0.006881262588371683,MTCAX,technology,2024
2024-12-09,-0.0015187447811023623,MTCAX,technology,2024
2024-12-10,-0.0017018648495172794,MTCAX,technology,2024
2024-12-11,0.00826665344761186,MTCAX,technology,2024
2024-12-12,0.0019159893338146277,MTCAX,technology,2024
2024-12-13,0.003864284645685571,MTCAX,technology,2024
2024-12-16,0.005726964735016648,MTCAX,technology,2024
2024-12-17,-0.0024477931392377647,MTCAX,technology,2024
2024-12-18,0.010274324148456915,MTCAX,technology,2024
2024-12-19,0.0037043230667348544,MTCAX,technology,2024
2024-12-20,-0.008873984909142466,MTCAX,technology,2024
2024-12-23,0.0016793712359756685,MTCAX,technology,2024
2024-12-24,-0.006748442113189437,MTCAX,technology,2024
2024-12-26,-0.0011832457904022138,MTCAX,technology,2024
2024-12-27,0.0034636623859962586,MTCAX,technology,2024
2024-12-30,0.005919997219612347,MTCAX,technology,2024
2025-01-03,-0.0003305290491951475,MTCAX,technology,2025
2025-01-06,0.008516990984804736,MTCAX,technology,2025
2025-01-07,-0.004683890175833209,MTCAX,technology,2025
2025-01-08,-0.0014685477408281668,MTCAX,technology,2025
2025-01-10,0.002295415698419557,MTCAX,technology,2025
2025-01-13,-0.008695271006922007,MTCAX,technology,2025
2025-01-14,-0.000543935359525463,MTCAX,technology,2025
2025-01-15,-0.0028745444105097197,MTCAX,technology,2025
2025-01-16,-0.0017008114783228882,MTCAX,technology,2025
2025-01-17,-0.0006642764535735538,MTCAX,technology,2025
2025-01-21,0.0007850986675498502,MTCAX,technology,2025
2025-01-22,0.010698139046702661,MTCAX,technology,2025
2025-01-23,-0.00016880460123379609,MTCAX,technology,2025
2025-01-24,0.0011032216441905149,MTCAX,technology,2025
2025-01-27,-0.02102809020059429,MTCAX,technology,2025
2025-01-28,0.014646032159934888,MTCAX,technology,2025
2025-01-29,-0.0016555810961134641,MTCAX,technology,2025
2025-01-30,0.0010071392503783168,MTCAX,technology,2025
2025-01-31,0.009039626835381408,MTCAX,technology,2025
2025-02-03,0.0017933162093815881,MTCAX,technology,2025
2025-02-04,0.0018082563067735539,MTCAX,technology,2025
2025-02-05,0.0011617499383043736,MTCAX,technology,2025
2025-02-06,-0.00476453946904496,MTCAX,technology,2025
2025-02-07,0.001960492162971835,MTCAX,technology,2025
2025-02-10,0.0016484538618682185,MTCAX,technology,2025
2025-02-11,-0.003828952024258282,MTCAX,technology,2025
2025-02-12,-0.0003981250341127847,MTCAX,technology,2025
2025-02-13,-0.0027769884557335093,MTCAX,technology,2025
2025-02-14,-0.0003515968070389446,MTCAX,technology,2025
2025-02-18,-0.002705326158914345,MTCAX,technology,2025
2025-02-19,-0.005048915116977144,MTCAX,technology,2025
2025-02-20,-0.0038229594836011755,MTCAX,technology,2025
2025-02-21,-0.0049447919193881425,MTCAX,technology,2025
2025-02-24,-0.0054293750597925565,MTCAX,technology,2025
2025-02-25,-0.006966144024493946,MTCAX,technology,2025
2025-02-26,0.008072856043280114,MTCAX,technology,2025
2025-02-27,-0.0064147076721716954,MTCAX,technology,2025
2025-02-28,-0.005004487671674371,MTCAX,technology,2025
2025-03-03,-0.004312585687165464,MTCAX,technology,2025
2025-03-04,0.013328758211725406,MTCAX,technology,2025
2025-03-05,0.004491710633408835,MTCAX,technology,2025
2025-03-06,-0.010788133224098842,MTCAX,technology,2025
2025-03-07,-0.003035915237835327,MTCAX,technology,2025
2025-03-10,-0.009234314059074995,MTCAX,technology,2025
2025-03-11,0.009175328182704832,MTCAX,technology,2025
2025-03-12,0.009668375775064592,MTCAX,technology,2025
2025-03-13,-0.008832885879371456,MTCAX,technology,2025
2025-03-14,0.001468584068279686,MTCAX,technology,2025
2025-03-17,-0.003641556140690121,MTCAX,technology,2025
2025-03-18,-0.003947495031774542,MTCAX,technology,2025
2025-03-19,0.000466605392276883,MTCAX,technology,2025
2025-03-20,-0.00443857006241358,MTCAX,technology,2025
2025-03-21,0.0065208546435492785,MTCAX,technology,2025
2025-03-24,-3.762472330462799e-05,MTCAX,technology,2025
2025-03-25,0.002529744074425742,MTCAX,technology,2025
2025-03-26,-0.00814898774684816,MTCAX,technology,2025
2025-03-27,-0.008398866260057734,MTCAX,technology,2025
2025-03-28,-0.003165805208772573,MTCAX,technology,2025
2025-03-31,-0.009844737732199996,MTCAX,technology,2025
2025-04-01,0.007278901770025062,MTCAX,technology,2025
2025-04-02,0.0004281663901480456,MTCAX,technology,2025
2025-04-03,-0.005828671611038248,MTCAX,technology,2025
2025-04-04,0.016642891934693704,MTCAX,technology,2025
2025-04-07,0.007332283201209326,MTCAX,technology,2025
2025-04-08,0.003543873090415938,MTCAX,technology,2025
2025-04-09,-0.009544778874853277,MTCAX,technology,2025
2025-04-10,0.008810534097712555,MTCAX,technology,2025
2025-04-11,-0.006680529830264983,MTCAX,technology,2025
2025-04-14,-0.009278603571530326,MTCAX,technology,2025
2025-04-15,0.004085932734166278,MTCAX,technology,2025
2025-04-16,0.002992249737551512,MTCAX,technology,2025
2025-04-17,-0.008002345594170228,MTCAX,technology,2025
2025-04-21,0.0029807503941686915,MTCAX,technology,2025
2025-04-22,-0.0076189929553063356,MTCAX,technology,2025
2025-04-23,0.012020567560491763,MTCAX,technology,2025
2025-04-24,0.003934392804221861,MTCAX,technology,2025
2025-04-25,0.004649076318579699,MTCAX,technology,2025
2025-04-28,0.0006353157347239101,MTCAX,technology,2025
2025-04-29,-0.0011245010263922304,MTCAX,technology,2025
2025-04-30,-0.0017440677908677183,MTCAX,technology,2025
2025-05-01,0.008913287711005176,MTCAX,technology,2025
2025-05-02,0.00014747949642070213,MTCAX,technology,2025
2025-05-05,0.005454116055364343,MTCAX,technology,2025
2025-05-06,0.0013752551220266532,MTCAX,technology,2025
2025-05-07,-0.0011716594622527918,MTCAX,technology,2025
2025-05-08,0.002403434342880671,MTCAX,technology,2025
2025-05-09,-0.004129815384761531,MTCAX,technology,2025
2025-05-12,0.006174759493107494,MTCAX,technology,2025
2025-05-13,0.007837799465396703,MTCAX,technology,2025
2025-05-14,0.004533185407494052,MTCAX,technology,2025
2025-05-15,-0.008205440984610242,MTCAX,technology,2025
2025-05-16,-0.005920656084757459,MTCAX,technology,2025
2025-05-19,-0.0031346576403869127,MTCAX,technology,2025
2025-05-20,-2.453238349229246e-05,MTCAX,technology,2025
2025-05-21,0.008096097031304783,MTCAX,technology,2025
2025-05-22,0.004721368092815751,MTCAX,technology,2025
2025-05-23,-0.0009020440986584922,MTCAX,technology,2025
2025-05-27,-0.0019745619632787793,MTCAX,technology,2025
2025-05-28,0.0008812742784132686,MTCAX,technology,2025
2025-05-29,-0.005069737821181364,MTCAX,technology,2025
2025-05-30,0.003252423224117531,MTCAX,technology,2025
2025-06-02,0.0015596395333995023,MTCAX,technology,2025
2025-06-03,-0.0021947538801986464,MTCAX,technology,2025
2025-06-04,0.010301081301800845,MTCAX,technology,2025
2025-06-05,0.0036710387563398616,MTCAX,technology,2025
2025-06-06,-0.006350093171208708,MTCAX,technology,2025
2025-06-09,-0.0007665673205984064,MTCAX,technology,2025
2025-06-10,-0.003202772271988892,MTCAX,technology,2025
2025-06-11,0.0015312002364568297,MTCAX,technology,2025
2025-06-12,0.0005169486869177932,MTCAX,technology,2025
2025-06-13,0.000320368789904291,MTCAX,technology,2025
2025-06-16,0.003008536815125319,MTCAX,technology,2025
2025-06-17,0.004840071986232343,MTCAX,technology,2025
2025-06-18,0.0005497182191259893,MTCAX,technology,2025
2025-06-20,-0.008241460181196262,MTCAX,technology,2025
2025-06-23,-0.0008108694779700963,MTCAX,technology,2025
2025-06-24,0.004652533180942303,MTCAX,technology,2025
2025-06-25,0.002176379522798266,MTCAX,technology,2025
2025-06-26,0.0007730558025241911,MTCAX,technology,2025
2025-06-27,-0.0008883162840136304,MTCAX,technology,2025
2025-06-30,0.0014845192118962177,MTCAX,technology,2025
2025-07-01,-0.010447074775383598,MTCAX,technology,2025
2025-07-02,-3.9779157432469174e-05,MTCAX,technology,2025
2025-07-03,-0.009663248692973548,MTCAX,technology,2025
2025-07-07,0.017401675832257466,MTCAX,technology,2025
2025-07-08,-3.265326183923107e-05,MTCAX,technology,2025
2025-07-09,0.0005154175939492906,MTCAX,technology,2025
2025-07-10,-0.011544318197111613,MTCAX,technology,2025
2025-07-11,-0.004909911805120491,MTCAX,technology,2025
2025-07-14,0.002458874164654079,MTCAX,technology,2025
2025-07-15,0.00678235583810952,MTCAX,technology,2025
2025-07-16,-0.0004421743185228765,MTCAX,technology,2025
2025-07-17,0.00036624729280150276,MTCAX,technology,2025
2025-07-18,0.004466628298161855,MTCAX,technology,2025
2025-07-21,0.0022275224963628805,MTCAX,technology,2025
2025-07-22,-0.007379959550751388,MTCAX,technology,2025
2025-07-23,-0.0035985919385453933,MTCAX,technology,2025
2025-07-24,0.0023561247357687643,MTCAX,technology,2025
2025-07-25,-0.0013171241488185155,MTCAX,technology,2025
2025-07-28,0.004420208888635026,MTCAX,technology,2025
2025-07-29,0.0005100003394414242,MTCAX,technology,2025
2025-07-30,0.0026773398992521657,MTCAX,technology,2025
2025-07-31,0.00804433296826352,MTCAX,technology,2025
2025-08-01,-0.00439343950802961,MTCAX,technology,2025
2025-08-04,0.004632668496260695,MTCAX,technology,2025
2025-08-05,-0.0030402069356384688,MTCAX,technology,2025
2025-08-06,0.006948019543373905,MTCAX,technology,2025
2025-08-07,-0.005744625141236108,MTCAX,technology,2025
2025-08-08,-0.007010827757731892,MTCAX,technology,2025
2025-08-11,-0.00629270062763549,MTCAX,technology,2025
2025-08-12,-1.3515309247799645e-06,MTCAX,technology,2025
2025-08-13,-0.004678903402695908,MTCAX,technology,2025
2025-08-14,-0.004533299912194375,MTCAX,technology,2025
2025-08-15,-0.001208930306585987,MTCAX,technology,2025
2025-08-18,0.0003230457153840683,MTCAX,technology,2025
2025-08-19,-0.007591070092573343,MTCAX,technology,2025
2025-08-20,-0.002880967858314024,MTCAX,technology,2025
2025-08-21,0.001383577331511327,MTCAX,technology,2025
2025-08-22,-0.002835583463802891,MTCAX,technology,2025
2025-08-25,0.002827403585050164,MTCAX,technology,2025
2025-08-26,-0.003822577805381429,MTCAX,technology,2025
2025-08-27,0.002210934332091196,MTCAX,technology,2025
2025-08-28,0.008771341577788555,MTCAX,technology,2025
2025-08-29,-0.003976855080386961,MTCAX,technology,2025
2025-09-02,-0.0004913460514000458,MTCAX,technology,2025
2025-09-03,0.005773136366428022,MTCAX,technology,2025
2025-09-04,-0.003780184878732557,MTCAX,technology,2025
2025-09-05,0.014005405698645864,MTCAX,technology,2025
2025-09-08,0.0037949093456819466,MTCAX,technology,2025
2025-09-09,0.0014293115969403487,MTCAX,technology,2025
2025-09-10,0.0034732579517734773,MTCAX,technology,2025
2025-09-11,-0.005686347434971842,MTCAX,technology,2025
2025-09-12,-0.0018443482213288897,MTCAX,technology,2025
2025-09-15,0.007051110324763881,MTCAX,technology,2025
2025-09-16,-0.00022637947257547037,MTCAX,technology,2025
2025-09-17,-0.0025544040245371363,MTCAX,technology,2025
2025-09-18,0.006474169108743897,MTCAX,technology,2025
2025-09-19,0.002128624654778326,MTCAX,technology,2025
2025-09-22,0.0019165472356999355,MTCAX,technology,2025
2025-09-23,-0.004494887917408393,MTCAX,technology,2025
2025-09-24,-0.0017803025820279147,MTCAX,technology,2025
2025-09-25,-0.0010240763239695834,MTCAX,technology,2025
2025-09-26,-0.006969459263871344,MTCAX,technology,2025
2025-09-29,0.002149624924315391,MTCAX,technology,2025
2025-09-30,-0.0042274853866841305,MTCAX,technology,2025
2025-10-01,0.0032301150609654935,MTCAX,technology,2025
2025-10-02,0.0055747518779303545,MTCAX,technology,2025
2025-10-03,0.0009245102904207366,MTCAX,technology,2025
2025-10-06,0.0051543610141502666,MTCAX,technology,2025
2025-10-07,-0.008421379429704345,MTCAX,technology,2025
2025-10-08,0.009857015010143317,MTCAX,technology,2025
2025-10-09,0.0034095301833708654,MTCAX,technology,2025
2025-10-10,-0.005910469161170322,MTCAX,technology,2025
2025-10-13,0.006072741436841854,MTCAX,technology,2025
2025-10-14,-0.008592535933814777,MTCAX,technology,2025
2025-10-15,0.00764642707946429,MTCAX,technology,2025
2025-10-16,0.005903514416948809,MTCAX,technology,2025
2025-10-17,-0.005064632078437139,MTCAX,technology,2025
2025-10-20,0.002008166472510871,MTCAX,technology,2025
2025-10-21,-5.8565379594915186e-05,MTCAX,technology,2025
2025-10-22,-0.00025023490071193755,MTCAX,technology,2025
2025-10-23,0.00595178096627563,MTCAX,technology,2025
2025-10-24,0.0071230774190985825,MTCAX,technology,2025
2025-10-27,0.004336539107749237,MTCAX,technology,2025
2025-10-28,0.003416120964323445,MTCAX,technology,2025
2025-10-29,0.007157383784004975,MTCAX,technology,2025
2025-10-30,0.0021222336955330073,MTCAX,technology,2025
2025-10-31,-0.004836800979551202,MTCAX,technology,2025
2025-11-03,-0.001614652122962943,MTCAX,technology,2025
2025-11-04,-0.01120907051102756,MTCAX,technology,2025
2025-11-05,0.001199616271731918,MTCAX,technology,2025
2025-11-06,-0.000523971436041876,MTCAX,technology,2025
2025-11-07,-0.006000938942809762,MTCAX,technology,2025
2025-11-10,0.004810664177389224,MTCAX,technology,2025
2025-11-11,-0.008895561676907096,MTCAX,technology,2025
2025-11-12,-0.0009043549803202217,MTCAX,technology,2025
2025-11-13,-0.006304313837448047,MTCAX,technology,2025
2025-11-14,0.002087930216784105,MTCAX,technology,2025
2025-11-17,0.0008046449792105184,MTCAX,technology,2025
2025-11-18,-0.001318445859314444,MTCAX,technology,2025
2025-11-19,0.0068255632085125065,MTCAX,technology,2025
2025-11-20,-0.006355880136302242,MTCAX,technology,2025
2025-11-21,-0.007615096255503296,MTCAX,technology,2025
2025-11-24,0.014042156356546605,MTCAX,technology,2025
2025-11-25,-0.0035825153419848967,MTCAX,technology,2025
2025-11-26,-0.0014872349121785068,MTCAX,technology,2025
2025-11-28,-2.6581169012013933e-06,MTCAX,technology,2025
2025-12-01,-0.0036873144437178287,MTCAX,technology,2025
2025-12-02,0.0081321566675161,MTCAX,technology,2025
2025-12-03,0.001076705499151731,MTCAX,technology,2025
2025-12-04,-0.0007141321897043303,MTCAX,technology,2025
2025-12-05,0.0040974674134533545,MTCAX,technology,2025
2025-12-08,0.006400584304732794,MTCAX,technology,2025
2025-12-09,0.00439103932241605,MTCAX,technology,2025
2025-12-10,-0.0014951984292687296,MTCAX,technology,2025
2025-12-11,-0.011415212905629288,MTCAX,technology,2025
2025-12-12,-0.013628293130641159,MTCAX,technology,2025
2025-12-15,-0.008739975809519157,MTCAX,technology,2025
2025-12-16,0.005693987805849499,MTCAX,technology,2025
2025-12-17,-0.008021395468360237,MTCAX,technology,2025
2025-12-18,0.006741962037162338,MTCAX,technology,2025
2025-12-19,0.007220940132840749,MTCAX,technology,2025
2025-12-22,-0.002122086482615259,MTCAX,technology,2025
2025-12-23,0.0005654932253846053,MTCAX,technology,2025
2025-12-24,-0.003246732574067519,MTCAX,technology,2025
2025-12-26,0.002712982622576018,MTCAX,technology,2025
2025-12-29,0.00021944492984942408,MTCAX,technology,2025
2025-12-30,-0.0019354604159184496,MTCAX,technology,2025
2025-12-31,0.00020092638668129585,MTCAX,technology,2025
