Date,Residual,Fund,Sector,Year
1999-01-05,-0.0008223903254151194,ETHSX,healthcare,1999
1999-01-06,-0.009445225185793453,ETHSX,healthcare,1999
1999-01-07,-0.0017128605394391132,ETHSX,healthcare,1999
1999-01-08,-0.005058140799078988,ETHSX,healthcare,1999
1999-01-11,-0.004516707192285224,ETHSX,healthcare,1999
1999-01-12,-0.0020881676427265024,ETHSX,healthcare,1999
1999-01-13,0.0027267443514556885,ETHSX,healthcare,1999
1999-01-14,-0.0030635889954579547,ETHSX,healthcare,1999
1999-01-15,0.00491829688303091,ETHSX,healthcare,1999
1999-01-19,-0.00348981472319608,ETHSX,healthcare,1999
1999-01-20,-0.0076676347303042845,ETHSX,healthcare,1999
1999-01-21,-0.0008210459701703636,ETHSX,healthcare,1999
1999-01-22,0.0003252915857561748,ETHSX,healthcare,1999
1999-01-25,-0.006482123516956698,ETHSX,healthcare,1999
1999-01-26,0.010613144847070776,ETHSX,healthcare,1999
1999-01-27,0.007896539490679134,ETHSX,healthcare,1999
1999-01-28,-0.0023133668414485123,ETHSX,healthcare,1999
1999-01-29,0.003936120836903073,ETHSX,healthcare,1999
1999-02-01,-0.0001173368175373603,ETHSX,healthcare,1999
1999-02-02,-0.006208904707901485,ETHSX,healthcare,1999
1999-02-03,-0.0013037434744168734,ETHSX,healthcare,1999
1999-02-04,-0.0035619323637275727,ETHSX,healthcare,1999
1999-02-05,-0.001994559788919408,ETHSX,healthcare,1999
1999-02-08,-0.004120993214025969,ETHSX,healthcare,1999
1999-02-09,-0.007091045460543613,ETHSX,healthcare,1999
1999-02-10,-0.002245822496416831,ETHSX,healthcare,1999
1999-02-11,-0.002840652983390762,ETHSX,healthcare,1999
1999-02-12,0.001071275596920285,ETHSX,healthcare,1999
1999-02-16,0.0016436469303817217,ETHSX,healthcare,1999
1999-02-17,-0.010942805337165823,ETHSX,healthcare,1999
1999-02-18,-0.0035599978701372297,ETHSX,healthcare,1999
1999-02-19,-0.010729820399306866,ETHSX,healthcare,1999
1999-02-22,0.0014816039276757467,ETHSX,healthcare,1999
1999-02-23,0.012469956573555306,ETHSX,healthcare,1999
1999-02-24,-0.0013391227409770175,ETHSX,healthcare,1999
1999-02-25,-0.0037668690370075107,ETHSX,healthcare,1999
1999-02-26,0.004171923511448235,ETHSX,healthcare,1999
1999-03-01,-0.011126721584276087,ETHSX,healthcare,1999
1999-03-02,0.003596952946052439,ETHSX,healthcare,1999
1999-03-03,-0.01010675119362082,ETHSX,healthcare,1999
1999-03-04,0.002528874714810502,ETHSX,healthcare,1999
1999-03-05,0.0023125498974553623,ETHSX,healthcare,1999
1999-03-08,0.0030353310582183317,ETHSX,healthcare,1999
1999-03-09,-0.0037025838402818265,ETHSX,healthcare,1999
1999-03-10,0.0042546182728817345,ETHSX,healthcare,1999
1999-03-11,-0.0005119310869489014,ETHSX,healthcare,1999
1999-03-12,0.0028128219801963044,ETHSX,healthcare,1999
1999-03-15,-0.001514169161564007,ETHSX,healthcare,1999
1999-03-16,0.002257395717573713,ETHSX,healthcare,1999
1999-03-17,-0.010833337228528186,ETHSX,healthcare,1999
1999-03-18,-3.1115980106877564e-05,ETHSX,healthcare,1999
1999-03-19,0.01235286745542219,ETHSX,healthcare,1999
1999-03-22,-0.015124524542658248,ETHSX,healthcare,1999
1999-03-23,-0.011108688565935079,ETHSX,healthcare,1999
1999-03-24,-0.00912574013129738,ETHSX,healthcare,1999
1999-03-25,-0.0037503756321673664,ETHSX,healthcare,1999
1999-03-26,-0.004446644927796377,ETHSX,healthcare,1999
1999-03-29,-0.00545561294299714,ETHSX,healthcare,1999
1999-03-30,-0.0036521537294987843,ETHSX,healthcare,1999
1999-03-31,0.01328671213281361,ETHSX,healthcare,1999
1999-04-01,-0.00459651331164808,ETHSX,healthcare,1999
1999-04-05,-0.01632045989019989,ETHSX,healthcare,1999
1999-04-06,-0.006954276446901437,ETHSX,healthcare,1999
1999-04-07,-0.0024030093404277747,ETHSX,healthcare,1999
1999-04-08,0.0013985476191080278,ETHSX,healthcare,1999
1999-04-09,-0.0009408751048924754,ETHSX,healthcare,1999
1999-04-12,0.004794748135897929,ETHSX,healthcare,1999
1999-04-13,-0.004237262659300434,ETHSX,healthcare,1999
1999-04-14,0.003942770531713817,ETHSX,healthcare,1999
1999-04-15,-0.017218465375063056,ETHSX,healthcare,1999
1999-04-16,-0.00032117670153490076,ETHSX,healthcare,1999
1999-04-19,-0.023678299290788036,ETHSX,healthcare,1999
1999-04-20,0.0025172886945728943,ETHSX,healthcare,1999
1999-04-21,-0.0049579437070581996,ETHSX,healthcare,1999
1999-04-22,-0.0018275323297800026,ETHSX,healthcare,1999
1999-04-23,0.0029292083423272993,ETHSX,healthcare,1999
1999-04-26,-0.0012144323776283638,ETHSX,healthcare,1999
1999-04-27,0.019337955183718038,ETHSX,healthcare,1999
1999-04-28,-0.006890078042185678,ETHSX,healthcare,1999
1999-04-29,0.001719480647225216,ETHSX,healthcare,1999
1999-04-30,0.007589540738468197,ETHSX,healthcare,1999
1999-05-03,0.01112600022190541,ETHSX,healthcare,1999
1999-05-04,0.0014397428399540177,ETHSX,healthcare,1999
1999-05-05,-0.004195368021608455,ETHSX,healthcare,1999
1999-05-06,0.0028487327518951135,ETHSX,healthcare,1999
1999-05-07,-0.007685469307510583,ETHSX,healthcare,1999
1999-05-10,0.004108254800582579,ETHSX,healthcare,1999
1999-05-11,-0.0052833618882516965,ETHSX,healthcare,1999
1999-05-12,0.0050583282438520375,ETHSX,healthcare,1999
1999-05-13,2.9879023190847696e-05,ETHSX,healthcare,1999
1999-05-14,0.004875139578321945,ETHSX,healthcare,1999
1999-05-17,-0.00786194688655588,ETHSX,healthcare,1999
1999-05-18,0.005023098993523579,ETHSX,healthcare,1999
1999-05-19,0.000438104236952746,ETHSX,healthcare,1999
1999-05-20,0.010101350299807367,ETHSX,healthcare,1999
1999-05-21,-0.006500211099243854,ETHSX,healthcare,1999
1999-05-24,-0.010821658573533675,ETHSX,healthcare,1999
1999-05-25,0.0035130425508603028,ETHSX,healthcare,1999
1999-05-26,-0.008289216146047352,ETHSX,healthcare,1999
1999-05-27,-0.0018127366749464196,ETHSX,healthcare,1999
1999-05-28,0.0009805476384867236,ETHSX,healthcare,1999
1999-06-01,-0.00036416629760152434,ETHSX,healthcare,1999
1999-06-02,-6.36363540412135e-05,ETHSX,healthcare,1999
1999-06-03,0.0020218807853476495,ETHSX,healthcare,1999
1999-06-04,0.0009753674694752707,ETHSX,healthcare,1999
1999-06-07,0.0028252818321347385,ETHSX,healthcare,1999
1999-06-08,-0.0020839784846791156,ETHSX,healthcare,1999
1999-06-09,0.007071271181371405,ETHSX,healthcare,1999
1999-06-10,-0.0011486763946603022,ETHSX,healthcare,1999
1999-06-11,0.0033240376191106128,ETHSX,healthcare,1999
1999-06-14,-0.008747740108187761,ETHSX,healthcare,1999
1999-06-15,0.0007726559629043965,ETHSX,healthcare,1999
1999-06-16,-0.0016874890126721744,ETHSX,healthcare,1999
1999-06-17,0.004335668727795182,ETHSX,healthcare,1999
1999-06-18,-0.0008006109329360023,ETHSX,healthcare,1999
1999-06-21,-0.00017699097840714992,ETHSX,healthcare,1999
1999-06-22,0.0014295115094435185,ETHSX,healthcare,1999
1999-06-23,-0.006937558672110266,ETHSX,healthcare,1999
1999-06-24,0.001685666389758862,ETHSX,healthcare,1999
1999-06-25,0.0010201108959874555,ETHSX,healthcare,1999
1999-06-28,-0.0007710918191460589,ETHSX,healthcare,1999
1999-06-29,0.006778301400957259,ETHSX,healthcare,1999
1999-06-30,-0.0007880753314729316,ETHSX,healthcare,1999
1999-07-01,0.012892233056818015,ETHSX,healthcare,1999
1999-07-02,0.0036821008997672423,ETHSX,healthcare,1999
1999-07-06,-0.005994839346647935,ETHSX,healthcare,1999
1999-07-07,-0.00798340090526297,ETHSX,healthcare,1999
1999-07-08,-0.0012040766216394293,ETHSX,healthcare,1999
1999-07-09,0.0003835613655152211,ETHSX,healthcare,1999
1999-07-12,0.0067527570105461645,ETHSX,healthcare,1999
1999-07-13,0.009816440552891246,ETHSX,healthcare,1999
1999-07-14,0.004000435040983574,ETHSX,healthcare,1999
1999-07-15,0.016954318129278334,ETHSX,healthcare,1999
1999-07-16,-0.012629713124741312,ETHSX,healthcare,1999
1999-07-19,-0.0026650894176551256,ETHSX,healthcare,1999
1999-07-20,-0.00037872264579252163,ETHSX,healthcare,1999
1999-07-21,0.02139583269986356,ETHSX,healthcare,1999
1999-07-22,0.0017656183411120276,ETHSX,healthcare,1999
1999-07-23,-0.0021117578462592724,ETHSX,healthcare,1999
1999-07-26,0.0034606875250405484,ETHSX,healthcare,1999
1999-07-27,0.0036695314961795004,ETHSX,healthcare,1999
1999-07-28,-0.0023999525916088378,ETHSX,healthcare,1999
1999-07-29,-0.0012538971633169237,ETHSX,healthcare,1999
1999-07-30,0.03134925691058958,ETHSX,healthcare,1999
1999-08-02,0.0008465149066812195,ETHSX,healthcare,1999
1999-08-03,0.0010137514451462025,ETHSX,healthcare,1999
1999-08-04,0.007177426869672017,ETHSX,healthcare,1999
1999-08-05,-0.009828111710042997,ETHSX,healthcare,1999
1999-08-06,-0.012277709363291079,ETHSX,healthcare,1999
1999-08-09,0.001425182678753249,ETHSX,healthcare,1999
1999-08-10,-0.006766228155707639,ETHSX,healthcare,1999
1999-08-11,-0.0057204870257787244,ETHSX,healthcare,1999
1999-08-12,0.009966813793646733,ETHSX,healthcare,1999
1999-08-13,0.0037333328835812835,ETHSX,healthcare,1999
1999-08-16,0.0071901669560019725,ETHSX,healthcare,1999
1999-08-17,0.0015585714961103172,ETHSX,healthcare,1999
1999-08-18,0.011186437509877462,ETHSX,healthcare,1999
1999-08-19,0.009423135147024805,ETHSX,healthcare,1999
1999-08-20,0.016207313878870595,ETHSX,healthcare,1999
1999-08-23,0.00801633355373827,ETHSX,healthcare,1999
1999-08-24,0.003241877565838955,ETHSX,healthcare,1999
1999-08-25,-0.0048350890988969044,ETHSX,healthcare,1999
1999-08-26,-0.008470469554778435,ETHSX,healthcare,1999
1999-08-27,0.003171929977486325,ETHSX,healthcare,1999
1999-08-30,0.007424782750939549,ETHSX,healthcare,1999
1999-08-31,-0.0053291419224106235,ETHSX,healthcare,1999
1999-09-01,0.014181016714005693,ETHSX,healthcare,1999
1999-09-02,0.00515554023026485,ETHSX,healthcare,1999
1999-09-03,-0.002106568751724793,ETHSX,healthcare,1999
1999-09-07,0.004757428557379402,ETHSX,healthcare,1999
1999-09-08,0.0011505554799292623,ETHSX,healthcare,1999
1999-09-09,0.0026260845696607013,ETHSX,healthcare,1999
1999-09-10,-0.0054448939517484,ETHSX,healthcare,1999
1999-09-13,3.973707626016981e-05,ETHSX,healthcare,1999
1999-09-14,-0.003720013229029873,ETHSX,healthcare,1999
1999-09-15,-0.00968301668767406,ETHSX,healthcare,1999
1999-09-16,-0.015593054469627766,ETHSX,healthcare,1999
1999-09-17,0.02063817853403041,ETHSX,healthcare,1999
1999-09-20,-0.011156970661524528,ETHSX,healthcare,1999
1999-09-21,0.00333760045960469,ETHSX,healthcare,1999
1999-09-22,0.008401157838823132,ETHSX,healthcare,1999
1999-09-23,-0.00792991818709287,ETHSX,healthcare,1999
1999-09-24,-0.01117219633223796,ETHSX,healthcare,1999
1999-09-27,-0.0029803491751777176,ETHSX,healthcare,1999
1999-09-28,-0.0030997822889898374,ETHSX,healthcare,1999
1999-09-29,0.0013154138144587059,ETHSX,healthcare,1999
1999-09-30,0.004913222953120968,ETHSX,healthcare,1999
1999-10-01,-0.027012048851507577,ETHSX,healthcare,1999
1999-10-04,-0.010830746258724296,ETHSX,healthcare,1999
1999-10-05,-0.006097949741914398,ETHSX,healthcare,1999
1999-10-06,0.01419372491188672,ETHSX,healthcare,1999
1999-10-07,0.01054818167818532,ETHSX,healthcare,1999
1999-10-08,-0.006673921015778246,ETHSX,healthcare,1999
1999-10-11,0.006219241178604423,ETHSX,healthcare,1999
1999-10-12,0.0013460285171486234,ETHSX,healthcare,1999
1999-10-13,0.004270314668266306,ETHSX,healthcare,1999
1999-10-14,-0.0074987878113679275,ETHSX,healthcare,1999
1999-10-15,-0.001157282864873094,ETHSX,healthcare,1999
1999-10-18,-0.009649966884842437,ETHSX,healthcare,1999
1999-10-19,0.008363877031053943,ETHSX,healthcare,1999
1999-10-20,0.004636237803836362,ETHSX,healthcare,1999
1999-10-21,-0.0025651878592831264,ETHSX,healthcare,1999
1999-10-22,-0.0038983089035107324,ETHSX,healthcare,1999
1999-10-25,0.00686362295503967,ETHSX,healthcare,1999
1999-10-26,-0.005294852987712661,ETHSX,healthcare,1999
1999-10-27,0.0016243320680074357,ETHSX,healthcare,1999
1999-10-28,-0.012730266712238767,ETHSX,healthcare,1999
1999-10-29,-0.001365639772924988,ETHSX,healthcare,1999
1999-11-01,0.005578653681990572,ETHSX,healthcare,1999
1999-11-02,-0.00841417725038561,ETHSX,healthcare,1999
1999-11-03,0.012855664835247738,ETHSX,healthcare,1999
1999-11-04,0.016601661103723526,ETHSX,healthcare,1999
1999-11-05,-0.007324868451129919,ETHSX,healthcare,1999
1999-11-08,-0.0006766270045668077,ETHSX,healthcare,1999
1999-11-09,0.010489861798515163,ETHSX,healthcare,1999
1999-11-10,0.003688029078056638,ETHSX,healthcare,1999
1999-11-11,-0.00035274516922005877,ETHSX,healthcare,1999
1999-11-12,-0.006902542925641379,ETHSX,healthcare,1999
1999-11-15,-0.011116493142340282,ETHSX,healthcare,1999
1999-11-16,-0.0022143928784650164,ETHSX,healthcare,1999
1999-11-17,-0.004814874362360756,ETHSX,healthcare,1999
1999-11-18,-0.008666040055230532,ETHSX,healthcare,1999
1999-11-19,0.0024036850698478927,ETHSX,healthcare,1999
1999-11-22,0.01466521022151014,ETHSX,healthcare,1999
1999-11-23,0.0009281127858268654,ETHSX,healthcare,1999
1999-11-24,0.0009038698610110661,ETHSX,healthcare,1999
1999-11-26,-0.003737234358563146,ETHSX,healthcare,1999
1999-11-29,0.00479702021101278,ETHSX,healthcare,1999
1999-11-30,-0.000294654472025431,ETHSX,healthcare,1999
1999-12-01,0.001721727845633245,ETHSX,healthcare,1999
1999-12-02,0.01460009166402806,ETHSX,healthcare,1999
1999-12-03,-0.003561504101546849,ETHSX,healthcare,1999
1999-12-06,0.0013495325596332834,ETHSX,healthcare,1999
1999-12-07,0.00012998764490173816,ETHSX,healthcare,1999
1999-12-08,0.001910303385450427,ETHSX,healthcare,1999
1999-12-09,-0.020726813300958172,ETHSX,healthcare,1999
1999-12-10,0.007859444120483254,ETHSX,healthcare,1999
1999-12-13,0.00801196153064336,ETHSX,healthcare,1999
1999-12-14,-0.012361183849315945,ETHSX,healthcare,1999
1999-12-15,0.0019983297902487905,ETHSX,healthcare,1999
1999-12-16,0.0013446331437866987,ETHSX,healthcare,1999
1999-12-17,0.0003440339375591077,ETHSX,healthcare,1999
1999-12-20,-0.003590245005872243,ETHSX,healthcare,1999
1999-12-21,0.004589545237732326,ETHSX,healthcare,1999
1999-12-22,0.013401378145889735,ETHSX,healthcare,1999
1999-12-23,0.018611160802532542,ETHSX,healthcare,1999
1999-12-27,0.0040628706915025814,ETHSX,healthcare,1999
1999-12-28,0.009276310837360292,ETHSX,healthcare,1999
1999-12-29,-0.0043920838334828415,ETHSX,healthcare,1999
1999-12-30,0.003917116294285947,ETHSX,healthcare,1999
2000-01-05,0.0009519279612125514,ETHSX,healthcare,2000
2000-01-06,0.04428028245010703,ETHSX,healthcare,2000
2000-01-07,0.014530066451616828,ETHSX,healthcare,2000
2000-01-10,0.016969020508242234,ETHSX,healthcare,2000
2000-01-11,-0.010758731789490026,ETHSX,healthcare,2000
2000-01-12,-0.009841653758598383,ETHSX,healthcare,2000
2000-01-13,0.007379451611754316,ETHSX,healthcare,2000
2000-01-14,0.022850322382560333,ETHSX,healthcare,2000
2000-01-18,0.0020103556449213396,ETHSX,healthcare,2000
2000-01-19,-0.002491470880073926,ETHSX,healthcare,2000
2000-01-20,0.021632998449028384,ETHSX,healthcare,2000
2000-01-21,0.026870244705762745,ETHSX,healthcare,2000
2000-01-24,-0.0017817556928713986,ETHSX,healthcare,2000
2000-01-25,-0.032004428350691755,ETHSX,healthcare,2000
2000-01-26,0.018998702583701607,ETHSX,healthcare,2000
2000-01-27,-0.007733929961062618,ETHSX,healthcare,2000
2000-01-28,-0.009856144450943523,ETHSX,healthcare,2000
2000-01-31,-0.029521038467659536,ETHSX,healthcare,2000
2000-02-01,-0.0006417358127598603,ETHSX,healthcare,2000
2000-02-02,0.016856114357583954,ETHSX,healthcare,2000
2000-02-03,0.029966028301696073,ETHSX,healthcare,2000
2000-02-04,0.01310090190405774,ETHSX,healthcare,2000
2000-02-07,0.017712887763103088,ETHSX,healthcare,2000
2000-02-08,0.004269084676115812,ETHSX,healthcare,2000
2000-02-09,-0.0008658758481617131,ETHSX,healthcare,2000
2000-02-10,0.00115066441064146,ETHSX,healthcare,2000
2000-02-11,0.01100021847654368,ETHSX,healthcare,2000
2000-02-14,0.009087196759120153,ETHSX,healthcare,2000
2000-02-15,0.0177643423747799,ETHSX,healthcare,2000
2000-02-16,0.0481552806840427,ETHSX,healthcare,2000
2000-02-17,0.043455327450207956,ETHSX,healthcare,2000
2000-02-18,-0.001910969887026397,ETHSX,healthcare,2000
2000-02-22,-0.03006521068014126,ETHSX,healthcare,2000
2000-02-23,0.01152208136885077,ETHSX,healthcare,2000
2000-02-24,0.013314722809779168,ETHSX,healthcare,2000
2000-02-25,0.0009731511350606801,ETHSX,healthcare,2000
2000-02-28,-0.010957844340679259,ETHSX,healthcare,2000
2000-02-29,0.02278125625226978,ETHSX,healthcare,2000
2000-03-01,0.04986393503287223,ETHSX,healthcare,2000
2000-03-02,-0.020829673935387785,ETHSX,healthcare,2000
2000-03-03,-0.0010268758711100626,ETHSX,healthcare,2000
2000-03-06,0.006833846292115661,ETHSX,healthcare,2000
2000-03-07,-0.0013120911299502065,ETHSX,healthcare,2000
2000-03-08,0.0018510057160067979,ETHSX,healthcare,2000
2000-03-09,-0.017164734252066476,ETHSX,healthcare,2000
2000-03-10,-0.002862607352287866,ETHSX,healthcare,2000
2000-03-13,-0.036499171707832685,ETHSX,healthcare,2000
2000-03-14,-0.0313147542493412,ETHSX,healthcare,2000
2000-03-15,-0.025913836415189385,ETHSX,healthcare,2000
2000-03-16,-0.0028024879463430206,ETHSX,healthcare,2000
2000-03-17,0.0010367162300155388,ETHSX,healthcare,2000
2000-03-20,-0.012125499992452255,ETHSX,healthcare,2000
2000-03-21,-0.030667578421943793,ETHSX,healthcare,2000
2000-03-22,0.029471767747600977,ETHSX,healthcare,2000
2000-03-23,-0.011633563861311976,ETHSX,healthcare,2000
2000-03-24,-0.011092091795598023,ETHSX,healthcare,2000
2000-03-27,0.003964664198067204,ETHSX,healthcare,2000
2000-03-28,-0.013137141026546492,ETHSX,healthcare,2000
2000-03-29,-0.025290015112253875,ETHSX,healthcare,2000
2000-03-30,-0.024186960474952453,ETHSX,healthcare,2000
2000-03-31,0.034955162493290656,ETHSX,healthcare,2000
2000-04-03,-0.02031608424654297,ETHSX,healthcare,2000
2000-04-04,-0.0030597113809990393,ETHSX,healthcare,2000
2000-04-05,0.01930596468204849,ETHSX,healthcare,2000
2000-04-06,0.016392518771565737,ETHSX,healthcare,2000
2000-04-07,-0.004575643682863645,ETHSX,healthcare,2000
2000-04-10,-0.019575262049734848,ETHSX,healthcare,2000
2000-04-11,-0.018013537519522005,ETHSX,healthcare,2000
2000-04-12,0.0020812148057767384,ETHSX,healthcare,2000
2000-04-13,-5.356607599944427e-05,ETHSX,healthcare,2000
2000-04-14,-0.012931694769000183,ETHSX,healthcare,2000
2000-04-17,-0.030316651235644962,ETHSX,healthcare,2000
2000-04-18,0.02539510519992252,ETHSX,healthcare,2000
2000-04-19,0.022233361667353423,ETHSX,healthcare,2000
2000-04-20,-0.009935867680997,ETHSX,healthcare,2000
2000-04-24,-0.0014551841299429878,ETHSX,healthcare,2000
2000-04-25,-0.011311320645386754,ETHSX,healthcare,2000
2000-04-26,-0.01598173673303508,ETHSX,healthcare,2000
2000-04-27,-0.009004296475705722,ETHSX,healthcare,2000
2000-04-28,0.02504984869605515,ETHSX,healthcare,2000
2000-05-01,0.02138872700843904,ETHSX,healthcare,2000
2000-05-02,-0.005643092993180325,ETHSX,healthcare,2000
2000-05-03,-0.0034614639091455936,ETHSX,healthcare,2000
2000-05-04,0.011123242737230797,ETHSX,healthcare,2000
2000-05-05,0.006645287183412224,ETHSX,healthcare,2000
2000-05-08,0.008263587274375137,ETHSX,healthcare,2000
2000-05-09,-0.006822491669727534,ETHSX,healthcare,2000
2000-05-10,-0.019207300453154913,ETHSX,healthcare,2000
2000-05-11,-0.015728768955728008,ETHSX,healthcare,2000
2000-05-12,-0.005316838184934414,ETHSX,healthcare,2000
2000-05-15,-0.0032135705462331358,ETHSX,healthcare,2000
2000-05-16,0.008132752529631578,ETHSX,healthcare,2000
2000-05-17,-0.012321112716999063,ETHSX,healthcare,2000
2000-05-18,0.00570588449041554,ETHSX,healthcare,2000
2000-05-19,-0.0025075646664278585,ETHSX,healthcare,2000
2000-05-22,-0.012210180746170658,ETHSX,healthcare,2000
2000-05-23,-0.0163912287137561,ETHSX,healthcare,2000
2000-05-24,-0.008422823473177219,ETHSX,healthcare,2000
2000-05-25,0.0017713753517261243,ETHSX,healthcare,2000
2000-05-26,-0.007509159453241968,ETHSX,healthcare,2000
2000-05-30,-0.001843332925718942,ETHSX,healthcare,2000
2000-05-31,0.0013657444745948958,ETHSX,healthcare,2000
2000-06-01,0.006567976842911372,ETHSX,healthcare,2000
2000-06-02,0.0073503667566737,ETHSX,healthcare,2000
2000-06-05,0.021898408373141404,ETHSX,healthcare,2000
2000-06-06,0.026503017014874834,ETHSX,healthcare,2000
2000-06-07,-0.0015558229380938909,ETHSX,healthcare,2000
2000-06-08,-0.0034005743285414284,ETHSX,healthcare,2000
2000-06-09,0.02645077645925416,ETHSX,healthcare,2000
2000-06-12,-0.0187759295881576,ETHSX,healthcare,2000
2000-06-13,0.00443728266467194,ETHSX,healthcare,2000
2000-06-14,-0.01270161640451614,ETHSX,healthcare,2000
2000-06-15,-0.0031943325536384877,ETHSX,healthcare,2000
2000-06-16,0.01915273851630912,ETHSX,healthcare,2000
2000-06-19,0.01915686727793566,ETHSX,healthcare,2000
2000-06-20,0.015660644079560457,ETHSX,healthcare,2000
2000-06-21,0.011323874177513255,ETHSX,healthcare,2000
2000-06-22,-0.02571040911680567,ETHSX,healthcare,2000
2000-06-23,0.01217358044135796,ETHSX,healthcare,2000
2000-06-26,5.7022111656880245e-05,ETHSX,healthcare,2000
2000-06-27,-0.004325609846406551,ETHSX,healthcare,2000
2000-06-28,0.018774051549669858,ETHSX,healthcare,2000
2000-06-29,0.016716535729963844,ETHSX,healthcare,2000
2000-06-30,0.006168954655650203,ETHSX,healthcare,2000
2000-07-03,-0.009533932834359873,ETHSX,healthcare,2000
2000-07-05,0.022925530965005124,ETHSX,healthcare,2000
2000-07-06,0.009567642900795651,ETHSX,healthcare,2000
2000-07-07,0.01118872273555813,ETHSX,healthcare,2000
2000-07-10,0.011619344949639739,ETHSX,healthcare,2000
2000-07-11,0.007215944853481631,ETHSX,healthcare,2000
2000-07-12,-0.01070563846084938,ETHSX,healthcare,2000
2000-07-13,-0.03516628861148695,ETHSX,healthcare,2000
2000-07-14,-0.02588527341068645,ETHSX,healthcare,2000
2000-07-17,0.012269023468738038,ETHSX,healthcare,2000
2000-07-18,-0.006577785369343501,ETHSX,healthcare,2000
2000-07-19,-0.00997667623710529,ETHSX,healthcare,2000
2000-07-20,-0.0003764127921639625,ETHSX,healthcare,2000
2000-07-21,0.009174095564920298,ETHSX,healthcare,2000
2000-07-24,-0.006055802954271454,ETHSX,healthcare,2000
2000-07-25,-0.004512479647838068,ETHSX,healthcare,2000
2000-07-26,-0.002226620133080179,ETHSX,healthcare,2000
2000-07-27,-0.0062850925007968735,ETHSX,healthcare,2000
2000-07-28,0.004062347638068325,ETHSX,healthcare,2000
2000-07-31,-0.011531088365247112,ETHSX,healthcare,2000
2000-08-01,0.019617562168754807,ETHSX,healthcare,2000
2000-08-02,-0.0005318034458896255,ETHSX,healthcare,2000
2000-08-03,-0.0005120908430806519,ETHSX,healthcare,2000
2000-08-04,0.008862138626660868,ETHSX,healthcare,2000
2000-08-07,-0.0007162208361891614,ETHSX,healthcare,2000
2000-08-08,-0.0034424699224302182,ETHSX,healthcare,2000
2000-08-09,-0.023981597372693484,ETHSX,healthcare,2000
2000-08-10,-0.01649952341907087,ETHSX,healthcare,2000
2000-08-11,0.008051225931043245,ETHSX,healthcare,2000
2000-08-14,-0.011317670609044598,ETHSX,healthcare,2000
2000-08-15,-0.00714708855933208,ETHSX,healthcare,2000
2000-08-16,-0.0023097112156120142,ETHSX,healthcare,2000
2000-08-17,-0.0022948356079602467,ETHSX,healthcare,2000
2000-08-18,-0.009523945502291818,ETHSX,healthcare,2000
2000-08-21,0.006081489797297458,ETHSX,healthcare,2000
2000-08-22,0.009247633356694101,ETHSX,healthcare,2000
2000-08-23,-0.006130872805577132,ETHSX,healthcare,2000
2000-08-24,0.012741648291370165,ETHSX,healthcare,2000
2000-08-25,0.015386543855880756,ETHSX,healthcare,2000
2000-08-28,-0.000982708321161243,ETHSX,healthcare,2000
2000-08-29,0.0014577288908448316,ETHSX,healthcare,2000
2000-08-30,0.016989713162590868,ETHSX,healthcare,2000
2000-08-31,0.009083280759280107,ETHSX,healthcare,2000
2000-09-01,-0.0016134968761334452,ETHSX,healthcare,2000
2000-09-05,-0.01625887777802318,ETHSX,healthcare,2000
2000-09-06,-0.02369435699364558,ETHSX,healthcare,2000
2000-09-07,0.016635070027756514,ETHSX,healthcare,2000
2000-09-08,0.0014020488274838587,ETHSX,healthcare,2000
2000-09-11,-0.01667312402103375,ETHSX,healthcare,2000
2000-09-12,0.0036411006511753306,ETHSX,healthcare,2000
2000-09-13,0.009518336710931961,ETHSX,healthcare,2000
2000-09-14,0.0010200712305442946,ETHSX,healthcare,2000
2000-09-15,0.006714140314505391,ETHSX,healthcare,2000
2000-09-18,-0.02030385054804336,ETHSX,healthcare,2000
2000-09-19,-0.004881171557864099,ETHSX,healthcare,2000
2000-09-20,0.0011619897544644115,ETHSX,healthcare,2000
2000-09-21,0.010829417735998475,ETHSX,healthcare,2000
2000-09-22,0.01991965625923113,ETHSX,healthcare,2000
2000-09-25,0.006426580109263929,ETHSX,healthcare,2000
2000-09-26,-0.013668756011024547,ETHSX,healthcare,2000
2000-09-27,-0.004913391507628774,ETHSX,healthcare,2000
2000-09-28,0.013622687499600855,ETHSX,healthcare,2000
2000-09-29,-0.022710387542569432,ETHSX,healthcare,2000
2000-10-02,-0.02940398148174095,ETHSX,healthcare,2000
2000-10-03,-0.003692269691518337,ETHSX,healthcare,2000
2000-10-04,-0.020768277018554323,ETHSX,healthcare,2000
2000-10-05,-0.0008971853560303445,ETHSX,healthcare,2000
2000-10-06,-0.0020380393445454566,ETHSX,healthcare,2000
2000-10-09,-0.013174387309080528,ETHSX,healthcare,2000
2000-10-10,0.008312028182636823,ETHSX,healthcare,2000
2000-10-11,0.003217023695183467,ETHSX,healthcare,2000
2000-10-12,-0.004883773742990358,ETHSX,healthcare,2000
2000-10-13,-0.013205104299808115,ETHSX,healthcare,2000
2000-10-16,0.002487662978519921,ETHSX,healthcare,2000
2000-10-17,0.01204219454762236,ETHSX,healthcare,2000
2000-10-18,-0.00013750754832473055,ETHSX,healthcare,2000
2000-10-19,-0.021004697597437273,ETHSX,healthcare,2000
2000-10-20,-0.0012908989722799293,ETHSX,healthcare,2000
2000-10-23,0.016599746823722276,ETHSX,healthcare,2000
2000-10-24,-0.0033178846648472477,ETHSX,healthcare,2000
2000-10-25,0.013264407010987743,ETHSX,healthcare,2000
2000-10-26,-0.00888731584360351,ETHSX,healthcare,2000
2000-10-27,-0.026637496839284222,ETHSX,healthcare,2000
2000-10-30,-0.00969297294786807,ETHSX,healthcare,2000
2000-10-31,0.0007959214274767257,ETHSX,healthcare,2000
2000-11-01,0.012199628415079766,ETHSX,healthcare,2000
2000-11-02,0.024319008988119593,ETHSX,healthcare,2000
2000-11-03,-0.001827447621438065,ETHSX,healthcare,2000
2000-11-06,0.0030242916369875063,ETHSX,healthcare,2000
2000-11-07,0.0038724780138042407,ETHSX,healthcare,2000
2000-11-08,-1.4161183616238915e-05,ETHSX,healthcare,2000
2000-11-09,-0.009296289462574743,ETHSX,healthcare,2000
2000-11-10,0.00946937180255383,ETHSX,healthcare,2000
2000-11-13,-0.043612600006853866,ETHSX,healthcare,2000
2000-11-14,0.016353286012919025,ETHSX,healthcare,2000
2000-11-15,0.009190418620470615,ETHSX,healthcare,2000
2000-11-16,-0.027111983423039204,ETHSX,healthcare,2000
2000-11-17,-0.004712214953112024,ETHSX,healthcare,2000
2000-11-20,-0.023146631479323908,ETHSX,healthcare,2000
2000-11-21,-0.008350121987227717,ETHSX,healthcare,2000
2000-11-22,-0.0039369504045596825,ETHSX,healthcare,2000
2000-11-24,0.0073844026685219895,ETHSX,healthcare,2000
2000-11-27,0.017378369294576285,ETHSX,healthcare,2000
2000-11-28,-0.003003129153429633,ETHSX,healthcare,2000
2000-11-29,-0.0006394425611104284,ETHSX,healthcare,2000
2000-11-30,-0.005497903752480355,ETHSX,healthcare,2000
2000-12-01,0.006585255792310219,ETHSX,healthcare,2000
2000-12-04,-0.01473434762871987,ETHSX,healthcare,2000
2000-12-05,0.0038890267506292396,ETHSX,healthcare,2000
2000-12-06,-0.012324978054994433,ETHSX,healthcare,2000
2000-12-07,0.0072358904811681045,ETHSX,healthcare,2000
2000-12-08,0.019885071673891485,ETHSX,healthcare,2000
2000-12-11,-0.01362181830372162,ETHSX,healthcare,2000
2000-12-12,-0.0184982713402383,ETHSX,healthcare,2000
2000-12-13,-0.0024315253441584183,ETHSX,healthcare,2000
2000-12-14,-0.00482472659059987,ETHSX,healthcare,2000
2000-12-15,0.0008880456956303785,ETHSX,healthcare,2000
2000-12-18,0.0038905425233857517,ETHSX,healthcare,2000
2000-12-19,0.0022842209769265587,ETHSX,healthcare,2000
2000-12-20,-0.002526075338948084,ETHSX,healthcare,2000
2000-12-21,-0.012172431707522467,ETHSX,healthcare,2000
2000-12-22,0.003447741337812643,ETHSX,healthcare,2000
2000-12-26,0.004428441969473729,ETHSX,healthcare,2000
2000-12-27,0.005387889726707611,ETHSX,healthcare,2000
2000-12-28,0.005146362501598062,ETHSX,healthcare,2000
2000-12-29,0.011121652550250547,ETHSX,healthcare,2000
2001-01-03,-0.03574508859851659,ETHSX,healthcare,2001
2001-01-04,-0.040149562931092064,ETHSX,healthcare,2001
2001-01-05,-0.007690189871883454,ETHSX,healthcare,2001
2001-01-08,-0.019918622886448543,ETHSX,healthcare,2001
2001-01-09,0.003641759613742488,ETHSX,healthcare,2001
2001-01-10,0.002931309475224379,ETHSX,healthcare,2001
2001-01-11,-0.0008199718173412997,ETHSX,healthcare,2001
2001-01-12,0.006886192265375564,ETHSX,healthcare,2001
2001-01-16,0.006696853873855662,ETHSX,healthcare,2001
2001-01-17,-0.019286830625408508,ETHSX,healthcare,2001
2001-01-18,0.0032925689541364505,ETHSX,healthcare,2001
2001-01-19,-0.0055603026223717674,ETHSX,healthcare,2001
2001-01-22,0.01985687146579055,ETHSX,healthcare,2001
2001-01-23,0.016542090144563856,ETHSX,healthcare,2001
2001-01-24,-0.0031644061762674054,ETHSX,healthcare,2001
2001-01-25,0.014325530729927502,ETHSX,healthcare,2001
2001-01-26,0.003343024476044198,ETHSX,healthcare,2001
2001-01-29,-0.000337320907993972,ETHSX,healthcare,2001
2001-01-30,-0.01168348017831342,ETHSX,healthcare,2001
2001-01-31,-0.0024341582414494755,ETHSX,healthcare,2001
2001-02-01,-0.017443841654497694,ETHSX,healthcare,2001
2001-02-02,0.001230370135965348,ETHSX,healthcare,2001
2001-02-05,-0.00810435690987783,ETHSX,healthcare,2001
2001-02-06,0.01306297521813426,ETHSX,healthcare,2001
2001-02-07,-0.004776781205699656,ETHSX,healthcare,2001
2001-02-08,0.0043527046699032455,ETHSX,healthcare,2001
2001-02-09,0.007548379518781825,ETHSX,healthcare,2001
2001-02-12,0.006635156768883989,ETHSX,healthcare,2001
2001-02-13,-0.012695209122328648,ETHSX,healthcare,2001
2001-02-14,-0.005612466189338408,ETHSX,healthcare,2001
2001-02-15,-0.003227745647922386,ETHSX,healthcare,2001
2001-02-16,0.006964398825833568,ETHSX,healthcare,2001
2001-02-20,-0.002492332272272038,ETHSX,healthcare,2001
2001-02-21,0.006445808905582103,ETHSX,healthcare,2001
2001-02-22,-0.013743000519709968,ETHSX,healthcare,2001
2001-02-23,0.01143358139470325,ETHSX,healthcare,2001
2001-02-26,0.008109943346824921,ETHSX,healthcare,2001
2001-02-27,-0.00027053592622894567,ETHSX,healthcare,2001
2001-02-28,0.01467004705189009,ETHSX,healthcare,2001
2001-03-01,-0.01527567799130117,ETHSX,healthcare,2001
2001-03-02,0.007368869897684337,ETHSX,healthcare,2001
2001-03-05,-0.00659237668279389,ETHSX,healthcare,2001
2001-03-06,-0.007719950614931934,ETHSX,healthcare,2001
2001-03-07,-0.01864375262278677,ETHSX,healthcare,2001
2001-03-08,0.022461784221294096,ETHSX,healthcare,2001
2001-03-09,-0.026939926889847875,ETHSX,healthcare,2001
2001-03-12,-0.015007478361311343,ETHSX,healthcare,2001
2001-03-13,-0.015913871528099987,ETHSX,healthcare,2001
2001-03-14,-0.0030700255943072186,ETHSX,healthcare,2001
2001-03-15,-0.0014031162746390117,ETHSX,healthcare,2001
2001-03-16,-0.0213587053486858,ETHSX,healthcare,2001
2001-03-19,0.004383257749980492,ETHSX,healthcare,2001
2001-03-20,0.00023463453353612593,ETHSX,healthcare,2001
2001-03-21,-0.01704568632165438,ETHSX,healthcare,2001
2001-03-22,-0.018144239742628493,ETHSX,healthcare,2001
2001-03-23,0.019580493366200463,ETHSX,healthcare,2001
2001-03-26,0.028025657410985366,ETHSX,healthcare,2001
2001-03-27,0.002821308127248144,ETHSX,healthcare,2001
2001-03-28,0.01717880282215803,ETHSX,healthcare,2001
2001-03-29,-0.003917494934592683,ETHSX,healthcare,2001
2001-03-30,-0.002179732905759661,ETHSX,healthcare,2001
2001-04-02,-0.008553944972088567,ETHSX,healthcare,2001
2001-04-03,0.01134884978476914,ETHSX,healthcare,2001
2001-04-04,0.0013257270930566289,ETHSX,healthcare,2001
2001-04-05,0.008324843870072634,ETHSX,healthcare,2001
2001-04-06,0.01162120361523493,ETHSX,healthcare,2001
2001-04-09,0.011101623545399225,ETHSX,healthcare,2001
2001-04-10,-0.011962745907195194,ETHSX,healthcare,2001
2001-04-11,-0.013110850269469457,ETHSX,healthcare,2001
2001-04-12,0.010212570683184357,ETHSX,healthcare,2001
2001-04-16,-0.002005702029217334,ETHSX,healthcare,2001
2001-04-17,0.005480769567013134,ETHSX,healthcare,2001
2001-04-18,-0.0005399449889192699,ETHSX,healthcare,2001
2001-04-19,-0.02345605074509571,ETHSX,healthcare,2001
2001-04-20,-0.0007706948268712049,ETHSX,healthcare,2001
2001-04-23,-0.002612787942224198,ETHSX,healthcare,2001
2001-04-24,-0.014927225479735063,ETHSX,healthcare,2001
2001-04-25,0.01271737447212071,ETHSX,healthcare,2001
2001-04-26,0.008018114571972242,ETHSX,healthcare,2001
2001-04-27,-0.0006907170225696393,ETHSX,healthcare,2001
2001-04-30,0.018057329664879558,ETHSX,healthcare,2001
2001-05-01,0.0065263910767099816,ETHSX,healthcare,2001
2001-05-02,0.002096775915073441,ETHSX,healthcare,2001
2001-05-03,-0.007765647361992664,ETHSX,healthcare,2001
2001-05-04,0.006676300662159245,ETHSX,healthcare,2001
2001-05-07,0.013705112526478066,ETHSX,healthcare,2001
2001-05-08,0.0011453861120186725,ETHSX,healthcare,2001
2001-05-09,0.0037680874856938443,ETHSX,healthcare,2001
2001-05-10,-0.0012652405488931128,ETHSX,healthcare,2001
2001-05-11,0.0027854980319891786,ETHSX,healthcare,2001
2001-05-14,-0.01119478975800509,ETHSX,healthcare,2001
2001-05-15,-0.00049296421599821,ETHSX,healthcare,2001
2001-05-16,0.016218822461341,ETHSX,healthcare,2001
2001-05-17,0.03443506684259046,ETHSX,healthcare,2001
2001-05-18,-0.007904986529751443,ETHSX,healthcare,2001
2001-05-21,0.023174927848997447,ETHSX,healthcare,2001
2001-05-22,-0.0036496352934794066,ETHSX,healthcare,2001
2001-05-23,-0.016526001547864252,ETHSX,healthcare,2001
2001-05-24,0.01052590629484005,ETHSX,healthcare,2001
2001-05-25,0.0009651410233376843,ETHSX,healthcare,2001
2001-05-29,0.0009252492214512631,ETHSX,healthcare,2001
2001-05-30,-0.004846818120155704,ETHSX,healthcare,2001
2001-05-31,0.0026560550017090327,ETHSX,healthcare,2001
2001-06-01,0.009245727408446956,ETHSX,healthcare,2001
2001-06-04,0.0046001094683787375,ETHSX,healthcare,2001
2001-06-05,0.010622256564517601,ETHSX,healthcare,2001
2001-06-06,-0.002232101133831656,ETHSX,healthcare,2001
2001-06-07,0.0017501432551517335,ETHSX,healthcare,2001
2001-06-08,-0.004225799748380974,ETHSX,healthcare,2001
2001-06-11,-0.020184367491043298,ETHSX,healthcare,2001
2001-06-12,-0.014507239029633886,ETHSX,healthcare,2001
2001-06-13,0.00402665927666524,ETHSX,healthcare,2001
2001-06-14,0.004454725323190625,ETHSX,healthcare,2001
2001-06-15,0.0034283050109162653,ETHSX,healthcare,2001
2001-06-18,-0.003316154121652159,ETHSX,healthcare,2001
2001-06-19,-0.007957986748209581,ETHSX,healthcare,2001
2001-06-20,0.016087870044736937,ETHSX,healthcare,2001
2001-06-21,-0.0016327990491755377,ETHSX,healthcare,2001
2001-06-22,-0.009437110030419625,ETHSX,healthcare,2001
2001-06-25,-0.005881697038431625,ETHSX,healthcare,2001
2001-06-26,0.004632063209384349,ETHSX,healthcare,2001
2001-06-27,-0.0025891074371544648,ETHSX,healthcare,2001
2001-06-28,0.0045089118008690525,ETHSX,healthcare,2001
2001-06-29,-0.0027487020169289383,ETHSX,healthcare,2001
2001-07-02,-0.005177112036666711,ETHSX,healthcare,2001
2001-07-03,1.6506212262405034e-05,ETHSX,healthcare,2001
2001-07-05,-0.007057183087482108,ETHSX,healthcare,2001
2001-07-06,0.0016595218231779379,ETHSX,healthcare,2001
2001-07-09,0.0027971169324982337,ETHSX,healthcare,2001
2001-07-10,-0.009038811299285025,ETHSX,healthcare,2001
2001-07-11,-0.006756510400833465,ETHSX,healthcare,2001
2001-07-12,-0.023782523997411056,ETHSX,healthcare,2001
2001-07-13,0.002690295751385733,ETHSX,healthcare,2001
2001-07-16,-0.0189244928761224,ETHSX,healthcare,2001
2001-07-17,0.004397620976284613,ETHSX,healthcare,2001
2001-07-18,0.013662382335550255,ETHSX,healthcare,2001
2001-07-19,-0.0013581775350641895,ETHSX,healthcare,2001
2001-07-20,0.010974970589522584,ETHSX,healthcare,2001
2001-07-23,-0.0019823403134498797,ETHSX,healthcare,2001
2001-07-24,-0.015278339177759184,ETHSX,healthcare,2001
2001-07-25,0.0012474085207445189,ETHSX,healthcare,2001
2001-07-26,0.007605774016013476,ETHSX,healthcare,2001
2001-07-27,0.005114079098987676,ETHSX,healthcare,2001
2001-07-30,-0.005322561387147202,ETHSX,healthcare,2001
2001-07-31,0.007844576538448795,ETHSX,healthcare,2001
2001-08-01,-0.001620603213105472,ETHSX,healthcare,2001
2001-08-02,-0.005973468065056711,ETHSX,healthcare,2001
2001-08-03,0.0027142472403935557,ETHSX,healthcare,2001
2001-08-06,0.002442436678431502,ETHSX,healthcare,2001
2001-08-07,-0.004883757727719288,ETHSX,healthcare,2001
2001-08-08,-0.0029472752583586427,ETHSX,healthcare,2001
2001-08-09,-0.009283086812887989,ETHSX,healthcare,2001
2001-08-10,0.001473634872293142,ETHSX,healthcare,2001
2001-08-13,0.014820862773217815,ETHSX,healthcare,2001
2001-08-14,0.004121649177133854,ETHSX,healthcare,2001
2001-08-15,0.00295543398133563,ETHSX,healthcare,2001
2001-08-16,-0.0035907828797734475,ETHSX,healthcare,2001
2001-08-17,0.008140129220791183,ETHSX,healthcare,2001
2001-08-20,-0.0066687830450096585,ETHSX,healthcare,2001
2001-08-21,0.013856834976528336,ETHSX,healthcare,2001
2001-08-22,0.010477119627597595,ETHSX,healthcare,2001
2001-08-23,0.015093706180039211,ETHSX,healthcare,2001
2001-08-24,-0.0031772325066921382,ETHSX,healthcare,2001
2001-08-27,0.005002798194580833,ETHSX,healthcare,2001
2001-08-28,-0.005121955654886656,ETHSX,healthcare,2001
2001-08-29,0.00903619213198393,ETHSX,healthcare,2001
2001-08-30,0.009514915362033353,ETHSX,healthcare,2001
2001-08-31,-0.008222464662723436,ETHSX,healthcare,2001
2001-09-04,-0.0024587460609876077,ETHSX,healthcare,2001
2001-09-05,6.59670058287651e-05,ETHSX,healthcare,2001
2001-09-06,0.006266171621810181,ETHSX,healthcare,2001
2001-09-07,2.218712562768871e-05,ETHSX,healthcare,2001
2001-09-10,-0.013779444698326693,ETHSX,healthcare,2001
2001-09-17,0.006434593952626452,ETHSX,healthcare,2001
2001-09-18,-0.017156902742987253,ETHSX,healthcare,2001
2001-09-19,-0.000753514286310774,ETHSX,healthcare,2001
2001-09-20,0.013200762035713264,ETHSX,healthcare,2001
2001-09-21,-0.011917065603037777,ETHSX,healthcare,2001
2001-09-24,-0.013300844388219392,ETHSX,healthcare,2001
2001-09-25,0.010871613566700725,ETHSX,healthcare,2001
2001-09-26,0.014739628456019477,ETHSX,healthcare,2001
2001-09-27,0.02379995230271712,ETHSX,healthcare,2001
2001-09-28,-0.008611983344730411,ETHSX,healthcare,2001
2001-10-01,0.004214997760717022,ETHSX,healthcare,2001
2001-10-02,0.0027746227498389175,ETHSX,healthcare,2001
2001-10-03,-0.00561180435844757,ETHSX,healthcare,2001
2001-10-04,-0.009157005080026221,ETHSX,healthcare,2001
2001-10-05,0.0012230432569204914,ETHSX,healthcare,2001
2001-10-08,-0.002978786972214589,ETHSX,healthcare,2001
2001-10-09,0.005751445546073523,ETHSX,healthcare,2001
2001-10-10,0.009745594247805557,ETHSX,healthcare,2001
2001-10-11,0.0024358181874181376,ETHSX,healthcare,2001
2001-10-12,-2.9266700462188266e-05,ETHSX,healthcare,2001
2001-10-15,0.010391888370296651,ETHSX,healthcare,2001
2001-10-16,0.0015162993527734663,ETHSX,healthcare,2001
2001-10-17,-0.00847220447316407,ETHSX,healthcare,2001
2001-10-18,0.007574945565183715,ETHSX,healthcare,2001
2001-10-19,0.008552483338384228,ETHSX,healthcare,2001
2001-10-22,0.0033190323382116717,ETHSX,healthcare,2001
2001-10-23,-0.0066012017981011695,ETHSX,healthcare,2001
2001-10-24,0.0067978174218248505,ETHSX,healthcare,2001
2001-10-25,0.0013434113620695697,ETHSX,healthcare,2001
2001-10-26,0.006418613272901386,ETHSX,healthcare,2001
2001-10-29,0.0013212830279695637,ETHSX,healthcare,2001
2001-10-30,-0.005810801016643824,ETHSX,healthcare,2001
2001-10-31,0.004280082250273622,ETHSX,healthcare,2001
2001-11-01,-0.010031883041521663,ETHSX,healthcare,2001
2001-11-02,-0.013054176912712651,ETHSX,healthcare,2001
2001-11-05,0.004913008295681866,ETHSX,healthcare,2001
2001-11-06,-0.0040574604599409436,ETHSX,healthcare,2001
2001-11-07,-0.002210542010575525,ETHSX,healthcare,2001
2001-11-08,-0.013371801044270513,ETHSX,healthcare,2001
2001-11-09,-0.010023073391031817,ETHSX,healthcare,2001
2001-11-12,0.004157999433510704,ETHSX,healthcare,2001
2001-11-13,-0.0006595813259718773,ETHSX,healthcare,2001
2001-11-14,-0.007879378870168829,ETHSX,healthcare,2001
2001-11-15,0.001598122023533098,ETHSX,healthcare,2001
2001-11-16,0.004995825857191223,ETHSX,healthcare,2001
2001-11-19,0.00831660199828268,ETHSX,healthcare,2001
2001-11-20,-0.0002050448894648331,ETHSX,healthcare,2001
2001-11-21,0.011495111782533051,ETHSX,healthcare,2001
2001-11-23,-0.0003720407210249556,ETHSX,healthcare,2001
2001-11-26,0.010100335948143118,ETHSX,healthcare,2001
2001-11-27,0.005794128280623466,ETHSX,healthcare,2001
2001-11-28,-0.0019081029506156054,ETHSX,healthcare,2001
2001-11-29,-0.002792384944122742,ETHSX,healthcare,2001
2001-11-30,0.005849207300489113,ETHSX,healthcare,2001
2001-12-03,-0.004717562095492183,ETHSX,healthcare,2001
2001-12-04,-0.004223950271016472,ETHSX,healthcare,2001
2001-12-05,-0.006221533415430314,ETHSX,healthcare,2001
2001-12-06,0.006014912344384285,ETHSX,healthcare,2001
2001-12-07,-0.005096689500460245,ETHSX,healthcare,2001
2001-12-10,-0.005445530160533061,ETHSX,healthcare,2001
2001-12-11,0.0012623480390866737,ETHSX,healthcare,2001
2001-12-12,-0.0029356377903582984,ETHSX,healthcare,2001
2001-12-13,0.0165042350011938,ETHSX,healthcare,2001
2001-12-14,-0.013802812414486615,ETHSX,healthcare,2001
2001-12-17,0.007502182493585233,ETHSX,healthcare,2001
2001-12-18,-0.004344360367719171,ETHSX,healthcare,2001
2001-12-19,-0.0060960267106545405,ETHSX,healthcare,2001
2001-12-20,0.004815411610123362,ETHSX,healthcare,2001
2001-12-21,0.009353767938026716,ETHSX,healthcare,2001
2001-12-24,-0.0017181471164518308,ETHSX,healthcare,2001
2001-12-26,-0.0030477963922444797,ETHSX,healthcare,2001
2001-12-27,0.0033544772100703116,ETHSX,healthcare,2001
2001-12-28,0.008897546861902708,ETHSX,healthcare,2001
2001-12-29,-0.0001537872212836431,ETHSX,healthcare,2001
2001-12-30,-0.0001537872212836431,ETHSX,healthcare,2001
2001-12-31,-0.0001537872212836431,ETHSX,healthcare,2001
2002-01-01,0.0004073685764587262,ETHSX,healthcare,2002
2002-01-03,-0.021128515743431876,ETHSX,healthcare,2002
2002-01-04,-0.0002502223504290621,ETHSX,healthcare,2002
2002-01-07,0.00035694999336132946,ETHSX,healthcare,2002
2002-01-08,-0.000968234520109865,ETHSX,healthcare,2002
2002-01-09,-0.0009133183719397002,ETHSX,healthcare,2002
2002-01-10,0.0013603233281019476,ETHSX,healthcare,2002
2002-01-11,0.013194263994198601,ETHSX,healthcare,2002
2002-01-14,-0.007160675300995866,ETHSX,healthcare,2002
2002-01-15,-0.006233138952241826,ETHSX,healthcare,2002
2002-01-16,0.005371027330078135,ETHSX,healthcare,2002
2002-01-17,-0.0037948082943952783,ETHSX,healthcare,2002
2002-01-18,-0.007570598181980784,ETHSX,healthcare,2002
2002-01-22,0.015425825320281675,ETHSX,healthcare,2002
2002-01-23,0.008293571359049286,ETHSX,healthcare,2002
2002-01-24,-0.015746824689840674,ETHSX,healthcare,2002
2002-01-25,-0.006516060411766822,ETHSX,healthcare,2002
2002-01-28,-0.010684741496652836,ETHSX,healthcare,2002
2002-01-29,0.009790770688927274,ETHSX,healthcare,2002
2002-01-30,-0.007483924363767605,ETHSX,healthcare,2002
2002-01-31,-0.005614303832808424,ETHSX,healthcare,2002
2002-02-01,0.0057304000607443645,ETHSX,healthcare,2002
2002-02-04,0.0010002416986969187,ETHSX,healthcare,2002
2002-02-05,-0.0005863731733729352,ETHSX,healthcare,2002
2002-02-06,-0.01253584282646769,ETHSX,healthcare,2002
2002-02-07,-0.00497087266233401,ETHSX,healthcare,2002
2002-02-08,0.00783787285082019,ETHSX,healthcare,2002
2002-02-11,-0.0006119041014856757,ETHSX,healthcare,2002
2002-02-12,0.02376875778142761,ETHSX,healthcare,2002
2002-02-13,-0.004871671168636331,ETHSX,healthcare,2002
2002-02-14,-0.01279068096538658,ETHSX,healthcare,2002
2002-02-15,0.007635257817923102,ETHSX,healthcare,2002
2002-02-19,-0.007302368438276172,ETHSX,healthcare,2002
2002-02-20,0.004852827334963894,ETHSX,healthcare,2002
2002-02-21,0.004183380067153977,ETHSX,healthcare,2002
2002-02-22,-0.004956835538262471,ETHSX,healthcare,2002
2002-02-25,-0.011021793578657867,ETHSX,healthcare,2002
2002-02-26,0.010346464495777644,ETHSX,healthcare,2002
2002-02-27,0.0008957392302840618,ETHSX,healthcare,2002
2002-02-28,-0.002801501032788648,ETHSX,healthcare,2002
2002-03-01,-0.006201235431909865,ETHSX,healthcare,2002
2002-03-04,0.0018001309917569808,ETHSX,healthcare,2002
2002-03-05,-0.011857345133826391,ETHSX,healthcare,2002
2002-03-06,0.01527216315423146,ETHSX,healthcare,2002
2002-03-07,-0.019649220024412252,ETHSX,healthcare,2002
2002-03-08,0.002737135569316726,ETHSX,healthcare,2002
2002-03-11,-0.0031578310140450323,ETHSX,healthcare,2002
2002-03-12,-0.0023144020671397227,ETHSX,healthcare,2002
2002-03-13,0.017567015871304263,ETHSX,healthcare,2002
2002-03-14,0.005510866822660979,ETHSX,healthcare,2002
2002-03-15,0.004141388538388863,ETHSX,healthcare,2002
2002-03-18,0.005400885264494463,ETHSX,healthcare,2002
2002-03-19,-0.0032033119344145955,ETHSX,healthcare,2002
2002-03-20,-0.0028258817382214377,ETHSX,healthcare,2002
2002-03-21,0.010437270070059675,ETHSX,healthcare,2002
2002-03-22,-0.007293681765827153,ETHSX,healthcare,2002
2002-03-25,-0.0002751066637615724,ETHSX,healthcare,2002
2002-03-26,-0.004655733558812682,ETHSX,healthcare,2002
2002-03-27,-0.0045381850669392486,ETHSX,healthcare,2002
2002-03-28,0.0017549526585358562,ETHSX,healthcare,2002
2002-04-01,0.001150303938623822,ETHSX,healthcare,2002
2002-04-02,-0.0062243803078084105,ETHSX,healthcare,2002
2002-04-03,0.005267950742998069,ETHSX,healthcare,2002
2002-04-04,-0.01570358718018174,ETHSX,healthcare,2002
2002-04-05,-0.01369420822515482,ETHSX,healthcare,2002
2002-04-08,-0.0032479200581273255,ETHSX,healthcare,2002
2002-04-09,-0.002400110465282947,ETHSX,healthcare,2002
2002-04-10,0.017897037675749926,ETHSX,healthcare,2002
2002-04-11,-0.0006374381940473274,ETHSX,healthcare,2002
2002-04-12,-0.0015066346249648045,ETHSX,healthcare,2002
2002-04-15,0.011141689198307743,ETHSX,healthcare,2002
2002-04-16,0.00020903289643759218,ETHSX,healthcare,2002
2002-04-17,-0.008796681570542426,ETHSX,healthcare,2002
2002-04-18,0.017434049446917226,ETHSX,healthcare,2002
2002-04-19,-0.010626962981304097,ETHSX,healthcare,2002
2002-04-22,0.00013481102958277577,ETHSX,healthcare,2002
2002-04-23,0.00014395172828319397,ETHSX,healthcare,2002
2002-04-24,0.006270859074419814,ETHSX,healthcare,2002
2002-04-25,-0.005424514830557893,ETHSX,healthcare,2002
2002-04-26,-0.003982306618382139,ETHSX,healthcare,2002
2002-04-29,-0.00956873643877439,ETHSX,healthcare,2002
2002-04-30,0.001847508596774734,ETHSX,healthcare,2002
2002-05-01,-0.00020947763079788052,ETHSX,healthcare,2002
2002-05-02,-0.0047241424630308235,ETHSX,healthcare,2002
2002-05-03,0.004551703780779515,ETHSX,healthcare,2002
2002-05-06,-0.007410827968843488,ETHSX,healthcare,2002
2002-05-07,-0.007520383774491406,ETHSX,healthcare,2002
2002-05-08,0.009535291874506274,ETHSX,healthcare,2002
2002-05-09,-0.010691614343954206,ETHSX,healthcare,2002
2002-05-10,0.0019957845663564743,ETHSX,healthcare,2002
2002-05-13,0.0013910584809645032,ETHSX,healthcare,2002
2002-05-14,0.008156624796218974,ETHSX,healthcare,2002
2002-05-15,-0.003588087494846675,ETHSX,healthcare,2002
2002-05-16,-0.014423017652818759,ETHSX,healthcare,2002
2002-05-17,0.012928692086445384,ETHSX,healthcare,2002
2002-05-20,-0.003286563656504102,ETHSX,healthcare,2002
2002-05-21,-0.0023316671801474637,ETHSX,healthcare,2002
2002-05-22,0.005727644295629959,ETHSX,healthcare,2002
2002-05-23,0.010042568760293274,ETHSX,healthcare,2002
2002-05-24,-0.004104093353483341,ETHSX,healthcare,2002
2002-05-28,0.007555415493398272,ETHSX,healthcare,2002
2002-05-29,-0.004604839382760091,ETHSX,healthcare,2002
2002-05-30,0.00120543367689065,ETHSX,healthcare,2002
2002-05-31,-0.010127017637426024,ETHSX,healthcare,2002
2002-06-03,-0.005328719781873662,ETHSX,healthcare,2002
2002-06-04,-0.01191807372771907,ETHSX,healthcare,2002
2002-06-05,-0.00012459656465857796,ETHSX,healthcare,2002
2002-06-06,-0.010350720537260119,ETHSX,healthcare,2002
2002-06-07,-0.002430039017526716,ETHSX,healthcare,2002
2002-06-10,0.0025991490328899215,ETHSX,healthcare,2002
2002-06-11,-0.019228676589920328,ETHSX,healthcare,2002
2002-06-12,-0.013814921392692782,ETHSX,healthcare,2002
2002-06-13,0.0023018577725289115,ETHSX,healthcare,2002
2002-06-14,0.011594916459155646,ETHSX,healthcare,2002
2002-06-17,0.02050201885576526,ETHSX,healthcare,2002
2002-06-18,-0.010110378969454322,ETHSX,healthcare,2002
2002-06-19,0.008008689917780754,ETHSX,healthcare,2002
2002-06-20,-0.010475081431085808,ETHSX,healthcare,2002
2002-06-21,-0.0038621628412646523,ETHSX,healthcare,2002
2002-06-24,0.003166678424502328,ETHSX,healthcare,2002
2002-06-25,0.008332421327162057,ETHSX,healthcare,2002
2002-06-26,0.006944326376102118,ETHSX,healthcare,2002
2002-06-27,0.007328084691449837,ETHSX,healthcare,2002
2002-06-28,0.008661051009734638,ETHSX,healthcare,2002
2002-07-01,-0.020786798694723704,ETHSX,healthcare,2002
2002-07-02,-0.016986991247009607,ETHSX,healthcare,2002
2002-07-03,-0.011486582420458018,ETHSX,healthcare,2002
2002-07-05,0.004948423291036216,ETHSX,healthcare,2002
2002-07-08,0.0038703148016865,ETHSX,healthcare,2002
2002-07-09,-0.0042916546040385126,ETHSX,healthcare,2002
2002-07-10,-0.020995970032307593,ETHSX,healthcare,2002
2002-07-11,0.01013423613423223,ETHSX,healthcare,2002
2002-07-12,0.024517527505618014,ETHSX,healthcare,2002
2002-07-15,-0.020877706251979707,ETHSX,healthcare,2002
2002-07-16,0.02201727590069364,ETHSX,healthcare,2002
2002-07-17,0.03045224039983081,ETHSX,healthcare,2002
2002-07-18,-0.00894976883294054,ETHSX,healthcare,2002
2002-07-19,0.009724267871771634,ETHSX,healthcare,2002
2002-07-22,0.004254627626138423,ETHSX,healthcare,2002
2002-07-23,-0.0018292776723797394,ETHSX,healthcare,2002
2002-07-24,-0.01492337820509592,ETHSX,healthcare,2002
2002-07-25,0.020356302507042495,ETHSX,healthcare,2002
2002-07-26,-0.0016841840795709523,ETHSX,healthcare,2002
2002-07-29,0.005090111990127114,ETHSX,healthcare,2002
2002-07-30,0.013841552316086293,ETHSX,healthcare,2002
2002-07-31,0.002608197332023351,ETHSX,healthcare,2002
2002-08-01,-0.007257692468725142,ETHSX,healthcare,2002
2002-08-02,0.011962123189322629,ETHSX,healthcare,2002
2002-08-05,-0.003353674225548005,ETHSX,healthcare,2002
2002-08-06,-0.009255812305007218,ETHSX,healthcare,2002
2002-08-07,0.015252438684211889,ETHSX,healthcare,2002
2002-08-08,0.008155589055425148,ETHSX,healthcare,2002
2002-08-09,0.009269455459124243,ETHSX,healthcare,2002
2002-08-12,0.009262445449903163,ETHSX,healthcare,2002
2002-08-13,-0.010797020055679249,ETHSX,healthcare,2002
2002-08-14,-0.0004918447612122789,ETHSX,healthcare,2002
2002-08-15,0.0008232494826125435,ETHSX,healthcare,2002
2002-08-16,-0.0024819275877929086,ETHSX,healthcare,2002
2002-08-19,-0.025757994761202115,ETHSX,healthcare,2002
2002-08-20,-0.001079522534891659,ETHSX,healthcare,2002
2002-08-21,0.008221928614702882,ETHSX,healthcare,2002
2002-08-22,0.013658121071503354,ETHSX,healthcare,2002
2002-08-23,-0.009178031524896893,ETHSX,healthcare,2002
2002-08-26,-0.005677564866878423,ETHSX,healthcare,2002
2002-08-27,-0.01044256634671998,ETHSX,healthcare,2002
2002-08-28,0.005310767409411577,ETHSX,healthcare,2002
2002-08-29,0.005281051628386553,ETHSX,healthcare,2002
2002-08-30,-0.013618646633614557,ETHSX,healthcare,2002
2002-09-03,-0.017694747957642677,ETHSX,healthcare,2002
2002-09-04,0.008334915128745362,ETHSX,healthcare,2002
2002-09-05,-0.013905151502930826,ETHSX,healthcare,2002
2002-09-06,0.007377627998167824,ETHSX,healthcare,2002
2002-09-09,0.006141012235499097,ETHSX,healthcare,2002
2002-09-10,-0.00887137909287498,ETHSX,healthcare,2002
2002-09-11,0.0060494698128780765,ETHSX,healthcare,2002
2002-09-12,-0.0068832904580288234,ETHSX,healthcare,2002
2002-09-13,0.002797831234259248,ETHSX,healthcare,2002
2002-09-16,-0.0040091628126679695,ETHSX,healthcare,2002
2002-09-17,0.012185966879962335,ETHSX,healthcare,2002
2002-09-18,0.012816489821609458,ETHSX,healthcare,2002
2002-09-19,-0.011610327234588567,ETHSX,healthcare,2002
2002-09-20,-0.0012250592987105443,ETHSX,healthcare,2002
2002-09-23,-0.01921016690865461,ETHSX,healthcare,2002
2002-09-24,0.013020087640050193,ETHSX,healthcare,2002
2002-09-25,0.012025443572751707,ETHSX,healthcare,2002
2002-09-26,0.007262948385724759,ETHSX,healthcare,2002
2002-09-27,-0.0029998754469986906,ETHSX,healthcare,2002
2002-09-30,0.009850734011232497,ETHSX,healthcare,2002
2002-10-01,-0.015932408078132402,ETHSX,healthcare,2002
2002-10-02,0.008680685493346335,ETHSX,healthcare,2002
2002-10-03,0.004592648614866435,ETHSX,healthcare,2002
2002-10-04,-0.009427550171291035,ETHSX,healthcare,2002
2002-10-07,0.007511780665461211,ETHSX,healthcare,2002
2002-10-08,0.00116976919873398,ETHSX,healthcare,2002
2002-10-09,0.008483601517877868,ETHSX,healthcare,2002
2002-10-10,-0.007505747193464337,ETHSX,healthcare,2002
2002-10-11,-0.01416556242515981,ETHSX,healthcare,2002
2002-10-14,0.024710047017537318,ETHSX,healthcare,2002
2002-10-15,0.00040963436987871,ETHSX,healthcare,2002
2002-10-16,0.014525082556250277,ETHSX,healthcare,2002
2002-10-17,0.002670673549043068,ETHSX,healthcare,2002
2002-10-18,-0.006437117218099388,ETHSX,healthcare,2002
2002-10-21,-0.011542371956003668,ETHSX,healthcare,2002
2002-10-22,-0.005155860890647795,ETHSX,healthcare,2002
2002-10-23,-0.008851358192131103,ETHSX,healthcare,2002
2002-10-24,0.003819995576153921,ETHSX,healthcare,2002
2002-10-25,0.01305486396150164,ETHSX,healthcare,2002
2002-10-28,0.006252902753982231,ETHSX,healthcare,2002
2002-10-29,0.0031795879535586125,ETHSX,healthcare,2002
2002-10-30,0.006912255836517403,ETHSX,healthcare,2002
2002-10-31,0.008757541770659322,ETHSX,healthcare,2002
2002-11-01,-0.0041528941528998185,ETHSX,healthcare,2002
2002-11-04,0.008023497772655964,ETHSX,healthcare,2002
2002-11-05,0.007676802902777156,ETHSX,healthcare,2002
2002-11-06,-0.003530898494074613,ETHSX,healthcare,2002
2002-11-07,0.004856624202598437,ETHSX,healthcare,2002
2002-11-08,-0.0037994756712097164,ETHSX,healthcare,2002
2002-11-11,-0.0016952873595751736,ETHSX,healthcare,2002
2002-11-12,0.005319322553226874,ETHSX,healthcare,2002
2002-11-13,-0.006727342754815427,ETHSX,healthcare,2002
2002-11-14,0.006775619026591993,ETHSX,healthcare,2002
2002-11-15,-0.003433955066659156,ETHSX,healthcare,2002
2002-11-18,0.004837616570063709,ETHSX,healthcare,2002
2002-11-19,0.001325886987888225,ETHSX,healthcare,2002
2002-11-20,-0.0060864991609713166,ETHSX,healthcare,2002
2002-11-21,0.0013871729279559455,ETHSX,healthcare,2002
2002-11-22,0.0016059926570196606,ETHSX,healthcare,2002
2002-11-25,-3.76328016339985e-05,ETHSX,healthcare,2002
2002-11-26,-0.015124393436785753,ETHSX,healthcare,2002
2002-11-27,0.009207117993931653,ETHSX,healthcare,2002
2002-11-29,0.002609758283816379,ETHSX,healthcare,2002
2002-12-02,-0.010696722898191163,ETHSX,healthcare,2002
2002-12-03,-0.002952145999281947,ETHSX,healthcare,2002
2002-12-04,0.0022596697131892886,ETHSX,healthcare,2002
2002-12-05,0.008045540129352897,ETHSX,healthcare,2002
2002-12-06,-0.0015749927401926159,ETHSX,healthcare,2002
2002-12-09,0.005391022425481255,ETHSX,healthcare,2002
2002-12-10,-0.004988896986729078,ETHSX,healthcare,2002
2002-12-11,0.0010869201148677697,ETHSX,healthcare,2002
2002-12-12,0.0069272459202502365,ETHSX,healthcare,2002
2002-12-13,-0.0002096102518474533,ETHSX,healthcare,2002
2002-12-16,-0.014903294221679114,ETHSX,healthcare,2002
2002-12-17,0.011618909833242727,ETHSX,healthcare,2002
2002-12-18,0.001981859898524253,ETHSX,healthcare,2002
2002-12-19,-0.0024205521810259974,ETHSX,healthcare,2002
2002-12-20,-0.0003449031125145278,ETHSX,healthcare,2002
2002-12-23,0.009220928468107589,ETHSX,healthcare,2002
2002-12-24,0.0042797927096053946,ETHSX,healthcare,2002
2002-12-26,-0.0011847943070647995,ETHSX,healthcare,2002
2002-12-27,-0.001997539237367431,ETHSX,healthcare,2002
2002-12-30,-0.006683296175687859,ETHSX,healthcare,2002
2003-01-03,0.0010350241498388291,ETHSX,healthcare,2003
2003-01-06,0.0007281613783843306,ETHSX,healthcare,2003
2003-01-07,-0.005889911008615209,ETHSX,healthcare,2003
2003-01-08,-0.007659684787474209,ETHSX,healthcare,2003
2003-01-09,-0.0038808546387705013,ETHSX,healthcare,2003
2003-01-10,0.012908872126864262,ETHSX,healthcare,2003
2003-01-13,0.01006276215200161,ETHSX,healthcare,2003
2003-01-14,0.0020643288183353234,ETHSX,healthcare,2003
2003-01-15,0.0015421106659867703,ETHSX,healthcare,2003
2003-01-16,0.015565680174775894,ETHSX,healthcare,2003
2003-01-17,0.0005394360787084069,ETHSX,healthcare,2003
2003-01-21,0.002295207475171762,ETHSX,healthcare,2003
2003-01-22,0.004450416294393061,ETHSX,healthcare,2003
2003-01-23,-0.0027611771028385602,ETHSX,healthcare,2003
2003-01-24,-0.004349289548228663,ETHSX,healthcare,2003
2003-01-27,-0.011353698862499553,ETHSX,healthcare,2003
2003-01-28,0.00431430316590098,ETHSX,healthcare,2003
2003-01-29,-0.001213511091523089,ETHSX,healthcare,2003
2003-01-30,0.020259962041074935,ETHSX,healthcare,2003
2003-01-31,-0.018641627247826868,ETHSX,healthcare,2003
2003-02-03,0.0020049353124188683,ETHSX,healthcare,2003
2003-02-04,-0.011918345984578773,ETHSX,healthcare,2003
2003-02-05,-0.0019445037334067435,ETHSX,healthcare,2003
2003-02-06,-0.000519468770437776,ETHSX,healthcare,2003
2003-02-07,0.005548230390076887,ETHSX,healthcare,2003
2003-02-10,-0.004722992530032613,ETHSX,healthcare,2003
2003-02-11,0.003936024469478125,ETHSX,healthcare,2003
2003-02-12,-0.003601477420057654,ETHSX,healthcare,2003
2003-02-13,-0.016556727358627198,ETHSX,healthcare,2003
2003-02-14,-0.011125369816447583,ETHSX,healthcare,2003
2003-02-18,0.008919201429429731,ETHSX,healthcare,2003
2003-02-19,-0.0028184534270641924,ETHSX,healthcare,2003
2003-02-20,0.0023386382434673926,ETHSX,healthcare,2003
2003-02-21,-0.0016724480196967633,ETHSX,healthcare,2003
2003-02-24,-0.0034784332700922606,ETHSX,healthcare,2003
2003-02-25,-0.00959318108193066,ETHSX,healthcare,2003
2003-02-26,0.007353660932108566,ETHSX,healthcare,2003
2003-02-27,0.0014633322135780124,ETHSX,healthcare,2003
2003-02-28,-0.0015978136721104784,ETHSX,healthcare,2003
2003-03-03,0.008801839349463318,ETHSX,healthcare,2003
2003-03-04,0.0085275598612293,ETHSX,healthcare,2003
2003-03-05,-0.0017096611259686647,ETHSX,healthcare,2003
2003-03-06,0.0023965233196980972,ETHSX,healthcare,2003
2003-03-07,0.0036756380820956907,ETHSX,healthcare,2003
2003-03-10,0.0028880498065560305,ETHSX,healthcare,2003
2003-03-11,-0.007519820699497823,ETHSX,healthcare,2003
2003-03-12,-0.004376615958405746,ETHSX,healthcare,2003
2003-03-13,-0.007404470632915182,ETHSX,healthcare,2003
2003-03-14,0.0025440381855558487,ETHSX,healthcare,2003
2003-03-17,-0.002746293474571438,ETHSX,healthcare,2003
2003-03-18,0.004228685077123682,ETHSX,healthcare,2003
2003-03-19,-0.0026035803968887964,ETHSX,healthcare,2003
2003-03-20,0.0018650648361123105,ETHSX,healthcare,2003
2003-03-21,-0.0019544920639123567,ETHSX,healthcare,2003
2003-03-24,0.0034711167241886116,ETHSX,healthcare,2003
2003-03-25,0.013025076240235259,ETHSX,healthcare,2003
2003-03-26,-0.0027057915587185544,ETHSX,healthcare,2003
2003-03-27,0.010739231434032619,ETHSX,healthcare,2003
2003-03-28,0.002492481924327385,ETHSX,healthcare,2003
2003-03-31,0.00526159612701012,ETHSX,healthcare,2003
2003-04-01,-0.0023562129525706715,ETHSX,healthcare,2003
2003-04-02,-0.0018952073987742284,ETHSX,healthcare,2003
2003-04-03,0.0022813647156094286,ETHSX,healthcare,2003
2003-04-04,-0.006418246723199271,ETHSX,healthcare,2003
2003-04-07,-0.005119967976345623,ETHSX,healthcare,2003
2003-04-08,-0.002899037421104868,ETHSX,healthcare,2003
2003-04-09,-0.0011688044293647268,ETHSX,healthcare,2003
2003-04-10,-0.012592000883288542,ETHSX,healthcare,2003
2003-04-11,-0.010053023847020021,ETHSX,healthcare,2003
2003-04-14,-0.006523812566997038,ETHSX,healthcare,2003
2003-04-15,0.0012612211043372835,ETHSX,healthcare,2003
2003-04-16,-0.004650665536864532,ETHSX,healthcare,2003
2003-04-17,-0.000491224397282242,ETHSX,healthcare,2003
2003-04-21,-0.001142473964254678,ETHSX,healthcare,2003
2003-04-22,0.00264704587014716,ETHSX,healthcare,2003
2003-04-23,0.017870021930316747,ETHSX,healthcare,2003
2003-04-24,0.015668469725388223,ETHSX,healthcare,2003
2003-04-25,-0.003916197828360514,ETHSX,healthcare,2003
2003-04-28,-0.004320888143606887,ETHSX,healthcare,2003
2003-04-29,-0.0019148771169514435,ETHSX,healthcare,2003
2003-04-30,0.012633196549805952,ETHSX,healthcare,2003
2003-05-01,0.008373165883792158,ETHSX,healthcare,2003
2003-05-02,0.0002783257579146402,ETHSX,healthcare,2003
2003-05-05,0.002449889294069271,ETHSX,healthcare,2003
2003-05-06,-0.0020009666688828266,ETHSX,healthcare,2003
2003-05-07,-0.003000175115921434,ETHSX,healthcare,2003
2003-05-08,-0.001780320173280156,ETHSX,healthcare,2003
2003-05-09,0.007881532473168263,ETHSX,healthcare,2003
2003-05-12,0.002824319868355003,ETHSX,healthcare,2003
2003-05-13,-0.0024022918506282436,ETHSX,healthcare,2003
2003-05-14,0.006118842325328898,ETHSX,healthcare,2003
2003-05-15,0.008630604471209804,ETHSX,healthcare,2003
2003-05-16,-0.0017546145365934323,ETHSX,healthcare,2003
2003-05-19,0.017537653460232686,ETHSX,healthcare,2003
2003-05-20,-0.005651300334619746,ETHSX,healthcare,2003
2003-05-21,-0.004344476559611253,ETHSX,healthcare,2003
2003-05-22,0.02101219225939724,ETHSX,healthcare,2003
2003-05-23,0.0151656830671554,ETHSX,healthcare,2003
2003-05-27,0.014665879755474709,ETHSX,healthcare,2003
2003-05-28,-0.011360582107917004,ETHSX,healthcare,2003
2003-05-29,-0.0059102446318984,ETHSX,healthcare,2003
2003-05-30,0.0010644640698631424,ETHSX,healthcare,2003
2003-06-02,-0.004774587387584889,ETHSX,healthcare,2003
2003-06-03,-0.004762628532365263,ETHSX,healthcare,2003
2003-06-04,0.004393335986759405,ETHSX,healthcare,2003
2003-06-05,0.02586153907405122,ETHSX,healthcare,2003
2003-06-06,-0.0065680318293664785,ETHSX,healthcare,2003
2003-06-09,-0.011079242726224821,ETHSX,healthcare,2003
2003-06-10,-0.0021362786739775284,ETHSX,healthcare,2003
2003-06-11,0.015696944823967565,ETHSX,healthcare,2003
2003-06-12,-0.0028386265566860526,ETHSX,healthcare,2003
2003-06-13,-0.0033341228031965927,ETHSX,healthcare,2003
2003-06-16,0.010007431704426143,ETHSX,healthcare,2003
2003-06-17,0.004818415639621926,ETHSX,healthcare,2003
2003-06-18,-0.015982498011098543,ETHSX,healthcare,2003
2003-06-19,-0.011851004550140121,ETHSX,healthcare,2003
2003-06-20,0.008932337542879252,ETHSX,healthcare,2003
2003-06-23,-0.01632336416885398,ETHSX,healthcare,2003
2003-06-24,-0.0054909008849885034,ETHSX,healthcare,2003
2003-06-25,0.008934583797808147,ETHSX,healthcare,2003
2003-06-26,-0.002208727102905695,ETHSX,healthcare,2003
2003-06-27,-0.0006523058151625596,ETHSX,healthcare,2003
2003-06-30,-0.007701177444721595,ETHSX,healthcare,2003
2003-07-01,-0.007821851146167128,ETHSX,healthcare,2003
2003-07-02,0.0059073856589416,ETHSX,healthcare,2003
2003-07-03,0.00590867550308028,ETHSX,healthcare,2003
2003-07-07,-0.0002327823202842097,ETHSX,healthcare,2003
2003-07-08,0.003495647874836,ETHSX,healthcare,2003
2003-07-09,0.011655484467226238,ETHSX,healthcare,2003
2003-07-10,0.002676890358620305,ETHSX,healthcare,2003
2003-07-11,-0.002737199588906631,ETHSX,healthcare,2003
2003-07-14,0.009368939458432805,ETHSX,healthcare,2003
2003-07-15,0.0014502705476650492,ETHSX,healthcare,2003
2003-07-16,0.00029828729390839887,ETHSX,healthcare,2003
2003-07-17,0.0008128952947652947,ETHSX,healthcare,2003
2003-07-18,-0.0033997264280317347,ETHSX,healthcare,2003
2003-07-21,0.0013478410790825034,ETHSX,healthcare,2003
2003-07-22,-0.0034653270023358006,ETHSX,healthcare,2003
2003-07-23,0.009616047295169633,ETHSX,healthcare,2003
2003-07-24,0.004778249870245158,ETHSX,healthcare,2003
2003-07-25,-0.005315843512138844,ETHSX,healthcare,2003
2003-07-28,0.011964354154090343,ETHSX,healthcare,2003
2003-07-29,-0.0027156599313817465,ETHSX,healthcare,2003
2003-07-30,-0.007621561029982312,ETHSX,healthcare,2003
2003-07-31,-0.00221212579261188,ETHSX,healthcare,2003
2003-08-01,-0.01700966403293051,ETHSX,healthcare,2003
2003-08-04,-0.0003257245826482741,ETHSX,healthcare,2003
2003-08-05,-0.007542465976290321,ETHSX,healthcare,2003
2003-08-06,-0.018134530894673442,ETHSX,healthcare,2003
2003-08-07,0.0010672817113205977,ETHSX,healthcare,2003
2003-08-08,-0.009213903691804696,ETHSX,healthcare,2003
2003-08-11,0.005423242709296819,ETHSX,healthcare,2003
2003-08-12,0.005356907135768371,ETHSX,healthcare,2003
2003-08-13,-0.00478035337361029,ETHSX,healthcare,2003
2003-08-14,-0.001455803959958645,ETHSX,healthcare,2003
2003-08-15,0.0003931925686180616,ETHSX,healthcare,2003
2003-08-18,0.003477141937680543,ETHSX,healthcare,2003
2003-08-19,-0.00768303114523506,ETHSX,healthcare,2003
2003-08-20,0.0019037534860442823,ETHSX,healthcare,2003
2003-08-21,0.006772259080057956,ETHSX,healthcare,2003
2003-08-22,-0.01037980005341562,ETHSX,healthcare,2003
2003-08-25,-0.0016300011276259136,ETHSX,healthcare,2003
2003-08-26,-0.005048437813782808,ETHSX,healthcare,2003
2003-08-27,0.0048777090280860014,ETHSX,healthcare,2003
2003-08-28,0.0033074971952209223,ETHSX,healthcare,2003
2003-08-29,-0.00044310806707709843,ETHSX,healthcare,2003
2003-09-02,-0.011226914376982217,ETHSX,healthcare,2003
2003-09-03,0.00699690241003947,ETHSX,healthcare,2003
2003-09-04,0.010896974580209993,ETHSX,healthcare,2003
2003-09-05,0.006321919617548272,ETHSX,healthcare,2003
2003-09-08,0.02003626114360217,ETHSX,healthcare,2003
2003-09-09,0.009063944295044766,ETHSX,healthcare,2003
2003-09-10,-0.0072663703940169435,ETHSX,healthcare,2003
2003-09-11,0.0034351005171498732,ETHSX,healthcare,2003
2003-09-12,0.0012217791809603245,ETHSX,healthcare,2003
2003-09-15,0.0015154428378231048,ETHSX,healthcare,2003
2003-09-16,-0.009141320218624035,ETHSX,healthcare,2003
2003-09-17,0.006315079186848716,ETHSX,healthcare,2003
2003-09-18,-0.0018490685941309117,ETHSX,healthcare,2003
2003-09-19,0.003810562564469208,ETHSX,healthcare,2003
2003-09-22,-0.006556147937520029,ETHSX,healthcare,2003
2003-09-23,0.0036955136266513767,ETHSX,healthcare,2003
2003-09-24,-0.00807054461962619,ETHSX,healthcare,2003
2003-09-25,-0.0019069176791980912,ETHSX,healthcare,2003
2003-09-26,-0.018461403307856387,ETHSX,healthcare,2003
2003-09-29,0.00020297262468562706,ETHSX,healthcare,2003
2003-09-30,0.0033545651193082693,ETHSX,healthcare,2003
2003-10-01,-0.002838593684016214,ETHSX,healthcare,2003
2003-10-02,0.009239695402479145,ETHSX,healthcare,2003
2003-10-03,-0.0077860843792392,ETHSX,healthcare,2003
2003-10-06,-0.009171306300128773,ETHSX,healthcare,2003
2003-10-07,-0.0024223983975352496,ETHSX,healthcare,2003
2003-10-08,-0.013809775851950147,ETHSX,healthcare,2003
2003-10-09,0.00693883639336685,ETHSX,healthcare,2003
2003-10-10,-0.0005059803294950316,ETHSX,healthcare,2003
2003-10-13,0.00541580730461336,ETHSX,healthcare,2003
2003-10-14,-0.004223702423347888,ETHSX,healthcare,2003
2003-10-15,-0.00847228951009264,ETHSX,healthcare,2003
2003-10-16,-0.006703211995396637,ETHSX,healthcare,2003
2003-10-17,-0.00921894181543611,ETHSX,healthcare,2003
2003-10-20,-0.007472495596350054,ETHSX,healthcare,2003
2003-10-21,0.01704205222517874,ETHSX,healthcare,2003
2003-10-22,-0.015247048559207589,ETHSX,healthcare,2003
2003-10-23,0.0033169204240753223,ETHSX,healthcare,2003
2003-10-24,0.002156208409344118,ETHSX,healthcare,2003
2003-10-27,0.0014188895241309127,ETHSX,healthcare,2003
2003-10-28,0.005668320166526956,ETHSX,healthcare,2003
2003-10-29,-0.0014096973297205108,ETHSX,healthcare,2003
2003-10-30,-0.008315925519202898,ETHSX,healthcare,2003
2003-10-31,0.00044589691066346764,ETHSX,healthcare,2003
2003-11-03,-0.011982330278273962,ETHSX,healthcare,2003
2003-11-04,0.0003767728810941285,ETHSX,healthcare,2003
2003-11-05,0.0022472291534723944,ETHSX,healthcare,2003
2003-11-06,-0.004627781053645842,ETHSX,healthcare,2003
2003-11-07,0.004652504450748612,ETHSX,healthcare,2003
2003-11-10,-0.01610388211960202,ETHSX,healthcare,2003
2003-11-11,-0.007661257941281972,ETHSX,healthcare,2003
2003-11-12,0.013425442648575208,ETHSX,healthcare,2003
2003-11-13,0.012223877024840282,ETHSX,healthcare,2003
2003-11-14,0.00024615072632037504,ETHSX,healthcare,2003
2003-11-17,-0.00047205255244378705,ETHSX,healthcare,2003
2003-11-18,0.0049328857622383164,ETHSX,healthcare,2003
2003-11-19,-0.0018862603715978261,ETHSX,healthcare,2003
2003-11-20,0.0027317127688536837,ETHSX,healthcare,2003
2003-11-21,-0.017539300124467874,ETHSX,healthcare,2003
2003-11-24,0.009423870817601931,ETHSX,healthcare,2003
2003-11-25,-0.00869587152626991,ETHSX,healthcare,2003
2003-11-26,0.001014106168459269,ETHSX,healthcare,2003
2003-11-28,0.0022405270228038413,ETHSX,healthcare,2003
2003-12-01,0.006729409337897663,ETHSX,healthcare,2003
2003-12-02,0.0058724722066499264,ETHSX,healthcare,2003
2003-12-03,-0.005249097217674801,ETHSX,healthcare,2003
2003-12-04,-0.004705687155984789,ETHSX,healthcare,2003
2003-12-05,-0.006128505260346756,ETHSX,healthcare,2003
2003-12-08,0.007908347088895578,ETHSX,healthcare,2003
2003-12-09,-0.0013358035716083535,ETHSX,healthcare,2003
2003-12-10,-0.007587152961657643,ETHSX,healthcare,2003
2003-12-11,0.006371494502193414,ETHSX,healthcare,2003
2003-12-12,0.004329270394090993,ETHSX,healthcare,2003
2003-12-15,0.001668606487026692,ETHSX,healthcare,2003
2003-12-16,-0.0014524801868131413,ETHSX,healthcare,2003
2003-12-17,-0.003913327417947195,ETHSX,healthcare,2003
2003-12-18,-0.00017142637383190176,ETHSX,healthcare,2003
2003-12-19,0.003984757831748512,ETHSX,healthcare,2003
2003-12-22,-0.004978593709197321,ETHSX,healthcare,2003
2003-12-23,0.006297917621422049,ETHSX,healthcare,2003
2003-12-24,0.0004894263976776723,ETHSX,healthcare,2003
2003-12-26,-0.0029454263830260303,ETHSX,healthcare,2003
2003-12-29,0.002050386674986384,ETHSX,healthcare,2003
2003-12-30,0.0005296656602105491,ETHSX,healthcare,2003
2004-01-05,-0.006705136619029803,ETHSX,healthcare,2004
2004-01-06,0.0030672440336645497,ETHSX,healthcare,2004
2004-01-07,0.0014263735940943526,ETHSX,healthcare,2004
2004-01-08,-0.00810207693355531,ETHSX,healthcare,2004
2004-01-09,0.004754333224440641,ETHSX,healthcare,2004
2004-01-12,-0.007878814224492083,ETHSX,healthcare,2004
2004-01-13,0.005531301857911948,ETHSX,healthcare,2004
2004-01-14,-0.005955348538947018,ETHSX,healthcare,2004
2004-01-15,0.0067102845842631955,ETHSX,healthcare,2004
2004-01-16,0.008642277584726112,ETHSX,healthcare,2004
2004-01-20,0.0023975664671115893,ETHSX,healthcare,2004
2004-01-21,0.006116387263981041,ETHSX,healthcare,2004
2004-01-22,0.002054271533415082,ETHSX,healthcare,2004
2004-01-23,0.004638511210710799,ETHSX,healthcare,2004
2004-01-26,-0.008768940047407246,ETHSX,healthcare,2004
2004-01-27,0.004707831896164459,ETHSX,healthcare,2004
2004-01-28,-0.0017362323062729713,ETHSX,healthcare,2004
2004-01-29,0.010762599026268414,ETHSX,healthcare,2004
2004-01-30,-0.0046287639322989795,ETHSX,healthcare,2004
2004-02-02,0.0031781668930951027,ETHSX,healthcare,2004
2004-02-03,0.00677142589981335,ETHSX,healthcare,2004
2004-02-04,-0.0033041096112713317,ETHSX,healthcare,2004
2004-02-05,-0.0020529947562093,ETHSX,healthcare,2004
2004-02-06,0.0004652943869230125,ETHSX,healthcare,2004
2004-02-09,-0.0010674464275071452,ETHSX,healthcare,2004
2004-02-10,0.005219346160837337,ETHSX,healthcare,2004
2004-02-11,-0.0029083776900175416,ETHSX,healthcare,2004
2004-02-12,0.0013039929970908733,ETHSX,healthcare,2004
2004-02-13,-0.0033812770033588247,ETHSX,healthcare,2004
2004-02-17,-0.006833552358007634,ETHSX,healthcare,2004
2004-02-18,0.0021210050068930257,ETHSX,healthcare,2004
2004-02-19,-0.000513694304830511,ETHSX,healthcare,2004
2004-02-20,-0.004132390828480831,ETHSX,healthcare,2004
2004-02-23,-0.0037906632934463355,ETHSX,healthcare,2004
2004-02-24,0.0011065705500357239,ETHSX,healthcare,2004
2004-02-25,0.003325949287847787,ETHSX,healthcare,2004
2004-02-26,0.0071751245470129225,ETHSX,healthcare,2004
2004-02-27,0.0013148171655020897,ETHSX,healthcare,2004
2004-03-01,-0.0049332829950520605,ETHSX,healthcare,2004
2004-03-02,0.0008827330782471745,ETHSX,healthcare,2004
2004-03-03,0.001986573491729697,ETHSX,healthcare,2004
2004-03-04,0.007750798556598815,ETHSX,healthcare,2004
2004-03-05,0.00586865107643443,ETHSX,healthcare,2004
2004-03-08,0.0014065414971095574,ETHSX,healthcare,2004
2004-03-09,-0.0029814572956811366,ETHSX,healthcare,2004
2004-03-10,-0.0004782520529755946,ETHSX,healthcare,2004
2004-03-11,0.0008016381371338255,ETHSX,healthcare,2004
2004-03-12,-0.001440980744110804,ETHSX,healthcare,2004
2004-03-15,-0.005777270233270583,ETHSX,healthcare,2004
2004-03-16,-0.00561263078200401,ETHSX,healthcare,2004
2004-03-17,-0.00020454038899335447,ETHSX,healthcare,2004
2004-03-18,0.0008527549765061147,ETHSX,healthcare,2004
2004-03-19,0.011902167002237583,ETHSX,healthcare,2004
2004-03-22,-0.0074584533324706225,ETHSX,healthcare,2004
2004-03-23,-0.0009332163001329261,ETHSX,healthcare,2004
2004-03-24,-0.0027262136839789983,ETHSX,healthcare,2004
2004-03-25,0.0037823876931017165,ETHSX,healthcare,2004
2004-03-26,-0.007014840241313125,ETHSX,healthcare,2004
2004-03-29,0.00567045237796116,ETHSX,healthcare,2004
2004-03-30,-0.0025375899142101544,ETHSX,healthcare,2004
2004-03-31,-0.00011480343680062596,ETHSX,healthcare,2004
2004-04-01,0.004276684514148705,ETHSX,healthcare,2004
2004-04-02,0.004397234830278707,ETHSX,healthcare,2004
2004-04-05,0.0008097429303901066,ETHSX,healthcare,2004
2004-04-06,-0.005740616847234092,ETHSX,healthcare,2004
2004-04-07,0.0008314766740271625,ETHSX,healthcare,2004
2004-04-08,-0.0021156723390431858,ETHSX,healthcare,2004
2004-04-12,0.0016173179341394022,ETHSX,healthcare,2004
2004-04-13,0.00024119857828108077,ETHSX,healthcare,2004
2004-04-14,-0.0025283159242474535,ETHSX,healthcare,2004
2004-04-15,0.01106489013638164,ETHSX,healthcare,2004
2004-04-16,0.003293258863119033,ETHSX,healthcare,2004
2004-04-19,0.01250364415809452,ETHSX,healthcare,2004
2004-04-20,0.0034596005555678298,ETHSX,healthcare,2004
2004-04-21,-0.006181468622257607,ETHSX,healthcare,2004
2004-04-22,-0.0056077705276437705,ETHSX,healthcare,2004
2004-04-23,6.226580892158275e-05,ETHSX,healthcare,2004
2004-04-26,0.037442861978355196,ETHSX,healthcare,2004
2004-04-27,-0.0026009847876741687,ETHSX,healthcare,2004
2004-04-28,-0.008468426212346636,ETHSX,healthcare,2004
2004-04-29,0.0013524308311112735,ETHSX,healthcare,2004
2004-04-30,-0.000742016960074518,ETHSX,healthcare,2004
2004-05-03,-0.0001434369704773255,ETHSX,healthcare,2004
2004-05-04,-0.0008297713247270742,ETHSX,healthcare,2004
2004-05-05,-0.0011984505467077383,ETHSX,healthcare,2004
2004-05-06,-0.0007287315598632875,ETHSX,healthcare,2004
2004-05-07,0.0002761426208648006,ETHSX,healthcare,2004
2004-05-10,-0.01072586087776122,ETHSX,healthcare,2004
2004-05-11,0.0037281292068235133,ETHSX,healthcare,2004
2004-05-12,-0.0009616756134497384,ETHSX,healthcare,2004
2004-05-13,-0.0010774579023364638,ETHSX,healthcare,2004
2004-05-14,-0.0022664020434268687,ETHSX,healthcare,2004
2004-05-17,0.0017046415181816033,ETHSX,healthcare,2004
2004-05-18,-0.005324555017509191,ETHSX,healthcare,2004
2004-05-19,2.8492360919323695e-05,ETHSX,healthcare,2004
2004-05-20,-0.009220519779802313,ETHSX,healthcare,2004
2004-05-21,0.00421539650563699,ETHSX,healthcare,2004
2004-05-24,-0.004395454058319912,ETHSX,healthcare,2004
2004-05-25,-0.001678475869103727,ETHSX,healthcare,2004
2004-05-26,0.00606828405442909,ETHSX,healthcare,2004
2004-05-27,-0.0021043087902304553,ETHSX,healthcare,2004
2004-05-28,-0.003561845579104971,ETHSX,healthcare,2004
2004-06-01,0.007381415871361987,ETHSX,healthcare,2004
2004-06-02,-0.001980939120735197,ETHSX,healthcare,2004
2004-06-03,-0.00315842535192672,ETHSX,healthcare,2004
2004-06-04,-0.003652261099243271,ETHSX,healthcare,2004
2004-06-07,-0.010651881744770855,ETHSX,healthcare,2004
2004-06-08,-0.008042401936278367,ETHSX,healthcare,2004
2004-06-09,-0.01662770124028501,ETHSX,healthcare,2004
2004-06-10,-0.004204219606915449,ETHSX,healthcare,2004
2004-06-14,0.006985571924217439,ETHSX,healthcare,2004
2004-06-15,-0.0045538038203027115,ETHSX,healthcare,2004
2004-06-16,0.009262626582603559,ETHSX,healthcare,2004
2004-06-17,-0.0011463383322318508,ETHSX,healthcare,2004
2004-06-18,7.962944488284292e-05,ETHSX,healthcare,2004
2004-06-21,-0.0006133000905295871,ETHSX,healthcare,2004
2004-06-22,-0.004331430478768851,ETHSX,healthcare,2004
2004-06-23,0.005560788218171544,ETHSX,healthcare,2004
2004-06-24,0.009413638601646582,ETHSX,healthcare,2004
2004-06-25,0.006374616723710783,ETHSX,healthcare,2004
2004-06-28,-0.0018826237689503825,ETHSX,healthcare,2004
2004-06-29,-0.0024055772527698787,ETHSX,healthcare,2004
2004-06-30,0.00014259176324573405,ETHSX,healthcare,2004
2004-07-01,0.003749122248752108,ETHSX,healthcare,2004
2004-07-02,0.004643279778717641,ETHSX,healthcare,2004
2004-07-06,-0.00773174740258315,ETHSX,healthcare,2004
2004-07-07,-0.004031628243029747,ETHSX,healthcare,2004
2004-07-08,-0.004113577080238369,ETHSX,healthcare,2004
2004-07-09,-0.0036661482570956557,ETHSX,healthcare,2004
2004-07-12,-0.0003180569982514745,ETHSX,healthcare,2004
2004-07-13,0.00039061777078640357,ETHSX,healthcare,2004
2004-07-14,0.010482077532521113,ETHSX,healthcare,2004
2004-07-15,0.002239710985529073,ETHSX,healthcare,2004
2004-07-16,-0.01191951414704499,ETHSX,healthcare,2004
2004-07-19,-0.004304483639561583,ETHSX,healthcare,2004
2004-07-20,-0.00040377684662208993,ETHSX,healthcare,2004
2004-07-21,-0.0008704209101135299,ETHSX,healthcare,2004
2004-07-22,0.0023298477637330797,ETHSX,healthcare,2004
2004-07-23,-0.0060588912966770755,ETHSX,healthcare,2004
2004-07-26,-0.005006501007668573,ETHSX,healthcare,2004
2004-07-27,0.006702182625472229,ETHSX,healthcare,2004
2004-07-28,-0.002076025291149337,ETHSX,healthcare,2004
2004-07-29,0.0006611324803321352,ETHSX,healthcare,2004
2004-07-30,0.004673490036740728,ETHSX,healthcare,2004
2004-08-02,-0.012254351735269906,ETHSX,healthcare,2004
2004-08-03,-0.0026865096210951546,ETHSX,healthcare,2004
2004-08-04,-0.007000204221311721,ETHSX,healthcare,2004
2004-08-05,0.002278915327234298,ETHSX,healthcare,2004
2004-08-06,-0.0001885101625793209,ETHSX,healthcare,2004
2004-08-09,-0.005679773891113713,ETHSX,healthcare,2004
2004-08-10,-0.0008699765735936879,ETHSX,healthcare,2004
2004-08-11,0.015228343655392107,ETHSX,healthcare,2004
2004-08-12,0.005717086581554462,ETHSX,healthcare,2004
2004-08-13,-0.011544322618037211,ETHSX,healthcare,2004
2004-08-16,0.009293922553489969,ETHSX,healthcare,2004
2004-08-17,-0.0017595322081757755,ETHSX,healthcare,2004
2004-08-18,0.008880014083323106,ETHSX,healthcare,2004
2004-08-19,0.0002549021983740958,ETHSX,healthcare,2004
2004-08-20,0.004892371586751567,ETHSX,healthcare,2004
2004-08-23,-0.0052143900083936575,ETHSX,healthcare,2004
2004-08-24,0.0007390530788045774,ETHSX,healthcare,2004
2004-08-25,0.0050579197769309485,ETHSX,healthcare,2004
2004-08-26,-0.0018548095799770794,ETHSX,healthcare,2004
2004-08-27,0.009921185613417817,ETHSX,healthcare,2004
2004-08-30,-0.009853660497288055,ETHSX,healthcare,2004
2004-08-31,0.0026140970124596307,ETHSX,healthcare,2004
2004-09-01,0.009243807119091039,ETHSX,healthcare,2004
2004-09-02,-0.001154012048609489,ETHSX,healthcare,2004
2004-09-03,-0.0062692537215114615,ETHSX,healthcare,2004
2004-09-07,0.0029882341218104586,ETHSX,healthcare,2004
2004-09-08,-0.004064826801833367,ETHSX,healthcare,2004
2004-09-09,0.0011376922755716398,ETHSX,healthcare,2004
2004-09-10,0.0005375249501388983,ETHSX,healthcare,2004
2004-09-13,0.005532097735072694,ETHSX,healthcare,2004
2004-09-14,0.005825773272103087,ETHSX,healthcare,2004
2004-09-15,0.0015862050136001117,ETHSX,healthcare,2004
2004-09-16,0.0017965498078795798,ETHSX,healthcare,2004
2004-09-17,-0.0005528590479038477,ETHSX,healthcare,2004
2004-09-20,0.0057446299383814734,ETHSX,healthcare,2004
2004-09-21,0.006143011175695446,ETHSX,healthcare,2004
2004-09-22,-0.006478409062561983,ETHSX,healthcare,2004
2004-09-23,0.004063514352701949,ETHSX,healthcare,2004
2004-09-24,-0.007798937249544789,ETHSX,healthcare,2004
2004-09-27,-0.004758262592098262,ETHSX,healthcare,2004
2004-09-28,0.0009604927534644005,ETHSX,healthcare,2004
2004-09-29,-0.005314263784929298,ETHSX,healthcare,2004
2004-09-30,0.0009492302177835074,ETHSX,healthcare,2004
2004-10-01,-0.00532443164809002,ETHSX,healthcare,2004
2004-10-04,0.00522317782869854,ETHSX,healthcare,2004
2004-10-05,-0.0013800826944618523,ETHSX,healthcare,2004
2004-10-06,-0.009245866291505008,ETHSX,healthcare,2004
2004-10-07,-0.013582727683094126,ETHSX,healthcare,2004
2004-10-08,0.004178611895637598,ETHSX,healthcare,2004
2004-10-11,0.0037866345161037766,ETHSX,healthcare,2004
2004-10-12,-0.003593400305922042,ETHSX,healthcare,2004
2004-10-13,-0.004370514774532749,ETHSX,healthcare,2004
2004-10-14,0.0038450422274199604,ETHSX,healthcare,2004
2004-10-15,-0.0018219039339113126,ETHSX,healthcare,2004
2004-10-18,0.010399547730350376,ETHSX,healthcare,2004
2004-10-19,0.00025086946318407174,ETHSX,healthcare,2004
2004-10-20,0.0013151866793679153,ETHSX,healthcare,2004
2004-10-21,-0.012030980202560587,ETHSX,healthcare,2004
2004-10-22,0.0001070477892828707,ETHSX,healthcare,2004
2004-10-25,-0.013080507639790538,ETHSX,healthcare,2004
2004-10-26,-0.0027964470779738883,ETHSX,healthcare,2004
2004-10-27,0.010986349955042102,ETHSX,healthcare,2004
2004-10-28,-0.0041280060358999775,ETHSX,healthcare,2004
2004-10-29,-0.002687291003549805,ETHSX,healthcare,2004
2004-11-01,-0.011988426975714664,ETHSX,healthcare,2004
2004-11-02,-0.009474167407519414,ETHSX,healthcare,2004
2004-11-03,0.013444731240714401,ETHSX,healthcare,2004
2004-11-04,-0.009654930225056922,ETHSX,healthcare,2004
2004-11-05,0.009440367992365157,ETHSX,healthcare,2004
2004-11-08,-0.006171703216291081,ETHSX,healthcare,2004
2004-11-09,0.0023100576709642684,ETHSX,healthcare,2004
2004-11-10,-0.00166745617071418,ETHSX,healthcare,2004
2004-11-11,-0.00212855084741334,ETHSX,healthcare,2004
2004-11-12,-0.004456896654789674,ETHSX,healthcare,2004
2004-11-15,-0.0025074930542785343,ETHSX,healthcare,2004
2004-11-16,0.0010472415539579403,ETHSX,healthcare,2004
2004-11-17,-0.003314053806073788,ETHSX,healthcare,2004
2004-11-18,-0.0003076302636419086,ETHSX,healthcare,2004
2004-11-19,-0.0025963468929304217,ETHSX,healthcare,2004
2004-11-22,-0.005028305416298856,ETHSX,healthcare,2004
2004-11-23,-0.007535036486993753,ETHSX,healthcare,2004
2004-11-24,0.001639632928245282,ETHSX,healthcare,2004
2004-11-26,0.005034152015778442,ETHSX,healthcare,2004
2004-11-29,0.008156723908476958,ETHSX,healthcare,2004
2004-11-30,-0.006581921006357006,ETHSX,healthcare,2004
2004-12-01,-0.002136790040187025,ETHSX,healthcare,2004
2004-12-02,0.010233410812385248,ETHSX,healthcare,2004
2004-12-03,0.0018880733990945715,ETHSX,healthcare,2004
2004-12-06,-0.003410468197135043,ETHSX,healthcare,2004
2004-12-07,-0.0045347594291749015,ETHSX,healthcare,2004
2004-12-08,0.006867713403337345,ETHSX,healthcare,2004
2004-12-09,0.004253405250637792,ETHSX,healthcare,2004
2004-12-10,-0.002895602331563162,ETHSX,healthcare,2004
2004-12-13,0.0025063238960970936,ETHSX,healthcare,2004
2004-12-14,0.0002658218479241613,ETHSX,healthcare,2004
2004-12-15,-0.0025845848675906673,ETHSX,healthcare,2004
2004-12-16,-0.00017187254615101547,ETHSX,healthcare,2004
2004-12-17,0.009385131548110739,ETHSX,healthcare,2004
2004-12-20,-0.00010420495240069698,ETHSX,healthcare,2004
2004-12-21,-0.0014193988495950936,ETHSX,healthcare,2004
2004-12-22,0.0043017450785100145,ETHSX,healthcare,2004
2004-12-23,0.008944480229558174,ETHSX,healthcare,2004
2004-12-27,0.004324209938276264,ETHSX,healthcare,2004
2004-12-28,0.008420319641213467,ETHSX,healthcare,2004
2004-12-29,-0.0033187663643083837,ETHSX,healthcare,2004
2004-12-30,0.0031716419997900942,ETHSX,healthcare,2004
2005-01-05,0.0005258650996040762,ETHSX,healthcare,2005
2005-01-06,0.0024611867398960053,ETHSX,healthcare,2005
2005-01-07,-0.0029220854243559424,ETHSX,healthcare,2005
2005-01-10,0.000793589307535105,ETHSX,healthcare,2005
2005-01-11,-0.0033215723136099263,ETHSX,healthcare,2005
2005-01-12,0.004881948619425936,ETHSX,healthcare,2005
2005-01-13,-0.008209388775957279,ETHSX,healthcare,2005
2005-01-14,0.0004061585861637679,ETHSX,healthcare,2005
2005-01-18,-0.0008459553792272787,ETHSX,healthcare,2005
2005-01-19,-0.0023908893785107594,ETHSX,healthcare,2005
2005-01-20,-0.003110708853704597,ETHSX,healthcare,2005
2005-01-21,-0.0011741476466781212,ETHSX,healthcare,2005
2005-01-24,-0.010512069177763934,ETHSX,healthcare,2005
2005-01-25,0.0014947753863977752,ETHSX,healthcare,2005
2005-01-26,0.010328830791207251,ETHSX,healthcare,2005
2005-01-27,-0.002588622546865522,ETHSX,healthcare,2005
2005-01-28,-0.010085508355210375,ETHSX,healthcare,2005
2005-01-31,-0.0012662741236389484,ETHSX,healthcare,2005
2005-02-01,-0.003372598771538389,ETHSX,healthcare,2005
2005-02-02,-0.004651814568187198,ETHSX,healthcare,2005
2005-02-03,-0.0030820891076819134,ETHSX,healthcare,2005
2005-02-04,0.006098435011798575,ETHSX,healthcare,2005
2005-02-07,-0.0011120323468202125,ETHSX,healthcare,2005
2005-02-08,-0.009040784245692756,ETHSX,healthcare,2005
2005-02-09,-0.009049855442679668,ETHSX,healthcare,2005
2005-02-10,-0.002130966987144943,ETHSX,healthcare,2005
2005-02-11,0.0018743170267549337,ETHSX,healthcare,2005
2005-02-14,0.00037893855179694234,ETHSX,healthcare,2005
2005-02-15,-0.002241977355836297,ETHSX,healthcare,2005
2005-02-16,-0.0037456171301464758,ETHSX,healthcare,2005
2005-02-17,0.005315660718096305,ETHSX,healthcare,2005
2005-02-18,0.001700020558609729,ETHSX,healthcare,2005
2005-02-22,0.011799772685392366,ETHSX,healthcare,2005
2005-02-23,-0.009010062739727128,ETHSX,healthcare,2005
2005-02-24,-0.0015717598714945118,ETHSX,healthcare,2005
2005-02-25,0.004721543464217203,ETHSX,healthcare,2005
2005-02-28,-0.022427808403919766,ETHSX,healthcare,2005
2005-03-01,0.0038427438069343466,ETHSX,healthcare,2005
2005-03-02,-0.0018291203407658104,ETHSX,healthcare,2005
2005-03-03,-0.0055824848279301745,ETHSX,healthcare,2005
2005-03-04,-0.011306980449726169,ETHSX,healthcare,2005
2005-03-07,-0.0046632928202557655,ETHSX,healthcare,2005
2005-03-08,-0.0032853525666815897,ETHSX,healthcare,2005
2005-03-09,-0.0014481000004140463,ETHSX,healthcare,2005
2005-03-10,-0.0009971173005365215,ETHSX,healthcare,2005
2005-03-11,0.002353346818211823,ETHSX,healthcare,2005
2005-03-14,0.012318985506961195,ETHSX,healthcare,2005
2005-03-15,-0.005743529570818229,ETHSX,healthcare,2005
2005-03-16,0.0014980873143840391,ETHSX,healthcare,2005
2005-03-17,-0.002886792825075975,ETHSX,healthcare,2005
2005-03-18,0.002177305582995248,ETHSX,healthcare,2005
2005-03-21,0.003812900416943375,ETHSX,healthcare,2005
2005-03-22,0.00695907476597034,ETHSX,healthcare,2005
2005-03-23,0.00633124751844373,ETHSX,healthcare,2005
2005-03-24,0.0029198758314967505,ETHSX,healthcare,2005
2005-03-28,-0.013679700146342608,ETHSX,healthcare,2005
2005-03-29,-0.01039111756520281,ETHSX,healthcare,2005
2005-03-30,0.0009579830744235653,ETHSX,healthcare,2005
2005-03-31,-0.001836755087088704,ETHSX,healthcare,2005
2005-04-01,-0.0059750736932881465,ETHSX,healthcare,2005
2005-04-04,-0.003705900953789122,ETHSX,healthcare,2005
2005-04-05,0.012804713351116003,ETHSX,healthcare,2005
2005-04-06,0.010456066493516974,ETHSX,healthcare,2005
2005-04-07,0.0097423461623466,ETHSX,healthcare,2005
2005-04-08,0.0021310967159237732,ETHSX,healthcare,2005
2005-04-11,0.0022056062610533687,ETHSX,healthcare,2005
2005-04-12,0.000659754398799315,ETHSX,healthcare,2005
2005-04-13,0.014349250802796636,ETHSX,healthcare,2005
2005-04-14,0.006315946362820856,ETHSX,healthcare,2005
2005-04-15,0.02819536174132921,ETHSX,healthcare,2005
2005-04-18,-0.011605022957648738,ETHSX,healthcare,2005
2005-04-19,0.0003355308044613063,ETHSX,healthcare,2005
2005-04-20,0.002137148766164226,ETHSX,healthcare,2005
2005-04-21,7.224240143090255e-05,ETHSX,healthcare,2005
2005-04-22,-0.006998637653441192,ETHSX,healthcare,2005
2005-04-25,-0.0045477020230023785,ETHSX,healthcare,2005
2005-04-26,0.005645318883404637,ETHSX,healthcare,2005
2005-04-27,0.0015925385383501814,ETHSX,healthcare,2005
2005-04-28,-0.005926386822194983,ETHSX,healthcare,2005
2005-04-29,-0.0011387688422528717,ETHSX,healthcare,2005
2005-05-02,-0.0027724153202874015,ETHSX,healthcare,2005
2005-05-03,0.0013693466350620082,ETHSX,healthcare,2005
2005-05-04,0.002454271310005575,ETHSX,healthcare,2005
2005-05-05,-0.005842444255983941,ETHSX,healthcare,2005
2005-05-06,0.005287845541574392,ETHSX,healthcare,2005
2005-05-09,0.0006465942363718538,ETHSX,healthcare,2005
2005-05-10,0.008149797729049493,ETHSX,healthcare,2005
2005-05-11,-0.0017241729223986175,ETHSX,healthcare,2005
2005-05-12,0.0018384650479814817,ETHSX,healthcare,2005
2005-05-13,-0.005502703247684709,ETHSX,healthcare,2005
2005-05-16,-0.0018299726226831577,ETHSX,healthcare,2005
2005-05-17,-0.00956078744185681,ETHSX,healthcare,2005
2005-05-18,-0.00656934073552279,ETHSX,healthcare,2005
2005-05-19,-0.004613513467184735,ETHSX,healthcare,2005
2005-05-20,-0.004007124835442598,ETHSX,healthcare,2005
2005-05-23,0.0002563160122942103,ETHSX,healthcare,2005
2005-05-24,0.005615622982409167,ETHSX,healthcare,2005
2005-05-25,-0.0035483076392287477,ETHSX,healthcare,2005
2005-05-26,0.0003784510353156264,ETHSX,healthcare,2005
2005-05-27,-0.0015705396695103273,ETHSX,healthcare,2005
2005-05-31,-0.006833637018578218,ETHSX,healthcare,2005
2005-06-01,-0.001163086898175735,ETHSX,healthcare,2005
2005-06-02,0.0009963699681708907,ETHSX,healthcare,2005
2005-06-03,-0.005991208707526846,ETHSX,healthcare,2005
2005-06-06,-0.0004784330509358944,ETHSX,healthcare,2005
2005-06-07,-0.006805810576718224,ETHSX,healthcare,2005
2005-06-08,-0.0027506288910911533,ETHSX,healthcare,2005
2005-06-09,-4.330138073332587e-05,ETHSX,healthcare,2005
2005-06-10,0.0006541047697954218,ETHSX,healthcare,2005
2005-06-13,-0.004786781097599207,ETHSX,healthcare,2005
2005-06-14,0.002923754524155271,ETHSX,healthcare,2005
2005-06-15,-0.0017625478399439858,ETHSX,healthcare,2005
2005-06-16,0.008706379657878715,ETHSX,healthcare,2005
2005-06-17,0.0017257614245034716,ETHSX,healthcare,2005
2005-06-20,0.001478603092648768,ETHSX,healthcare,2005
2005-06-21,-0.0006897591863093531,ETHSX,healthcare,2005
2005-06-22,-0.0028545519853216536,ETHSX,healthcare,2005
2005-06-23,0.005245514886285355,ETHSX,healthcare,2005
2005-06-24,0.005713418475995957,ETHSX,healthcare,2005
2005-06-27,-0.005338871830841374,ETHSX,healthcare,2005
2005-06-28,0.003923467052642768,ETHSX,healthcare,2005
2005-06-29,-0.0020031270770194723,ETHSX,healthcare,2005
2005-06-30,-0.0027470221841943473,ETHSX,healthcare,2005
2005-07-01,-0.0105509780277541,ETHSX,healthcare,2005
2005-07-05,0.0022999437323764638,ETHSX,healthcare,2005
2005-07-06,0.0065547156621089744,ETHSX,healthcare,2005
2005-07-07,0.0035468264804953188,ETHSX,healthcare,2005
2005-07-08,0.014209257025224005,ETHSX,healthcare,2005
2005-07-11,-0.0014662150829106509,ETHSX,healthcare,2005
2005-07-12,0.0014970519741116439,ETHSX,healthcare,2005
2005-07-13,-0.0042191576452284794,ETHSX,healthcare,2005
2005-07-14,0.01100097848989268,ETHSX,healthcare,2005
2005-07-15,0.008752058132139319,ETHSX,healthcare,2005
2005-07-18,-0.003564265764976514,ETHSX,healthcare,2005
2005-07-19,-0.0018193347449720278,ETHSX,healthcare,2005
2005-07-20,0.020555962510069723,ETHSX,healthcare,2005
2005-07-21,-0.0028668487629495004,ETHSX,healthcare,2005
2005-07-22,-0.014894618976743655,ETHSX,healthcare,2005
2005-07-25,-0.007286773286012039,ETHSX,healthcare,2005
2005-07-26,0.007290189820971049,ETHSX,healthcare,2005
2005-07-27,-0.0013012700177267335,ETHSX,healthcare,2005
2005-07-28,0.002157550537388673,ETHSX,healthcare,2005
2005-07-29,0.004236688438866477,ETHSX,healthcare,2005
2005-08-01,0.010578348292437107,ETHSX,healthcare,2005
2005-08-02,0.0013703506232789434,ETHSX,healthcare,2005
2005-08-03,0.0012841681892927477,ETHSX,healthcare,2005
2005-08-04,-0.007388448209151836,ETHSX,healthcare,2005
2005-08-05,-0.005803107219308144,ETHSX,healthcare,2005
2005-08-08,-0.007105540402422544,ETHSX,healthcare,2005
2005-08-09,-0.0003990176288821779,ETHSX,healthcare,2005
2005-08-10,0.00297870113427511,ETHSX,healthcare,2005
2005-08-11,0.006834046842370987,ETHSX,healthcare,2005
2005-08-12,0.0010432224770751054,ETHSX,healthcare,2005
2005-08-15,-0.0005796748478685441,ETHSX,healthcare,2005
2005-08-16,-0.0007891751210543259,ETHSX,healthcare,2005
2005-08-17,-0.004826116580492703,ETHSX,healthcare,2005
2005-08-18,-0.001095569930804049,ETHSX,healthcare,2005
2005-08-19,0.0016796351498659158,ETHSX,healthcare,2005
2005-08-22,-0.003030087284352176,ETHSX,healthcare,2005
2005-08-23,-0.0005813116938680645,ETHSX,healthcare,2005
2005-08-24,0.0013481944308834344,ETHSX,healthcare,2005
2005-08-25,-0.00032509617346697167,ETHSX,healthcare,2005
2005-08-26,0.0034121046496583055,ETHSX,healthcare,2005
2005-08-29,0.0058243126271318975,ETHSX,healthcare,2005
2005-08-30,-0.0006350009344216496,ETHSX,healthcare,2005
2005-08-31,0.008299169067552395,ETHSX,healthcare,2005
2005-09-01,0.010490109445532192,ETHSX,healthcare,2005
2005-09-02,0.00031797904274420794,ETHSX,healthcare,2005
2005-09-06,0.002169240109295886,ETHSX,healthcare,2005
2005-09-07,0.003809136644685834,ETHSX,healthcare,2005
2005-09-08,-0.005612767810391722,ETHSX,healthcare,2005
2005-09-09,0.003413861176025431,ETHSX,healthcare,2005
2005-09-12,-0.003962556489534994,ETHSX,healthcare,2005
2005-09-13,-0.00472121809384347,ETHSX,healthcare,2005
2005-09-14,-0.0063472010224038065,ETHSX,healthcare,2005
2005-09-15,0.0029148136658434915,ETHSX,healthcare,2005
2005-09-16,-0.0004992444083848219,ETHSX,healthcare,2005
2005-09-19,-0.005706084334964126,ETHSX,healthcare,2005
2005-09-20,0.005694079103481875,ETHSX,healthcare,2005
2005-09-21,-0.0027435985190095748,ETHSX,healthcare,2005
2005-09-22,-0.0012494622650610402,ETHSX,healthcare,2005
2005-09-23,0.0009563172219585573,ETHSX,healthcare,2005
2005-09-26,-0.0011557300577273667,ETHSX,healthcare,2005
2005-09-27,-0.005553981309302739,ETHSX,healthcare,2005
2005-09-28,0.009172660510460702,ETHSX,healthcare,2005
2005-09-29,0.002371018947144447,ETHSX,healthcare,2005
2005-09-30,0.006362000056592886,ETHSX,healthcare,2005
2005-10-03,0.010776422475640654,ETHSX,healthcare,2005
2005-10-04,0.009772617303531028,ETHSX,healthcare,2005
2005-10-05,-0.015509828112431465,ETHSX,healthcare,2005
2005-10-06,-0.013815231086744229,ETHSX,healthcare,2005
2005-10-07,-0.005800920761377304,ETHSX,healthcare,2005
2005-10-10,0.004735318966509961,ETHSX,healthcare,2005
2005-10-11,-0.010300237112338441,ETHSX,healthcare,2005
2005-10-12,-0.0023961008689970045,ETHSX,healthcare,2005
2005-10-13,0.006943707374314503,ETHSX,healthcare,2005
2005-10-14,0.004520199678208428,ETHSX,healthcare,2005
2005-10-17,-0.009776450845143187,ETHSX,healthcare,2005
2005-10-18,0.007592158332526902,ETHSX,healthcare,2005
2005-10-19,0.0014182435395054208,ETHSX,healthcare,2005
2005-10-20,-0.0008484105949035023,ETHSX,healthcare,2005
2005-10-21,-0.010931940112879335,ETHSX,healthcare,2005
2005-10-24,0.000556900103722599,ETHSX,healthcare,2005
2005-10-25,0.006084377410996069,ETHSX,healthcare,2005
2005-10-26,-0.0025278278609900135,ETHSX,healthcare,2005
2005-10-27,-0.003815039342066194,ETHSX,healthcare,2005
2005-10-28,-0.004266778096297512,ETHSX,healthcare,2005
2005-10-31,0.010743926179366432,ETHSX,healthcare,2005
2005-11-01,-0.0026466873808300554,ETHSX,healthcare,2005
2005-11-02,-0.004028852303650765,ETHSX,healthcare,2005
2005-11-03,0.013914727870254197,ETHSX,healthcare,2005
2005-11-04,0.010843957314258683,ETHSX,healthcare,2005
2005-11-07,-0.001018321554457929,ETHSX,healthcare,2005
2005-11-08,0.0024793336366272243,ETHSX,healthcare,2005
2005-11-09,0.002311605713922295,ETHSX,healthcare,2005
2005-11-10,0.002452274227922521,ETHSX,healthcare,2005
2005-11-11,-0.00031550982831121243,ETHSX,healthcare,2005
2005-11-14,-0.009500732113702674,ETHSX,healthcare,2005
2005-11-15,-0.0017496672659757773,ETHSX,healthcare,2005
2005-11-16,-0.002761940467276874,ETHSX,healthcare,2005
2005-11-17,0.006621365475097223,ETHSX,healthcare,2005
2005-11-18,-0.0034031269085922685,ETHSX,healthcare,2005
2005-11-21,0.007220221077096975,ETHSX,healthcare,2005
2005-11-22,-0.004571714835004922,ETHSX,healthcare,2005
2005-11-23,-0.004897482274233581,ETHSX,healthcare,2005
2005-11-25,-0.006995162040095978,ETHSX,healthcare,2005
2005-11-28,-0.006844394869329844,ETHSX,healthcare,2005
2005-11-29,-0.0037912557777993005,ETHSX,healthcare,2005
2005-11-30,0.009518718232060745,ETHSX,healthcare,2005
2005-12-01,0.004011785286215803,ETHSX,healthcare,2005
2005-12-02,-0.0030073762778825954,ETHSX,healthcare,2005
2005-12-05,-0.0037974829547032856,ETHSX,healthcare,2005
2005-12-06,-0.004418899475765807,ETHSX,healthcare,2005
2005-12-07,0.002715405378349898,ETHSX,healthcare,2005
2005-12-08,0.003854815562808193,ETHSX,healthcare,2005
2005-12-09,-0.004117695540191268,ETHSX,healthcare,2005
2005-12-12,0.001677243633549003,ETHSX,healthcare,2005
2005-12-13,0.001375090632013751,ETHSX,healthcare,2005
2005-12-14,-0.007804987442624754,ETHSX,healthcare,2005
2005-12-15,0.015391668854565454,ETHSX,healthcare,2005
2005-12-16,-0.0019878104390413823,ETHSX,healthcare,2005
2005-12-19,0.001304829407193139,ETHSX,healthcare,2005
2005-12-20,0.0007633764403140657,ETHSX,healthcare,2005
2005-12-21,0.009026924814332647,ETHSX,healthcare,2005
2005-12-22,0.006835959922944996,ETHSX,healthcare,2005
2005-12-23,0.00018837563788471734,ETHSX,healthcare,2005
2005-12-27,0.00028066611922911676,ETHSX,healthcare,2005
2005-12-28,0.0014324940216876398,ETHSX,healthcare,2005
2005-12-29,-0.00438153924841876,ETHSX,healthcare,2005
2005-12-30,0.0015623696304712022,ETHSX,healthcare,2005
2006-01-04,0.00482062481844584,ETHSX,healthcare,2006
2006-01-05,0.002497025828444921,ETHSX,healthcare,2006
2006-01-06,-0.006185082022178228,ETHSX,healthcare,2006
2006-01-09,0.010083009656485755,ETHSX,healthcare,2006
2006-01-10,-0.006290718043773807,ETHSX,healthcare,2006
2006-01-11,-0.0049122533197294965,ETHSX,healthcare,2006
2006-01-12,-0.006086887437502226,ETHSX,healthcare,2006
2006-01-13,0.00563186641775577,ETHSX,healthcare,2006
2006-01-17,-0.006405328010592079,ETHSX,healthcare,2006
2006-01-18,0.01013340714367318,ETHSX,healthcare,2006
2006-01-19,-0.0004014455715851467,ETHSX,healthcare,2006
2006-01-20,0.0008263288086659583,ETHSX,healthcare,2006
2006-01-23,-0.002731186085808558,ETHSX,healthcare,2006
2006-01-24,-0.0021597355993606977,ETHSX,healthcare,2006
2006-01-25,-0.002018745593007825,ETHSX,healthcare,2006
2006-01-26,-0.0036318056786663567,ETHSX,healthcare,2006
2006-01-27,-0.003543870845404318,ETHSX,healthcare,2006
2006-01-30,-0.00744540966525628,ETHSX,healthcare,2006
2006-01-31,0.013254437288893084,ETHSX,healthcare,2006
2006-02-01,-0.002348155075487124,ETHSX,healthcare,2006
2006-02-02,-0.001949450736421587,ETHSX,healthcare,2006
2006-02-03,-0.00025172062811071663,ETHSX,healthcare,2006
2006-02-06,-0.001861723728591627,ETHSX,healthcare,2006
2006-02-07,0.004120598199480892,ETHSX,healthcare,2006
2006-02-08,-0.007727919168336894,ETHSX,healthcare,2006
2006-02-09,-0.0015293969739958078,ETHSX,healthcare,2006
2006-02-10,0.0006337828823535807,ETHSX,healthcare,2006
2006-02-13,-0.003165593406578647,ETHSX,healthcare,2006
2006-02-14,0.0007019870485790655,ETHSX,healthcare,2006
2006-02-15,0.0008444886151434058,ETHSX,healthcare,2006
2006-02-16,0.0033934677854202304,ETHSX,healthcare,2006
2006-02-17,-0.0005203012714633066,ETHSX,healthcare,2006
2006-02-21,-0.005108618750781002,ETHSX,healthcare,2006
2006-02-22,0.004696132015790766,ETHSX,healthcare,2006
2006-02-23,0.006202252748943748,ETHSX,healthcare,2006
2006-02-24,0.004271162368979891,ETHSX,healthcare,2006
2006-02-27,0.01138291363302939,ETHSX,healthcare,2006
2006-02-28,-0.0011283843066530169,ETHSX,healthcare,2006
2006-03-01,-0.004963226615017667,ETHSX,healthcare,2006
2006-03-02,-0.002004339483882412,ETHSX,healthcare,2006
2006-03-03,0.001259719755546424,ETHSX,healthcare,2006
2006-03-06,0.0011969175571710745,ETHSX,healthcare,2006
2006-03-07,-0.008503898786242503,ETHSX,healthcare,2006
2006-03-08,0.009130047686539114,ETHSX,healthcare,2006
2006-03-09,0.0005042770717941687,ETHSX,healthcare,2006
2006-03-10,-0.012474117409028932,ETHSX,healthcare,2006
2006-03-13,0.004960564223606829,ETHSX,healthcare,2006
2006-03-14,-0.0011377275894166872,ETHSX,healthcare,2006
2006-03-15,-6.832585931442056e-05,ETHSX,healthcare,2006
2006-03-16,-0.0030905152327226487,ETHSX,healthcare,2006
2006-03-17,0.010121555531283443,ETHSX,healthcare,2006
2006-03-20,0.00196439508096831,ETHSX,healthcare,2006
2006-03-21,-0.008335261867515459,ETHSX,healthcare,2006
2006-03-22,0.0019247657482107175,ETHSX,healthcare,2006
2006-03-23,-0.00537407350112758,ETHSX,healthcare,2006
2006-03-24,0.0006791238143244923,ETHSX,healthcare,2006
2006-03-27,-0.0007745412473402725,ETHSX,healthcare,2006
2006-03-28,-0.0026192128088310665,ETHSX,healthcare,2006
2006-03-29,-0.0007848430382105609,ETHSX,healthcare,2006
2006-03-30,0.006481136466455361,ETHSX,healthcare,2006
2006-03-31,-0.00492458053005055,ETHSX,healthcare,2006
2006-04-03,-0.004044626989699273,ETHSX,healthcare,2006
2006-04-04,-0.0008944634716011703,ETHSX,healthcare,2006
2006-04-05,0.0008852741715271342,ETHSX,healthcare,2006
2006-04-06,-0.008122999343275386,ETHSX,healthcare,2006
2006-04-07,-0.002615922124838334,ETHSX,healthcare,2006
2006-04-10,-0.005352840418810124,ETHSX,healthcare,2006
2006-04-11,-0.0007678272929978955,ETHSX,healthcare,2006
2006-04-12,0.00243211291294699,ETHSX,healthcare,2006
2006-04-13,0.004405353920688484,ETHSX,healthcare,2006
2006-04-17,-3.964759771491518e-05,ETHSX,healthcare,2006
2006-04-18,-0.0012745561573887405,ETHSX,healthcare,2006
2006-04-19,0.0005489499878418072,ETHSX,healthcare,2006
2006-04-20,-0.003398507804497036,ETHSX,healthcare,2006
2006-04-21,-0.002297819906138736,ETHSX,healthcare,2006
2006-04-24,0.002165832432511088,ETHSX,healthcare,2006
2006-04-25,-0.003775686789726506,ETHSX,healthcare,2006
2006-04-26,-0.0014984055070386443,ETHSX,healthcare,2006
2006-04-27,0.005128698861382576,ETHSX,healthcare,2006
2006-04-28,-0.004321625554639755,ETHSX,healthcare,2006
2006-05-01,0.004310165102755751,ETHSX,healthcare,2006
2006-05-02,-0.012583147139687667,ETHSX,healthcare,2006
2006-05-03,0.0029849592304190577,ETHSX,healthcare,2006
2006-05-04,0.0035756608486918508,ETHSX,healthcare,2006
2006-05-05,0.005967260270705938,ETHSX,healthcare,2006
2006-05-08,0.002487432043713205,ETHSX,healthcare,2006
2006-05-09,-0.009238343756026451,ETHSX,healthcare,2006
2006-05-10,-0.00704330053885293,ETHSX,healthcare,2006
2006-05-11,0.005153884772450122,ETHSX,healthcare,2006
2006-05-12,0.0069135723425855795,ETHSX,healthcare,2006
2006-05-15,0.00414277362541051,ETHSX,healthcare,2006
2006-05-16,-0.005402457440247323,ETHSX,healthcare,2006
2006-05-17,0.0077236195262798575,ETHSX,healthcare,2006
2006-05-18,-0.00596952309745338,ETHSX,healthcare,2006
2006-05-19,-0.0030910705499993594,ETHSX,healthcare,2006
2006-05-22,-0.003717840168106421,ETHSX,healthcare,2006
2006-05-23,0.0017721428248480215,ETHSX,healthcare,2006
2006-05-24,-0.00012471441734366456,ETHSX,healthcare,2006
2006-05-25,0.002433138515810772,ETHSX,healthcare,2006
2006-05-26,0.00978294166067982,ETHSX,healthcare,2006
2006-05-30,0.0038200980492405744,ETHSX,healthcare,2006
2006-05-31,-0.00037840073328817767,ETHSX,healthcare,2006
2006-06-01,0.0019171068428173576,ETHSX,healthcare,2006
2006-06-02,0.007680015004873049,ETHSX,healthcare,2006
2006-06-05,-0.007865253311085124,ETHSX,healthcare,2006
2006-06-06,-0.0027973975330078315,ETHSX,healthcare,2006
2006-06-07,0.010994258338673069,ETHSX,healthcare,2006
2006-06-08,-0.006987445161456385,ETHSX,healthcare,2006
2006-06-09,-0.0049667336702751575,ETHSX,healthcare,2006
2006-06-12,-0.006512209946961287,ETHSX,healthcare,2006
2006-06-13,0.0005579050069542991,ETHSX,healthcare,2006
2006-06-14,0.00021740713999159923,ETHSX,healthcare,2006
2006-06-15,0.0003976068428993042,ETHSX,healthcare,2006
2006-06-16,0.0014841507324439406,ETHSX,healthcare,2006
2006-06-19,-0.006517588313351397,ETHSX,healthcare,2006
2006-06-20,-0.004485425199427474,ETHSX,healthcare,2006
2006-06-21,0.0033745021964167923,ETHSX,healthcare,2006
2006-06-22,-0.006901255508980106,ETHSX,healthcare,2006
2006-06-23,0.0025743320821057444,ETHSX,healthcare,2006
2006-06-26,0.0012945843206071386,ETHSX,healthcare,2006
2006-06-27,-0.00788224406027831,ETHSX,healthcare,2006
2006-06-28,-0.005637816202549862,ETHSX,healthcare,2006
2006-06-29,0.009354276893081392,ETHSX,healthcare,2006
2006-06-30,0.015544514697819804,ETHSX,healthcare,2006
2006-07-03,0.0005248512246111272,ETHSX,healthcare,2006
2006-07-05,-0.00543673671643908,ETHSX,healthcare,2006
2006-07-06,0.008176604305607515,ETHSX,healthcare,2006
2006-07-07,0.006410493683259363,ETHSX,healthcare,2006
2006-07-10,-0.004921547725175023,ETHSX,healthcare,2006
2006-07-11,0.001160891996786634,ETHSX,healthcare,2006
2006-07-12,0.0046216089197999195,ETHSX,healthcare,2006
2006-07-13,0.0012695113820883099,ETHSX,healthcare,2006
2006-07-14,-0.012052697323340108,ETHSX,healthcare,2006
2006-07-17,-0.0020140483599464538,ETHSX,healthcare,2006
2006-07-18,-0.003158921583329263,ETHSX,healthcare,2006
2006-07-19,0.010088838607116958,ETHSX,healthcare,2006
2006-07-20,0.0029387644196941245,ETHSX,healthcare,2006
2006-07-21,0.006897383766035225,ETHSX,healthcare,2006
2006-07-24,0.007631698147249837,ETHSX,healthcare,2006
2006-07-25,0.009289356542791965,ETHSX,healthcare,2006
2006-07-26,0.0038565409605111527,ETHSX,healthcare,2006
2006-07-27,-0.004998912262907132,ETHSX,healthcare,2006
2006-07-28,0.003315889371271717,ETHSX,healthcare,2006
2006-07-31,-0.003997008104963729,ETHSX,healthcare,2006
2006-08-01,0.00042816943703683896,ETHSX,healthcare,2006
2006-08-02,0.0007717795261309819,ETHSX,healthcare,2006
2006-08-03,-0.0009918920303046892,ETHSX,healthcare,2006
2006-08-04,0.00205973370132107,ETHSX,healthcare,2006
2006-08-07,-0.010064017680012634,ETHSX,healthcare,2006
2006-08-08,-0.0006116732680852052,ETHSX,healthcare,2006
2006-08-09,0.0035662194698252245,ETHSX,healthcare,2006
2006-08-10,-0.00688980793164444,ETHSX,healthcare,2006
2006-08-11,-0.003418432341033174,ETHSX,healthcare,2006
2006-08-14,0.0016587535226130772,ETHSX,healthcare,2006
2006-08-15,0.0036344376838055754,ETHSX,healthcare,2006
2006-08-16,0.005822285908358984,ETHSX,healthcare,2006
2006-08-17,0.0036403241674798376,ETHSX,healthcare,2006
2006-08-18,-0.0022902560539376383,ETHSX,healthcare,2006
2006-08-21,-0.00010938393320368556,ETHSX,healthcare,2006
2006-08-22,-0.0003279239671914496,ETHSX,healthcare,2006
2006-08-23,0.0003002591733918241,ETHSX,healthcare,2006
2006-08-24,-0.0005397733969038291,ETHSX,healthcare,2006
2006-08-25,0.0030255492924182413,ETHSX,healthcare,2006
2006-08-28,0.002517911419831935,ETHSX,healthcare,2006
2006-08-29,0.006665111892325212,ETHSX,healthcare,2006
2006-08-30,0.0026325769019898103,ETHSX,healthcare,2006
2006-08-31,0.001536886528638871,ETHSX,healthcare,2006
2006-09-01,-0.0013426436372289854,ETHSX,healthcare,2006
2006-09-05,-0.011865380271113522,ETHSX,healthcare,2006
2006-09-06,-0.0076504505035931356,ETHSX,healthcare,2006
2006-09-07,-0.0007957299044443356,ETHSX,healthcare,2006
2006-09-08,0.0015918395653378575,ETHSX,healthcare,2006
2006-09-11,-0.004050366953731969,ETHSX,healthcare,2006
2006-09-12,0.0007759966703993291,ETHSX,healthcare,2006
2006-09-13,-0.001324813687296626,ETHSX,healthcare,2006
2006-09-14,0.003158510906621296,ETHSX,healthcare,2006
2006-09-15,-0.0007168525100775741,ETHSX,healthcare,2006
2006-09-18,-0.0007290743510104795,ETHSX,healthcare,2006
2006-09-19,-0.0017461615210579446,ETHSX,healthcare,2006
2006-09-20,0.0011381712306867816,ETHSX,healthcare,2006
2006-09-21,0.008494469825856133,ETHSX,healthcare,2006
2006-09-22,-0.0012396453091186397,ETHSX,healthcare,2006
2006-09-25,-0.0019397448642892107,ETHSX,healthcare,2006
2006-09-26,-0.007918332953923458,ETHSX,healthcare,2006
2006-09-27,0.010221673633545121,ETHSX,healthcare,2006
2006-09-28,-0.0027157579787455833,ETHSX,healthcare,2006
2006-09-29,0.0021469192246538617,ETHSX,healthcare,2006
2006-10-02,0.0003277643792523343,ETHSX,healthcare,2006
2006-10-03,0.00039231234606016763,ETHSX,healthcare,2006
2006-10-04,0.0006370351147794388,ETHSX,healthcare,2006
2006-10-05,0.012034652513476098,ETHSX,healthcare,2006
2006-10-06,-0.0018465810819689183,ETHSX,healthcare,2006
2006-10-09,0.0034756981320763596,ETHSX,healthcare,2006
2006-10-10,-0.0024474274707320283,ETHSX,healthcare,2006
2006-10-11,0.0007041408425464321,ETHSX,healthcare,2006
2006-10-12,0.0014142345039634971,ETHSX,healthcare,2006
2006-10-13,-0.005293500256242079,ETHSX,healthcare,2006
2006-10-16,0.003469517660214069,ETHSX,healthcare,2006
2006-10-17,0.009426514794738185,ETHSX,healthcare,2006
2006-10-18,0.0010349259883025831,ETHSX,healthcare,2006
2006-10-19,-0.0018134229437006503,ETHSX,healthcare,2006
2006-10-20,0.002892135407131043,ETHSX,healthcare,2006
2006-10-23,-0.0019479992217662388,ETHSX,healthcare,2006
2006-10-24,-0.004769849886013836,ETHSX,healthcare,2006
2006-10-25,-0.008601657227081401,ETHSX,healthcare,2006
2006-10-26,0.008070703518776756,ETHSX,healthcare,2006
2006-10-27,0.010469953574368734,ETHSX,healthcare,2006
2006-10-30,-0.003950897501859516,ETHSX,healthcare,2006
2006-10-31,-0.0010751109077761108,ETHSX,healthcare,2006
2006-11-01,-0.0036755871259045994,ETHSX,healthcare,2006
2006-11-02,0.004506075662829671,ETHSX,healthcare,2006
2006-11-03,0.0012332943841121037,ETHSX,healthcare,2006
2006-11-06,-0.0062564779149172425,ETHSX,healthcare,2006
2006-11-07,0.007372751330846751,ETHSX,healthcare,2006
2006-11-08,-0.005721082179407294,ETHSX,healthcare,2006
2006-11-09,-0.01786518853844975,ETHSX,healthcare,2006
2006-11-10,0.010639278246112976,ETHSX,healthcare,2006
2006-11-13,-0.004326756059765964,ETHSX,healthcare,2006
2006-11-14,-0.003684299205552293,ETHSX,healthcare,2006
2006-11-15,0.0005139779623408937,ETHSX,healthcare,2006
2006-11-16,0.003371254137606426,ETHSX,healthcare,2006
2006-11-17,0.007139097147203618,ETHSX,healthcare,2006
2006-11-20,-0.00428679112881855,ETHSX,healthcare,2006
2006-11-21,-0.005550389747101346,ETHSX,healthcare,2006
2006-11-22,0.0021562762656340126,ETHSX,healthcare,2006
2006-11-24,0.0007312541073155256,ETHSX,healthcare,2006
2006-11-27,0.0026089675249880706,ETHSX,healthcare,2006
2006-11-28,-0.005167005732770836,ETHSX,healthcare,2006
2006-11-29,0.0024162006538656737,ETHSX,healthcare,2006
2006-11-30,-0.001608692020898221,ETHSX,healthcare,2006
2006-12-01,0.000774709422856985,ETHSX,healthcare,2006
2006-12-04,-0.003808093266896382,ETHSX,healthcare,2006
2006-12-05,5.4326355604281205e-05,ETHSX,healthcare,2006
2006-12-06,0.005583502651177004,ETHSX,healthcare,2006
2006-12-07,0.0010374934437842173,ETHSX,healthcare,2006
2006-12-08,0.0005596716980385754,ETHSX,healthcare,2006
2006-12-11,-0.005560199834657853,ETHSX,healthcare,2006
2006-12-12,-0.000515545612107272,ETHSX,healthcare,2006
2006-12-13,-0.0021810600479398746,ETHSX,healthcare,2006
2006-12-14,-0.001418789590576973,ETHSX,healthcare,2006
2006-12-15,0.0021454446070633443,ETHSX,healthcare,2006
2006-12-18,-0.003023229416585357,ETHSX,healthcare,2006
2006-12-19,-0.002945772162445089,ETHSX,healthcare,2006
2006-12-20,0.0019839060763451573,ETHSX,healthcare,2006
2006-12-21,0.002066468934792881,ETHSX,healthcare,2006
2006-12-22,-8.100054664343485e-05,ETHSX,healthcare,2006
2006-12-26,-0.003952951021985059,ETHSX,healthcare,2006
2006-12-27,-0.0019104867875035661,ETHSX,healthcare,2006
2006-12-28,0.0006527991186531508,ETHSX,healthcare,2006
2006-12-29,0.002502452245740327,ETHSX,healthcare,2006
2007-01-04,0.013499409440987495,ETHSX,healthcare,2007
2007-01-05,0.0007328964796040997,ETHSX,healthcare,2007
2007-01-08,-0.003137257149250468,ETHSX,healthcare,2007
2007-01-09,0.003926574635791415,ETHSX,healthcare,2007
2007-01-10,-0.00403437422958957,ETHSX,healthcare,2007
2007-01-11,0.00835668533605014,ETHSX,healthcare,2007
2007-01-12,0.003545277089636766,ETHSX,healthcare,2007
2007-01-16,0.002863443849908048,ETHSX,healthcare,2007
2007-01-17,0.0021645899149716884,ETHSX,healthcare,2007
2007-01-18,-0.0038898521075710754,ETHSX,healthcare,2007
2007-01-19,0.0011662563521000512,ETHSX,healthcare,2007
2007-01-22,-0.004943063364913673,ETHSX,healthcare,2007
2007-01-23,-0.002905148644798842,ETHSX,healthcare,2007
2007-01-24,0.00065176044388323,ETHSX,healthcare,2007
2007-01-25,-0.00016386560656222841,ETHSX,healthcare,2007
2007-01-26,-0.003835456817398414,ETHSX,healthcare,2007
2007-01-29,0.0011120867740964267,ETHSX,healthcare,2007
2007-01-30,0.0025369916256176486,ETHSX,healthcare,2007
2007-01-31,-0.0027858198328490607,ETHSX,healthcare,2007
2007-02-01,0.00026955449113557056,ETHSX,healthcare,2007
2007-02-02,-0.0044415591909512725,ETHSX,healthcare,2007
2007-02-05,-0.0037324004040518257,ETHSX,healthcare,2007
2007-02-06,0.0005602134901108753,ETHSX,healthcare,2007
2007-02-07,-0.0032812319070595207,ETHSX,healthcare,2007
2007-02-08,0.005039008240213639,ETHSX,healthcare,2007
2007-02-09,0.001304503169814797,ETHSX,healthcare,2007
2007-02-12,-0.00048298738791640846,ETHSX,healthcare,2007
2007-02-13,-0.0021695419515127103,ETHSX,healthcare,2007
2007-02-14,-0.00010440138643856654,ETHSX,healthcare,2007
2007-02-15,0.005876923669501284,ETHSX,healthcare,2007
2007-02-16,0.00019217245852488503,ETHSX,healthcare,2007
2007-02-20,-0.008311060741250405,ETHSX,healthcare,2007
2007-02-21,-0.00498998444966007,ETHSX,healthcare,2007
2007-02-22,0.0003701736894743974,ETHSX,healthcare,2007
2007-02-23,0.000706472144264962,ETHSX,healthcare,2007
2007-02-26,-0.0029856388421039843,ETHSX,healthcare,2007
2007-02-27,-0.0006027471850510238,ETHSX,healthcare,2007
2007-02-28,-0.004141352628992912,ETHSX,healthcare,2007
2007-03-01,-0.00614972292540217,ETHSX,healthcare,2007
2007-03-02,-0.008545632892074197,ETHSX,healthcare,2007
2007-03-05,0.003361826362122774,ETHSX,healthcare,2007
2007-03-06,0.0005614746371485745,ETHSX,healthcare,2007
2007-03-07,-0.002167974652668608,ETHSX,healthcare,2007
2007-03-08,-0.00021950922979500215,ETHSX,healthcare,2007
2007-03-09,-0.0012038361370607592,ETHSX,healthcare,2007
2007-03-12,0.0016015631031199005,ETHSX,healthcare,2007
2007-03-13,-0.0035772421119328306,ETHSX,healthcare,2007
2007-03-14,-0.0022469507135691193,ETHSX,healthcare,2007
2007-03-15,0.0017140556281558036,ETHSX,healthcare,2007
2007-03-16,-0.003729637961873286,ETHSX,healthcare,2007
2007-03-19,0.005679056901326578,ETHSX,healthcare,2007
2007-03-20,-0.0001088259319115565,ETHSX,healthcare,2007
2007-03-21,0.0043662396237900015,ETHSX,healthcare,2007
2007-03-22,-0.004029742447144248,ETHSX,healthcare,2007
2007-03-23,-0.0019633369425561802,ETHSX,healthcare,2007
2007-03-26,-0.00014290295433304703,ETHSX,healthcare,2007
2007-03-27,-0.004784366138093186,ETHSX,healthcare,2007
2007-03-28,0.003733130003481946,ETHSX,healthcare,2007
2007-03-29,0.0009771546256856021,ETHSX,healthcare,2007
2007-03-30,0.0006331004137262469,ETHSX,healthcare,2007
2007-04-02,-0.0017472859960036696,ETHSX,healthcare,2007
2007-04-03,0.0026735299911558093,ETHSX,healthcare,2007
2007-04-04,0.002685941597822214,ETHSX,healthcare,2007
2007-04-05,0.01043492396315594,ETHSX,healthcare,2007
2007-04-09,-0.0018945284404540232,ETHSX,healthcare,2007
2007-04-10,0.005203844599316145,ETHSX,healthcare,2007
2007-04-11,-0.0009206510602021902,ETHSX,healthcare,2007
2007-04-12,0.01347435646309671,ETHSX,healthcare,2007
2007-04-13,0.00458913438277813,ETHSX,healthcare,2007
2007-04-16,0.003855904634420951,ETHSX,healthcare,2007
2007-04-17,-0.0035327114709184032,ETHSX,healthcare,2007
2007-04-18,0.0007619824918296331,ETHSX,healthcare,2007
2007-04-19,0.005089253851425078,ETHSX,healthcare,2007
2007-04-20,0.0012349273693033841,ETHSX,healthcare,2007
2007-04-23,0.013106474703189697,ETHSX,healthcare,2007
2007-04-24,-0.0012047727743908394,ETHSX,healthcare,2007
2007-04-25,0.0004542303428918034,ETHSX,healthcare,2007
2007-04-26,0.008102439772070133,ETHSX,healthcare,2007
2007-04-27,0.00040182668991531117,ETHSX,healthcare,2007
2007-04-30,-0.004406472615751895,ETHSX,healthcare,2007
2007-05-01,0.0022861884539986605,ETHSX,healthcare,2007
2007-05-02,0.0009371326941935623,ETHSX,healthcare,2007
2007-05-03,-0.0028448987559241906,ETHSX,healthcare,2007
2007-05-04,0.0022529880652440355,ETHSX,healthcare,2007
2007-05-07,-0.0002502015242338426,ETHSX,healthcare,2007
2007-05-08,-0.005688214951517711,ETHSX,healthcare,2007
2007-05-09,-0.0010852806542445282,ETHSX,healthcare,2007
2007-05-10,-0.01674855791883929,ETHSX,healthcare,2007
2007-05-11,0.001748530703035379,ETHSX,healthcare,2007
2007-05-14,-0.00033794889483371323,ETHSX,healthcare,2007
2007-05-15,-0.003586046897773018,ETHSX,healthcare,2007
2007-05-16,0.005327245957942615,ETHSX,healthcare,2007
2007-05-17,-0.006189488955661343,ETHSX,healthcare,2007
2007-05-18,-0.0025159305031351256,ETHSX,healthcare,2007
2007-05-21,0.004326342873108304,ETHSX,healthcare,2007
2007-05-22,0.0020276570136124354,ETHSX,healthcare,2007
2007-05-23,-0.001839545052602014,ETHSX,healthcare,2007
2007-05-24,-0.0015765348927966856,ETHSX,healthcare,2007
2007-05-25,-0.0003698748920851389,ETHSX,healthcare,2007
2007-05-29,0.0008012289071868896,ETHSX,healthcare,2007
2007-05-30,-0.004613379685400095,ETHSX,healthcare,2007
2007-05-31,0.0030140772003710704,ETHSX,healthcare,2007
2007-06-01,-0.0017213158386135438,ETHSX,healthcare,2007
2007-06-04,0.001424153313360133,ETHSX,healthcare,2007
2007-06-05,0.003274092214273959,ETHSX,healthcare,2007
2007-06-06,-0.0036797808769259057,ETHSX,healthcare,2007
2007-06-07,-0.00807405956971421,ETHSX,healthcare,2007
2007-06-08,-0.0018997156128019842,ETHSX,healthcare,2007
2007-06-11,-0.00207665783733273,ETHSX,healthcare,2007
2007-06-12,-0.0005091117164871808,ETHSX,healthcare,2007
2007-06-13,0.0018726336579676928,ETHSX,healthcare,2007
2007-06-14,-0.00013607888713630754,ETHSX,healthcare,2007
2007-06-15,0.004432565525845102,ETHSX,healthcare,2007
2007-06-18,-0.005911524685708394,ETHSX,healthcare,2007
2007-06-19,-0.0017414509985717427,ETHSX,healthcare,2007
2007-06-20,-0.0026098944805606032,ETHSX,healthcare,2007
2007-06-21,-0.002910266941706639,ETHSX,healthcare,2007
2007-06-22,-0.0098317808329678,ETHSX,healthcare,2007
2007-06-25,-0.0003921766300937191,ETHSX,healthcare,2007
2007-06-26,0.011683464017647978,ETHSX,healthcare,2007
2007-06-27,0.004136527000442088,ETHSX,healthcare,2007
2007-06-28,0.0008007579600541705,ETHSX,healthcare,2007
2007-06-29,-0.0011723704285905353,ETHSX,healthcare,2007
2007-07-02,0.0040006924000778,ETHSX,healthcare,2007
2007-07-03,-0.003310806842753166,ETHSX,healthcare,2007
2007-07-05,-0.0002631075639466065,ETHSX,healthcare,2007
2007-07-06,-0.006860409613849477,ETHSX,healthcare,2007
2007-07-09,-0.0031241439813787983,ETHSX,healthcare,2007
2007-07-10,0.0008378398433368569,ETHSX,healthcare,2007
2007-07-11,0.004492012617171419,ETHSX,healthcare,2007
2007-07-12,-0.00293074081987114,ETHSX,healthcare,2007
2007-07-13,-0.0012387400170185835,ETHSX,healthcare,2007
2007-07-16,-0.0016865906797902325,ETHSX,healthcare,2007
2007-07-17,-0.0030901964885264956,ETHSX,healthcare,2007
2007-07-18,-0.0014286925349236454,ETHSX,healthcare,2007
2007-07-19,-0.00016016621478551728,ETHSX,healthcare,2007
2007-07-20,0.0015061388993609795,ETHSX,healthcare,2007
2007-07-23,-0.002117695526236243,ETHSX,healthcare,2007
2007-07-24,-0.0004794251369005832,ETHSX,healthcare,2007
2007-07-25,0.008660927451833379,ETHSX,healthcare,2007
2007-07-26,0.0019648879661213394,ETHSX,healthcare,2007
2007-07-27,-0.003374643837455109,ETHSX,healthcare,2007
2007-07-30,-0.006023535475319261,ETHSX,healthcare,2007
2007-07-31,-0.0021933113328183543,ETHSX,healthcare,2007
2007-08-01,-0.005027300334931834,ETHSX,healthcare,2007
2007-08-02,0.005923868843500454,ETHSX,healthcare,2007
2007-08-03,0.006394176049383181,ETHSX,healthcare,2007
2007-08-06,0.011440629581646284,ETHSX,healthcare,2007
2007-08-07,-0.003694359381275227,ETHSX,healthcare,2007
2007-08-08,-0.0007800740348975904,ETHSX,healthcare,2007
2007-08-09,0.004153069982377728,ETHSX,healthcare,2007
2007-08-10,-0.007257521248951548,ETHSX,healthcare,2007
2007-08-13,-0.001606744506043045,ETHSX,healthcare,2007
2007-08-14,0.0064198075529014395,ETHSX,healthcare,2007
2007-08-15,0.001983137153604028,ETHSX,healthcare,2007
2007-08-16,-0.00848561726089669,ETHSX,healthcare,2007
2007-08-17,-0.0016723126147733369,ETHSX,healthcare,2007
2007-08-20,-0.0006657668602706384,ETHSX,healthcare,2007
2007-08-21,0.0037349630264239993,ETHSX,healthcare,2007
2007-08-22,-0.0010107749287616126,ETHSX,healthcare,2007
2007-08-23,0.0030079688369476954,ETHSX,healthcare,2007
2007-08-24,-0.0056324108569983326,ETHSX,healthcare,2007
2007-08-27,0.003408220316400195,ETHSX,healthcare,2007
2007-08-28,0.0014901575461957195,ETHSX,healthcare,2007
2007-08-29,0.002547143469238502,ETHSX,healthcare,2007
2007-08-30,0.0007687183896150735,ETHSX,healthcare,2007
2007-08-31,0.005308027859129083,ETHSX,healthcare,2007
2007-09-04,0.0033371495973026563,ETHSX,healthcare,2007
2007-09-05,0.004693507679377002,ETHSX,healthcare,2007
2007-09-06,0.004182782138187263,ETHSX,healthcare,2007
2007-09-07,0.0007037633201459319,ETHSX,healthcare,2007
2007-09-10,-0.003027037745045532,ETHSX,healthcare,2007
2007-09-11,-0.00021284474627850537,ETHSX,healthcare,2007
2007-09-12,0.003170011829459798,ETHSX,healthcare,2007
2007-09-13,-0.007180591611917997,ETHSX,healthcare,2007
2007-09-14,-0.0033832002569637,ETHSX,healthcare,2007
2007-09-17,-0.005738365818502126,ETHSX,healthcare,2007
2007-09-18,-7.233839632318773e-05,ETHSX,healthcare,2007
2007-09-19,-0.0006862561471535434,ETHSX,healthcare,2007
2007-09-20,0.00283434244863802,ETHSX,healthcare,2007
2007-09-21,0.002218139542665661,ETHSX,healthcare,2007
2007-09-24,0.00271275685761549,ETHSX,healthcare,2007
2007-09-25,0.004428664288875948,ETHSX,healthcare,2007
2007-09-26,-0.001129639617606073,ETHSX,healthcare,2007
2007-09-27,-0.004788390665639096,ETHSX,healthcare,2007
2007-09-28,-0.0020036031381162585,ETHSX,healthcare,2007
2007-10-01,0.0055572659211092406,ETHSX,healthcare,2007
2007-10-02,-0.00084133233508516,ETHSX,healthcare,2007
2007-10-03,0.002801293864697477,ETHSX,healthcare,2007
2007-10-04,-0.0011387032287868818,ETHSX,healthcare,2007
2007-10-05,0.0009730391867316685,ETHSX,healthcare,2007
2007-10-08,-0.001429244186237322,ETHSX,healthcare,2007
2007-10-09,-0.0030598711569258287,ETHSX,healthcare,2007
2007-10-10,0.003356784867154409,ETHSX,healthcare,2007
2007-10-11,-0.002563946928781555,ETHSX,healthcare,2007
2007-10-12,0.0018768964447770575,ETHSX,healthcare,2007
2007-10-15,0.006977527089095593,ETHSX,healthcare,2007
2007-10-16,-0.002895625121000776,ETHSX,healthcare,2007
2007-10-17,0.0002900256941973478,ETHSX,healthcare,2007
2007-10-18,0.003045615269580141,ETHSX,healthcare,2007
2007-10-19,0.004156373948578441,ETHSX,healthcare,2007
2007-10-22,-0.010384061061891055,ETHSX,healthcare,2007
2007-10-23,0.010066448895273425,ETHSX,healthcare,2007
2007-10-24,0.003487899254692717,ETHSX,healthcare,2007
2007-10-25,-0.01367061279509523,ETHSX,healthcare,2007
2007-10-26,0.004379442154075643,ETHSX,healthcare,2007
2007-10-29,0.002514390250370436,ETHSX,healthcare,2007
2007-10-30,-0.0035554854467217557,ETHSX,healthcare,2007
2007-10-31,0.00594545997041169,ETHSX,healthcare,2007
2007-11-01,-0.00070418580244371,ETHSX,healthcare,2007
2007-11-02,0.001560292652396474,ETHSX,healthcare,2007
2007-11-05,-0.0023900625676998776,ETHSX,healthcare,2007
2007-11-06,-0.0032364088187129885,ETHSX,healthcare,2007
2007-11-07,0.00725979920426207,ETHSX,healthcare,2007
2007-11-08,0.005624499824138169,ETHSX,healthcare,2007
2007-11-09,-0.0073903733768703895,ETHSX,healthcare,2007
2007-11-12,0.007173846880653281,ETHSX,healthcare,2007
2007-11-13,-0.007642207840742177,ETHSX,healthcare,2007
2007-11-14,5.6909109092951205e-05,ETHSX,healthcare,2007
2007-11-15,0.0035801383892915496,ETHSX,healthcare,2007
2007-11-16,-0.0004211175160833573,ETHSX,healthcare,2007
2007-11-19,0.000769382493179786,ETHSX,healthcare,2007
2007-11-20,-0.0016353675280150058,ETHSX,healthcare,2007
2007-11-21,4.406077301312601e-05,ETHSX,healthcare,2007
2007-11-23,0.009470821282293143,ETHSX,healthcare,2007
2007-11-26,0.002819308777736236,ETHSX,healthcare,2007
2007-11-27,0.013889494436406724,ETHSX,healthcare,2007
2007-11-28,-0.006403480602529871,ETHSX,healthcare,2007
2007-11-29,0.00763854715453761,ETHSX,healthcare,2007
2007-11-30,-0.0027203523799187584,ETHSX,healthcare,2007
2007-12-03,-0.008440368487206872,ETHSX,healthcare,2007
2007-12-04,0.004110297901233998,ETHSX,healthcare,2007
2007-12-05,-0.004637113452976644,ETHSX,healthcare,2007
2007-12-06,-0.004685506211123238,ETHSX,healthcare,2007
2007-12-07,-0.005529693913131048,ETHSX,healthcare,2007
2007-12-10,-0.0035855195628607447,ETHSX,healthcare,2007
2007-12-11,-0.0005086594623898225,ETHSX,healthcare,2007
2007-12-12,-0.003321710092271668,ETHSX,healthcare,2007
2007-12-13,-0.008444973540604781,ETHSX,healthcare,2007
2007-12-14,0.0057047265225083615,ETHSX,healthcare,2007
2007-12-17,-0.011224430670831034,ETHSX,healthcare,2007
2007-12-18,0.0012376712180963817,ETHSX,healthcare,2007
2007-12-19,-0.0034374613387245,ETHSX,healthcare,2007
2007-12-20,0.00658152651748029,ETHSX,healthcare,2007
2007-12-21,0.00035492851870088,ETHSX,healthcare,2007
2007-12-24,-0.0030531682865942286,ETHSX,healthcare,2007
2007-12-26,-0.0005658411431124821,ETHSX,healthcare,2007
2007-12-27,-0.005257104821014024,ETHSX,healthcare,2007
2007-12-28,0.0015131325927494163,ETHSX,healthcare,2007
2007-12-29,-0.00012102149733150008,ETHSX,healthcare,2007
2008-01-04,0.004919515120752227,ETHSX,healthcare,2008
2008-01-07,0.01157576545597164,ETHSX,healthcare,2008
2008-01-08,0.017203159894269925,ETHSX,healthcare,2008
2008-01-09,0.016744422473805164,ETHSX,healthcare,2008
2008-01-10,0.001675016965122584,ETHSX,healthcare,2008
2008-01-11,0.0014875199029803286,ETHSX,healthcare,2008
2008-01-14,-0.010591611245200805,ETHSX,healthcare,2008
2008-01-15,-0.0029578641661814446,ETHSX,healthcare,2008
2008-01-16,0.014251822151018985,ETHSX,healthcare,2008
2008-01-17,0.0003523890516141659,ETHSX,healthcare,2008
2008-01-18,-0.005903406758210813,ETHSX,healthcare,2008
2008-01-22,-0.02371071527562247,ETHSX,healthcare,2008
2008-01-23,-0.01294687105862908,ETHSX,healthcare,2008
2008-01-24,-0.010143289455663826,ETHSX,healthcare,2008
2008-01-25,0.0012739002997152887,ETHSX,healthcare,2008
2008-01-28,0.0019575113458858914,ETHSX,healthcare,2008
2008-01-29,-0.0029224317790824276,ETHSX,healthcare,2008
2008-01-30,-0.006157017448418428,ETHSX,healthcare,2008
2008-01-31,-0.005234747535669261,ETHSX,healthcare,2008
2008-02-01,-0.0009171168041538381,ETHSX,healthcare,2008
2008-02-04,0.005181741360058272,ETHSX,healthcare,2008
2008-02-05,-0.010774536882739525,ETHSX,healthcare,2008
2008-02-06,-0.0008260978540576671,ETHSX,healthcare,2008
2008-02-07,-0.006001659945994586,ETHSX,healthcare,2008
2008-02-08,-0.004977507081529761,ETHSX,healthcare,2008
2008-02-11,-0.0019460850480764774,ETHSX,healthcare,2008
2008-02-12,0.0057844776959392425,ETHSX,healthcare,2008
2008-02-13,-0.0021349877775271187,ETHSX,healthcare,2008
2008-02-14,-0.007455871722803556,ETHSX,healthcare,2008
2008-02-15,-0.002716335359920426,ETHSX,healthcare,2008
2008-02-19,-0.012901800490051412,ETHSX,healthcare,2008
2008-02-20,-0.0141414118389201,ETHSX,healthcare,2008
2008-02-21,-0.002935092610824748,ETHSX,healthcare,2008
2008-02-22,-0.0068117156115823025,ETHSX,healthcare,2008
2008-02-25,0.01469462862363083,ETHSX,healthcare,2008
2008-02-26,-0.0003245640893004484,ETHSX,healthcare,2008
2008-02-27,-0.0011913039323805988,ETHSX,healthcare,2008
2008-02-28,-0.0008493317939190729,ETHSX,healthcare,2008
2008-02-29,-0.0044638355715933675,ETHSX,healthcare,2008
2008-03-03,0.0039037305376684235,ETHSX,healthcare,2008
2008-03-04,-0.0005005379239406437,ETHSX,healthcare,2008
2008-03-05,-0.006907943096169531,ETHSX,healthcare,2008
2008-03-06,-0.006868957022012016,ETHSX,healthcare,2008
2008-03-07,0.0002887240604500293,ETHSX,healthcare,2008
2008-03-10,-0.013186726955387702,ETHSX,healthcare,2008
2008-03-11,-0.006792110856522402,ETHSX,healthcare,2008
2008-03-12,0.00511209973846717,ETHSX,healthcare,2008
2008-03-13,0.006573255603551527,ETHSX,healthcare,2008
2008-03-14,-0.009464807081298163,ETHSX,healthcare,2008
2008-03-17,-0.00989700763180814,ETHSX,healthcare,2008
2008-03-18,0.0033006244879963224,ETHSX,healthcare,2008
2008-03-19,0.00503692313110848,ETHSX,healthcare,2008
2008-03-20,-0.0003803542896932532,ETHSX,healthcare,2008
2008-03-24,0.0018134006576401487,ETHSX,healthcare,2008
2008-03-25,0.003954833233568629,ETHSX,healthcare,2008
2008-03-26,0.003735950865432504,ETHSX,healthcare,2008
2008-03-27,0.002266392524368506,ETHSX,healthcare,2008
2008-03-28,-9.522872948888612e-05,ETHSX,healthcare,2008
2008-03-31,-0.006226027933679042,ETHSX,healthcare,2008
2008-04-01,0.005012589236032348,ETHSX,healthcare,2008
2008-04-02,-0.005403510810570502,ETHSX,healthcare,2008
2008-04-03,-0.0002602349937940204,ETHSX,healthcare,2008
2008-04-04,0.013551361128150285,ETHSX,healthcare,2008
2008-04-07,0.005100253477407609,ETHSX,healthcare,2008
2008-04-08,-0.006328805164682831,ETHSX,healthcare,2008
2008-04-09,-0.004513840643146706,ETHSX,healthcare,2008
2008-04-10,0.024444737572232714,ETHSX,healthcare,2008
2008-04-11,-0.0017729705435746562,ETHSX,healthcare,2008
2008-04-14,-0.004855156035952147,ETHSX,healthcare,2008
2008-04-15,-0.00538339204545051,ETHSX,healthcare,2008
2008-04-16,-0.007492644278725008,ETHSX,healthcare,2008
2008-04-17,-0.012026854817572291,ETHSX,healthcare,2008
2008-04-18,0.0009473364865249332,ETHSX,healthcare,2008
2008-04-21,0.004051388431366423,ETHSX,healthcare,2008
2008-04-22,-0.00829123089663639,ETHSX,healthcare,2008
2008-04-23,0.013711960308230103,ETHSX,healthcare,2008
2008-04-24,-0.0014973945305974323,ETHSX,healthcare,2008
2008-04-25,-0.0005054250726426448,ETHSX,healthcare,2008
2008-04-28,-0.0019468847239368847,ETHSX,healthcare,2008
2008-04-29,-0.00034084552054873584,ETHSX,healthcare,2008
2008-04-30,0.0008906760543618128,ETHSX,healthcare,2008
2008-05-01,0.0035033872045032045,ETHSX,healthcare,2008
2008-05-02,-0.008564613981875819,ETHSX,healthcare,2008
2008-05-05,0.0012305383258174826,ETHSX,healthcare,2008
2008-05-06,-0.004244467118268426,ETHSX,healthcare,2008
2008-05-07,-0.006699091666687789,ETHSX,healthcare,2008
2008-05-08,-0.00019127295615540987,ETHSX,healthcare,2008
2008-05-09,-0.0037257525845883917,ETHSX,healthcare,2008
2008-05-12,-0.0006654765486085899,ETHSX,healthcare,2008
2008-05-13,-0.002933704097724885,ETHSX,healthcare,2008
2008-05-14,0.0020081592244654864,ETHSX,healthcare,2008
2008-05-15,-0.0035799914566412797,ETHSX,healthcare,2008
2008-05-16,-0.0023884154655729383,ETHSX,healthcare,2008
2008-05-19,-0.003539507641163107,ETHSX,healthcare,2008
2008-05-20,0.003308040885068824,ETHSX,healthcare,2008
2008-05-21,-0.0013349448217571443,ETHSX,healthcare,2008
2008-05-22,0.007370788877198669,ETHSX,healthcare,2008
2008-05-23,-0.0005163023647851445,ETHSX,healthcare,2008
2008-05-27,0.003811843927328349,ETHSX,healthcare,2008
2008-05-28,-0.004732382369902602,ETHSX,healthcare,2008
2008-05-29,0.010360482998084366,ETHSX,healthcare,2008
2008-05-30,0.0006528698132631161,ETHSX,healthcare,2008
2008-06-02,-0.0003048213856632282,ETHSX,healthcare,2008
2008-06-03,-0.0031841672036804066,ETHSX,healthcare,2008
2008-06-04,-0.0004746324036175948,ETHSX,healthcare,2008
2008-06-05,0.0018486635721577539,ETHSX,healthcare,2008
2008-06-06,0.0033039569374498402,ETHSX,healthcare,2008
2008-06-09,-0.009459876050213797,ETHSX,healthcare,2008
2008-06-10,-0.006891176798390544,ETHSX,healthcare,2008
2008-06-11,-0.00600901863131818,ETHSX,healthcare,2008
2008-06-12,0.0010059890898348506,ETHSX,healthcare,2008
2008-06-13,0.003783747173380366,ETHSX,healthcare,2008
2008-06-16,-0.00013177924897743313,ETHSX,healthcare,2008
2008-06-17,-0.00393301741321565,ETHSX,healthcare,2008
2008-06-18,-0.001920630240417407,ETHSX,healthcare,2008
2008-06-19,0.01201799779021268,ETHSX,healthcare,2008
2008-06-20,-0.005004829841864107,ETHSX,healthcare,2008
2008-06-23,-0.007508087623555765,ETHSX,healthcare,2008
2008-06-24,0.004678791225544377,ETHSX,healthcare,2008
2008-06-25,0.009889742262354189,ETHSX,healthcare,2008
2008-06-26,0.0018388235232716706,ETHSX,healthcare,2008
2008-06-27,0.012127130229587746,ETHSX,healthcare,2008
2008-06-30,0.0063610164692202344,ETHSX,healthcare,2008
2008-07-01,0.00962765408320903,ETHSX,healthcare,2008
2008-07-02,0.012070426965550985,ETHSX,healthcare,2008
2008-07-03,-0.0024636875370051764,ETHSX,healthcare,2008
2008-07-07,-0.004537051778347889,ETHSX,healthcare,2008
2008-07-08,0.025063666519483205,ETHSX,healthcare,2008
2008-07-09,0.006402832221119691,ETHSX,healthcare,2008
2008-07-10,0.002611625190551047,ETHSX,healthcare,2008
2008-07-11,-0.0003789709417334579,ETHSX,healthcare,2008
2008-07-14,-7.706145599442257e-05,ETHSX,healthcare,2008
2008-07-15,0.03321048737040208,ETHSX,healthcare,2008
2008-07-16,-0.006506568264230926,ETHSX,healthcare,2008
2008-07-17,0.00452593693749922,ETHSX,healthcare,2008
2008-07-18,-0.006647710102392491,ETHSX,healthcare,2008
2008-07-21,0.0026967762166021933,ETHSX,healthcare,2008
2008-07-22,0.00926374807575702,ETHSX,healthcare,2008
2008-07-23,-0.012680243294108919,ETHSX,healthcare,2008
2008-07-24,0.010417161979221627,ETHSX,healthcare,2008
2008-07-25,0.006960917826129061,ETHSX,healthcare,2008
2008-07-28,0.0009206624183532384,ETHSX,healthcare,2008
2008-07-29,-0.005727339714114977,ETHSX,healthcare,2008
2008-07-30,-0.010164878389814556,ETHSX,healthcare,2008
2008-07-31,0.03578215853331612,ETHSX,healthcare,2008
2008-08-01,-0.0038619765304491777,ETHSX,healthcare,2008
2008-08-04,0.0059839635607925375,ETHSX,healthcare,2008
2008-08-05,-0.003106826660669639,ETHSX,healthcare,2008
2008-08-06,-0.00813246327565893,ETHSX,healthcare,2008
2008-08-07,-0.007781677940448645,ETHSX,healthcare,2008
2008-08-08,0.0032088283568095424,ETHSX,healthcare,2008
2008-08-11,-4.475747167084071e-05,ETHSX,healthcare,2008
2008-08-12,0.00396723172452831,ETHSX,healthcare,2008
2008-08-13,0.0030141333695934878,ETHSX,healthcare,2008
2008-08-14,0.004412848515884097,ETHSX,healthcare,2008
2008-08-15,-0.007457338713804605,ETHSX,healthcare,2008
2008-08-18,-0.00026499323462020503,ETHSX,healthcare,2008
2008-08-19,0.0006431456521203928,ETHSX,healthcare,2008
2008-08-20,-0.009208847104166596,ETHSX,healthcare,2008
2008-08-21,-0.002802438389467204,ETHSX,healthcare,2008
2008-08-22,0.00017151384408304118,ETHSX,healthcare,2008
2008-08-25,-0.0007200098659857299,ETHSX,healthcare,2008
2008-08-26,-0.0007917010113105175,ETHSX,healthcare,2008
2008-08-27,-0.006023063362122455,ETHSX,healthcare,2008
2008-08-28,0.0025740026324284817,ETHSX,healthcare,2008
2008-08-29,-0.003093175800173973,ETHSX,healthcare,2008
2008-09-02,0.0012942105944174303,ETHSX,healthcare,2008
2008-09-03,-0.0002518357460529986,ETHSX,healthcare,2008
2008-09-04,-0.0029172701392741057,ETHSX,healthcare,2008
2008-09-05,-0.003720021194781672,ETHSX,healthcare,2008
2008-09-08,-0.01008306026657217,ETHSX,healthcare,2008
2008-09-09,0.003913112089942454,ETHSX,healthcare,2008
2008-09-10,0.012786459260939314,ETHSX,healthcare,2008
2008-09-11,-0.0015229446272697258,ETHSX,healthcare,2008
2008-09-12,-0.005567509296042199,ETHSX,healthcare,2008
2008-09-15,0.008836645799045664,ETHSX,healthcare,2008
2008-09-16,0.0019025976563835124,ETHSX,healthcare,2008
2008-09-17,-0.00794009074527555,ETHSX,healthcare,2008
2008-09-18,0.0008312391735133158,ETHSX,healthcare,2008
2008-09-19,-0.011622630129172872,ETHSX,healthcare,2008
2008-09-22,-0.010861231711103531,ETHSX,healthcare,2008
2008-09-23,0.010695281290301135,ETHSX,healthcare,2008
2008-09-24,0.005850758106913436,ETHSX,healthcare,2008
2008-09-25,0.005562745257033975,ETHSX,healthcare,2008
2008-09-26,-0.000168520059691483,ETHSX,healthcare,2008
2008-09-29,0.005511797241385057,ETHSX,healthcare,2008
2008-09-30,-0.006331469618598484,ETHSX,healthcare,2008
2008-10-01,0.0017088123069978433,ETHSX,healthcare,2008
2008-10-02,0.005819427651836077,ETHSX,healthcare,2008
2008-10-03,-0.002013257961047711,ETHSX,healthcare,2008
2008-10-06,-0.007992028228096935,ETHSX,healthcare,2008
2008-10-07,-0.0032421087022964715,ETHSX,healthcare,2008
2008-10-08,0.0013766472893799592,ETHSX,healthcare,2008
2008-10-09,-0.01348541865136707,ETHSX,healthcare,2008
2008-10-10,-0.017291414150498778,ETHSX,healthcare,2008
2008-10-13,0.011948001419606308,ETHSX,healthcare,2008
2008-10-14,-0.008449432908931184,ETHSX,healthcare,2008
2008-10-15,0.0030138370485185834,ETHSX,healthcare,2008
2008-10-16,0.011926988184090128,ETHSX,healthcare,2008
2008-10-17,0.007397422655978651,ETHSX,healthcare,2008
2008-10-20,-0.002441533692089083,ETHSX,healthcare,2008
2008-10-21,1.7297855913079446e-05,ETHSX,healthcare,2008
2008-10-22,-0.008559998357441721,ETHSX,healthcare,2008
2008-10-23,-0.016012621280205128,ETHSX,healthcare,2008
2008-10-24,0.008487049399644585,ETHSX,healthcare,2008
2008-10-27,-0.01445820741498037,ETHSX,healthcare,2008
2008-10-28,-0.016637881142935476,ETHSX,healthcare,2008
2008-10-29,0.01748478012500916,ETHSX,healthcare,2008
2008-10-30,-0.00012412128733100755,ETHSX,healthcare,2008
2008-10-31,0.015552616113064327,ETHSX,healthcare,2008
2008-11-03,0.009257785736391714,ETHSX,healthcare,2008
2008-11-04,-0.007319093914104794,ETHSX,healthcare,2008
2008-11-05,-0.007895609952702998,ETHSX,healthcare,2008
2008-11-06,0.012443896803449418,ETHSX,healthcare,2008
2008-11-07,0.013943885074989296,ETHSX,healthcare,2008
2008-11-10,0.005334644616945218,ETHSX,healthcare,2008
2008-11-11,0.01009707300078746,ETHSX,healthcare,2008
2008-11-12,-0.001230323145521909,ETHSX,healthcare,2008
2008-11-13,0.011223220094234189,ETHSX,healthcare,2008
2008-11-14,-8.790856757743756e-05,ETHSX,healthcare,2008
2008-11-17,-0.015434864581085974,ETHSX,healthcare,2008
2008-11-18,-0.009326589545171779,ETHSX,healthcare,2008
2008-11-19,-0.0050609516433387375,ETHSX,healthcare,2008
2008-11-20,-0.008938546930726564,ETHSX,healthcare,2008
2008-11-21,-0.022477722685633337,ETHSX,healthcare,2008
2008-11-24,-0.0017240325751365776,ETHSX,healthcare,2008
2008-11-25,-0.0019535122215743393,ETHSX,healthcare,2008
2008-11-26,-0.007659941986863355,ETHSX,healthcare,2008
2008-11-28,-0.001849489671576758,ETHSX,healthcare,2008
2008-12-01,0.0003625483766506246,ETHSX,healthcare,2008
2008-12-02,0.003880650931981481,ETHSX,healthcare,2008
2008-12-03,0.01805693587431949,ETHSX,healthcare,2008
2008-12-04,0.0001965158198752072,ETHSX,healthcare,2008
2008-12-05,0.006196984834859667,ETHSX,healthcare,2008
2008-12-08,-0.00715406743505528,ETHSX,healthcare,2008
2008-12-09,-0.0113536240296802,ETHSX,healthcare,2008
2008-12-10,0.0005368490701097798,ETHSX,healthcare,2008
2008-12-11,0.007690352265868244,ETHSX,healthcare,2008
2008-12-12,0.008592835128011383,ETHSX,healthcare,2008
2008-12-15,-0.0030916207041562643,ETHSX,healthcare,2008
2008-12-16,0.008757132424589264,ETHSX,healthcare,2008
2008-12-17,0.010723423967295698,ETHSX,healthcare,2008
2008-12-18,0.012081414543821617,ETHSX,healthcare,2008
2008-12-19,0.008360450316870391,ETHSX,healthcare,2008
2008-12-22,0.005166416649042686,ETHSX,healthcare,2008
2008-12-23,0.001492537640194672,ETHSX,healthcare,2008
2008-12-24,-0.00571328217384168,ETHSX,healthcare,2008
2008-12-26,-0.004439496197556459,ETHSX,healthcare,2008
2008-12-29,-0.006511100378297994,ETHSX,healthcare,2008
2008-12-30,0.004460148051777524,ETHSX,healthcare,2008
2009-01-05,-0.006456445911672673,ETHSX,healthcare,2009
2009-01-06,-0.009635127156564088,ETHSX,healthcare,2009
2009-01-07,0.008114361163802238,ETHSX,healthcare,2009
2009-01-08,0.01146248543119297,ETHSX,healthcare,2009
2009-01-09,-0.0038677407538772347,ETHSX,healthcare,2009
2009-01-12,0.005978053825080717,ETHSX,healthcare,2009
2009-01-13,0.007847725462101834,ETHSX,healthcare,2009
2009-01-14,0.0002040118017134357,ETHSX,healthcare,2009
2009-01-15,0.007487318918463237,ETHSX,healthcare,2009
2009-01-16,0.004555382630637124,ETHSX,healthcare,2009
2009-01-20,-0.002885535979404271,ETHSX,healthcare,2009
2009-01-21,0.014641768914156333,ETHSX,healthcare,2009
2009-01-22,0.0012903256924910967,ETHSX,healthcare,2009
2009-01-23,-0.005989027959513981,ETHSX,healthcare,2009
2009-01-26,8.40368294637954e-05,ETHSX,healthcare,2009
2009-01-27,0.004450797426772977,ETHSX,healthcare,2009
2009-01-28,-0.005038327790778235,ETHSX,healthcare,2009
2009-01-29,0.009601436422401223,ETHSX,healthcare,2009
2009-01-30,0.004036940455354602,ETHSX,healthcare,2009
2009-02-02,0.009192504162828706,ETHSX,healthcare,2009
2009-02-03,0.01682733791085479,ETHSX,healthcare,2009
2009-02-04,-0.0019330370081308743,ETHSX,healthcare,2009
2009-02-05,-0.0008890369259150913,ETHSX,healthcare,2009
2009-02-06,-0.008461357533903379,ETHSX,healthcare,2009
2009-02-09,-0.005354187768703112,ETHSX,healthcare,2009
2009-02-10,-0.001877230976845605,ETHSX,healthcare,2009
2009-02-11,0.004205610192974121,ETHSX,healthcare,2009
2009-02-12,0.014284775566205644,ETHSX,healthcare,2009
2009-02-13,-0.0022849065756119467,ETHSX,healthcare,2009
2009-02-17,0.0008707507392698537,ETHSX,healthcare,2009
2009-02-18,-0.003471371970323614,ETHSX,healthcare,2009
2009-02-19,-0.007554272914855241,ETHSX,healthcare,2009
2009-02-20,-0.0007756975941856665,ETHSX,healthcare,2009
2009-02-23,0.004727511015224627,ETHSX,healthcare,2009
2009-02-24,0.00101946643590382,ETHSX,healthcare,2009
2009-02-25,-0.008078120926703639,ETHSX,healthcare,2009
2009-02-26,-0.025233375873850248,ETHSX,healthcare,2009
2009-02-27,-0.02045787595071271,ETHSX,healthcare,2009
2009-03-02,-0.015857094129216456,ETHSX,healthcare,2009
2009-03-03,2.1421085115025905e-05,ETHSX,healthcare,2009
2009-03-04,0.005595316911597944,ETHSX,healthcare,2009
2009-03-05,-0.0025118464925386608,ETHSX,healthcare,2009
2009-03-06,0.01641404325494365,ETHSX,healthcare,2009
2009-03-09,0.010864839745595743,ETHSX,healthcare,2009
2009-03-10,-0.007472486207094557,ETHSX,healthcare,2009
2009-03-11,-0.019921706760001157,ETHSX,healthcare,2009
2009-03-12,0.029992897249129555,ETHSX,healthcare,2009
2009-03-13,0.009082445433799002,ETHSX,healthcare,2009
2009-03-16,-0.015210088583908618,ETHSX,healthcare,2009
2009-03-17,0.005879843775516834,ETHSX,healthcare,2009
2009-03-18,-0.008321154923020184,ETHSX,healthcare,2009
2009-03-19,-0.004695698413264391,ETHSX,healthcare,2009
2009-03-20,0.001398934586243579,ETHSX,healthcare,2009
2009-03-23,-0.00638155303436997,ETHSX,healthcare,2009
2009-03-24,-0.0031019072270712725,ETHSX,healthcare,2009
2009-03-25,0.003425942762578239,ETHSX,healthcare,2009
2009-03-26,0.013395062905458948,ETHSX,healthcare,2009
2009-03-27,-0.0037489573904840156,ETHSX,healthcare,2009
2009-03-30,0.011558756683576626,ETHSX,healthcare,2009
2009-03-31,0.0014538851612193272,ETHSX,healthcare,2009
2009-04-01,-0.016954590079064837,ETHSX,healthcare,2009
2009-04-02,-0.013438905185600088,ETHSX,healthcare,2009
2009-04-03,-0.018196296737700488,ETHSX,healthcare,2009
2009-04-06,-0.0020391816314532804,ETHSX,healthcare,2009
2009-04-07,0.005166100139672775,ETHSX,healthcare,2009
2009-04-08,0.006056485552767342,ETHSX,healthcare,2009
2009-04-09,-0.013993243355590127,ETHSX,healthcare,2009
2009-04-13,-0.002580390990598368,ETHSX,healthcare,2009
2009-04-14,-0.0020124652789740866,ETHSX,healthcare,2009
2009-04-15,-0.007069411794397559,ETHSX,healthcare,2009
2009-04-16,-7.843783026960545e-05,ETHSX,healthcare,2009
2009-04-17,-0.0022640063949288117,ETHSX,healthcare,2009
2009-04-20,-0.00014945303033681717,ETHSX,healthcare,2009
2009-04-21,-0.009321930166270372,ETHSX,healthcare,2009
2009-04-22,-0.008471913835773306,ETHSX,healthcare,2009
2009-04-23,-0.0025911171596602637,ETHSX,healthcare,2009
2009-04-24,-0.00014539434349917016,ETHSX,healthcare,2009
2009-04-27,0.013362563632183263,ETHSX,healthcare,2009
2009-04-28,0.008486926367142393,ETHSX,healthcare,2009
2009-04-29,0.00021485896327862013,ETHSX,healthcare,2009
2009-04-30,-0.015638095234426524,ETHSX,healthcare,2009
2009-05-01,-0.012068107755859467,ETHSX,healthcare,2009
2009-05-04,0.002650261808498606,ETHSX,healthcare,2009
2009-05-05,-0.0018914968988125707,ETHSX,healthcare,2009
2009-05-06,-0.021218546014023447,ETHSX,healthcare,2009
2009-05-07,0.0157564083706568,ETHSX,healthcare,2009
2009-05-08,0.0017029858656856644,ETHSX,healthcare,2009
2009-05-11,0.018244502747523535,ETHSX,healthcare,2009
2009-05-12,0.004341264159654006,ETHSX,healthcare,2009
2009-05-13,0.005065783147877919,ETHSX,healthcare,2009
2009-05-14,-0.003304357391540011,ETHSX,healthcare,2009
2009-05-15,-0.003107441855467623,ETHSX,healthcare,2009
2009-05-18,-0.005137687252987567,ETHSX,healthcare,2009
2009-05-19,0.0008020836731956533,ETHSX,healthcare,2009
2009-05-20,0.007699742902817217,ETHSX,healthcare,2009
2009-05-21,-0.0009170279644583855,ETHSX,healthcare,2009
2009-05-22,0.0039031626688615343,ETHSX,healthcare,2009
2009-05-26,0.0027855172451788195,ETHSX,healthcare,2009
2009-05-27,-0.0014382005654665214,ETHSX,healthcare,2009
2009-05-28,-0.004993335997898419,ETHSX,healthcare,2009
2009-05-29,0.0057398466931135456,ETHSX,healthcare,2009
2009-06-01,-0.010709883934212891,ETHSX,healthcare,2009
2009-06-02,0.009745154581981665,ETHSX,healthcare,2009
2009-06-03,0.009617987851301949,ETHSX,healthcare,2009
2009-06-04,-0.008785713253243552,ETHSX,healthcare,2009
2009-06-05,-0.003725888768373541,ETHSX,healthcare,2009
2009-06-08,-0.006357495649702094,ETHSX,healthcare,2009
2009-06-09,0.0036414466856126526,ETHSX,healthcare,2009
2009-06-10,-0.0009758845180878827,ETHSX,healthcare,2009
2009-06-11,0.010273104332585346,ETHSX,healthcare,2009
2009-06-12,0.004840395081255776,ETHSX,healthcare,2009
2009-06-15,-0.011921958897505852,ETHSX,healthcare,2009
2009-06-16,0.002557693620366271,ETHSX,healthcare,2009
2009-06-17,0.01596521581914067,ETHSX,healthcare,2009
2009-06-18,0.006131933834762553,ETHSX,healthcare,2009
2009-06-19,0.0043111036064574365,ETHSX,healthcare,2009
2009-06-22,-0.003053942417166774,ETHSX,healthcare,2009
2009-06-23,0.0009621412668948891,ETHSX,healthcare,2009
2009-06-24,0.00292351007196462,ETHSX,healthcare,2009
2009-06-25,0.008098264370708938,ETHSX,healthcare,2009
2009-06-26,0.005247963129144418,ETHSX,healthcare,2009
2009-06-29,-0.0025973178309673735,ETHSX,healthcare,2009
2009-06-30,-0.006344552253167711,ETHSX,healthcare,2009
2009-07-01,-0.0009163004866960334,ETHSX,healthcare,2009
2009-07-02,-0.001987551442226395,ETHSX,healthcare,2009
2009-07-06,0.005197520480521458,ETHSX,healthcare,2009
2009-07-07,-0.0003557071633680832,ETHSX,healthcare,2009
2009-07-08,0.004285933146991155,ETHSX,healthcare,2009
2009-07-09,-0.0021843269159381984,ETHSX,healthcare,2009
2009-07-10,-0.0048216013449471126,ETHSX,healthcare,2009
2009-07-13,-0.0019382357465629677,ETHSX,healthcare,2009
2009-07-14,-0.00798430149633045,ETHSX,healthcare,2009
2009-07-15,-0.005980094073914184,ETHSX,healthcare,2009
2009-07-16,0.010962354229396894,ETHSX,healthcare,2009
2009-07-17,-0.007145135375225438,ETHSX,healthcare,2009
2009-07-20,0.0016574931735069947,ETHSX,healthcare,2009
2009-07-21,0.002471337368572828,ETHSX,healthcare,2009
2009-07-22,0.00025176111292492747,ETHSX,healthcare,2009
2009-07-23,0.004969969499810477,ETHSX,healthcare,2009
2009-07-24,0.01103245466681234,ETHSX,healthcare,2009
2009-07-27,-0.001497478502971768,ETHSX,healthcare,2009
2009-07-28,0.0074418291846919254,ETHSX,healthcare,2009
2009-07-29,0.0026650249612645118,ETHSX,healthcare,2009
2009-07-30,0.00023505133274566003,ETHSX,healthcare,2009
2009-07-31,-0.0029811522706600104,ETHSX,healthcare,2009
2009-08-03,-0.001958131726519089,ETHSX,healthcare,2009
2009-08-04,-0.0001321155005762078,ETHSX,healthcare,2009
2009-08-05,-0.004073927865519715,ETHSX,healthcare,2009
2009-08-06,-0.011005794316888399,ETHSX,healthcare,2009
2009-08-07,-0.004740374865439561,ETHSX,healthcare,2009
2009-08-10,0.006004325706684605,ETHSX,healthcare,2009
2009-08-11,0.0035021276153739604,ETHSX,healthcare,2009
2009-08-12,0.0036440846719677294,ETHSX,healthcare,2009
2009-08-13,-0.00408325043103622,ETHSX,healthcare,2009
2009-08-14,-0.00029530054648721233,ETHSX,healthcare,2009
2009-08-17,0.00785884539299216,ETHSX,healthcare,2009
2009-08-18,-0.0030660361656262925,ETHSX,healthcare,2009
2009-08-19,0.009437390529804798,ETHSX,healthcare,2009
2009-08-20,0.0002584307000337493,ETHSX,healthcare,2009
2009-08-21,-0.0014442762314665035,ETHSX,healthcare,2009
2009-08-24,-0.0009559826565129052,ETHSX,healthcare,2009
2009-08-25,0.0036502156591495093,ETHSX,healthcare,2009
2009-08-26,0.0012240106450899992,ETHSX,healthcare,2009
2009-08-27,0.0011853519366723645,ETHSX,healthcare,2009
2009-08-28,-0.005445261020966002,ETHSX,healthcare,2009
2009-08-31,0.003907168665054502,ETHSX,healthcare,2009
2009-09-01,0.0008644150352688004,ETHSX,healthcare,2009
2009-09-02,-0.0024040511175846572,ETHSX,healthcare,2009
2009-09-03,-0.0009641550029644052,ETHSX,healthcare,2009
2009-09-04,0.0028390847754038917,ETHSX,healthcare,2009
2009-09-08,-0.0011821553281740407,ETHSX,healthcare,2009
2009-09-09,0.002762135361627896,ETHSX,healthcare,2009
2009-09-10,0.00017351766971936914,ETHSX,healthcare,2009
2009-09-11,0.004761388518905453,ETHSX,healthcare,2009
2009-09-14,0.0030717440366735244,ETHSX,healthcare,2009
2009-09-15,-0.004409860325655431,ETHSX,healthcare,2009
2009-09-16,-0.00373874914536141,ETHSX,healthcare,2009
2009-09-17,0.0031914034348603363,ETHSX,healthcare,2009
2009-09-18,-0.00021594226994117987,ETHSX,healthcare,2009
2009-09-21,0.005988091841759366,ETHSX,healthcare,2009
2009-09-22,-0.005298719469617123,ETHSX,healthcare,2009
2009-09-23,-0.004161500724056803,ETHSX,healthcare,2009
2009-09-24,0.001738216946750571,ETHSX,healthcare,2009
2009-09-25,0.003081809919185149,ETHSX,healthcare,2009
2009-09-28,0.001508064149766378,ETHSX,healthcare,2009
2009-09-29,-0.0037695326884594938,ETHSX,healthcare,2009
2009-09-30,0.001152951446355619,ETHSX,healthcare,2009
2009-10-01,-0.008580057777884502,ETHSX,healthcare,2009
2009-10-02,0.0015638065097887976,ETHSX,healthcare,2009
2009-10-05,-0.003516991782522006,ETHSX,healthcare,2009
2009-10-06,-0.00091872233261041,ETHSX,healthcare,2009
2009-10-07,-0.0036523388623554112,ETHSX,healthcare,2009
2009-10-08,-0.00636798608581427,ETHSX,healthcare,2009
2009-10-09,0.00018923510204711712,ETHSX,healthcare,2009
2009-10-12,0.00024570396124255723,ETHSX,healthcare,2009
2009-10-13,-0.0055376564562204435,ETHSX,healthcare,2009
2009-10-14,0.003183933491165237,ETHSX,healthcare,2009
2009-10-15,0.002624444234179575,ETHSX,healthcare,2009
2009-10-16,-0.003591757528586285,ETHSX,healthcare,2009
2009-10-19,-0.0010359152932732075,ETHSX,healthcare,2009
2009-10-20,-0.012729389794049636,ETHSX,healthcare,2009
2009-10-21,0.0005104475282128968,ETHSX,healthcare,2009
2009-10-22,-0.0008743062042778707,ETHSX,healthcare,2009
2009-10-23,-0.00844006827567938,ETHSX,healthcare,2009
2009-10-26,-0.004349950842835408,ETHSX,healthcare,2009
2009-10-27,0.003842589631813615,ETHSX,healthcare,2009
2009-10-28,-0.010558143325240492,ETHSX,healthcare,2009
2009-10-29,0.0014755721077668298,ETHSX,healthcare,2009
2009-10-30,0.005488264973552211,ETHSX,healthcare,2009
2009-11-02,-0.00032912420450454793,ETHSX,healthcare,2009
2009-11-03,0.006732291797594485,ETHSX,healthcare,2009
2009-11-04,0.001075115493331032,ETHSX,healthcare,2009
2009-11-05,0.007664166078191504,ETHSX,healthcare,2009
2009-11-06,0.005641257707025345,ETHSX,healthcare,2009
2009-11-09,-0.0020873031721068414,ETHSX,healthcare,2009
2009-11-10,-0.0011037134751662658,ETHSX,healthcare,2009
2009-11-11,-0.00040622221650496795,ETHSX,healthcare,2009
2009-11-12,-0.010174752879787325,ETHSX,healthcare,2009
2009-11-13,-0.004008883828201572,ETHSX,healthcare,2009
2009-11-16,0.006013638694465426,ETHSX,healthcare,2009
2009-11-17,-0.003934536673532623,ETHSX,healthcare,2009
2009-11-18,-0.001807505307402122,ETHSX,healthcare,2009
2009-11-19,-0.004147380443123979,ETHSX,healthcare,2009
2009-11-20,-0.0025482495516071517,ETHSX,healthcare,2009
2009-11-23,0.005955497103162208,ETHSX,healthcare,2009
2009-11-24,0.0038973109029886623,ETHSX,healthcare,2009
2009-11-25,0.006222631931617284,ETHSX,healthcare,2009
2009-11-27,0.00456146319063667,ETHSX,healthcare,2009
2009-11-30,-0.004014877826482505,ETHSX,healthcare,2009
2009-12-01,0.0070489426938734655,ETHSX,healthcare,2009
2009-12-02,0.0026441767709019593,ETHSX,healthcare,2009
2009-12-03,-0.0011817516377142581,ETHSX,healthcare,2009
2009-12-04,-0.003016374369585758,ETHSX,healthcare,2009
2009-12-07,-0.0012855081899398164,ETHSX,healthcare,2009
2009-12-08,0.001719946889573165,ETHSX,healthcare,2009
2009-12-09,-0.0019298922730993295,ETHSX,healthcare,2009
2009-12-10,0.0027311410910311157,ETHSX,healthcare,2009
2009-12-11,-0.00107546607668722,ETHSX,healthcare,2009
2009-12-14,0.009963827756525287,ETHSX,healthcare,2009
2009-12-15,0.00046604523559304854,ETHSX,healthcare,2009
2009-12-16,-0.000707211790532251,ETHSX,healthcare,2009
2009-12-17,-0.004438066455986555,ETHSX,healthcare,2009
2009-12-18,0.0026803736149765113,ETHSX,healthcare,2009
2009-12-21,0.0024146694336018935,ETHSX,healthcare,2009
2009-12-22,0.005981496163173097,ETHSX,healthcare,2009
2009-12-23,0.00015848761784657708,ETHSX,healthcare,2009
2009-12-24,-0.0002617090045274541,ETHSX,healthcare,2009
2009-12-28,0.0011697536351735868,ETHSX,healthcare,2009
2009-12-29,-0.0001832301269223262,ETHSX,healthcare,2009
2009-12-30,-0.002211244616878735,ETHSX,healthcare,2009
2010-01-05,-0.00857594712017356,ETHSX,healthcare,2010
2010-01-06,0.003895370748428207,ETHSX,healthcare,2010
2010-01-07,-0.0008986672753510047,ETHSX,healthcare,2010
2010-01-08,0.0008501655086008081,ETHSX,healthcare,2010
2010-01-11,0.004445164977982988,ETHSX,healthcare,2010
2010-01-12,0.003494440778976113,ETHSX,healthcare,2010
2010-01-13,0.00587029374360077,ETHSX,healthcare,2010
2010-01-14,0.002330771296238329,ETHSX,healthcare,2010
2010-01-15,0.0049205627575194645,ETHSX,healthcare,2010
2010-01-19,0.009253963345325683,ETHSX,healthcare,2010
2010-01-20,0.003136485858794306,ETHSX,healthcare,2010
2010-01-21,0.0022562308931321808,ETHSX,healthcare,2010
2010-01-22,0.009750677613139615,ETHSX,healthcare,2010
2010-01-25,-0.008118590054293167,ETHSX,healthcare,2010
2010-01-26,-0.0002485928858302999,ETHSX,healthcare,2010
2010-01-27,0.003071960730436043,ETHSX,healthcare,2010
2010-01-28,0.0028973346924385237,ETHSX,healthcare,2010
2010-01-29,0.0057094431434376435,ETHSX,healthcare,2010
2010-02-01,-0.0026011680022040885,ETHSX,healthcare,2010
2010-02-02,0.0041848727690646705,ETHSX,healthcare,2010
2010-02-03,0.0003857891373666728,ETHSX,healthcare,2010
2010-02-04,-0.0044269382288476405,ETHSX,healthcare,2010
2010-02-05,-0.008175087689948813,ETHSX,healthcare,2010
2010-02-08,0.0018951291478227442,ETHSX,healthcare,2010
2010-02-09,-0.0013704991985744007,ETHSX,healthcare,2010
2010-02-10,0.00028992986378103235,ETHSX,healthcare,2010
2010-02-11,0.0034344848011166546,ETHSX,healthcare,2010
2010-02-12,0.002772216423983769,ETHSX,healthcare,2010
2010-02-16,-0.004935735713403241,ETHSX,healthcare,2010
2010-02-17,0.0030423801453023395,ETHSX,healthcare,2010
2010-02-18,-0.0043300073037609715,ETHSX,healthcare,2010
2010-02-19,-0.00046148273539276235,ETHSX,healthcare,2010
2010-02-22,-0.00016143298767687573,ETHSX,healthcare,2010
2010-02-23,0.00018937548041154072,ETHSX,healthcare,2010
2010-02-24,-0.00020357017164964256,ETHSX,healthcare,2010
2010-02-25,0.003122090404880701,ETHSX,healthcare,2010
2010-02-26,0.00382801089727556,ETHSX,healthcare,2010
2010-03-01,0.01390055842524569,ETHSX,healthcare,2010
2010-03-02,0.004264894549843846,ETHSX,healthcare,2010
2010-03-03,0.0003656988769462165,ETHSX,healthcare,2010
2010-03-04,-0.006417987306620982,ETHSX,healthcare,2010
2010-03-05,0.006333244953138358,ETHSX,healthcare,2010
2010-03-08,-0.005317814934694112,ETHSX,healthcare,2010
2010-03-09,-0.0012431414122178086,ETHSX,healthcare,2010
2010-03-10,0.006055911378446584,ETHSX,healthcare,2010
2010-03-11,0.0030910980655612834,ETHSX,healthcare,2010
2010-03-12,-0.0011147301585483847,ETHSX,healthcare,2010
2010-03-15,-0.0022643393786555897,ETHSX,healthcare,2010
2010-03-16,0.00030679288807694983,ETHSX,healthcare,2010
2010-03-17,-0.005371868828481391,ETHSX,healthcare,2010
2010-03-18,0.005440248985418215,ETHSX,healthcare,2010
2010-03-19,0.005690786026845579,ETHSX,healthcare,2010
2010-03-22,0.0031553061301012857,ETHSX,healthcare,2010
2010-03-23,0.001874813779933906,ETHSX,healthcare,2010
2010-03-24,-0.0064690096495237095,ETHSX,healthcare,2010
2010-03-25,-0.007916350424073534,ETHSX,healthcare,2010
2010-03-26,-0.0016268335174158739,ETHSX,healthcare,2010
2010-03-29,0.002475266148064357,ETHSX,healthcare,2010
2010-03-30,-0.0015396688679262488,ETHSX,healthcare,2010
2010-03-31,0.0004288546916691332,ETHSX,healthcare,2010
2010-04-01,0.0031040820384312827,ETHSX,healthcare,2010
2010-04-05,-0.004967150372928494,ETHSX,healthcare,2010
2010-04-06,-0.0017498700143009735,ETHSX,healthcare,2010
2010-04-07,0.00011245823069834515,ETHSX,healthcare,2010
2010-04-08,-0.004576651642024232,ETHSX,healthcare,2010
2010-04-09,0.0012521027614843371,ETHSX,healthcare,2010
2010-04-12,-0.0011893832885027961,ETHSX,healthcare,2010
2010-04-13,0.0014334229467541071,ETHSX,healthcare,2010
2010-04-14,-0.0073039877989324545,ETHSX,healthcare,2010
2010-04-15,0.0003710354282541916,ETHSX,healthcare,2010
2010-04-16,0.006566190271603671,ETHSX,healthcare,2010
2010-04-19,-0.004793974562463824,ETHSX,healthcare,2010
2010-04-20,-0.0025080485980537182,ETHSX,healthcare,2010
2010-04-21,-0.01377784012678987,ETHSX,healthcare,2010
2010-04-22,-0.016491971284327306,ETHSX,healthcare,2010
2010-04-23,0.004525085650574356,ETHSX,healthcare,2010
2010-04-26,-0.0054809814463396955,ETHSX,healthcare,2010
2010-04-27,0.005846071730895765,ETHSX,healthcare,2010
2010-04-28,0.0007052705760338058,ETHSX,healthcare,2010
2010-04-29,0.0127565746409105,ETHSX,healthcare,2010
2010-04-30,0.004077338583528977,ETHSX,healthcare,2010
2010-05-03,-0.0033116333937484484,ETHSX,healthcare,2010
2010-05-04,0.0007620414450987129,ETHSX,healthcare,2010
2010-05-05,-0.007120134258700093,ETHSX,healthcare,2010
2010-05-06,-0.0010400865158854966,ETHSX,healthcare,2010
2010-05-07,-0.011833620475618315,ETHSX,healthcare,2010
2010-05-10,-0.0012493151292250239,ETHSX,healthcare,2010
2010-05-11,0.0052541902692665576,ETHSX,healthcare,2010
2010-05-12,0.0015075608862467147,ETHSX,healthcare,2010
2010-05-13,-0.0025660345453538177,ETHSX,healthcare,2010
2010-05-14,-0.0017655889056234306,ETHSX,healthcare,2010
2010-05-17,-0.001497425659341944,ETHSX,healthcare,2010
2010-05-18,0.0001303754844720964,ETHSX,healthcare,2010
2010-05-19,-0.0002580515399040681,ETHSX,healthcare,2010
2010-05-20,-0.004391043072552694,ETHSX,healthcare,2010
2010-05-21,-0.01295166298638607,ETHSX,healthcare,2010
2010-05-24,0.0059121430380872,ETHSX,healthcare,2010
2010-05-25,-0.00420332428182138,ETHSX,healthcare,2010
2010-05-26,-0.00022000435350456784,ETHSX,healthcare,2010
2010-05-27,0.00664158277131004,ETHSX,healthcare,2010
2010-05-28,0.0035371474662794803,ETHSX,healthcare,2010
2010-06-01,-0.00011813034785327498,ETHSX,healthcare,2010
2010-06-02,0.007142659785070376,ETHSX,healthcare,2010
2010-06-03,0.001892450416419837,ETHSX,healthcare,2010
2010-06-04,-0.0030984313728956783,ETHSX,healthcare,2010
2010-06-07,0.0022334408923334716,ETHSX,healthcare,2010
2010-06-08,-0.008987747585066382,ETHSX,healthcare,2010
2010-06-09,0.002724180901289042,ETHSX,healthcare,2010
2010-06-10,0.0038771658320027012,ETHSX,healthcare,2010
2010-06-11,0.003139308948012272,ETHSX,healthcare,2010
2010-06-14,0.004434142683055638,ETHSX,healthcare,2010
2010-06-15,-3.87899181030632e-06,ETHSX,healthcare,2010
2010-06-16,0.00023029770232689252,ETHSX,healthcare,2010
2010-06-17,0.0031544047169803978,ETHSX,healthcare,2010
2010-06-18,-0.000820690350583633,ETHSX,healthcare,2010
2010-06-21,-0.00336409546797068,ETHSX,healthcare,2010
2010-06-22,0.004383340073646738,ETHSX,healthcare,2010
2010-06-23,0.004430681416466239,ETHSX,healthcare,2010
2010-06-24,0.006574320331815902,ETHSX,healthcare,2010
2010-06-25,0.007939853160694366,ETHSX,healthcare,2010
2010-06-28,-0.002093549910113642,ETHSX,healthcare,2010
2010-06-29,-0.0027008446820441304,ETHSX,healthcare,2010
2010-06-30,-0.0009658319745262864,ETHSX,healthcare,2010
2010-07-01,-0.0035740926773389237,ETHSX,healthcare,2010
2010-07-02,0.003944936375044798,ETHSX,healthcare,2010
2010-07-06,-0.00595236481608619,ETHSX,healthcare,2010
2010-07-07,-0.01158792343620335,ETHSX,healthcare,2010
2010-07-08,0.00516697950478865,ETHSX,healthcare,2010
2010-07-09,9.888280262325237e-05,ETHSX,healthcare,2010
2010-07-12,-0.012698155868135679,ETHSX,healthcare,2010
2010-07-13,0.00018756899915639384,ETHSX,healthcare,2010
2010-07-14,0.0011463836594749178,ETHSX,healthcare,2010
2010-07-15,0.00642170671958636,ETHSX,healthcare,2010
2010-07-16,-0.005276054006205514,ETHSX,healthcare,2010
2010-07-19,-0.0020784382372407827,ETHSX,healthcare,2010
2010-07-20,-0.008120516431492534,ETHSX,healthcare,2010
2010-07-21,-0.0040780973775499385,ETHSX,healthcare,2010
2010-07-22,0.0008308096261552891,ETHSX,healthcare,2010
2010-07-23,0.00824601093073354,ETHSX,healthcare,2010
2010-07-26,0.013413565489886758,ETHSX,healthcare,2010
2010-07-27,-0.006472221412122,ETHSX,healthcare,2010
2010-07-28,-0.006238939369692761,ETHSX,healthcare,2010
2010-07-29,0.0035241535547393984,ETHSX,healthcare,2010
2010-07-30,0.005620167914137283,ETHSX,healthcare,2010
2010-08-02,-3.545308172679326e-05,ETHSX,healthcare,2010
2010-08-03,0.007783082143275536,ETHSX,healthcare,2010
2010-08-04,0.004772225657543872,ETHSX,healthcare,2010
2010-08-05,0.0018098509337075995,ETHSX,healthcare,2010
2010-08-06,0.01039015895217245,ETHSX,healthcare,2010
2010-08-09,-0.0018126307167082088,ETHSX,healthcare,2010
2010-08-10,0.0018006353824890704,ETHSX,healthcare,2010
2010-08-11,-0.007494513796473916,ETHSX,healthcare,2010
2010-08-12,0.007698765470887269,ETHSX,healthcare,2010
2010-08-13,0.0010359785759987779,ETHSX,healthcare,2010
2010-08-16,0.0013901516058061657,ETHSX,healthcare,2010
2010-08-17,-0.0003329239062415789,ETHSX,healthcare,2010
2010-08-18,0.0029304332873893515,ETHSX,healthcare,2010
2010-08-19,-0.00016107939428423868,ETHSX,healthcare,2010
2010-08-20,-0.0009107280288527804,ETHSX,healthcare,2010
2010-08-23,0.0016659710909271448,ETHSX,healthcare,2010
2010-08-24,-0.0011600157864771147,ETHSX,healthcare,2010
2010-08-25,0.0026367124336897914,ETHSX,healthcare,2010
2010-08-26,-0.0028004169241111748,ETHSX,healthcare,2010
2010-08-27,0.0007992762863036924,ETHSX,healthcare,2010
2010-08-30,0.004014402847232105,ETHSX,healthcare,2010
2010-08-31,-0.0011267935184005127,ETHSX,healthcare,2010
2010-09-01,-0.00099165680914921,ETHSX,healthcare,2010
2010-09-02,-0.006822807889687962,ETHSX,healthcare,2010
2010-09-03,-0.003040102970879999,ETHSX,healthcare,2010
2010-09-07,0.0017819793295696827,ETHSX,healthcare,2010
2010-09-08,0.002374075635630573,ETHSX,healthcare,2010
2010-09-09,0.013676580389918327,ETHSX,healthcare,2010
2010-09-10,0.0036327553300484748,ETHSX,healthcare,2010
2010-09-13,-0.011269072696559416,ETHSX,healthcare,2010
2010-09-14,0.00460285421111291,ETHSX,healthcare,2010
2010-09-15,-0.0007332628612897098,ETHSX,healthcare,2010
2010-09-16,-0.005028756664367151,ETHSX,healthcare,2010
2010-09-17,0.0007413663395250051,ETHSX,healthcare,2010
2010-09-20,0.0013301277102033618,ETHSX,healthcare,2010
2010-09-21,0.0004087416170247035,ETHSX,healthcare,2010
2010-09-22,0.0025227273127759854,ETHSX,healthcare,2010
2010-09-23,0.0027903415236344427,ETHSX,healthcare,2010
2010-09-24,-0.0005793648020369375,ETHSX,healthcare,2010
2010-09-27,-0.002658530518920585,ETHSX,healthcare,2010
2010-09-28,0.007683548417062399,ETHSX,healthcare,2010
2010-09-29,-0.0007903126383814849,ETHSX,healthcare,2010
2010-09-30,9.99395171191078e-05,ETHSX,healthcare,2010
2010-10-01,-0.0020775592686741806,ETHSX,healthcare,2010
2010-10-04,-0.0027118753655838348,ETHSX,healthcare,2010
2010-10-05,-0.0003260241638637241,ETHSX,healthcare,2010
2010-10-06,-0.0040198414565128585,ETHSX,healthcare,2010
2010-10-07,0.004919251364601078,ETHSX,healthcare,2010
2010-10-08,0.0019574514612168336,ETHSX,healthcare,2010
2010-10-11,-0.0007183868751329936,ETHSX,healthcare,2010
2010-10-12,-0.0012740309508214769,ETHSX,healthcare,2010
2010-10-13,-0.0006721849257712307,ETHSX,healthcare,2010
2010-10-14,0.004817146594314738,ETHSX,healthcare,2010
2010-10-15,0.0014762286578994548,ETHSX,healthcare,2010
2010-10-18,0.004343768513213471,ETHSX,healthcare,2010
2010-10-19,-0.009246349334715067,ETHSX,healthcare,2010
2010-10-20,0.002917072363851892,ETHSX,healthcare,2010
2010-10-21,-0.0036328706049507556,ETHSX,healthcare,2010
2010-10-22,-0.002387943325749529,ETHSX,healthcare,2010
2010-10-25,-0.00018702177618900358,ETHSX,healthcare,2010
2010-10-26,-0.006141014399987584,ETHSX,healthcare,2010
2010-10-27,0.001054637113640002,ETHSX,healthcare,2010
2010-10-28,0.0028616235979227428,ETHSX,healthcare,2010
2010-10-29,-0.0015861718145620365,ETHSX,healthcare,2010
2010-11-01,-0.005291638317319894,ETHSX,healthcare,2010
2010-11-02,0.00023377361218372434,ETHSX,healthcare,2010
2010-11-03,-0.002960410408655635,ETHSX,healthcare,2010
2010-11-04,-0.011071321786268132,ETHSX,healthcare,2010
2010-11-05,-0.007769594677335139,ETHSX,healthcare,2010
2010-11-08,-0.006695265255921293,ETHSX,healthcare,2010
2010-11-09,-0.001874788655649634,ETHSX,healthcare,2010
2010-11-10,-0.0009304996570603727,ETHSX,healthcare,2010
2010-11-11,0.0027180439740228245,ETHSX,healthcare,2010
2010-11-12,-0.0025852066905077582,ETHSX,healthcare,2010
2010-11-15,0.005116826986735176,ETHSX,healthcare,2010
2010-11-16,-0.00096133705834223,ETHSX,healthcare,2010
2010-11-17,0.0006367809036380032,ETHSX,healthcare,2010
2010-11-18,0.003741619558851661,ETHSX,healthcare,2010
2010-11-19,6.5907291144731185e-06,ETHSX,healthcare,2010
2010-11-22,0.0026150372264529867,ETHSX,healthcare,2010
2010-11-23,-0.0037125876698942666,ETHSX,healthcare,2010
2010-11-24,-0.001518535580026988,ETHSX,healthcare,2010
2010-11-26,0.004375362285966523,ETHSX,healthcare,2010
2010-11-29,-0.00737384478729314,ETHSX,healthcare,2010
2010-11-30,-0.009344324754538506,ETHSX,healthcare,2010
2010-12-01,-0.005083165395847055,ETHSX,healthcare,2010
2010-12-02,-0.0021267186165350596,ETHSX,healthcare,2010
2010-12-03,0.0021170500031678524,ETHSX,healthcare,2010
2010-12-06,-0.006423316389296107,ETHSX,healthcare,2010
2010-12-07,-0.0025077322773615325,ETHSX,healthcare,2010
2010-12-08,0.0003968218393338107,ETHSX,healthcare,2010
2010-12-09,-0.0008106936836840481,ETHSX,healthcare,2010
2010-12-10,0.0008654128597994611,ETHSX,healthcare,2010
2010-12-13,0.002568571477783145,ETHSX,healthcare,2010
2010-12-14,0.006461275201259465,ETHSX,healthcare,2010
2010-12-15,0.002292782188783366,ETHSX,healthcare,2010
2010-12-16,0.0038431696707442627,ETHSX,healthcare,2010
2010-12-17,-0.0008112860856136866,ETHSX,healthcare,2010
2010-12-20,0.00021962703463035177,ETHSX,healthcare,2010
2010-12-21,-0.00164584558500164,ETHSX,healthcare,2010
2010-12-22,-0.001298613139619703,ETHSX,healthcare,2010
2010-12-23,0.0020125722077219002,ETHSX,healthcare,2010
2010-12-27,-0.003314110264675477,ETHSX,healthcare,2010
2010-12-28,-0.0030772573415982453,ETHSX,healthcare,2010
2010-12-29,0.0015848291596073062,ETHSX,healthcare,2010
2010-12-30,-0.0010036715445896165,ETHSX,healthcare,2010
2011-01-05,-0.0031261596080485285,ETHSX,healthcare,2011
2011-01-06,0.005660521405682935,ETHSX,healthcare,2011
2011-01-07,0.003529179019344386,ETHSX,healthcare,2011
2011-01-10,-0.00019422787495226293,ETHSX,healthcare,2011
2011-01-11,0.0023895375710351312,ETHSX,healthcare,2011
2011-01-12,-0.000874638672853905,ETHSX,healthcare,2011
2011-01-13,-0.0019795221964801074,ETHSX,healthcare,2011
2011-01-14,-0.000550521252874225,ETHSX,healthcare,2011
2011-01-18,0.0037597400458750565,ETHSX,healthcare,2011
2011-01-19,-0.0028240914111157455,ETHSX,healthcare,2011
2011-01-20,-0.0022307547579097408,ETHSX,healthcare,2011
2011-01-21,-0.003997197601446139,ETHSX,healthcare,2011
2011-01-24,0.002803787524827031,ETHSX,healthcare,2011
2011-01-25,0.0025907540510858623,ETHSX,healthcare,2011
2011-01-26,-0.0021086392999011437,ETHSX,healthcare,2011
2011-01-27,-0.004137209012940392,ETHSX,healthcare,2011
2011-01-28,-0.0010732505606010079,ETHSX,healthcare,2011
2011-01-31,-0.006003900562743066,ETHSX,healthcare,2011
2011-02-01,0.0011227794430883325,ETHSX,healthcare,2011
2011-02-02,-0.002806478762368444,ETHSX,healthcare,2011
2011-02-03,-0.0018616578370709803,ETHSX,healthcare,2011
2011-02-04,-0.00023797930300100464,ETHSX,healthcare,2011
2011-02-07,-0.006061736989855607,ETHSX,healthcare,2011
2011-02-08,-0.0026320224232503978,ETHSX,healthcare,2011
2011-02-09,0.0006006846260667499,ETHSX,healthcare,2011
2011-02-10,-0.00041884012322591934,ETHSX,healthcare,2011
2011-02-11,-0.0006014706973555117,ETHSX,healthcare,2011
2011-02-14,-0.000959883354478013,ETHSX,healthcare,2011
2011-02-15,0.0044254541136294675,ETHSX,healthcare,2011
2011-02-16,0.00013882041040867796,ETHSX,healthcare,2011
2011-02-17,0.0016795482217857012,ETHSX,healthcare,2011
2011-02-18,-0.003816820237365342,ETHSX,healthcare,2011
2011-02-22,-0.003014462621564261,ETHSX,healthcare,2011
2011-02-23,0.0015268609878875683,ETHSX,healthcare,2011
2011-02-24,0.001470394650040403,ETHSX,healthcare,2011
2011-02-25,0.005224150565177086,ETHSX,healthcare,2011
2011-02-28,0.00023142245420158542,ETHSX,healthcare,2011
2011-03-01,0.00671137387041517,ETHSX,healthcare,2011
2011-03-02,0.0013289986825721512,ETHSX,healthcare,2011
2011-03-03,0.0019766986311628328,ETHSX,healthcare,2011
2011-03-04,0.001649108294110563,ETHSX,healthcare,2011
2011-03-07,-0.005273467973029064,ETHSX,healthcare,2011
2011-03-08,-0.004892128829572491,ETHSX,healthcare,2011
2011-03-09,0.0020348784235838073,ETHSX,healthcare,2011
2011-03-10,0.004004537549893772,ETHSX,healthcare,2011
2011-03-11,-0.004496282759610439,ETHSX,healthcare,2011
2011-03-14,-0.011072541412219809,ETHSX,healthcare,2011
2011-03-15,-0.00920491410083314,ETHSX,healthcare,2011
2011-03-16,0.01003750578656044,ETHSX,healthcare,2011
2011-03-17,0.006894074223314509,ETHSX,healthcare,2011
2011-03-18,0.0034347081739441584,ETHSX,healthcare,2011
2011-03-21,-0.003765324158774716,ETHSX,healthcare,2011
2011-03-22,-0.0016151985471277467,ETHSX,healthcare,2011
2011-03-23,-0.004473864484391649,ETHSX,healthcare,2011
2011-03-24,0.007209379347069144,ETHSX,healthcare,2011
2011-03-25,-0.0004284987240851276,ETHSX,healthcare,2011
2011-03-28,-0.0002968745024881313,ETHSX,healthcare,2011
2011-03-29,-0.0001660230776711069,ETHSX,healthcare,2011
2011-03-30,0.004850996996148934,ETHSX,healthcare,2011
2011-03-31,0.0009375525359219925,ETHSX,healthcare,2011
2011-04-01,0.0017059068914550843,ETHSX,healthcare,2011
2011-04-04,0.0012739403955786019,ETHSX,healthcare,2011
2011-04-05,-0.0010250729968641974,ETHSX,healthcare,2011
2011-04-06,-0.0025894072487718,ETHSX,healthcare,2011
2011-04-07,0.0018677029714829231,ETHSX,healthcare,2011
2011-04-08,0.00563823944836238,ETHSX,healthcare,2011
2011-04-11,0.00528433865557987,ETHSX,healthcare,2011
2011-04-12,0.003696817594984371,ETHSX,healthcare,2011
2011-04-13,0.00298526426365835,ETHSX,healthcare,2011
2011-04-14,0.00637449533751353,ETHSX,healthcare,2011
2011-04-15,0.0030584591234006893,ETHSX,healthcare,2011
2011-04-18,-0.0033531437091292964,ETHSX,healthcare,2011
2011-04-19,-0.0005688637147938111,ETHSX,healthcare,2011
2011-04-20,0.0023160857547447795,ETHSX,healthcare,2011
2011-04-21,0.0008550809938759679,ETHSX,healthcare,2011
2011-04-25,-0.0022745295157082625,ETHSX,healthcare,2011
2011-04-26,-0.0008975309324850446,ETHSX,healthcare,2011
2011-04-27,0.00760205945831241,ETHSX,healthcare,2011
2011-04-28,0.004162041164600979,ETHSX,healthcare,2011
2011-04-29,-0.00099421790475705,ETHSX,healthcare,2011
2011-05-02,0.006884150857060447,ETHSX,healthcare,2011
2011-05-03,0.0017301793119579392,ETHSX,healthcare,2011
2011-05-04,0.003140486810289185,ETHSX,healthcare,2011
2011-05-05,-0.0017221835357575906,ETHSX,healthcare,2011
2011-05-06,0.006149889788682258,ETHSX,healthcare,2011
2011-05-09,0.0055159772689504704,ETHSX,healthcare,2011
2011-05-10,-0.004891836359931286,ETHSX,healthcare,2011
2011-05-11,0.006205447543651743,ETHSX,healthcare,2011
2011-05-12,0.0018827923737693856,ETHSX,healthcare,2011
2011-05-13,0.002102905456529893,ETHSX,healthcare,2011
2011-05-16,0.002932135536189249,ETHSX,healthcare,2011
2011-05-17,-0.006691219477059907,ETHSX,healthcare,2011
2011-05-18,0.005385424718359532,ETHSX,healthcare,2011
2011-05-19,-0.001986249400120486,ETHSX,healthcare,2011
2011-05-20,0.0013446622089138176,ETHSX,healthcare,2011
2011-05-23,-0.003450197158168432,ETHSX,healthcare,2011
2011-05-24,0.002461158880230463,ETHSX,healthcare,2011
2011-05-25,0.003054079703396137,ETHSX,healthcare,2011
2011-05-26,0.0029834849879057015,ETHSX,healthcare,2011
2011-05-27,0.003543502573452491,ETHSX,healthcare,2011
2011-05-31,0.0021378715595813547,ETHSX,healthcare,2011
2011-06-01,0.00527891075954783,ETHSX,healthcare,2011
2011-06-02,0.0007079980839256329,ETHSX,healthcare,2011
2011-06-03,0.0019708351153014773,ETHSX,healthcare,2011
2011-06-06,0.0014831609742402222,ETHSX,healthcare,2011
2011-06-07,0.007079911606687018,ETHSX,healthcare,2011
2011-06-08,-0.0035195000840498297,ETHSX,healthcare,2011
2011-06-09,0.0015838258084521113,ETHSX,healthcare,2011
2011-06-10,-0.006382037862975334,ETHSX,healthcare,2011
2011-06-13,0.0021710295301871595,ETHSX,healthcare,2011
2011-06-14,-0.0023193882437600377,ETHSX,healthcare,2011
2011-06-15,-0.0005883576587458264,ETHSX,healthcare,2011
2011-06-16,-0.002820474985471583,ETHSX,healthcare,2011
2011-06-17,-0.002457743027568655,ETHSX,healthcare,2011
2011-06-20,0.002690209161704501,ETHSX,healthcare,2011
2011-06-21,-0.00020714235338729556,ETHSX,healthcare,2011
2011-06-22,-0.0021069222765329933,ETHSX,healthcare,2011
2011-06-23,0.0011635628617058722,ETHSX,healthcare,2011
2011-06-24,0.000285120759949839,ETHSX,healthcare,2011
2011-06-27,-0.0032042219092122356,ETHSX,healthcare,2011
2011-06-28,0.0051676568091511485,ETHSX,healthcare,2011
2011-06-29,-0.002052270110318207,ETHSX,healthcare,2011
2011-06-30,-0.0028562314705327463,ETHSX,healthcare,2011
2011-07-01,-0.005067994255474171,ETHSX,healthcare,2011
2011-07-05,-0.0004192787847667298,ETHSX,healthcare,2011
2011-07-06,0.0027012333878399884,ETHSX,healthcare,2011
2011-07-07,-0.008241035061129132,ETHSX,healthcare,2011
2011-07-08,0.004489657024457706,ETHSX,healthcare,2011
2011-07-11,-0.0009712212868210647,ETHSX,healthcare,2011
2011-07-12,0.0042078295482432205,ETHSX,healthcare,2011
2011-07-13,0.005812406502555314,ETHSX,healthcare,2011
2011-07-14,0.00433507919464091,ETHSX,healthcare,2011
2011-07-15,-0.0056079504019869095,ETHSX,healthcare,2011
2011-07-18,-0.004093415893092234,ETHSX,healthcare,2011
2011-07-19,-0.0004179886465095501,ETHSX,healthcare,2011
2011-07-20,-0.000593973569219977,ETHSX,healthcare,2011
2011-07-21,0.0012881191236808129,ETHSX,healthcare,2011
2011-07-22,0.0002856395819370609,ETHSX,healthcare,2011
2011-07-25,-0.005073211588651231,ETHSX,healthcare,2011
2011-07-26,-0.0018991273483237175,ETHSX,healthcare,2011
2011-07-27,-0.007709410329167811,ETHSX,healthcare,2011
2011-07-28,0.002153869022811801,ETHSX,healthcare,2011
2011-07-29,0.00425723243596787,ETHSX,healthcare,2011
2011-08-01,-0.011315845377116746,ETHSX,healthcare,2011
2011-08-02,-0.0037094092243853266,ETHSX,healthcare,2011
2011-08-03,-0.0043627822177440025,ETHSX,healthcare,2011
2011-08-04,-0.00975051096427608,ETHSX,healthcare,2011
2011-08-05,0.0010487071485055807,ETHSX,healthcare,2011
2011-08-08,-0.0029657101175551426,ETHSX,healthcare,2011
2011-08-09,0.0069726971016550315,ETHSX,healthcare,2011
2011-08-10,-0.012565541994583734,ETHSX,healthcare,2011
2011-08-11,-0.0027300379836604424,ETHSX,healthcare,2011
2011-08-12,0.005466665993778756,ETHSX,healthcare,2011
2011-08-15,0.0015768268690161437,ETHSX,healthcare,2011
2011-08-16,0.0012845618705763446,ETHSX,healthcare,2011
2011-08-17,0.0035953145570381917,ETHSX,healthcare,2011
2011-08-18,0.002991322184942139,ETHSX,healthcare,2011
2011-08-19,0.005029417676882372,ETHSX,healthcare,2011
2011-08-22,0.0003494696243614002,ETHSX,healthcare,2011
2011-08-23,0.001539518152712957,ETHSX,healthcare,2011
2011-08-24,-0.005806652154824255,ETHSX,healthcare,2011
2011-08-25,-0.005180762201703559,ETHSX,healthcare,2011
2011-08-26,0.0003842428064387317,ETHSX,healthcare,2011
2011-08-29,-0.0033969055908463115,ETHSX,healthcare,2011
2011-08-30,0.0009554683291489109,ETHSX,healthcare,2011
2011-08-31,0.006843372085891596,ETHSX,healthcare,2011
2011-09-01,0.0008401454511920235,ETHSX,healthcare,2011
2011-09-02,-0.0009437636144332615,ETHSX,healthcare,2011
2011-09-06,-0.0029145089903769537,ETHSX,healthcare,2011
2011-09-07,0.0024581141704256293,ETHSX,healthcare,2011
2011-09-08,-0.002452349470224567,ETHSX,healthcare,2011
2011-09-09,-0.0018139706212480164,ETHSX,healthcare,2011
2011-09-12,-0.007347476116182451,ETHSX,healthcare,2011
2011-09-13,0.004619037024605589,ETHSX,healthcare,2011
2011-09-14,-0.0002487918844837917,ETHSX,healthcare,2011
2011-09-15,-0.0051506432430011104,ETHSX,healthcare,2011
2011-09-16,-0.0026525822612520353,ETHSX,healthcare,2011
2011-09-19,-0.0007178386968898307,ETHSX,healthcare,2011
2011-09-20,0.001844493449631895,ETHSX,healthcare,2011
2011-09-21,0.003918942319249569,ETHSX,healthcare,2011
2011-09-22,0.00902247638545002,ETHSX,healthcare,2011
2011-09-23,0.0017273541117219394,ETHSX,healthcare,2011
2011-09-26,-0.005686020890901627,ETHSX,healthcare,2011
2011-09-27,0.008294004151139955,ETHSX,healthcare,2011
2011-09-28,0.0021402633096430142,ETHSX,healthcare,2011
2011-09-29,0.00331880818914293,ETHSX,healthcare,2011
2011-09-30,0.008836452647063791,ETHSX,healthcare,2011
2011-10-03,-0.00783536340647184,ETHSX,healthcare,2011
2011-10-04,-0.0040308471991592106,ETHSX,healthcare,2011
2011-10-05,-0.004805680666123682,ETHSX,healthcare,2011
2011-10-06,0.0029818367185358817,ETHSX,healthcare,2011
2011-10-07,-0.0076093010815107215,ETHSX,healthcare,2011
2011-10-10,-0.0015869784951365526,ETHSX,healthcare,2011
2011-10-11,-0.004052815075099876,ETHSX,healthcare,2011
2011-10-12,-0.005934965278874223,ETHSX,healthcare,2011
2011-10-13,-0.000668374332298885,ETHSX,healthcare,2011
2011-10-14,-0.009287137527195542,ETHSX,healthcare,2011
2011-10-17,0.00013940487172579494,ETHSX,healthcare,2011
2011-10-18,-0.01222458715143079,ETHSX,healthcare,2011
2011-10-19,0.0038304950984217783,ETHSX,healthcare,2011
2011-10-20,-0.002480545283408859,ETHSX,healthcare,2011
2011-10-21,0.000995691677699452,ETHSX,healthcare,2011
2011-10-24,-0.00028245701530250217,ETHSX,healthcare,2011
2011-10-25,-0.006716016911305255,ETHSX,healthcare,2011
2011-10-26,0.0025441677090293803,ETHSX,healthcare,2011
2011-10-27,-0.004269699823142039,ETHSX,healthcare,2011
2011-10-28,0.005193093531496196,ETHSX,healthcare,2011
2011-10-31,-0.008840972601663003,ETHSX,healthcare,2011
2011-11-01,0.0017398749594431592,ETHSX,healthcare,2011
2011-11-02,-0.008597940338606454,ETHSX,healthcare,2011
2011-11-03,-0.0026449922840772605,ETHSX,healthcare,2011
2011-11-04,-0.006954230871837487,ETHSX,healthcare,2011
2011-11-07,-0.001784774264219198,ETHSX,healthcare,2011
2011-11-08,-0.0016514250641962054,ETHSX,healthcare,2011
2011-11-09,0.0013303771240976217,ETHSX,healthcare,2011
2011-11-10,-0.0009848400759171465,ETHSX,healthcare,2011
2011-11-11,0.0034686700388707557,ETHSX,healthcare,2011
2011-11-14,0.004115935494775971,ETHSX,healthcare,2011
2011-11-15,-0.005051531026980166,ETHSX,healthcare,2011
2011-11-16,-0.002588876030230053,ETHSX,healthcare,2011
2011-11-17,0.0015119521887811647,ETHSX,healthcare,2011
2011-11-18,0.0028913878844801857,ETHSX,healthcare,2011
2011-11-21,0.01693479614452715,ETHSX,healthcare,2011
2011-11-22,0.0018646579243382403,ETHSX,healthcare,2011
2011-11-23,-0.00024912649916037505,ETHSX,healthcare,2011
2011-11-25,-0.004177139905308398,ETHSX,healthcare,2011
2011-11-28,0.007246027526672111,ETHSX,healthcare,2011
2011-11-29,0.004133701209745173,ETHSX,healthcare,2011
2011-11-30,-0.00013007614248625177,ETHSX,healthcare,2011
2011-12-01,0.0010418226552437522,ETHSX,healthcare,2011
2011-12-02,-0.006703231880452673,ETHSX,healthcare,2011
2011-12-05,-0.006553128026409529,ETHSX,healthcare,2011
2011-12-06,-0.001414627823584082,ETHSX,healthcare,2011
2011-12-07,0.0011442110039022848,ETHSX,healthcare,2011
2011-12-08,0.0014319843764628182,ETHSX,healthcare,2011
2011-12-09,0.0014203126730353913,ETHSX,healthcare,2011
2011-12-12,-0.00016003959486404241,ETHSX,healthcare,2011
2011-12-13,-0.0022988892353383254,ETHSX,healthcare,2011
2011-12-14,0.003951361868859954,ETHSX,healthcare,2011
2011-12-15,0.008801270774432598,ETHSX,healthcare,2011
2011-12-16,-0.00128286562122657,ETHSX,healthcare,2011
2011-12-19,0.00718628261592284,ETHSX,healthcare,2011
2011-12-20,-0.001600169508429082,ETHSX,healthcare,2011
2011-12-21,0.0024982927949773505,ETHSX,healthcare,2011
2011-12-22,-0.0019048466541533781,ETHSX,healthcare,2011
2011-12-23,-0.001995212916895102,ETHSX,healthcare,2011
2011-12-27,-0.0017613550145306556,ETHSX,healthcare,2011
2011-12-28,-0.0028945000845814976,ETHSX,healthcare,2011
2011-12-29,0.0031813735092693137,ETHSX,healthcare,2011
2011-12-30,0.0037236226444940777,ETHSX,healthcare,2011
2012-01-04,-0.006887419765728318,ETHSX,healthcare,2012
2012-01-05,0.0045080252446323,ETHSX,healthcare,2012
2012-01-06,0.008536482558429797,ETHSX,healthcare,2012
2012-01-09,0.0068048178747075905,ETHSX,healthcare,2012
2012-01-10,-0.00030858344897251484,ETHSX,healthcare,2012
2012-01-11,-0.0005403788496769621,ETHSX,healthcare,2012
2012-01-12,-0.0030681469005536983,ETHSX,healthcare,2012
2012-01-13,-0.0004407498209175612,ETHSX,healthcare,2012
2012-01-17,0.004498180560831339,ETHSX,healthcare,2012
2012-01-18,-5.5444230991992874e-05,ETHSX,healthcare,2012
2012-01-19,-0.004220384475960271,ETHSX,healthcare,2012
2012-01-20,-0.01374596032450778,ETHSX,healthcare,2012
2012-01-23,-0.0024539440661445196,ETHSX,healthcare,2012
2012-01-24,0.0007672974119976179,ETHSX,healthcare,2012
2012-01-25,-8.787725779568593e-05,ETHSX,healthcare,2012
2012-01-26,-0.00262445043433974,ETHSX,healthcare,2012
2012-01-27,0.0035032636336727757,ETHSX,healthcare,2012
2012-01-30,0.0014488436138606915,ETHSX,healthcare,2012
2012-01-31,0.00017725477899454295,ETHSX,healthcare,2012
2012-02-01,0.003943434507222482,ETHSX,healthcare,2012
2012-02-02,-0.005652082940456344,ETHSX,healthcare,2012
2012-02-03,-0.004537011725298596,ETHSX,healthcare,2012
2012-02-06,0.0014740440039757228,ETHSX,healthcare,2012
2012-02-07,0.0022026790097411614,ETHSX,healthcare,2012
2012-02-08,-0.0034930156122403642,ETHSX,healthcare,2012
2012-02-09,-0.0043011808508985235,ETHSX,healthcare,2012
2012-02-10,-0.00509409081370556,ETHSX,healthcare,2012
2012-02-13,0.007096972089073517,ETHSX,healthcare,2012
2012-02-14,-0.0002121779940436303,ETHSX,healthcare,2012
2012-02-15,0.0002918712535028016,ETHSX,healthcare,2012
2012-02-16,-0.0044300375195458225,ETHSX,healthcare,2012
2012-02-17,-0.01287071122791689,ETHSX,healthcare,2012
2012-02-21,-0.010190706148163595,ETHSX,healthcare,2012
2012-02-22,0.0023876397036285634,ETHSX,healthcare,2012
2012-02-23,0.016102893858838105,ETHSX,healthcare,2012
2012-02-24,0.0035277579234083917,ETHSX,healthcare,2012
2012-02-27,-0.003554487559672602,ETHSX,healthcare,2012
2012-02-28,-0.00025089151747362476,ETHSX,healthcare,2012
2012-02-29,-0.004522239887652502,ETHSX,healthcare,2012
2012-03-01,0.004436886295480006,ETHSX,healthcare,2012
2012-03-02,-0.0020035194009771265,ETHSX,healthcare,2012
2012-03-05,-0.0001532432468967517,ETHSX,healthcare,2012
2012-03-06,-0.004826957246432534,ETHSX,healthcare,2012
2012-03-07,0.0009943322091019741,ETHSX,healthcare,2012
2012-03-08,0.006216266608358547,ETHSX,healthcare,2012
2012-03-09,-0.000990500189355811,ETHSX,healthcare,2012
2012-03-12,-0.0023054876969473667,ETHSX,healthcare,2012
2012-03-13,-0.004525691148960613,ETHSX,healthcare,2012
2012-03-14,-0.0035151476571267685,ETHSX,healthcare,2012
2012-03-15,0.0028119260110584833,ETHSX,healthcare,2012
2012-03-16,0.0009123724592514091,ETHSX,healthcare,2012
2012-03-19,-0.001063127296021411,ETHSX,healthcare,2012
2012-03-20,-0.005201284886243835,ETHSX,healthcare,2012
2012-03-21,0.006440143268511633,ETHSX,healthcare,2012
2012-03-22,0.007583744394069276,ETHSX,healthcare,2012
2012-03-23,0.0015656397848012047,ETHSX,healthcare,2012
2012-03-26,0.0035999525821969903,ETHSX,healthcare,2012
2012-03-27,0.0012666967803871975,ETHSX,healthcare,2012
2012-03-28,0.0016739577022801457,ETHSX,healthcare,2012
2012-03-29,0.004308590752039515,ETHSX,healthcare,2012
2012-03-30,0.002845035686450324,ETHSX,healthcare,2012
2012-04-02,-0.0006872241964649877,ETHSX,healthcare,2012
2012-04-03,-0.0010133539667712102,ETHSX,healthcare,2012
2012-04-04,-0.003661559473554018,ETHSX,healthcare,2012
2012-04-05,0.0013042872018052911,ETHSX,healthcare,2012
2012-04-09,0.0003474974140490715,ETHSX,healthcare,2012
2012-04-10,-0.004779234718629772,ETHSX,healthcare,2012
2012-04-11,0.001012335672917146,ETHSX,healthcare,2012
2012-04-12,-0.006065108769023699,ETHSX,healthcare,2012
2012-04-13,-0.00031101991669856693,ETHSX,healthcare,2012
2012-04-16,0.004623901847141638,ETHSX,healthcare,2012
2012-04-17,-4.172467780106347e-05,ETHSX,healthcare,2012
2012-04-18,0.00042485715404745735,ETHSX,healthcare,2012
2012-04-19,0.01322329113121153,ETHSX,healthcare,2012
2012-04-20,0.007899958940762385,ETHSX,healthcare,2012
2012-04-23,-0.0017871359692048661,ETHSX,healthcare,2012
2012-04-24,0.004165069644264642,ETHSX,healthcare,2012
2012-04-25,0.0005315238157859049,ETHSX,healthcare,2012
2012-04-26,0.0015703149760086868,ETHSX,healthcare,2012
2012-04-27,0.0016297926465168463,ETHSX,healthcare,2012
2012-04-30,0.002760622722852495,ETHSX,healthcare,2012
2012-05-01,-0.00495444423905183,ETHSX,healthcare,2012
2012-05-02,0.004211876567425764,ETHSX,healthcare,2012
2012-05-03,-0.0042218941400873535,ETHSX,healthcare,2012
2012-05-04,0.0012973280062803967,ETHSX,healthcare,2012
2012-05-07,0.00033878236143428217,ETHSX,healthcare,2012
2012-05-08,-0.004165035478853144,ETHSX,healthcare,2012
2012-05-09,-0.002724248609285671,ETHSX,healthcare,2012
2012-05-10,0.005547069756025608,ETHSX,healthcare,2012
2012-05-11,0.002224438019845732,ETHSX,healthcare,2012
2012-05-14,-0.0018295839000679048,ETHSX,healthcare,2012
2012-05-15,0.00017774796481826675,ETHSX,healthcare,2012
2012-05-16,0.005992522972982686,ETHSX,healthcare,2012
2012-05-17,-0.003187952618579081,ETHSX,healthcare,2012
2012-05-18,-0.0029897632411365746,ETHSX,healthcare,2012
2012-05-21,0.0036142104449525137,ETHSX,healthcare,2012
2012-05-22,-0.004625093843724112,ETHSX,healthcare,2012
2012-05-23,-0.007906419273650553,ETHSX,healthcare,2012
2012-05-24,0.002599816832650143,ETHSX,healthcare,2012
2012-05-25,0.00557416972306956,ETHSX,healthcare,2012
2012-05-29,-0.004265105576370611,ETHSX,healthcare,2012
2012-05-30,0.0006784930988809456,ETHSX,healthcare,2012
2012-05-31,-0.0037043238281948983,ETHSX,healthcare,2012
2012-06-01,0.002413484052799276,ETHSX,healthcare,2012
2012-06-04,0.0024121255511823053,ETHSX,healthcare,2012
2012-06-05,0.0037244051006275853,ETHSX,healthcare,2012
2012-06-06,-0.0036662713904372767,ETHSX,healthcare,2012
2012-06-07,-0.0037581187980472645,ETHSX,healthcare,2012
2012-06-08,0.0011152692387272796,ETHSX,healthcare,2012
2012-06-11,-0.0007635423677542844,ETHSX,healthcare,2012
2012-06-12,0.0005129397189943662,ETHSX,healthcare,2012
2012-06-13,0.0016946570880627906,ETHSX,healthcare,2012
2012-06-14,0.001144685060660438,ETHSX,healthcare,2012
2012-06-15,0.0013448452809782883,ETHSX,healthcare,2012
2012-06-18,0.0004472740125004136,ETHSX,healthcare,2012
2012-06-19,0.006839841071992124,ETHSX,healthcare,2012
2012-06-20,0.0021607683692055485,ETHSX,healthcare,2012
2012-06-21,0.012233001747682538,ETHSX,healthcare,2012
2012-06-22,0.009247153110697848,ETHSX,healthcare,2012
2012-06-25,-0.0007586760149935895,ETHSX,healthcare,2012
2012-06-26,0.0010812467710154703,ETHSX,healthcare,2012
2012-06-27,0.006083642312204884,ETHSX,healthcare,2012
2012-06-28,-0.0029155479998660963,ETHSX,healthcare,2012
2012-06-29,0.0006655843523904331,ETHSX,healthcare,2012
2012-07-02,0.0034684266999609665,ETHSX,healthcare,2012
2012-07-03,-0.002297367109481381,ETHSX,healthcare,2012
2012-07-05,-0.0015082302687064002,ETHSX,healthcare,2012
2012-07-06,-0.0006048421248804892,ETHSX,healthcare,2012
2012-07-09,0.010777069870023831,ETHSX,healthcare,2012
2012-07-10,-0.004145349863130559,ETHSX,healthcare,2012
2012-07-11,-0.005199946982500746,ETHSX,healthcare,2012
2012-07-12,0.010633439582144709,ETHSX,healthcare,2012
2012-07-13,-0.007214599986289503,ETHSX,healthcare,2012
2012-07-16,0.005654656134448524,ETHSX,healthcare,2012
2012-07-17,0.002393951825431645,ETHSX,healthcare,2012
2012-07-18,-0.0029556839142413733,ETHSX,healthcare,2012
2012-07-19,-0.0011849981826549654,ETHSX,healthcare,2012
2012-07-20,-0.004646371705570134,ETHSX,healthcare,2012
2012-07-23,-0.005996874636541466,ETHSX,healthcare,2012
2012-07-24,-0.003393976444625333,ETHSX,healthcare,2012
2012-07-25,0.0017174787074404967,ETHSX,healthcare,2012
2012-07-26,0.0010984914790577015,ETHSX,healthcare,2012
2012-07-27,-0.0015888284544127388,ETHSX,healthcare,2012
2012-07-30,-0.006954663788742432,ETHSX,healthcare,2012
2012-07-31,-0.0015647011248781763,ETHSX,healthcare,2012
2012-08-01,-0.0034015870195305948,ETHSX,healthcare,2012
2012-08-02,-0.0076736220909243225,ETHSX,healthcare,2012
2012-08-03,-0.0074804477770389136,ETHSX,healthcare,2012
2012-08-06,0.0003730881590694327,ETHSX,healthcare,2012
2012-08-07,0.0009690270126240467,ETHSX,healthcare,2012
2012-08-08,-0.005028656324591539,ETHSX,healthcare,2012
2012-08-09,-0.0017789742498418829,ETHSX,healthcare,2012
2012-08-10,0.003594889618658741,ETHSX,healthcare,2012
2012-08-13,-0.0017165641025291096,ETHSX,healthcare,2012
2012-08-14,0.003746760972622391,ETHSX,healthcare,2012
2012-08-15,0.003948301499174136,ETHSX,healthcare,2012
2012-08-16,-0.006839825995386038,ETHSX,healthcare,2012
2012-08-17,-0.008062182327274613,ETHSX,healthcare,2012
2012-08-20,-0.001166473659642598,ETHSX,healthcare,2012
2012-08-21,0.006208236919133284,ETHSX,healthcare,2012
2012-08-22,0.002522498378868086,ETHSX,healthcare,2012
2012-08-23,0.007226872262053647,ETHSX,healthcare,2012
2012-08-24,0.0040594966554715305,ETHSX,healthcare,2012
2012-08-27,-0.0012612958416999634,ETHSX,healthcare,2012
2012-08-28,-0.0013065509006870359,ETHSX,healthcare,2012
2012-08-29,0.0022176778794365574,ETHSX,healthcare,2012
2012-08-30,-0.001358277698392158,ETHSX,healthcare,2012
2012-08-31,0.00011091378298810645,ETHSX,healthcare,2012
2012-09-04,0.005499257680628395,ETHSX,healthcare,2012
2012-09-05,0.0034692035005557836,ETHSX,healthcare,2012
2012-09-06,-0.0032504211547161807,ETHSX,healthcare,2012
2012-09-07,-0.002186085647593974,ETHSX,healthcare,2012
2012-09-10,-0.004339260183113704,ETHSX,healthcare,2012
2012-09-11,0.002554845378086799,ETHSX,healthcare,2012
2012-09-12,0.0011416573961456691,ETHSX,healthcare,2012
2012-09-13,-0.0033257015568495026,ETHSX,healthcare,2012
2012-09-14,-0.005468887439669978,ETHSX,healthcare,2012
2012-09-17,0.008240879791793054,ETHSX,healthcare,2012
2012-09-18,0.0071519975612939725,ETHSX,healthcare,2012
2012-09-19,-0.0005427802204443268,ETHSX,healthcare,2012
2012-09-20,0.0017112986907047714,ETHSX,healthcare,2012
2012-09-21,0.006785104611142454,ETHSX,healthcare,2012
2012-09-24,-0.0036145634933325687,ETHSX,healthcare,2012
2012-09-25,0.004401735498318152,ETHSX,healthcare,2012
2012-09-26,-0.001399082025133426,ETHSX,healthcare,2012
2012-09-27,0.00392089425711622,ETHSX,healthcare,2012
2012-09-28,-0.004008331316943756,ETHSX,healthcare,2012
2012-10-01,0.003489855677577479,ETHSX,healthcare,2012
2012-10-02,0.0028257530516640787,ETHSX,healthcare,2012
2012-10-03,-0.00235853283560356,ETHSX,healthcare,2012
2012-10-04,0.0008455248585572577,ETHSX,healthcare,2012
2012-10-05,0.0016831861433452317,ETHSX,healthcare,2012
2012-10-08,0.0016148435685437446,ETHSX,healthcare,2012
2012-10-09,-0.0017004455663203145,ETHSX,healthcare,2012
2012-10-10,-0.0026426599133148633,ETHSX,healthcare,2012
2012-10-11,0.0022747825260923675,ETHSX,healthcare,2012
2012-10-12,0.0033695590635434724,ETHSX,healthcare,2012
2012-10-15,-0.001897803502597088,ETHSX,healthcare,2012
2012-10-16,0.0004150819088371647,ETHSX,healthcare,2012
2012-10-17,-0.003644068202833116,ETHSX,healthcare,2012
2012-10-18,-0.0008783447925763835,ETHSX,healthcare,2012
2012-10-19,-0.00017559397368345844,ETHSX,healthcare,2012
2012-10-22,-0.0011688356190686774,ETHSX,healthcare,2012
2012-10-23,-0.007239449304373266,ETHSX,healthcare,2012
2012-10-24,0.004958859130647836,ETHSX,healthcare,2012
2012-10-25,0.0033628204385916655,ETHSX,healthcare,2012
2012-10-26,-0.005387762805284799,ETHSX,healthcare,2012
2012-10-31,-0.009687956563149433,ETHSX,healthcare,2012
2012-11-01,0.0033361431135918197,ETHSX,healthcare,2012
2012-11-02,-0.003712880943734196,ETHSX,healthcare,2012
2012-11-05,0.0031149156618416256,ETHSX,healthcare,2012
2012-11-06,-0.008122985885005466,ETHSX,healthcare,2012
2012-11-07,-0.0027127944154342228,ETHSX,healthcare,2012
2012-11-08,-0.002559483707137095,ETHSX,healthcare,2012
2012-11-09,0.006164069881228592,ETHSX,healthcare,2012
2012-11-12,0.0032111289741780947,ETHSX,healthcare,2012
2012-11-13,-0.0033200691661143984,ETHSX,healthcare,2012
2012-11-14,-0.0054511654935466575,ETHSX,healthcare,2012
2012-11-15,-0.0038285253338246642,ETHSX,healthcare,2012
2012-11-16,0.0031141248480716973,ETHSX,healthcare,2012
2012-11-19,-0.004819196928269702,ETHSX,healthcare,2012
2012-11-20,0.001530385536248095,ETHSX,healthcare,2012
2012-11-21,0.0023896599268966525,ETHSX,healthcare,2012
2012-11-23,0.0001374795536493341,ETHSX,healthcare,2012
2012-11-26,-0.004322350292857907,ETHSX,healthcare,2012
2012-11-27,0.0018866054294120215,ETHSX,healthcare,2012
2012-11-28,-0.000479091264649234,ETHSX,healthcare,2012
2012-11-29,0.005052144353251641,ETHSX,healthcare,2012
2012-11-30,-0.0012513643472734607,ETHSX,healthcare,2012
2012-12-03,0.0007989553089139973,ETHSX,healthcare,2012
2012-12-04,0.0038986554014509393,ETHSX,healthcare,2012
2012-12-05,0.0014151112951938697,ETHSX,healthcare,2012
2012-12-06,-0.0008214463406871293,ETHSX,healthcare,2012
2012-12-07,-0.0005422243255863103,ETHSX,healthcare,2012
2012-12-10,0.003407144343820417,ETHSX,healthcare,2012
2012-12-11,0.0032260371691664796,ETHSX,healthcare,2012
2012-12-12,-0.003352850114579394,ETHSX,healthcare,2012
2012-12-13,-0.004893561450850937,ETHSX,healthcare,2012
2012-12-14,-0.00012060935286793218,ETHSX,healthcare,2012
2012-12-17,-0.002491298522767341,ETHSX,healthcare,2012
2012-12-18,-0.00013262708087836104,ETHSX,healthcare,2012
2012-12-19,-0.003858226155700183,ETHSX,healthcare,2012
2012-12-20,-0.0010101841453778902,ETHSX,healthcare,2012
2012-12-21,0.00024864192498724996,ETHSX,healthcare,2012
2012-12-24,-0.0022129587197303375,ETHSX,healthcare,2012
2012-12-26,-0.0024791184362633178,ETHSX,healthcare,2012
2012-12-27,-0.00021038613606687827,ETHSX,healthcare,2012
2012-12-28,-0.0030677843746837567,ETHSX,healthcare,2012
2012-12-29,-0.00011874921754963233,ETHSX,healthcare,2012
2012-12-30,-0.00011874921754963233,ETHSX,healthcare,2012
2013-01-03,0.0016411038536171376,ETHSX,healthcare,2013
2013-01-04,0.0009919806787038318,ETHSX,healthcare,2013
2013-01-07,0.004303830622529859,ETHSX,healthcare,2013
2013-01-08,0.005542409036574021,ETHSX,healthcare,2013
2013-01-09,0.00486966111374114,ETHSX,healthcare,2013
2013-01-10,-0.0013497839035183212,ETHSX,healthcare,2013
2013-01-11,-0.0014994545910146785,ETHSX,healthcare,2013
2013-01-14,0.0001618044330711616,ETHSX,healthcare,2013
2013-01-15,0.003244605662982851,ETHSX,healthcare,2013
2013-01-16,-0.00468604042014627,ETHSX,healthcare,2013
2013-01-17,0.0032772859648493424,ETHSX,healthcare,2013
2013-01-18,-0.0014853847581125694,ETHSX,healthcare,2013
2013-01-22,-0.004449157634594933,ETHSX,healthcare,2013
2013-01-23,-0.003059337634138174,ETHSX,healthcare,2013
2013-01-24,0.006816705064813643,ETHSX,healthcare,2013
2013-01-25,0.0006759591788313484,ETHSX,healthcare,2013
2013-01-28,-0.0036041009321563207,ETHSX,healthcare,2013
2013-01-29,-0.0009558841965882025,ETHSX,healthcare,2013
2013-01-30,0.0021291782651318876,ETHSX,healthcare,2013
2013-01-31,0.0018346574087479877,ETHSX,healthcare,2013
2013-02-01,-0.0026567638668036977,ETHSX,healthcare,2013
2013-02-04,-0.001574012500080683,ETHSX,healthcare,2013
2013-02-05,-0.0003083154177790839,ETHSX,healthcare,2013
2013-02-06,-0.0011577699628735247,ETHSX,healthcare,2013
2013-02-07,-0.009828536752662124,ETHSX,healthcare,2013
2013-02-08,0.001806923397992436,ETHSX,healthcare,2013
2013-02-11,-0.0024153017549361604,ETHSX,healthcare,2013
2013-02-12,-0.003083297171688925,ETHSX,healthcare,2013
2013-02-13,0.004054651505043137,ETHSX,healthcare,2013
2013-02-14,0.0007837031043702388,ETHSX,healthcare,2013
2013-02-15,0.0038070324883891196,ETHSX,healthcare,2013
2013-02-19,0.0030527260640229098,ETHSX,healthcare,2013
2013-02-20,0.0018043996313337266,ETHSX,healthcare,2013
2013-02-21,-0.004264260384710385,ETHSX,healthcare,2013
2013-02-22,-5.546039917321208e-05,ETHSX,healthcare,2013
2013-02-25,0.008917692157956379,ETHSX,healthcare,2013
2013-02-26,-0.006887731845668792,ETHSX,healthcare,2013
2013-02-27,-0.002711442016665752,ETHSX,healthcare,2013
2013-02-28,0.004532577031855761,ETHSX,healthcare,2013
2013-03-01,0.003781453339395133,ETHSX,healthcare,2013
2013-03-04,0.0007864148763419817,ETHSX,healthcare,2013
2013-03-05,-0.0016213323545535485,ETHSX,healthcare,2013
2013-03-06,-0.0007219173692299724,ETHSX,healthcare,2013
2013-03-07,0.002960860621095861,ETHSX,healthcare,2013
2013-03-08,-0.0024266061429558615,ETHSX,healthcare,2013
2013-03-11,-0.0009722891374952577,ETHSX,healthcare,2013
2013-03-12,0.004674436879139279,ETHSX,healthcare,2013
2013-03-13,-0.004838207840195604,ETHSX,healthcare,2013
2013-03-14,-0.0003804356877505459,ETHSX,healthcare,2013
2013-03-15,0.0017716659124375135,ETHSX,healthcare,2013
2013-03-18,-0.004396186221210789,ETHSX,healthcare,2013
2013-03-19,0.0017007676826779048,ETHSX,healthcare,2013
2013-03-20,0.0011365057949388989,ETHSX,healthcare,2013
2013-03-21,0.0004486616587260671,ETHSX,healthcare,2013
2013-03-22,-0.0018895418229635443,ETHSX,healthcare,2013
2013-03-25,-0.0006108812800244769,ETHSX,healthcare,2013
2013-03-26,0.0021912690751257763,ETHSX,healthcare,2013
2013-03-27,0.006567131549588389,ETHSX,healthcare,2013
2013-03-28,0.007634572516618121,ETHSX,healthcare,2013
2013-04-01,-0.002696769424183683,ETHSX,healthcare,2013
2013-04-02,0.004843178074852082,ETHSX,healthcare,2013
2013-04-03,0.0011484180737552242,ETHSX,healthcare,2013
2013-04-04,-0.00229312583761377,ETHSX,healthcare,2013
2013-04-05,-0.00022876246967064957,ETHSX,healthcare,2013
2013-04-08,0.00014435073854681107,ETHSX,healthcare,2013
2013-04-09,0.00023558301653136757,ETHSX,healthcare,2013
2013-04-10,-0.0030992219346166108,ETHSX,healthcare,2013
2013-04-11,0.0062019298132538715,ETHSX,healthcare,2013
2013-04-12,-0.00011139899588157877,ETHSX,healthcare,2013
2013-04-15,0.005758049461860464,ETHSX,healthcare,2013
2013-04-16,0.00043093953985061904,ETHSX,healthcare,2013
2013-04-17,0.004499304311021758,ETHSX,healthcare,2013
2013-04-18,-0.004383268956307758,ETHSX,healthcare,2013
2013-04-19,0.00518811529859985,ETHSX,healthcare,2013
2013-04-22,0.00023204843763810837,ETHSX,healthcare,2013
2013-04-23,-0.0004513831789591128,ETHSX,healthcare,2013
2013-04-24,-0.009697893902445721,ETHSX,healthcare,2013
2013-04-25,-0.0004039032129074249,ETHSX,healthcare,2013
2013-04-26,0.003105778923775818,ETHSX,healthcare,2013
2013-04-29,-1.893295979319906e-05,ETHSX,healthcare,2013
2013-04-30,-0.0055747773705048555,ETHSX,healthcare,2013
2013-05-01,-0.0056726709256428014,ETHSX,healthcare,2013
2013-05-02,0.0005343159770266528,ETHSX,healthcare,2013
2013-05-03,-0.006128266918146564,ETHSX,healthcare,2013
2013-05-06,-0.004770771742888744,ETHSX,healthcare,2013
2013-05-07,-0.0023439336061411528,ETHSX,healthcare,2013
2013-05-08,4.6531198020823526e-05,ETHSX,healthcare,2013
2013-05-09,-0.0045038982617282685,ETHSX,healthcare,2013
2013-05-10,0.010858302868760354,ETHSX,healthcare,2013
2013-05-13,0.0016152055741030038,ETHSX,healthcare,2013
2013-05-14,0.00021274153879926802,ETHSX,healthcare,2013
2013-05-15,-0.007386649182176484,ETHSX,healthcare,2013
2013-05-16,-0.011964479030413758,ETHSX,healthcare,2013
2013-05-17,-0.004791349408974642,ETHSX,healthcare,2013
2013-05-20,-0.0023092297904828718,ETHSX,healthcare,2013
2013-05-21,0.001965387021351106,ETHSX,healthcare,2013
2013-05-22,0.00269947413535344,ETHSX,healthcare,2013
2013-05-23,0.004128218476592403,ETHSX,healthcare,2013
2013-05-24,0.0012630917275550757,ETHSX,healthcare,2013
2013-05-28,0.0014695645137285385,ETHSX,healthcare,2013
2013-05-29,-0.003764244632651544,ETHSX,healthcare,2013
2013-05-30,0.002688688572163974,ETHSX,healthcare,2013
2013-05-31,-0.002069146490124402,ETHSX,healthcare,2013
2013-06-03,-0.013266286031235287,ETHSX,healthcare,2013
2013-06-04,-0.002703881542641261,ETHSX,healthcare,2013
2013-06-05,-0.004784904021811122,ETHSX,healthcare,2013
2013-06-06,0.0028669086797429005,ETHSX,healthcare,2013
2013-06-07,-0.0016796549308177016,ETHSX,healthcare,2013
2013-06-10,0.0024150293940865884,ETHSX,healthcare,2013
2013-06-11,0.0015024964065478387,ETHSX,healthcare,2013
2013-06-12,-0.00046614085660356616,ETHSX,healthcare,2013
2013-06-13,-0.0020384530636484606,ETHSX,healthcare,2013
2013-06-14,0.0034735577090060474,ETHSX,healthcare,2013
2013-06-17,-0.001916397402447088,ETHSX,healthcare,2013
2013-06-18,-0.00308225751857792,ETHSX,healthcare,2013
2013-06-19,-0.005680173793033103,ETHSX,healthcare,2013
2013-06-20,-0.0035297330574374994,ETHSX,healthcare,2013
2013-06-21,0.005508889144759729,ETHSX,healthcare,2013
2013-06-24,0.011360402748723592,ETHSX,healthcare,2013
2013-06-25,-0.01938189406018924,ETHSX,healthcare,2013
2013-06-26,0.004251286450748083,ETHSX,healthcare,2013
2013-06-27,0.004874091219661746,ETHSX,healthcare,2013
2013-06-28,0.0023876454234597385,ETHSX,healthcare,2013
2013-07-01,0.016497063342966346,ETHSX,healthcare,2013
2013-07-02,-0.0024701435692205224,ETHSX,healthcare,2013
2013-07-03,-0.0008819036215371588,ETHSX,healthcare,2013
2013-07-05,-0.0029179916469272114,ETHSX,healthcare,2013
2013-07-08,-0.004868451903385243,ETHSX,healthcare,2013
2013-07-09,-0.004367838162281044,ETHSX,healthcare,2013
2013-07-10,0.0067596995039023835,ETHSX,healthcare,2013
2013-07-11,0.0018042142838126628,ETHSX,healthcare,2013
2013-07-12,0.0056147375224315935,ETHSX,healthcare,2013
2013-07-15,-0.004974042610244093,ETHSX,healthcare,2013
2013-07-16,0.0002720740926422131,ETHSX,healthcare,2013
2013-07-17,-0.0010326950300289237,ETHSX,healthcare,2013
2013-07-18,-0.0009984558691472373,ETHSX,healthcare,2013
2013-07-19,0.007035410923214243,ETHSX,healthcare,2013
2013-07-22,0.004060762237812515,ETHSX,healthcare,2013
2013-07-23,-0.00571228869855399,ETHSX,healthcare,2013
2013-07-24,0.0002288710321873954,ETHSX,healthcare,2013
2013-07-25,0.0027204470732620557,ETHSX,healthcare,2013
2013-07-26,0.00034130320490510877,ETHSX,healthcare,2013
2013-07-29,-0.005746933983560094,ETHSX,healthcare,2013
2013-07-30,0.00043805708283748866,ETHSX,healthcare,2013
2013-07-31,-0.00022928746431870285,ETHSX,healthcare,2013
2013-08-01,-0.001275037610958896,ETHSX,healthcare,2013
2013-08-02,0.005153363771060504,ETHSX,healthcare,2013
2013-08-05,0.00268679689061911,ETHSX,healthcare,2013
2013-08-06,-0.003202525403264169,ETHSX,healthcare,2013
2013-08-07,0.0016580833405943902,ETHSX,healthcare,2013
2013-08-08,-0.003005083118671557,ETHSX,healthcare,2013
2013-08-09,0.004932860762864689,ETHSX,healthcare,2013
2013-08-12,-0.004764117335585917,ETHSX,healthcare,2013
2013-08-13,-0.0014362324366490454,ETHSX,healthcare,2013
2013-08-14,0.002524415377543314,ETHSX,healthcare,2013
2013-08-15,-0.003649650034630348,ETHSX,healthcare,2013
2013-08-16,-0.0019743410937107177,ETHSX,healthcare,2013
2013-08-19,0.004589163943293397,ETHSX,healthcare,2013
2013-08-20,-0.00045887225579316,ETHSX,healthcare,2013
2013-08-21,0.01173463857141846,ETHSX,healthcare,2013
2013-08-22,-0.0017008008691861863,ETHSX,healthcare,2013
2013-08-23,-0.0018190720434184374,ETHSX,healthcare,2013
2013-08-26,0.012973925816126393,ETHSX,healthcare,2013
2013-08-27,-0.006036876624240357,ETHSX,healthcare,2013
2013-08-28,-0.0019699939049040846,ETHSX,healthcare,2013
2013-08-29,-0.001047102741172882,ETHSX,healthcare,2013
2013-08-30,-0.0029877029209148653,ETHSX,healthcare,2013
2013-09-03,0.008144949924832574,ETHSX,healthcare,2013
2013-09-04,0.0008415299180817813,ETHSX,healthcare,2013
2013-09-05,0.0010335897502373637,ETHSX,healthcare,2013
2013-09-06,0.0026579597570593368,ETHSX,healthcare,2013
2013-09-09,0.0021616437717791002,ETHSX,healthcare,2013
2013-09-10,-0.002108598123995808,ETHSX,healthcare,2013
2013-09-11,0.0009747662349769621,ETHSX,healthcare,2013
2013-09-12,-0.0014830211415871402,ETHSX,healthcare,2013
2013-09-13,0.0018040605234564042,ETHSX,healthcare,2013
2013-09-16,-0.0006563061845649395,ETHSX,healthcare,2013
2013-09-17,-0.001180009805433977,ETHSX,healthcare,2013
2013-09-18,-0.00179293672726861,ETHSX,healthcare,2013
2013-09-19,-0.004908854750516759,ETHSX,healthcare,2013
2013-09-20,0.0026222291333792276,ETHSX,healthcare,2013
2013-09-23,-0.002201092146280998,ETHSX,healthcare,2013
2013-09-24,0.0008584019298302429,ETHSX,healthcare,2013
2013-09-25,0.012694856917791366,ETHSX,healthcare,2013
2013-09-26,0.004550573190560142,ETHSX,healthcare,2013
2013-09-27,0.005541641321419425,ETHSX,healthcare,2013
2013-09-30,0.002807497833899706,ETHSX,healthcare,2013
2013-10-01,0.006652523876010678,ETHSX,healthcare,2013
2013-10-02,-0.0012767919534599085,ETHSX,healthcare,2013
2013-10-03,0.0014051133361047755,ETHSX,healthcare,2013
2013-10-04,-0.0016201442383439396,ETHSX,healthcare,2013
2013-10-07,-0.006747483718272792,ETHSX,healthcare,2013
2013-10-08,-0.014437590029007732,ETHSX,healthcare,2013
2013-10-09,-0.008190258547208453,ETHSX,healthcare,2013
2013-10-10,0.003246832588247723,ETHSX,healthcare,2013
2013-10-11,-0.0030506949845375375,ETHSX,healthcare,2013
2013-10-14,0.0009561493422165206,ETHSX,healthcare,2013
2013-10-15,0.0003161103840508264,ETHSX,healthcare,2013
2013-10-16,0.00801328499363113,ETHSX,healthcare,2013
2013-10-17,2.1364878712207443e-05,ETHSX,healthcare,2013
2013-10-18,-0.008479505520718255,ETHSX,healthcare,2013
2013-10-21,-0.007251754112481067,ETHSX,healthcare,2013
2013-10-22,0.006790093984616946,ETHSX,healthcare,2013
2013-10-23,0.005681356874234697,ETHSX,healthcare,2013
2013-10-24,-0.0002511332130682997,ETHSX,healthcare,2013
2013-10-25,-0.005584962815812136,ETHSX,healthcare,2013
2013-10-28,0.0005301775412387246,ETHSX,healthcare,2013
2013-10-29,0.0019976897004491557,ETHSX,healthcare,2013
2013-10-30,-0.004060049227167368,ETHSX,healthcare,2013
2013-10-31,-0.0011408269158065076,ETHSX,healthcare,2013
2013-11-01,0.003953600032840433,ETHSX,healthcare,2013
2013-11-04,-0.0021154645252904336,ETHSX,healthcare,2013
2013-11-05,-0.001641345906280062,ETHSX,healthcare,2013
2013-11-06,-0.016875593094478336,ETHSX,healthcare,2013
2013-11-07,-0.00290635856916922,ETHSX,healthcare,2013
2013-11-08,0.003923536379085182,ETHSX,healthcare,2013
2013-11-11,0.005228709350747898,ETHSX,healthcare,2013
2013-11-12,0.0064221113555808906,ETHSX,healthcare,2013
2013-11-13,-0.0013635494623628463,ETHSX,healthcare,2013
2013-11-14,0.0014359804710842887,ETHSX,healthcare,2013
2013-11-15,0.003625643328821088,ETHSX,healthcare,2013
2013-11-18,-0.0036858124473935455,ETHSX,healthcare,2013
2013-11-19,-0.0008879634061618002,ETHSX,healthcare,2013
2013-11-20,0.006546359777749408,ETHSX,healthcare,2013
2013-11-21,0.0009321466119950137,ETHSX,healthcare,2013
2013-11-22,0.010993682427427248,ETHSX,healthcare,2013
2013-11-25,-0.0003374542596747983,ETHSX,healthcare,2013
2013-11-26,-0.0023257554898041422,ETHSX,healthcare,2013
2013-11-27,0.0012280045082640203,ETHSX,healthcare,2013
2013-11-29,-0.0014420134462771162,ETHSX,healthcare,2013
2013-12-02,0.0027519136099010545,ETHSX,healthcare,2013
2013-12-03,-0.005959092380939937,ETHSX,healthcare,2013
2013-12-04,-0.002777275933517182,ETHSX,healthcare,2013
2013-12-05,0.0044461041974076625,ETHSX,healthcare,2013
2013-12-06,-0.002108805537241555,ETHSX,healthcare,2013
2013-12-09,-0.003653395615120908,ETHSX,healthcare,2013
2013-12-10,-0.0011025880003498645,ETHSX,healthcare,2013
2013-12-11,-0.005154941887337901,ETHSX,healthcare,2013
2013-12-12,0.0001797744270676106,ETHSX,healthcare,2013
2013-12-13,0.0004444376739994201,ETHSX,healthcare,2013
2013-12-16,-0.0030579790782597187,ETHSX,healthcare,2013
2013-12-17,-0.00814279501778145,ETHSX,healthcare,2013
2013-12-18,0.003942016555179874,ETHSX,healthcare,2013
2013-12-19,-0.0012113616777872987,ETHSX,healthcare,2013
2013-12-20,0.0050051184715009045,ETHSX,healthcare,2013
2013-12-23,-0.002776694481421402,ETHSX,healthcare,2013
2013-12-24,-0.005223412507696782,ETHSX,healthcare,2013
2013-12-26,0.0010690642159873823,ETHSX,healthcare,2013
2013-12-27,0.0013658723990719493,ETHSX,healthcare,2013
2013-12-30,0.004145883028030342,ETHSX,healthcare,2013
2014-01-03,0.0016411652417787858,ETHSX,healthcare,2014
2014-01-06,0.0013009970933170903,ETHSX,healthcare,2014
2014-01-07,0.005809898965652428,ETHSX,healthcare,2014
2014-01-08,0.01088180652972382,ETHSX,healthcare,2014
2014-01-09,0.008488934353640596,ETHSX,healthcare,2014
2014-01-10,0.008541076125237591,ETHSX,healthcare,2014
2014-01-13,0.004304494168981101,ETHSX,healthcare,2014
2014-01-14,0.007490759443759204,ETHSX,healthcare,2014
2014-01-15,-0.010962213976200473,ETHSX,healthcare,2014
2014-01-16,0.008848505032385245,ETHSX,healthcare,2014
2014-01-17,0.004666101942396405,ETHSX,healthcare,2014
2014-01-21,0.005454990780530276,ETHSX,healthcare,2014
2014-01-22,0.0022286680504805534,ETHSX,healthcare,2014
2014-01-23,0.006027662943756697,ETHSX,healthcare,2014
2014-01-24,-0.0018272395847421345,ETHSX,healthcare,2014
2014-01-27,-0.009122147392866193,ETHSX,healthcare,2014
2014-01-28,0.010038955054241405,ETHSX,healthcare,2014
2014-01-29,0.009319607229787424,ETHSX,healthcare,2014
2014-01-30,0.0016920944020417713,ETHSX,healthcare,2014
2014-01-31,-0.00440351864990747,ETHSX,healthcare,2014
2014-02-03,0.0032171506506046763,ETHSX,healthcare,2014
2014-02-04,0.00011572243751773251,ETHSX,healthcare,2014
2014-02-05,-0.007539456061720794,ETHSX,healthcare,2014
2014-02-06,-0.014212584203580748,ETHSX,healthcare,2014
2014-02-07,0.0077004500985871915,ETHSX,healthcare,2014
2014-02-10,0.011155727189605918,ETHSX,healthcare,2014
2014-02-11,-0.0023458215646176804,ETHSX,healthcare,2014
2014-02-12,0.0049078718192559195,ETHSX,healthcare,2014
2014-02-13,0.003491246219314878,ETHSX,healthcare,2014
2014-02-14,-0.00852303008233841,ETHSX,healthcare,2014
2014-02-18,0.013864906032707295,ETHSX,healthcare,2014
2014-02-19,0.00021168623600012742,ETHSX,healthcare,2014
2014-02-20,0.0040849436484309215,ETHSX,healthcare,2014
2014-02-21,0.0050398737126225324,ETHSX,healthcare,2014
2014-02-24,0.001117661755094962,ETHSX,healthcare,2014
2014-02-25,0.017634286800963708,ETHSX,healthcare,2014
2014-02-26,-0.00588973425283175,ETHSX,healthcare,2014
2014-02-27,-0.0002607706865906988,ETHSX,healthcare,2014
2014-02-28,-0.01272948387692839,ETHSX,healthcare,2014
2014-03-03,-0.002283572433853607,ETHSX,healthcare,2014
2014-03-04,0.002959422312252314,ETHSX,healthcare,2014
2014-03-05,-0.005329423123164307,ETHSX,healthcare,2014
2014-03-06,-0.01326969987754397,ETHSX,healthcare,2014
2014-03-07,-0.004021321429408562,ETHSX,healthcare,2014
2014-03-10,0.001080663060864202,ETHSX,healthcare,2014
2014-03-11,0.003123611716693149,ETHSX,healthcare,2014
2014-03-12,-0.0006606482024130497,ETHSX,healthcare,2014
2014-03-13,-0.004605486848301289,ETHSX,healthcare,2014
2014-03-14,-0.00432347629076656,ETHSX,healthcare,2014
2014-03-17,-0.0036973235643848615,ETHSX,healthcare,2014
2014-03-18,0.010681894826187312,ETHSX,healthcare,2014
2014-03-19,0.0011909799701677604,ETHSX,healthcare,2014
2014-03-20,-0.010460575120689042,ETHSX,healthcare,2014
2014-03-21,-0.015012112318747805,ETHSX,healthcare,2014
2014-03-24,-0.01426707703482133,ETHSX,healthcare,2014
2014-03-25,-0.004297791494923097,ETHSX,healthcare,2014
2014-03-26,0.0031795026605122532,ETHSX,healthcare,2014
2014-03-27,0.0013167191042915555,ETHSX,healthcare,2014
2014-03-28,-0.017072006718925146,ETHSX,healthcare,2014
2014-03-31,0.007731427820872541,ETHSX,healthcare,2014
2014-04-01,0.0009532692978120039,ETHSX,healthcare,2014
2014-04-02,-0.0018351906124692502,ETHSX,healthcare,2014
2014-04-03,-0.010289107433044004,ETHSX,healthcare,2014
2014-04-04,-0.010467174502522884,ETHSX,healthcare,2014
2014-04-07,0.0016638879845104794,ETHSX,healthcare,2014
2014-04-08,-0.012124456657929359,ETHSX,healthcare,2014
2014-04-09,0.006018744805084741,ETHSX,healthcare,2014
2014-04-10,-0.010386008691003184,ETHSX,healthcare,2014
2014-04-11,-0.005560454205636636,ETHSX,healthcare,2014
2014-04-14,-0.0060886248537525035,ETHSX,healthcare,2014
2014-04-15,-0.004927167393646258,ETHSX,healthcare,2014
2014-04-16,0.0006018392662419606,ETHSX,healthcare,2014
2014-04-17,-0.0002415124287157022,ETHSX,healthcare,2014
2014-04-21,0.01219239661378237,ETHSX,healthcare,2014
2014-04-22,0.014979919743781541,ETHSX,healthcare,2014
2014-04-23,-0.006023054443259915,ETHSX,healthcare,2014
2014-04-24,-0.007860430353265575,ETHSX,healthcare,2014
2014-04-25,-5.808460557831657e-05,ETHSX,healthcare,2014
2014-04-28,-0.007555433694365978,ETHSX,healthcare,2014
2014-04-29,0.004557679639203383,ETHSX,healthcare,2014
2014-04-30,-0.0004409339592525872,ETHSX,healthcare,2014
2014-05-01,0.004667550971541955,ETHSX,healthcare,2014
2014-05-02,-0.001201876424547613,ETHSX,healthcare,2014
2014-05-05,0.005928747906675394,ETHSX,healthcare,2014
2014-05-06,0.002345286047955246,ETHSX,healthcare,2014
2014-05-07,-0.009026385112520458,ETHSX,healthcare,2014
2014-05-08,-0.010194385822689238,ETHSX,healthcare,2014
2014-05-09,0.006531437175720704,ETHSX,healthcare,2014
2014-05-12,0.002690764054307208,ETHSX,healthcare,2014
2014-05-13,-0.003938807318066185,ETHSX,healthcare,2014
2014-05-14,0.008654446619950799,ETHSX,healthcare,2014
2014-05-15,-0.0026015341804667066,ETHSX,healthcare,2014
2014-05-16,-0.004452307677101817,ETHSX,healthcare,2014
2014-05-19,0.005566064531784902,ETHSX,healthcare,2014
2014-05-20,-0.004720506155807754,ETHSX,healthcare,2014
2014-05-21,-0.0034731701848050743,ETHSX,healthcare,2014
2014-05-22,0.006979095057887864,ETHSX,healthcare,2014
2014-05-23,-0.0017255627808299904,ETHSX,healthcare,2014
2014-05-27,0.0007643478121115372,ETHSX,healthcare,2014
2014-05-28,-0.001973373866958738,ETHSX,healthcare,2014
2014-05-29,0.0010342445759366674,ETHSX,healthcare,2014
2014-05-30,-0.0030805568024032826,ETHSX,healthcare,2014
2014-06-02,-0.0016961810935758228,ETHSX,healthcare,2014
2014-06-03,0.003583435390593865,ETHSX,healthcare,2014
2014-06-04,0.0005630423132432414,ETHSX,healthcare,2014
2014-06-05,-0.0006622976338122415,ETHSX,healthcare,2014
2014-06-06,-0.005191976967762534,ETHSX,healthcare,2014
2014-06-09,-0.0015565023439111203,ETHSX,healthcare,2014
2014-06-10,0.0011676647783352115,ETHSX,healthcare,2014
2014-06-11,0.0037735512359046825,ETHSX,healthcare,2014
2014-06-12,0.005596657705870937,ETHSX,healthcare,2014
2014-06-13,-0.0015037681882084947,ETHSX,healthcare,2014
2014-06-16,0.007644503220587342,ETHSX,healthcare,2014
2014-06-17,-0.0020202482100876236,ETHSX,healthcare,2014
2014-06-18,-0.000973854286129186,ETHSX,healthcare,2014
2014-06-19,-7.187222130929571e-05,ETHSX,healthcare,2014
2014-06-20,0.006037038196378613,ETHSX,healthcare,2014
2014-06-23,-0.006315598943844776,ETHSX,healthcare,2014
2014-06-24,0.002010773997974417,ETHSX,healthcare,2014
2014-06-25,0.0031094647457067933,ETHSX,healthcare,2014
2014-06-26,0.0028845922517951707,ETHSX,healthcare,2014
2014-06-27,0.0005202105283524626,ETHSX,healthcare,2014
2014-06-30,0.0002604701090356258,ETHSX,healthcare,2014
2014-07-01,0.0027779876820683592,ETHSX,healthcare,2014
2014-07-02,0.0031369495157236938,ETHSX,healthcare,2014
2014-07-03,-0.002284659236823891,ETHSX,healthcare,2014
2014-07-07,-0.010926067953738364,ETHSX,healthcare,2014
2014-07-08,-0.007653496724952783,ETHSX,healthcare,2014
2014-07-09,-0.0016685869537479848,ETHSX,healthcare,2014
2014-07-10,0.001960601041423151,ETHSX,healthcare,2014
2014-07-11,0.002007827089680005,ETHSX,healthcare,2014
2014-07-14,0.0008290390831816371,ETHSX,healthcare,2014
2014-07-15,-0.013874298550642062,ETHSX,healthcare,2014
2014-07-16,-0.0063284540505058945,ETHSX,healthcare,2014
2014-07-17,-0.0021055880100593425,ETHSX,healthcare,2014
2014-07-18,0.006265646157505812,ETHSX,healthcare,2014
2014-07-21,0.0010741654731043927,ETHSX,healthcare,2014
2014-07-22,0.0032868042412545016,ETHSX,healthcare,2014
2014-07-23,0.012082022618552887,ETHSX,healthcare,2014
2014-07-24,-0.005868648646761327,ETHSX,healthcare,2014
2014-07-25,0.0004923379027939019,ETHSX,healthcare,2014
2014-07-28,-0.0031895276488696613,ETHSX,healthcare,2014
2014-07-29,0.009488929898481666,ETHSX,healthcare,2014
2014-07-30,0.008130483212746962,ETHSX,healthcare,2014
2014-07-31,0.0019864607311424753,ETHSX,healthcare,2014
2014-08-01,-0.0007083801473342635,ETHSX,healthcare,2014
2014-08-04,0.0007024573514334744,ETHSX,healthcare,2014
2014-08-05,0.0016324119564476436,ETHSX,healthcare,2014
2014-08-06,-0.00391417853748373,ETHSX,healthcare,2014
2014-08-07,-0.005166274211773007,ETHSX,healthcare,2014
2014-08-08,-0.0018719885157573411,ETHSX,healthcare,2014
2014-08-11,-0.0005694283415896804,ETHSX,healthcare,2014
2014-08-12,-0.0002922182194728554,ETHSX,healthcare,2014
2014-08-13,0.006850155191377239,ETHSX,healthcare,2014
2014-08-14,0.005103899145827714,ETHSX,healthcare,2014
2014-08-15,0.0022379108198735827,ETHSX,healthcare,2014
2014-08-18,-0.0009308000501376604,ETHSX,healthcare,2014
2014-08-19,-0.0018997820556155114,ETHSX,healthcare,2014
2014-08-20,-0.005043022918724044,ETHSX,healthcare,2014
2014-08-21,-0.00917832656230221,ETHSX,healthcare,2014
2014-08-22,0.0038141726504650874,ETHSX,healthcare,2014
2014-08-25,0.016780527555049468,ETHSX,healthcare,2014
2014-08-26,0.0056688599751432865,ETHSX,healthcare,2014
2014-08-27,-0.0006188153187723893,ETHSX,healthcare,2014
2014-08-28,-0.0019412312053509798,ETHSX,healthcare,2014
2014-08-29,0.0015380314234331302,ETHSX,healthcare,2014
2014-09-02,0.0024863456588338283,ETHSX,healthcare,2014
2014-09-03,0.0032861996087561055,ETHSX,healthcare,2014
2014-09-04,-0.009774884276284923,ETHSX,healthcare,2014
2014-09-05,-0.001912401753456016,ETHSX,healthcare,2014
2014-09-08,0.007209704491617138,ETHSX,healthcare,2014
2014-09-09,0.0026842112947517826,ETHSX,healthcare,2014
2014-09-10,0.0056780968644314965,ETHSX,healthcare,2014
2014-09-11,-0.0017058588338160698,ETHSX,healthcare,2014
2014-09-12,-0.0008323667349935341,ETHSX,healthcare,2014
2014-09-15,-0.011392553575670754,ETHSX,healthcare,2014
2014-09-16,0.0020564666717946753,ETHSX,healthcare,2014
2014-09-17,0.0017942928217430367,ETHSX,healthcare,2014
2014-09-18,0.0022717227473191617,ETHSX,healthcare,2014
2014-09-19,-0.0014894761381333988,ETHSX,healthcare,2014
2014-09-22,0.0021516183911229067,ETHSX,healthcare,2014
2014-09-23,-0.001003965470010939,ETHSX,healthcare,2014
2014-09-24,0.009124736089972899,ETHSX,healthcare,2014
2014-09-25,0.004051897116017162,ETHSX,healthcare,2014
2014-09-26,-0.0045278047738054,ETHSX,healthcare,2014
2014-09-29,0.00181063674471922,ETHSX,healthcare,2014
2014-09-30,-0.005398247703839571,ETHSX,healthcare,2014
2014-10-01,0.006719125900167303,ETHSX,healthcare,2014
2014-10-02,-0.005062053211854043,ETHSX,healthcare,2014
2014-10-03,0.003319958815637663,ETHSX,healthcare,2014
2014-10-06,-0.0011980724603078473,ETHSX,healthcare,2014
2014-10-07,0.002969868393139216,ETHSX,healthcare,2014
2014-10-08,0.000976857664027008,ETHSX,healthcare,2014
2014-10-09,0.003073279690790045,ETHSX,healthcare,2014
2014-10-10,0.002554146489486748,ETHSX,healthcare,2014
2014-10-13,0.0007087811823854456,ETHSX,healthcare,2014
2014-10-14,-0.0037392900526168897,ETHSX,healthcare,2014
2014-10-15,-0.00015417075646973356,ETHSX,healthcare,2014
2014-10-16,0.006981945614418149,ETHSX,healthcare,2014
2014-10-17,-0.004146271428702324,ETHSX,healthcare,2014
2014-10-20,0.0036707076404997093,ETHSX,healthcare,2014
2014-10-21,-0.0008918596858770722,ETHSX,healthcare,2014
2014-10-22,0.002851196508910534,ETHSX,healthcare,2014
2014-10-23,0.004654054442461737,ETHSX,healthcare,2014
2014-10-24,0.0001218121182519575,ETHSX,healthcare,2014
2014-10-27,0.0042038093584586995,ETHSX,healthcare,2014
2014-10-28,-0.00010262992273598129,ETHSX,healthcare,2014
2014-10-29,-0.0035781413033672167,ETHSX,healthcare,2014
2014-10-30,0.009378307214529433,ETHSX,healthcare,2014
2014-10-31,-0.006087638702941775,ETHSX,healthcare,2014
2014-11-03,-0.0052130152522287445,ETHSX,healthcare,2014
2014-11-04,-0.000474609244055717,ETHSX,healthcare,2014
2014-11-05,-0.013503262034122979,ETHSX,healthcare,2014
2014-11-06,-0.0008032240635350999,ETHSX,healthcare,2014
2014-11-07,-0.005716300507410918,ETHSX,healthcare,2014
2014-11-10,0.003779203510743623,ETHSX,healthcare,2014
2014-11-11,0.0034522151244069117,ETHSX,healthcare,2014
2014-11-12,0.00022731480425718868,ETHSX,healthcare,2014
2014-11-13,-0.003795459931800731,ETHSX,healthcare,2014
2014-11-14,-0.009114401820467377,ETHSX,healthcare,2014
2014-11-17,0.0024651775020009914,ETHSX,healthcare,2014
2014-11-18,0.009862290755962021,ETHSX,healthcare,2014
2014-11-19,-0.0012357053447129905,ETHSX,healthcare,2014
2014-11-20,-0.007323563328210289,ETHSX,healthcare,2014
2014-11-21,-0.003866880387727285,ETHSX,healthcare,2014
2014-11-24,0.006857819551787164,ETHSX,healthcare,2014
2014-11-25,-0.002264531408556509,ETHSX,healthcare,2014
2014-11-26,0.004981277392554717,ETHSX,healthcare,2014
2014-11-28,0.0021660566225090395,ETHSX,healthcare,2014
2014-12-01,-0.0003992421398079631,ETHSX,healthcare,2014
2014-12-02,0.0003562332329281846,ETHSX,healthcare,2014
2014-12-03,0.0006048256008260753,ETHSX,healthcare,2014
2014-12-04,-0.001094466115406083,ETHSX,healthcare,2014
2014-12-05,0.0039111100238939924,ETHSX,healthcare,2014
2014-12-08,0.01030752565063979,ETHSX,healthcare,2014
2014-12-09,0.0018232104772929053,ETHSX,healthcare,2014
2014-12-10,0.0022957762730538463,ETHSX,healthcare,2014
2014-12-11,-0.0021941981655925463,ETHSX,healthcare,2014
2014-12-12,0.007764515771048792,ETHSX,healthcare,2014
2014-12-15,-0.008943068975698264,ETHSX,healthcare,2014
2014-12-16,-0.0017707419993188839,ETHSX,healthcare,2014
2014-12-17,0.0007018518044241209,ETHSX,healthcare,2014
2014-12-18,-0.002674855200926623,ETHSX,healthcare,2014
2014-12-19,-0.0022013872297676827,ETHSX,healthcare,2014
2014-12-22,-0.017688156714458943,ETHSX,healthcare,2014
2014-12-23,-0.02682253777243358,ETHSX,healthcare,2014
2014-12-24,0.007772388794140707,ETHSX,healthcare,2014
2014-12-26,0.007265064696822281,ETHSX,healthcare,2014
2014-12-29,-0.0011283761273443039,ETHSX,healthcare,2014
2014-12-30,-0.00043955060014063546,ETHSX,healthcare,2014
2015-01-05,0.0114237607489682,ETHSX,healthcare,2015
2015-01-06,-0.00022120651117430064,ETHSX,healthcare,2015
2015-01-07,0.010851060248826212,ETHSX,healthcare,2015
2015-01-08,-0.001236347016832843,ETHSX,healthcare,2015
2015-01-09,0.0026660669861259213,ETHSX,healthcare,2015
2015-01-12,0.0072659505552040374,ETHSX,healthcare,2015
2015-01-13,0.004021957683916709,ETHSX,healthcare,2015
2015-01-14,0.00553340014861511,ETHSX,healthcare,2015
2015-01-15,-0.0034256532543873713,ETHSX,healthcare,2015
2015-01-16,0.0032168823069722973,ETHSX,healthcare,2015
2015-01-20,0.003218174781312103,ETHSX,healthcare,2015
2015-01-21,-0.008320929627550908,ETHSX,healthcare,2015
2015-01-22,-0.011460683884721313,ETHSX,healthcare,2015
2015-01-23,0.004208026733812291,ETHSX,healthcare,2015
2015-01-26,0.009319120411110512,ETHSX,healthcare,2015
2015-01-27,0.00852341618765156,ETHSX,healthcare,2015
2015-01-28,-0.0036192016080639784,ETHSX,healthcare,2015
2015-01-29,0.0019594243068075893,ETHSX,healthcare,2015
2015-01-30,-0.0015678491621643129,ETHSX,healthcare,2015
2015-02-02,-0.010635591601699588,ETHSX,healthcare,2015
2015-02-03,-0.01663183235110355,ETHSX,healthcare,2015
2015-02-04,-0.008616857521321393,ETHSX,healthcare,2015
2015-02-05,0.005358665224868699,ETHSX,healthcare,2015
2015-02-06,-0.0040021306892501565,ETHSX,healthcare,2015
2015-02-09,-0.005603362339701215,ETHSX,healthcare,2015
2015-02-10,0.00402161609176809,ETHSX,healthcare,2015
2015-02-11,-0.003245577695145249,ETHSX,healthcare,2015
2015-02-12,-0.0007576370911467328,ETHSX,healthcare,2015
2015-02-13,0.0012955088653540852,ETHSX,healthcare,2015
2015-02-17,0.0037185657598198104,ETHSX,healthcare,2015
2015-02-18,0.005897482534842027,ETHSX,healthcare,2015
2015-02-19,0.00429913296454942,ETHSX,healthcare,2015
2015-02-20,0.0032468993561389735,ETHSX,healthcare,2015
2015-02-23,0.005236143769689835,ETHSX,healthcare,2015
2015-02-24,-0.0060923241252013515,ETHSX,healthcare,2015
2015-02-25,0.002066095516590323,ETHSX,healthcare,2015
2015-02-26,0.004684149196217792,ETHSX,healthcare,2015
2015-02-27,-0.003115825154643223,ETHSX,healthcare,2015
2015-03-02,0.0013074068616016699,ETHSX,healthcare,2015
2015-03-03,-0.0016707750531625267,ETHSX,healthcare,2015
2015-03-04,0.009911357160277919,ETHSX,healthcare,2015
2015-03-05,0.008563211730468586,ETHSX,healthcare,2015
2015-03-06,0.0012005667853789929,ETHSX,healthcare,2015
2015-03-09,-0.00352309610533622,ETHSX,healthcare,2015
2015-03-10,0.006959505805362762,ETHSX,healthcare,2015
2015-03-11,0.008127439037216586,ETHSX,healthcare,2015
2015-03-12,-0.0010751437647787097,ETHSX,healthcare,2015
2015-03-13,0.003355368701114102,ETHSX,healthcare,2015
2015-03-16,0.006536055802859042,ETHSX,healthcare,2015
2015-03-17,0.006295089534942603,ETHSX,healthcare,2015
2015-03-18,-0.001514683322104842,ETHSX,healthcare,2015
2015-03-19,0.011441495345579497,ETHSX,healthcare,2015
2015-03-20,-0.0015246781084343247,ETHSX,healthcare,2015
2015-03-23,-0.00780343731168667,ETHSX,healthcare,2015
2015-03-24,2.401776076611361e-05,ETHSX,healthcare,2015
2015-03-25,-0.009615982915421383,ETHSX,healthcare,2015
2015-03-26,-0.0017467941065592248,ETHSX,healthcare,2015
2015-03-27,0.007298764715480824,ETHSX,healthcare,2015
2015-03-30,-0.00011597810140641547,ETHSX,healthcare,2015
2015-03-31,-0.00734719287031603,ETHSX,healthcare,2015
2015-04-01,-0.00736570638027553,ETHSX,healthcare,2015
2015-04-02,-0.006030383620078771,ETHSX,healthcare,2015
2015-04-06,-0.004507788253557527,ETHSX,healthcare,2015
2015-04-07,0.00529107508443152,ETHSX,healthcare,2015
2015-04-08,0.013056814593079533,ETHSX,healthcare,2015
2015-04-09,0.002125606255341258,ETHSX,healthcare,2015
2015-04-10,-0.00039087718821448434,ETHSX,healthcare,2015
2015-04-13,0.004072629151339319,ETHSX,healthcare,2015
2015-04-14,-0.00360180023541724,ETHSX,healthcare,2015
2015-04-15,-0.0038825228153912743,ETHSX,healthcare,2015
2015-04-16,0.0014537030727124764,ETHSX,healthcare,2015
2015-04-17,-0.00019159236556573304,ETHSX,healthcare,2015
2015-04-20,-0.000948032721473752,ETHSX,healthcare,2015
2015-04-21,0.01115326562640882,ETHSX,healthcare,2015
2015-04-22,-0.007212348855563696,ETHSX,healthcare,2015
2015-04-23,0.0016601115619197132,ETHSX,healthcare,2015
2015-04-24,-0.006158866211773823,ETHSX,healthcare,2015
2015-04-27,-0.01668787730609109,ETHSX,healthcare,2015
2015-04-28,-0.006331763696589138,ETHSX,healthcare,2015
2015-04-29,-0.0022909070207976006,ETHSX,healthcare,2015
2015-04-30,-0.009393758927425678,ETHSX,healthcare,2015
2015-05-01,0.002260983692135716,ETHSX,healthcare,2015
2015-05-04,0.003006007762401052,ETHSX,healthcare,2015
2015-05-05,-0.005760605369507316,ETHSX,healthcare,2015
2015-05-06,0.004444353035772895,ETHSX,healthcare,2015
2015-05-07,-0.0003238443425348514,ETHSX,healthcare,2015
2015-05-08,0.0044891308395006695,ETHSX,healthcare,2015
2015-05-11,0.005060402367954156,ETHSX,healthcare,2015
2015-05-12,-0.0011357228293860985,ETHSX,healthcare,2015
2015-05-13,0.004020830522572561,ETHSX,healthcare,2015
2015-05-14,9.324458126642315e-05,ETHSX,healthcare,2015
2015-05-15,0.00014065529960222275,ETHSX,healthcare,2015
2015-05-18,0.0048203752784335835,ETHSX,healthcare,2015
2015-05-19,0.0036820152014731488,ETHSX,healthcare,2015
2015-05-20,0.004031319311831012,ETHSX,healthcare,2015
2015-05-21,-0.0016472441473313146,ETHSX,healthcare,2015
2015-05-22,-0.00015960225382085627,ETHSX,healthcare,2015
2015-05-26,0.0020918479636080605,ETHSX,healthcare,2015
2015-05-27,0.0022682447648919354,ETHSX,healthcare,2015
2015-05-28,0.0022459978333384347,ETHSX,healthcare,2015
2015-05-29,-7.71932690209736e-05,ETHSX,healthcare,2015
2015-06-01,-0.0008005196568342476,ETHSX,healthcare,2015
2015-06-02,-0.0051382861310087565,ETHSX,healthcare,2015
2015-06-03,-0.0013849215261392334,ETHSX,healthcare,2015
2015-06-04,-0.002346804328412116,ETHSX,healthcare,2015
2015-06-05,0.0043079139706731695,ETHSX,healthcare,2015
2015-06-08,0.0012369430129521913,ETHSX,healthcare,2015
2015-06-09,-0.006788046932554526,ETHSX,healthcare,2015
2015-06-10,0.0007635284441402223,ETHSX,healthcare,2015
2015-06-11,0.0009998352108359838,ETHSX,healthcare,2015
2015-06-12,-0.002395208780599215,ETHSX,healthcare,2015
2015-06-15,0.0023699336699169815,ETHSX,healthcare,2015
2015-06-16,-0.0011198057313090122,ETHSX,healthcare,2015
2015-06-17,0.00035496521263936277,ETHSX,healthcare,2015
2015-06-18,0.004343053154819268,ETHSX,healthcare,2015
2015-06-19,0.00399166275368564,ETHSX,healthcare,2015
2015-06-22,0.007775250715597286,ETHSX,healthcare,2015
2015-06-23,0.001167589736722608,ETHSX,healthcare,2015
2015-06-24,-0.0018263357258850917,ETHSX,healthcare,2015
2015-06-25,0.005515049557535833,ETHSX,healthcare,2015
2015-06-26,-0.0022534521543754837,ETHSX,healthcare,2015
2015-06-29,-0.0044540023588372085,ETHSX,healthcare,2015
2015-06-30,0.006515204148075246,ETHSX,healthcare,2015
2015-07-01,-0.002189745765175101,ETHSX,healthcare,2015
2015-07-02,0.002042839135947083,ETHSX,healthcare,2015
2015-07-06,0.0017316710482412957,ETHSX,healthcare,2015
2015-07-07,-0.002010586550051108,ETHSX,healthcare,2015
2015-07-08,-0.001411294522693337,ETHSX,healthcare,2015
2015-07-09,0.0031014110334081474,ETHSX,healthcare,2015
2015-07-10,0.0028942083575314095,ETHSX,healthcare,2015
2015-07-13,0.004162065768410677,ETHSX,healthcare,2015
2015-07-14,0.0075659656259018685,ETHSX,healthcare,2015
2015-07-15,0.0007308947968369452,ETHSX,healthcare,2015
2015-07-16,-0.0010361140853437567,ETHSX,healthcare,2015
2015-07-17,0.0002816954768157438,ETHSX,healthcare,2015
2015-07-20,-9.57421800899009e-05,ETHSX,healthcare,2015
2015-07-21,-0.0013294139448350875,ETHSX,healthcare,2015
2015-07-22,0.0035304152090029095,ETHSX,healthcare,2015
2015-07-23,0.00653015967457108,ETHSX,healthcare,2015
2015-07-24,-0.018738175313838742,ETHSX,healthcare,2015
2015-07-27,0.001749970313466684,ETHSX,healthcare,2015
2015-07-28,0.0029165244745492543,ETHSX,healthcare,2015
2015-07-29,-0.008336373445627564,ETHSX,healthcare,2015
2015-07-30,-0.004054574527361812,ETHSX,healthcare,2015
2015-07-31,0.009690684255961689,ETHSX,healthcare,2015
2015-08-03,0.005778959964189588,ETHSX,healthcare,2015
2015-08-04,0.0058061221650975905,ETHSX,healthcare,2015
2015-08-05,0.0021219201065040484,ETHSX,healthcare,2015
2015-08-06,-0.014629826508314504,ETHSX,healthcare,2015
2015-08-07,-0.005545198800902247,ETHSX,healthcare,2015
2015-08-10,-0.0052833856315591485,ETHSX,healthcare,2015
2015-08-11,-0.004380144216018985,ETHSX,healthcare,2015
2015-08-12,0.0007149541965292823,ETHSX,healthcare,2015
2015-08-13,0.0009105674056044739,ETHSX,healthcare,2015
2015-08-14,-0.0023655393378599543,ETHSX,healthcare,2015
2015-08-17,0.006516901447594391,ETHSX,healthcare,2015
2015-08-18,-0.0010395084269552886,ETHSX,healthcare,2015
2015-08-19,-0.0011996962559719599,ETHSX,healthcare,2015
2015-08-20,-0.008843605288430752,ETHSX,healthcare,2015
2015-08-21,0.004371957402102722,ETHSX,healthcare,2015
2015-08-24,0.005500242607583666,ETHSX,healthcare,2015
2015-08-25,0.008707736918483411,ETHSX,healthcare,2015
2015-08-26,0.0019876975249411705,ETHSX,healthcare,2015
2015-08-27,-0.007505786433104424,ETHSX,healthcare,2015
2015-08-28,0.0004064257397854775,ETHSX,healthcare,2015
2015-08-31,-0.010340901239908676,ETHSX,healthcare,2015
2015-09-01,0.002760112221872651,ETHSX,healthcare,2015
2015-09-02,0.005490522718700215,ETHSX,healthcare,2015
2015-09-03,-0.007809306418852682,ETHSX,healthcare,2015
2015-09-04,0.0020869767123698046,ETHSX,healthcare,2015
2015-09-08,-0.0013267512949345292,ETHSX,healthcare,2015
2015-09-09,0.0020252977040503724,ETHSX,healthcare,2015
2015-09-10,0.0013373809526140276,ETHSX,healthcare,2015
2015-09-11,0.0036734932397281435,ETHSX,healthcare,2015
2015-09-14,-0.003482844859472418,ETHSX,healthcare,2015
2015-09-15,-0.001739368106688512,ETHSX,healthcare,2015
2015-09-16,-0.00714956291752372,ETHSX,healthcare,2015
2015-09-17,0.007118171615699914,ETHSX,healthcare,2015
2015-09-18,0.005792353852694082,ETHSX,healthcare,2015
2015-09-21,-0.02331889872003465,ETHSX,healthcare,2015
2015-09-22,-2.201443521158801e-05,ETHSX,healthcare,2015
2015-09-23,-0.001848155547964297,ETHSX,healthcare,2015
2015-09-24,-0.006911183133451269,ETHSX,healthcare,2015
2015-09-25,-0.030675898187312076,ETHSX,healthcare,2015
2015-09-28,-0.021464028051794773,ETHSX,healthcare,2015
2015-09-29,-0.008494007963441205,ETHSX,healthcare,2015
2015-09-30,0.013365460185123773,ETHSX,healthcare,2015
2015-10-01,0.004656154490902328,ETHSX,healthcare,2015
2015-10-02,0.005879170893733765,ETHSX,healthcare,2015
2015-10-05,-0.01261413880376991,ETHSX,healthcare,2015
2015-10-06,-0.021061840974460264,ETHSX,healthcare,2015
2015-10-07,-0.005722511007595816,ETHSX,healthcare,2015
2015-10-08,-0.011457059075924123,ETHSX,healthcare,2015
2015-10-09,0.003247286336732574,ETHSX,healthcare,2015
2015-10-12,-0.0003808923028836633,ETHSX,healthcare,2015
2015-10-13,-0.008122546366527428,ETHSX,healthcare,2015
2015-10-14,0.00433405664336608,ETHSX,healthcare,2015
2015-10-15,0.010627091344974755,ETHSX,healthcare,2015
2015-10-16,0.0026066510661995803,ETHSX,healthcare,2015
2015-10-19,0.004858582446001682,ETHSX,healthcare,2015
2015-10-20,-0.01582951471441587,ETHSX,healthcare,2015
2015-10-21,-0.0008053485815506826,ETHSX,healthcare,2015
2015-10-22,-0.028848418375189557,ETHSX,healthcare,2015
2015-10-23,0.00983309187536205,ETHSX,healthcare,2015
2015-10-26,0.006135888656264222,ETHSX,healthcare,2015
2015-10-27,0.016113744303779515,ETHSX,healthcare,2015
2015-10-28,0.0038671158495015064,ETHSX,healthcare,2015
2015-10-29,-0.003657247175286808,ETHSX,healthcare,2015
2015-10-30,0.005442131780789413,ETHSX,healthcare,2015
2015-11-02,0.013456434264815761,ETHSX,healthcare,2015
2015-11-03,-0.005386516976778595,ETHSX,healthcare,2015
2015-11-04,-0.0004391990946464473,ETHSX,healthcare,2015
2015-11-05,-0.003952299812712013,ETHSX,healthcare,2015
2015-11-06,-0.0036575431191334094,ETHSX,healthcare,2015
2015-11-09,0.003267130464569442,ETHSX,healthcare,2015
2015-11-10,0.0037405625124443155,ETHSX,healthcare,2015
2015-11-11,-0.007375293994840607,ETHSX,healthcare,2015
2015-11-12,-0.0033222078245229124,ETHSX,healthcare,2015
2015-11-13,0.014533795889005484,ETHSX,healthcare,2015
2015-11-16,-0.00381888257217676,ETHSX,healthcare,2015
2015-11-17,0.009068294520295648,ETHSX,healthcare,2015
2015-11-18,0.003908399595123194,ETHSX,healthcare,2015
2015-11-19,-0.015524921742922686,ETHSX,healthcare,2015
2015-11-20,0.0055263907620842975,ETHSX,healthcare,2015
2015-11-23,0.001587017069900363,ETHSX,healthcare,2015
2015-11-24,0.0022678272847905454,ETHSX,healthcare,2015
2015-11-25,0.006750278691851856,ETHSX,healthcare,2015
2015-11-27,0.0008894073117734231,ETHSX,healthcare,2015
2015-11-30,-0.008443253008723726,ETHSX,healthcare,2015
2015-12-01,0.005128265569684123,ETHSX,healthcare,2015
2015-12-02,0.002730161553428611,ETHSX,healthcare,2015
2015-12-03,-0.01044849289098999,ETHSX,healthcare,2015
2015-12-04,0.0012285101884780374,ETHSX,healthcare,2015
2015-12-07,-0.0051737623261210305,ETHSX,healthcare,2015
2015-12-08,0.01161323226740616,ETHSX,healthcare,2015
2015-12-09,-0.005882972225246476,ETHSX,healthcare,2015
2015-12-10,0.0050272422792769,ETHSX,healthcare,2015
2015-12-11,0.0036863156414413366,ETHSX,healthcare,2015
2015-12-14,0.00034036286562232065,ETHSX,healthcare,2015
2015-12-15,0.006971886622000231,ETHSX,healthcare,2015
2015-12-16,0.0008263091851433979,ETHSX,healthcare,2015
2015-12-17,0.0035744444765458717,ETHSX,healthcare,2015
2015-12-18,0.010995667971323966,ETHSX,healthcare,2015
2015-12-21,0.001923695572808264,ETHSX,healthcare,2015
2015-12-22,-0.00568598784545256,ETHSX,healthcare,2015
2015-12-23,0.00030817485001632776,ETHSX,healthcare,2015
2015-12-24,-0.0011749153741002554,ETHSX,healthcare,2015
2015-12-28,0.000258576984454857,ETHSX,healthcare,2015
2015-12-29,0.004342405458426147,ETHSX,healthcare,2015
2015-12-30,0.001645152325730614,ETHSX,healthcare,2015
2016-01-06,0.004412132904310712,ETHSX,healthcare,2016
2016-01-07,0.0021086586159415124,ETHSX,healthcare,2016
2016-01-08,-0.003641132006764818,ETHSX,healthcare,2016
2016-01-11,-0.012350555408071033,ETHSX,healthcare,2016
2016-01-12,0.0001242029010049741,ETHSX,healthcare,2016
2016-01-13,-0.004217369536850157,ETHSX,healthcare,2016
2016-01-14,0.0056958759768569525,ETHSX,healthcare,2016
2016-01-15,0.005487185082586693,ETHSX,healthcare,2016
2016-01-19,-0.008526702490590024,ETHSX,healthcare,2016
2016-01-20,0.018508508717795403,ETHSX,healthcare,2016
2016-01-21,-0.009168183177214687,ETHSX,healthcare,2016
2016-01-22,0.005372689874802546,ETHSX,healthcare,2016
2016-01-25,0.004503515481506348,ETHSX,healthcare,2016
2016-01-26,-0.011731301245837336,ETHSX,healthcare,2016
2016-01-27,-0.0035100607162463163,ETHSX,healthcare,2016
2016-01-28,-0.02728799256421138,ETHSX,healthcare,2016
2016-01-29,-0.007325416688470081,ETHSX,healthcare,2016
2016-02-01,0.007922529708112235,ETHSX,healthcare,2016
2016-02-02,0.0052429320396406125,ETHSX,healthcare,2016
2016-02-03,0.0006577356650760494,ETHSX,healthcare,2016
2016-02-04,-0.010791854848150172,ETHSX,healthcare,2016
2016-02-05,-0.00529739973722684,ETHSX,healthcare,2016
2016-02-08,-0.0028636425918663697,ETHSX,healthcare,2016
2016-02-09,0.0019721434782932075,ETHSX,healthcare,2016
2016-02-10,0.0058414375215402594,ETHSX,healthcare,2016
2016-02-11,-0.006478818922184288,ETHSX,healthcare,2016
2016-02-12,-0.007637059500076839,ETHSX,healthcare,2016
2016-02-16,0.0038757417456654134,ETHSX,healthcare,2016
2016-02-17,0.0021000470607683806,ETHSX,healthcare,2016
2016-02-18,-0.00627792924436519,ETHSX,healthcare,2016
2016-02-19,0.004402550219315481,ETHSX,healthcare,2016
2016-02-22,0.000928108008036015,ETHSX,healthcare,2016
2016-02-23,0.002346811011903073,ETHSX,healthcare,2016
2016-02-24,0.0012424933612953755,ETHSX,healthcare,2016
2016-02-25,-0.0015739160765592865,ETHSX,healthcare,2016
2016-02-26,0.004294906831096195,ETHSX,healthcare,2016
2016-02-29,-0.004298810683800929,ETHSX,healthcare,2016
2016-03-01,0.006144497349759144,ETHSX,healthcare,2016
2016-03-02,0.0021126487720425705,ETHSX,healthcare,2016
2016-03-03,-0.005661462802286693,ETHSX,healthcare,2016
2016-03-04,-0.005928226866361022,ETHSX,healthcare,2016
2016-03-07,0.011404206171537739,ETHSX,healthcare,2016
2016-03-08,-0.008245620818420884,ETHSX,healthcare,2016
2016-03-09,-0.007668655625305754,ETHSX,healthcare,2016
2016-03-10,0.001180498864976711,ETHSX,healthcare,2016
2016-03-11,0.007455176692082347,ETHSX,healthcare,2016
2016-03-14,-0.0013549756136106172,ETHSX,healthcare,2016
2016-03-15,-0.017655825527908328,ETHSX,healthcare,2016
2016-03-16,-0.008535982645826445,ETHSX,healthcare,2016
2016-03-17,-0.01573751882324303,ETHSX,healthcare,2016
2016-03-18,0.006669761378770495,ETHSX,healthcare,2016
2016-03-21,0.006254546227341663,ETHSX,healthcare,2016
2016-03-22,0.013822364566944124,ETHSX,healthcare,2016
2016-03-23,-0.005361527717705039,ETHSX,healthcare,2016
2016-03-24,-0.0013407503656113367,ETHSX,healthcare,2016
2016-03-28,-0.0033311088854001253,ETHSX,healthcare,2016
2016-03-29,0.0069448062856875565,ETHSX,healthcare,2016
2016-03-30,-0.0033591178337513588,ETHSX,healthcare,2016
2016-03-31,0.005346061501147793,ETHSX,healthcare,2016
2016-04-01,0.00913512261366381,ETHSX,healthcare,2016
2016-04-04,0.01623845426767591,ETHSX,healthcare,2016
2016-04-05,-0.004379885281976749,ETHSX,healthcare,2016
2016-04-06,0.02237575578387311,ETHSX,healthcare,2016
2016-04-07,0.0023207456067100996,ETHSX,healthcare,2016
2016-04-08,-0.0034691276170061283,ETHSX,healthcare,2016
2016-04-11,-0.002938535760705207,ETHSX,healthcare,2016
2016-04-12,0.003541282674791091,ETHSX,healthcare,2016
2016-04-13,0.0035117038282994825,ETHSX,healthcare,2016
2016-04-14,-0.0025613414592265413,ETHSX,healthcare,2016
2016-04-15,-0.004985085339969569,ETHSX,healthcare,2016
2016-04-18,0.004775867878285051,ETHSX,healthcare,2016
2016-04-19,-0.005677222943520006,ETHSX,healthcare,2016
2016-04-20,0.002762807457514836,ETHSX,healthcare,2016
2016-04-21,0.01444499808667579,ETHSX,healthcare,2016
2016-04-22,0.0019250767435576295,ETHSX,healthcare,2016
2016-04-25,-0.002521276052187001,ETHSX,healthcare,2016
2016-04-26,-0.004880953087054858,ETHSX,healthcare,2016
2016-04-27,0.0025400063902404815,ETHSX,healthcare,2016
2016-04-28,0.005709088423972844,ETHSX,healthcare,2016
2016-04-29,-0.005129214339237478,ETHSX,healthcare,2016
2016-05-02,0.0011854645357049498,ETHSX,healthcare,2016
2016-05-03,-0.0027504614670836886,ETHSX,healthcare,2016
2016-05-04,-0.004232352986125441,ETHSX,healthcare,2016
2016-05-05,0.00673277956535635,ETHSX,healthcare,2016
2016-05-06,-0.00627111833920542,ETHSX,healthcare,2016
2016-05-09,0.01758126206267888,ETHSX,healthcare,2016
2016-05-10,-0.0015462123043754362,ETHSX,healthcare,2016
2016-05-11,-0.005588504876153189,ETHSX,healthcare,2016
2016-05-12,-0.009194847993894993,ETHSX,healthcare,2016
2016-05-13,0.015262440818360548,ETHSX,healthcare,2016
2016-05-16,0.002954392071348644,ETHSX,healthcare,2016
2016-05-17,-0.0012652635093087072,ETHSX,healthcare,2016
2016-05-18,0.004381200920709242,ETHSX,healthcare,2016
2016-05-19,-0.0036266853093493336,ETHSX,healthcare,2016
2016-05-20,0.005655095893845376,ETHSX,healthcare,2016
2016-05-23,0.0015060946486556192,ETHSX,healthcare,2016
2016-05-24,0.004301074534963402,ETHSX,healthcare,2016
2016-05-25,-0.0030946330367101994,ETHSX,healthcare,2016
2016-05-26,-0.0010183076147630562,ETHSX,healthcare,2016
2016-05-27,0.0029465131989031366,ETHSX,healthcare,2016
2016-05-31,0.008246824076597041,ETHSX,healthcare,2016
2016-06-01,0.002498763226461664,ETHSX,healthcare,2016
2016-06-02,0.012862398330533308,ETHSX,healthcare,2016
2016-06-03,-0.001133877075766473,ETHSX,healthcare,2016
2016-06-06,-0.0014621560096288325,ETHSX,healthcare,2016
2016-06-07,-0.011759491583428431,ETHSX,healthcare,2016
2016-06-08,0.0003949323212760398,ETHSX,healthcare,2016
2016-06-09,-0.0028188797396603935,ETHSX,healthcare,2016
2016-06-10,-0.003474132936582096,ETHSX,healthcare,2016
2016-06-13,-0.00011149652678623008,ETHSX,healthcare,2016
2016-06-14,-0.0014687431888157276,ETHSX,healthcare,2016
2016-06-15,-0.00026221929443086007,ETHSX,healthcare,2016
2016-06-16,-0.0028549768902324307,ETHSX,healthcare,2016
2016-06-17,-0.006976102096004138,ETHSX,healthcare,2016
2016-06-20,0.0019021436343651388,ETHSX,healthcare,2016
2016-06-21,-0.006346154286640609,ETHSX,healthcare,2016
2016-06-22,0.00632827824627686,ETHSX,healthcare,2016
2016-06-23,-0.00020181675110141593,ETHSX,healthcare,2016
2016-06-24,0.002020333790820346,ETHSX,healthcare,2016
2016-06-27,0.005039904094477642,ETHSX,healthcare,2016
2016-06-28,0.006558571154948643,ETHSX,healthcare,2016
2016-06-29,0.002413330484938636,ETHSX,healthcare,2016
2016-06-30,-0.005398429391181493,ETHSX,healthcare,2016
2016-07-01,0.006129707520080051,ETHSX,healthcare,2016
2016-07-05,0.0046859327728554,ETHSX,healthcare,2016
2016-07-06,0.005779092585293154,ETHSX,healthcare,2016
2016-07-07,0.003437542919275478,ETHSX,healthcare,2016
2016-07-08,-0.00592852657028514,ETHSX,healthcare,2016
2016-07-11,-0.004251572281271325,ETHSX,healthcare,2016
2016-07-12,-0.001845437231777717,ETHSX,healthcare,2016
2016-07-13,-0.000568742743364139,ETHSX,healthcare,2016
2016-07-14,-0.00017199613160998918,ETHSX,healthcare,2016
2016-07-15,0.0015145181834764767,ETHSX,healthcare,2016
2016-07-18,-0.0007788470540934555,ETHSX,healthcare,2016
2016-07-19,-0.0014316743617654123,ETHSX,healthcare,2016
2016-07-20,0.010889400306850545,ETHSX,healthcare,2016
2016-07-21,0.0031026345389959286,ETHSX,healthcare,2016
2016-07-22,6.699403604763093e-06,ETHSX,healthcare,2016
2016-07-25,0.002903965173510265,ETHSX,healthcare,2016
2016-07-26,-0.000284534868645319,ETHSX,healthcare,2016
2016-07-27,0.01074999293323089,ETHSX,healthcare,2016
2016-07-28,-0.0009725470675250147,ETHSX,healthcare,2016
2016-07-29,-0.000577307349046324,ETHSX,healthcare,2016
2016-08-01,0.013022983613495994,ETHSX,healthcare,2016
2016-08-02,0.00831727317050552,ETHSX,healthcare,2016
2016-08-03,-0.0035838809317888807,ETHSX,healthcare,2016
2016-08-04,-0.0008740726425617073,ETHSX,healthcare,2016
2016-08-05,-0.015657334194959707,ETHSX,healthcare,2016
2016-08-08,-0.014641437541960721,ETHSX,healthcare,2016
2016-08-09,0.004799977631466101,ETHSX,healthcare,2016
2016-08-10,-0.0042810159244312,ETHSX,healthcare,2016
2016-08-11,0.001632723212841184,ETHSX,healthcare,2016
2016-08-12,-0.0006952224103231206,ETHSX,healthcare,2016
2016-08-15,0.0025089267301082333,ETHSX,healthcare,2016
2016-08-16,-0.0015963774656509817,ETHSX,healthcare,2016
2016-08-17,-0.0025943373804467205,ETHSX,healthcare,2016
2016-08-18,-0.0012087489423836123,ETHSX,healthcare,2016
2016-08-19,0.0016330841473598749,ETHSX,healthcare,2016
2016-08-22,0.012491335644985122,ETHSX,healthcare,2016
2016-08-23,0.001625092743236929,ETHSX,healthcare,2016
2016-08-24,-0.01372386096075218,ETHSX,healthcare,2016
2016-08-25,-0.00797559567714951,ETHSX,healthcare,2016
2016-08-26,0.003822642093483192,ETHSX,healthcare,2016
2016-08-29,-0.003006726703503968,ETHSX,healthcare,2016
2016-08-30,-0.0008624898103699635,ETHSX,healthcare,2016
2016-08-31,-0.0014621189799178405,ETHSX,healthcare,2016
2016-09-01,0.0009962983872584667,ETHSX,healthcare,2016
2016-09-02,-0.0016840391056588287,ETHSX,healthcare,2016
2016-09-06,0.00607540238906509,ETHSX,healthcare,2016
2016-09-07,0.0002444023481319419,ETHSX,healthcare,2016
2016-09-08,0.004222508892185907,ETHSX,healthcare,2016
2016-09-09,0.00016070705891586476,ETHSX,healthcare,2016
2016-09-12,0.004883017581317836,ETHSX,healthcare,2016
2016-09-13,0.0029280392557401082,ETHSX,healthcare,2016
2016-09-14,0.004138374398167369,ETHSX,healthcare,2016
2016-09-15,0.0018688225405890917,ETHSX,healthcare,2016
2016-09-16,0.004919736947835877,ETHSX,healthcare,2016
2016-09-19,0.0008544027683872517,ETHSX,healthcare,2016
2016-09-20,0.005467951046927554,ETHSX,healthcare,2016
2016-09-21,-0.0013328134704930113,ETHSX,healthcare,2016
2016-09-22,0.0017824272018371343,ETHSX,healthcare,2016
2016-09-23,0.0012799666055767992,ETHSX,healthcare,2016
2016-09-26,-0.002284751766082789,ETHSX,healthcare,2016
2016-09-27,0.0028370362558048697,ETHSX,healthcare,2016
2016-09-28,-0.005704597454458045,ETHSX,healthcare,2016
2016-09-29,-0.01025512116528127,ETHSX,healthcare,2016
2016-09-30,0.0007065428811569158,ETHSX,healthcare,2016
2016-10-03,0.0016584869257069746,ETHSX,healthcare,2016
2016-10-04,0.005256263951289284,ETHSX,healthcare,2016
2016-10-05,0.00020414727207245572,ETHSX,healthcare,2016
2016-10-06,-0.005036653614508058,ETHSX,healthcare,2016
2016-10-07,0.0071874239943179145,ETHSX,healthcare,2016
2016-10-10,-0.0014840396079850667,ETHSX,healthcare,2016
2016-10-11,-0.01498953391997879,ETHSX,healthcare,2016
2016-10-12,-0.009506820074058366,ETHSX,healthcare,2016
2016-10-13,0.007123866230273192,ETHSX,healthcare,2016
2016-10-14,-0.009699046586713419,ETHSX,healthcare,2016
2016-10-17,0.0007691650421673127,ETHSX,healthcare,2016
2016-10-18,0.007956469803784968,ETHSX,healthcare,2016
2016-10-19,-0.004423635095161263,ETHSX,healthcare,2016
2016-10-20,0.005712981192045566,ETHSX,healthcare,2016
2016-10-21,-0.007798564133641,ETHSX,healthcare,2016
2016-10-24,-0.007913886645675713,ETHSX,healthcare,2016
2016-10-25,-0.0031371035471645606,ETHSX,healthcare,2016
2016-10-26,-0.008339693728406056,ETHSX,healthcare,2016
2016-10-27,0.008520339744593333,ETHSX,healthcare,2016
2016-10-28,-0.015113867485944088,ETHSX,healthcare,2016
2016-10-31,-0.010700623627272579,ETHSX,healthcare,2016
2016-11-01,0.00732301266330405,ETHSX,healthcare,2016
2016-11-02,-0.0008177021759008174,ETHSX,healthcare,2016
2016-11-03,-0.005311879424541294,ETHSX,healthcare,2016
2016-11-04,0.009189599735639375,ETHSX,healthcare,2016
2016-11-07,0.0008959950239123583,ETHSX,healthcare,2016
2016-11-08,-0.004452397488699841,ETHSX,healthcare,2016
2016-11-09,0.028568403543021644,ETHSX,healthcare,2016
2016-11-10,0.004194215327007852,ETHSX,healthcare,2016
2016-11-11,-0.010703330825805067,ETHSX,healthcare,2016
2016-11-14,-0.006399754936898563,ETHSX,healthcare,2016
2016-11-15,-0.005827214488337301,ETHSX,healthcare,2016
2016-11-16,-0.0018537503903847952,ETHSX,healthcare,2016
2016-11-17,0.0016499834084107209,ETHSX,healthcare,2016
2016-11-18,-0.010084934791418676,ETHSX,healthcare,2016
2016-11-21,-0.004596055223158401,ETHSX,healthcare,2016
2016-11-22,-0.020240587414787473,ETHSX,healthcare,2016
2016-11-23,0.002467011943915362,ETHSX,healthcare,2016
2016-11-25,0.0051818697785066745,ETHSX,healthcare,2016
2016-11-28,-0.003028845366232288,ETHSX,healthcare,2016
2016-11-29,0.006959975095188212,ETHSX,healthcare,2016
2016-11-30,-0.008269871299012643,ETHSX,healthcare,2016
2016-12-01,-0.007128918185262132,ETHSX,healthcare,2016
2016-12-02,0.0035404476884331173,ETHSX,healthcare,2016
2016-12-05,-0.0019939413729435124,ETHSX,healthcare,2016
2016-12-06,-0.00014667477843472582,ETHSX,healthcare,2016
2016-12-07,-0.020014658128427475,ETHSX,healthcare,2016
2016-12-08,-0.00041354917303217695,ETHSX,healthcare,2016
2016-12-09,0.006971240833934191,ETHSX,healthcare,2016
2016-12-12,-0.0007678990972699003,ETHSX,healthcare,2016
2016-12-13,0.004528492142981648,ETHSX,healthcare,2016
2016-12-14,0.0048915959530181335,ETHSX,healthcare,2016
2016-12-15,0.003586914589436385,ETHSX,healthcare,2016
2016-12-16,0.008529234974408235,ETHSX,healthcare,2016
2016-12-19,-0.006636589726015984,ETHSX,healthcare,2016
2016-12-20,-0.0006169146407053222,ETHSX,healthcare,2016
2016-12-21,-0.0005765107128178123,ETHSX,healthcare,2016
2016-12-22,0.006097283683765905,ETHSX,healthcare,2016
2016-12-23,0.00950702639394598,ETHSX,healthcare,2016
2016-12-27,-0.001446424820233184,ETHSX,healthcare,2016
2016-12-28,0.003867892517481478,ETHSX,healthcare,2016
2016-12-29,0.004562524860343313,ETHSX,healthcare,2016
2016-12-30,0.002517517187636643,ETHSX,healthcare,2016
2017-01-04,0.0038907784944718637,ETHSX,healthcare,2017
2017-01-05,0.012513989959829674,ETHSX,healthcare,2017
2017-01-06,-0.0017896504797077321,ETHSX,healthcare,2017
2017-01-09,0.01015675632211806,ETHSX,healthcare,2017
2017-01-10,0.004264252344615946,ETHSX,healthcare,2017
2017-01-11,-0.01796403380586233,ETHSX,healthcare,2017
2017-01-12,-3.8530910418935714e-05,ETHSX,healthcare,2017
2017-01-13,0.0013916833753014135,ETHSX,healthcare,2017
2017-01-17,-0.004532197192900626,ETHSX,healthcare,2017
2017-01-18,-0.002812911853667363,ETHSX,healthcare,2017
2017-01-19,-0.0033759575852707283,ETHSX,healthcare,2017
2017-01-20,-0.00832914943299035,ETHSX,healthcare,2017
2017-01-23,-0.001090723378269925,ETHSX,healthcare,2017
2017-01-24,-0.009509649234748143,ETHSX,healthcare,2017
2017-01-25,0.0028731279216706734,ETHSX,healthcare,2017
2017-01-26,-0.004514509500678209,ETHSX,healthcare,2017
2017-01-27,0.01004272815016766,ETHSX,healthcare,2017
2017-01-30,-0.0013906251214985364,ETHSX,healthcare,2017
2017-01-31,0.01642947129575831,ETHSX,healthcare,2017
2017-02-01,0.011497350197881203,ETHSX,healthcare,2017
2017-02-02,-0.007881004646518686,ETHSX,healthcare,2017
2017-02-03,-0.001283016674023427,ETHSX,healthcare,2017
2017-02-06,0.0015052219257122856,ETHSX,healthcare,2017
2017-02-07,0.0021390901493997198,ETHSX,healthcare,2017
2017-02-08,4.796899175230052e-05,ETHSX,healthcare,2017
2017-02-09,0.0015793934158501765,ETHSX,healthcare,2017
2017-02-10,-0.0031506002065195765,ETHSX,healthcare,2017
2017-02-13,0.0008867753970226858,ETHSX,healthcare,2017
2017-02-14,0.0020347522140387827,ETHSX,healthcare,2017
2017-02-15,0.00621019698279752,ETHSX,healthcare,2017
2017-02-16,-0.00028370166232350195,ETHSX,healthcare,2017
2017-02-17,-0.0012262657334962458,ETHSX,healthcare,2017
2017-02-21,-0.0006620172679850595,ETHSX,healthcare,2017
2017-02-22,0.0007745397928200293,ETHSX,healthcare,2017
2017-02-23,0.0056576126405476325,ETHSX,healthcare,2017
2017-02-24,0.0010622268090153752,ETHSX,healthcare,2017
2017-02-27,0.005905645559334283,ETHSX,healthcare,2017
2017-02-28,0.0012353153345019778,ETHSX,healthcare,2017
2017-03-01,-0.003222196647325452,ETHSX,healthcare,2017
2017-03-02,0.005166737321022896,ETHSX,healthcare,2017
2017-03-03,0.004557542112628867,ETHSX,healthcare,2017
2017-03-06,-0.0035166368731885944,ETHSX,healthcare,2017
2017-03-07,-0.006557362360707802,ETHSX,healthcare,2017
2017-03-08,0.004600351035761187,ETHSX,healthcare,2017
2017-03-09,0.006095098443652036,ETHSX,healthcare,2017
2017-03-10,0.0012203829188891326,ETHSX,healthcare,2017
2017-03-13,0.0006429893310101061,ETHSX,healthcare,2017
2017-03-14,-0.0008316976143130828,ETHSX,healthcare,2017
2017-03-15,0.004049778912954364,ETHSX,healthcare,2017
2017-03-16,-0.005286974591949554,ETHSX,healthcare,2017
2017-03-17,-0.000516057546629608,ETHSX,healthcare,2017
2017-03-20,-0.002055873397888399,ETHSX,healthcare,2017
2017-03-21,-0.0005550973222220902,ETHSX,healthcare,2017
2017-03-22,0.002199755566191235,ETHSX,healthcare,2017
2017-03-23,-0.0010996560512449315,ETHSX,healthcare,2017
2017-03-24,0.00367995939503709,ETHSX,healthcare,2017
2017-03-27,0.00694132083531915,ETHSX,healthcare,2017
2017-03-28,-0.00585442541729653,ETHSX,healthcare,2017
2017-03-29,0.001300510613381103,ETHSX,healthcare,2017
2017-03-30,-0.0035326077489267714,ETHSX,healthcare,2017
2017-03-31,-0.0010621477978816774,ETHSX,healthcare,2017
2017-04-03,0.001465439980955396,ETHSX,healthcare,2017
2017-04-04,0.0005411339060915892,ETHSX,healthcare,2017
2017-04-05,-0.002552821253727211,ETHSX,healthcare,2017
2017-04-06,-0.0022288383479525742,ETHSX,healthcare,2017
2017-04-07,0.0018906598274292877,ETHSX,healthcare,2017
2017-04-10,-0.002445969287276863,ETHSX,healthcare,2017
2017-04-11,0.00202999202242129,ETHSX,healthcare,2017
2017-04-12,0.00361123829334029,ETHSX,healthcare,2017
2017-04-13,0.005327143667724349,ETHSX,healthcare,2017
2017-04-17,-0.007139973165471262,ETHSX,healthcare,2017
2017-04-18,-0.004586676240026653,ETHSX,healthcare,2017
2017-04-19,0.005611392280131448,ETHSX,healthcare,2017
2017-04-20,-0.00048183630224851205,ETHSX,healthcare,2017
2017-04-21,-0.0013830467977706353,ETHSX,healthcare,2017
2017-04-24,0.0032456823867620423,ETHSX,healthcare,2017
2017-04-25,0.0013173351498615626,ETHSX,healthcare,2017
2017-04-26,0.005524667092672981,ETHSX,healthcare,2017
2017-04-27,0.00332104300692483,ETHSX,healthcare,2017
2017-04-28,0.003789712847048244,ETHSX,healthcare,2017
2017-05-01,0.0019329822624368932,ETHSX,healthcare,2017
2017-05-02,0.0026801759179702228,ETHSX,healthcare,2017
2017-05-03,-0.00383391486235689,ETHSX,healthcare,2017
2017-05-04,0.005956778968189022,ETHSX,healthcare,2017
2017-05-05,-0.005088368714183273,ETHSX,healthcare,2017
2017-05-08,-0.010532175531970691,ETHSX,healthcare,2017
2017-05-09,0.00473993939441009,ETHSX,healthcare,2017
2017-05-10,-0.004348449165159245,ETHSX,healthcare,2017
2017-05-11,-0.002224984980834192,ETHSX,healthcare,2017
2017-05-12,0.004374807735123705,ETHSX,healthcare,2017
2017-05-15,0.0014806578191353427,ETHSX,healthcare,2017
2017-05-16,0.0007967992318137105,ETHSX,healthcare,2017
2017-05-17,0.0017277071100277493,ETHSX,healthcare,2017
2017-05-18,0.0017434068378358479,ETHSX,healthcare,2017
2017-05-19,-0.0032530028198284417,ETHSX,healthcare,2017
2017-05-22,-0.004068738475170143,ETHSX,healthcare,2017
2017-05-23,-0.0027280883500359326,ETHSX,healthcare,2017
2017-05-24,0.0011182296216624102,ETHSX,healthcare,2017
2017-05-25,-0.0018604498873624454,ETHSX,healthcare,2017
2017-05-26,-0.00468503622881606,ETHSX,healthcare,2017
2017-05-30,-0.0021997273121306285,ETHSX,healthcare,2017
2017-05-31,0.0022338444867027385,ETHSX,healthcare,2017
2017-06-01,0.00643029223576131,ETHSX,healthcare,2017
2017-06-02,0.007097787979032967,ETHSX,healthcare,2017
2017-06-05,-0.004173864910004915,ETHSX,healthcare,2017
2017-06-06,-0.004140409233635499,ETHSX,healthcare,2017
2017-06-07,-0.001448532651896903,ETHSX,healthcare,2017
2017-06-08,-0.0022992761844271847,ETHSX,healthcare,2017
2017-06-09,0.0012859706366684666,ETHSX,healthcare,2017
2017-06-12,-0.0027150888225025444,ETHSX,healthcare,2017
2017-06-13,0.0009904038714708867,ETHSX,healthcare,2017
2017-06-14,0.005965758706296441,ETHSX,healthcare,2017
2017-06-15,-0.0012996694486814937,ETHSX,healthcare,2017
2017-06-16,0.0028005298641889894,ETHSX,healthcare,2017
2017-06-19,0.004955910710730843,ETHSX,healthcare,2017
2017-06-20,0.008411189617259384,ETHSX,healthcare,2017
2017-06-21,0.016537698843402764,ETHSX,healthcare,2017
2017-06-22,0.009846243709064954,ETHSX,healthcare,2017
2017-06-23,-0.0027833228886455794,ETHSX,healthcare,2017
2017-06-26,-0.002351347033151874,ETHSX,healthcare,2017
2017-06-27,-0.003714672235676681,ETHSX,healthcare,2017
2017-06-28,0.00036243484201939607,ETHSX,healthcare,2017
2017-06-29,-0.005028537728195782,ETHSX,healthcare,2017
2017-06-30,-0.0033630567101059737,ETHSX,healthcare,2017
2017-07-03,-0.002276477367602958,ETHSX,healthcare,2017
2017-07-05,0.0039018635963695815,ETHSX,healthcare,2017
2017-07-06,-0.004855798667689676,ETHSX,healthcare,2017
2017-07-07,0.0015125579049650225,ETHSX,healthcare,2017
2017-07-10,-0.003680983248020699,ETHSX,healthcare,2017
2017-07-11,-0.0003002058382328151,ETHSX,healthcare,2017
2017-07-12,0.000657461257170925,ETHSX,healthcare,2017
2017-07-13,-0.00035912659278673363,ETHSX,healthcare,2017
2017-07-14,0.002920852620282309,ETHSX,healthcare,2017
2017-07-17,-0.0026801526432043477,ETHSX,healthcare,2017
2017-07-18,-0.0003762056982284164,ETHSX,healthcare,2017
2017-07-19,0.004180715545098251,ETHSX,healthcare,2017
2017-07-20,0.005325757898303134,ETHSX,healthcare,2017
2017-07-21,0.0017104145921827984,ETHSX,healthcare,2017
2017-07-24,0.0002511301763609055,ETHSX,healthcare,2017
2017-07-25,-0.009382847108587267,ETHSX,healthcare,2017
2017-07-26,0.002840481947261022,ETHSX,healthcare,2017
2017-07-27,-0.010437962201587726,ETHSX,healthcare,2017
2017-07-28,0.002901332258377955,ETHSX,healthcare,2017
2017-07-31,-0.0004316908684934847,ETHSX,healthcare,2017
2017-08-01,-0.00459697191149269,ETHSX,healthcare,2017
2017-08-02,-0.0012898020012925716,ETHSX,healthcare,2017
2017-08-03,0.002579050404615427,ETHSX,healthcare,2017
2017-08-04,-0.00522421845797784,ETHSX,healthcare,2017
2017-08-07,-0.0005027306791937912,ETHSX,healthcare,2017
2017-08-08,-0.004614736530515119,ETHSX,healthcare,2017
2017-08-09,0.001045300204030174,ETHSX,healthcare,2017
2017-08-10,-0.004769411934470284,ETHSX,healthcare,2017
2017-08-11,0.003723155988524797,ETHSX,healthcare,2017
2017-08-14,-0.0012121298643521091,ETHSX,healthcare,2017
2017-08-15,0.00015259661402663307,ETHSX,healthcare,2017
2017-08-16,-0.00040038161490500116,ETHSX,healthcare,2017
2017-08-17,0.0011740295878448423,ETHSX,healthcare,2017
2017-08-18,-0.002568328295353044,ETHSX,healthcare,2017
2017-08-21,0.0003945666220405306,ETHSX,healthcare,2017
2017-08-22,0.004246440225097979,ETHSX,healthcare,2017
2017-08-23,-0.0018521471256288582,ETHSX,healthcare,2017
2017-08-24,0.004850080040848851,ETHSX,healthcare,2017
2017-08-25,-0.001843081472078183,ETHSX,healthcare,2017
2017-08-28,0.005811919280032952,ETHSX,healthcare,2017
2017-08-29,8.391564874907394e-05,ETHSX,healthcare,2017
2017-08-30,0.004836030580716525,ETHSX,healthcare,2017
2017-08-31,0.013230017562546173,ETHSX,healthcare,2017
2017-09-01,-0.0020282444076040575,ETHSX,healthcare,2017
2017-09-05,0.0030810772727742877,ETHSX,healthcare,2017
2017-09-06,0.0019681926390276135,ETHSX,healthcare,2017
2017-09-07,0.011346287624548068,ETHSX,healthcare,2017
2017-09-08,0.004697239972488101,ETHSX,healthcare,2017
2017-09-11,-0.00676765251205186,ETHSX,healthcare,2017
2017-09-12,-0.0017656785388280739,ETHSX,healthcare,2017
2017-09-13,-0.004918875459812459,ETHSX,healthcare,2017
2017-09-14,0.0003132026398487253,ETHSX,healthcare,2017
2017-09-15,-0.003801589536401545,ETHSX,healthcare,2017
2017-09-18,-0.0016732202820191008,ETHSX,healthcare,2017
2017-09-19,-0.009069525926770867,ETHSX,healthcare,2017
2017-09-20,-0.00023864186030548757,ETHSX,healthcare,2017
2017-09-21,-0.0014950811419478503,ETHSX,healthcare,2017
2017-09-22,0.002694645258031748,ETHSX,healthcare,2017
2017-09-25,0.0007818341494972546,ETHSX,healthcare,2017
2017-09-26,-0.005099791845470314,ETHSX,healthcare,2017
2017-09-27,-0.0031083934266045534,ETHSX,healthcare,2017
2017-09-28,1.6901540410753412e-05,ETHSX,healthcare,2017
2017-09-29,0.0046903301434183895,ETHSX,healthcare,2017
2017-10-02,0.006754084264181613,ETHSX,healthcare,2017
2017-10-03,-0.0026040895984059146,ETHSX,healthcare,2017
2017-10-04,0.0018530882141229665,ETHSX,healthcare,2017
2017-10-05,-0.005675570839454946,ETHSX,healthcare,2017
2017-10-06,0.0009785241280801979,ETHSX,healthcare,2017
2017-10-09,-0.004120726880696719,ETHSX,healthcare,2017
2017-10-10,-0.00023988678733977337,ETHSX,healthcare,2017
2017-10-11,0.0006232060006313128,ETHSX,healthcare,2017
2017-10-12,-0.0024197592378243545,ETHSX,healthcare,2017
2017-10-13,-0.002782891417069458,ETHSX,healthcare,2017
2017-10-16,-0.00751057927429555,ETHSX,healthcare,2017
2017-10-17,0.007868514434686719,ETHSX,healthcare,2017
2017-10-18,-0.004437370354611275,ETHSX,healthcare,2017
2017-10-19,0.004469527359454295,ETHSX,healthcare,2017
2017-10-20,-0.007829551200127419,ETHSX,healthcare,2017
2017-10-23,-0.0014225457026326616,ETHSX,healthcare,2017
2017-10-24,-0.009752686089663294,ETHSX,healthcare,2017
2017-10-25,-0.00156091765215754,ETHSX,healthcare,2017
2017-10-26,-0.015160518876394647,ETHSX,healthcare,2017
2017-10-27,-0.004668911896440575,ETHSX,healthcare,2017
2017-10-30,-0.0007459814671222217,ETHSX,healthcare,2017
2017-10-31,-0.0031306087316316567,ETHSX,healthcare,2017
2017-11-01,0.0009032320020997122,ETHSX,healthcare,2017
2017-11-02,-0.004100301298343255,ETHSX,healthcare,2017
2017-11-03,0.005050099104983975,ETHSX,healthcare,2017
2017-11-06,-0.0002468089088301037,ETHSX,healthcare,2017
2017-11-07,-0.00033713924860114984,ETHSX,healthcare,2017
2017-11-08,-0.001327390454735988,ETHSX,healthcare,2017
2017-11-09,-0.0008248887947685606,ETHSX,healthcare,2017
2017-11-10,-0.004493036503624504,ETHSX,healthcare,2017
2017-11-13,0.00026309149385743587,ETHSX,healthcare,2017
2017-11-14,-0.0019142151535991153,ETHSX,healthcare,2017
2017-11-15,0.0012162398916936825,ETHSX,healthcare,2017
2017-11-16,0.005760628208505827,ETHSX,healthcare,2017
2017-11-17,0.0005239812029879489,ETHSX,healthcare,2017
2017-11-20,-0.0032513938127345116,ETHSX,healthcare,2017
2017-11-21,0.0014726776637755783,ETHSX,healthcare,2017
2017-11-22,0.004592047835418028,ETHSX,healthcare,2017
2017-11-24,8.10930277974427e-05,ETHSX,healthcare,2017
2017-11-27,-0.0004905857332821392,ETHSX,healthcare,2017
2017-11-28,-0.0034303199870761147,ETHSX,healthcare,2017
2017-11-29,0.001494376899248269,ETHSX,healthcare,2017
2017-11-30,0.0005065524440399415,ETHSX,healthcare,2017
2017-12-01,-0.00013725415598938358,ETHSX,healthcare,2017
2017-12-04,-0.01400174069442849,ETHSX,healthcare,2017
2017-12-05,-0.0008429839610159659,ETHSX,healthcare,2017
2017-12-06,-0.0010582405022809094,ETHSX,healthcare,2017
2017-12-07,-0.0005888462635081834,ETHSX,healthcare,2017
2017-12-08,0.00806630940741072,ETHSX,healthcare,2017
2017-12-11,0.002333575343131733,ETHSX,healthcare,2017
2017-12-12,0.0014424871168788698,ETHSX,healthcare,2017
2017-12-13,0.004835533949095141,ETHSX,healthcare,2017
2017-12-14,-0.008766810839531779,ETHSX,healthcare,2017
2017-12-15,0.002744698475177729,ETHSX,healthcare,2017
2017-12-18,-0.0041589902193045975,ETHSX,healthcare,2017
2017-12-19,0.0022366851961215218,ETHSX,healthcare,2017
2017-12-20,-0.00326628477070739,ETHSX,healthcare,2017
2017-12-21,-0.0015222969480301282,ETHSX,healthcare,2017
2017-12-22,-0.0035984417419306016,ETHSX,healthcare,2017
2017-12-26,0.002964805912579544,ETHSX,healthcare,2017
2017-12-27,0.0015946840416406415,ETHSX,healthcare,2017
2017-12-28,0.0003157117430976821,ETHSX,healthcare,2017
2017-12-29,-0.0036353270958110785,ETHSX,healthcare,2017
2018-01-03,0.0017377232850619073,ETHSX,healthcare,2018
2018-01-04,-0.0040696981025537685,ETHSX,healthcare,2018
2018-01-05,0.003283531417365068,ETHSX,healthcare,2018
2018-01-08,-0.008560892305712726,ETHSX,healthcare,2018
2018-01-09,0.007140112588148813,ETHSX,healthcare,2018
2018-01-10,-0.0008793482543908073,ETHSX,healthcare,2018
2018-01-11,-0.003022707111243485,ETHSX,healthcare,2018
2018-01-12,0.0004632227598186014,ETHSX,healthcare,2018
2018-01-16,-0.0001288405445601542,ETHSX,healthcare,2018
2018-01-17,-0.0012856974738832865,ETHSX,healthcare,2018
2018-01-18,0.00206176916565991,ETHSX,healthcare,2018
2018-01-19,0.0011952336271488827,ETHSX,healthcare,2018
2018-01-22,0.0016909465868468095,ETHSX,healthcare,2018
2018-01-23,-0.0022232599580052008,ETHSX,healthcare,2018
2018-01-24,0.0018193877978516125,ETHSX,healthcare,2018
2018-01-25,0.004745962457993547,ETHSX,healthcare,2018
2018-01-26,0.008470631229745272,ETHSX,healthcare,2018
2018-01-29,0.0019431018038462596,ETHSX,healthcare,2018
2018-01-30,-0.01004670468857669,ETHSX,healthcare,2018
2018-01-31,-0.012617262588694039,ETHSX,healthcare,2018
2018-02-01,-0.0011894268403824042,ETHSX,healthcare,2018
2018-02-02,0.004103765705709982,ETHSX,healthcare,2018
2018-02-05,-0.005572328822630659,ETHSX,healthcare,2018
2018-02-06,-0.005031161060950912,ETHSX,healthcare,2018
2018-02-07,0.0015424134074865847,ETHSX,healthcare,2018
2018-02-08,-0.002094827319779148,ETHSX,healthcare,2018
2018-02-09,0.00043505819535160153,ETHSX,healthcare,2018
2018-02-12,-0.002429925495075338,ETHSX,healthcare,2018
2018-02-13,-0.0025451455262973446,ETHSX,healthcare,2018
2018-02-14,0.002415946169300699,ETHSX,healthcare,2018
2018-02-15,-0.0010046082932652668,ETHSX,healthcare,2018
2018-02-16,0.002254476436797722,ETHSX,healthcare,2018
2018-02-20,-0.004338522127496038,ETHSX,healthcare,2018
2018-02-21,0.0001983866719443214,ETHSX,healthcare,2018
2018-02-22,-0.0014939498905962591,ETHSX,healthcare,2018
2018-02-23,4.7488424015076566e-05,ETHSX,healthcare,2018
2018-02-26,-0.0001425279007475997,ETHSX,healthcare,2018
2018-02-27,-0.0006178672901320324,ETHSX,healthcare,2018
2018-02-28,-0.007584351032099696,ETHSX,healthcare,2018
2018-03-01,-8.863540502961238e-05,ETHSX,healthcare,2018
2018-03-02,0.004894922547565536,ETHSX,healthcare,2018
2018-03-05,-0.0018214968813627334,ETHSX,healthcare,2018
2018-03-06,-0.002586935272887772,ETHSX,healthcare,2018
2018-03-07,0.005743175539452459,ETHSX,healthcare,2018
2018-03-08,0.0011154431419637132,ETHSX,healthcare,2018
2018-03-09,-0.0024011113228778642,ETHSX,healthcare,2018
2018-03-12,-0.0011184058472082643,ETHSX,healthcare,2018
2018-03-13,0.005354416202428545,ETHSX,healthcare,2018
2018-03-14,0.0004199252681515975,ETHSX,healthcare,2018
2018-03-15,-0.0012749592390895969,ETHSX,healthcare,2018
2018-03-16,0.0005838482864932719,ETHSX,healthcare,2018
2018-03-19,-0.002558630479347736,ETHSX,healthcare,2018
2018-03-20,-0.000893931635641493,ETHSX,healthcare,2018
2018-03-21,-0.0015241045550774906,ETHSX,healthcare,2018
2018-03-22,-0.005133011908116911,ETHSX,healthcare,2018
2018-03-23,-0.0002570314799054847,ETHSX,healthcare,2018
2018-03-26,-0.004416027632203938,ETHSX,healthcare,2018
2018-03-27,0.0038377523098599084,ETHSX,healthcare,2018
2018-03-28,0.009223279231032406,ETHSX,healthcare,2018
2018-03-29,-0.005698467389882634,ETHSX,healthcare,2018
2018-04-02,0.002001319604320654,ETHSX,healthcare,2018
2018-04-03,0.0003264425487991447,ETHSX,healthcare,2018
2018-04-04,0.002052921383164562,ETHSX,healthcare,2018
2018-04-05,-0.006339439771944799,ETHSX,healthcare,2018
2018-04-06,0.0008012347820425501,ETHSX,healthcare,2018
2018-04-09,0.005230889894919636,ETHSX,healthcare,2018
2018-04-10,0.0033159852059208815,ETHSX,healthcare,2018
2018-04-11,-0.004418531136192208,ETHSX,healthcare,2018
2018-04-12,0.0001861696960339873,ETHSX,healthcare,2018
2018-04-13,0.0012719494722184688,ETHSX,healthcare,2018
2018-04-16,-0.0037338991415623336,ETHSX,healthcare,2018
2018-04-17,-0.00014865768265775146,ETHSX,healthcare,2018
2018-04-18,0.0018619232447515837,ETHSX,healthcare,2018
2018-04-19,-0.0040247456309364825,ETHSX,healthcare,2018
2018-04-20,0.0013703777767285,ETHSX,healthcare,2018
2018-04-23,0.0007486818529225791,ETHSX,healthcare,2018
2018-04-24,0.0038145741256916162,ETHSX,healthcare,2018
2018-04-25,-0.0015585832842698215,ETHSX,healthcare,2018
2018-04-26,0.0023397907481409724,ETHSX,healthcare,2018
2018-04-27,0.0026645444793215265,ETHSX,healthcare,2018
2018-04-30,-0.006959586353193739,ETHSX,healthcare,2018
2018-05-01,2.2195188978558307e-05,ETHSX,healthcare,2018
2018-05-02,-0.0050696508686403265,ETHSX,healthcare,2018
2018-05-03,-0.0003618435715899808,ETHSX,healthcare,2018
2018-05-04,-0.002952527042329376,ETHSX,healthcare,2018
2018-05-07,-0.004307593033693303,ETHSX,healthcare,2018
2018-05-08,-0.004240729531883839,ETHSX,healthcare,2018
2018-05-09,-0.003997799312401662,ETHSX,healthcare,2018
2018-05-10,0.00403118064162062,ETHSX,healthcare,2018
2018-05-11,0.006554201625907268,ETHSX,healthcare,2018
2018-05-14,0.00588336813057449,ETHSX,healthcare,2018
2018-05-15,-0.0065469826837018935,ETHSX,healthcare,2018
2018-05-16,0.0007193424514219974,ETHSX,healthcare,2018
2018-05-17,0.0013470918937853041,ETHSX,healthcare,2018
2018-05-18,0.00470862909516828,ETHSX,healthcare,2018
2018-05-21,-0.005089885484627904,ETHSX,healthcare,2018
2018-05-22,-0.001680376529359936,ETHSX,healthcare,2018
2018-05-23,-0.001828145757235179,ETHSX,healthcare,2018
2018-05-24,-0.00043931851852037134,ETHSX,healthcare,2018
2018-05-25,0.0017532349574563336,ETHSX,healthcare,2018
2018-05-29,-0.000655353897904545,ETHSX,healthcare,2018
2018-05-30,0.001321117046919779,ETHSX,healthcare,2018
2018-05-31,-0.002526031377547754,ETHSX,healthcare,2018
2018-06-01,0.001491667710649137,ETHSX,healthcare,2018
2018-06-04,0.00018233041974374635,ETHSX,healthcare,2018
2018-06-05,-5.084073907841123e-05,ETHSX,healthcare,2018
2018-06-06,-0.00021002049945877468,ETHSX,healthcare,2018
2018-06-07,-0.0021198945135770184,ETHSX,healthcare,2018
2018-06-08,0.001713788602422198,ETHSX,healthcare,2018
2018-06-11,0.0012667161460913714,ETHSX,healthcare,2018
2018-06-12,-0.0014901413095946866,ETHSX,healthcare,2018
2018-06-13,0.002466731910243917,ETHSX,healthcare,2018
2018-06-14,0.002994177982346262,ETHSX,healthcare,2018
2018-06-15,0.002621067835285378,ETHSX,healthcare,2018
2018-06-18,-0.007742233728288021,ETHSX,healthcare,2018
2018-06-19,0.00210328352038625,ETHSX,healthcare,2018
2018-06-20,0.002795953431601918,ETHSX,healthcare,2018
2018-06-21,0.0024058082532799918,ETHSX,healthcare,2018
2018-06-22,0.003611677048670804,ETHSX,healthcare,2018
2018-06-25,-0.0012626460224512154,ETHSX,healthcare,2018
2018-06-26,-0.0060453994133916715,ETHSX,healthcare,2018
2018-06-27,-0.004305900308302426,ETHSX,healthcare,2018
2018-06-28,-0.0006474204165551169,ETHSX,healthcare,2018
2018-06-29,0.006886465721843124,ETHSX,healthcare,2018
2018-07-02,-0.0003627492856093121,ETHSX,healthcare,2018
2018-07-03,0.006509152572225842,ETHSX,healthcare,2018
2018-07-05,0.0027016946335144433,ETHSX,healthcare,2018
2018-07-06,0.006022702595754164,ETHSX,healthcare,2018
2018-07-09,-0.0028372714989636826,ETHSX,healthcare,2018
2018-07-10,9.413256378238343e-05,ETHSX,healthcare,2018
2018-07-11,-0.002009532234836505,ETHSX,healthcare,2018
2018-07-12,0.006194067564116525,ETHSX,healthcare,2018
2018-07-13,0.0007476671225214583,ETHSX,healthcare,2018
2018-07-16,-0.006716122130374705,ETHSX,healthcare,2018
2018-07-17,0.0023862178979983306,ETHSX,healthcare,2018
2018-07-18,-0.00041577170006382364,ETHSX,healthcare,2018
2018-07-19,-0.000595914542018005,ETHSX,healthcare,2018
2018-07-20,0.0015554777686056765,ETHSX,healthcare,2018
2018-07-23,-0.0019904847885524844,ETHSX,healthcare,2018
2018-07-24,0.001481465376210427,ETHSX,healthcare,2018
2018-07-25,0.004594940141101242,ETHSX,healthcare,2018
2018-07-26,-2.6299260784004444e-05,ETHSX,healthcare,2018
2018-07-27,-0.000536625808141831,ETHSX,healthcare,2018
2018-07-30,0.003374220176662943,ETHSX,healthcare,2018
2018-07-31,0.00239789101825373,ETHSX,healthcare,2018
2018-08-01,0.00376774931498295,ETHSX,healthcare,2018
2018-08-02,-0.005157475939146097,ETHSX,healthcare,2018
2018-08-03,-0.0014955597794565783,ETHSX,healthcare,2018
2018-08-06,-0.003586311039448965,ETHSX,healthcare,2018
2018-08-07,0.001118006131886336,ETHSX,healthcare,2018
2018-08-08,-0.0008514619187657071,ETHSX,healthcare,2018
2018-08-09,-1.7702935884453784e-05,ETHSX,healthcare,2018
2018-08-10,-0.0014289715267301077,ETHSX,healthcare,2018
2018-08-13,0.00031338953694328483,ETHSX,healthcare,2018
2018-08-14,-0.0015681457237617874,ETHSX,healthcare,2018
2018-08-15,0.0018475974873617363,ETHSX,healthcare,2018
2018-08-16,-0.0013131901184435038,ETHSX,healthcare,2018
2018-08-17,5.1893906218016764e-05,ETHSX,healthcare,2018
2018-08-20,0.0021324338895586047,ETHSX,healthcare,2018
2018-08-21,-0.000679002898977809,ETHSX,healthcare,2018
2018-08-22,0.0027804868333525085,ETHSX,healthcare,2018
2018-08-23,-0.001777245973359137,ETHSX,healthcare,2018
2018-08-24,0.00041998752960481847,ETHSX,healthcare,2018
2018-08-27,-0.002136827656303503,ETHSX,healthcare,2018
2018-08-28,0.00094213245038739,ETHSX,healthcare,2018
2018-08-29,0.0017620088155610152,ETHSX,healthcare,2018
2018-08-30,0.0015200193921658287,ETHSX,healthcare,2018
2018-08-31,-0.0020863792170032615,ETHSX,healthcare,2018
2018-09-04,-0.0056675804528549655,ETHSX,healthcare,2018
2018-09-05,-0.0005560016430355384,ETHSX,healthcare,2018
2018-09-06,-0.00028125118126882,ETHSX,healthcare,2018
2018-09-07,0.001365506249259468,ETHSX,healthcare,2018
2018-09-10,-0.004479380626570528,ETHSX,healthcare,2018
2018-09-11,-0.0006578672203737747,ETHSX,healthcare,2018
2018-09-12,0.006356653743626965,ETHSX,healthcare,2018
2018-09-13,0.0038803486838132097,ETHSX,healthcare,2018
2018-09-14,-0.00305483972426316,ETHSX,healthcare,2018
2018-09-17,-0.001649454863351797,ETHSX,healthcare,2018
2018-09-18,1.1393711826047925e-05,ETHSX,healthcare,2018
2018-09-19,-0.002144553807053285,ETHSX,healthcare,2018
2018-09-20,0.001899839393302463,ETHSX,healthcare,2018
2018-09-21,0.00045683041033020967,ETHSX,healthcare,2018
2018-09-24,0.004275375359236004,ETHSX,healthcare,2018
2018-09-25,0.0013146249203207694,ETHSX,healthcare,2018
2018-09-26,0.004824989520027403,ETHSX,healthcare,2018
2018-09-27,-0.000288685117554993,ETHSX,healthcare,2018
2018-09-28,0.0012396877561964255,ETHSX,healthcare,2018
2018-10-01,0.0007787305396605737,ETHSX,healthcare,2018
2018-10-02,-0.001505878290019174,ETHSX,healthcare,2018
2018-10-03,-0.0025080462166092413,ETHSX,healthcare,2018
2018-10-04,-0.006863075637556785,ETHSX,healthcare,2018
2018-10-05,0.002890708387747639,ETHSX,healthcare,2018
2018-10-08,-0.007158152992422639,ETHSX,healthcare,2018
2018-10-09,0.0017951074817557752,ETHSX,healthcare,2018
2018-10-10,0.004479472373935381,ETHSX,healthcare,2018
2018-10-11,-0.0010670883586620418,ETHSX,healthcare,2018
2018-10-12,0.0008093711325727233,ETHSX,healthcare,2018
2018-10-15,0.00019478074402572935,ETHSX,healthcare,2018
2018-10-16,0.009606787453824334,ETHSX,healthcare,2018
2018-10-17,0.001215278625746291,ETHSX,healthcare,2018
2018-10-18,0.002078221322243985,ETHSX,healthcare,2018
2018-10-19,-0.004214556043141053,ETHSX,healthcare,2018
2018-10-22,-0.0024966387584388597,ETHSX,healthcare,2018
2018-10-23,-0.00375830129003498,ETHSX,healthcare,2018
2018-10-24,-0.00458195011726014,ETHSX,healthcare,2018
2018-10-25,-0.004311618978213751,ETHSX,healthcare,2018
2018-10-26,0.0070497769062641165,ETHSX,healthcare,2018
2018-10-29,0.004539886021035758,ETHSX,healthcare,2018
2018-10-30,-0.0025089825170062276,ETHSX,healthcare,2018
2018-10-31,-0.004375942051038347,ETHSX,healthcare,2018
2018-11-01,0.0036865580067112595,ETHSX,healthcare,2018
2018-11-02,-0.0004226076228746479,ETHSX,healthcare,2018
2018-11-05,0.0009978062188156656,ETHSX,healthcare,2018
2018-11-06,-0.003287079150844752,ETHSX,healthcare,2018
2018-11-07,0.0089245197677301,ETHSX,healthcare,2018
2018-11-08,0.0012520002502559593,ETHSX,healthcare,2018
2018-11-09,0.005702956287811424,ETHSX,healthcare,2018
2018-11-12,-0.0018842176435423796,ETHSX,healthcare,2018
2018-11-13,-0.001320647332378867,ETHSX,healthcare,2018
2018-11-14,-0.003956398889000125,ETHSX,healthcare,2018
2018-11-15,-0.0024815999096876613,ETHSX,healthcare,2018
2018-11-16,0.007899974368885478,ETHSX,healthcare,2018
2018-11-19,0.0006657493373056402,ETHSX,healthcare,2018
2018-11-20,0.00540185928764449,ETHSX,healthcare,2018
2018-11-21,-0.0024657087255541238,ETHSX,healthcare,2018
2018-11-23,0.008216242246412698,ETHSX,healthcare,2018
2018-11-26,-0.004829607737790287,ETHSX,healthcare,2018
2018-11-27,0.001078525484403191,ETHSX,healthcare,2018
2018-11-28,0.0029709323547898285,ETHSX,healthcare,2018
2018-11-29,0.0058559123596175645,ETHSX,healthcare,2018
2018-11-30,0.0027887091628263196,ETHSX,healthcare,2018
2018-12-03,-0.007813467323665568,ETHSX,healthcare,2018
2018-12-04,0.007219600064359552,ETHSX,healthcare,2018
2018-12-06,-0.0053286336351865814,ETHSX,healthcare,2018
2018-12-07,-0.0016400821376500521,ETHSX,healthcare,2018
2018-12-10,0.0007616617132822977,ETHSX,healthcare,2018
2018-12-11,0.001301297138037792,ETHSX,healthcare,2018
2018-12-12,0.0062964977311103214,ETHSX,healthcare,2018
2018-12-13,-0.0009643518462406392,ETHSX,healthcare,2018
2018-12-14,-0.01150026572724714,ETHSX,healthcare,2018
2018-12-17,-0.001849423329567012,ETHSX,healthcare,2018
2018-12-18,-0.007052243640634355,ETHSX,healthcare,2018
2018-12-19,0.003205884028446718,ETHSX,healthcare,2018
2018-12-20,0.002309710231875914,ETHSX,healthcare,2018
2018-12-21,0.001939114638804331,ETHSX,healthcare,2018
2018-12-24,0.002911218848930315,ETHSX,healthcare,2018
2018-12-26,-0.004001012450928092,ETHSX,healthcare,2018
2018-12-27,-0.0012259232846782483,ETHSX,healthcare,2018
2018-12-28,0.0027436794213766902,ETHSX,healthcare,2018
2018-12-29,-0.00034972760394713935,ETHSX,healthcare,2018
2019-01-03,0.005819457057045728,ETHSX,healthcare,2019
2019-01-04,0.001355961974277009,ETHSX,healthcare,2019
2019-01-07,-0.0014892173449845315,ETHSX,healthcare,2019
2019-01-08,0.00400043777739749,ETHSX,healthcare,2019
2019-01-09,0.0066112874335061255,ETHSX,healthcare,2019
2019-01-10,-0.0010202384534808819,ETHSX,healthcare,2019
2019-01-11,-0.0004390287245623595,ETHSX,healthcare,2019
2019-01-14,-0.008447131348987148,ETHSX,healthcare,2019
2019-01-15,0.0098375985981866,ETHSX,healthcare,2019
2019-01-16,-0.003883556698332572,ETHSX,healthcare,2019
2019-01-17,0.0023121862657047004,ETHSX,healthcare,2019
2019-01-18,-0.001302557916398413,ETHSX,healthcare,2019
2019-01-22,0.004010471177836548,ETHSX,healthcare,2019
2019-01-23,-0.0017708518722939221,ETHSX,healthcare,2019
2019-01-24,-0.00791196923732533,ETHSX,healthcare,2019
2019-01-25,-0.0011818153405233787,ETHSX,healthcare,2019
2019-01-28,-0.0034214209597785298,ETHSX,healthcare,2019
2019-01-29,0.005549462465100415,ETHSX,healthcare,2019
2019-01-30,0.00046753713851891733,ETHSX,healthcare,2019
2019-01-31,0.0048899234492523,ETHSX,healthcare,2019
2019-02-01,0.002196802559669243,ETHSX,healthcare,2019
2019-02-04,-0.00562963383547931,ETHSX,healthcare,2019
2019-02-05,-0.002509007236689835,ETHSX,healthcare,2019
2019-02-06,0.0008915138349262178,ETHSX,healthcare,2019
2019-02-07,-0.0025970835778909226,ETHSX,healthcare,2019
2019-02-08,0.001636053836236243,ETHSX,healthcare,2019
2019-02-11,-0.0051032879795157755,ETHSX,healthcare,2019
2019-02-12,0.0034851729734118615,ETHSX,healthcare,2019
2019-02-13,-0.004468977459372287,ETHSX,healthcare,2019
2019-02-14,0.007894850382378417,ETHSX,healthcare,2019
2019-02-15,0.005667144445291086,ETHSX,healthcare,2019
2019-02-19,-0.005897570185089488,ETHSX,healthcare,2019
2019-02-20,0.0009460593609643547,ETHSX,healthcare,2019
2019-02-21,-0.0044287900167089295,ETHSX,healthcare,2019
2019-02-22,0.003919500872257489,ETHSX,healthcare,2019
2019-02-25,0.0032090843647710797,ETHSX,healthcare,2019
2019-02-26,-0.00045695002588750874,ETHSX,healthcare,2019
2019-02-27,-0.002438218403161309,ETHSX,healthcare,2019
2019-02-28,-0.0013271551425320764,ETHSX,healthcare,2019
2019-03-01,0.008239378025962986,ETHSX,healthcare,2019
2019-03-04,-0.006888232901630522,ETHSX,healthcare,2019
2019-03-05,0.0026847181269685286,ETHSX,healthcare,2019
2019-03-06,-0.007711826283038172,ETHSX,healthcare,2019
2019-03-07,-0.0016143902652335515,ETHSX,healthcare,2019
2019-03-08,-0.0003702260684567797,ETHSX,healthcare,2019
2019-03-11,0.001121471976874202,ETHSX,healthcare,2019
2019-03-12,0.002242462724559004,ETHSX,healthcare,2019
2019-03-13,0.005286769201370501,ETHSX,healthcare,2019
2019-03-14,0.00036208237382279315,ETHSX,healthcare,2019
2019-03-15,0.0021191651000156226,ETHSX,healthcare,2019
2019-03-18,-0.002967893607130795,ETHSX,healthcare,2019
2019-03-19,0.00487726233164979,ETHSX,healthcare,2019
2019-03-20,-0.0012418611561696028,ETHSX,healthcare,2019
2019-03-21,-0.006355034967826306,ETHSX,healthcare,2019
2019-03-22,-0.0023992722265067986,ETHSX,healthcare,2019
2019-03-25,0.0013287746816181413,ETHSX,healthcare,2019
2019-03-26,0.0019521447780525012,ETHSX,healthcare,2019
2019-03-27,-0.003901738689612004,ETHSX,healthcare,2019
2019-03-28,0.00041840690915853455,ETHSX,healthcare,2019
2019-03-29,0.005447960084632617,ETHSX,healthcare,2019
2019-04-01,-0.007661895543003547,ETHSX,healthcare,2019
2019-04-02,0.0003449833372647851,ETHSX,healthcare,2019
2019-04-03,-0.002230161067164553,ETHSX,healthcare,2019
2019-04-04,-0.009128947380340816,ETHSX,healthcare,2019
2019-04-05,0.0004392041817287036,ETHSX,healthcare,2019
2019-04-08,0.00013487912713986132,ETHSX,healthcare,2019
2019-04-09,0.0012631807720846475,ETHSX,healthcare,2019
2019-04-10,-0.002799966844090533,ETHSX,healthcare,2019
2019-04-11,-0.0103467243479059,ETHSX,healthcare,2019
2019-04-12,-0.015076909559884924,ETHSX,healthcare,2019
2019-04-15,0.0021468532767014306,ETHSX,healthcare,2019
2019-04-16,-0.017463399214538117,ETHSX,healthcare,2019
2019-04-17,-0.026129944386085503,ETHSX,healthcare,2019
2019-04-18,-0.0035265870365759847,ETHSX,healthcare,2019
2019-04-22,-0.0008106349480085737,ETHSX,healthcare,2019
2019-04-23,0.008613219360033453,ETHSX,healthcare,2019
2019-04-24,-0.00023127030179414458,ETHSX,healthcare,2019
2019-04-25,0.01040711602419615,ETHSX,healthcare,2019
2019-04-26,0.005285386406646915,ETHSX,healthcare,2019
2019-04-29,-0.002259166996410444,ETHSX,healthcare,2019
2019-04-30,0.00485501862567499,ETHSX,healthcare,2019
2019-05-01,0.0012619215355699712,ETHSX,healthcare,2019
2019-05-02,0.0060358468478061665,ETHSX,healthcare,2019
2019-05-03,0.0002651529792412153,ETHSX,healthcare,2019
2019-05-06,0.004847722385995672,ETHSX,healthcare,2019
2019-05-07,-0.003915649079795481,ETHSX,healthcare,2019
2019-05-08,0.0027471403441132213,ETHSX,healthcare,2019
2019-05-09,0.001325599280560728,ETHSX,healthcare,2019
2019-05-10,-0.004957937569374584,ETHSX,healthcare,2019
2019-05-13,0.001477609829118546,ETHSX,healthcare,2019
2019-05-14,-0.0007810977376835936,ETHSX,healthcare,2019
2019-05-15,-0.0028884687919083496,ETHSX,healthcare,2019
2019-05-16,0.004451381057204904,ETHSX,healthcare,2019
2019-05-17,0.0013152950985969953,ETHSX,healthcare,2019
2019-05-20,0.0014170951328161298,ETHSX,healthcare,2019
2019-05-21,6.451312661923895e-05,ETHSX,healthcare,2019
2019-05-22,0.010346271219793616,ETHSX,healthcare,2019
2019-05-23,0.006726765805879119,ETHSX,healthcare,2019
2019-05-24,0.0043476002669891375,ETHSX,healthcare,2019
2019-05-28,-0.006199354801548269,ETHSX,healthcare,2019
2019-05-29,-0.006599987108332487,ETHSX,healthcare,2019
2019-05-30,0.0031945435899202366,ETHSX,healthcare,2019
2019-05-31,0.004040838639317042,ETHSX,healthcare,2019
2019-06-03,0.008228758762525016,ETHSX,healthcare,2019
2019-06-04,-0.0044007261384190095,ETHSX,healthcare,2019
2019-06-05,-0.0015330068384121149,ETHSX,healthcare,2019
2019-06-06,-0.0007651321058712319,ETHSX,healthcare,2019
2019-06-07,0.0062227040213051615,ETHSX,healthcare,2019
2019-06-10,-0.001972868302107955,ETHSX,healthcare,2019
2019-06-11,0.0009235335099519501,ETHSX,healthcare,2019
2019-06-12,0.007337883377516741,ETHSX,healthcare,2019
2019-06-13,-0.004224219028711802,ETHSX,healthcare,2019
2019-06-14,-0.0018747064775040657,ETHSX,healthcare,2019
2019-06-17,0.004778519570248715,ETHSX,healthcare,2019
2019-06-18,0.0037887370506009127,ETHSX,healthcare,2019
2019-06-19,0.007494281051519811,ETHSX,healthcare,2019
2019-06-20,-0.003365764855048522,ETHSX,healthcare,2019
2019-06-21,0.0026820263268609586,ETHSX,healthcare,2019
2019-06-24,-0.003386701954586644,ETHSX,healthcare,2019
2019-06-25,0.004140448337892103,ETHSX,healthcare,2019
2019-06-26,-0.012071059800030766,ETHSX,healthcare,2019
2019-06-27,0.0013863939831945055,ETHSX,healthcare,2019
2019-06-28,0.0009736465394277584,ETHSX,healthcare,2019
2019-07-01,-0.0021220966877098747,ETHSX,healthcare,2019
2019-07-02,0.0012136020988147561,ETHSX,healthcare,2019
2019-07-03,0.0028960329463751967,ETHSX,healthcare,2019
2019-07-05,-0.009274443994926947,ETHSX,healthcare,2019
2019-07-08,-0.003443061390703343,ETHSX,healthcare,2019
2019-07-09,0.0014403486428380436,ETHSX,healthcare,2019
2019-07-10,-0.00047466373520914503,ETHSX,healthcare,2019
2019-07-11,-0.007039189903111334,ETHSX,healthcare,2019
2019-07-12,-0.018075849961148516,ETHSX,healthcare,2019
2019-07-15,0.004775523039966318,ETHSX,healthcare,2019
2019-07-16,-0.0019085825202490802,ETHSX,healthcare,2019
2019-07-17,0.009481380738600742,ETHSX,healthcare,2019
2019-07-18,0.00558104794302122,ETHSX,healthcare,2019
2019-07-19,-0.006005201545630637,ETHSX,healthcare,2019
2019-07-22,0.0013813649206647761,ETHSX,healthcare,2019
2019-07-23,-0.002294389023423484,ETHSX,healthcare,2019
2019-07-24,-0.003805977552024495,ETHSX,healthcare,2019
2019-07-25,0.00017851379305376712,ETHSX,healthcare,2019
2019-07-26,-0.001943264309643237,ETHSX,healthcare,2019
2019-07-29,0.005550635505987615,ETHSX,healthcare,2019
2019-07-30,-0.0016199786322661737,ETHSX,healthcare,2019
2019-07-31,-0.0018274083840174801,ETHSX,healthcare,2019
2019-08-01,0.0118279975311383,ETHSX,healthcare,2019
2019-08-02,0.003169531130223621,ETHSX,healthcare,2019
2019-08-05,0.00014175194897589338,ETHSX,healthcare,2019
2019-08-06,0.0021086339136410955,ETHSX,healthcare,2019
2019-08-07,-0.0005987893840120223,ETHSX,healthcare,2019
2019-08-08,0.00017202645543313265,ETHSX,healthcare,2019
2019-08-09,0.004324794667523668,ETHSX,healthcare,2019
2019-08-12,0.0008108338171014355,ETHSX,healthcare,2019
2019-08-13,-0.0027862164532909198,ETHSX,healthcare,2019
2019-08-14,0.0007206761130395395,ETHSX,healthcare,2019
2019-08-15,-0.00045140448938373,ETHSX,healthcare,2019
2019-08-16,-0.0003117326764149834,ETHSX,healthcare,2019
2019-08-19,-0.0017764272422717648,ETHSX,healthcare,2019
2019-08-20,-0.0018616359659866313,ETHSX,healthcare,2019
2019-08-21,0.001276949765000722,ETHSX,healthcare,2019
2019-08-22,-0.004178053997326187,ETHSX,healthcare,2019
2019-08-23,0.0009976953784526926,ETHSX,healthcare,2019
2019-08-26,-0.000881939758954748,ETHSX,healthcare,2019
2019-08-27,0.001186183851974061,ETHSX,healthcare,2019
2019-08-28,-0.001279167027905457,ETHSX,healthcare,2019
2019-08-29,-0.00403683695359607,ETHSX,healthcare,2019
2019-08-30,0.0010710874002589537,ETHSX,healthcare,2019
2019-09-03,0.00012033790985712094,ETHSX,healthcare,2019
2019-09-04,-0.008132666433352595,ETHSX,healthcare,2019
2019-09-05,-0.004122558265298035,ETHSX,healthcare,2019
2019-09-06,0.0026961319860939674,ETHSX,healthcare,2019
2019-09-09,-0.015085145689470046,ETHSX,healthcare,2019
2019-09-10,-0.006036070004460157,ETHSX,healthcare,2019
2019-09-11,0.0030529108631908077,ETHSX,healthcare,2019
2019-09-12,-0.001975335629642706,ETHSX,healthcare,2019
2019-09-13,0.00038084740746350296,ETHSX,healthcare,2019
2019-09-16,-0.0011894736655237294,ETHSX,healthcare,2019
2019-09-17,0.004836532269320732,ETHSX,healthcare,2019
2019-09-18,-0.000604756652535723,ETHSX,healthcare,2019
2019-09-19,0.005954315992316014,ETHSX,healthcare,2019
2019-09-20,0.010411757826218065,ETHSX,healthcare,2019
2019-09-23,-0.005916931196899602,ETHSX,healthcare,2019
2019-09-24,0.0008462431390466232,ETHSX,healthcare,2019
2019-09-25,-0.009922529176215555,ETHSX,healthcare,2019
2019-09-26,-0.00024292574575701426,ETHSX,healthcare,2019
2019-09-27,-0.0020032665489599167,ETHSX,healthcare,2019
2019-09-30,0.002350059999977518,ETHSX,healthcare,2019
2019-10-01,-0.002126908738406404,ETHSX,healthcare,2019
2019-10-02,-0.004769510007851809,ETHSX,healthcare,2019
2019-10-03,0.004191032124078238,ETHSX,healthcare,2019
2019-10-04,0.005214269389160121,ETHSX,healthcare,2019
2019-10-07,-0.0002508926955761136,ETHSX,healthcare,2019
2019-10-08,-0.00461247917324634,ETHSX,healthcare,2019
2019-10-09,-0.001334234305084443,ETHSX,healthcare,2019
2019-10-10,-0.002768940687275666,ETHSX,healthcare,2019
2019-10-11,-0.00030749837489561435,ETHSX,healthcare,2019
2019-10-14,0.0016051818662984252,ETHSX,healthcare,2019
2019-10-15,0.007840704484239703,ETHSX,healthcare,2019
2019-10-16,-0.0023201932789946875,ETHSX,healthcare,2019
2019-10-17,0.006181191671616468,ETHSX,healthcare,2019
2019-10-18,0.0015699613141401346,ETHSX,healthcare,2019
2019-10-21,-0.005429681387205289,ETHSX,healthcare,2019
2019-10-22,-0.0010121160665965915,ETHSX,healthcare,2019
2019-10-23,0.004464416149110741,ETHSX,healthcare,2019
2019-10-24,-0.0022663207403447795,ETHSX,healthcare,2019
2019-10-25,-0.000772341390975346,ETHSX,healthcare,2019
2019-10-28,0.003980286154454286,ETHSX,healthcare,2019
2019-10-29,0.007695282264342487,ETHSX,healthcare,2019
2019-10-30,0.007527170836246063,ETHSX,healthcare,2019
2019-10-31,0.0002817182468122228,ETHSX,healthcare,2019
2019-11-01,-0.005706628779002,ETHSX,healthcare,2019
2019-11-04,-0.004933634424943677,ETHSX,healthcare,2019
2019-11-05,-0.00841762996362802,ETHSX,healthcare,2019
2019-11-06,0.004717896172990113,ETHSX,healthcare,2019
2019-11-07,-0.002882779110290062,ETHSX,healthcare,2019
2019-11-08,0.004615121032668135,ETHSX,healthcare,2019
2019-11-11,-0.0003054239287384069,ETHSX,healthcare,2019
2019-11-12,0.0023698914040869014,ETHSX,healthcare,2019
2019-11-13,0.002091340390797362,ETHSX,healthcare,2019
2019-11-14,-0.0037490718939007656,ETHSX,healthcare,2019
2019-11-15,0.013237488608751432,ETHSX,healthcare,2019
2019-11-18,-0.0015250042718883043,ETHSX,healthcare,2019
2019-11-19,0.004961689415412307,ETHSX,healthcare,2019
2019-11-20,0.00033996327320681956,ETHSX,healthcare,2019
2019-11-21,0.0019290933585102872,ETHSX,healthcare,2019
2019-11-22,-0.0010637458473392672,ETHSX,healthcare,2019
2019-11-25,0.0067574184374678695,ETHSX,healthcare,2019
2019-11-26,0.0004897893358283606,ETHSX,healthcare,2019
2019-11-27,-0.00042968865054401504,ETHSX,healthcare,2019
2019-11-29,0.0019631894410773987,ETHSX,healthcare,2019
2019-12-02,0.0009290460947264318,ETHSX,healthcare,2019
2019-12-03,0.0040845511097307285,ETHSX,healthcare,2019
2019-12-04,0.0034988604026314034,ETHSX,healthcare,2019
2019-12-05,-0.0015410608358756627,ETHSX,healthcare,2019
2019-12-06,-0.0014001113483519427,ETHSX,healthcare,2019
2019-12-09,-0.0051832974676949434,ETHSX,healthcare,2019
2019-12-10,0.0066104383651663465,ETHSX,healthcare,2019
2019-12-11,0.00015055160967523268,ETHSX,healthcare,2019
2019-12-12,-0.0010368519682096818,ETHSX,healthcare,2019
2019-12-13,-0.0006052803503190098,ETHSX,healthcare,2019
2019-12-16,0.006916496769127492,ETHSX,healthcare,2019
2019-12-17,-0.0003082680221337872,ETHSX,healthcare,2019
2019-12-18,0.0006314352664624207,ETHSX,healthcare,2019
2019-12-19,0.0015646066781775264,ETHSX,healthcare,2019
2019-12-20,0.003757040155599307,ETHSX,healthcare,2019
2019-12-23,0.0010912867998456588,ETHSX,healthcare,2019
2019-12-24,0.0006430180772090093,ETHSX,healthcare,2019
2019-12-26,-0.005097243381310274,ETHSX,healthcare,2019
2019-12-27,0.0024712751146534076,ETHSX,healthcare,2019
2019-12-30,-0.0022595900456631717,ETHSX,healthcare,2019
2020-01-06,0.0027066459017061977,ETHSX,healthcare,2020
2020-01-07,-0.0009656232775082725,ETHSX,healthcare,2020
2020-01-08,0.0006857046203549754,ETHSX,healthcare,2020
2020-01-09,0.0019321134489647049,ETHSX,healthcare,2020
2020-01-10,0.003915230909118951,ETHSX,healthcare,2020
2020-01-13,-0.008591174581043099,ETHSX,healthcare,2020
2020-01-14,0.004450708899510892,ETHSX,healthcare,2020
2020-01-15,0.008637206632704298,ETHSX,healthcare,2020
2020-01-16,-0.0033737136974549857,ETHSX,healthcare,2020
2020-01-17,-5.5903688880455226e-05,ETHSX,healthcare,2020
2020-01-21,0.0031603502863621407,ETHSX,healthcare,2020
2020-01-22,0.0015148752790563051,ETHSX,healthcare,2020
2020-01-23,-0.006352470733289898,ETHSX,healthcare,2020
2020-01-24,-0.007902346070218908,ETHSX,healthcare,2020
2020-01-27,0.0015113528152532058,ETHSX,healthcare,2020
2020-01-28,-0.0009617082648691764,ETHSX,healthcare,2020
2020-01-29,0.0006927867969634768,ETHSX,healthcare,2020
2020-01-30,-0.008147486324268146,ETHSX,healthcare,2020
2020-01-31,-0.0017609154430364652,ETHSX,healthcare,2020
2020-02-03,0.0023778733083418078,ETHSX,healthcare,2020
2020-02-04,0.004278877246118532,ETHSX,healthcare,2020
2020-02-05,0.0021298587565593864,ETHSX,healthcare,2020
2020-02-06,-0.00024249375356864182,ETHSX,healthcare,2020
2020-02-07,-0.004442561895805182,ETHSX,healthcare,2020
2020-02-10,-0.00027906873170614917,ETHSX,healthcare,2020
2020-02-11,0.00263544620819432,ETHSX,healthcare,2020
2020-02-12,-0.005052839173439869,ETHSX,healthcare,2020
2020-02-13,-0.0022755185647987063,ETHSX,healthcare,2020
2020-02-14,-0.00043400602290382946,ETHSX,healthcare,2020
2020-02-18,0.0012855126413298386,ETHSX,healthcare,2020
2020-02-19,0.002600129016888216,ETHSX,healthcare,2020
2020-02-20,-0.0030114948944371116,ETHSX,healthcare,2020
2020-02-21,0.008973006537724032,ETHSX,healthcare,2020
2020-02-24,-0.006205385592592982,ETHSX,healthcare,2020
2020-02-25,-0.0030111015349146286,ETHSX,healthcare,2020
2020-02-26,0.002947864933020806,ETHSX,healthcare,2020
2020-02-27,0.007787996343772963,ETHSX,healthcare,2020
2020-02-28,-0.011344492436455033,ETHSX,healthcare,2020
2020-03-02,0.007071623886644618,ETHSX,healthcare,2020
2020-03-03,0.005809793765684093,ETHSX,healthcare,2020
2020-03-04,0.019987174891765845,ETHSX,healthcare,2020
2020-03-05,0.0067733419148684575,ETHSX,healthcare,2020
2020-03-06,0.003140869600431851,ETHSX,healthcare,2020
2020-03-09,0.007243001467632411,ETHSX,healthcare,2020
2020-03-10,-0.008032612312272924,ETHSX,healthcare,2020
2020-03-11,0.0016332839925892184,ETHSX,healthcare,2020
2020-03-12,-0.0037215649045834187,ETHSX,healthcare,2020
2020-03-13,-0.007458275655614542,ETHSX,healthcare,2020
2020-03-16,-0.006697352834190817,ETHSX,healthcare,2020
2020-03-17,0.011795834628462024,ETHSX,healthcare,2020
2020-03-18,-8.826756895422005e-05,ETHSX,healthcare,2020
2020-03-19,-0.002635666710801339,ETHSX,healthcare,2020
2020-03-20,-0.0037805334406118968,ETHSX,healthcare,2020
2020-03-23,-0.020163041554564425,ETHSX,healthcare,2020
2020-03-24,0.006173299563877049,ETHSX,healthcare,2020
2020-03-25,0.009248402165204757,ETHSX,healthcare,2020
2020-03-26,0.01767225223911148,ETHSX,healthcare,2020
2020-03-27,0.0014448793930358014,ETHSX,healthcare,2020
2020-03-30,0.017765130871501573,ETHSX,healthcare,2020
2020-03-31,0.0073016591591270165,ETHSX,healthcare,2020
2020-04-01,0.005643480537915371,ETHSX,healthcare,2020
2020-04-02,0.008952700515845891,ETHSX,healthcare,2020
2020-04-03,0.003262005119125895,ETHSX,healthcare,2020
2020-04-06,-0.004340502250164642,ETHSX,healthcare,2020
2020-04-07,-0.016541245232980794,ETHSX,healthcare,2020
2020-04-08,0.004671424795495729,ETHSX,healthcare,2020
2020-04-09,-0.005944050001830639,ETHSX,healthcare,2020
2020-04-13,-0.0004680409704810569,ETHSX,healthcare,2020
2020-04-14,0.007868650489768484,ETHSX,healthcare,2020
2020-04-15,0.0076083241593836864,ETHSX,healthcare,2020
2020-04-16,0.01908867786601408,ETHSX,healthcare,2020
2020-04-17,0.0010358479024023537,ETHSX,healthcare,2020
2020-04-20,0.011537484812244973,ETHSX,healthcare,2020
2020-04-21,-0.00030806440369485905,ETHSX,healthcare,2020
2020-04-22,-0.0033615453016512566,ETHSX,healthcare,2020
2020-04-23,9.676946558697754e-05,ETHSX,healthcare,2020
2020-04-24,0.0037881603040084456,ETHSX,healthcare,2020
2020-04-27,-0.001656153167003998,ETHSX,healthcare,2020
2020-04-28,-0.014739618504355852,ETHSX,healthcare,2020
2020-04-29,-0.018206793815057125,ETHSX,healthcare,2020
2020-04-30,0.003331852404629944,ETHSX,healthcare,2020
2020-05-01,0.0029937762545104406,ETHSX,healthcare,2020
2020-05-04,0.004515018956906511,ETHSX,healthcare,2020
2020-05-05,0.006786170203435871,ETHSX,healthcare,2020
2020-05-06,-0.00030635618331820505,ETHSX,healthcare,2020
2020-05-07,-0.008678558338723665,ETHSX,healthcare,2020
2020-05-08,-0.008125726802742407,ETHSX,healthcare,2020
2020-05-11,0.013733188120323868,ETHSX,healthcare,2020
2020-05-12,0.00534587010007701,ETHSX,healthcare,2020
2020-05-13,0.008334054614269825,ETHSX,healthcare,2020
2020-05-14,-0.0069686670655212364,ETHSX,healthcare,2020
2020-05-15,0.00211141535769413,ETHSX,healthcare,2020
2020-05-18,-0.011882222194372655,ETHSX,healthcare,2020
2020-05-19,-0.004650859500887216,ETHSX,healthcare,2020
2020-05-20,-0.004467355919343944,ETHSX,healthcare,2020
2020-05-21,-0.00414839975815132,ETHSX,healthcare,2020
2020-05-22,0.000974085966747614,ETHSX,healthcare,2020
2020-05-26,-0.008889314936195493,ETHSX,healthcare,2020
2020-05-27,-0.010912281455432653,ETHSX,healthcare,2020
2020-05-28,0.019283831706050258,ETHSX,healthcare,2020
2020-05-29,0.005254737467932968,ETHSX,healthcare,2020
2020-06-01,-0.00630453440907556,ETHSX,healthcare,2020
2020-06-02,-0.0033454997265479768,ETHSX,healthcare,2020
2020-06-03,-0.011267189060296891,ETHSX,healthcare,2020
2020-06-04,-0.008915901949697496,ETHSX,healthcare,2020
2020-06-05,-0.00986084975351092,ETHSX,healthcare,2020
2020-06-08,-0.003993909132279701,ETHSX,healthcare,2020
2020-06-09,-0.00033997065758532667,ETHSX,healthcare,2020
2020-06-10,0.006819042051818699,ETHSX,healthcare,2020
2020-06-11,-0.0032081054101151044,ETHSX,healthcare,2020
2020-06-12,-0.0019760634213081127,ETHSX,healthcare,2020
2020-06-15,-0.002409294257421076,ETHSX,healthcare,2020
2020-06-16,0.004449155786371067,ETHSX,healthcare,2020
2020-06-17,0.012946904279645843,ETHSX,healthcare,2020
2020-06-18,-0.004235837742315402,ETHSX,healthcare,2020
2020-06-19,0.013329967241394495,ETHSX,healthcare,2020
2020-06-22,-0.005030939880174433,ETHSX,healthcare,2020
2020-06-23,0.0011440372375746619,ETHSX,healthcare,2020
2020-06-24,-0.006546256472925942,ETHSX,healthcare,2020
2020-06-25,0.004500517762296366,ETHSX,healthcare,2020
2020-06-26,0.00445013675474519,ETHSX,healthcare,2020
2020-06-29,-0.005100461828906053,ETHSX,healthcare,2020
2020-06-30,0.0011774784796646388,ETHSX,healthcare,2020
2020-07-01,0.0008674298427279112,ETHSX,healthcare,2020
2020-07-02,0.002011141798126565,ETHSX,healthcare,2020
2020-07-06,-0.0019505424536619617,ETHSX,healthcare,2020
2020-07-07,-0.00036057953107543166,ETHSX,healthcare,2020
2020-07-08,-0.002868565828529526,ETHSX,healthcare,2020
2020-07-09,-0.001714700518034371,ETHSX,healthcare,2020
2020-07-10,-0.01039125104425902,ETHSX,healthcare,2020
2020-07-13,0.006884910163865049,ETHSX,healthcare,2020
2020-07-14,0.004780623823675584,ETHSX,healthcare,2020
2020-07-15,0.010648893063229026,ETHSX,healthcare,2020
2020-07-16,-0.0027000051695691566,ETHSX,healthcare,2020
2020-07-17,0.012330419484598244,ETHSX,healthcare,2020
2020-07-20,-0.001809821650928029,ETHSX,healthcare,2020
2020-07-21,-0.005406516599079468,ETHSX,healthcare,2020
2020-07-22,7.587300725635845e-05,ETHSX,healthcare,2020
2020-07-23,0.001195133482647796,ETHSX,healthcare,2020
2020-07-24,-0.0062497187298845335,ETHSX,healthcare,2020
2020-07-27,0.002717959761789631,ETHSX,healthcare,2020
2020-07-28,0.0020098023061207518,ETHSX,healthcare,2020
2020-07-29,0.0010048957572813058,ETHSX,healthcare,2020
2020-07-30,-0.003936809509899291,ETHSX,healthcare,2020
2020-07-31,-0.015332056781307439,ETHSX,healthcare,2020
2020-08-03,0.006824121987924738,ETHSX,healthcare,2020
2020-08-04,-0.009078518051515622,ETHSX,healthcare,2020
2020-08-05,0.00047028416320243297,ETHSX,healthcare,2020
2020-08-06,-0.006002611321411073,ETHSX,healthcare,2020
2020-08-07,-0.0005272405654243144,ETHSX,healthcare,2020
2020-08-10,-0.006878509434518119,ETHSX,healthcare,2020
2020-08-11,0.0019888571002181126,ETHSX,healthcare,2020
2020-08-12,0.0066435711502454906,ETHSX,healthcare,2020
2020-08-13,-3.6840514898813913e-05,ETHSX,healthcare,2020
2020-08-14,-0.00526227319952931,ETHSX,healthcare,2020
2020-08-17,0.006626970153496985,ETHSX,healthcare,2020
2020-08-18,-0.00016493491663152355,ETHSX,healthcare,2020
2020-08-19,-0.0004193070015199728,ETHSX,healthcare,2020
2020-08-20,-0.0031740543190521726,ETHSX,healthcare,2020
2020-08-21,-0.005778163669410927,ETHSX,healthcare,2020
2020-08-24,-0.010237501565060909,ETHSX,healthcare,2020
2020-08-25,0.0018196937788395305,ETHSX,healthcare,2020
2020-08-26,-0.007885073596565643,ETHSX,healthcare,2020
2020-08-27,0.0035910211151594157,ETHSX,healthcare,2020
2020-08-28,-0.003565431046316691,ETHSX,healthcare,2020
2020-08-31,0.00515089466622721,ETHSX,healthcare,2020
2020-09-01,-0.01263691912029747,ETHSX,healthcare,2020
2020-09-02,0.008140898690424885,ETHSX,healthcare,2020
2020-09-03,0.0007151809129320313,ETHSX,healthcare,2020
2020-09-04,-0.0033467646396421235,ETHSX,healthcare,2020
2020-09-08,0.012464337867072833,ETHSX,healthcare,2020
2020-09-09,0.0037206326109023337,ETHSX,healthcare,2020
2020-09-10,-0.0006173594746034516,ETHSX,healthcare,2020
2020-09-11,0.004245900377161017,ETHSX,healthcare,2020
2020-09-14,0.002625728661819789,ETHSX,healthcare,2020
2020-09-15,0.0005746955509019986,ETHSX,healthcare,2020
2020-09-16,0.00017211056650492376,ETHSX,healthcare,2020
2020-09-17,0.006992751341538252,ETHSX,healthcare,2020
2020-09-18,0.008387339105941144,ETHSX,healthcare,2020
2020-09-21,-0.011523889809005728,ETHSX,healthcare,2020
2020-09-22,-0.010320166396215816,ETHSX,healthcare,2020
2020-09-23,0.00988515522171404,ETHSX,healthcare,2020
2020-09-24,-0.007514495229988017,ETHSX,healthcare,2020
2020-09-25,0.0005624438046577616,ETHSX,healthcare,2020
2020-09-28,-0.006911764279303926,ETHSX,healthcare,2020
2020-09-29,0.00511285854016081,ETHSX,healthcare,2020
2020-09-30,0.00401604991762143,ETHSX,healthcare,2020
2020-10-01,-0.007312613016564957,ETHSX,healthcare,2020
2020-10-02,0.002979122311694087,ETHSX,healthcare,2020
2020-10-05,0.004371130663423331,ETHSX,healthcare,2020
2020-10-06,-0.0029863873893809165,ETHSX,healthcare,2020
2020-10-07,-0.0007720285225048234,ETHSX,healthcare,2020
2020-10-08,0.0013048513970756893,ETHSX,healthcare,2020
2020-10-09,0.004912628136596495,ETHSX,healthcare,2020
2020-10-12,-0.005307584323393815,ETHSX,healthcare,2020
2020-10-13,-0.0013846177203542384,ETHSX,healthcare,2020
2020-10-14,-0.0008839326028680728,ETHSX,healthcare,2020
2020-10-15,-0.013057157977419753,ETHSX,healthcare,2020
2020-10-16,0.009533845213328854,ETHSX,healthcare,2020
2020-10-19,0.0001446427039370722,ETHSX,healthcare,2020
2020-10-20,-0.003879771998564769,ETHSX,healthcare,2020
2020-10-21,-0.004496503135235967,ETHSX,healthcare,2020
2020-10-22,0.004050062303928162,ETHSX,healthcare,2020
2020-10-23,0.001118661273550097,ETHSX,healthcare,2020
2020-10-26,0.0034040720227204967,ETHSX,healthcare,2020
2020-10-27,-0.004057854411086187,ETHSX,healthcare,2020
2020-10-28,-0.0034761574381712707,ETHSX,healthcare,2020
2020-10-29,-0.014293329787682885,ETHSX,healthcare,2020
2020-10-30,0.004319036161558129,ETHSX,healthcare,2020
2020-11-02,0.006295736926140135,ETHSX,healthcare,2020
2020-11-03,0.0025409943995424907,ETHSX,healthcare,2020
2020-11-04,0.023236948391200968,ETHSX,healthcare,2020
2020-11-05,-0.01019137714393532,ETHSX,healthcare,2020
2020-11-06,-0.0005160926832477795,ETHSX,healthcare,2020
2020-11-09,-0.007680582965381941,ETHSX,healthcare,2020
2020-11-10,-0.003951185507029379,ETHSX,healthcare,2020
2020-11-11,-0.0013941761137721944,ETHSX,healthcare,2020
2020-11-12,0.0047631002799959,ETHSX,healthcare,2020
2020-11-13,-0.0005637524194903199,ETHSX,healthcare,2020
2020-11-16,-0.010558167551311629,ETHSX,healthcare,2020
2020-11-17,-0.0037550649910137214,ETHSX,healthcare,2020
2020-11-18,-0.005195868230428467,ETHSX,healthcare,2020
2020-11-19,-0.0010421520661935313,ETHSX,healthcare,2020
2020-11-20,0.006200153274936661,ETHSX,healthcare,2020
2020-11-23,-0.00768330694140613,ETHSX,healthcare,2020
2020-11-24,-0.011949260701108622,ETHSX,healthcare,2020
2020-11-25,-0.0017327042329163438,ETHSX,healthcare,2020
2020-11-27,0.009091686297889817,ETHSX,healthcare,2020
2020-11-30,0.004281738114205914,ETHSX,healthcare,2020
2020-12-01,-0.0019342416793870932,ETHSX,healthcare,2020
2020-12-02,0.0020593222847453893,ETHSX,healthcare,2020
2020-12-03,-0.004146412298905905,ETHSX,healthcare,2020
2020-12-04,0.002807916604183212,ETHSX,healthcare,2020
2020-12-07,-0.0019848926372581996,ETHSX,healthcare,2020
2020-12-08,0.004320393819102173,ETHSX,healthcare,2020
2020-12-09,0.005674468656651808,ETHSX,healthcare,2020
2020-12-10,0.0006906342923473393,ETHSX,healthcare,2020
2020-12-11,-0.00216513082462343,ETHSX,healthcare,2020
2020-12-14,-0.005847469872728602,ETHSX,healthcare,2020
2020-12-15,-0.003509342003948911,ETHSX,healthcare,2020
2020-12-16,0.0011618106575379762,ETHSX,healthcare,2020
2020-12-17,0.005831918451333637,ETHSX,healthcare,2020
2020-12-18,0.0055295443236591975,ETHSX,healthcare,2020
2020-12-21,-0.009546190678705376,ETHSX,healthcare,2020
2020-12-22,0.003729229549350196,ETHSX,healthcare,2020
2020-12-23,-0.000670166765760656,ETHSX,healthcare,2020
2020-12-24,-0.0014677083122088446,ETHSX,healthcare,2020
2020-12-28,-0.0012734051294103635,ETHSX,healthcare,2020
2020-12-29,0.006995854445648916,ETHSX,healthcare,2020
2020-12-30,0.0004602276393623618,ETHSX,healthcare,2020
2021-01-05,-0.0007492944198779976,ETHSX,healthcare,2021
2021-01-06,0.002136072139970348,ETHSX,healthcare,2021
2021-01-07,-0.0006111996629013777,ETHSX,healthcare,2021
2021-01-08,0.0037414598622515336,ETHSX,healthcare,2021
2021-01-11,0.007252478263596183,ETHSX,healthcare,2021
2021-01-12,-0.010777502589976708,ETHSX,healthcare,2021
2021-01-13,0.0019031202761705377,ETHSX,healthcare,2021
2021-01-14,0.0013827131576604097,ETHSX,healthcare,2021
2021-01-15,0.006113270523677679,ETHSX,healthcare,2021
2021-01-19,0.006080657543741549,ETHSX,healthcare,2021
2021-01-20,-0.005399063951497543,ETHSX,healthcare,2021
2021-01-21,-0.002216921069944068,ETHSX,healthcare,2021
2021-01-22,0.0014178760663763742,ETHSX,healthcare,2021
2021-01-25,0.003260653291108967,ETHSX,healthcare,2021
2021-01-26,-0.005048927376738492,ETHSX,healthcare,2021
2021-01-27,-0.016297253885939108,ETHSX,healthcare,2021
2021-01-28,0.005051370152775978,ETHSX,healthcare,2021
2021-01-29,0.0006858887780771556,ETHSX,healthcare,2021
2021-02-01,-0.007870487083417303,ETHSX,healthcare,2021
2021-02-02,-0.004714364864278766,ETHSX,healthcare,2021
2021-02-03,-0.002943964215301722,ETHSX,healthcare,2021
2021-02-04,-0.0021555152964896464,ETHSX,healthcare,2021
2021-02-05,-0.00040686192919573523,ETHSX,healthcare,2021
2021-02-08,-0.0010253885796197505,ETHSX,healthcare,2021
2021-02-09,0.003327413295096983,ETHSX,healthcare,2021
2021-02-10,-0.0006101076928710786,ETHSX,healthcare,2021
2021-02-11,0.0033514969991192594,ETHSX,healthcare,2021
2021-02-12,0.0019234484479325373,ETHSX,healthcare,2021
2021-02-16,-0.006316366527038427,ETHSX,healthcare,2021
2021-02-17,-0.001040969791546407,ETHSX,healthcare,2021
2021-02-18,-0.0034095994042508174,ETHSX,healthcare,2021
2021-02-19,-0.010379501935311744,ETHSX,healthcare,2021
2021-02-22,0.0025566259057304783,ETHSX,healthcare,2021
2021-02-23,-0.005545736578994087,ETHSX,healthcare,2021
2021-02-24,-0.00033795592883083,ETHSX,healthcare,2021
2021-02-25,0.006304301378372335,ETHSX,healthcare,2021
2021-02-26,-0.00531640939986092,ETHSX,healthcare,2021
2021-03-01,-0.004161760586134445,ETHSX,healthcare,2021
2021-03-02,0.0010691281463788825,ETHSX,healthcare,2021
2021-03-03,-0.007046023524343588,ETHSX,healthcare,2021
2021-03-04,-0.008644649949860144,ETHSX,healthcare,2021
2021-03-05,0.0023311626605559393,ETHSX,healthcare,2021
2021-03-08,-0.0016417085501364372,ETHSX,healthcare,2021
2021-03-09,0.0032828737320575764,ETHSX,healthcare,2021
2021-03-10,0.0013033352538317413,ETHSX,healthcare,2021
2021-03-11,0.001067898367949501,ETHSX,healthcare,2021
2021-03-12,-0.0017862258739148253,ETHSX,healthcare,2021
2021-03-15,0.0006309694217063386,ETHSX,healthcare,2021
2021-03-16,0.002223007545939542,ETHSX,healthcare,2021
2021-03-17,-0.007738174402941316,ETHSX,healthcare,2021
2021-03-18,0.004676826455102866,ETHSX,healthcare,2021
2021-03-19,0.004949948993836205,ETHSX,healthcare,2021
2021-03-22,0.003187386355465476,ETHSX,healthcare,2021
2021-03-23,-0.0065347490002976745,ETHSX,healthcare,2021
2021-03-24,-0.00149264747949423,ETHSX,healthcare,2021
2021-03-25,0.001666845347361637,ETHSX,healthcare,2021
2021-03-26,0.004130688873217209,ETHSX,healthcare,2021
2021-03-29,0.002484012530108738,ETHSX,healthcare,2021
2021-03-30,-0.005278428075259802,ETHSX,healthcare,2021
2021-03-31,0.0010686511658164147,ETHSX,healthcare,2021
2021-04-01,-0.007920300648897101,ETHSX,healthcare,2021
2021-04-05,-0.0018078715941320057,ETHSX,healthcare,2021
2021-04-06,-0.0035531793649879796,ETHSX,healthcare,2021
2021-04-07,-0.00470348027458118,ETHSX,healthcare,2021
2021-04-08,0.00290326666123722,ETHSX,healthcare,2021
2021-04-09,0.005031596041739397,ETHSX,healthcare,2021
2021-04-12,-0.00414243722302399,ETHSX,healthcare,2021
2021-04-13,0.002475131690507635,ETHSX,healthcare,2021
2021-04-14,0.0013287516483402014,ETHSX,healthcare,2021
2021-04-15,0.00795308807622364,ETHSX,healthcare,2021
2021-04-16,0.004371838655972326,ETHSX,healthcare,2021
2021-04-19,0.00010514966642548697,ETHSX,healthcare,2021
2021-04-20,0.006839251955801078,ETHSX,healthcare,2021
2021-04-21,0.008473594381480255,ETHSX,healthcare,2021
2021-04-22,-2.0615502982145387e-05,ETHSX,healthcare,2021
2021-04-23,-0.0005996446108630779,ETHSX,healthcare,2021
2021-04-26,-0.0036745369083059573,ETHSX,healthcare,2021
2021-04-27,-0.005095786615875638,ETHSX,healthcare,2021
2021-04-28,0.000781294168260889,ETHSX,healthcare,2021
2021-04-29,-0.0064735479927197775,ETHSX,healthcare,2021
2021-04-30,0.001932778484277997,ETHSX,healthcare,2021
2021-05-03,0.006543016302818141,ETHSX,healthcare,2021
2021-05-04,-0.001959368681429141,ETHSX,healthcare,2021
2021-05-05,0.0003923535566348646,ETHSX,healthcare,2021
2021-05-06,-0.005326982339147359,ETHSX,healthcare,2021
2021-05-07,0.003924248263266582,ETHSX,healthcare,2021
2021-05-10,0.002666172197755551,ETHSX,healthcare,2021
2021-05-11,-0.0023554708416505194,ETHSX,healthcare,2021
2021-05-12,0.004116333820991261,ETHSX,healthcare,2021
2021-05-13,-0.0012671088781989557,ETHSX,healthcare,2021
2021-05-14,-0.004220670959460346,ETHSX,healthcare,2021
2021-05-17,0.0022485317160722976,ETHSX,healthcare,2021
2021-05-18,0.006925428379469281,ETHSX,healthcare,2021
2021-05-19,-0.0006268938170017687,ETHSX,healthcare,2021
2021-05-20,0.006790906957718361,ETHSX,healthcare,2021
2021-05-21,0.0018395415769435035,ETHSX,healthcare,2021
2021-05-24,-0.0031547509616962413,ETHSX,healthcare,2021
2021-05-25,0.0020231580675155385,ETHSX,healthcare,2021
2021-05-26,-0.004300692291709926,ETHSX,healthcare,2021
2021-05-27,-0.0019196530438548424,ETHSX,healthcare,2021
2021-05-28,0.000864443580310492,ETHSX,healthcare,2021
2021-06-01,-0.011804382838809252,ETHSX,healthcare,2021
2021-06-02,-0.0040747097371068445,ETHSX,healthcare,2021
2021-06-03,0.0037361569127195952,ETHSX,healthcare,2021
2021-06-04,-0.0009714721799596784,ETHSX,healthcare,2021
2021-06-07,0.006302485946204649,ETHSX,healthcare,2021
2021-06-08,-0.0002760737683819695,ETHSX,healthcare,2021
2021-06-09,0.011662326657568828,ETHSX,healthcare,2021
2021-06-10,0.01255599918570579,ETHSX,healthcare,2021
2021-06-11,-0.007540616099137293,ETHSX,healthcare,2021
2021-06-14,0.0019461101177746976,ETHSX,healthcare,2021
2021-06-15,0.0010542206885428122,ETHSX,healthcare,2021
2021-06-16,0.0013751106287483838,ETHSX,healthcare,2021
2021-06-17,0.00431820247346297,ETHSX,healthcare,2021
2021-06-18,-0.001223443666011419,ETHSX,healthcare,2021
2021-06-21,0.0019311001037342936,ETHSX,healthcare,2021
2021-06-22,-0.002908932306134548,ETHSX,healthcare,2021
2021-06-23,-0.0035676817135288754,ETHSX,healthcare,2021
2021-06-24,0.0009544827105953356,ETHSX,healthcare,2021
2021-06-25,-0.00034056713018006893,ETHSX,healthcare,2021
2021-06-28,-4.698963598122742e-05,ETHSX,healthcare,2021
2021-06-29,0.00021206630910674732,ETHSX,healthcare,2021
2021-06-30,-0.003479621300260959,ETHSX,healthcare,2021
2021-07-01,0.003972831628565326,ETHSX,healthcare,2021
2021-07-02,0.0018493990389107252,ETHSX,healthcare,2021
2021-07-06,0.0010461416101047367,ETHSX,healthcare,2021
2021-07-07,0.003090779401725298,ETHSX,healthcare,2021
2021-07-08,0.0024101282415469787,ETHSX,healthcare,2021
2021-07-09,-0.003631139557092875,ETHSX,healthcare,2021
2021-07-12,-0.0004062481933546102,ETHSX,healthcare,2021
2021-07-13,-0.0006620526208615117,ETHSX,healthcare,2021
2021-07-14,-0.003854516516549629,ETHSX,healthcare,2021
2021-07-15,-0.006182577816849814,ETHSX,healthcare,2021
2021-07-16,0.00773722125793779,ETHSX,healthcare,2021
2021-07-19,-0.0016210079364348384,ETHSX,healthcare,2021
2021-07-20,0.0003536576266979074,ETHSX,healthcare,2021
2021-07-21,0.00014924418990970752,ETHSX,healthcare,2021
2021-07-22,0.001949772530843572,ETHSX,healthcare,2021
2021-07-23,0.004173349707312468,ETHSX,healthcare,2021
2021-07-26,-0.009890479812568416,ETHSX,healthcare,2021
2021-07-27,0.00625117105447906,ETHSX,healthcare,2021
2021-07-28,0.004227271939593803,ETHSX,healthcare,2021
2021-07-29,-0.00011173290835754307,ETHSX,healthcare,2021
2021-07-30,0.004375032094941335,ETHSX,healthcare,2021
2021-08-02,0.002581005289917914,ETHSX,healthcare,2021
2021-08-03,0.002694532753389483,ETHSX,healthcare,2021
2021-08-04,0.00037450628415399215,ETHSX,healthcare,2021
2021-08-05,-0.0015611674123952673,ETHSX,healthcare,2021
2021-08-06,-0.004566965701740011,ETHSX,healthcare,2021
2021-08-09,0.00039095728038497326,ETHSX,healthcare,2021
2021-08-10,-0.00633316731057035,ETHSX,healthcare,2021
2021-08-11,-0.006491660819021495,ETHSX,healthcare,2021
2021-08-12,0.005397940814609111,ETHSX,healthcare,2021
2021-08-13,0.004081472585774562,ETHSX,healthcare,2021
2021-08-16,0.008406265645229656,ETHSX,healthcare,2021
2021-08-17,0.01343069447017924,ETHSX,healthcare,2021
2021-08-18,-0.0002717409146447466,ETHSX,healthcare,2021
2021-08-19,0.006819222026573343,ETHSX,healthcare,2021
2021-08-20,0.0012748469519732264,ETHSX,healthcare,2021
2021-08-23,-0.006507937666917072,ETHSX,healthcare,2021
2021-08-24,-0.0037870069058151276,ETHSX,healthcare,2021
2021-08-25,-0.0034695526179126055,ETHSX,healthcare,2021
2021-08-26,0.00041126019048100043,ETHSX,healthcare,2021
2021-08-27,-0.0033093318199970325,ETHSX,healthcare,2021
2021-08-30,0.0029257920205442815,ETHSX,healthcare,2021
2021-08-31,-0.0011368807164877797,ETHSX,healthcare,2021
2021-09-01,0.001482923346915699,ETHSX,healthcare,2021
2021-09-02,0.004403377995156976,ETHSX,healthcare,2021
2021-09-03,-0.0006296071959396765,ETHSX,healthcare,2021
2021-09-07,-0.00171526357218491,ETHSX,healthcare,2021
2021-09-08,-0.0052206513363988695,ETHSX,healthcare,2021
2021-09-09,-0.010488063004954647,ETHSX,healthcare,2021
2021-09-10,-0.0036633775273320025,ETHSX,healthcare,2021
2021-09-13,-0.006498598714705145,ETHSX,healthcare,2021
2021-09-14,0.004717923581735868,ETHSX,healthcare,2021
2021-09-15,-0.0008516663159632296,ETHSX,healthcare,2021
2021-09-16,-0.0011183069529817652,ETHSX,healthcare,2021
2021-09-17,0.004177884072985229,ETHSX,healthcare,2021
2021-09-20,0.0019493371250774941,ETHSX,healthcare,2021
2021-09-21,0.005907644569122524,ETHSX,healthcare,2021
2021-09-22,-0.007151862827454883,ETHSX,healthcare,2021
2021-09-23,0.0014262824046358362,ETHSX,healthcare,2021
2021-09-24,-0.007231989470383402,ETHSX,healthcare,2021
2021-09-27,-0.011073363704452254,ETHSX,healthcare,2021
2021-09-28,-0.008188037302005333,ETHSX,healthcare,2021
2021-09-29,0.005040410539305862,ETHSX,healthcare,2021
2021-09-30,0.0029571297848234547,ETHSX,healthcare,2021
2021-10-01,-0.002988996977551924,ETHSX,healthcare,2021
2021-10-04,-0.0035301041997972717,ETHSX,healthcare,2021
2021-10-05,-0.0019935899348454593,ETHSX,healthcare,2021
2021-10-06,-0.0021411131574450293,ETHSX,healthcare,2021
2021-10-07,0.007484448007054588,ETHSX,healthcare,2021
2021-10-08,-0.0010155609664305601,ETHSX,healthcare,2021
2021-10-11,-0.0016357197547486628,ETHSX,healthcare,2021
2021-10-12,-0.0026988869926696927,ETHSX,healthcare,2021
2021-10-13,0.0030956707403577174,ETHSX,healthcare,2021
2021-10-14,0.0007046221453481556,ETHSX,healthcare,2021
2021-10-15,0.00038909533331239754,ETHSX,healthcare,2021
2021-10-18,-0.0075073361899456945,ETHSX,healthcare,2021
2021-10-19,0.008538459934104944,ETHSX,healthcare,2021
2021-10-20,0.008113457247881983,ETHSX,healthcare,2021
2021-10-21,0.001507288179777082,ETHSX,healthcare,2021
2021-10-22,0.005862100108018845,ETHSX,healthcare,2021
2021-10-25,-0.004284759405618761,ETHSX,healthcare,2021
2021-10-26,0.003916334573956494,ETHSX,healthcare,2021
2021-10-27,-0.005174304315340432,ETHSX,healthcare,2021
2021-10-28,0.0035656252144130977,ETHSX,healthcare,2021
2021-10-29,0.007760355026197598,ETHSX,healthcare,2021
2021-11-01,-0.0006029987049505713,ETHSX,healthcare,2021
2021-11-02,0.0011463407331027122,ETHSX,healthcare,2021
2021-11-03,0.004336575550478986,ETHSX,healthcare,2021
2021-11-04,-0.001912091572967401,ETHSX,healthcare,2021
2021-11-05,-0.013324735934794897,ETHSX,healthcare,2021
2021-11-08,0.003208802182976703,ETHSX,healthcare,2021
2021-11-09,6.729297078468901e-05,ETHSX,healthcare,2021
2021-11-10,0.0037925026701029754,ETHSX,healthcare,2021
2021-11-11,-0.00489633302106861,ETHSX,healthcare,2021
2021-11-12,-0.0037361723265262794,ETHSX,healthcare,2021
2021-11-15,-0.004923563602431076,ETHSX,healthcare,2021
2021-11-16,-8.993663569720894e-05,ETHSX,healthcare,2021
2021-11-17,0.002094243148158072,ETHSX,healthcare,2021
2021-11-18,-0.0069140327965832304,ETHSX,healthcare,2021
2021-11-19,-0.005532882563807507,ETHSX,healthcare,2021
2021-11-22,-0.006228995165898867,ETHSX,healthcare,2021
2021-11-23,-0.0036604779648922578,ETHSX,healthcare,2021
2021-11-24,-0.0005386193843463932,ETHSX,healthcare,2021
2021-11-26,0.00569522758706382,ETHSX,healthcare,2021
2021-11-29,-0.0067649192691899875,ETHSX,healthcare,2021
2021-11-30,-0.003600852885597158,ETHSX,healthcare,2021
2021-12-01,0.0036697584945716392,ETHSX,healthcare,2021
2021-12-02,-0.006668463036729558,ETHSX,healthcare,2021
2021-12-03,0.0034705942002936203,ETHSX,healthcare,2021
2021-12-06,-0.00031521105251367063,ETHSX,healthcare,2021
2021-12-07,0.0013463600066559635,ETHSX,healthcare,2021
2021-12-08,0.008836706878625865,ETHSX,healthcare,2021
2021-12-09,0.0003688460923672791,ETHSX,healthcare,2021
2021-12-10,-0.00481191713251598,ETHSX,healthcare,2021
2021-12-13,0.009941775028894418,ETHSX,healthcare,2021
2021-12-14,-0.004992298936371844,ETHSX,healthcare,2021
2021-12-15,0.015776732191048762,ETHSX,healthcare,2021
2021-12-16,0.008415837163898668,ETHSX,healthcare,2021
2021-12-17,-0.001666273108257183,ETHSX,healthcare,2021
2021-12-20,0.002513887821922787,ETHSX,healthcare,2021
2021-12-21,-0.0024120101092490603,ETHSX,healthcare,2021
2021-12-22,0.009607705619357206,ETHSX,healthcare,2021
2021-12-23,-0.0014010637717652256,ETHSX,healthcare,2021
2021-12-27,0.0024467580074310474,ETHSX,healthcare,2021
2021-12-28,-0.0009763436493706885,ETHSX,healthcare,2021
2021-12-29,0.003146350495086432,ETHSX,healthcare,2021
2021-12-30,0.0030248803208243677,ETHSX,healthcare,2021
2022-01-04,-0.01857939320824939,ETHSX,healthcare,2022
2022-01-05,-0.002251940705430241,ETHSX,healthcare,2022
2022-01-06,-0.009535409758816489,ETHSX,healthcare,2022
2022-01-07,-0.003930084639030095,ETHSX,healthcare,2022
2022-01-10,0.0028386375630754016,ETHSX,healthcare,2022
2022-01-11,-0.0007741352378649461,ETHSX,healthcare,2022
2022-01-12,-0.004250486318274383,ETHSX,healthcare,2022
2022-01-13,-0.010775544280953417,ETHSX,healthcare,2022
2022-01-14,-0.004170066912674855,ETHSX,healthcare,2022
2022-01-18,0.001077384665708189,ETHSX,healthcare,2022
2022-01-19,0.004054764500430701,ETHSX,healthcare,2022
2022-01-20,0.0030255087904215872,ETHSX,healthcare,2022
2022-01-21,0.0022097895539830593,ETHSX,healthcare,2022
2022-01-24,-0.009257703751277359,ETHSX,healthcare,2022
2022-01-25,-0.00010622805939962572,ETHSX,healthcare,2022
2022-01-26,-0.004632003904824249,ETHSX,healthcare,2022
2022-01-27,0.004795199983776923,ETHSX,healthcare,2022
2022-01-28,0.0026307261260820093,ETHSX,healthcare,2022
2022-01-31,0.00015106807215409593,ETHSX,healthcare,2022
2022-02-01,-0.0011677393460299838,ETHSX,healthcare,2022
2022-02-02,0.0034856918442671336,ETHSX,healthcare,2022
2022-02-03,0.005097654505518322,ETHSX,healthcare,2022
2022-02-04,-0.007978395756737049,ETHSX,healthcare,2022
2022-02-07,0.003538408287001584,ETHSX,healthcare,2022
2022-02-08,-0.001443622625521411,ETHSX,healthcare,2022
2022-02-09,0.0030317829042994255,ETHSX,healthcare,2022
2022-02-10,0.0005347292847683906,ETHSX,healthcare,2022
2022-02-11,-0.0013671974809619548,ETHSX,healthcare,2022
2022-02-14,-0.006256832502859083,ETHSX,healthcare,2022
2022-02-15,0.008400806505703776,ETHSX,healthcare,2022
2022-02-16,0.00350681015718492,ETHSX,healthcare,2022
2022-02-17,-0.0009554619394361776,ETHSX,healthcare,2022
2022-02-18,-0.0055344914289160605,ETHSX,healthcare,2022
2022-02-22,0.006520149057490424,ETHSX,healthcare,2022
2022-02-23,0.005284613375781524,ETHSX,healthcare,2022
2022-02-24,-0.0045411333349337285,ETHSX,healthcare,2022
2022-02-25,0.014279371011536614,ETHSX,healthcare,2022
2022-02-28,-0.002139782065241951,ETHSX,healthcare,2022
2022-03-01,0.007437817185037396,ETHSX,healthcare,2022
2022-03-02,-0.0010604897250897395,ETHSX,healthcare,2022
2022-03-03,-0.0011716348781033825,ETHSX,healthcare,2022
2022-03-04,0.001747968936578389,ETHSX,healthcare,2022
2022-03-07,0.001713816102456047,ETHSX,healthcare,2022
2022-03-08,-0.009362134963063037,ETHSX,healthcare,2022
2022-03-09,0.008858947156431363,ETHSX,healthcare,2022
2022-03-10,-5.6570185631394515e-05,ETHSX,healthcare,2022
2022-03-11,-0.0033785781064432814,ETHSX,healthcare,2022
2022-03-14,0.00794440266731599,ETHSX,healthcare,2022
2022-03-15,0.0011632751744945994,ETHSX,healthcare,2022
2022-03-16,-0.0007350025923644095,ETHSX,healthcare,2022
2022-03-17,0.011680883841974915,ETHSX,healthcare,2022
2022-03-18,8.625650724620494e-05,ETHSX,healthcare,2022
2022-03-21,-0.0028644671268577954,ETHSX,healthcare,2022
2022-03-22,-0.007654843161946407,ETHSX,healthcare,2022
2022-03-23,-0.004846342759551182,ETHSX,healthcare,2022
2022-03-24,0.00018200825563283174,ETHSX,healthcare,2022
2022-03-25,-0.0014556125266256465,ETHSX,healthcare,2022
2022-03-28,0.0012908928119699853,ETHSX,healthcare,2022
2022-03-29,0.0011457297289164496,ETHSX,healthcare,2022
2022-03-30,0.011166715326335883,ETHSX,healthcare,2022
2022-03-31,-0.0006827449235560137,ETHSX,healthcare,2022
2022-04-01,0.008454703578118294,ETHSX,healthcare,2022
2022-04-04,-0.00969345354408432,ETHSX,healthcare,2022
2022-04-05,0.01072383802647912,ETHSX,healthcare,2022
2022-04-06,0.020126146101981487,ETHSX,healthcare,2022
2022-04-07,0.012921037219581426,ETHSX,healthcare,2022
2022-04-08,0.00507161703274548,ETHSX,healthcare,2022
2022-04-11,-0.005270339783176465,ETHSX,healthcare,2022
2022-04-12,-0.009375839596316965,ETHSX,healthcare,2022
2022-04-13,-0.004001025877689981,ETHSX,healthcare,2022
2022-04-14,0.002910840531232896,ETHSX,healthcare,2022
2022-04-18,-0.01170458158363716,ETHSX,healthcare,2022
2022-04-19,-0.005094188542673816,ETHSX,healthcare,2022
2022-04-20,0.01087544835987306,ETHSX,healthcare,2022
2022-04-21,-0.00440214146856243,ETHSX,healthcare,2022
2022-04-22,-0.011463403254248355,ETHSX,healthcare,2022
2022-04-25,0.002312544773763075,ETHSX,healthcare,2022
2022-04-26,-0.0031796641779120727,ETHSX,healthcare,2022
2022-04-27,-0.0014260060287357567,ETHSX,healthcare,2022
2022-04-28,-0.007457765312632491,ETHSX,healthcare,2022
2022-04-29,0.006513132698168965,ETHSX,healthcare,2022
2022-05-02,-0.009642206933361042,ETHSX,healthcare,2022
2022-05-03,-0.0026531831570713775,ETHSX,healthcare,2022
2022-05-04,-0.006434499307741436,ETHSX,healthcare,2022
2022-05-05,0.00165676111149193,ETHSX,healthcare,2022
2022-05-06,-0.005887637836013443,ETHSX,healthcare,2022
2022-05-09,-0.009992583419818665,ETHSX,healthcare,2022
2022-05-10,0.005296631655012447,ETHSX,healthcare,2022
2022-05-11,-0.0016759283305900052,ETHSX,healthcare,2022
2022-05-12,0.003702972484064872,ETHSX,healthcare,2022
2022-05-13,0.001332508940452469,ETHSX,healthcare,2022
2022-05-16,0.007295896094341444,ETHSX,healthcare,2022
2022-05-17,0.00015429730305235,ETHSX,healthcare,2022
2022-05-18,0.0027404914308730537,ETHSX,healthcare,2022
2022-05-19,0.009551109518893345,ETHSX,healthcare,2022
2022-05-20,0.011950968888799447,ETHSX,healthcare,2022
2022-05-23,-0.004033772880030255,ETHSX,healthcare,2022
2022-05-24,0.005884889632470019,ETHSX,healthcare,2022
2022-05-25,-0.007895016093677383,ETHSX,healthcare,2022
2022-05-26,-0.007287082922600244,ETHSX,healthcare,2022
2022-05-27,8.417659929015053e-05,ETHSX,healthcare,2022
2022-05-31,-0.00745817707882326,ETHSX,healthcare,2022
2022-06-01,-0.008113800466772184,ETHSX,healthcare,2022
2022-06-02,0.00024304203619208986,ETHSX,healthcare,2022
2022-06-03,-4.5554737008356855e-05,ETHSX,healthcare,2022
2022-06-06,-0.004615333652423646,ETHSX,healthcare,2022
2022-06-07,0.006839836556406731,ETHSX,healthcare,2022
2022-06-08,0.0013590572184202822,ETHSX,healthcare,2022
2022-06-09,-0.005574979666575254,ETHSX,healthcare,2022
2022-06-10,0.0014427822433692936,ETHSX,healthcare,2022
2022-06-13,-0.003696254944439821,ETHSX,healthcare,2022
2022-06-14,-0.010307188673038137,ETHSX,healthcare,2022
2022-06-15,0.0013760908669621374,ETHSX,healthcare,2022
2022-06-16,0.01149452647795834,ETHSX,healthcare,2022
2022-06-17,0.0007610494250945552,ETHSX,healthcare,2022
2022-06-21,0.0052313953169101125,ETHSX,healthcare,2022
2022-06-22,0.013108257648099092,ETHSX,healthcare,2022
2022-06-23,0.014381218763533541,ETHSX,healthcare,2022
2022-06-24,0.001690148512053801,ETHSX,healthcare,2022
2022-06-27,0.007012865943594151,ETHSX,healthcare,2022
2022-06-28,-0.0033151123949872793,ETHSX,healthcare,2022
2022-06-29,0.008818327301827675,ETHSX,healthcare,2022
2022-06-30,0.00012980358645655124,ETHSX,healthcare,2022
2022-07-01,0.003140300262988411,ETHSX,healthcare,2022
2022-07-05,-0.003797860529362725,ETHSX,healthcare,2022
2022-07-06,0.0027564109886180463,ETHSX,healthcare,2022
2022-07-07,-0.006879754565550412,ETHSX,healthcare,2022
2022-07-08,-0.0003842818268441217,ETHSX,healthcare,2022
2022-07-11,0.0024930936920321963,ETHSX,healthcare,2022
2022-07-12,-0.009180467110365896,ETHSX,healthcare,2022
2022-07-13,-0.003462919657113999,ETHSX,healthcare,2022
2022-07-14,0.0007150186281446095,ETHSX,healthcare,2022
2022-07-15,0.012041094981846048,ETHSX,healthcare,2022
2022-07-18,-0.011826807441698568,ETHSX,healthcare,2022
2022-07-19,0.00016651851822096705,ETHSX,healthcare,2022
2022-07-20,-0.015219727264524205,ETHSX,healthcare,2022
2022-07-21,0.009468092428759296,ETHSX,healthcare,2022
2022-07-22,-0.001981367756556188,ETHSX,healthcare,2022
2022-07-25,0.0027287335657655227,ETHSX,healthcare,2022
2022-07-26,0.012573787672155591,ETHSX,healthcare,2022
2022-07-27,-0.008576803462400393,ETHSX,healthcare,2022
2022-07-28,-0.0022731325868891646,ETHSX,healthcare,2022
2022-07-29,-0.014809235181873031,ETHSX,healthcare,2022
2022-08-01,-0.005551170586553713,ETHSX,healthcare,2022
2022-08-02,0.0021588332178617362,ETHSX,healthcare,2022
2022-08-03,-0.010386780575133897,ETHSX,healthcare,2022
2022-08-04,-0.003473554879330368,ETHSX,healthcare,2022
2022-08-05,-0.0005270869774784779,ETHSX,healthcare,2022
2022-08-08,0.0006050130737728391,ETHSX,healthcare,2022
2022-08-09,-0.0011933283374661206,ETHSX,healthcare,2022
2022-08-10,-0.007318485087406012,ETHSX,healthcare,2022
2022-08-11,-0.00919418002768107,ETHSX,healthcare,2022
2022-08-12,7.247123996765789e-05,ETHSX,healthcare,2022
2022-08-15,-9.42098617978328e-05,ETHSX,healthcare,2022
2022-08-16,-0.006784851825417593,ETHSX,healthcare,2022
2022-08-17,-0.0027361757099979367,ETHSX,healthcare,2022
2022-08-18,-0.004496309839233305,ETHSX,healthcare,2022
2022-08-19,0.007662474022961996,ETHSX,healthcare,2022
2022-08-22,0.0037301215924820472,ETHSX,healthcare,2022
2022-08-23,-0.010758393860737063,ETHSX,healthcare,2022
2022-08-24,0.00220777693368288,ETHSX,healthcare,2022
2022-08-25,0.0007350911492813514,ETHSX,healthcare,2022
2022-08-26,-0.004802175918229349,ETHSX,healthcare,2022
2022-08-29,-0.005009130947059519,ETHSX,healthcare,2022
2022-08-30,0.000325233531476744,ETHSX,healthcare,2022
2022-08-31,-0.0012788254355509008,ETHSX,healthcare,2022
2022-09-01,0.00563662970149182,ETHSX,healthcare,2022
2022-09-02,-0.006391380714818352,ETHSX,healthcare,2022
2022-09-06,0.0032359852276807816,ETHSX,healthcare,2022
2022-09-07,0.0033973277082150147,ETHSX,healthcare,2022
2022-09-08,0.009529687624345699,ETHSX,healthcare,2022
2022-09-09,0.0006976275352931788,ETHSX,healthcare,2022
2022-09-12,0.0023548450060117245,ETHSX,healthcare,2022
2022-09-13,-0.0028054928366008577,ETHSX,healthcare,2022
2022-09-14,-0.003661300083104603,ETHSX,healthcare,2022
2022-09-15,0.009305276776680813,ETHSX,healthcare,2022
2022-09-16,-0.0027983270941854457,ETHSX,healthcare,2022
2022-09-19,-0.011204699890263674,ETHSX,healthcare,2022
2022-09-20,-0.0050345931423689295,ETHSX,healthcare,2022
2022-09-21,-0.005103054076601754,ETHSX,healthcare,2022
2022-09-22,0.00648482735124661,ETHSX,healthcare,2022
2022-09-23,0.0032245365185499548,ETHSX,healthcare,2022
2022-09-26,-0.007467124040326995,ETHSX,healthcare,2022
2022-09-27,0.002421875438430326,ETHSX,healthcare,2022
2022-09-28,0.013932457947262116,ETHSX,healthcare,2022
2022-09-29,0.004514430711888602,ETHSX,healthcare,2022
2022-09-30,-0.0018602192564529715,ETHSX,healthcare,2022
2022-10-03,0.0006948643073237913,ETHSX,healthcare,2022
2022-10-04,0.004547388614109405,ETHSX,healthcare,2022
2022-10-05,0.0014196998734295355,ETHSX,healthcare,2022
2022-10-06,-0.0066597447755615425,ETHSX,healthcare,2022
2022-10-07,-0.00272284222351267,ETHSX,healthcare,2022
2022-10-10,-0.005700225715130468,ETHSX,healthcare,2022
2022-10-11,0.008423617979289637,ETHSX,healthcare,2022
2022-10-12,-0.0012558967721032805,ETHSX,healthcare,2022
2022-10-13,-0.0001229824273568346,ETHSX,healthcare,2022
2022-10-14,0.005791545564163307,ETHSX,healthcare,2022
2022-10-17,0.004377285725515254,ETHSX,healthcare,2022
2022-10-18,-0.004327883116161722,ETHSX,healthcare,2022
2022-10-19,-0.009881300476088775,ETHSX,healthcare,2022
2022-10-20,-0.004245416312638421,ETHSX,healthcare,2022
2022-10-21,0.0019833134624247344,ETHSX,healthcare,2022
2022-10-24,0.0035088286670395263,ETHSX,healthcare,2022
2022-10-25,0.003176541248289146,ETHSX,healthcare,2022
2022-10-26,0.01698666803595579,ETHSX,healthcare,2022
2022-10-27,-0.0035536938496859697,ETHSX,healthcare,2022
2022-10-28,-0.003350856065145222,ETHSX,healthcare,2022
2022-10-31,0.0032739904649846966,ETHSX,healthcare,2022
2022-11-01,0.0012839723390245044,ETHSX,healthcare,2022
2022-11-02,0.0039882782546583825,ETHSX,healthcare,2022
2022-11-03,-0.003343906153981885,ETHSX,healthcare,2022
2022-11-04,-0.003830957018650729,ETHSX,healthcare,2022
2022-11-07,0.001890083145037814,ETHSX,healthcare,2022
2022-11-08,-0.0039712512793171366,ETHSX,healthcare,2022
2022-11-09,0.0038977784935855346,ETHSX,healthcare,2022
2022-11-10,0.0005752961175089846,ETHSX,healthcare,2022
2022-11-11,-0.012341485122210144,ETHSX,healthcare,2022
2022-11-14,0.00032263533453587203,ETHSX,healthcare,2022
2022-11-15,-0.0038274359318248826,ETHSX,healthcare,2022
2022-11-16,0.002018643056055753,ETHSX,healthcare,2022
2022-11-17,-0.001957666884766004,ETHSX,healthcare,2022
2022-11-18,0.006773826910117511,ETHSX,healthcare,2022
2022-11-21,0.0015597586593450114,ETHSX,healthcare,2022
2022-11-22,-0.0003173357671849668,ETHSX,healthcare,2022
2022-11-23,0.0030590883025127438,ETHSX,healthcare,2022
2022-11-25,0.006034481785551619,ETHSX,healthcare,2022
2022-11-28,0.004129631502895178,ETHSX,healthcare,2022
2022-11-29,-0.0012896355587393169,ETHSX,healthcare,2022
2022-11-30,0.004505089911645995,ETHSX,healthcare,2022
2022-12-01,0.006251752612039047,ETHSX,healthcare,2022
2022-12-02,0.002815590704183568,ETHSX,healthcare,2022
2022-12-05,0.004244676574901792,ETHSX,healthcare,2022
2022-12-06,0.0009406364046499454,ETHSX,healthcare,2022
2022-12-07,0.006978867951619279,ETHSX,healthcare,2022
2022-12-08,0.0007041946809191206,ETHSX,healthcare,2022
2022-12-09,-0.004264790172678506,ETHSX,healthcare,2022
2022-12-12,-0.0001279636539156144,ETHSX,healthcare,2022
2022-12-13,-0.000855762896985076,ETHSX,healthcare,2022
2022-12-14,0.005794592019854321,ETHSX,healthcare,2022
2022-12-15,-0.003085589275865122,ETHSX,healthcare,2022
2022-12-16,-0.0044942869378400765,ETHSX,healthcare,2022
2022-12-19,0.00016224785848847987,ETHSX,healthcare,2022
2022-12-20,-0.0019580386499658516,ETHSX,healthcare,2022
2022-12-21,0.0021274762914088117,ETHSX,healthcare,2022
2022-12-22,0.008176351428550863,ETHSX,healthcare,2022
2022-12-23,-0.003431260212983559,ETHSX,healthcare,2022
2022-12-27,0.00018120272677744952,ETHSX,healthcare,2022
2022-12-28,0.0021451237793512056,ETHSX,healthcare,2022
2022-12-29,0.0007549762474767414,ETHSX,healthcare,2022
2022-12-30,-0.0022915823348971425,ETHSX,healthcare,2022
2023-01-04,0.0019509491924483242,ETHSX,healthcare,2023
2023-01-05,-0.005235383373237683,ETHSX,healthcare,2023
2023-01-06,-0.006486959949255071,ETHSX,healthcare,2023
2023-01-09,-0.010339340681818139,ETHSX,healthcare,2023
2023-01-10,0.005634558210962259,ETHSX,healthcare,2023
2023-01-11,-0.005783102281602558,ETHSX,healthcare,2023
2023-01-12,-0.0018717567537342905,ETHSX,healthcare,2023
2023-01-13,0.002710918831301705,ETHSX,healthcare,2023
2023-01-17,0.0022481539043601316,ETHSX,healthcare,2023
2023-01-18,-0.0010018223122386146,ETHSX,healthcare,2023
2023-01-19,0.007953893406774909,ETHSX,healthcare,2023
2023-01-20,-0.006267703176558363,ETHSX,healthcare,2023
2023-01-23,-0.00539351599193156,ETHSX,healthcare,2023
2023-01-24,-0.006062952187531078,ETHSX,healthcare,2023
2023-01-25,0.0016998822741931777,ETHSX,healthcare,2023
2023-01-26,-0.00556200798914235,ETHSX,healthcare,2023
2023-01-27,-0.007362268353197846,ETHSX,healthcare,2023
2023-01-30,-0.001529377908085378,ETHSX,healthcare,2023
2023-01-31,0.002603515982865552,ETHSX,healthcare,2023
2023-02-01,0.0010013176084757366,ETHSX,healthcare,2023
2023-02-02,-0.013245919544376013,ETHSX,healthcare,2023
2023-02-03,0.006825718499012928,ETHSX,healthcare,2023
2023-02-06,-0.003832852495388381,ETHSX,healthcare,2023
2023-02-07,0.0003438281178620179,ETHSX,healthcare,2023
2023-02-08,0.003059526707065367,ETHSX,healthcare,2023
2023-02-09,-0.0007182207787992051,ETHSX,healthcare,2023
2023-02-10,0.002918586576046646,ETHSX,healthcare,2023
2023-02-13,0.0011478190736089553,ETHSX,healthcare,2023
2023-02-14,-0.0009507137355189731,ETHSX,healthcare,2023
2023-02-15,-0.005584466176828809,ETHSX,healthcare,2023
2023-02-16,-0.003165453623342045,ETHSX,healthcare,2023
2023-02-17,0.009902128466633648,ETHSX,healthcare,2023
2023-02-21,0.0022156246811228866,ETHSX,healthcare,2023
2023-02-22,-0.00042301754260414774,ETHSX,healthcare,2023
2023-02-23,0.00033081061528069094,ETHSX,healthcare,2023
2023-02-24,-0.006807323614598272,ETHSX,healthcare,2023
2023-02-27,-0.000913571791408714,ETHSX,healthcare,2023
2023-02-28,-0.00798644136605137,ETHSX,healthcare,2023
2023-03-01,0.001862238483137822,ETHSX,healthcare,2023
2023-03-02,0.0005493911713006583,ETHSX,healthcare,2023
2023-03-03,0.0036869022222498302,ETHSX,healthcare,2023
2023-03-06,-0.004929149823853103,ETHSX,healthcare,2023
2023-03-07,-0.00575705954403407,ETHSX,healthcare,2023
2023-03-08,-0.005601990393312202,ETHSX,healthcare,2023
2023-03-09,0.005783104739704489,ETHSX,healthcare,2023
2023-03-10,-3.9875277842207554e-05,ETHSX,healthcare,2023
2023-03-13,0.010482936458071968,ETHSX,healthcare,2023
2023-03-14,0.0019583583704074047,ETHSX,healthcare,2023
2023-03-15,-0.002441280920238693,ETHSX,healthcare,2023
2023-03-16,0.00045086145384827005,ETHSX,healthcare,2023
2023-03-17,7.876878824145464e-05,ETHSX,healthcare,2023
2023-03-20,0.005248060568636769,ETHSX,healthcare,2023
2023-03-21,0.0005343865407723119,ETHSX,healthcare,2023
2023-03-22,0.0001765962752241293,ETHSX,healthcare,2023
2023-03-23,0.0028046192317589956,ETHSX,healthcare,2023
2023-03-24,0.006977214916274459,ETHSX,healthcare,2023
2023-03-27,0.005680021223817735,ETHSX,healthcare,2023
2023-03-28,-0.0031075376398015187,ETHSX,healthcare,2023
2023-03-29,-0.004472977115807647,ETHSX,healthcare,2023
2023-03-30,0.004018936062073896,ETHSX,healthcare,2023
2023-03-31,0.0013413906233118687,ETHSX,healthcare,2023
2023-04-03,0.0035626566729755624,ETHSX,healthcare,2023
2023-04-04,0.0037289259758629227,ETHSX,healthcare,2023
2023-04-05,0.014531511841462369,ETHSX,healthcare,2023
2023-04-06,0.004185823806836646,ETHSX,healthcare,2023
2023-04-10,-0.0018227094788040336,ETHSX,healthcare,2023
2023-04-11,0.004823796679678739,ETHSX,healthcare,2023
2023-04-12,0.007450686855215926,ETHSX,healthcare,2023
2023-04-13,0.006044520007582993,ETHSX,healthcare,2023
2023-04-14,-0.0011872872541552493,ETHSX,healthcare,2023
2023-04-17,-0.0010815966487291054,ETHSX,healthcare,2023
2023-04-18,-0.0030805927722968845,ETHSX,healthcare,2023
2023-04-19,0.0027298836043419205,ETHSX,healthcare,2023
2023-04-20,0.0013990281633011218,ETHSX,healthcare,2023
2023-04-21,0.010512108894594745,ETHSX,healthcare,2023
2023-04-24,0.0027188746389523715,ETHSX,healthcare,2023
2023-04-25,-0.001221997947967627,ETHSX,healthcare,2023
2023-04-26,-0.011476037713084693,ETHSX,healthcare,2023
2023-04-27,-0.009478821084820517,ETHSX,healthcare,2023
2023-04-28,-0.0002502478349847969,ETHSX,healthcare,2023
2023-05-01,0.007074255088546981,ETHSX,healthcare,2023
2023-05-02,0.002641723815787295,ETHSX,healthcare,2023
2023-05-03,0.010633075671982916,ETHSX,healthcare,2023
2023-05-04,-0.005191465135257514,ETHSX,healthcare,2023
2023-05-05,-0.000982162268298635,ETHSX,healthcare,2023
2023-05-08,0.0024593071808466263,ETHSX,healthcare,2023
2023-05-09,-0.005300744011381744,ETHSX,healthcare,2023
2023-05-10,0.00131349616587259,ETHSX,healthcare,2023
2023-05-11,0.0006503664623087119,ETHSX,healthcare,2023
2023-05-12,-0.00037502705257623004,ETHSX,healthcare,2023
2023-05-15,-0.0009939478254982251,ETHSX,healthcare,2023
2023-05-16,-0.004712096509254218,ETHSX,healthcare,2023
2023-05-17,-0.007051354436863141,ETHSX,healthcare,2023
2023-05-18,-0.007060224280066914,ETHSX,healthcare,2023
2023-05-19,0.007387925817450826,ETHSX,healthcare,2023
2023-05-22,9.977364748039178e-05,ETHSX,healthcare,2023
2023-05-23,-0.006573826979683559,ETHSX,healthcare,2023
2023-05-24,-0.004539348358063465,ETHSX,healthcare,2023
2023-05-25,-0.01119078839711041,ETHSX,healthcare,2023
2023-05-26,-0.005971256600874983,ETHSX,healthcare,2023
2023-05-30,-0.008532743589744034,ETHSX,healthcare,2023
2023-05-31,0.010071141054750633,ETHSX,healthcare,2023
2023-06-01,0.0008608728289646993,ETHSX,healthcare,2023
2023-06-02,0.0017132382000339483,ETHSX,healthcare,2023
2023-06-05,0.0038408017856232956,ETHSX,healthcare,2023
2023-06-06,-0.002526674664459786,ETHSX,healthcare,2023
2023-06-07,-0.004516664665999751,ETHSX,healthcare,2023
2023-06-08,0.0029010720975011567,ETHSX,healthcare,2023
2023-06-09,-0.002296746339400473,ETHSX,healthcare,2023
2023-06-12,-0.001299978311005577,ETHSX,healthcare,2023
2023-06-13,0.00019573892456088617,ETHSX,healthcare,2023
2023-06-14,-0.009623408359741875,ETHSX,healthcare,2023
2023-06-15,0.008343009936774445,ETHSX,healthcare,2023
2023-06-16,0.003189071907461397,ETHSX,healthcare,2023
2023-06-20,-0.0003160526557236484,ETHSX,healthcare,2023
2023-06-21,0.0019339092387563777,ETHSX,healthcare,2023
2023-06-22,0.0012241203233105526,ETHSX,healthcare,2023
2023-06-23,-0.0004129067931341471,ETHSX,healthcare,2023
2023-06-26,-0.0033305349160867737,ETHSX,healthcare,2023
2023-06-27,-0.006334806640281215,ETHSX,healthcare,2023
2023-06-28,-0.0015118479306634545,ETHSX,healthcare,2023
2023-06-29,0.0010530733643769113,ETHSX,healthcare,2023
2023-06-30,0.005548297884834718,ETHSX,healthcare,2023
2023-07-03,-0.014125880248421485,ETHSX,healthcare,2023
2023-07-05,0.0012536718822659895,ETHSX,healthcare,2023
2023-07-06,-0.0049654655440425355,ETHSX,healthcare,2023
2023-07-07,-0.007518208492572138,ETHSX,healthcare,2023
2023-07-10,0.005924712904858911,ETHSX,healthcare,2023
2023-07-11,-0.004319751370000508,ETHSX,healthcare,2023
2023-07-12,-0.001412129268779698,ETHSX,healthcare,2023
2023-07-13,-0.000571551913999874,ETHSX,healthcare,2023
2023-07-14,0.013997636834235905,ETHSX,healthcare,2023
2023-07-17,-0.002539364694958044,ETHSX,healthcare,2023
2023-07-18,0.001986423170716861,ETHSX,healthcare,2023
2023-07-19,0.0028233699745371646,ETHSX,healthcare,2023
2023-07-20,0.015077919153638895,ETHSX,healthcare,2023
2023-07-21,0.008655562530589916,ETHSX,healthcare,2023
2023-07-24,-0.008368010890531102,ETHSX,healthcare,2023
2023-07-25,0.00019037202818426662,ETHSX,healthcare,2023
2023-07-26,-0.0012511707640989803,ETHSX,healthcare,2023
2023-07-27,-0.0023941091802816995,ETHSX,healthcare,2023
2023-07-28,-0.00030891497925292655,ETHSX,healthcare,2023
2023-07-31,-0.0023226679026080244,ETHSX,healthcare,2023
2023-08-01,-0.003955393201989694,ETHSX,healthcare,2023
2023-08-02,0.005023661325175715,ETHSX,healthcare,2023
2023-08-03,-0.003249457919441953,ETHSX,healthcare,2023
2023-08-04,-0.0022685217191993146,ETHSX,healthcare,2023
2023-08-07,0.0042865945502577486,ETHSX,healthcare,2023
2023-08-08,0.020581876107363024,ETHSX,healthcare,2023
2023-08-09,0.000665281134422155,ETHSX,healthcare,2023
2023-08-10,-0.0006255619388273568,ETHSX,healthcare,2023
2023-08-11,0.002966772492034405,ETHSX,healthcare,2023
2023-08-14,-0.001511004456181688,ETHSX,healthcare,2023
2023-08-15,0.004439608614889633,ETHSX,healthcare,2023
2023-08-16,-0.003475687292330016,ETHSX,healthcare,2023
2023-08-17,-0.0010921472852266694,ETHSX,healthcare,2023
2023-08-18,-0.0014763147630632032,ETHSX,healthcare,2023
2023-08-21,-0.0005531288521762531,ETHSX,healthcare,2023
2023-08-22,-0.0025854536869245066,ETHSX,healthcare,2023
2023-08-23,0.00046599722226354796,ETHSX,healthcare,2023
2023-08-24,-0.001114348878515357,ETHSX,healthcare,2023
2023-08-25,0.0029789423175898364,ETHSX,healthcare,2023
2023-08-28,0.0033629782049037884,ETHSX,healthcare,2023
2023-08-29,0.002167326515621749,ETHSX,healthcare,2023
2023-08-30,-0.00366571927832545,ETHSX,healthcare,2023
2023-08-31,-0.009295012303889693,ETHSX,healthcare,2023
2023-09-01,0.00225221323191289,ETHSX,healthcare,2023
2023-09-05,-0.006116246134381513,ETHSX,healthcare,2023
2023-09-06,0.001384148109572636,ETHSX,healthcare,2023
2023-09-07,0.005288391982552862,ETHSX,healthcare,2023
2023-09-08,-0.001335789371017664,ETHSX,healthcare,2023
2023-09-11,0.003230141926920644,ETHSX,healthcare,2023
2023-09-12,0.0036907320386064127,ETHSX,healthcare,2023
2023-09-13,-0.0034054143530147236,ETHSX,healthcare,2023
2023-09-14,-0.0010940894202872828,ETHSX,healthcare,2023
2023-09-15,0.0008518866937727671,ETHSX,healthcare,2023
2023-09-18,-0.006896218245178116,ETHSX,healthcare,2023
2023-09-19,0.001611276017868797,ETHSX,healthcare,2023
2023-09-20,0.007491400231646256,ETHSX,healthcare,2023
2023-09-21,-0.0034248564557453672,ETHSX,healthcare,2023
2023-09-22,0.000937825399025173,ETHSX,healthcare,2023
2023-09-25,0.003248586058611839,ETHSX,healthcare,2023
2023-09-26,-1.5209869381352034e-05,ETHSX,healthcare,2023
2023-09-27,-0.006949273896005781,ETHSX,healthcare,2023
2023-09-28,0.000760062106081664,ETHSX,healthcare,2023
2023-09-29,-0.003676555718488358,ETHSX,healthcare,2023
2023-10-02,-0.004153560741110218,ETHSX,healthcare,2023
2023-10-03,-0.0034081203490761384,ETHSX,healthcare,2023
2023-10-04,-7.173725962186014e-05,ETHSX,healthcare,2023
2023-10-05,0.006982036711451016,ETHSX,healthcare,2023
2023-10-06,0.005044064239115676,ETHSX,healthcare,2023
2023-10-09,-0.0027687335192451766,ETHSX,healthcare,2023
2023-10-10,0.004244821474318988,ETHSX,healthcare,2023
2023-10-11,-0.002929377795870621,ETHSX,healthcare,2023
2023-10-12,-0.004523938376056243,ETHSX,healthcare,2023
2023-10-13,0.009682318200104366,ETHSX,healthcare,2023
2023-10-16,-0.0013707415412624992,ETHSX,healthcare,2023
2023-10-17,-0.0011824674405834833,ETHSX,healthcare,2023
2023-10-18,-0.005571588212344875,ETHSX,healthcare,2023
2023-10-19,-0.005373393637094797,ETHSX,healthcare,2023
2023-10-20,0.001436779608868806,ETHSX,healthcare,2023
2023-10-23,-0.003427323860521538,ETHSX,healthcare,2023
2023-10-24,0.0014156223481931315,ETHSX,healthcare,2023
2023-10-25,-0.0005590474726761083,ETHSX,healthcare,2023
2023-10-26,-0.004539536169461318,ETHSX,healthcare,2023
2023-10-27,-0.01909402209324463,ETHSX,healthcare,2023
2023-10-30,0.003993823871869963,ETHSX,healthcare,2023
2023-10-31,0.003175105578635766,ETHSX,healthcare,2023
2023-11-01,-0.0028470786889309985,ETHSX,healthcare,2023
2023-11-02,0.0051410873187786674,ETHSX,healthcare,2023
2023-11-03,-0.003592685404767301,ETHSX,healthcare,2023
2023-11-06,0.0062267683460917,ETHSX,healthcare,2023
2023-11-07,0.0010222246953290393,ETHSX,healthcare,2023
2023-11-08,0.0015033304681049762,ETHSX,healthcare,2023
2023-11-09,-0.00929939732274396,ETHSX,healthcare,2023
2023-11-10,-0.006728590790259144,ETHSX,healthcare,2023
2023-11-13,0.00740596733579176,ETHSX,healthcare,2023
2023-11-14,0.000590096217527359,ETHSX,healthcare,2023
2023-11-15,-0.006507460766566097,ETHSX,healthcare,2023
2023-11-16,0.00439794845934168,ETHSX,healthcare,2023
2023-11-17,0.0019759259902065937,ETHSX,healthcare,2023
2023-11-20,0.00041746147796330874,ETHSX,healthcare,2023
2023-11-21,0.00720468962208164,ETHSX,healthcare,2023
2023-11-22,0.0019219999220630689,ETHSX,healthcare,2023
2023-11-24,0.007014341879109441,ETHSX,healthcare,2023
2023-11-27,-0.004770984753553443,ETHSX,healthcare,2023
2023-11-28,-0.008074797997163171,ETHSX,healthcare,2023
2023-11-29,0.0023520525324905667,ETHSX,healthcare,2023
2023-11-30,0.008962456703469304,ETHSX,healthcare,2023
2023-12-01,-0.00014554857019474527,ETHSX,healthcare,2023
2023-12-04,0.0035467105675035275,ETHSX,healthcare,2023
2023-12-05,-0.002635858685151074,ETHSX,healthcare,2023
2023-12-06,0.001247017613740818,ETHSX,healthcare,2023
2023-12-07,-0.0039036487310119597,ETHSX,healthcare,2023
2023-12-08,-0.0014736460610952021,ETHSX,healthcare,2023
2023-12-11,0.001970249383836502,ETHSX,healthcare,2023
2023-12-12,0.0015411870652616401,ETHSX,healthcare,2023
2023-12-13,0.014921737894711256,ETHSX,healthcare,2023
2023-12-14,-0.004707288869315469,ETHSX,healthcare,2023
2023-12-15,-0.00797310963705171,ETHSX,healthcare,2023
2023-12-18,0.0008404702194972236,ETHSX,healthcare,2023
2023-12-19,0.004453348933264584,ETHSX,healthcare,2023
2023-12-20,-0.005935366441660785,ETHSX,healthcare,2023
2023-12-21,0.007156510222755764,ETHSX,healthcare,2023
2023-12-22,0.0030074691189337648,ETHSX,healthcare,2023
2023-12-26,9.559185044027236e-05,ETHSX,healthcare,2023
2023-12-27,0.00696727874500039,ETHSX,healthcare,2023
2023-12-28,0.00011700030454485063,ETHSX,healthcare,2023
2023-12-29,0.003644369805256815,ETHSX,healthcare,2023
2023-12-30,0.00034727797427061536,ETHSX,healthcare,2023
2024-01-03,0.002798425888649817,ETHSX,healthcare,2024
2024-01-04,0.00874741808146116,ETHSX,healthcare,2024
2024-01-05,-0.0033451144526021087,ETHSX,healthcare,2024
2024-01-08,0.003232354492796954,ETHSX,healthcare,2024
2024-01-09,0.0010789993983965525,ETHSX,healthcare,2024
2024-01-10,0.008082283658382476,ETHSX,healthcare,2024
2024-01-11,-0.003154110519984048,ETHSX,healthcare,2024
2024-01-12,-0.0007412695754469285,ETHSX,healthcare,2024
2024-01-16,-0.006814292753915261,ETHSX,healthcare,2024
2024-01-17,-0.001464935007298661,ETHSX,healthcare,2024
2024-01-18,-0.002477658093526229,ETHSX,healthcare,2024
2024-01-19,-0.00648188918774952,ETHSX,healthcare,2024
2024-01-22,0.005349061917695616,ETHSX,healthcare,2024
2024-01-23,-0.004830112864554881,ETHSX,healthcare,2024
2024-01-24,-0.00696876737080268,ETHSX,healthcare,2024
2024-01-25,-0.004581401852260076,ETHSX,healthcare,2024
2024-01-26,0.010837311008224718,ETHSX,healthcare,2024
2024-01-29,0.0032576146796765263,ETHSX,healthcare,2024
2024-01-30,0.0029592498662536952,ETHSX,healthcare,2024
2024-01-31,0.008283365671594423,ETHSX,healthcare,2024
2024-02-01,0.002917940766316334,ETHSX,healthcare,2024
2024-02-02,-0.00995753902828082,ETHSX,healthcare,2024
2024-02-05,0.008056485675229371,ETHSX,healthcare,2024
2024-02-06,0.008528365857500594,ETHSX,healthcare,2024
2024-02-07,-0.0015247002421268675,ETHSX,healthcare,2024
2024-02-08,-0.0042540585207560735,ETHSX,healthcare,2024
2024-02-09,0.0011929099696459953,ETHSX,healthcare,2024
2024-02-12,-0.002367611248788869,ETHSX,healthcare,2024
2024-02-13,-0.003944052878934315,ETHSX,healthcare,2024
2024-02-14,0.007027944550729082,ETHSX,healthcare,2024
2024-02-15,0.005773153949788877,ETHSX,healthcare,2024
2024-02-16,0.007848123563280494,ETHSX,healthcare,2024
2024-02-20,-0.0013149170217002883,ETHSX,healthcare,2024
2024-02-21,0.0020766950750766215,ETHSX,healthcare,2024
2024-02-22,0.004024579517032056,ETHSX,healthcare,2024
2024-02-23,0.0035762514771382897,ETHSX,healthcare,2024
2024-02-26,0.001411649596330868,ETHSX,healthcare,2024
2024-02-27,-0.0012760706343097734,ETHSX,healthcare,2024
2024-02-28,-0.0032926847519457875,ETHSX,healthcare,2024
2024-02-29,-0.009999248419574034,ETHSX,healthcare,2024
2024-03-01,0.008766912979312536,ETHSX,healthcare,2024
2024-03-04,0.0008625696522014455,ETHSX,healthcare,2024
2024-03-05,-0.0026349323418465654,ETHSX,healthcare,2024
2024-03-06,0.0021842849821662146,ETHSX,healthcare,2024
2024-03-07,0.007668792787395585,ETHSX,healthcare,2024
2024-03-08,-0.0009780166114541,ETHSX,healthcare,2024
2024-03-11,-0.00207985804044566,ETHSX,healthcare,2024
2024-03-12,0.0022215460185345693,ETHSX,healthcare,2024
2024-03-13,-0.004550085017861832,ETHSX,healthcare,2024
2024-03-14,-0.0015402285310348622,ETHSX,healthcare,2024
2024-03-15,-0.002731834039130953,ETHSX,healthcare,2024
2024-03-18,-0.003987129723825653,ETHSX,healthcare,2024
2024-03-19,0.0026642036673479165,ETHSX,healthcare,2024
2024-03-20,-0.004161866896194617,ETHSX,healthcare,2024
2024-03-21,-0.0019829511374027616,ETHSX,healthcare,2024
2024-03-22,0.0005480966144801977,ETHSX,healthcare,2024
2024-03-25,-0.0004621254208740696,ETHSX,healthcare,2024
2024-03-26,0.0033917319087210804,ETHSX,healthcare,2024
2024-03-27,0.0062712200999345755,ETHSX,healthcare,2024
2024-03-28,0.0004335161036641117,ETHSX,healthcare,2024
2024-04-01,-0.008025881497955191,ETHSX,healthcare,2024
2024-04-02,-0.010870721818370179,ETHSX,healthcare,2024
2024-04-03,0.00125725697225643,ETHSX,healthcare,2024
2024-04-04,-0.005312026999981336,ETHSX,healthcare,2024
2024-04-05,0.0025865417496893934,ETHSX,healthcare,2024
2024-04-08,-0.0006595994717015275,ETHSX,healthcare,2024
2024-04-09,0.0012341874899383562,ETHSX,healthcare,2024
2024-04-10,-0.006421758678715369,ETHSX,healthcare,2024
2024-04-11,-0.0048047700885638115,ETHSX,healthcare,2024
2024-04-12,-0.008415724079551275,ETHSX,healthcare,2024
2024-04-15,0.002696371158914681,ETHSX,healthcare,2024
2024-04-16,0.001228296686690446,ETHSX,healthcare,2024
2024-04-17,0.0024700661015304337,ETHSX,healthcare,2024
2024-04-18,-0.0024172003307277473,ETHSX,healthcare,2024
2024-04-19,0.0038344701246789516,ETHSX,healthcare,2024
2024-04-22,0.003410596794116123,ETHSX,healthcare,2024
2024-04-23,0.01330480470502338,ETHSX,healthcare,2024
2024-04-24,-0.003843530531889877,ETHSX,healthcare,2024
2024-04-25,0.0007115781967879683,ETHSX,healthcare,2024
2024-04-26,-0.0027907874852498285,ETHSX,healthcare,2024
2024-04-29,0.001573031043430967,ETHSX,healthcare,2024
2024-04-30,0.005840896533243081,ETHSX,healthcare,2024
2024-05-01,0.005613940534056725,ETHSX,healthcare,2024
2024-05-02,-0.006420062703693276,ETHSX,healthcare,2024
2024-05-03,-0.004955700191346593,ETHSX,healthcare,2024
2024-05-06,0.0012090067575322725,ETHSX,healthcare,2024
2024-05-07,0.009327226358281284,ETHSX,healthcare,2024
2024-05-08,-0.004060655561251573,ETHSX,healthcare,2024
2024-05-09,0.006282131886629698,ETHSX,healthcare,2024
2024-05-10,0.0026036834270204952,ETHSX,healthcare,2024
2024-05-13,0.0002752855123501354,ETHSX,healthcare,2024
2024-05-14,0.005311579751517315,ETHSX,healthcare,2024
2024-05-15,0.010764869488157667,ETHSX,healthcare,2024
2024-05-16,-0.0007690410838901022,ETHSX,healthcare,2024
2024-05-17,-0.00035927195210506654,ETHSX,healthcare,2024
2024-05-20,-0.001630846585958627,ETHSX,healthcare,2024
2024-05-21,0.001265277408989542,ETHSX,healthcare,2024
2024-05-22,0.001742100242954366,ETHSX,healthcare,2024
2024-05-23,-0.0031510160987488745,ETHSX,healthcare,2024
2024-05-24,-0.0042997269657402155,ETHSX,healthcare,2024
2024-05-28,-0.009949851893276589,ETHSX,healthcare,2024
2024-05-29,-0.005583163434450448,ETHSX,healthcare,2024
2024-05-30,0.0057435192919523224,ETHSX,healthcare,2024
2024-05-31,-0.004093159642208432,ETHSX,healthcare,2024
2024-06-03,0.02018947583314303,ETHSX,healthcare,2024
2024-06-04,0.007592265367002682,ETHSX,healthcare,2024
2024-06-05,0.0022908262699197664,ETHSX,healthcare,2024
2024-06-06,0.005932203683402715,ETHSX,healthcare,2024
2024-06-07,-0.0011495373111860287,ETHSX,healthcare,2024
2024-06-10,0.003704395935224903,ETHSX,healthcare,2024
2024-06-11,-0.004984074783253356,ETHSX,healthcare,2024
2024-06-12,-0.0022675991152566553,ETHSX,healthcare,2024
2024-06-13,-0.0020273115869374626,ETHSX,healthcare,2024
2024-06-14,-0.002040608648195933,ETHSX,healthcare,2024
2024-06-17,-0.007015451652238108,ETHSX,healthcare,2024
2024-06-18,0.0005012931646605485,ETHSX,healthcare,2024
2024-06-20,0.00026726737224873516,ETHSX,healthcare,2024
2024-06-21,0.00378827901276676,ETHSX,healthcare,2024
2024-06-24,0.008891577693337462,ETHSX,healthcare,2024
2024-06-25,-0.00014992680680298866,ETHSX,healthcare,2024
2024-06-26,-0.00441357866433354,ETHSX,healthcare,2024
2024-06-27,-0.0011208020757879484,ETHSX,healthcare,2024
2024-06-28,0.0015616469511558965,ETHSX,healthcare,2024
2024-07-01,-0.004135955232680024,ETHSX,healthcare,2024
2024-07-02,-0.008514068929836423,ETHSX,healthcare,2024
2024-07-03,-0.00814325286647265,ETHSX,healthcare,2024
2024-07-05,0.0074136214449392335,ETHSX,healthcare,2024
2024-07-08,-0.00022107674423851767,ETHSX,healthcare,2024
2024-07-09,0.001963517706471817,ETHSX,healthcare,2024
2024-07-10,0.005983920483555604,ETHSX,healthcare,2024
2024-07-11,0.009368728834337859,ETHSX,healthcare,2024
2024-07-12,0.0055119286464632294,ETHSX,healthcare,2024
2024-07-15,-0.005085363437523434,ETHSX,healthcare,2024
2024-07-16,0.0090816654159898,ETHSX,healthcare,2024
2024-07-17,0.00784192621921189,ETHSX,healthcare,2024
2024-07-18,-0.018215960214969462,ETHSX,healthcare,2024
2024-07-19,0.01048385473160964,ETHSX,healthcare,2024
2024-07-22,0.002185349973712964,ETHSX,healthcare,2024
2024-07-23,0.0017856090931114145,ETHSX,healthcare,2024
2024-07-24,0.014778171826193667,ETHSX,healthcare,2024
2024-07-25,0.0008401616238146929,ETHSX,healthcare,2024
2024-07-26,0.004412553874019453,ETHSX,healthcare,2024
2024-07-29,-0.0006194349666875972,ETHSX,healthcare,2024
2024-07-30,0.003480994806393475,ETHSX,healthcare,2024
2024-07-31,-0.00689789577427883,ETHSX,healthcare,2024
2024-08-01,0.020028290958455437,ETHSX,healthcare,2024
2024-08-02,0.002089612904318151,ETHSX,healthcare,2024
2024-08-05,-0.013613943858068984,ETHSX,healthcare,2024
2024-08-06,0.004122721168429866,ETHSX,healthcare,2024
2024-08-07,-0.007342258411032377,ETHSX,healthcare,2024
2024-08-08,0.012584483274214842,ETHSX,healthcare,2024
2024-08-09,0.00697179866739158,ETHSX,healthcare,2024
2024-08-12,-0.003931242039856362,ETHSX,healthcare,2024
2024-08-13,0.005103973334574151,ETHSX,healthcare,2024
2024-08-14,0.003449971769653239,ETHSX,healthcare,2024
2024-08-15,-0.000737501976958945,ETHSX,healthcare,2024
2024-08-16,-0.0020623747130516807,ETHSX,healthcare,2024
2024-08-19,0.002908893482707324,ETHSX,healthcare,2024
2024-08-20,0.005695400351368009,ETHSX,healthcare,2024
2024-08-21,0.0006144630936787904,ETHSX,healthcare,2024
2024-08-22,0.0035133714173594763,ETHSX,healthcare,2024
2024-08-23,0.0003529413926456797,ETHSX,healthcare,2024
2024-08-26,-0.00043341792202075354,ETHSX,healthcare,2024
2024-08-27,0.0016102936948112988,ETHSX,healthcare,2024
2024-08-28,0.0005873305263891381,ETHSX,healthcare,2024
2024-08-29,0.006114688290208654,ETHSX,healthcare,2024
2024-08-30,0.0021204207094047967,ETHSX,healthcare,2024
2024-09-03,0.002695050862689408,ETHSX,healthcare,2024
2024-09-04,4.994166122063376e-05,ETHSX,healthcare,2024
2024-09-05,-0.012006552244730623,ETHSX,healthcare,2024
2024-09-06,0.005267167314987041,ETHSX,healthcare,2024
2024-09-09,0.00013304757073904442,ETHSX,healthcare,2024
2024-09-10,-0.00047612238181633294,ETHSX,healthcare,2024
2024-09-11,-0.0059553411489345984,ETHSX,healthcare,2024
2024-09-12,-0.0011521118711386078,ETHSX,healthcare,2024
2024-09-13,0.0010491980076611368,ETHSX,healthcare,2024
2024-09-16,0.004158201788858635,ETHSX,healthcare,2024
2024-09-17,-0.01147123444157923,ETHSX,healthcare,2024
2024-09-18,0.0011314283816666899,ETHSX,healthcare,2024
2024-09-19,-0.0007811137840945956,ETHSX,healthcare,2024
2024-09-20,-0.008545605068600134,ETHSX,healthcare,2024
2024-09-23,-0.004805157745432468,ETHSX,healthcare,2024
2024-09-24,0.00026252133975198364,ETHSX,healthcare,2024
2024-09-25,-0.0038386416359645777,ETHSX,healthcare,2024
2024-09-26,0.0036911435009997122,ETHSX,healthcare,2024
2024-09-27,-0.0035496731443685724,ETHSX,healthcare,2024
2024-09-30,0.0023477283615476715,ETHSX,healthcare,2024
2024-10-01,0.0007589749443080778,ETHSX,healthcare,2024
2024-10-02,-0.001184090245948224,ETHSX,healthcare,2024
2024-10-03,-0.008677095330316473,ETHSX,healthcare,2024
2024-10-04,-0.006084296565435996,ETHSX,healthcare,2024
2024-10-07,0.0013989604229909269,ETHSX,healthcare,2024
2024-10-08,-0.0009096638998963018,ETHSX,healthcare,2024
2024-10-09,0.004321675827639685,ETHSX,healthcare,2024
2024-10-10,-0.0014617871475794812,ETHSX,healthcare,2024
2024-10-11,0.006074845754905158,ETHSX,healthcare,2024
2024-10-14,0.0016367078008301846,ETHSX,healthcare,2024
2024-10-15,-0.007688510534476653,ETHSX,healthcare,2024
2024-10-16,-0.001111261726655891,ETHSX,healthcare,2024
2024-10-17,-0.001028216350014675,ETHSX,healthcare,2024
2024-10-18,0.005776964188847664,ETHSX,healthcare,2024
2024-10-21,-0.0087545768963126,ETHSX,healthcare,2024
2024-10-22,-0.0027319308643810845,ETHSX,healthcare,2024
2024-10-23,-0.0012277553114378942,ETHSX,healthcare,2024
2024-10-24,-0.008109665099433054,ETHSX,healthcare,2024
2024-10-25,-0.0008464585737843822,ETHSX,healthcare,2024
2024-10-28,0.0001926242800603193,ETHSX,healthcare,2024
2024-10-29,-0.004512287655635169,ETHSX,healthcare,2024
2024-10-30,-0.002948740164368636,ETHSX,healthcare,2024
2024-10-31,0.0016805381398063406,ETHSX,healthcare,2024
2024-11-01,0.003110244752133658,ETHSX,healthcare,2024
2024-11-04,-0.004097892364673097,ETHSX,healthcare,2024
2024-11-05,-0.0014075442762814389,ETHSX,healthcare,2024
2024-11-06,-0.019318380055084843,ETHSX,healthcare,2024
2024-11-07,0.007649300181992658,ETHSX,healthcare,2024
2024-11-08,0.0023388474658301885,ETHSX,healthcare,2024
2024-11-11,-0.003531659517098334,ETHSX,healthcare,2024
2024-11-12,-0.01182723283600926,ETHSX,healthcare,2024
2024-11-13,-0.003363363238708548,ETHSX,healthcare,2024
2024-11-14,-0.009055710246489481,ETHSX,healthcare,2024
2024-11-15,0.006575433642043279,ETHSX,healthcare,2024
2024-11-18,-0.026319101219970845,ETHSX,healthcare,2024
2024-11-19,-0.0014389035153585666,ETHSX,healthcare,2024
2024-11-20,0.009568621786840953,ETHSX,healthcare,2024
2024-11-21,0.002022321481518814,ETHSX,healthcare,2024
2024-11-22,0.003821172722732747,ETHSX,healthcare,2024
2024-11-25,0.0064907587578948815,ETHSX,healthcare,2024
2024-11-26,0.0034286400631878718,ETHSX,healthcare,2024
2024-11-27,0.006713937639533611,ETHSX,healthcare,2024
2024-11-29,0.0014950049769463952,ETHSX,healthcare,2024
2024-12-02,-0.0012254743886182568,ETHSX,healthcare,2024
2024-12-03,-0.0019672171524960785,ETHSX,healthcare,2024
2024-12-04,-0.0012912765409100323,ETHSX,healthcare,2024
2024-12-05,-0.00807661974797117,ETHSX,healthcare,2024
2024-12-06,-0.0027801279624391035,ETHSX,healthcare,2024
2024-12-09,0.0035815020754505957,ETHSX,healthcare,2024
2024-12-10,-0.001080754325737274,ETHSX,healthcare,2024
2024-12-11,-0.0093092087960055,ETHSX,healthcare,2024
2024-12-12,-0.0067738882365700505,ETHSX,healthcare,2024
2024-12-13,-0.0025522286551532165,ETHSX,healthcare,2024
2024-12-16,-0.006235885268640081,ETHSX,healthcare,2024
2024-12-17,0.0038521111372352944,ETHSX,healthcare,2024
2024-12-18,-0.003196902594068029,ETHSX,healthcare,2024
2024-12-19,-0.00946410399047714,ETHSX,healthcare,2024
2024-12-20,-0.0070529489629467075,ETHSX,healthcare,2024
2024-12-23,0.009819064077574952,ETHSX,healthcare,2024
2024-12-24,-0.0027746339413430906,ETHSX,healthcare,2024
2024-12-26,0.002598152282702205,ETHSX,healthcare,2024
2024-12-27,0.0016564699066049034,ETHSX,healthcare,2024
2024-12-30,-0.005572427111673073,ETHSX,healthcare,2024
2025-01-03,0.0019226834490071194,ETHSX,healthcare,2025
2025-01-06,-0.0007656830077945585,ETHSX,healthcare,2025
2025-01-07,0.008873417416223358,ETHSX,healthcare,2025
2025-01-08,0.005267777783951096,ETHSX,healthcare,2025
2025-01-10,0.0033381129272822352,ETHSX,healthcare,2025
2025-01-13,0.005211843920436189,ETHSX,healthcare,2025
2025-01-14,-0.011362934801647271,ETHSX,healthcare,2025
2025-01-15,-0.0011276088697085452,ETHSX,healthcare,2025
2025-01-16,0.004723890287593796,ETHSX,healthcare,2025
2025-01-17,-0.015100975802054026,ETHSX,healthcare,2025
2025-01-21,0.015750880978401882,ETHSX,healthcare,2025
2025-01-22,-0.003737137190111171,ETHSX,healthcare,2025
2025-01-23,0.007558096092750489,ETHSX,healthcare,2025
2025-01-24,0.008850704521789297,ETHSX,healthcare,2025
2025-01-27,0.02271485508897786,ETHSX,healthcare,2025
2025-01-28,-0.010320933483156415,ETHSX,healthcare,2025
2025-01-29,-0.004277522722740811,ETHSX,healthcare,2025
2025-01-30,0.011783387568947382,ETHSX,healthcare,2025
2025-01-31,-0.002345883905436436,ETHSX,healthcare,2025
2025-02-03,0.004162260961473425,ETHSX,healthcare,2025
2025-02-04,-0.0035558556894560037,ETHSX,healthcare,2025
2025-02-05,0.009419386693760159,ETHSX,healthcare,2025
2025-02-06,-0.006887946172778299,ETHSX,healthcare,2025
2025-02-07,-0.00538062122905555,ETHSX,healthcare,2025
2025-02-10,-0.006508177706251606,ETHSX,healthcare,2025
2025-02-11,-0.0041077193358055545,ETHSX,healthcare,2025
2025-02-12,0.003075736360149635,ETHSX,healthcare,2025
2025-02-13,-0.004097056166810808,ETHSX,healthcare,2025
2025-02-14,-0.010988181155235047,ETHSX,healthcare,2025
2025-02-18,0.0020973760065835,ETHSX,healthcare,2025
2025-02-19,0.006797710551809656,ETHSX,healthcare,2025
2025-02-20,0.009394030179326752,ETHSX,healthcare,2025
2025-02-21,0.006663654497806136,ETHSX,healthcare,2025
2025-02-24,0.008108602585712006,ETHSX,healthcare,2025
2025-02-25,0.008295149071325326,ETHSX,healthcare,2025
2025-02-26,-0.003197069242739102,ETHSX,healthcare,2025
2025-02-27,0.0003279987469120369,ETHSX,healthcare,2025
2025-02-28,0.0034165690857925323,ETHSX,healthcare,2025
2025-03-03,0.011202976641538962,ETHSX,healthcare,2025
2025-03-04,0.00037241947484159457,ETHSX,healthcare,2025
2025-03-05,0.007291709517865767,ETHSX,healthcare,2025
2025-03-06,-6.028703796123053e-05,ETHSX,healthcare,2025
2025-03-07,-0.005132176792648156,ETHSX,healthcare,2025
2025-03-10,-0.005600452550177633,ETHSX,healthcare,2025
2025-03-11,-0.008925726103969949,ETHSX,healthcare,2025
2025-03-12,-0.00653832988520869,ETHSX,healthcare,2025
2025-03-13,0.0009109366705946503,ETHSX,healthcare,2025
2025-03-14,-0.0010689399523716517,ETHSX,healthcare,2025
2025-03-17,0.00854284841077776,ETHSX,healthcare,2025
2025-03-18,0.004093344487657398,ETHSX,healthcare,2025
2025-03-19,-0.00646665850598608,ETHSX,healthcare,2025
2025-03-20,0.002174682717488187,ETHSX,healthcare,2025
2025-03-21,-0.004641851599733088,ETHSX,healthcare,2025
2025-03-24,-0.0042221630963940725,ETHSX,healthcare,2025
2025-03-25,-0.010853651496529955,ETHSX,healthcare,2025
2025-03-26,-0.0034819290465454324,ETHSX,healthcare,2025
2025-03-27,0.004308919162002438,ETHSX,healthcare,2025
2025-03-28,0.00743205913604915,ETHSX,healthcare,2025
2025-03-31,-0.002062260048616307,ETHSX,healthcare,2025
2025-04-01,-0.012737148358021609,ETHSX,healthcare,2025
2025-04-02,0.0011735697976911685,ETHSX,healthcare,2025
2025-04-03,0.015806183258783177,ETHSX,healthcare,2025
2025-04-04,-0.027306316631882245,ETHSX,healthcare,2025
2025-04-07,-0.00800170468754037,ETHSX,healthcare,2025
2025-04-08,-0.004109269996926939,ETHSX,healthcare,2025
2025-04-09,-0.009449148501517735,ETHSX,healthcare,2025
2025-04-10,-0.004033362776376056,ETHSX,healthcare,2025
2025-04-11,0.009258332573719372,ETHSX,healthcare,2025
2025-04-14,0.008389249962874578,ETHSX,healthcare,2025
2025-04-15,-0.004876868302304663,ETHSX,healthcare,2025
2025-04-16,0.003615906602683761,ETHSX,healthcare,2025
2025-04-17,-0.0008073473000569133,ETHSX,healthcare,2025
2025-04-21,-0.0019864880653605917,ETHSX,healthcare,2025
2025-04-22,0.0017180935376419643,ETHSX,healthcare,2025
2025-04-23,-0.0009800826857491157,ETHSX,healthcare,2025
2025-04-24,0.003965411630081362,ETHSX,healthcare,2025
2025-04-25,-0.0014939214869609868,ETHSX,healthcare,2025
2025-04-28,0.005163063951478879,ETHSX,healthcare,2025
2025-04-29,0.0028250084559710486,ETHSX,healthcare,2025
2025-04-30,0.007391249560787888,ETHSX,healthcare,2025
2025-05-01,-0.027327002322327456,ETHSX,healthcare,2025
2025-05-02,0.013238282403121578,ETHSX,healthcare,2025
2025-05-05,0.0006308504921261737,ETHSX,healthcare,2025
2025-05-06,-0.022473618432173558,ETHSX,healthcare,2025
2025-05-07,-0.002253467136797465,ETHSX,healthcare,2025
2025-05-08,-0.012331926762561195,ETHSX,healthcare,2025
2025-05-09,-0.0073257462671489845,ETHSX,healthcare,2025
2025-05-12,0.005101516810640031,ETHSX,healthcare,2025
2025-05-13,-0.025376523456943717,ETHSX,healthcare,2025
2025-05-14,-0.02309425895315666,ETHSX,healthcare,2025
2025-05-15,0.014550102099710836,ETHSX,healthcare,2025
2025-05-16,0.012703132731386345,ETHSX,healthcare,2025
2025-05-19,0.00806158370534837,ETHSX,healthcare,2025
2025-05-20,0.003252144573087991,ETHSX,healthcare,2025
2025-05-21,-0.010857698992065465,ETHSX,healthcare,2025
2025-05-22,-0.005856823748509335,ETHSX,healthcare,2025
2025-05-23,0.0018820131787999515,ETHSX,healthcare,2025
2025-05-27,0.0035851900013409883,ETHSX,healthcare,2025
2025-05-28,-0.004978052599723027,ETHSX,healthcare,2025
2025-05-29,0.006666798442003057,ETHSX,healthcare,2025
2025-05-30,0.004476018947883088,ETHSX,healthcare,2025
2025-06-02,-0.0014191187769310703,ETHSX,healthcare,2025
2025-06-03,-0.0053946976818849855,ETHSX,healthcare,2025
2025-06-04,0.004810404007671892,ETHSX,healthcare,2025
2025-06-05,0.0032355764223688517,ETHSX,healthcare,2025
2025-06-06,0.0032254116069985097,ETHSX,healthcare,2025
2025-06-09,-0.0036467666125229135,ETHSX,healthcare,2025
2025-06-10,0.01728119445128693,ETHSX,healthcare,2025
2025-06-11,0.0006541942378564914,ETHSX,healthcare,2025
2025-06-12,0.0016953232129344625,ETHSX,healthcare,2025
2025-06-13,-0.004162906063213296,ETHSX,healthcare,2025
2025-06-16,-0.012720170575271063,ETHSX,healthcare,2025
2025-06-17,-0.013475289157118913,ETHSX,healthcare,2025
2025-06-18,-0.000777044185306159,ETHSX,healthcare,2025
2025-06-20,-0.002798327393051236,ETHSX,healthcare,2025
2025-06-23,-0.002822358846518233,ETHSX,healthcare,2025
2025-06-24,0.007656816549589055,ETHSX,healthcare,2025
2025-06-25,-0.0003565199977346323,ETHSX,healthcare,2025
2025-06-26,-0.006481922940501447,ETHSX,healthcare,2025
2025-06-27,-0.00500154567708401,ETHSX,healthcare,2025
2025-06-30,0.0037313497715272155,ETHSX,healthcare,2025
2025-07-01,0.008690569672953733,ETHSX,healthcare,2025
2025-07-02,-0.004746010212514412,ETHSX,healthcare,2025
2025-07-03,-0.00649377273492272,ETHSX,healthcare,2025
2025-07-07,-0.003185315287921698,ETHSX,healthcare,2025
2025-07-08,0.0033524367118505077,ETHSX,healthcare,2025
2025-07-09,0.005401500950220064,ETHSX,healthcare,2025
2025-07-10,0.006207387534070701,ETHSX,healthcare,2025
2025-07-11,-0.011292360675376683,ETHSX,healthcare,2025
2025-07-14,0.001276756805993778,ETHSX,healthcare,2025
2025-07-15,-0.01414552192321744,ETHSX,healthcare,2025
2025-07-16,0.008455707808930886,ETHSX,healthcare,2025
2025-07-17,-0.015749564541099548,ETHSX,healthcare,2025
2025-07-18,-0.0020572338460153475,ETHSX,healthcare,2025
2025-07-21,-0.007395822835268223,ETHSX,healthcare,2025
2025-07-22,0.019014696815555565,ETHSX,healthcare,2025
2025-07-23,0.01821728314487803,ETHSX,healthcare,2025
2025-07-24,-0.0025343708254259648,ETHSX,healthcare,2025
2025-07-25,0.0023415580894276394,ETHSX,healthcare,2025
2025-07-28,-0.010629453308727737,ETHSX,healthcare,2025
2025-07-29,-0.010275255125517692,ETHSX,healthcare,2025
2025-07-30,-0.006440837999806226,ETHSX,healthcare,2025
2025-07-31,-0.030370827817958895,ETHSX,healthcare,2025
2025-08-01,0.014968673816907106,ETHSX,healthcare,2025
2025-08-04,0.01221904765034598,ETHSX,healthcare,2025
2025-08-05,-0.007719537755172201,ETHSX,healthcare,2025
2025-08-06,-0.0192509716903497,ETHSX,healthcare,2025
2025-08-07,-0.007752507590112169,ETHSX,healthcare,2025
2025-08-08,-2.7731632653300864e-05,ETHSX,healthcare,2025
2025-08-11,0.0025954589600866635,ETHSX,healthcare,2025
2025-08-12,0.0041669236437761,ETHSX,healthcare,2025
2025-08-13,0.015089156855050438,ETHSX,healthcare,2025
2025-08-14,0.004644875492188304,ETHSX,healthcare,2025
2025-08-15,0.01220318110833725,ETHSX,healthcare,2025
2025-08-18,-0.0015129707438894242,ETHSX,healthcare,2025
2025-08-19,0.005103923203103949,ETHSX,healthcare,2025
2025-08-20,0.005217977558759847,ETHSX,healthcare,2025
2025-08-21,-0.0010851400032051905,ETHSX,healthcare,2025
2025-08-22,0.0012964473650436924,ETHSX,healthcare,2025
2025-08-25,-0.010901948321621877,ETHSX,healthcare,2025
2025-08-26,0.007145756349496518,ETHSX,healthcare,2025
2025-08-27,-0.0004754026476356235,ETHSX,healthcare,2025
2025-08-28,-0.00655537978539381,ETHSX,healthcare,2025
2025-08-29,0.00692956985030181,ETHSX,healthcare,2025
2025-09-02,0.0022410747519433258,ETHSX,healthcare,2025
2025-09-03,-0.0028852344158297755,ETHSX,healthcare,2025
2025-09-04,0.00024421185251316795,ETHSX,healthcare,2025
2025-09-05,0.0014422615333684696,ETHSX,healthcare,2025
2025-09-08,0.0009751879193097756,ETHSX,healthcare,2025
2025-09-09,0.0002739318821780555,ETHSX,healthcare,2025
2025-09-10,-0.010037299080996258,ETHSX,healthcare,2025
2025-09-11,0.007256337723552375,ETHSX,healthcare,2025
2025-09-12,-0.010635147966703076,ETHSX,healthcare,2025
2025-09-15,-0.012920786669317535,ETHSX,healthcare,2025
2025-09-16,0.0030026398023857426,ETHSX,healthcare,2025
2025-09-17,0.0013635242780443224,ETHSX,healthcare,2025
2025-09-18,0.0021910211744346183,ETHSX,healthcare,2025
2025-09-19,-0.005752748422073053,ETHSX,healthcare,2025
2025-09-22,-0.00174685987797458,ETHSX,healthcare,2025
2025-09-23,-0.00034987976202785443,ETHSX,healthcare,2025
2025-09-24,-0.0077914755284358775,ETHSX,healthcare,2025
2025-09-25,-0.015028017226681832,ETHSX,healthcare,2025
2025-09-26,0.004182696724667832,ETHSX,healthcare,2025
2025-09-29,0.0016623457638732565,ETHSX,healthcare,2025
2025-09-30,0.020232345784546298,ETHSX,healthcare,2025
2025-10-01,0.03082119150745338,ETHSX,healthcare,2025
2025-10-02,-0.002923280425838782,ETHSX,healthcare,2025
2025-10-03,0.013527707709345218,ETHSX,healthcare,2025
2025-10-06,-0.0041650150497237306,ETHSX,healthcare,2025
2025-10-07,-0.0011205951579976866,ETHSX,healthcare,2025
2025-10-08,0.0005744460538016382,ETHSX,healthcare,2025
2025-10-09,-0.0015402172581009703,ETHSX,healthcare,2025
2025-10-10,-0.00021061252933702798,ETHSX,healthcare,2025
2025-10-13,-0.008049924070982116,ETHSX,healthcare,2025
2025-10-14,0.004364397384832851,ETHSX,healthcare,2025
2025-10-15,-0.0023752341629715516,ETHSX,healthcare,2025
2025-10-16,0.004990881660428166,ETHSX,healthcare,2025
2025-10-17,0.002264104593038609,ETHSX,healthcare,2025
2025-10-20,0.0005287884180224002,ETHSX,healthcare,2025
2025-10-21,0.0014353990094204535,ETHSX,healthcare,2025
2025-10-22,0.008601862938713716,ETHSX,healthcare,2025
2025-10-23,-0.000928673877180524,ETHSX,healthcare,2025
2025-10-24,-0.005796065877854065,ETHSX,healthcare,2025
2025-10-27,-0.003983773921823596,ETHSX,healthcare,2025
2025-10-28,-0.01474103352411592,ETHSX,healthcare,2025
2025-10-29,-0.010793934285567455,ETHSX,healthcare,2025
2025-10-30,0.013222721690472318,ETHSX,healthcare,2025
2025-10-31,-0.0025225802422631405,ETHSX,healthcare,2025
2025-11-03,-0.0010415363931790991,ETHSX,healthcare,2025
2025-11-04,0.005352306843635964,ETHSX,healthcare,2025
2025-11-05,-0.0003646569400829222,ETHSX,healthcare,2025
2025-11-06,0.007020189891596808,ETHSX,healthcare,2025
2025-11-07,0.00017238210888623966,ETHSX,healthcare,2025
2025-11-10,0.006046804754064789,ETHSX,healthcare,2025
2025-11-11,0.01942322518725893,ETHSX,healthcare,2025
2025-11-12,0.01122297057420869,ETHSX,healthcare,2025
2025-11-13,0.0064246305927970915,ETHSX,healthcare,2025
2025-11-14,-0.00571451406709044,ETHSX,healthcare,2025
2025-11-17,0.0004574888757022475,ETHSX,healthcare,2025
2025-11-18,0.0115461999542079,ETHSX,healthcare,2025
2025-11-19,-0.003513019361555335,ETHSX,healthcare,2025
2025-11-20,0.0006676694869825282,ETHSX,healthcare,2025
2025-11-21,0.017231358419173323,ETHSX,healthcare,2025
2025-11-24,-0.006305960690122845,ETHSX,healthcare,2025
2025-11-25,0.016286771963866804,ETHSX,healthcare,2025
2025-11-26,-0.006431402762740299,ETHSX,healthcare,2025
2025-11-28,-0.006382513098054229,ETHSX,healthcare,2025
2025-12-01,-0.010250212935875986,ETHSX,healthcare,2025
2025-12-02,-0.00456230677949176,ETHSX,healthcare,2025
2025-12-03,0.003806875696653675,ETHSX,healthcare,2025
2025-12-04,-0.00817150667526618,ETHSX,healthcare,2025
2025-12-05,-0.002580138301753228,ETHSX,healthcare,2025
2025-12-08,-0.004617729865849168,ETHSX,healthcare,2025
2025-12-09,-0.011923427582372675,ETHSX,healthcare,2025
2025-12-10,0.012838847386010259,ETHSX,healthcare,2025
2025-12-11,0.0025555923942529105,ETHSX,healthcare,2025
2025-12-12,0.0070570681913052135,ETHSX,healthcare,2025
2025-12-15,0.011392067120227474,ETHSX,healthcare,2025
2025-12-16,-0.0076927882411193145,ETHSX,healthcare,2025
2025-12-17,0.0018561259387066898,ETHSX,healthcare,2025
2025-12-18,-0.0009388073572019957,ETHSX,healthcare,2025
2025-12-19,0.00435785888942555,ETHSX,healthcare,2025
2025-12-22,0.0019760787087257387,ETHSX,healthcare,2025
2025-12-23,-0.00019107271678527266,ETHSX,healthcare,2025
2025-12-24,0.0011007812952601671,ETHSX,healthcare,2025
2025-12-26,0.0007346293718422459,ETHSX,healthcare,2025
2025-12-29,-0.0011954748009058269,ETHSX,healthcare,2025
2025-12-30,-0.0009264012127198473,ETHSX,healthcare,2025
2025-12-31,-6.49127727044552e-05,ETHSX,healthcare,2025
