Date,Residual,Fund,Sector,Year
1999-01-05,-0.01341773304839508,FBDIX,healthcare,1999
1999-01-06,-0.017524235339983155,FBDIX,healthcare,1999
1999-01-07,0.009421245013306094,FBDIX,healthcare,1999
1999-01-08,-0.0012270868096441673,FBDIX,healthcare,1999
1999-01-11,0.006572056532003702,FBDIX,healthcare,1999
1999-01-12,0.0028746010744140835,FBDIX,healthcare,1999
1999-01-13,0.0019087956990545144,FBDIX,healthcare,1999
1999-01-14,-0.0015882458586147074,FBDIX,healthcare,1999
1999-01-15,0.00024221307734298078,FBDIX,healthcare,1999
1999-01-19,-0.007283706369726443,FBDIX,healthcare,1999
1999-01-20,-0.017408649367408748,FBDIX,healthcare,1999
1999-01-21,0.014011777910210169,FBDIX,healthcare,1999
1999-01-22,0.0046216000022729405,FBDIX,healthcare,1999
1999-01-25,-0.013246226320311572,FBDIX,healthcare,1999
1999-01-26,0.01313736468738056,FBDIX,healthcare,1999
1999-01-27,0.011235456743890352,FBDIX,healthcare,1999
1999-01-28,-0.003641838685342647,FBDIX,healthcare,1999
1999-01-29,-0.0035895699298646886,FBDIX,healthcare,1999
1999-02-01,-0.0015692427972406986,FBDIX,healthcare,1999
1999-02-02,-0.008939017780275706,FBDIX,healthcare,1999
1999-02-03,-0.002015359465323453,FBDIX,healthcare,1999
1999-02-04,-0.0030058685781392657,FBDIX,healthcare,1999
1999-02-05,-0.012372691967685107,FBDIX,healthcare,1999
1999-02-08,0.002830813241706473,FBDIX,healthcare,1999
1999-02-09,-0.008542926027622749,FBDIX,healthcare,1999
1999-02-10,-0.015573900170639435,FBDIX,healthcare,1999
1999-02-11,-0.009015029334154203,FBDIX,healthcare,1999
1999-02-12,-0.009427857979350421,FBDIX,healthcare,1999
1999-02-16,0.00841101471466615,FBDIX,healthcare,1999
1999-02-17,-0.016377638837138168,FBDIX,healthcare,1999
1999-02-18,-0.009546439398861907,FBDIX,healthcare,1999
1999-02-19,-0.00843045180753079,FBDIX,healthcare,1999
1999-02-22,-0.022259774146130437,FBDIX,healthcare,1999
1999-02-23,0.011183261676093407,FBDIX,healthcare,1999
1999-02-24,-0.0029414541786482416,FBDIX,healthcare,1999
1999-02-25,0.003318853383586208,FBDIX,healthcare,1999
1999-02-26,0.0007907311555418479,FBDIX,healthcare,1999
1999-03-01,0.0021509970183053407,FBDIX,healthcare,1999
1999-03-02,0.010576036295009576,FBDIX,healthcare,1999
1999-03-03,-0.010428270928095144,FBDIX,healthcare,1999
1999-03-04,-0.0005675659888271338,FBDIX,healthcare,1999
1999-03-05,-0.015255547035913138,FBDIX,healthcare,1999
1999-03-08,-0.00042821972005439597,FBDIX,healthcare,1999
1999-03-09,-0.011194824751683171,FBDIX,healthcare,1999
1999-03-10,0.008729782909792776,FBDIX,healthcare,1999
1999-03-11,-0.01436012091494954,FBDIX,healthcare,1999
1999-03-12,-0.005706171942969353,FBDIX,healthcare,1999
1999-03-15,-0.016397916551305965,FBDIX,healthcare,1999
1999-03-16,0.004250182499210375,FBDIX,healthcare,1999
1999-03-17,-0.0022127440258724465,FBDIX,healthcare,1999
1999-03-18,-0.003708403588851444,FBDIX,healthcare,1999
1999-03-19,-0.006036100392739257,FBDIX,healthcare,1999
1999-03-22,-0.016735175221941977,FBDIX,healthcare,1999
1999-03-23,-0.011028904291327146,FBDIX,healthcare,1999
1999-03-24,-0.012576248776842049,FBDIX,healthcare,1999
1999-03-25,-0.002568132575056,FBDIX,healthcare,1999
1999-03-26,0.002404526303578497,FBDIX,healthcare,1999
1999-03-29,-0.007628356378427683,FBDIX,healthcare,1999
1999-03-30,-0.0049382692570565465,FBDIX,healthcare,1999
1999-03-31,0.01207184141899317,FBDIX,healthcare,1999
1999-04-01,0.0015527903134400743,FBDIX,healthcare,1999
1999-04-05,-0.01749191344435788,FBDIX,healthcare,1999
1999-04-06,-0.016168901454682225,FBDIX,healthcare,1999
1999-04-07,-0.014727576958882788,FBDIX,healthcare,1999
1999-04-08,-0.00902467296783909,FBDIX,healthcare,1999
1999-04-09,-0.008356202675191202,FBDIX,healthcare,1999
1999-04-12,-0.006628114366363149,FBDIX,healthcare,1999
1999-04-13,-0.006236207697001445,FBDIX,healthcare,1999
1999-04-14,0.0071830374901936615,FBDIX,healthcare,1999
1999-04-15,-0.013503930446485814,FBDIX,healthcare,1999
1999-04-16,-0.01009287488631857,FBDIX,healthcare,1999
1999-04-19,-0.03001044523674435,FBDIX,healthcare,1999
1999-04-20,0.03338557679555684,FBDIX,healthcare,1999
1999-04-21,-0.004029341551877841,FBDIX,healthcare,1999
1999-04-22,-0.008264612185979804,FBDIX,healthcare,1999
1999-04-23,0.006492426296657398,FBDIX,healthcare,1999
1999-04-26,0.0001181828333891733,FBDIX,healthcare,1999
1999-04-27,0.013893674958132726,FBDIX,healthcare,1999
1999-04-28,-0.017530092501064097,FBDIX,healthcare,1999
1999-04-29,0.0005568075462417514,FBDIX,healthcare,1999
1999-04-30,0.0013754777214187081,FBDIX,healthcare,1999
1999-05-03,0.0016831260592799734,FBDIX,healthcare,1999
1999-05-04,0.0035854292901108427,FBDIX,healthcare,1999
1999-05-05,-0.004562886351552602,FBDIX,healthcare,1999
1999-05-06,-0.013153681773119371,FBDIX,healthcare,1999
1999-05-07,0.011565529701161818,FBDIX,healthcare,1999
1999-05-10,-0.01650021453772968,FBDIX,healthcare,1999
1999-05-11,0.012585588332725264,FBDIX,healthcare,1999
1999-05-12,0.0013196483557320875,FBDIX,healthcare,1999
1999-05-13,0.005548403476610714,FBDIX,healthcare,1999
1999-05-14,-0.009024976763986458,FBDIX,healthcare,1999
1999-05-17,-0.004191219595407195,FBDIX,healthcare,1999
1999-05-18,-0.005901556233612612,FBDIX,healthcare,1999
1999-05-19,0.0027254246591937523,FBDIX,healthcare,1999
1999-05-20,0.008991968076866174,FBDIX,healthcare,1999
1999-05-21,-0.014597873828227482,FBDIX,healthcare,1999
1999-05-24,-0.004747314131638911,FBDIX,healthcare,1999
1999-05-25,0.016091497559480115,FBDIX,healthcare,1999
1999-05-26,-0.012935710792084724,FBDIX,healthcare,1999
1999-05-27,0.0031546842670205303,FBDIX,healthcare,1999
1999-05-28,-0.0013248222239375697,FBDIX,healthcare,1999
1999-06-01,-0.00896283182717882,FBDIX,healthcare,1999
1999-06-02,-0.00045693191056640986,FBDIX,healthcare,1999
1999-06-03,-0.0005401805694254334,FBDIX,healthcare,1999
1999-06-04,0.004000625814564663,FBDIX,healthcare,1999
1999-06-07,0.012363141538796139,FBDIX,healthcare,1999
1999-06-08,-0.013175430987959622,FBDIX,healthcare,1999
1999-06-09,0.010511354741561115,FBDIX,healthcare,1999
1999-06-10,-0.010465033075512614,FBDIX,healthcare,1999
1999-06-11,0.0007537687206219858,FBDIX,healthcare,1999
1999-06-14,0.0007478691127055402,FBDIX,healthcare,1999
1999-06-15,-0.0011721397584245011,FBDIX,healthcare,1999
1999-06-16,0.0013662646138720008,FBDIX,healthcare,1999
1999-06-17,0.00195723112506538,FBDIX,healthcare,1999
1999-06-18,-0.008815913640712755,FBDIX,healthcare,1999
1999-06-21,0.006470317536434371,FBDIX,healthcare,1999
1999-06-22,0.005039325089480539,FBDIX,healthcare,1999
1999-06-23,-0.004142215395365619,FBDIX,healthcare,1999
1999-06-24,0.0046640947460978785,FBDIX,healthcare,1999
1999-06-25,-0.004410418209346527,FBDIX,healthcare,1999
1999-06-28,0.003306485520748574,FBDIX,healthcare,1999
1999-06-29,0.0028733941920447374,FBDIX,healthcare,1999
1999-06-30,0.001545005221795636,FBDIX,healthcare,1999
1999-07-01,-0.009202146861084663,FBDIX,healthcare,1999
1999-07-02,-0.0014008234668264254,FBDIX,healthcare,1999
1999-07-06,-0.0036519165940451003,FBDIX,healthcare,1999
1999-07-07,0.005895113132281445,FBDIX,healthcare,1999
1999-07-08,0.007761393389052395,FBDIX,healthcare,1999
1999-07-09,0.007103292873559,FBDIX,healthcare,1999
1999-07-12,0.0003683125103343375,FBDIX,healthcare,1999
1999-07-13,0.020130644651903586,FBDIX,healthcare,1999
1999-07-14,0.00945479923649202,FBDIX,healthcare,1999
1999-07-15,0.004684512652526965,FBDIX,healthcare,1999
1999-07-16,-0.013171698666499327,FBDIX,healthcare,1999
1999-07-19,-0.023279915831600884,FBDIX,healthcare,1999
1999-07-20,0.011563605449413324,FBDIX,healthcare,1999
1999-07-21,0.029768450166686354,FBDIX,healthcare,1999
1999-07-22,-0.014657131252468848,FBDIX,healthcare,1999
1999-07-23,0.005391565477188651,FBDIX,healthcare,1999
1999-07-26,-0.013301343399915328,FBDIX,healthcare,1999
1999-07-27,0.021498127343424628,FBDIX,healthcare,1999
1999-07-28,-0.0068944746228799874,FBDIX,healthcare,1999
1999-07-29,-0.001979362470337913,FBDIX,healthcare,1999
1999-07-30,0.04691316828266182,FBDIX,healthcare,1999
1999-08-02,0.010171453184049571,FBDIX,healthcare,1999
1999-08-03,-0.01721745943183447,FBDIX,healthcare,1999
1999-08-04,0.006075077523374789,FBDIX,healthcare,1999
1999-08-05,-0.008188994192746154,FBDIX,healthcare,1999
1999-08-06,0.0008005321667380197,FBDIX,healthcare,1999
1999-08-09,0.0077982195653896035,FBDIX,healthcare,1999
1999-08-10,-0.0018626982447011338,FBDIX,healthcare,1999
1999-08-11,0.022520969481745055,FBDIX,healthcare,1999
1999-08-12,0.00802607334763995,FBDIX,healthcare,1999
1999-08-13,0.007260607054257521,FBDIX,healthcare,1999
1999-08-16,0.006096945512964619,FBDIX,healthcare,1999
1999-08-17,-0.022187524656630965,FBDIX,healthcare,1999
1999-08-18,0.004197916428930961,FBDIX,healthcare,1999
1999-08-19,-0.004244883981607956,FBDIX,healthcare,1999
1999-08-20,0.01314031102214188,FBDIX,healthcare,1999
1999-08-23,0.027741921062928075,FBDIX,healthcare,1999
1999-08-24,-0.0023023660135863804,FBDIX,healthcare,1999
1999-08-25,-0.004577521546054794,FBDIX,healthcare,1999
1999-08-26,-0.00880862569925192,FBDIX,healthcare,1999
1999-08-27,0.0004165045627445114,FBDIX,healthcare,1999
1999-08-30,0.0008637709271900815,FBDIX,healthcare,1999
1999-08-31,-0.0025834363895448596,FBDIX,healthcare,1999
1999-09-01,0.006787322122021211,FBDIX,healthcare,1999
1999-09-02,-0.0029653706398124653,FBDIX,healthcare,1999
1999-09-03,0.008869805214958087,FBDIX,healthcare,1999
1999-09-07,0.006635400952167584,FBDIX,healthcare,1999
1999-09-08,0.002628901188902695,FBDIX,healthcare,1999
1999-09-09,0.015059716016790221,FBDIX,healthcare,1999
1999-09-10,-0.0012110285171298722,FBDIX,healthcare,1999
1999-09-13,0.0005267480711020956,FBDIX,healthcare,1999
1999-09-14,-0.007933906895249903,FBDIX,healthcare,1999
1999-09-15,-0.015382827010186928,FBDIX,healthcare,1999
1999-09-16,-0.016977226449125235,FBDIX,healthcare,1999
1999-09-17,0.023253623783129115,FBDIX,healthcare,1999
1999-09-20,-0.006634537057407421,FBDIX,healthcare,1999
1999-09-21,-0.0037419015461971506,FBDIX,healthcare,1999
1999-09-22,0.020090430999827266,FBDIX,healthcare,1999
1999-09-23,-0.007690376598160494,FBDIX,healthcare,1999
1999-09-24,-0.022491632635353993,FBDIX,healthcare,1999
1999-09-27,-0.007338714900664706,FBDIX,healthcare,1999
1999-09-28,-0.021571500459857118,FBDIX,healthcare,1999
1999-09-29,0.006830281117194647,FBDIX,healthcare,1999
1999-09-30,-0.017824781474152444,FBDIX,healthcare,1999
1999-10-01,0.009057329027057482,FBDIX,healthcare,1999
1999-10-04,-0.00787677272266431,FBDIX,healthcare,1999
1999-10-05,-0.007581318427067171,FBDIX,healthcare,1999
1999-10-06,0.00928409812524844,FBDIX,healthcare,1999
1999-10-07,0.01200486302614125,FBDIX,healthcare,1999
1999-10-08,-0.019128089430357743,FBDIX,healthcare,1999
1999-10-11,0.013227375793046801,FBDIX,healthcare,1999
1999-10-12,-0.010065860197691937,FBDIX,healthcare,1999
1999-10-13,0.006891936660036686,FBDIX,healthcare,1999
1999-10-14,-0.014398684047083096,FBDIX,healthcare,1999
1999-10-15,-0.015593441965253536,FBDIX,healthcare,1999
1999-10-18,-0.024009470289121534,FBDIX,healthcare,1999
1999-10-19,0.019823880653376293,FBDIX,healthcare,1999
1999-10-20,0.010062262529333154,FBDIX,healthcare,1999
1999-10-21,-0.009635305004133298,FBDIX,healthcare,1999
1999-10-22,-0.009732429464540542,FBDIX,healthcare,1999
1999-10-25,0.006056612173924551,FBDIX,healthcare,1999
1999-10-26,-0.0029101594184347632,FBDIX,healthcare,1999
1999-10-27,-0.022572195197115615,FBDIX,healthcare,1999
1999-10-28,-0.02056624152357871,FBDIX,healthcare,1999
1999-10-29,0.0019048244303215035,FBDIX,healthcare,1999
1999-11-01,0.0009838692526205148,FBDIX,healthcare,1999
1999-11-02,-0.004457963461019444,FBDIX,healthcare,1999
1999-11-03,-0.004553302205540908,FBDIX,healthcare,1999
1999-11-04,0.001477334957648459,FBDIX,healthcare,1999
1999-11-05,0.003477705333209496,FBDIX,healthcare,1999
1999-11-08,0.01044565940994268,FBDIX,healthcare,1999
1999-11-09,0.0036615257013023596,FBDIX,healthcare,1999
1999-11-10,-0.012288755782438838,FBDIX,healthcare,1999
1999-11-11,-0.00011824741405185198,FBDIX,healthcare,1999
1999-11-12,-0.014423281550375347,FBDIX,healthcare,1999
1999-11-15,0.007057373678633668,FBDIX,healthcare,1999
1999-11-16,0.005088952649206996,FBDIX,healthcare,1999
1999-11-17,0.008361875037475576,FBDIX,healthcare,1999
1999-11-18,-0.0014254600762355846,FBDIX,healthcare,1999
1999-11-19,0.010527853397474946,FBDIX,healthcare,1999
1999-11-22,0.028908387783236636,FBDIX,healthcare,1999
1999-11-23,-0.004384832693382858,FBDIX,healthcare,1999
1999-11-24,0.022295833061744902,FBDIX,healthcare,1999
1999-11-26,0.0033553297546247258,FBDIX,healthcare,1999
1999-11-29,-0.0026423323647235017,FBDIX,healthcare,1999
1999-11-30,0.0014007226422099303,FBDIX,healthcare,1999
1999-12-01,-0.007344179551664374,FBDIX,healthcare,1999
1999-12-02,0.034515062595682655,FBDIX,healthcare,1999
1999-12-03,0.0008638061318900978,FBDIX,healthcare,1999
1999-12-06,0.0020365542242240836,FBDIX,healthcare,1999
1999-12-07,0.0007271857988531364,FBDIX,healthcare,1999
1999-12-08,0.009498526713232282,FBDIX,healthcare,1999
1999-12-09,-0.015508208686123792,FBDIX,healthcare,1999
1999-12-10,0.009537821929022064,FBDIX,healthcare,1999
1999-12-13,0.015240976925833663,FBDIX,healthcare,1999
1999-12-14,-0.0041583932080948,FBDIX,healthcare,1999
1999-12-15,0.004147567505490132,FBDIX,healthcare,1999
1999-12-16,0.008752160759605021,FBDIX,healthcare,1999
1999-12-17,0.026810984363542095,FBDIX,healthcare,1999
1999-12-20,0.012562182870858208,FBDIX,healthcare,1999
1999-12-21,0.03738756363322997,FBDIX,healthcare,1999
1999-12-22,0.02324400848889474,FBDIX,healthcare,1999
1999-12-23,0.03168399265593775,FBDIX,healthcare,1999
1999-12-27,0.034491752964079685,FBDIX,healthcare,1999
1999-12-28,0.018353473143223886,FBDIX,healthcare,1999
1999-12-29,0.02417746138237183,FBDIX,healthcare,1999
1999-12-30,-0.005350299994730658,FBDIX,healthcare,1999
2000-01-05,0.007760257645152806,FBDIX,healthcare,2000
2000-01-06,0.03738051491042519,FBDIX,healthcare,2000
2000-01-07,-0.010659150187926264,FBDIX,healthcare,2000
2000-01-10,0.06061274700208258,FBDIX,healthcare,2000
2000-01-11,-0.017059997847013446,FBDIX,healthcare,2000
2000-01-12,-0.01676610978158876,FBDIX,healthcare,2000
2000-01-13,0.016375052668270502,FBDIX,healthcare,2000
2000-01-14,0.018723430821256753,FBDIX,healthcare,2000
2000-01-18,0.04657026552230766,FBDIX,healthcare,2000
2000-01-19,0.014970247738639175,FBDIX,healthcare,2000
2000-01-20,0.05691898678135337,FBDIX,healthcare,2000
2000-01-21,0.05033492751297482,FBDIX,healthcare,2000
2000-01-24,0.0003352855247380458,FBDIX,healthcare,2000
2000-01-25,-0.015494591708709938,FBDIX,healthcare,2000
2000-01-26,-0.0011368562969852327,FBDIX,healthcare,2000
2000-01-27,-0.024609470714659677,FBDIX,healthcare,2000
2000-01-28,0.01325078190801882,FBDIX,healthcare,2000
2000-01-31,-0.04622245247329749,FBDIX,healthcare,2000
2000-02-01,0.0033617863821047665,FBDIX,healthcare,2000
2000-02-02,0.010402526859810255,FBDIX,healthcare,2000
2000-02-03,0.014274931664031775,FBDIX,healthcare,2000
2000-02-04,0.039058247630759484,FBDIX,healthcare,2000
2000-02-07,0.04907816950326914,FBDIX,healthcare,2000
2000-02-08,0.02313853999901251,FBDIX,healthcare,2000
2000-02-09,0.010344871105659114,FBDIX,healthcare,2000
2000-02-10,0.0072667736719111455,FBDIX,healthcare,2000
2000-02-11,0.012215173873011546,FBDIX,healthcare,2000
2000-02-14,0.007673057537266168,FBDIX,healthcare,2000
2000-02-15,0.013150397897860593,FBDIX,healthcare,2000
2000-02-16,0.06542933597734177,FBDIX,healthcare,2000
2000-02-17,0.07146486697506146,FBDIX,healthcare,2000
2000-02-18,0.018657080951979894,FBDIX,healthcare,2000
2000-02-22,-0.02582069154054769,FBDIX,healthcare,2000
2000-02-23,0.014693649483471481,FBDIX,healthcare,2000
2000-02-24,0.04449738637701604,FBDIX,healthcare,2000
2000-02-25,0.0339287227364846,FBDIX,healthcare,2000
2000-02-28,-0.021994386326566875,FBDIX,healthcare,2000
2000-02-29,0.027820452004795215,FBDIX,healthcare,2000
2000-03-01,0.04183779115630595,FBDIX,healthcare,2000
2000-03-02,-0.014513991921817248,FBDIX,healthcare,2000
2000-03-03,0.010681926815687033,FBDIX,healthcare,2000
2000-03-06,0.02356748881533719,FBDIX,healthcare,2000
2000-03-07,-0.013937770832637423,FBDIX,healthcare,2000
2000-03-08,-0.01925306109865281,FBDIX,healthcare,2000
2000-03-09,-0.05993320133632534,FBDIX,healthcare,2000
2000-03-10,-0.014490268897265419,FBDIX,healthcare,2000
2000-03-13,-0.051694264513728744,FBDIX,healthcare,2000
2000-03-14,-0.0799893972850891,FBDIX,healthcare,2000
2000-03-15,-0.05019326742461931,FBDIX,healthcare,2000
2000-03-16,-0.03695143604179656,FBDIX,healthcare,2000
2000-03-17,-0.005029053370511517,FBDIX,healthcare,2000
2000-03-20,-0.08940931104118077,FBDIX,healthcare,2000
2000-03-21,-0.0383775436459204,FBDIX,healthcare,2000
2000-03-22,0.0979971966759671,FBDIX,healthcare,2000
2000-03-23,-0.022651312324346473,FBDIX,healthcare,2000
2000-03-24,-0.03690552731457259,FBDIX,healthcare,2000
2000-03-27,0.015791354134983573,FBDIX,healthcare,2000
2000-03-28,-0.014562280718618209,FBDIX,healthcare,2000
2000-03-29,-0.07277590058517495,FBDIX,healthcare,2000
2000-03-30,-0.04511642425609318,FBDIX,healthcare,2000
2000-03-31,0.06647695029340331,FBDIX,healthcare,2000
2000-04-03,-0.05930751532207266,FBDIX,healthcare,2000
2000-04-04,-0.030721451073193455,FBDIX,healthcare,2000
2000-04-05,0.07308680352171963,FBDIX,healthcare,2000
2000-04-06,0.03892840881568708,FBDIX,healthcare,2000
2000-04-07,0.0033665155192241416,FBDIX,healthcare,2000
2000-04-10,-0.04680478441352341,FBDIX,healthcare,2000
2000-04-11,-0.06116422945961933,FBDIX,healthcare,2000
2000-04-12,-0.027370142064846194,FBDIX,healthcare,2000
2000-04-13,0.01378437731734413,FBDIX,healthcare,2000
2000-04-14,-0.059016733500916886,FBDIX,healthcare,2000
2000-04-17,-0.07014509498379609,FBDIX,healthcare,2000
2000-04-18,0.07192518951670862,FBDIX,healthcare,2000
2000-04-19,0.021920568177388668,FBDIX,healthcare,2000
2000-04-20,-0.04217563981672987,FBDIX,healthcare,2000
2000-04-24,-0.03755159049778332,FBDIX,healthcare,2000
2000-04-25,-0.006310533988441752,FBDIX,healthcare,2000
2000-04-26,0.0021731463929081703,FBDIX,healthcare,2000
2000-04-27,-0.005676086936029285,FBDIX,healthcare,2000
2000-04-28,0.0837588502789418,FBDIX,healthcare,2000
2000-05-01,0.06542530426614267,FBDIX,healthcare,2000
2000-05-02,-0.01572027877748083,FBDIX,healthcare,2000
2000-05-03,-0.0006888804998385449,FBDIX,healthcare,2000
2000-05-04,0.020372765117282185,FBDIX,healthcare,2000
2000-05-05,0.022545777731596606,FBDIX,healthcare,2000
2000-05-08,-0.009560571346133404,FBDIX,healthcare,2000
2000-05-09,-0.02342265345508077,FBDIX,healthcare,2000
2000-05-10,-0.02566528610867741,FBDIX,healthcare,2000
2000-05-11,-0.008761801036530813,FBDIX,healthcare,2000
2000-05-12,-0.005120836597299946,FBDIX,healthcare,2000
2000-05-15,-0.01625316417588086,FBDIX,healthcare,2000
2000-05-16,0.02716369100524479,FBDIX,healthcare,2000
2000-05-17,-0.007903801208111443,FBDIX,healthcare,2000
2000-05-18,-0.015316192730094769,FBDIX,healthcare,2000
2000-05-19,-0.00268095255315459,FBDIX,healthcare,2000
2000-05-22,-0.03729522340637289,FBDIX,healthcare,2000
2000-05-23,-0.029884164262648033,FBDIX,healthcare,2000
2000-05-24,-0.019432832850389686,FBDIX,healthcare,2000
2000-05-25,-0.0006840366211220694,FBDIX,healthcare,2000
2000-05-26,-0.005885513469513338,FBDIX,healthcare,2000
2000-05-30,0.026423221578401532,FBDIX,healthcare,2000
2000-05-31,-0.012104397341256816,FBDIX,healthcare,2000
2000-06-01,0.0264495808124472,FBDIX,healthcare,2000
2000-06-02,0.044373196031720234,FBDIX,healthcare,2000
2000-06-05,0.042294494909229305,FBDIX,healthcare,2000
2000-06-06,0.03841689953892213,FBDIX,healthcare,2000
2000-06-07,-0.012285885988624422,FBDIX,healthcare,2000
2000-06-08,-0.007628999999441317,FBDIX,healthcare,2000
2000-06-09,0.04244591796545326,FBDIX,healthcare,2000
2000-06-12,-0.017867244668525295,FBDIX,healthcare,2000
2000-06-13,-0.007380375962146982,FBDIX,healthcare,2000
2000-06-14,-0.021060939420890004,FBDIX,healthcare,2000
2000-06-15,0.0014376358904385073,FBDIX,healthcare,2000
2000-06-16,0.03323782308557793,FBDIX,healthcare,2000
2000-06-19,0.03930412408564293,FBDIX,healthcare,2000
2000-06-20,0.02126924501704059,FBDIX,healthcare,2000
2000-06-21,0.024656996190417658,FBDIX,healthcare,2000
2000-06-22,-0.031835124289392336,FBDIX,healthcare,2000
2000-06-23,0.011206435960652999,FBDIX,healthcare,2000
2000-06-26,0.012207499877454512,FBDIX,healthcare,2000
2000-06-27,-0.00862422918309129,FBDIX,healthcare,2000
2000-06-28,0.03757213574694373,FBDIX,healthcare,2000
2000-06-29,0.007552795342087655,FBDIX,healthcare,2000
2000-06-30,-0.0022236551527583075,FBDIX,healthcare,2000
2000-07-03,-0.014975489747210764,FBDIX,healthcare,2000
2000-07-05,0.039193778755865716,FBDIX,healthcare,2000
2000-07-06,0.0032073842032998272,FBDIX,healthcare,2000
2000-07-07,0.005597202446603604,FBDIX,healthcare,2000
2000-07-10,0.004557700381518044,FBDIX,healthcare,2000
2000-07-11,0.014069722579091762,FBDIX,healthcare,2000
2000-07-12,0.0007563860569913955,FBDIX,healthcare,2000
2000-07-13,-0.0577251952948076,FBDIX,healthcare,2000
2000-07-14,-0.02252872399419127,FBDIX,healthcare,2000
2000-07-17,0.02673672873162781,FBDIX,healthcare,2000
2000-07-18,-0.0021878379454420976,FBDIX,healthcare,2000
2000-07-19,-0.022464924838393532,FBDIX,healthcare,2000
2000-07-20,-0.00563866026197994,FBDIX,healthcare,2000
2000-07-21,0.02016211606938751,FBDIX,healthcare,2000
2000-07-24,-0.015031450676208497,FBDIX,healthcare,2000
2000-07-25,-0.04567696942627056,FBDIX,healthcare,2000
2000-07-26,0.018894457948939538,FBDIX,healthcare,2000
2000-07-27,-0.015894786297874705,FBDIX,healthcare,2000
2000-07-28,-0.015843463635801334,FBDIX,healthcare,2000
2000-07-31,-0.012814113821698794,FBDIX,healthcare,2000
2000-08-01,0.03835300159459847,FBDIX,healthcare,2000
2000-08-02,-0.004165126319517657,FBDIX,healthcare,2000
2000-08-03,0.0012731672853184672,FBDIX,healthcare,2000
2000-08-04,0.011609423341807635,FBDIX,healthcare,2000
2000-08-07,0.01088946905579823,FBDIX,healthcare,2000
2000-08-08,-0.023821586160213903,FBDIX,healthcare,2000
2000-08-09,-0.003056242019491121,FBDIX,healthcare,2000
2000-08-10,-0.02693932717262481,FBDIX,healthcare,2000
2000-08-11,0.01285203456266355,FBDIX,healthcare,2000
2000-08-14,-0.02223742322327224,FBDIX,healthcare,2000
2000-08-15,-0.015077202190816435,FBDIX,healthcare,2000
2000-08-16,-0.007569693658496086,FBDIX,healthcare,2000
2000-08-17,0.005665566578842561,FBDIX,healthcare,2000
2000-08-18,-0.005108288844035527,FBDIX,healthcare,2000
2000-08-21,0.002620272944614631,FBDIX,healthcare,2000
2000-08-22,0.013722141940772262,FBDIX,healthcare,2000
2000-08-23,-0.0033766188840818846,FBDIX,healthcare,2000
2000-08-24,0.04069656515898919,FBDIX,healthcare,2000
2000-08-25,0.01975463766480237,FBDIX,healthcare,2000
2000-08-28,-0.01695498459939245,FBDIX,healthcare,2000
2000-08-29,0.002891131756706971,FBDIX,healthcare,2000
2000-08-30,0.023016528170010507,FBDIX,healthcare,2000
2000-08-31,0.011123737061747158,FBDIX,healthcare,2000
2000-09-01,0.0038125791767070144,FBDIX,healthcare,2000
2000-09-05,-0.035318086904427226,FBDIX,healthcare,2000
2000-09-06,-0.026328538025838438,FBDIX,healthcare,2000
2000-09-07,0.021694963928402596,FBDIX,healthcare,2000
2000-09-08,0.008821589178532933,FBDIX,healthcare,2000
2000-09-11,-0.03196408854129548,FBDIX,healthcare,2000
2000-09-12,0.012751583907199018,FBDIX,healthcare,2000
2000-09-13,0.009158840859341825,FBDIX,healthcare,2000
2000-09-14,0.005359560609687378,FBDIX,healthcare,2000
2000-09-15,0.021388510530051325,FBDIX,healthcare,2000
2000-09-18,-0.029439478950787322,FBDIX,healthcare,2000
2000-09-19,0.007606732655490382,FBDIX,healthcare,2000
2000-09-20,0.016544635850003625,FBDIX,healthcare,2000
2000-09-21,0.013754090177977171,FBDIX,healthcare,2000
2000-09-22,0.011371070567160756,FBDIX,healthcare,2000
2000-09-25,0.024201516191817277,FBDIX,healthcare,2000
2000-09-26,-0.012320674934062832,FBDIX,healthcare,2000
2000-09-27,-0.005368306137227868,FBDIX,healthcare,2000
2000-09-28,0.01800855921092859,FBDIX,healthcare,2000
2000-09-29,0.006371462960597831,FBDIX,healthcare,2000
2000-10-02,-0.05917547221315957,FBDIX,healthcare,2000
2000-10-03,-0.010307644286996065,FBDIX,healthcare,2000
2000-10-04,-0.02781665360422463,FBDIX,healthcare,2000
2000-10-05,-0.006287753414671663,FBDIX,healthcare,2000
2000-10-06,-0.0036452643747656513,FBDIX,healthcare,2000
2000-10-09,-0.01344879025299658,FBDIX,healthcare,2000
2000-10-10,0.004905611462420132,FBDIX,healthcare,2000
2000-10-11,-0.0017279783375234222,FBDIX,healthcare,2000
2000-10-12,-0.01442669246073101,FBDIX,healthcare,2000
2000-10-13,-0.0016315734250174144,FBDIX,healthcare,2000
2000-10-16,0.018189251310474906,FBDIX,healthcare,2000
2000-10-17,0.03465781633440311,FBDIX,healthcare,2000
2000-10-18,0.009379807204969136,FBDIX,healthcare,2000
2000-10-19,-0.04329323834812526,FBDIX,healthcare,2000
2000-10-20,0.0005897681221158678,FBDIX,healthcare,2000
2000-10-23,0.029965331040851785,FBDIX,healthcare,2000
2000-10-24,-0.008802723674311591,FBDIX,healthcare,2000
2000-10-25,0.004281329384473859,FBDIX,healthcare,2000
2000-10-26,0.0031390837174143545,FBDIX,healthcare,2000
2000-10-27,-0.056353380991090725,FBDIX,healthcare,2000
2000-10-30,-0.025023028284412385,FBDIX,healthcare,2000
2000-10-31,0.018970590663962093,FBDIX,healthcare,2000
2000-11-01,0.0192485773981866,FBDIX,healthcare,2000
2000-11-02,0.045970968562413686,FBDIX,healthcare,2000
2000-11-03,-0.005382097520866,FBDIX,healthcare,2000
2000-11-06,-0.021172654483476133,FBDIX,healthcare,2000
2000-11-07,0.0016645520217895447,FBDIX,healthcare,2000
2000-11-08,0.004799775661259949,FBDIX,healthcare,2000
2000-11-09,-0.024752494845114617,FBDIX,healthcare,2000
2000-11-10,-0.0016204094248412487,FBDIX,healthcare,2000
2000-11-13,-0.08159367650571345,FBDIX,healthcare,2000
2000-11-14,-0.018438953253366808,FBDIX,healthcare,2000
2000-11-15,0.031950060155437165,FBDIX,healthcare,2000
2000-11-16,-0.015842830591415516,FBDIX,healthcare,2000
2000-11-17,-0.014862907872369,FBDIX,healthcare,2000
2000-11-20,-0.05650095759884715,FBDIX,healthcare,2000
2000-11-21,-0.002240291525352504,FBDIX,healthcare,2000
2000-11-22,0.008475098214809709,FBDIX,healthcare,2000
2000-11-24,0.03597437615157484,FBDIX,healthcare,2000
2000-11-27,0.018084715586967073,FBDIX,healthcare,2000
2000-11-28,-0.0303672389364922,FBDIX,healthcare,2000
2000-11-29,-0.013354398641859312,FBDIX,healthcare,2000
2000-11-30,-0.025605968966761976,FBDIX,healthcare,2000
2000-12-01,0.03330369141498812,FBDIX,healthcare,2000
2000-12-04,-0.04825607799919226,FBDIX,healthcare,2000
2000-12-05,0.026098492048193665,FBDIX,healthcare,2000
2000-12-06,0.008636245807372453,FBDIX,healthcare,2000
2000-12-07,0.00881232760885229,FBDIX,healthcare,2000
2000-12-08,0.06611237742001685,FBDIX,healthcare,2000
2000-12-11,-0.040985104645097685,FBDIX,healthcare,2000
2000-12-12,-0.00269589453290037,FBDIX,healthcare,2000
2000-12-13,-0.014006433188220235,FBDIX,healthcare,2000
2000-12-14,-0.00823081941990217,FBDIX,healthcare,2000
2000-12-15,0.00873524341904463,FBDIX,healthcare,2000
2000-12-18,0.004670946795341708,FBDIX,healthcare,2000
2000-12-19,0.005326780724617052,FBDIX,healthcare,2000
2000-12-20,-0.035619980257420455,FBDIX,healthcare,2000
2000-12-21,-0.014218953312283598,FBDIX,healthcare,2000
2000-12-22,0.008585659627955322,FBDIX,healthcare,2000
2000-12-26,-0.0005357011872930365,FBDIX,healthcare,2000
2000-12-27,-0.00040317645906990003,FBDIX,healthcare,2000
2000-12-28,0.008636663918542516,FBDIX,healthcare,2000
2000-12-29,0.008538491865682974,FBDIX,healthcare,2000
2001-01-03,-0.028982259974185094,FBDIX,healthcare,2001
2001-01-04,-0.042973489243894124,FBDIX,healthcare,2001
2001-01-05,-0.036385583433236876,FBDIX,healthcare,2001
2001-01-08,-0.06470748553562082,FBDIX,healthcare,2001
2001-01-09,0.027910219983826,FBDIX,healthcare,2001
2001-01-10,0.019885915366118122,FBDIX,healthcare,2001
2001-01-11,0.014399376205902013,FBDIX,healthcare,2001
2001-01-12,0.019354619125784987,FBDIX,healthcare,2001
2001-01-16,0.011338678386652418,FBDIX,healthcare,2001
2001-01-17,-0.026386909916494457,FBDIX,healthcare,2001
2001-01-18,0.0023490496270846817,FBDIX,healthcare,2001
2001-01-19,-0.009408385125475899,FBDIX,healthcare,2001
2001-01-22,0.017848521262800333,FBDIX,healthcare,2001
2001-01-23,0.04198723034696924,FBDIX,healthcare,2001
2001-01-24,0.0094852845062928,FBDIX,healthcare,2001
2001-01-25,-0.010389154918604718,FBDIX,healthcare,2001
2001-01-26,0.0002672048527903141,FBDIX,healthcare,2001
2001-01-29,0.011741953557134505,FBDIX,healthcare,2001
2001-01-30,-0.025943088090535346,FBDIX,healthcare,2001
2001-01-31,-0.012387630394590784,FBDIX,healthcare,2001
2001-02-01,-0.024166528452672482,FBDIX,healthcare,2001
2001-02-02,0.00281784169347285,FBDIX,healthcare,2001
2001-02-05,-0.01674983917737986,FBDIX,healthcare,2001
2001-02-06,0.029107888839514526,FBDIX,healthcare,2001
2001-02-07,-0.0030659804071396816,FBDIX,healthcare,2001
2001-02-08,0.0013707965337247472,FBDIX,healthcare,2001
2001-02-09,0.002597576394502768,FBDIX,healthcare,2001
2001-02-12,0.017998990374708847,FBDIX,healthcare,2001
2001-02-13,-0.018489031176694214,FBDIX,healthcare,2001
2001-02-14,-0.006219928122380135,FBDIX,healthcare,2001
2001-02-15,-0.0015278442033534352,FBDIX,healthcare,2001
2001-02-16,0.006951868326067569,FBDIX,healthcare,2001
2001-02-20,-0.0016709977072486629,FBDIX,healthcare,2001
2001-02-21,0.0063694922756033015,FBDIX,healthcare,2001
2001-02-22,-0.029364863851389127,FBDIX,healthcare,2001
2001-02-23,0.03408330743827383,FBDIX,healthcare,2001
2001-02-26,0.025481416651807653,FBDIX,healthcare,2001
2001-02-27,-0.018461255841462694,FBDIX,healthcare,2001
2001-02-28,0.022372975615115226,FBDIX,healthcare,2001
2001-03-01,-0.02662984705770678,FBDIX,healthcare,2001
2001-03-02,0.013859045164144376,FBDIX,healthcare,2001
2001-03-05,-0.0188189719880718,FBDIX,healthcare,2001
2001-03-06,-0.014502636085439145,FBDIX,healthcare,2001
2001-03-07,-0.031109210546425167,FBDIX,healthcare,2001
2001-03-08,-0.02819770992167086,FBDIX,healthcare,2001
2001-03-09,0.010646015211174108,FBDIX,healthcare,2001
2001-03-12,-0.03659668095866516,FBDIX,healthcare,2001
2001-03-13,0.015374530994711387,FBDIX,healthcare,2001
2001-03-14,0.01933162985783595,FBDIX,healthcare,2001
2001-03-15,-0.0021412831933730206,FBDIX,healthcare,2001
2001-03-16,-0.029142392526047087,FBDIX,healthcare,2001
2001-03-19,0.011558714026010063,FBDIX,healthcare,2001
2001-03-20,-0.02446037318392818,FBDIX,healthcare,2001
2001-03-21,-0.05189023207636568,FBDIX,healthcare,2001
2001-03-22,-0.006059579151917353,FBDIX,healthcare,2001
2001-03-23,0.016761138059914034,FBDIX,healthcare,2001
2001-03-26,0.02558130498684834,FBDIX,healthcare,2001
2001-03-27,-0.008804774128764833,FBDIX,healthcare,2001
2001-03-28,0.023300242754524754,FBDIX,healthcare,2001
2001-03-29,-0.0037316481554772467,FBDIX,healthcare,2001
2001-03-30,0.006285679751680385,FBDIX,healthcare,2001
2001-04-02,-0.02504531131550082,FBDIX,healthcare,2001
2001-04-03,-0.005282556014620868,FBDIX,healthcare,2001
2001-04-04,-0.016546807865853167,FBDIX,healthcare,2001
2001-04-05,0.029357740181072532,FBDIX,healthcare,2001
2001-04-06,0.013351421933093913,FBDIX,healthcare,2001
2001-04-09,0.018394955444047567,FBDIX,healthcare,2001
2001-04-10,0.007719561306665745,FBDIX,healthcare,2001
2001-04-11,-0.01283757839014201,FBDIX,healthcare,2001
2001-04-12,0.03056562479432715,FBDIX,healthcare,2001
2001-04-16,-0.0021864582687228604,FBDIX,healthcare,2001
2001-04-17,0.009805893555023471,FBDIX,healthcare,2001
2001-04-18,0.011451940185963877,FBDIX,healthcare,2001
2001-04-19,-0.018776826876589735,FBDIX,healthcare,2001
2001-04-20,-0.020332710940630425,FBDIX,healthcare,2001
2001-04-23,-0.008750717725852928,FBDIX,healthcare,2001
2001-04-24,-0.02010767331042417,FBDIX,healthcare,2001
2001-04-25,0.02296740602335233,FBDIX,healthcare,2001
2001-04-26,-0.0019759596329487756,FBDIX,healthcare,2001
2001-04-27,0.021701310707090266,FBDIX,healthcare,2001
2001-04-30,0.027794933815442298,FBDIX,healthcare,2001
2001-05-01,0.0018558322436683316,FBDIX,healthcare,2001
2001-05-02,0.003983921740040357,FBDIX,healthcare,2001
2001-05-03,-0.02332272851783474,FBDIX,healthcare,2001
2001-05-04,0.009757421475646153,FBDIX,healthcare,2001
2001-05-07,0.008485055600957876,FBDIX,healthcare,2001
2001-05-08,0.009673180213106003,FBDIX,healthcare,2001
2001-05-09,0.004823970081907672,FBDIX,healthcare,2001
2001-05-10,-0.014536509644294166,FBDIX,healthcare,2001
2001-05-11,0.0011473124140381243,FBDIX,healthcare,2001
2001-05-14,-0.02304852971081374,FBDIX,healthcare,2001
2001-05-15,-0.010566018647075997,FBDIX,healthcare,2001
2001-05-16,0.006290167205650211,FBDIX,healthcare,2001
2001-05-17,0.04091611616076299,FBDIX,healthcare,2001
2001-05-18,-0.005332938314002091,FBDIX,healthcare,2001
2001-05-21,0.027617896402938793,FBDIX,healthcare,2001
2001-05-22,0.0032111459803661185,FBDIX,healthcare,2001
2001-05-23,-0.024639723842521076,FBDIX,healthcare,2001
2001-05-24,0.024952243406532893,FBDIX,healthcare,2001
2001-05-25,0.012782253133503719,FBDIX,healthcare,2001
2001-05-29,-0.004532993987743757,FBDIX,healthcare,2001
2001-05-30,-0.010044911449832886,FBDIX,healthcare,2001
2001-05-31,0.010986126196084751,FBDIX,healthcare,2001
2001-06-01,0.012788185575052697,FBDIX,healthcare,2001
2001-06-04,0.019263470391786757,FBDIX,healthcare,2001
2001-06-05,0.021351637845323984,FBDIX,healthcare,2001
2001-06-06,-0.0025836569442972603,FBDIX,healthcare,2001
2001-06-07,-0.0023154667568249312,FBDIX,healthcare,2001
2001-06-08,-0.0033890309148131986,FBDIX,healthcare,2001
2001-06-11,-0.01633715248010658,FBDIX,healthcare,2001
2001-06-12,-0.009276433478465754,FBDIX,healthcare,2001
2001-06-13,0.019941747843181222,FBDIX,healthcare,2001
2001-06-14,0.005846359433030756,FBDIX,healthcare,2001
2001-06-15,0.01410419386568922,FBDIX,healthcare,2001
2001-06-18,-0.007541968817617518,FBDIX,healthcare,2001
2001-06-19,-0.01941678944803115,FBDIX,healthcare,2001
2001-06-20,0.029560027832756606,FBDIX,healthcare,2001
2001-06-21,-0.003280687846875135,FBDIX,healthcare,2001
2001-06-22,-0.006051536271432258,FBDIX,healthcare,2001
2001-06-25,-0.02390735476627534,FBDIX,healthcare,2001
2001-06-26,0.005614693301345787,FBDIX,healthcare,2001
2001-06-27,0.0030961696954401588,FBDIX,healthcare,2001
2001-06-28,0.016024591650947127,FBDIX,healthcare,2001
2001-06-29,0.022956324877287864,FBDIX,healthcare,2001
2001-07-02,-0.034002623303788004,FBDIX,healthcare,2001
2001-07-03,0.0011529770035304543,FBDIX,healthcare,2001
2001-07-05,-0.005310288224412044,FBDIX,healthcare,2001
2001-07-06,-0.0004409877980284284,FBDIX,healthcare,2001
2001-07-09,0.004869402503603099,FBDIX,healthcare,2001
2001-07-10,-0.019769300000902636,FBDIX,healthcare,2001
2001-07-11,-0.014286524513420966,FBDIX,healthcare,2001
2001-07-12,-0.039602519754655396,FBDIX,healthcare,2001
2001-07-13,0.008517082014815519,FBDIX,healthcare,2001
2001-07-16,-0.02847096975759507,FBDIX,healthcare,2001
2001-07-17,0.0022863284897604065,FBDIX,healthcare,2001
2001-07-18,0.019226284239591718,FBDIX,healthcare,2001
2001-07-19,-0.022590953612425576,FBDIX,healthcare,2001
2001-07-20,0.016773095275686087,FBDIX,healthcare,2001
2001-07-23,0.011620409453831871,FBDIX,healthcare,2001
2001-07-24,-0.029462070386637326,FBDIX,healthcare,2001
2001-07-25,0.002214192548415041,FBDIX,healthcare,2001
2001-07-26,0.013645685084140912,FBDIX,healthcare,2001
2001-07-27,0.009976804461689238,FBDIX,healthcare,2001
2001-07-30,-0.02722526335617909,FBDIX,healthcare,2001
2001-07-31,-0.0029311631105748866,FBDIX,healthcare,2001
2001-08-01,-0.011401455763524908,FBDIX,healthcare,2001
2001-08-02,-0.007856608239187702,FBDIX,healthcare,2001
2001-08-03,0.014302374901512843,FBDIX,healthcare,2001
2001-08-06,0.00779743512258704,FBDIX,healthcare,2001
2001-08-07,-0.011895653021304839,FBDIX,healthcare,2001
2001-08-08,-0.0045919423396754665,FBDIX,healthcare,2001
2001-08-09,-0.01366479223567594,FBDIX,healthcare,2001
2001-08-10,0.000533758282795835,FBDIX,healthcare,2001
2001-08-13,0.028088991860069773,FBDIX,healthcare,2001
2001-08-14,0.0018967426076475955,FBDIX,healthcare,2001
2001-08-15,-0.006252852033351184,FBDIX,healthcare,2001
2001-08-16,-0.0012856598624942108,FBDIX,healthcare,2001
2001-08-17,0.006468298333444441,FBDIX,healthcare,2001
2001-08-20,-0.015006513107333192,FBDIX,healthcare,2001
2001-08-21,0.012148192237377599,FBDIX,healthcare,2001
2001-08-22,0.024616897237535032,FBDIX,healthcare,2001
2001-08-23,0.030864291918529678,FBDIX,healthcare,2001
2001-08-24,0.010981687014744872,FBDIX,healthcare,2001
2001-08-27,0.01154566548844928,FBDIX,healthcare,2001
2001-08-28,-0.0005719258847054695,FBDIX,healthcare,2001
2001-08-29,0.01341527296874675,FBDIX,healthcare,2001
2001-08-30,0.01915249212731758,FBDIX,healthcare,2001
2001-08-31,-0.020823317161963617,FBDIX,healthcare,2001
2001-09-04,0.009113142349195486,FBDIX,healthcare,2001
2001-09-05,-0.00998206923233934,FBDIX,healthcare,2001
2001-09-06,0.016658899658475584,FBDIX,healthcare,2001
2001-09-07,0.0048431997909304525,FBDIX,healthcare,2001
2001-09-10,-0.028332630028261935,FBDIX,healthcare,2001
2001-09-17,0.06341541663050035,FBDIX,healthcare,2001
2001-09-18,-0.10657174200233575,FBDIX,healthcare,2001
2001-09-19,0.008595685225688463,FBDIX,healthcare,2001
2001-09-20,0.04092036481388509,FBDIX,healthcare,2001
2001-09-21,-0.02537973227430726,FBDIX,healthcare,2001
2001-09-24,-0.02954941608837582,FBDIX,healthcare,2001
2001-09-25,-0.0034412722963523684,FBDIX,healthcare,2001
2001-09-26,0.0068368737885240415,FBDIX,healthcare,2001
2001-09-27,0.03552039709721871,FBDIX,healthcare,2001
2001-09-28,-0.016238887409400077,FBDIX,healthcare,2001
2001-10-01,-0.0016710244035057044,FBDIX,healthcare,2001
2001-10-02,0.004880293924966233,FBDIX,healthcare,2001
2001-10-03,0.008382358686773755,FBDIX,healthcare,2001
2001-10-04,-0.01227731724669447,FBDIX,healthcare,2001
2001-10-05,-0.004578287120141264,FBDIX,healthcare,2001
2001-10-08,-0.006360875900715908,FBDIX,healthcare,2001
2001-10-09,0.005572304097134156,FBDIX,healthcare,2001
2001-10-10,0.01272668289206658,FBDIX,healthcare,2001
2001-10-11,0.02020803760839161,FBDIX,healthcare,2001
2001-10-12,0.004653966121326877,FBDIX,healthcare,2001
2001-10-15,0.011827566798160757,FBDIX,healthcare,2001
2001-10-16,-0.0015582533770348728,FBDIX,healthcare,2001
2001-10-17,-0.011753575997166463,FBDIX,healthcare,2001
2001-10-18,0.0073578193063012776,FBDIX,healthcare,2001
2001-10-19,0.012121793688697839,FBDIX,healthcare,2001
2001-10-22,-0.003224838308985501,FBDIX,healthcare,2001
2001-10-23,0.0008500678328916423,FBDIX,healthcare,2001
2001-10-24,0.008790131992339707,FBDIX,healthcare,2001
2001-10-25,0.007346372315649566,FBDIX,healthcare,2001
2001-10-26,0.02032869036063271,FBDIX,healthcare,2001
2001-10-29,0.0017706351376260733,FBDIX,healthcare,2001
2001-10-30,-0.003246000638101829,FBDIX,healthcare,2001
2001-10-31,0.011910576331944037,FBDIX,healthcare,2001
2001-11-01,-0.026963611114439436,FBDIX,healthcare,2001
2001-11-02,-0.015833459260248435,FBDIX,healthcare,2001
2001-11-05,0.007931450977328242,FBDIX,healthcare,2001
2001-11-06,-0.012791664793228493,FBDIX,healthcare,2001
2001-11-07,-0.000668035071076653,FBDIX,healthcare,2001
2001-11-08,-0.027750540112635294,FBDIX,healthcare,2001
2001-11-09,-0.011477924610546803,FBDIX,healthcare,2001
2001-11-12,0.011100155152987852,FBDIX,healthcare,2001
2001-11-13,0.0023817431765707497,FBDIX,healthcare,2001
2001-11-14,-0.004012106657763579,FBDIX,healthcare,2001
2001-11-15,-0.0032523667440166795,FBDIX,healthcare,2001
2001-11-16,0.006750892899053797,FBDIX,healthcare,2001
2001-11-19,0.015948427705249513,FBDIX,healthcare,2001
2001-11-20,-0.007107723102127612,FBDIX,healthcare,2001
2001-11-21,0.013345571389599192,FBDIX,healthcare,2001
2001-11-23,-0.004329670882383148,FBDIX,healthcare,2001
2001-11-26,0.01601594501170044,FBDIX,healthcare,2001
2001-11-27,0.002006989359763837,FBDIX,healthcare,2001
2001-11-28,0.00012629583983559886,FBDIX,healthcare,2001
2001-11-29,-0.00566038994730962,FBDIX,healthcare,2001
2001-11-30,0.015263675923709377,FBDIX,healthcare,2001
2001-12-03,-0.008962919566160698,FBDIX,healthcare,2001
2001-12-04,-0.003982106822344931,FBDIX,healthcare,2001
2001-12-05,-0.008192688975409467,FBDIX,healthcare,2001
2001-12-06,0.014311500756709006,FBDIX,healthcare,2001
2001-12-07,-0.00411020295692789,FBDIX,healthcare,2001
2001-12-10,6.563783882334098e-05,FBDIX,healthcare,2001
2001-12-11,-0.0036573432131260194,FBDIX,healthcare,2001
2001-12-12,-0.014436114754982245,FBDIX,healthcare,2001
2001-12-13,0.032666406683535154,FBDIX,healthcare,2001
2001-12-14,-0.01599152487426031,FBDIX,healthcare,2001
2001-12-17,0.013409635569437844,FBDIX,healthcare,2001
2001-12-18,-0.0014225203074032956,FBDIX,healthcare,2001
2001-12-19,-0.013697167366092848,FBDIX,healthcare,2001
2001-12-20,0.001939021810439534,FBDIX,healthcare,2001
2001-12-21,0.008685821108927341,FBDIX,healthcare,2001
2001-12-24,0.004638238857237232,FBDIX,healthcare,2001
2001-12-26,0.008052317166727725,FBDIX,healthcare,2001
2001-12-27,-0.007318131096938486,FBDIX,healthcare,2001
2001-12-28,0.014968538695057081,FBDIX,healthcare,2001
2001-12-29,-0.00011103316154074285,FBDIX,healthcare,2001
2001-12-30,-0.00011103316154074285,FBDIX,healthcare,2001
2001-12-31,-0.00011103316154074285,FBDIX,healthcare,2001
2002-01-01,0.001034610128271524,FBDIX,healthcare,2002
2002-01-03,-0.025576436981121994,FBDIX,healthcare,2002
2002-01-04,0.005313242791807015,FBDIX,healthcare,2002
2002-01-07,-0.007165785526468144,FBDIX,healthcare,2002
2002-01-08,0.010750823529519254,FBDIX,healthcare,2002
2002-01-09,-0.0023292587430408986,FBDIX,healthcare,2002
2002-01-10,0.0095402164177899,FBDIX,healthcare,2002
2002-01-11,0.013270645839999646,FBDIX,healthcare,2002
2002-01-14,-0.017332169534586453,FBDIX,healthcare,2002
2002-01-15,-0.005674894907328211,FBDIX,healthcare,2002
2002-01-16,0.0021510992729325967,FBDIX,healthcare,2002
2002-01-17,-0.012255406092305202,FBDIX,healthcare,2002
2002-01-18,-0.022929952751781467,FBDIX,healthcare,2002
2002-01-22,0.015261519246526934,FBDIX,healthcare,2002
2002-01-23,0.02322476784087385,FBDIX,healthcare,2002
2002-01-24,-0.021039876855855035,FBDIX,healthcare,2002
2002-01-25,-0.006955827547412788,FBDIX,healthcare,2002
2002-01-28,-0.02708439518978751,FBDIX,healthcare,2002
2002-01-29,0.01582313485079826,FBDIX,healthcare,2002
2002-01-30,-0.010407305474807645,FBDIX,healthcare,2002
2002-01-31,-0.003695681992118568,FBDIX,healthcare,2002
2002-02-01,0.017227883481925013,FBDIX,healthcare,2002
2002-02-04,-0.020113056097806267,FBDIX,healthcare,2002
2002-02-05,0.014637365255344054,FBDIX,healthcare,2002
2002-02-06,-0.027716037943618356,FBDIX,healthcare,2002
2002-02-07,-0.006032934245055809,FBDIX,healthcare,2002
2002-02-08,0.030775794153216702,FBDIX,healthcare,2002
2002-02-11,-0.0018911819942711398,FBDIX,healthcare,2002
2002-02-12,0.03204651038168799,FBDIX,healthcare,2002
2002-02-13,-0.01068107333924148,FBDIX,healthcare,2002
2002-02-14,-0.01729843486912317,FBDIX,healthcare,2002
2002-02-15,0.010043463027408578,FBDIX,healthcare,2002
2002-02-19,-0.011409669670183732,FBDIX,healthcare,2002
2002-02-20,0.009194864238147062,FBDIX,healthcare,2002
2002-02-21,0.0017449518012493288,FBDIX,healthcare,2002
2002-02-22,-0.0039101232757795205,FBDIX,healthcare,2002
2002-02-25,-0.01860244040780061,FBDIX,healthcare,2002
2002-02-26,0.020011091930384146,FBDIX,healthcare,2002
2002-02-27,-0.016796093201228553,FBDIX,healthcare,2002
2002-02-28,-0.015469159522852362,FBDIX,healthcare,2002
2002-03-01,-0.024368293590464475,FBDIX,healthcare,2002
2002-03-04,0.0016907247375903163,FBDIX,healthcare,2002
2002-03-05,-0.004439468210510449,FBDIX,healthcare,2002
2002-03-06,0.032502867672090666,FBDIX,healthcare,2002
2002-03-07,-0.0006498052907968747,FBDIX,healthcare,2002
2002-03-08,0.003123231723281801,FBDIX,healthcare,2002
2002-03-11,0.0001650355693188037,FBDIX,healthcare,2002
2002-03-12,-0.005444539355612738,FBDIX,healthcare,2002
2002-03-13,0.0224977430190728,FBDIX,healthcare,2002
2002-03-14,0.00215908134929496,FBDIX,healthcare,2002
2002-03-15,0.00477509034022176,FBDIX,healthcare,2002
2002-03-18,0.014724740688185012,FBDIX,healthcare,2002
2002-03-19,-0.009731878525034363,FBDIX,healthcare,2002
2002-03-20,-0.0005831859788000618,FBDIX,healthcare,2002
2002-03-21,0.018701994328868522,FBDIX,healthcare,2002
2002-03-22,-0.007775157708524914,FBDIX,healthcare,2002
2002-03-25,-0.015447941505449458,FBDIX,healthcare,2002
2002-03-26,-0.00730951181160238,FBDIX,healthcare,2002
2002-03-27,-0.006859196943192489,FBDIX,healthcare,2002
2002-03-28,-0.004959631224334939,FBDIX,healthcare,2002
2002-04-01,0.00747311832903767,FBDIX,healthcare,2002
2002-04-02,-0.017734215326342347,FBDIX,healthcare,2002
2002-04-03,-0.00414541341016763,FBDIX,healthcare,2002
2002-04-04,-0.014094526304690238,FBDIX,healthcare,2002
2002-04-05,-0.02411969360000599,FBDIX,healthcare,2002
2002-04-08,-0.0014389587423415606,FBDIX,healthcare,2002
2002-04-09,-0.011819903005806195,FBDIX,healthcare,2002
2002-04-10,0.027416810451991673,FBDIX,healthcare,2002
2002-04-11,-0.00784256851891477,FBDIX,healthcare,2002
2002-04-12,0.011516301206720536,FBDIX,healthcare,2002
2002-04-15,0.011594470779730297,FBDIX,healthcare,2002
2002-04-16,-0.007896140760123134,FBDIX,healthcare,2002
2002-04-17,-0.006536065170595046,FBDIX,healthcare,2002
2002-04-18,0.027807618264982382,FBDIX,healthcare,2002
2002-04-19,-0.020151012001097264,FBDIX,healthcare,2002
2002-04-22,-0.002534685055073732,FBDIX,healthcare,2002
2002-04-23,-0.01013510607892451,FBDIX,healthcare,2002
2002-04-24,0.0024316708317473137,FBDIX,healthcare,2002
2002-04-25,-0.027261614274505342,FBDIX,healthcare,2002
2002-04-26,-0.0068039208145432226,FBDIX,healthcare,2002
2002-04-29,-0.01174216115157308,FBDIX,healthcare,2002
2002-04-30,0.02048107427680286,FBDIX,healthcare,2002
2002-05-01,-0.018174523877246957,FBDIX,healthcare,2002
2002-05-02,-0.013913728342035648,FBDIX,healthcare,2002
2002-05-03,-0.0010742106706813706,FBDIX,healthcare,2002
2002-05-06,-0.02545267105023124,FBDIX,healthcare,2002
2002-05-07,-0.009371584483104572,FBDIX,healthcare,2002
2002-05-08,0.03054717085768851,FBDIX,healthcare,2002
2002-05-09,-0.02284116882441558,FBDIX,healthcare,2002
2002-05-10,-0.006322910077491493,FBDIX,healthcare,2002
2002-05-13,0.007361979213077487,FBDIX,healthcare,2002
2002-05-14,0.030226603565706413,FBDIX,healthcare,2002
2002-05-15,0.010997591179157617,FBDIX,healthcare,2002
2002-05-16,-0.03654766557224048,FBDIX,healthcare,2002
2002-05-17,0.019971719420074485,FBDIX,healthcare,2002
2002-05-20,-0.009998977941189343,FBDIX,healthcare,2002
2002-05-21,-0.01283631450667788,FBDIX,healthcare,2002
2002-05-22,0.003946748619183892,FBDIX,healthcare,2002
2002-05-23,0.039851815150754796,FBDIX,healthcare,2002
2002-05-24,-0.019361245098170762,FBDIX,healthcare,2002
2002-05-28,0.019292662933482377,FBDIX,healthcare,2002
2002-05-29,-0.015232345288868656,FBDIX,healthcare,2002
2002-05-30,0.006451881474066059,FBDIX,healthcare,2002
2002-05-31,-0.018568821892623065,FBDIX,healthcare,2002
2002-06-03,-0.02408429682012137,FBDIX,healthcare,2002
2002-06-04,-0.009872597403553535,FBDIX,healthcare,2002
2002-06-05,-0.0012187096700756184,FBDIX,healthcare,2002
2002-06-06,-0.02376330843165538,FBDIX,healthcare,2002
2002-06-07,0.0015871173611467435,FBDIX,healthcare,2002
2002-06-10,0.005987175208088998,FBDIX,healthcare,2002
2002-06-11,-0.039307634816030765,FBDIX,healthcare,2002
2002-06-12,-0.0062553855927147,FBDIX,healthcare,2002
2002-06-13,0.010354289214819918,FBDIX,healthcare,2002
2002-06-14,0.03450740147230727,FBDIX,healthcare,2002
2002-06-17,0.023512684822522507,FBDIX,healthcare,2002
2002-06-18,-0.013035116027560401,FBDIX,healthcare,2002
2002-06-19,0.008881490112785767,FBDIX,healthcare,2002
2002-06-20,-0.02504274914753657,FBDIX,healthcare,2002
2002-06-21,-0.0004494027258534379,FBDIX,healthcare,2002
2002-06-24,0.009814150262605707,FBDIX,healthcare,2002
2002-06-25,-0.0020837545623205375,FBDIX,healthcare,2002
2002-06-26,0.005994252313180843,FBDIX,healthcare,2002
2002-06-27,0.007576745034178409,FBDIX,healthcare,2002
2002-06-28,0.015358709540875504,FBDIX,healthcare,2002
2002-07-01,0.019708165524338607,FBDIX,healthcare,2002
2002-07-02,-0.08594369484055338,FBDIX,healthcare,2002
2002-07-03,-0.011123268434185965,FBDIX,healthcare,2002
2002-07-05,0.004781447887575077,FBDIX,healthcare,2002
2002-07-08,-0.015431493736638451,FBDIX,healthcare,2002
2002-07-09,-0.0034679161115162074,FBDIX,healthcare,2002
2002-07-10,-0.016484703760379624,FBDIX,healthcare,2002
2002-07-11,0.02709074346254574,FBDIX,healthcare,2002
2002-07-12,0.02825656499322536,FBDIX,healthcare,2002
2002-07-15,-0.002759399685709642,FBDIX,healthcare,2002
2002-07-16,0.052638801204688154,FBDIX,healthcare,2002
2002-07-17,0.05377001710986066,FBDIX,healthcare,2002
2002-07-18,-0.0071001831911759045,FBDIX,healthcare,2002
2002-07-19,0.019683741452931273,FBDIX,healthcare,2002
2002-07-22,0.016356728411485884,FBDIX,healthcare,2002
2002-07-23,0.0014441965750944877,FBDIX,healthcare,2002
2002-07-24,-0.026960504791169945,FBDIX,healthcare,2002
2002-07-25,0.03297422124818128,FBDIX,healthcare,2002
2002-07-26,-0.01563229129569816,FBDIX,healthcare,2002
2002-07-29,-0.0032628082343961473,FBDIX,healthcare,2002
2002-07-30,0.027677227190555622,FBDIX,healthcare,2002
2002-07-31,0.005668714233499879,FBDIX,healthcare,2002
2002-08-01,-0.006179510868063134,FBDIX,healthcare,2002
2002-08-02,0.008825824943430462,FBDIX,healthcare,2002
2002-08-05,-0.004214091037418634,FBDIX,healthcare,2002
2002-08-06,0.0029612528213272746,FBDIX,healthcare,2002
2002-08-07,-0.0020257667292610266,FBDIX,healthcare,2002
2002-08-08,0.016697770406579396,FBDIX,healthcare,2002
2002-08-09,0.009165819747689357,FBDIX,healthcare,2002
2002-08-12,0.017096682504659823,FBDIX,healthcare,2002
2002-08-13,-0.02518098237297931,FBDIX,healthcare,2002
2002-08-14,0.0073113124911297275,FBDIX,healthcare,2002
2002-08-15,-0.007759386932582089,FBDIX,healthcare,2002
2002-08-16,0.003902112401157373,FBDIX,healthcare,2002
2002-08-19,-0.05883878488323404,FBDIX,healthcare,2002
2002-08-20,0.01611157401819544,FBDIX,healthcare,2002
2002-08-21,0.014711813592677406,FBDIX,healthcare,2002
2002-08-22,0.01481405409353453,FBDIX,healthcare,2002
2002-08-23,-0.01247894918546347,FBDIX,healthcare,2002
2002-08-26,-0.009348144979135282,FBDIX,healthcare,2002
2002-08-27,-0.02678839183696141,FBDIX,healthcare,2002
2002-08-28,0.01662812283842814,FBDIX,healthcare,2002
2002-08-29,0.01317835677535263,FBDIX,healthcare,2002
2002-08-30,-0.01737438866764874,FBDIX,healthcare,2002
2002-09-03,-0.005944765393186585,FBDIX,healthcare,2002
2002-09-04,0.016103201205546057,FBDIX,healthcare,2002
2002-09-05,-0.020918440722577706,FBDIX,healthcare,2002
2002-09-06,0.018573538458810927,FBDIX,healthcare,2002
2002-09-09,0.013049049164347272,FBDIX,healthcare,2002
2002-09-10,-0.008141361420107827,FBDIX,healthcare,2002
2002-09-11,0.0015727554586032321,FBDIX,healthcare,2002
2002-09-12,-0.008832045884378224,FBDIX,healthcare,2002
2002-09-13,0.015471547362968017,FBDIX,healthcare,2002
2002-09-16,-0.006819861046971738,FBDIX,healthcare,2002
2002-09-17,0.015904695375247545,FBDIX,healthcare,2002
2002-09-18,0.018989885907280183,FBDIX,healthcare,2002
2002-09-19,-0.015958489457948477,FBDIX,healthcare,2002
2002-09-20,-0.0037707361346280017,FBDIX,healthcare,2002
2002-09-23,-0.023328333475573684,FBDIX,healthcare,2002
2002-09-24,0.04010433684232659,FBDIX,healthcare,2002
2002-09-25,0.02767748576337262,FBDIX,healthcare,2002
2002-09-26,-0.019889043696975726,FBDIX,healthcare,2002
2002-09-27,0.013476511116541127,FBDIX,healthcare,2002
2002-09-30,0.016906989558728158,FBDIX,healthcare,2002
2002-10-01,-0.01809830504322125,FBDIX,healthcare,2002
2002-10-02,0.009112223746754158,FBDIX,healthcare,2002
2002-10-03,0.009450544382307875,FBDIX,healthcare,2002
2002-10-04,-0.01633917663348157,FBDIX,healthcare,2002
2002-10-07,0.019193010857712058,FBDIX,healthcare,2002
2002-10-08,-0.002208651221800799,FBDIX,healthcare,2002
2002-10-09,0.013870978328409837,FBDIX,healthcare,2002
2002-10-10,0.008668434064172982,FBDIX,healthcare,2002
2002-10-11,-0.029215383808613743,FBDIX,healthcare,2002
2002-10-14,0.024989320593470317,FBDIX,healthcare,2002
2002-10-15,-0.03077837841815493,FBDIX,healthcare,2002
2002-10-16,0.01767373091870553,FBDIX,healthcare,2002
2002-10-17,0.0036482535650282297,FBDIX,healthcare,2002
2002-10-18,-0.002390880644848721,FBDIX,healthcare,2002
2002-10-21,-0.006670853622096323,FBDIX,healthcare,2002
2002-10-22,-0.006636350816746855,FBDIX,healthcare,2002
2002-10-23,0.0011562300394076658,FBDIX,healthcare,2002
2002-10-24,-0.00996889856521591,FBDIX,healthcare,2002
2002-10-25,0.006536254650157204,FBDIX,healthcare,2002
2002-10-28,0.008182922083295395,FBDIX,healthcare,2002
2002-10-29,0.00477047459308969,FBDIX,healthcare,2002
2002-10-30,-0.00023632552704795987,FBDIX,healthcare,2002
2002-10-31,0.009892803538252663,FBDIX,healthcare,2002
2002-11-01,-0.008153864961585721,FBDIX,healthcare,2002
2002-11-04,0.010328160218279413,FBDIX,healthcare,2002
2002-11-05,0.0012199805076248509,FBDIX,healthcare,2002
2002-11-06,-0.0028259434452269794,FBDIX,healthcare,2002
2002-11-07,0.012353952291459105,FBDIX,healthcare,2002
2002-11-08,-0.009267593346381144,FBDIX,healthcare,2002
2002-11-11,0.001264385644195825,FBDIX,healthcare,2002
2002-11-12,0.004416472657755261,FBDIX,healthcare,2002
2002-11-13,-0.002574375123136358,FBDIX,healthcare,2002
2002-11-14,0.010919997744872751,FBDIX,healthcare,2002
2002-11-15,-0.011187296544206908,FBDIX,healthcare,2002
2002-11-18,0.00347982267612049,FBDIX,healthcare,2002
2002-11-19,-0.004359779340291159,FBDIX,healthcare,2002
2002-11-20,0.013283616493099046,FBDIX,healthcare,2002
2002-11-21,0.012841632327834241,FBDIX,healthcare,2002
2002-11-22,0.01717281611012367,FBDIX,healthcare,2002
2002-11-25,0.00014766671478338436,FBDIX,healthcare,2002
2002-11-26,-0.01659378984607179,FBDIX,healthcare,2002
2002-11-27,0.001991903596699776,FBDIX,healthcare,2002
2002-11-29,0.004080525686919271,FBDIX,healthcare,2002
2002-12-02,-0.0048785636207859,FBDIX,healthcare,2002
2002-12-03,-0.004872098909089684,FBDIX,healthcare,2002
2002-12-04,-0.0016495177651789572,FBDIX,healthcare,2002
2002-12-05,0.018379767669116302,FBDIX,healthcare,2002
2002-12-06,0.0012065734444959737,FBDIX,healthcare,2002
2002-12-09,0.0025372696685981334,FBDIX,healthcare,2002
2002-12-10,-0.018093672085826955,FBDIX,healthcare,2002
2002-12-11,0.002779761069565081,FBDIX,healthcare,2002
2002-12-12,0.013195591735220263,FBDIX,healthcare,2002
2002-12-13,-0.005719256985997678,FBDIX,healthcare,2002
2002-12-16,-0.021692777478973052,FBDIX,healthcare,2002
2002-12-17,0.025885831309084874,FBDIX,healthcare,2002
2002-12-18,-0.004694567228636261,FBDIX,healthcare,2002
2002-12-19,0.001199695769067522,FBDIX,healthcare,2002
2002-12-20,-0.004175541170522459,FBDIX,healthcare,2002
2002-12-23,0.009964081745813286,FBDIX,healthcare,2002
2002-12-24,0.004724536988110641,FBDIX,healthcare,2002
2002-12-26,-0.005428227322876816,FBDIX,healthcare,2002
2002-12-27,-0.004033682984223488,FBDIX,healthcare,2002
2002-12-30,-0.019437826472281212,FBDIX,healthcare,2002
2003-01-03,-0.008212039391380072,FBDIX,healthcare,2003
2003-01-06,-0.010279374105030051,FBDIX,healthcare,2003
2003-01-07,-0.0067342475565122725,FBDIX,healthcare,2003
2003-01-08,-0.007477980926041206,FBDIX,healthcare,2003
2003-01-09,-0.0009297299081995683,FBDIX,healthcare,2003
2003-01-10,0.014443361945737246,FBDIX,healthcare,2003
2003-01-13,0.011467336921871829,FBDIX,healthcare,2003
2003-01-14,-0.003958996481448795,FBDIX,healthcare,2003
2003-01-15,0.0038846795988928887,FBDIX,healthcare,2003
2003-01-16,0.027892415241093416,FBDIX,healthcare,2003
2003-01-17,-0.005683346015984607,FBDIX,healthcare,2003
2003-01-21,0.005991183272704188,FBDIX,healthcare,2003
2003-01-22,0.01571256203237417,FBDIX,healthcare,2003
2003-01-23,-0.003809180799372111,FBDIX,healthcare,2003
2003-01-24,-0.0007614054473322647,FBDIX,healthcare,2003
2003-01-27,-0.009173821818133596,FBDIX,healthcare,2003
2003-01-28,0.005721079258753193,FBDIX,healthcare,2003
2003-01-29,-0.010052689292833688,FBDIX,healthcare,2003
2003-01-30,0.015673132097554957,FBDIX,healthcare,2003
2003-01-31,-0.02823187320188666,FBDIX,healthcare,2003
2003-02-03,-0.006941241760969221,FBDIX,healthcare,2003
2003-02-04,-0.008671057635469142,FBDIX,healthcare,2003
2003-02-05,0.00504492745493108,FBDIX,healthcare,2003
2003-02-06,0.004412481376562411,FBDIX,healthcare,2003
2003-02-07,0.024884494263737386,FBDIX,healthcare,2003
2003-02-10,-0.0033551312315463324,FBDIX,healthcare,2003
2003-02-11,0.007957448935206177,FBDIX,healthcare,2003
2003-02-12,0.006986179394979827,FBDIX,healthcare,2003
2003-02-13,-0.016861273548438614,FBDIX,healthcare,2003
2003-02-14,-0.0144458846550198,FBDIX,healthcare,2003
2003-02-18,-0.0050186270052576965,FBDIX,healthcare,2003
2003-02-19,0.00436547902799612,FBDIX,healthcare,2003
2003-02-20,-0.0014628248907307424,FBDIX,healthcare,2003
2003-02-21,0.002871686876937429,FBDIX,healthcare,2003
2003-02-24,-0.005655971340109131,FBDIX,healthcare,2003
2003-02-25,-0.003633030050385444,FBDIX,healthcare,2003
2003-02-26,0.004454726447853849,FBDIX,healthcare,2003
2003-02-27,0.0007065864712735032,FBDIX,healthcare,2003
2003-02-28,-0.0028807906102841906,FBDIX,healthcare,2003
2003-03-03,0.002982389900251965,FBDIX,healthcare,2003
2003-03-04,0.009994534394102736,FBDIX,healthcare,2003
2003-03-05,-0.004760903265209568,FBDIX,healthcare,2003
2003-03-06,0.003904646156199016,FBDIX,healthcare,2003
2003-03-07,0.0031817115990662864,FBDIX,healthcare,2003
2003-03-10,0.013558451693582255,FBDIX,healthcare,2003
2003-03-11,0.0010096381795723156,FBDIX,healthcare,2003
2003-03-12,-0.0038228561984834613,FBDIX,healthcare,2003
2003-03-13,0.0037906470483095936,FBDIX,healthcare,2003
2003-03-14,-0.012455296162868073,FBDIX,healthcare,2003
2003-03-17,0.0011434177968377285,FBDIX,healthcare,2003
2003-03-18,0.011593202741216472,FBDIX,healthcare,2003
2003-03-19,-0.013882456283397647,FBDIX,healthcare,2003
2003-03-20,0.0038831844467641756,FBDIX,healthcare,2003
2003-03-21,-0.014069406825158136,FBDIX,healthcare,2003
2003-03-24,0.0019852119798027257,FBDIX,healthcare,2003
2003-03-25,0.010749336717477275,FBDIX,healthcare,2003
2003-03-26,-0.0007868467249777271,FBDIX,healthcare,2003
2003-03-27,0.01469001711728,FBDIX,healthcare,2003
2003-03-28,0.0018851638472649535,FBDIX,healthcare,2003
2003-03-31,0.009822181229847102,FBDIX,healthcare,2003
2003-04-01,-0.01292756527869989,FBDIX,healthcare,2003
2003-04-02,0.0054558919899800745,FBDIX,healthcare,2003
2003-04-03,0.016911347420102966,FBDIX,healthcare,2003
2003-04-04,-0.020777158224875733,FBDIX,healthcare,2003
2003-04-07,-0.014107056547293405,FBDIX,healthcare,2003
2003-04-08,-0.000220199783038561,FBDIX,healthcare,2003
2003-04-09,-0.005930657964398423,FBDIX,healthcare,2003
2003-04-10,-0.007837167268244656,FBDIX,healthcare,2003
2003-04-11,-0.0012063950463052776,FBDIX,healthcare,2003
2003-04-14,-0.009958105372401587,FBDIX,healthcare,2003
2003-04-15,-0.0010813672274042133,FBDIX,healthcare,2003
2003-04-16,0.0003937920373710997,FBDIX,healthcare,2003
2003-04-17,0.002862045434880403,FBDIX,healthcare,2003
2003-04-21,-0.0013293420396409661,FBDIX,healthcare,2003
2003-04-22,0.002880703430567781,FBDIX,healthcare,2003
2003-04-23,0.018998988600028695,FBDIX,healthcare,2003
2003-04-24,0.022486411428921865,FBDIX,healthcare,2003
2003-04-25,0.004126100957509867,FBDIX,healthcare,2003
2003-04-28,-0.002747260886103532,FBDIX,healthcare,2003
2003-04-29,-0.008783101378021334,FBDIX,healthcare,2003
2003-04-30,0.003074492473823259,FBDIX,healthcare,2003
2003-05-01,0.013516998178629653,FBDIX,healthcare,2003
2003-05-02,0.008239196847534724,FBDIX,healthcare,2003
2003-05-05,-0.0018829951663731689,FBDIX,healthcare,2003
2003-05-06,-0.025322695115442554,FBDIX,healthcare,2003
2003-05-07,-0.008941145893430029,FBDIX,healthcare,2003
2003-05-08,0.0031081592761781508,FBDIX,healthcare,2003
2003-05-09,0.0023302178557184257,FBDIX,healthcare,2003
2003-05-12,0.005806909224926814,FBDIX,healthcare,2003
2003-05-13,-0.00333830655385251,FBDIX,healthcare,2003
2003-05-14,0.023299759276365836,FBDIX,healthcare,2003
2003-05-15,0.016472464074318655,FBDIX,healthcare,2003
2003-05-16,-0.011104650355532947,FBDIX,healthcare,2003
2003-05-19,0.014772241437954779,FBDIX,healthcare,2003
2003-05-20,-0.0011996193525248668,FBDIX,healthcare,2003
2003-05-21,-0.0057925157659203235,FBDIX,healthcare,2003
2003-05-22,0.021535352229172182,FBDIX,healthcare,2003
2003-05-23,0.01642128641365949,FBDIX,healthcare,2003
2003-05-27,0.02534628841552558,FBDIX,healthcare,2003
2003-05-28,-0.018241560301318516,FBDIX,healthcare,2003
2003-05-29,-0.009169316984227929,FBDIX,healthcare,2003
2003-05-30,0.005527885386478092,FBDIX,healthcare,2003
2003-06-02,-0.006546801160006808,FBDIX,healthcare,2003
2003-06-03,-0.005125834723909541,FBDIX,healthcare,2003
2003-06-04,0.00698625339853334,FBDIX,healthcare,2003
2003-06-05,0.04813103926334468,FBDIX,healthcare,2003
2003-06-06,-0.013407539032074567,FBDIX,healthcare,2003
2003-06-09,-0.02192948325947573,FBDIX,healthcare,2003
2003-06-10,-0.0032848690073864605,FBDIX,healthcare,2003
2003-06-11,0.01937280655857801,FBDIX,healthcare,2003
2003-06-12,-0.014380172627943826,FBDIX,healthcare,2003
2003-06-13,0.001549399406072887,FBDIX,healthcare,2003
2003-06-16,0.003906339369995158,FBDIX,healthcare,2003
2003-06-17,-0.009738189983282623,FBDIX,healthcare,2003
2003-06-18,-0.02962712755592553,FBDIX,healthcare,2003
2003-06-19,-0.029725453760256947,FBDIX,healthcare,2003
2003-06-20,0.013680292393415441,FBDIX,healthcare,2003
2003-06-23,-0.01563644595182544,FBDIX,healthcare,2003
2003-06-24,0.0005450880489919693,FBDIX,healthcare,2003
2003-06-25,0.018959791637306753,FBDIX,healthcare,2003
2003-06-26,0.006026569618186241,FBDIX,healthcare,2003
2003-06-27,-0.00197748413105385,FBDIX,healthcare,2003
2003-06-30,-0.009495980999831725,FBDIX,healthcare,2003
2003-07-01,-0.014593447580454711,FBDIX,healthcare,2003
2003-07-02,0.010245755014763606,FBDIX,healthcare,2003
2003-07-03,0.00868181820649978,FBDIX,healthcare,2003
2003-07-07,0.00864949840709894,FBDIX,healthcare,2003
2003-07-08,0.012787482011881866,FBDIX,healthcare,2003
2003-07-09,0.011893928662588243,FBDIX,healthcare,2003
2003-07-10,-7.704292957345232e-05,FBDIX,healthcare,2003
2003-07-11,-0.004889356537535131,FBDIX,healthcare,2003
2003-07-14,0.009567611646480885,FBDIX,healthcare,2003
2003-07-15,0.005507311217028585,FBDIX,healthcare,2003
2003-07-16,0.0005602405751673773,FBDIX,healthcare,2003
2003-07-17,-0.009952668939893878,FBDIX,healthcare,2003
2003-07-18,-0.006599241995386689,FBDIX,healthcare,2003
2003-07-21,0.002753138589749007,FBDIX,healthcare,2003
2003-07-22,0.00039557592836936793,FBDIX,healthcare,2003
2003-07-23,0.005927684175571268,FBDIX,healthcare,2003
2003-07-24,-0.006273166280530677,FBDIX,healthcare,2003
2003-07-25,-0.010771804841055388,FBDIX,healthcare,2003
2003-07-28,0.022053838380992855,FBDIX,healthcare,2003
2003-07-29,-0.000793343798714023,FBDIX,healthcare,2003
2003-07-30,-0.003129933545012198,FBDIX,healthcare,2003
2003-07-31,0.007955171645639941,FBDIX,healthcare,2003
2003-08-01,-0.01754933291434478,FBDIX,healthcare,2003
2003-08-04,-0.012146177695490723,FBDIX,healthcare,2003
2003-08-05,-0.013129881034688807,FBDIX,healthcare,2003
2003-08-06,-0.019784076472522442,FBDIX,healthcare,2003
2003-08-07,-0.00030335811291826685,FBDIX,healthcare,2003
2003-08-08,-0.011447522321488166,FBDIX,healthcare,2003
2003-08-11,0.009424514211536702,FBDIX,healthcare,2003
2003-08-12,0.01639401701561722,FBDIX,healthcare,2003
2003-08-13,-0.00786685098538577,FBDIX,healthcare,2003
2003-08-14,-0.0017945375936756866,FBDIX,healthcare,2003
2003-08-15,-0.0024476667355657995,FBDIX,healthcare,2003
2003-08-18,0.015076475076591102,FBDIX,healthcare,2003
2003-08-19,-0.00568410711890233,FBDIX,healthcare,2003
2003-08-20,0.006919545332563785,FBDIX,healthcare,2003
2003-08-21,0.013356309574053947,FBDIX,healthcare,2003
2003-08-22,-0.011318510285943724,FBDIX,healthcare,2003
2003-08-25,-0.0011082664092027506,FBDIX,healthcare,2003
2003-08-26,-0.006106095883796759,FBDIX,healthcare,2003
2003-08-27,0.009881086605823373,FBDIX,healthcare,2003
2003-08-28,0.01193114175619737,FBDIX,healthcare,2003
2003-08-29,-0.0027867748290663795,FBDIX,healthcare,2003
2003-09-02,0.007193875723344078,FBDIX,healthcare,2003
2003-09-03,-0.016471656437739075,FBDIX,healthcare,2003
2003-09-04,0.01117268459873804,FBDIX,healthcare,2003
2003-09-05,0.005355156396078652,FBDIX,healthcare,2003
2003-09-08,0.025491779241621652,FBDIX,healthcare,2003
2003-09-09,0.012408887194922235,FBDIX,healthcare,2003
2003-09-10,-0.013142547726086504,FBDIX,healthcare,2003
2003-09-11,0.009929879461969125,FBDIX,healthcare,2003
2003-09-12,-3.0292297464626187e-06,FBDIX,healthcare,2003
2003-09-15,-0.00019642260800199112,FBDIX,healthcare,2003
2003-09-16,-0.01657650865426981,FBDIX,healthcare,2003
2003-09-17,0.013017169731855838,FBDIX,healthcare,2003
2003-09-18,-0.006778886441942206,FBDIX,healthcare,2003
2003-09-19,0.005836452764905521,FBDIX,healthcare,2003
2003-09-22,-0.008936570980751315,FBDIX,healthcare,2003
2003-09-23,0.004885382711864261,FBDIX,healthcare,2003
2003-09-24,-0.020731065028903536,FBDIX,healthcare,2003
2003-09-25,-0.0048951753168608135,FBDIX,healthcare,2003
2003-09-26,-0.020124418946864717,FBDIX,healthcare,2003
2003-09-29,0.0005561127994373125,FBDIX,healthcare,2003
2003-09-30,0.008347825409303351,FBDIX,healthcare,2003
2003-10-01,-0.01235681080201091,FBDIX,healthcare,2003
2003-10-02,0.015416839168669247,FBDIX,healthcare,2003
2003-10-03,-0.0039770878143673225,FBDIX,healthcare,2003
2003-10-06,-0.007495024491455168,FBDIX,healthcare,2003
2003-10-07,0.0018250698002844979,FBDIX,healthcare,2003
2003-10-08,-0.012016254143263044,FBDIX,healthcare,2003
2003-10-09,0.010458798794926089,FBDIX,healthcare,2003
2003-10-10,-0.009255970910706571,FBDIX,healthcare,2003
2003-10-13,0.006638447429198991,FBDIX,healthcare,2003
2003-10-14,-0.004490074914609779,FBDIX,healthcare,2003
2003-10-15,-0.01837468310069694,FBDIX,healthcare,2003
2003-10-16,-0.009117229574230456,FBDIX,healthcare,2003
2003-10-17,-0.017831674639574503,FBDIX,healthcare,2003
2003-10-20,-0.016751680909047436,FBDIX,healthcare,2003
2003-10-21,0.03610601835327957,FBDIX,healthcare,2003
2003-10-22,-0.02053040273772798,FBDIX,healthcare,2003
2003-10-23,0.00409160850498598,FBDIX,healthcare,2003
2003-10-24,0.0018334119112245442,FBDIX,healthcare,2003
2003-10-27,-0.002638820761866351,FBDIX,healthcare,2003
2003-10-28,0.006462047596269399,FBDIX,healthcare,2003
2003-10-29,-0.009230828358782235,FBDIX,healthcare,2003
2003-10-30,-0.007422319473135654,FBDIX,healthcare,2003
2003-10-31,0.008688720196818163,FBDIX,healthcare,2003
2003-11-03,-0.013876815210204027,FBDIX,healthcare,2003
2003-11-04,-0.006502511502176381,FBDIX,healthcare,2003
2003-11-05,-0.0009070149750657057,FBDIX,healthcare,2003
2003-11-06,0.007764434445748222,FBDIX,healthcare,2003
2003-11-07,0.0013003661562284276,FBDIX,healthcare,2003
2003-11-10,-0.027411756584692193,FBDIX,healthcare,2003
2003-11-11,-0.010819615808861226,FBDIX,healthcare,2003
2003-11-12,0.0145290507427816,FBDIX,healthcare,2003
2003-11-13,0.012025296251895608,FBDIX,healthcare,2003
2003-11-14,-0.015285380519738278,FBDIX,healthcare,2003
2003-11-17,0.006340702625981542,FBDIX,healthcare,2003
2003-11-18,-0.0069442845290906136,FBDIX,healthcare,2003
2003-11-19,2.4693972940813963e-05,FBDIX,healthcare,2003
2003-11-20,0.01603707898238141,FBDIX,healthcare,2003
2003-11-21,-0.005840661593516155,FBDIX,healthcare,2003
2003-11-24,0.022505997987290336,FBDIX,healthcare,2003
2003-11-25,-0.0054325261323525005,FBDIX,healthcare,2003
2003-11-26,0.0016170840792320042,FBDIX,healthcare,2003
2003-11-28,0.002595736020422762,FBDIX,healthcare,2003
2003-12-01,0.013389479321633839,FBDIX,healthcare,2003
2003-12-02,0.008265280901812808,FBDIX,healthcare,2003
2003-12-03,-0.010110173113213978,FBDIX,healthcare,2003
2003-12-04,-0.006814045241953571,FBDIX,healthcare,2003
2003-12-05,0.0020713147801167796,FBDIX,healthcare,2003
2003-12-08,-0.00723253777358133,FBDIX,healthcare,2003
2003-12-09,-0.005781159647608201,FBDIX,healthcare,2003
2003-12-10,-0.01050526082097018,FBDIX,healthcare,2003
2003-12-11,0.012956002921381604,FBDIX,healthcare,2003
2003-12-12,0.004705128041332831,FBDIX,healthcare,2003
2003-12-15,-0.00874867196371768,FBDIX,healthcare,2003
2003-12-16,-0.003448728142287386,FBDIX,healthcare,2003
2003-12-17,0.0006624102087109999,FBDIX,healthcare,2003
2003-12-18,-0.0023118885174780515,FBDIX,healthcare,2003
2003-12-19,0.0023772686461560892,FBDIX,healthcare,2003
2003-12-22,-0.006213789485962322,FBDIX,healthcare,2003
2003-12-23,0.008328637361973045,FBDIX,healthcare,2003
2003-12-24,-0.00034315446957918004,FBDIX,healthcare,2003
2003-12-26,-0.0015382195849770407,FBDIX,healthcare,2003
2003-12-29,-0.0025842680638532463,FBDIX,healthcare,2003
2003-12-30,0.0027907375331123366,FBDIX,healthcare,2003
2004-01-05,-0.00817116532881746,FBDIX,healthcare,2004
2004-01-06,0.0009074509496003081,FBDIX,healthcare,2004
2004-01-07,0.017987577737233654,FBDIX,healthcare,2004
2004-01-08,-0.006246202101457725,FBDIX,healthcare,2004
2004-01-09,0.01691595638656994,FBDIX,healthcare,2004
2004-01-12,-0.006475557524204347,FBDIX,healthcare,2004
2004-01-13,-0.00025398383766477364,FBDIX,healthcare,2004
2004-01-14,-0.017797248885025437,FBDIX,healthcare,2004
2004-01-15,0.007595233743987909,FBDIX,healthcare,2004
2004-01-16,0.008875054294476964,FBDIX,healthcare,2004
2004-01-20,-0.0001168520213888883,FBDIX,healthcare,2004
2004-01-21,0.0018398030256625425,FBDIX,healthcare,2004
2004-01-22,-0.006010704944269191,FBDIX,healthcare,2004
2004-01-23,0.01811852715098536,FBDIX,healthcare,2004
2004-01-26,-0.01103406158424603,FBDIX,healthcare,2004
2004-01-27,0.0012421037930469697,FBDIX,healthcare,2004
2004-01-28,0.0021654780141050142,FBDIX,healthcare,2004
2004-01-29,0.004420875389032583,FBDIX,healthcare,2004
2004-01-30,-0.012393649847940677,FBDIX,healthcare,2004
2004-02-02,0.00930828715936935,FBDIX,healthcare,2004
2004-02-03,0.009480126606437832,FBDIX,healthcare,2004
2004-02-04,-0.00952536113145473,FBDIX,healthcare,2004
2004-02-05,-0.011282920051525282,FBDIX,healthcare,2004
2004-02-06,0.000353767665413382,FBDIX,healthcare,2004
2004-02-09,0.0064478353199200625,FBDIX,healthcare,2004
2004-02-10,0.0023791818832527853,FBDIX,healthcare,2004
2004-02-11,-0.009647532240582506,FBDIX,healthcare,2004
2004-02-12,0.0025502051177087037,FBDIX,healthcare,2004
2004-02-13,-0.00415722095196193,FBDIX,healthcare,2004
2004-02-17,-0.010195359458827068,FBDIX,healthcare,2004
2004-02-18,0.01507977028117204,FBDIX,healthcare,2004
2004-02-19,-0.006869523656456146,FBDIX,healthcare,2004
2004-02-20,-0.0013225005753418027,FBDIX,healthcare,2004
2004-02-23,-0.015239030111487108,FBDIX,healthcare,2004
2004-02-24,0.006330904065508849,FBDIX,healthcare,2004
2004-02-25,0.005552874326506984,FBDIX,healthcare,2004
2004-02-26,0.01115283169760635,FBDIX,healthcare,2004
2004-02-27,0.00437625904014677,FBDIX,healthcare,2004
2004-03-01,-0.008775456672777744,FBDIX,healthcare,2004
2004-03-02,0.012110995846210141,FBDIX,healthcare,2004
2004-03-03,0.010014293164311575,FBDIX,healthcare,2004
2004-03-04,0.012351800123679826,FBDIX,healthcare,2004
2004-03-05,0.0052836898960698965,FBDIX,healthcare,2004
2004-03-08,-0.0008324089588040498,FBDIX,healthcare,2004
2004-03-09,-0.0033006284920145384,FBDIX,healthcare,2004
2004-03-10,0.009257367838350909,FBDIX,healthcare,2004
2004-03-11,0.00804251364421876,FBDIX,healthcare,2004
2004-03-12,0.0030808229556676114,FBDIX,healthcare,2004
2004-03-15,-0.009716777936707426,FBDIX,healthcare,2004
2004-03-16,-0.014771852839587391,FBDIX,healthcare,2004
2004-03-17,0.009496847889158978,FBDIX,healthcare,2004
2004-03-18,-0.0020662898033664,FBDIX,healthcare,2004
2004-03-19,0.01808726567030582,FBDIX,healthcare,2004
2004-03-22,-0.008698231739930413,FBDIX,healthcare,2004
2004-03-23,-0.006419507138317928,FBDIX,healthcare,2004
2004-03-24,-0.0023587512633434487,FBDIX,healthcare,2004
2004-03-25,0.0054808819506385505,FBDIX,healthcare,2004
2004-03-26,-0.009667691447798233,FBDIX,healthcare,2004
2004-03-29,0.009709845786977873,FBDIX,healthcare,2004
2004-03-30,0.004224492003869142,FBDIX,healthcare,2004
2004-03-31,-0.0043291319651687,FBDIX,healthcare,2004
2004-04-01,-0.000725811822494711,FBDIX,healthcare,2004
2004-04-02,0.010354906576631764,FBDIX,healthcare,2004
2004-04-05,0.003757187741764286,FBDIX,healthcare,2004
2004-04-06,-0.012236523263202225,FBDIX,healthcare,2004
2004-04-07,0.003205218788373027,FBDIX,healthcare,2004
2004-04-08,0.0002465660613818585,FBDIX,healthcare,2004
2004-04-12,-0.0010251401498560147,FBDIX,healthcare,2004
2004-04-13,-0.000391512033247967,FBDIX,healthcare,2004
2004-04-14,0.004282045204224367,FBDIX,healthcare,2004
2004-04-15,0.009370910078882737,FBDIX,healthcare,2004
2004-04-16,-0.0016300665020994067,FBDIX,healthcare,2004
2004-04-19,0.02108535692110082,FBDIX,healthcare,2004
2004-04-20,0.005966867062546982,FBDIX,healthcare,2004
2004-04-21,0.0035274959895228303,FBDIX,healthcare,2004
2004-04-22,-0.006799761085725517,FBDIX,healthcare,2004
2004-04-23,-0.0004264525263242935,FBDIX,healthcare,2004
2004-04-26,0.05487785315901768,FBDIX,healthcare,2004
2004-04-27,-0.0003440776065190876,FBDIX,healthcare,2004
2004-04-28,-0.011676072051907856,FBDIX,healthcare,2004
2004-04-29,-0.0030469403683183773,FBDIX,healthcare,2004
2004-04-30,-0.014486106837910065,FBDIX,healthcare,2004
2004-05-03,-0.0057311678563039346,FBDIX,healthcare,2004
2004-05-04,-0.010800564867847676,FBDIX,healthcare,2004
2004-05-05,0.0076479585346314015,FBDIX,healthcare,2004
2004-05-06,-0.0058000441477027865,FBDIX,healthcare,2004
2004-05-07,0.0060425893100377465,FBDIX,healthcare,2004
2004-05-10,-0.008250227066607945,FBDIX,healthcare,2004
2004-05-11,0.0002969669324749992,FBDIX,healthcare,2004
2004-05-12,0.0022520158064972696,FBDIX,healthcare,2004
2004-05-13,0.0062831444096962535,FBDIX,healthcare,2004
2004-05-14,-0.00481492821227864,FBDIX,healthcare,2004
2004-05-17,0.0019982020295103275,FBDIX,healthcare,2004
2004-05-18,0.006425561556198161,FBDIX,healthcare,2004
2004-05-19,-0.008024013914330929,FBDIX,healthcare,2004
2004-05-20,-0.004873746812717637,FBDIX,healthcare,2004
2004-05-21,0.004523640533987813,FBDIX,healthcare,2004
2004-05-24,-0.012532853722774288,FBDIX,healthcare,2004
2004-05-25,-0.003117079401413203,FBDIX,healthcare,2004
2004-05-26,0.008480984322496114,FBDIX,healthcare,2004
2004-05-27,-0.008452836267019976,FBDIX,healthcare,2004
2004-05-28,-0.0005373995725214702,FBDIX,healthcare,2004
2004-06-01,0.00962101403858654,FBDIX,healthcare,2004
2004-06-02,-0.004332455287984623,FBDIX,healthcare,2004
2004-06-03,-0.007588438605513977,FBDIX,healthcare,2004
2004-06-04,-0.00445402654835898,FBDIX,healthcare,2004
2004-06-07,-0.02408499457013711,FBDIX,healthcare,2004
2004-06-08,-0.010361576147182939,FBDIX,healthcare,2004
2004-06-09,-0.018293452840969525,FBDIX,healthcare,2004
2004-06-10,-0.019331429583470706,FBDIX,healthcare,2004
2004-06-14,0.013183075548972316,FBDIX,healthcare,2004
2004-06-15,-0.002182953384031164,FBDIX,healthcare,2004
2004-06-16,0.014504830503924558,FBDIX,healthcare,2004
2004-06-17,-0.0018234886657497945,FBDIX,healthcare,2004
2004-06-18,-0.0021288479831710876,FBDIX,healthcare,2004
2004-06-21,-0.007504100574808722,FBDIX,healthcare,2004
2004-06-22,-0.007604722822819434,FBDIX,healthcare,2004
2004-06-23,0.012270052782431122,FBDIX,healthcare,2004
2004-06-24,0.008071221639430384,FBDIX,healthcare,2004
2004-06-25,0.013658003011883699,FBDIX,healthcare,2004
2004-06-28,-0.007183052381926328,FBDIX,healthcare,2004
2004-06-29,0.0027266308505254164,FBDIX,healthcare,2004
2004-06-30,0.0008478273241997354,FBDIX,healthcare,2004
2004-07-01,0.010743185604122655,FBDIX,healthcare,2004
2004-07-02,0.002819326154585005,FBDIX,healthcare,2004
2004-07-06,-0.0033402799252578858,FBDIX,healthcare,2004
2004-07-07,-0.007258376085432653,FBDIX,healthcare,2004
2004-07-08,-0.014478015891155915,FBDIX,healthcare,2004
2004-07-09,-0.006420378085056267,FBDIX,healthcare,2004
2004-07-12,-0.003831360807468907,FBDIX,healthcare,2004
2004-07-13,-0.00016282384606110104,FBDIX,healthcare,2004
2004-07-14,0.01051792121780384,FBDIX,healthcare,2004
2004-07-15,0.008071366996228516,FBDIX,healthcare,2004
2004-07-16,-0.025282997827822302,FBDIX,healthcare,2004
2004-07-19,-0.004643469922123633,FBDIX,healthcare,2004
2004-07-20,-0.0017371458783756386,FBDIX,healthcare,2004
2004-07-21,-0.015352889087582672,FBDIX,healthcare,2004
2004-07-22,0.006404461926817721,FBDIX,healthcare,2004
2004-07-23,-0.005239728860903202,FBDIX,healthcare,2004
2004-07-26,-0.01907877289486587,FBDIX,healthcare,2004
2004-07-27,0.01691389119194399,FBDIX,healthcare,2004
2004-07-28,0.0034048732606953578,FBDIX,healthcare,2004
2004-07-29,0.0006058815156775518,FBDIX,healthcare,2004
2004-07-30,0.014154913143184226,FBDIX,healthcare,2004
2004-08-02,-0.01578408558232855,FBDIX,healthcare,2004
2004-08-03,0.0005684883999261328,FBDIX,healthcare,2004
2004-08-04,-0.004929602625830353,FBDIX,healthcare,2004
2004-08-05,-0.0010699372668906103,FBDIX,healthcare,2004
2004-08-06,-0.008968642849991684,FBDIX,healthcare,2004
2004-08-09,-0.01318940682750128,FBDIX,healthcare,2004
2004-08-10,0.00583386460371119,FBDIX,healthcare,2004
2004-08-11,0.02968773676065079,FBDIX,healthcare,2004
2004-08-12,0.011491794440502592,FBDIX,healthcare,2004
2004-08-13,-0.018269818559367403,FBDIX,healthcare,2004
2004-08-16,0.018499131224099963,FBDIX,healthcare,2004
2004-08-17,0.00036980632195524055,FBDIX,healthcare,2004
2004-08-18,0.02108431043400945,FBDIX,healthcare,2004
2004-08-19,-0.0018049683483255322,FBDIX,healthcare,2004
2004-08-20,0.011541858194256247,FBDIX,healthcare,2004
2004-08-23,-0.01185621344998798,FBDIX,healthcare,2004
2004-08-24,0.0013780602759044295,FBDIX,healthcare,2004
2004-08-25,0.011466452271530361,FBDIX,healthcare,2004
2004-08-26,-0.0025436350268842776,FBDIX,healthcare,2004
2004-08-27,0.009394891961550807,FBDIX,healthcare,2004
2004-08-30,-0.012236399522127002,FBDIX,healthcare,2004
2004-08-31,0.00478918104122761,FBDIX,healthcare,2004
2004-09-01,0.01935246787151346,FBDIX,healthcare,2004
2004-09-02,-0.0016921895096082395,FBDIX,healthcare,2004
2004-09-03,-0.005549523540276912,FBDIX,healthcare,2004
2004-09-07,-0.0077566379799500415,FBDIX,healthcare,2004
2004-09-08,-0.008249416009116684,FBDIX,healthcare,2004
2004-09-09,0.006397205296246808,FBDIX,healthcare,2004
2004-09-10,0.007306485159184732,FBDIX,healthcare,2004
2004-09-13,0.008326318925922017,FBDIX,healthcare,2004
2004-09-14,0.003442783022226149,FBDIX,healthcare,2004
2004-09-15,0.0046278042790297656,FBDIX,healthcare,2004
2004-09-16,-0.0007273814410479716,FBDIX,healthcare,2004
2004-09-17,0.0016533832248979922,FBDIX,healthcare,2004
2004-09-20,0.010555779142085905,FBDIX,healthcare,2004
2004-09-21,0.004664651965691834,FBDIX,healthcare,2004
2004-09-22,-0.006238080372421389,FBDIX,healthcare,2004
2004-09-23,0.005188785405922233,FBDIX,healthcare,2004
2004-09-24,-0.008111266090497234,FBDIX,healthcare,2004
2004-09-27,-0.00908421738864572,FBDIX,healthcare,2004
2004-09-28,0.008603779287614015,FBDIX,healthcare,2004
2004-09-29,-0.00623116815275041,FBDIX,healthcare,2004
2004-09-30,0.002318843109169303,FBDIX,healthcare,2004
2004-10-01,-0.007964327850364002,FBDIX,healthcare,2004
2004-10-04,0.007538953307665536,FBDIX,healthcare,2004
2004-10-05,-0.01659794496090995,FBDIX,healthcare,2004
2004-10-06,-0.007023921575637139,FBDIX,healthcare,2004
2004-10-07,-0.011952197836391478,FBDIX,healthcare,2004
2004-10-08,0.0009717116313116315,FBDIX,healthcare,2004
2004-10-11,0.004978811370626863,FBDIX,healthcare,2004
2004-10-12,-0.00023674919685662005,FBDIX,healthcare,2004
2004-10-13,-0.010062055655158428,FBDIX,healthcare,2004
2004-10-14,0.0066019968991202285,FBDIX,healthcare,2004
2004-10-15,0.004834327685620525,FBDIX,healthcare,2004
2004-10-18,0.012228902287601547,FBDIX,healthcare,2004
2004-10-19,-0.00027937740051105914,FBDIX,healthcare,2004
2004-10-20,0.007461484321363489,FBDIX,healthcare,2004
2004-10-21,-0.021605387340832154,FBDIX,healthcare,2004
2004-10-22,-0.006879262627360702,FBDIX,healthcare,2004
2004-10-25,-0.010802783574439801,FBDIX,healthcare,2004
2004-10-26,-0.006706440209585916,FBDIX,healthcare,2004
2004-10-27,0.009909588474809692,FBDIX,healthcare,2004
2004-10-28,0.00023085837243407015,FBDIX,healthcare,2004
2004-10-29,-0.0018533343533856089,FBDIX,healthcare,2004
2004-11-01,-0.004589589676787691,FBDIX,healthcare,2004
2004-11-02,-0.010074909708275815,FBDIX,healthcare,2004
2004-11-03,0.013378093527317614,FBDIX,healthcare,2004
2004-11-04,-0.015318621965350769,FBDIX,healthcare,2004
2004-11-05,0.011095915196774789,FBDIX,healthcare,2004
2004-11-08,-0.0038874610584269053,FBDIX,healthcare,2004
2004-11-09,0.013031880885492788,FBDIX,healthcare,2004
2004-11-10,0.0033304578985790378,FBDIX,healthcare,2004
2004-11-11,-0.00762474832404964,FBDIX,healthcare,2004
2004-11-12,-0.015629204767637284,FBDIX,healthcare,2004
2004-11-15,-0.00470906064936733,FBDIX,healthcare,2004
2004-11-16,0.003887553446860279,FBDIX,healthcare,2004
2004-11-17,-0.013348147081008793,FBDIX,healthcare,2004
2004-11-18,-0.00403813504687788,FBDIX,healthcare,2004
2004-11-19,-0.006135446482144879,FBDIX,healthcare,2004
2004-11-22,-0.008194535878337812,FBDIX,healthcare,2004
2004-11-23,-0.009693173597938028,FBDIX,healthcare,2004
2004-11-24,0.0023351424388395525,FBDIX,healthcare,2004
2004-11-26,0.003196988243808263,FBDIX,healthcare,2004
2004-11-29,0.00628228822922289,FBDIX,healthcare,2004
2004-11-30,-0.0005281291084729503,FBDIX,healthcare,2004
2004-12-01,-0.0008175722974067857,FBDIX,healthcare,2004
2004-12-02,0.01653961803242739,FBDIX,healthcare,2004
2004-12-03,-0.002929565968174526,FBDIX,healthcare,2004
2004-12-06,-0.004404357881719841,FBDIX,healthcare,2004
2004-12-07,-0.005346131243884998,FBDIX,healthcare,2004
2004-12-08,0.013222119038008,FBDIX,healthcare,2004
2004-12-09,0.0029096511754910844,FBDIX,healthcare,2004
2004-12-10,-0.003129559586811697,FBDIX,healthcare,2004
2004-12-13,0.003566336876301769,FBDIX,healthcare,2004
2004-12-14,0.0029852662085394213,FBDIX,healthcare,2004
2004-12-15,-0.0068082507732424805,FBDIX,healthcare,2004
2004-12-16,-0.0033698917649541862,FBDIX,healthcare,2004
2004-12-17,0.016420545973199693,FBDIX,healthcare,2004
2004-12-20,-0.0047836205493344145,FBDIX,healthcare,2004
2004-12-21,-0.006665813406220817,FBDIX,healthcare,2004
2004-12-22,-0.0029353879656475435,FBDIX,healthcare,2004
2004-12-23,-0.004018410079543143,FBDIX,healthcare,2004
2004-12-27,-0.0024671889323952686,FBDIX,healthcare,2004
2004-12-28,0.011765765334388474,FBDIX,healthcare,2004
2004-12-29,-0.0037904564530100503,FBDIX,healthcare,2004
2004-12-30,0.0019794628579993725,FBDIX,healthcare,2004
2005-01-05,0.0018692874805831825,FBDIX,healthcare,2005
2005-01-06,0.011489687757453534,FBDIX,healthcare,2005
2005-01-07,0.0011585051362008737,FBDIX,healthcare,2005
2005-01-10,0.002636137288475131,FBDIX,healthcare,2005
2005-01-11,-0.013553310548271023,FBDIX,healthcare,2005
2005-01-12,0.0036214435238483477,FBDIX,healthcare,2005
2005-01-13,-0.010450782348469478,FBDIX,healthcare,2005
2005-01-14,0.0018305911642622638,FBDIX,healthcare,2005
2005-01-18,0.0036159204830811687,FBDIX,healthcare,2005
2005-01-19,0.0002950578544696804,FBDIX,healthcare,2005
2005-01-20,-0.0052763106981064435,FBDIX,healthcare,2005
2005-01-21,-0.0012700654837860086,FBDIX,healthcare,2005
2005-01-24,-0.019768822267712923,FBDIX,healthcare,2005
2005-01-25,-0.001160981541448591,FBDIX,healthcare,2005
2005-01-26,0.018396880767780295,FBDIX,healthcare,2005
2005-01-27,-0.007604973737778846,FBDIX,healthcare,2005
2005-01-28,-0.01518479368019124,FBDIX,healthcare,2005
2005-01-31,0.006401123559399571,FBDIX,healthcare,2005
2005-02-01,-0.0016816550003909353,FBDIX,healthcare,2005
2005-02-02,-0.006570469351750612,FBDIX,healthcare,2005
2005-02-03,-0.004045911250896797,FBDIX,healthcare,2005
2005-02-04,0.009900100127534709,FBDIX,healthcare,2005
2005-02-07,0.001227014340266132,FBDIX,healthcare,2005
2005-02-08,-0.007703936240654786,FBDIX,healthcare,2005
2005-02-09,-0.02151281755205168,FBDIX,healthcare,2005
2005-02-10,-0.00791787672120229,FBDIX,healthcare,2005
2005-02-11,0.01067938145646627,FBDIX,healthcare,2005
2005-02-14,-0.0018415854082816478,FBDIX,healthcare,2005
2005-02-15,-0.005415898264394904,FBDIX,healthcare,2005
2005-02-16,-0.0012759268156442853,FBDIX,healthcare,2005
2005-02-17,0.0018241670250454152,FBDIX,healthcare,2005
2005-02-18,-0.004065887473797972,FBDIX,healthcare,2005
2005-02-22,-0.0023260028920689922,FBDIX,healthcare,2005
2005-02-23,-0.003035957613771988,FBDIX,healthcare,2005
2005-02-24,-0.00017370777274571328,FBDIX,healthcare,2005
2005-02-25,0.0059344018021641465,FBDIX,healthcare,2005
2005-02-28,-0.057405221881840954,FBDIX,healthcare,2005
2005-03-01,0.002044739201060613,FBDIX,healthcare,2005
2005-03-02,-0.0001781674414985457,FBDIX,healthcare,2005
2005-03-03,-0.014370254267974293,FBDIX,healthcare,2005
2005-03-04,-0.0267456925239768,FBDIX,healthcare,2005
2005-03-07,0.0028039672019130367,FBDIX,healthcare,2005
2005-03-08,-0.0007780915158042464,FBDIX,healthcare,2005
2005-03-09,0.00639761125898688,FBDIX,healthcare,2005
2005-03-10,-0.0037874166023496537,FBDIX,healthcare,2005
2005-03-11,0.0035873824687410894,FBDIX,healthcare,2005
2005-03-14,0.03460070060208968,FBDIX,healthcare,2005
2005-03-15,-0.007732182188453,FBDIX,healthcare,2005
2005-03-16,-0.0008676542750870771,FBDIX,healthcare,2005
2005-03-17,0.0008252755132189902,FBDIX,healthcare,2005
2005-03-18,0.006133810613704939,FBDIX,healthcare,2005
2005-03-21,0.006550360730786368,FBDIX,healthcare,2005
2005-03-22,0.007729443951490934,FBDIX,healthcare,2005
2005-03-23,0.005182603586774193,FBDIX,healthcare,2005
2005-03-24,0.0030266443470814714,FBDIX,healthcare,2005
2005-03-28,-0.017651924639960636,FBDIX,healthcare,2005
2005-03-29,-0.010082951946306176,FBDIX,healthcare,2005
2005-03-30,-0.003819385510681778,FBDIX,healthcare,2005
2005-03-31,-0.008037570427111585,FBDIX,healthcare,2005
2005-04-01,-0.007978061373470065,FBDIX,healthcare,2005
2005-04-04,-0.00723447432072266,FBDIX,healthcare,2005
2005-04-05,0.005655141617167405,FBDIX,healthcare,2005
2005-04-06,0.014815976508950427,FBDIX,healthcare,2005
2005-04-07,0.013552360402404323,FBDIX,healthcare,2005
2005-04-08,0.0015999854192120262,FBDIX,healthcare,2005
2005-04-11,-0.0009940833569679903,FBDIX,healthcare,2005
2005-04-12,0.006485411790608023,FBDIX,healthcare,2005
2005-04-13,0.0043021412415521505,FBDIX,healthcare,2005
2005-04-14,0.0015567889634955142,FBDIX,healthcare,2005
2005-04-15,0.028730321557214094,FBDIX,healthcare,2005
2005-04-18,-0.009271539023600435,FBDIX,healthcare,2005
2005-04-19,-0.0014648832103750023,FBDIX,healthcare,2005
2005-04-20,0.009950775612403082,FBDIX,healthcare,2005
2005-04-21,-0.004526145704675674,FBDIX,healthcare,2005
2005-04-22,2.560715907870721e-06,FBDIX,healthcare,2005
2005-04-25,-0.005778914795945849,FBDIX,healthcare,2005
2005-04-26,0.014515648364330858,FBDIX,healthcare,2005
2005-04-27,-0.010370433039913642,FBDIX,healthcare,2005
2005-04-28,-0.004267026517962787,FBDIX,healthcare,2005
2005-04-29,-0.011199515647452352,FBDIX,healthcare,2005
2005-05-02,0.0014383914307887751,FBDIX,healthcare,2005
2005-05-03,0.0037193579437413693,FBDIX,healthcare,2005
2005-05-04,0.0033986473747412687,FBDIX,healthcare,2005
2005-05-05,0.005144126406425496,FBDIX,healthcare,2005
2005-05-06,0.005837542765320598,FBDIX,healthcare,2005
2005-05-09,0.0061326523622824035,FBDIX,healthcare,2005
2005-05-10,0.01929950530458948,FBDIX,healthcare,2005
2005-05-11,-0.004187252356589741,FBDIX,healthcare,2005
2005-05-12,0.009507993018683821,FBDIX,healthcare,2005
2005-05-13,-0.005030585602807423,FBDIX,healthcare,2005
2005-05-16,-0.006739105280016386,FBDIX,healthcare,2005
2005-05-17,-0.012985714915018706,FBDIX,healthcare,2005
2005-05-18,-0.004311489169797582,FBDIX,healthcare,2005
2005-05-19,0.00038366843292722986,FBDIX,healthcare,2005
2005-05-20,-0.0025679143160410615,FBDIX,healthcare,2005
2005-05-23,-0.002805688866821162,FBDIX,healthcare,2005
2005-05-24,0.0011494055406181339,FBDIX,healthcare,2005
2005-05-25,-0.010126205124314325,FBDIX,healthcare,2005
2005-05-26,0.0036622489540827034,FBDIX,healthcare,2005
2005-05-27,0.003101014582016717,FBDIX,healthcare,2005
2005-05-31,-0.0015150984644752875,FBDIX,healthcare,2005
2005-06-01,-0.0019237974766253812,FBDIX,healthcare,2005
2005-06-02,-0.001990018162631526,FBDIX,healthcare,2005
2005-06-03,-0.013711100312470064,FBDIX,healthcare,2005
2005-06-06,-0.009067750641531385,FBDIX,healthcare,2005
2005-06-07,-0.007720903789287629,FBDIX,healthcare,2005
2005-06-08,-0.001605269131923417,FBDIX,healthcare,2005
2005-06-09,0.010788844957297625,FBDIX,healthcare,2005
2005-06-10,0.003406675864831464,FBDIX,healthcare,2005
2005-06-13,-0.0020901702399980047,FBDIX,healthcare,2005
2005-06-14,-0.0007053556189265545,FBDIX,healthcare,2005
2005-06-15,-0.0008514933946175329,FBDIX,healthcare,2005
2005-06-16,0.03835478594062731,FBDIX,healthcare,2005
2005-06-17,0.008601335719759396,FBDIX,healthcare,2005
2005-06-20,0.0054252077964436415,FBDIX,healthcare,2005
2005-06-21,-0.01019498337249123,FBDIX,healthcare,2005
2005-06-22,-0.005025534090585944,FBDIX,healthcare,2005
2005-06-23,0.0057843846873475505,FBDIX,healthcare,2005
2005-06-24,0.014587927849578738,FBDIX,healthcare,2005
2005-06-27,-0.008151252569875759,FBDIX,healthcare,2005
2005-06-28,0.009084558624899736,FBDIX,healthcare,2005
2005-06-29,0.002171423603724933,FBDIX,healthcare,2005
2005-06-30,0.0027922628705398956,FBDIX,healthcare,2005
2005-07-01,-0.003108154321335437,FBDIX,healthcare,2005
2005-07-05,0.0005126204012619578,FBDIX,healthcare,2005
2005-07-06,0.010345488140196793,FBDIX,healthcare,2005
2005-07-07,0.007684074481578855,FBDIX,healthcare,2005
2005-07-08,0.01533429697274487,FBDIX,healthcare,2005
2005-07-11,-0.0018749359791020333,FBDIX,healthcare,2005
2005-07-12,-0.002581488889064044,FBDIX,healthcare,2005
2005-07-13,-0.0019066828184606396,FBDIX,healthcare,2005
2005-07-14,0.015768079594829017,FBDIX,healthcare,2005
2005-07-15,0.021828322549013027,FBDIX,healthcare,2005
2005-07-18,-0.0017977155663457204,FBDIX,healthcare,2005
2005-07-19,-0.0033619730568343427,FBDIX,healthcare,2005
2005-07-20,0.031092991659437727,FBDIX,healthcare,2005
2005-07-21,0.004180624237560096,FBDIX,healthcare,2005
2005-07-22,-0.021616400088097832,FBDIX,healthcare,2005
2005-07-25,-0.011887925155252969,FBDIX,healthcare,2005
2005-07-26,0.014832508577177706,FBDIX,healthcare,2005
2005-07-27,-0.004678925742066148,FBDIX,healthcare,2005
2005-07-28,0.0018097777756782086,FBDIX,healthcare,2005
2005-07-29,0.003545590825440208,FBDIX,healthcare,2005
2005-08-01,0.01145979881541319,FBDIX,healthcare,2005
2005-08-02,-0.0024960200118669135,FBDIX,healthcare,2005
2005-08-03,0.00029005928590904824,FBDIX,healthcare,2005
2005-08-04,-0.009857211850815392,FBDIX,healthcare,2005
2005-08-05,-0.00512908161133719,FBDIX,healthcare,2005
2005-08-08,-0.01596673404322772,FBDIX,healthcare,2005
2005-08-09,-0.00035881159564410577,FBDIX,healthcare,2005
2005-08-10,-0.00045414034468216536,FBDIX,healthcare,2005
2005-08-11,0.008119608615174695,FBDIX,healthcare,2005
2005-08-12,-0.0030124839796844714,FBDIX,healthcare,2005
2005-08-15,-0.0014808608917202,FBDIX,healthcare,2005
2005-08-16,0.00254083650196652,FBDIX,healthcare,2005
2005-08-17,-0.005096075953279217,FBDIX,healthcare,2005
2005-08-18,0.00016250890447816214,FBDIX,healthcare,2005
2005-08-19,-2.591357162277626e-05,FBDIX,healthcare,2005
2005-08-22,0.001702570910748259,FBDIX,healthcare,2005
2005-08-23,0.003323108359049323,FBDIX,healthcare,2005
2005-08-24,0.007280649132261707,FBDIX,healthcare,2005
2005-08-25,0.0004167367187553426,FBDIX,healthcare,2005
2005-08-26,0.0005338593591667929,FBDIX,healthcare,2005
2005-08-29,0.003926474362954202,FBDIX,healthcare,2005
2005-08-30,-0.0001561881868430851,FBDIX,healthcare,2005
2005-08-31,0.0064610804832155935,FBDIX,healthcare,2005
2005-09-01,0.009768435702161751,FBDIX,healthcare,2005
2005-09-02,-0.006292502287858115,FBDIX,healthcare,2005
2005-09-06,0.004442059196654937,FBDIX,healthcare,2005
2005-09-07,0.0034905502355163506,FBDIX,healthcare,2005
2005-09-08,-0.0011365572708405968,FBDIX,healthcare,2005
2005-09-09,-0.0048353795383940315,FBDIX,healthcare,2005
2005-09-12,0.00531297045859635,FBDIX,healthcare,2005
2005-09-13,-0.004389816547196734,FBDIX,healthcare,2005
2005-09-14,-0.005490425688661221,FBDIX,healthcare,2005
2005-09-15,0.004491571860320791,FBDIX,healthcare,2005
2005-09-16,-0.0009677035984699779,FBDIX,healthcare,2005
2005-09-19,-0.002366013984463347,FBDIX,healthcare,2005
2005-09-20,0.010513112993475097,FBDIX,healthcare,2005
2005-09-21,-0.007329942020145431,FBDIX,healthcare,2005
2005-09-22,-0.007955969296672522,FBDIX,healthcare,2005
2005-09-23,-0.0005297187194191486,FBDIX,healthcare,2005
2005-09-26,-0.002694151188223028,FBDIX,healthcare,2005
2005-09-27,-0.006263462773326838,FBDIX,healthcare,2005
2005-09-28,-0.0005341104387495911,FBDIX,healthcare,2005
2005-09-29,-0.003753982601662479,FBDIX,healthcare,2005
2005-09-30,0.006676388017743865,FBDIX,healthcare,2005
2005-10-03,0.01162029964474155,FBDIX,healthcare,2005
2005-10-04,0.010772162928857035,FBDIX,healthcare,2005
2005-10-05,-0.0171696936451163,FBDIX,healthcare,2005
2005-10-06,-0.02868602068956228,FBDIX,healthcare,2005
2005-10-07,-0.002580450506694471,FBDIX,healthcare,2005
2005-10-10,0.00625433298589438,FBDIX,healthcare,2005
2005-10-11,-0.017099392837821487,FBDIX,healthcare,2005
2005-10-12,-0.015800404119277064,FBDIX,healthcare,2005
2005-10-13,0.019066342814553126,FBDIX,healthcare,2005
2005-10-14,0.011069588453700133,FBDIX,healthcare,2005
2005-10-17,-0.008735188661992313,FBDIX,healthcare,2005
2005-10-18,0.00878576273381497,FBDIX,healthcare,2005
2005-10-19,-0.007710792338361678,FBDIX,healthcare,2005
2005-10-20,0.004797225440297016,FBDIX,healthcare,2005
2005-10-21,-0.006918528012548648,FBDIX,healthcare,2005
2005-10-24,0.011489354435079077,FBDIX,healthcare,2005
2005-10-25,0.009819792574553747,FBDIX,healthcare,2005
2005-10-26,-0.003199129668453459,FBDIX,healthcare,2005
2005-10-27,-0.010868857681947314,FBDIX,healthcare,2005
2005-10-28,-0.010454769746228578,FBDIX,healthcare,2005
2005-10-31,0.01938174684132078,FBDIX,healthcare,2005
2005-11-01,-0.0183547791906148,FBDIX,healthcare,2005
2005-11-02,-0.002432251877011158,FBDIX,healthcare,2005
2005-11-03,0.016500510039964444,FBDIX,healthcare,2005
2005-11-04,0.012487694602204898,FBDIX,healthcare,2005
2005-11-07,-0.005744227868744939,FBDIX,healthcare,2005
2005-11-08,0.004040709570600659,FBDIX,healthcare,2005
2005-11-09,0.003232126982450149,FBDIX,healthcare,2005
2005-11-10,0.004352663580188215,FBDIX,healthcare,2005
2005-11-11,1.7833771916306133e-05,FBDIX,healthcare,2005
2005-11-14,-0.006674445434832253,FBDIX,healthcare,2005
2005-11-15,-0.0006988975488908967,FBDIX,healthcare,2005
2005-11-16,0.0009267633613795115,FBDIX,healthcare,2005
2005-11-17,0.0042216562538117276,FBDIX,healthcare,2005
2005-11-18,0.002515101486004489,FBDIX,healthcare,2005
2005-11-21,0.0034481346620944472,FBDIX,healthcare,2005
2005-11-22,-0.0028349153194575276,FBDIX,healthcare,2005
2005-11-23,-0.014163808777257599,FBDIX,healthcare,2005
2005-11-25,-0.003961682159093121,FBDIX,healthcare,2005
2005-11-28,-0.013266743469826515,FBDIX,healthcare,2005
2005-11-29,-0.007868517991741797,FBDIX,healthcare,2005
2005-11-30,0.011295055879326471,FBDIX,healthcare,2005
2005-12-01,-0.002647856640156829,FBDIX,healthcare,2005
2005-12-02,-0.007563137848919002,FBDIX,healthcare,2005
2005-12-05,0.0023435284166926197,FBDIX,healthcare,2005
2005-12-06,-0.011166845446712523,FBDIX,healthcare,2005
2005-12-07,0.002686156259697329,FBDIX,healthcare,2005
2005-12-08,0.007621630524766815,FBDIX,healthcare,2005
2005-12-09,-0.0036719727765123925,FBDIX,healthcare,2005
2005-12-12,-0.005492492065005927,FBDIX,healthcare,2005
2005-12-13,-0.002768318835430921,FBDIX,healthcare,2005
2005-12-14,-0.012847376473986429,FBDIX,healthcare,2005
2005-12-15,0.01814476353583607,FBDIX,healthcare,2005
2005-12-16,-0.003128044575377117,FBDIX,healthcare,2005
2005-12-19,-0.011469979682927713,FBDIX,healthcare,2005
2005-12-20,0.004408117937772897,FBDIX,healthcare,2005
2005-12-21,0.01609214025938577,FBDIX,healthcare,2005
2005-12-22,0.00996685501692981,FBDIX,healthcare,2005
2005-12-23,-0.001100573122714434,FBDIX,healthcare,2005
2005-12-27,0.0011653178352401226,FBDIX,healthcare,2005
2005-12-28,-0.002336859207721806,FBDIX,healthcare,2005
2005-12-29,0.0032628870457588515,FBDIX,healthcare,2005
2005-12-30,0.006156035133992265,FBDIX,healthcare,2005
2006-01-04,0.004081948609368915,FBDIX,healthcare,2006
2006-01-05,0.010567879454257377,FBDIX,healthcare,2006
2006-01-06,-0.0015022394463314413,FBDIX,healthcare,2006
2006-01-09,0.013835881859466381,FBDIX,healthcare,2006
2006-01-10,-0.002799322874453318,FBDIX,healthcare,2006
2006-01-11,-0.0063847083738483735,FBDIX,healthcare,2006
2006-01-12,0.005467689564466696,FBDIX,healthcare,2006
2006-01-13,-0.005713268270778415,FBDIX,healthcare,2006
2006-01-17,0.003580909712872299,FBDIX,healthcare,2006
2006-01-18,0.006855711775155808,FBDIX,healthcare,2006
2006-01-19,0.003383618848257562,FBDIX,healthcare,2006
2006-01-20,0.007153642456627279,FBDIX,healthcare,2006
2006-01-23,-0.008972464737738434,FBDIX,healthcare,2006
2006-01-24,-0.0020188078577209373,FBDIX,healthcare,2006
2006-01-25,-0.0023326460338422934,FBDIX,healthcare,2006
2006-01-26,-0.00016970878442417944,FBDIX,healthcare,2006
2006-01-27,-0.0028956352691286748,FBDIX,healthcare,2006
2006-01-30,-0.0052939623793242544,FBDIX,healthcare,2006
2006-01-31,0.024871975861834456,FBDIX,healthcare,2006
2006-02-01,0.002035622315808375,FBDIX,healthcare,2006
2006-02-02,0.0040487355574543304,FBDIX,healthcare,2006
2006-02-03,0.0025660884876197174,FBDIX,healthcare,2006
2006-02-06,-0.006363116574062388,FBDIX,healthcare,2006
2006-02-07,0.0030505983874001275,FBDIX,healthcare,2006
2006-02-08,-0.004195689598214447,FBDIX,healthcare,2006
2006-02-09,-0.00148656707325894,FBDIX,healthcare,2006
2006-02-10,0.003106355573207059,FBDIX,healthcare,2006
2006-02-13,-0.0031446030933114074,FBDIX,healthcare,2006
2006-02-14,-0.001870388451130165,FBDIX,healthcare,2006
2006-02-15,0.012010698841201322,FBDIX,healthcare,2006
2006-02-16,0.0039260026205476025,FBDIX,healthcare,2006
2006-02-17,0.00423373076148018,FBDIX,healthcare,2006
2006-02-21,-0.00847664855869438,FBDIX,healthcare,2006
2006-02-22,0.005376165113270779,FBDIX,healthcare,2006
2006-02-23,4.936256993698807e-05,FBDIX,healthcare,2006
2006-02-24,0.009201850994107339,FBDIX,healthcare,2006
2006-02-27,0.01714731180509785,FBDIX,healthcare,2006
2006-02-28,-0.0005528653485127859,FBDIX,healthcare,2006
2006-03-01,-0.0022215354001583146,FBDIX,healthcare,2006
2006-03-02,0.0029744028126727218,FBDIX,healthcare,2006
2006-03-03,-0.0017888028221574826,FBDIX,healthcare,2006
2006-03-06,-0.0028914800740903373,FBDIX,healthcare,2006
2006-03-07,-0.007284316741514117,FBDIX,healthcare,2006
2006-03-08,0.009281108129911144,FBDIX,healthcare,2006
2006-03-09,-0.003676350802635193,FBDIX,healthcare,2006
2006-03-10,-0.005630215179861759,FBDIX,healthcare,2006
2006-03-13,0.0013799475709784452,FBDIX,healthcare,2006
2006-03-14,-0.007735543737563795,FBDIX,healthcare,2006
2006-03-15,-0.0003040275301511757,FBDIX,healthcare,2006
2006-03-16,-0.009217803322217132,FBDIX,healthcare,2006
2006-03-17,0.0036379908075402033,FBDIX,healthcare,2006
2006-03-20,-7.154113905172895e-05,FBDIX,healthcare,2006
2006-03-21,-0.009537499820534237,FBDIX,healthcare,2006
2006-03-22,-0.00096961837049909,FBDIX,healthcare,2006
2006-03-23,-0.0009970392514059446,FBDIX,healthcare,2006
2006-03-24,-0.0014811810625910483,FBDIX,healthcare,2006
2006-03-27,-0.007720363535846967,FBDIX,healthcare,2006
2006-03-28,0.00011089960769872058,FBDIX,healthcare,2006
2006-03-29,0.00563012604486591,FBDIX,healthcare,2006
2006-03-30,0.0030470783428712196,FBDIX,healthcare,2006
2006-03-31,0.0021714987023935565,FBDIX,healthcare,2006
2006-04-03,-0.018696512776183224,FBDIX,healthcare,2006
2006-04-04,-0.0045803160743561906,FBDIX,healthcare,2006
2006-04-05,-0.007746292542241139,FBDIX,healthcare,2006
2006-04-06,-0.021617785322046324,FBDIX,healthcare,2006
2006-04-07,-0.0004860202791930144,FBDIX,healthcare,2006
2006-04-10,-0.003226301991299265,FBDIX,healthcare,2006
2006-04-11,-0.005817053774384408,FBDIX,healthcare,2006
2006-04-12,0.006150399586087126,FBDIX,healthcare,2006
2006-04-13,0.012240765315665461,FBDIX,healthcare,2006
2006-04-17,-0.005692404251431379,FBDIX,healthcare,2006
2006-04-18,-0.008810806842320891,FBDIX,healthcare,2006
2006-04-19,0.0031221590772913654,FBDIX,healthcare,2006
2006-04-20,-0.0073411949299918185,FBDIX,healthcare,2006
2006-04-21,-0.011076358831434365,FBDIX,healthcare,2006
2006-04-24,0.003500295225864102,FBDIX,healthcare,2006
2006-04-25,-0.010381899582407442,FBDIX,healthcare,2006
2006-04-26,-0.012561640565797574,FBDIX,healthcare,2006
2006-04-27,0.010555238715457077,FBDIX,healthcare,2006
2006-04-28,0.005895115483831769,FBDIX,healthcare,2006
2006-05-01,0.00031474105724625494,FBDIX,healthcare,2006
2006-05-02,-0.023359581285168518,FBDIX,healthcare,2006
2006-05-03,0.0017424955948143546,FBDIX,healthcare,2006
2006-05-04,0.000677906959055688,FBDIX,healthcare,2006
2006-05-05,0.00909400252058618,FBDIX,healthcare,2006
2006-05-08,0.000581914016481039,FBDIX,healthcare,2006
2006-05-09,-0.005927953942124335,FBDIX,healthcare,2006
2006-05-10,-0.009233702890262619,FBDIX,healthcare,2006
2006-05-11,0.0036315602294473733,FBDIX,healthcare,2006
2006-05-12,-0.0035057750486382454,FBDIX,healthcare,2006
2006-05-15,0.0018580688511940597,FBDIX,healthcare,2006
2006-05-16,-0.007345266210805691,FBDIX,healthcare,2006
2006-05-17,0.008564766762712988,FBDIX,healthcare,2006
2006-05-18,-0.008039548147635581,FBDIX,healthcare,2006
2006-05-19,0.0010604459522616325,FBDIX,healthcare,2006
2006-05-22,-0.001777561231818537,FBDIX,healthcare,2006
2006-05-23,0.0031074216785608143,FBDIX,healthcare,2006
2006-05-24,-3.4626523595036526e-05,FBDIX,healthcare,2006
2006-05-25,0.006363011539463009,FBDIX,healthcare,2006
2006-05-26,0.01549114638718075,FBDIX,healthcare,2006
2006-05-30,0.0006428556539105727,FBDIX,healthcare,2006
2006-05-31,0.0023003589048128277,FBDIX,healthcare,2006
2006-06-01,0.0033432864692518223,FBDIX,healthcare,2006
2006-06-02,0.003170799592440928,FBDIX,healthcare,2006
2006-06-05,-0.012990103325011593,FBDIX,healthcare,2006
2006-06-06,0.0029947342871994246,FBDIX,healthcare,2006
2006-06-07,0.013365220933043142,FBDIX,healthcare,2006
2006-06-08,0.0017733453291382364,FBDIX,healthcare,2006
2006-06-09,-0.013247652672477978,FBDIX,healthcare,2006
2006-06-12,-0.005789795840751587,FBDIX,healthcare,2006
2006-06-13,0.00594948780498154,FBDIX,healthcare,2006
2006-06-14,-0.0027941496258765937,FBDIX,healthcare,2006
2006-06-15,0.001967874346096188,FBDIX,healthcare,2006
2006-06-16,-0.0023544956461001576,FBDIX,healthcare,2006
2006-06-19,-0.003323078477424817,FBDIX,healthcare,2006
2006-06-20,-0.009314385124188236,FBDIX,healthcare,2006
2006-06-21,0.0035366492138270388,FBDIX,healthcare,2006
2006-06-22,-0.0015607381166162036,FBDIX,healthcare,2006
2006-06-23,0.009326227879368671,FBDIX,healthcare,2006
2006-06-26,-0.001800916260872326,FBDIX,healthcare,2006
2006-06-27,-0.00489993253955367,FBDIX,healthcare,2006
2006-06-28,-0.0061230963440162475,FBDIX,healthcare,2006
2006-06-29,0.00821376241202803,FBDIX,healthcare,2006
2006-06-30,0.008003775836078838,FBDIX,healthcare,2006
2006-07-03,0.0007969277194184972,FBDIX,healthcare,2006
2006-07-05,-0.0050904556432351845,FBDIX,healthcare,2006
2006-07-06,0.0006066863602754635,FBDIX,healthcare,2006
2006-07-07,0.005109171339128181,FBDIX,healthcare,2006
2006-07-10,-0.009731540919468637,FBDIX,healthcare,2006
2006-07-11,-0.0016492364632564815,FBDIX,healthcare,2006
2006-07-12,0.010726924829833014,FBDIX,healthcare,2006
2006-07-13,0.003769709819454927,FBDIX,healthcare,2006
2006-07-14,-0.012601770497894599,FBDIX,healthcare,2006
2006-07-17,-0.0044430304078199034,FBDIX,healthcare,2006
2006-07-18,-0.007184764377905039,FBDIX,healthcare,2006
2006-07-19,0.005792943958689425,FBDIX,healthcare,2006
2006-07-20,-0.012044000402840954,FBDIX,healthcare,2006
2006-07-21,0.0017837747331303742,FBDIX,healthcare,2006
2006-07-24,0.0010323021759232297,FBDIX,healthcare,2006
2006-07-25,0.014898453654648477,FBDIX,healthcare,2006
2006-07-26,0.0020710909598225568,FBDIX,healthcare,2006
2006-07-27,-0.014528384555779643,FBDIX,healthcare,2006
2006-07-28,-0.0029839345955364905,FBDIX,healthcare,2006
2006-07-31,0.0039006877318724896,FBDIX,healthcare,2006
2006-08-01,0.0008948636526179632,FBDIX,healthcare,2006
2006-08-02,0.0034325774609874123,FBDIX,healthcare,2006
2006-08-03,0.0023262039032777067,FBDIX,healthcare,2006
2006-08-04,-0.006177302364371438,FBDIX,healthcare,2006
2006-08-07,-0.010106470568128304,FBDIX,healthcare,2006
2006-08-08,-0.005463934010200796,FBDIX,healthcare,2006
2006-08-09,-0.0006066609900349917,FBDIX,healthcare,2006
2006-08-10,-0.004204353633519461,FBDIX,healthcare,2006
2006-08-11,0.0008611390440139309,FBDIX,healthcare,2006
2006-08-14,-0.0019188592229754339,FBDIX,healthcare,2006
2006-08-15,0.0015882217888381275,FBDIX,healthcare,2006
2006-08-16,0.013427677639274226,FBDIX,healthcare,2006
2006-08-17,0.0036193020585605223,FBDIX,healthcare,2006
2006-08-18,-0.006708030318717256,FBDIX,healthcare,2006
2006-08-21,0.0009156275527102166,FBDIX,healthcare,2006
2006-08-22,-0.0025065055291569782,FBDIX,healthcare,2006
2006-08-23,-0.0035563160041928096,FBDIX,healthcare,2006
2006-08-24,0.004664911516758881,FBDIX,healthcare,2006
2006-08-25,0.006680422021445264,FBDIX,healthcare,2006
2006-08-28,0.0065684562631491495,FBDIX,healthcare,2006
2006-08-29,0.008536303876102713,FBDIX,healthcare,2006
2006-08-30,0.00498030459437629,FBDIX,healthcare,2006
2006-08-31,-0.0028898035334571975,FBDIX,healthcare,2006
2006-09-01,-0.0008650613398709485,FBDIX,healthcare,2006
2006-09-05,-0.004172072030378068,FBDIX,healthcare,2006
2006-09-06,-0.00936664740918918,FBDIX,healthcare,2006
2006-09-07,0.0005500671203718492,FBDIX,healthcare,2006
2006-09-08,0.002459023786155208,FBDIX,healthcare,2006
2006-09-11,-0.004612678550055852,FBDIX,healthcare,2006
2006-09-12,-0.0015588031031946725,FBDIX,healthcare,2006
2006-09-13,-0.0017587961989735928,FBDIX,healthcare,2006
2006-09-14,-0.0007556191160765649,FBDIX,healthcare,2006
2006-09-15,0.0009272313775563036,FBDIX,healthcare,2006
2006-09-18,-0.003896214162158103,FBDIX,healthcare,2006
2006-09-19,-0.0018657355652502913,FBDIX,healthcare,2006
2006-09-20,0.0013934016362587755,FBDIX,healthcare,2006
2006-09-21,0.005072076860998996,FBDIX,healthcare,2006
2006-09-22,-0.00042552350114845143,FBDIX,healthcare,2006
2006-09-25,-0.0010454725647498306,FBDIX,healthcare,2006
2006-09-26,-0.009457547261390835,FBDIX,healthcare,2006
2006-09-27,0.014829737291231637,FBDIX,healthcare,2006
2006-09-28,0.003182990492048039,FBDIX,healthcare,2006
2006-09-29,-0.0018201601720603013,FBDIX,healthcare,2006
2006-10-02,-0.001302987145713124,FBDIX,healthcare,2006
2006-10-03,-0.00461854994159271,FBDIX,healthcare,2006
2006-10-04,0.00671814329311279,FBDIX,healthcare,2006
2006-10-05,0.012573645756744677,FBDIX,healthcare,2006
2006-10-06,0.0037013755118409227,FBDIX,healthcare,2006
2006-10-09,0.006064494411995017,FBDIX,healthcare,2006
2006-10-10,-0.002106450636588012,FBDIX,healthcare,2006
2006-10-11,-0.00018625857589791217,FBDIX,healthcare,2006
2006-10-12,-0.0014531538168194493,FBDIX,healthcare,2006
2006-10-13,-0.000624661618019994,FBDIX,healthcare,2006
2006-10-16,0.004066409451765035,FBDIX,healthcare,2006
2006-10-17,0.010309318053184337,FBDIX,healthcare,2006
2006-10-18,0.004455117907842608,FBDIX,healthcare,2006
2006-10-19,0.0015987291714634518,FBDIX,healthcare,2006
2006-10-20,-0.002597204044944817,FBDIX,healthcare,2006
2006-10-23,-0.006222281099531777,FBDIX,healthcare,2006
2006-10-24,-0.007507331726832678,FBDIX,healthcare,2006
2006-10-25,-0.007711763191839413,FBDIX,healthcare,2006
2006-10-26,0.020613706985372234,FBDIX,healthcare,2006
2006-10-27,0.008235267220212469,FBDIX,healthcare,2006
2006-10-30,0.0005312330962297335,FBDIX,healthcare,2006
2006-10-31,0.009138237464372798,FBDIX,healthcare,2006
2006-11-01,-0.003162694693197651,FBDIX,healthcare,2006
2006-11-02,-0.0019075536310299464,FBDIX,healthcare,2006
2006-11-03,0.0016524421280960189,FBDIX,healthcare,2006
2006-11-06,-0.0021057507550038598,FBDIX,healthcare,2006
2006-11-07,0.005791915726919788,FBDIX,healthcare,2006
2006-11-08,0.00012950906672701224,FBDIX,healthcare,2006
2006-11-09,-0.015341882279658697,FBDIX,healthcare,2006
2006-11-10,0.00898312690072776,FBDIX,healthcare,2006
2006-11-13,-0.002632841359639675,FBDIX,healthcare,2006
2006-11-14,-0.0019392196324651374,FBDIX,healthcare,2006
2006-11-15,0.012104462401232838,FBDIX,healthcare,2006
2006-11-16,9.507584175928513e-05,FBDIX,healthcare,2006
2006-11-17,0.012739864681132255,FBDIX,healthcare,2006
2006-11-20,0.0020839244262723126,FBDIX,healthcare,2006
2006-11-21,-0.003102671629510374,FBDIX,healthcare,2006
2006-11-22,-0.0046995085067513265,FBDIX,healthcare,2006
2006-11-24,0.0037620703037299806,FBDIX,healthcare,2006
2006-11-27,0.0016787954509819292,FBDIX,healthcare,2006
2006-11-28,-0.001440857337293796,FBDIX,healthcare,2006
2006-11-29,0.001319631879768704,FBDIX,healthcare,2006
2006-11-30,-0.0017294861688940844,FBDIX,healthcare,2006
2006-12-01,0.0007630812359270107,FBDIX,healthcare,2006
2006-12-04,0.003384442799247064,FBDIX,healthcare,2006
2006-12-05,-0.002170669619077179,FBDIX,healthcare,2006
2006-12-06,0.0056700886092336785,FBDIX,healthcare,2006
2006-12-07,0.00042594101664600835,FBDIX,healthcare,2006
2006-12-08,0.0042587344384769,FBDIX,healthcare,2006
2006-12-11,-0.006964424602625654,FBDIX,healthcare,2006
2006-12-12,-0.006284394607754289,FBDIX,healthcare,2006
2006-12-13,-0.012650847054516034,FBDIX,healthcare,2006
2006-12-14,-0.008986010480829483,FBDIX,healthcare,2006
2006-12-15,0.00875039880514146,FBDIX,healthcare,2006
2006-12-18,-0.0008798676785563954,FBDIX,healthcare,2006
2006-12-19,-0.0029308193898180826,FBDIX,healthcare,2006
2006-12-20,0.0013573206929688906,FBDIX,healthcare,2006
2006-12-21,0.004770672603360174,FBDIX,healthcare,2006
2006-12-22,0.005236408734014172,FBDIX,healthcare,2006
2006-12-26,-0.008491342717795374,FBDIX,healthcare,2006
2006-12-27,-0.003963517019609826,FBDIX,healthcare,2006
2006-12-28,0.002303347300975531,FBDIX,healthcare,2006
2006-12-29,0.0028767811157199654,FBDIX,healthcare,2006
2007-01-04,0.01406834943520779,FBDIX,healthcare,2007
2007-01-05,0.006708189380629194,FBDIX,healthcare,2007
2007-01-08,-0.0037201937883789577,FBDIX,healthcare,2007
2007-01-09,0.003179662354305935,FBDIX,healthcare,2007
2007-01-10,9.96129538739939e-05,FBDIX,healthcare,2007
2007-01-11,0.01283457369015338,FBDIX,healthcare,2007
2007-01-12,0.0009796155532491102,FBDIX,healthcare,2007
2007-01-16,0.0025182775805312548,FBDIX,healthcare,2007
2007-01-17,0.0021309397708400013,FBDIX,healthcare,2007
2007-01-18,-0.003164865225588489,FBDIX,healthcare,2007
2007-01-19,0.00418388251420959,FBDIX,healthcare,2007
2007-01-22,-0.005476157610674221,FBDIX,healthcare,2007
2007-01-23,-0.006477513171225625,FBDIX,healthcare,2007
2007-01-24,0.002769504825016346,FBDIX,healthcare,2007
2007-01-25,-0.004136381934273025,FBDIX,healthcare,2007
2007-01-26,-0.0036877908517443173,FBDIX,healthcare,2007
2007-01-29,0.0067274852735250985,FBDIX,healthcare,2007
2007-01-30,0.0028726632781816215,FBDIX,healthcare,2007
2007-01-31,-0.008917049943996867,FBDIX,healthcare,2007
2007-02-01,0.007807390740816534,FBDIX,healthcare,2007
2007-02-02,-0.00442480686197833,FBDIX,healthcare,2007
2007-02-05,-0.00633268024301817,FBDIX,healthcare,2007
2007-02-06,0.0009593852525105974,FBDIX,healthcare,2007
2007-02-07,-0.001027465111999149,FBDIX,healthcare,2007
2007-02-08,0.0072289549534474175,FBDIX,healthcare,2007
2007-02-09,-0.0009875573419842985,FBDIX,healthcare,2007
2007-02-12,0.003158625430374626,FBDIX,healthcare,2007
2007-02-13,-0.007804501375265819,FBDIX,healthcare,2007
2007-02-14,0.002280916278586875,FBDIX,healthcare,2007
2007-02-15,0.0008026717186762399,FBDIX,healthcare,2007
2007-02-16,0.0010527022490236819,FBDIX,healthcare,2007
2007-02-20,0.0030700800372457076,FBDIX,healthcare,2007
2007-02-21,0.0024437293311761928,FBDIX,healthcare,2007
2007-02-22,-0.0041955736566569955,FBDIX,healthcare,2007
2007-02-23,0.0022553383827853485,FBDIX,healthcare,2007
2007-02-26,0.0020193109113318787,FBDIX,healthcare,2007
2007-02-27,-0.009535681466846118,FBDIX,healthcare,2007
2007-02-28,-0.010434380200059754,FBDIX,healthcare,2007
2007-03-01,-0.014507472501401476,FBDIX,healthcare,2007
2007-03-02,-0.009363373340311355,FBDIX,healthcare,2007
2007-03-05,-0.0027417725353055117,FBDIX,healthcare,2007
2007-03-06,0.003187825545076184,FBDIX,healthcare,2007
2007-03-07,-0.0035466266540496423,FBDIX,healthcare,2007
2007-03-08,-0.006180822116555235,FBDIX,healthcare,2007
2007-03-09,0.0010230742274069664,FBDIX,healthcare,2007
2007-03-12,0.006363406180049902,FBDIX,healthcare,2007
2007-03-13,-0.004480323877545987,FBDIX,healthcare,2007
2007-03-14,-0.0023982811871148995,FBDIX,healthcare,2007
2007-03-15,0.000722844200240964,FBDIX,healthcare,2007
2007-03-16,-0.002731202673287458,FBDIX,healthcare,2007
2007-03-19,0.0014540635456702367,FBDIX,healthcare,2007
2007-03-20,0.0024078048357995168,FBDIX,healthcare,2007
2007-03-21,0.010542201302032511,FBDIX,healthcare,2007
2007-03-22,0.0033366731699043584,FBDIX,healthcare,2007
2007-03-23,-0.0038188428012564746,FBDIX,healthcare,2007
2007-03-26,0.0007130675140303454,FBDIX,healthcare,2007
2007-03-27,-0.004420890144172105,FBDIX,healthcare,2007
2007-03-28,0.0015609092209907275,FBDIX,healthcare,2007
2007-03-29,0.001780814738239255,FBDIX,healthcare,2007
2007-03-30,0.005856569997550427,FBDIX,healthcare,2007
2007-04-02,0.0013665069305728327,FBDIX,healthcare,2007
2007-04-03,0.0051156149821938255,FBDIX,healthcare,2007
2007-04-04,0.00117809621571661,FBDIX,healthcare,2007
2007-04-05,0.014337174890068694,FBDIX,healthcare,2007
2007-04-09,-0.0003839297916770997,FBDIX,healthcare,2007
2007-04-10,-0.007304099344945768,FBDIX,healthcare,2007
2007-04-11,0.0036885381561889176,FBDIX,healthcare,2007
2007-04-12,0.019623285246794003,FBDIX,healthcare,2007
2007-04-13,0.007029845515594705,FBDIX,healthcare,2007
2007-04-16,-0.0017099543463326783,FBDIX,healthcare,2007
2007-04-17,-0.005373260328131288,FBDIX,healthcare,2007
2007-04-18,-0.0033127523981281723,FBDIX,healthcare,2007
2007-04-19,0.009391846420815841,FBDIX,healthcare,2007
2007-04-20,-0.0023485213203788703,FBDIX,healthcare,2007
2007-04-23,0.02749006886873128,FBDIX,healthcare,2007
2007-04-24,-0.0035179551185256946,FBDIX,healthcare,2007
2007-04-25,0.0012989300025322455,FBDIX,healthcare,2007
2007-04-26,0.004081403732663836,FBDIX,healthcare,2007
2007-04-27,-0.0005604689633997562,FBDIX,healthcare,2007
2007-04-30,-0.004413366074609643,FBDIX,healthcare,2007
2007-05-01,0.003013909855977055,FBDIX,healthcare,2007
2007-05-02,0.006457371416294463,FBDIX,healthcare,2007
2007-05-03,-0.008731182448600206,FBDIX,healthcare,2007
2007-05-04,-0.0019754039825023864,FBDIX,healthcare,2007
2007-05-07,-0.001336522099860875,FBDIX,healthcare,2007
2007-05-08,-0.0027663009829444435,FBDIX,healthcare,2007
2007-05-09,-0.004991702845482638,FBDIX,healthcare,2007
2007-05-10,-0.013334043139445024,FBDIX,healthcare,2007
2007-05-11,0.004618700148944924,FBDIX,healthcare,2007
2007-05-14,0.002202823049437574,FBDIX,healthcare,2007
2007-05-15,-0.006879869994899831,FBDIX,healthcare,2007
2007-05-16,0.001969649250374671,FBDIX,healthcare,2007
2007-05-17,-0.008105404443768869,FBDIX,healthcare,2007
2007-05-18,-0.004199510083670498,FBDIX,healthcare,2007
2007-05-21,0.007365307787095644,FBDIX,healthcare,2007
2007-05-22,0.009553960839866718,FBDIX,healthcare,2007
2007-05-23,-0.0028486751903367123,FBDIX,healthcare,2007
2007-05-24,-0.003041873746857663,FBDIX,healthcare,2007
2007-05-25,-0.0016233719857271084,FBDIX,healthcare,2007
2007-05-29,0.0005208089988592759,FBDIX,healthcare,2007
2007-05-30,-0.00017871485905540923,FBDIX,healthcare,2007
2007-05-31,0.005196563694294616,FBDIX,healthcare,2007
2007-06-01,-0.00271715490968408,FBDIX,healthcare,2007
2007-06-04,-0.0005230769040212207,FBDIX,healthcare,2007
2007-06-05,0.0026442669444354415,FBDIX,healthcare,2007
2007-06-06,-0.002922805196660695,FBDIX,healthcare,2007
2007-06-07,-0.008671238311468077,FBDIX,healthcare,2007
2007-06-08,-0.0017171889504920528,FBDIX,healthcare,2007
2007-06-11,0.004421452540927797,FBDIX,healthcare,2007
2007-06-12,-0.0038348481338703264,FBDIX,healthcare,2007
2007-06-13,-0.00036373929210418293,FBDIX,healthcare,2007
2007-06-14,-0.002695567578448508,FBDIX,healthcare,2007
2007-06-15,0.0036827750109943835,FBDIX,healthcare,2007
2007-06-18,-0.00798043764536339,FBDIX,healthcare,2007
2007-06-19,-0.004417181292163837,FBDIX,healthcare,2007
2007-06-20,-0.006950639686654077,FBDIX,healthcare,2007
2007-06-21,-0.004433419871238061,FBDIX,healthcare,2007
2007-06-22,-0.009145591838645092,FBDIX,healthcare,2007
2007-06-25,-0.004308994714332428,FBDIX,healthcare,2007
2007-06-26,0.007993748747708905,FBDIX,healthcare,2007
2007-06-27,0.008710796572806283,FBDIX,healthcare,2007
2007-06-28,-0.001325665069751106,FBDIX,healthcare,2007
2007-06-29,-0.006569432381884968,FBDIX,healthcare,2007
2007-07-02,0.0030160987739211043,FBDIX,healthcare,2007
2007-07-03,-0.0026118991411231912,FBDIX,healthcare,2007
2007-07-05,-0.0002881716225386253,FBDIX,healthcare,2007
2007-07-06,-0.007936312222015211,FBDIX,healthcare,2007
2007-07-09,-0.00024913875079801836,FBDIX,healthcare,2007
2007-07-10,0.006175118453256678,FBDIX,healthcare,2007
2007-07-11,0.0006004822822391238,FBDIX,healthcare,2007
2007-07-12,-0.004709912786501455,FBDIX,healthcare,2007
2007-07-13,0.004677281364238621,FBDIX,healthcare,2007
2007-07-16,-0.01014243120357999,FBDIX,healthcare,2007
2007-07-17,-0.0011894073373284269,FBDIX,healthcare,2007
2007-07-18,0.002898384920393896,FBDIX,healthcare,2007
2007-07-19,0.0036807363109212002,FBDIX,healthcare,2007
2007-07-20,-0.0048650294413663826,FBDIX,healthcare,2007
2007-07-23,-0.006915934132538401,FBDIX,healthcare,2007
2007-07-24,0.001808879191009657,FBDIX,healthcare,2007
2007-07-25,0.014394429558530566,FBDIX,healthcare,2007
2007-07-26,0.012162653616326555,FBDIX,healthcare,2007
2007-07-27,-0.0021879653656270166,FBDIX,healthcare,2007
2007-07-30,-0.011422332670366082,FBDIX,healthcare,2007
2007-07-31,0.0013849915433292725,FBDIX,healthcare,2007
2007-08-01,-0.008642951253341143,FBDIX,healthcare,2007
2007-08-02,0.0023172065685761545,FBDIX,healthcare,2007
2007-08-03,0.007525698913771736,FBDIX,healthcare,2007
2007-08-06,0.002544957505293665,FBDIX,healthcare,2007
2007-08-07,-1.5946798987691302e-05,FBDIX,healthcare,2007
2007-08-08,0.009204420558422159,FBDIX,healthcare,2007
2007-08-09,0.003403903124610811,FBDIX,healthcare,2007
2007-08-10,-0.013665665408679644,FBDIX,healthcare,2007
2007-08-13,-0.003435999673754088,FBDIX,healthcare,2007
2007-08-14,0.011530481278884716,FBDIX,healthcare,2007
2007-08-15,0.0020435939435654027,FBDIX,healthcare,2007
2007-08-16,-0.004771539536497805,FBDIX,healthcare,2007
2007-08-17,-0.004625662897848541,FBDIX,healthcare,2007
2007-08-20,0.004469091224349543,FBDIX,healthcare,2007
2007-08-21,0.0015121085215953308,FBDIX,healthcare,2007
2007-08-22,-0.004622396657808959,FBDIX,healthcare,2007
2007-08-23,0.002223518916493589,FBDIX,healthcare,2007
2007-08-24,-0.0033498290968975667,FBDIX,healthcare,2007
2007-08-27,0.0014145111514624773,FBDIX,healthcare,2007
2007-08-28,0.006178361533796164,FBDIX,healthcare,2007
2007-08-29,-0.008744681699028957,FBDIX,healthcare,2007
2007-08-30,0.00965864709844303,FBDIX,healthcare,2007
2007-08-31,0.002413076891235334,FBDIX,healthcare,2007
2007-09-04,0.010065050288184505,FBDIX,healthcare,2007
2007-09-05,0.0018638343850679723,FBDIX,healthcare,2007
2007-09-06,0.010659807349825091,FBDIX,healthcare,2007
2007-09-07,-0.0012890552898259557,FBDIX,healthcare,2007
2007-09-10,-0.0017486288049528454,FBDIX,healthcare,2007
2007-09-11,0.005254341768028078,FBDIX,healthcare,2007
2007-09-12,0.0015929734523453332,FBDIX,healthcare,2007
2007-09-13,-0.006702959486467121,FBDIX,healthcare,2007
2007-09-14,-0.0023332094483070045,FBDIX,healthcare,2007
2007-09-17,-0.009386231298738758,FBDIX,healthcare,2007
2007-09-18,-0.00113609050028338,FBDIX,healthcare,2007
2007-09-19,0.0015610101410730992,FBDIX,healthcare,2007
2007-09-20,0.0018226307639305174,FBDIX,healthcare,2007
2007-09-21,0.0022695245764285978,FBDIX,healthcare,2007
2007-09-24,0.004015855619514099,FBDIX,healthcare,2007
2007-09-25,0.0010912450231257932,FBDIX,healthcare,2007
2007-09-26,0.00231196481792858,FBDIX,healthcare,2007
2007-09-27,0.0019433165849097036,FBDIX,healthcare,2007
2007-09-28,-0.0006826863805205231,FBDIX,healthcare,2007
2007-10-01,0.008504053324845951,FBDIX,healthcare,2007
2007-10-02,0.00683594566863377,FBDIX,healthcare,2007
2007-10-03,0.0008288614379907101,FBDIX,healthcare,2007
2007-10-04,0.003156184801465356,FBDIX,healthcare,2007
2007-10-05,0.007907413120999367,FBDIX,healthcare,2007
2007-10-08,-0.0024837192127470393,FBDIX,healthcare,2007
2007-10-09,0.0011212749041376018,FBDIX,healthcare,2007
2007-10-10,0.004201922166798333,FBDIX,healthcare,2007
2007-10-11,-0.004821048556063969,FBDIX,healthcare,2007
2007-10-12,0.009129938888563092,FBDIX,healthcare,2007
2007-10-15,0.0029888310652161406,FBDIX,healthcare,2007
2007-10-16,0.00047265936196211767,FBDIX,healthcare,2007
2007-10-17,-0.0018690310131747256,FBDIX,healthcare,2007
2007-10-18,-0.004257828117697692,FBDIX,healthcare,2007
2007-10-19,0.00384118129196407,FBDIX,healthcare,2007
2007-10-22,0.00018869103871722165,FBDIX,healthcare,2007
2007-10-23,0.010433779641580803,FBDIX,healthcare,2007
2007-10-24,-0.0030822866118694206,FBDIX,healthcare,2007
2007-10-25,-0.008816962753045287,FBDIX,healthcare,2007
2007-10-26,0.0006405683685278881,FBDIX,healthcare,2007
2007-10-29,-0.005421214358926927,FBDIX,healthcare,2007
2007-10-30,-0.00022741401679836435,FBDIX,healthcare,2007
2007-10-31,0.003204572612992054,FBDIX,healthcare,2007
2007-11-01,-0.002782368057490086,FBDIX,healthcare,2007
2007-11-02,0.003358030136764361,FBDIX,healthcare,2007
2007-11-05,-0.0024120618449318086,FBDIX,healthcare,2007
2007-11-06,-0.0035317688550172907,FBDIX,healthcare,2007
2007-11-07,-0.006171369229377641,FBDIX,healthcare,2007
2007-11-08,0.007309407267423976,FBDIX,healthcare,2007
2007-11-09,-0.0021848904037257075,FBDIX,healthcare,2007
2007-11-12,-0.0003187848865692823,FBDIX,healthcare,2007
2007-11-13,-0.011259364004392558,FBDIX,healthcare,2007
2007-11-14,-0.0016646849289657147,FBDIX,healthcare,2007
2007-11-15,0.007190086526060012,FBDIX,healthcare,2007
2007-11-16,0.001287592431513782,FBDIX,healthcare,2007
2007-11-19,0.0014770623798695884,FBDIX,healthcare,2007
2007-11-20,-0.007312455731581529,FBDIX,healthcare,2007
2007-11-21,-0.0012402575221324118,FBDIX,healthcare,2007
2007-11-23,-0.004736660911448297,FBDIX,healthcare,2007
2007-11-26,6.948888528188202e-06,FBDIX,healthcare,2007
2007-11-27,0.012898410879348315,FBDIX,healthcare,2007
2007-11-28,-0.0006478970139669436,FBDIX,healthcare,2007
2007-11-29,0.004416263388566454,FBDIX,healthcare,2007
2007-11-30,-0.013016351514310114,FBDIX,healthcare,2007
2007-12-03,-0.005755850955688854,FBDIX,healthcare,2007
2007-12-04,-0.0050340588125862215,FBDIX,healthcare,2007
2007-12-05,-0.006539810081589216,FBDIX,healthcare,2007
2007-12-06,0.005899723244333735,FBDIX,healthcare,2007
2007-12-07,-0.007508362624636877,FBDIX,healthcare,2007
2007-12-10,-0.02342859096189625,FBDIX,healthcare,2007
2007-12-11,0.003836440248416211,FBDIX,healthcare,2007
2007-12-12,0.0020934805714576434,FBDIX,healthcare,2007
2007-12-13,-0.009310940412852855,FBDIX,healthcare,2007
2007-12-14,0.0054905654638286614,FBDIX,healthcare,2007
2007-12-17,-0.006780196609821583,FBDIX,healthcare,2007
2007-12-18,0.0013608950131061724,FBDIX,healthcare,2007
2007-12-19,-0.0015111739962531646,FBDIX,healthcare,2007
2007-12-20,0.0071064944970227915,FBDIX,healthcare,2007
2007-12-21,-0.0037076959496743743,FBDIX,healthcare,2007
2007-12-24,0.0008168509974609602,FBDIX,healthcare,2007
2007-12-26,0.0003681226463426786,FBDIX,healthcare,2007
2007-12-27,-0.005705167678280875,FBDIX,healthcare,2007
2007-12-28,-0.0010742690105715953,FBDIX,healthcare,2007
2007-12-29,0.00019567494251383554,FBDIX,healthcare,2007
2008-01-04,0.002603741467946976,FBDIX,healthcare,2008
2008-01-07,0.009174835044621158,FBDIX,healthcare,2008
2008-01-08,0.00955347383079167,FBDIX,healthcare,2008
2008-01-09,0.007111476945294869,FBDIX,healthcare,2008
2008-01-10,0.006291698292783019,FBDIX,healthcare,2008
2008-01-11,0.0015949390695619101,FBDIX,healthcare,2008
2008-01-14,-0.007326302903522581,FBDIX,healthcare,2008
2008-01-15,0.006880973330711552,FBDIX,healthcare,2008
2008-01-16,0.008995614015296319,FBDIX,healthcare,2008
2008-01-17,0.010429559040598245,FBDIX,healthcare,2008
2008-01-18,-0.010171213376594648,FBDIX,healthcare,2008
2008-01-22,-0.02115741604715308,FBDIX,healthcare,2008
2008-01-23,-0.021220875913119348,FBDIX,healthcare,2008
2008-01-24,-0.013681638440580474,FBDIX,healthcare,2008
2008-01-25,0.001099740818908082,FBDIX,healthcare,2008
2008-01-28,0.0008681748174863644,FBDIX,healthcare,2008
2008-01-29,0.002094238658613629,FBDIX,healthcare,2008
2008-01-30,0.0005944938506998493,FBDIX,healthcare,2008
2008-01-31,-0.004860562645123834,FBDIX,healthcare,2008
2008-02-01,0.0035242297284420604,FBDIX,healthcare,2008
2008-02-04,0.008093715729609381,FBDIX,healthcare,2008
2008-02-05,-0.008606243351922022,FBDIX,healthcare,2008
2008-02-06,-3.929878238245407e-05,FBDIX,healthcare,2008
2008-02-07,-0.001644331423647328,FBDIX,healthcare,2008
2008-02-08,0.002445408215531705,FBDIX,healthcare,2008
2008-02-11,-0.0015564111319673274,FBDIX,healthcare,2008
2008-02-12,-0.00411512646098283,FBDIX,healthcare,2008
2008-02-13,0.0037640817895724255,FBDIX,healthcare,2008
2008-02-14,-0.009479077107175028,FBDIX,healthcare,2008
2008-02-15,-0.005002305502224405,FBDIX,healthcare,2008
2008-02-19,-0.009157350590900212,FBDIX,healthcare,2008
2008-02-20,-0.00983214305568729,FBDIX,healthcare,2008
2008-02-21,-0.011373659446409173,FBDIX,healthcare,2008
2008-02-22,-0.013212051252535202,FBDIX,healthcare,2008
2008-02-25,0.01815103586952202,FBDIX,healthcare,2008
2008-02-26,0.00559365020833324,FBDIX,healthcare,2008
2008-02-27,-0.0012872440776214226,FBDIX,healthcare,2008
2008-02-28,0.007678686640886166,FBDIX,healthcare,2008
2008-02-29,0.00051589201133455,FBDIX,healthcare,2008
2008-03-03,0.005398382178649958,FBDIX,healthcare,2008
2008-03-04,0.0054140435999238505,FBDIX,healthcare,2008
2008-03-05,-0.02281255426714675,FBDIX,healthcare,2008
2008-03-06,-0.008345809101640981,FBDIX,healthcare,2008
2008-03-07,0.005497664508497617,FBDIX,healthcare,2008
2008-03-10,-0.041058335570238094,FBDIX,healthcare,2008
2008-03-11,-0.007557540584172514,FBDIX,healthcare,2008
2008-03-12,0.008531025573144307,FBDIX,healthcare,2008
2008-03-13,0.00981073451530852,FBDIX,healthcare,2008
2008-03-14,-0.015119013918218445,FBDIX,healthcare,2008
2008-03-17,-0.0192730202087422,FBDIX,healthcare,2008
2008-03-18,-0.0014961767926795766,FBDIX,healthcare,2008
2008-03-19,0.012427060339311046,FBDIX,healthcare,2008
2008-03-20,-0.0026652848362290656,FBDIX,healthcare,2008
2008-03-24,0.01508062517614942,FBDIX,healthcare,2008
2008-03-25,0.01035261090693608,FBDIX,healthcare,2008
2008-03-26,0.009750144339033758,FBDIX,healthcare,2008
2008-03-27,0.0022983478414510257,FBDIX,healthcare,2008
2008-03-28,-0.008905766037588546,FBDIX,healthcare,2008
2008-03-31,0.018671618316832124,FBDIX,healthcare,2008
2008-04-01,-0.0005323340891743022,FBDIX,healthcare,2008
2008-04-02,0.002473090456709244,FBDIX,healthcare,2008
2008-04-03,-0.007178916031950216,FBDIX,healthcare,2008
2008-04-04,0.008319017728060565,FBDIX,healthcare,2008
2008-04-07,-0.0056871856584336505,FBDIX,healthcare,2008
2008-04-08,-0.003265135795400649,FBDIX,healthcare,2008
2008-04-09,-0.00911908886155027,FBDIX,healthcare,2008
2008-04-10,0.024338193473583167,FBDIX,healthcare,2008
2008-04-11,-0.0009714789897573937,FBDIX,healthcare,2008
2008-04-14,-0.0019148593335507333,FBDIX,healthcare,2008
2008-04-15,-0.0036785973732989087,FBDIX,healthcare,2008
2008-04-16,-0.0036002242599725235,FBDIX,healthcare,2008
2008-04-17,-0.014705354368461423,FBDIX,healthcare,2008
2008-04-18,0.0011476189638091657,FBDIX,healthcare,2008
2008-04-21,-0.006416655165476921,FBDIX,healthcare,2008
2008-04-22,-0.010806953409517036,FBDIX,healthcare,2008
2008-04-23,0.00912557831718569,FBDIX,healthcare,2008
2008-04-24,-0.00047551406809688947,FBDIX,healthcare,2008
2008-04-25,-0.0049630358380999984,FBDIX,healthcare,2008
2008-04-28,0.0061956918554769026,FBDIX,healthcare,2008
2008-04-29,-0.013342220580073819,FBDIX,healthcare,2008
2008-04-30,-0.0015610089939708865,FBDIX,healthcare,2008
2008-05-01,0.00492170209220604,FBDIX,healthcare,2008
2008-05-02,-0.006816257020616601,FBDIX,healthcare,2008
2008-05-05,0.006416210684688038,FBDIX,healthcare,2008
2008-05-06,-0.005306230888322146,FBDIX,healthcare,2008
2008-05-07,-0.0060395613397257325,FBDIX,healthcare,2008
2008-05-08,0.00427549792248051,FBDIX,healthcare,2008
2008-05-09,-0.0011089947346934863,FBDIX,healthcare,2008
2008-05-12,-0.0007867574205954048,FBDIX,healthcare,2008
2008-05-13,-0.00639430546871217,FBDIX,healthcare,2008
2008-05-14,0.0003089377633791351,FBDIX,healthcare,2008
2008-05-15,-0.008539167406592895,FBDIX,healthcare,2008
2008-05-16,0.003414338161859665,FBDIX,healthcare,2008
2008-05-19,-0.0024924972999760906,FBDIX,healthcare,2008
2008-05-20,0.003538702147787242,FBDIX,healthcare,2008
2008-05-21,-0.004228672786147835,FBDIX,healthcare,2008
2008-05-22,0.011851305026052864,FBDIX,healthcare,2008
2008-05-23,0.0019422116737069497,FBDIX,healthcare,2008
2008-05-27,0.0035425728341257996,FBDIX,healthcare,2008
2008-05-28,-0.010763970544105588,FBDIX,healthcare,2008
2008-05-29,0.032529599362877304,FBDIX,healthcare,2008
2008-05-30,-0.0009370307427411541,FBDIX,healthcare,2008
2008-06-02,0.006604136218027085,FBDIX,healthcare,2008
2008-06-03,0.0031266275921679456,FBDIX,healthcare,2008
2008-06-04,0.0026080317248492746,FBDIX,healthcare,2008
2008-06-05,0.005546147015776192,FBDIX,healthcare,2008
2008-06-06,0.006362870304670382,FBDIX,healthcare,2008
2008-06-09,-0.003675796265199615,FBDIX,healthcare,2008
2008-06-10,-0.003690126796082289,FBDIX,healthcare,2008
2008-06-11,-0.005737635993196587,FBDIX,healthcare,2008
2008-06-12,-0.0007125675184941746,FBDIX,healthcare,2008
2008-06-13,0.007825967566925015,FBDIX,healthcare,2008
2008-06-16,0.007098930599664135,FBDIX,healthcare,2008
2008-06-17,-0.0042562999323566995,FBDIX,healthcare,2008
2008-06-18,-0.0009186930127059742,FBDIX,healthcare,2008
2008-06-19,0.01352372672692289,FBDIX,healthcare,2008
2008-06-20,0.004431222647958401,FBDIX,healthcare,2008
2008-06-23,-0.0042122749932100596,FBDIX,healthcare,2008
2008-06-24,-0.002535623583869825,FBDIX,healthcare,2008
2008-06-25,0.009650078978837386,FBDIX,healthcare,2008
2008-06-26,0.0036759739294694553,FBDIX,healthcare,2008
2008-06-27,0.005502891627338252,FBDIX,healthcare,2008
2008-06-30,0.0008193793640744102,FBDIX,healthcare,2008
2008-07-01,0.015649724364150828,FBDIX,healthcare,2008
2008-07-02,0.008157316641945855,FBDIX,healthcare,2008
2008-07-03,-0.000862382665864985,FBDIX,healthcare,2008
2008-07-07,-0.0004876320565338462,FBDIX,healthcare,2008
2008-07-08,0.018245462563059443,FBDIX,healthcare,2008
2008-07-09,0.008764832479427834,FBDIX,healthcare,2008
2008-07-10,0.00682533849843003,FBDIX,healthcare,2008
2008-07-11,0.0013141264401535036,FBDIX,healthcare,2008
2008-07-14,0.0020698646122098655,FBDIX,healthcare,2008
2008-07-15,0.03461446514102372,FBDIX,healthcare,2008
2008-07-16,-0.01484984676675384,FBDIX,healthcare,2008
2008-07-17,0.0015146508687893497,FBDIX,healthcare,2008
2008-07-18,-0.017675074701373545,FBDIX,healthcare,2008
2008-07-21,0.022438596220704557,FBDIX,healthcare,2008
2008-07-22,0.006050404769801131,FBDIX,healthcare,2008
2008-07-23,-0.0067660080289169595,FBDIX,healthcare,2008
2008-07-24,0.01338938238355548,FBDIX,healthcare,2008
2008-07-25,0.012062063009659315,FBDIX,healthcare,2008
2008-07-28,0.004564585547851279,FBDIX,healthcare,2008
2008-07-29,-0.009394245542460817,FBDIX,healthcare,2008
2008-07-30,-0.011766800519930141,FBDIX,healthcare,2008
2008-07-31,0.022581125259006483,FBDIX,healthcare,2008
2008-08-01,-0.00703246202741926,FBDIX,healthcare,2008
2008-08-04,-2.69039797258612e-05,FBDIX,healthcare,2008
2008-08-05,-0.0051729686126650905,FBDIX,healthcare,2008
2008-08-06,-0.0006968768192824825,FBDIX,healthcare,2008
2008-08-07,-0.014032261845995462,FBDIX,healthcare,2008
2008-08-08,0.007314015121712628,FBDIX,healthcare,2008
2008-08-11,-0.0002793127702202577,FBDIX,healthcare,2008
2008-08-12,0.009632689522135963,FBDIX,healthcare,2008
2008-08-13,0.004927427981122894,FBDIX,healthcare,2008
2008-08-14,0.009666356336505188,FBDIX,healthcare,2008
2008-08-15,-0.00941567823786991,FBDIX,healthcare,2008
2008-08-18,0.000463139331591542,FBDIX,healthcare,2008
2008-08-19,-0.005048289548708403,FBDIX,healthcare,2008
2008-08-20,-0.0049721807862235946,FBDIX,healthcare,2008
2008-08-21,-0.009189016885328014,FBDIX,healthcare,2008
2008-08-22,-0.004018671760801167,FBDIX,healthcare,2008
2008-08-25,0.0035532973419103876,FBDIX,healthcare,2008
2008-08-26,0.0009522016190769726,FBDIX,healthcare,2008
2008-08-27,-0.010789257839651518,FBDIX,healthcare,2008
2008-08-28,-0.0036982986134438834,FBDIX,healthcare,2008
2008-08-29,-0.0008894741061687122,FBDIX,healthcare,2008
2008-09-02,-0.00795934642138852,FBDIX,healthcare,2008
2008-09-03,0.004419746654889934,FBDIX,healthcare,2008
2008-09-04,-0.002679673621312866,FBDIX,healthcare,2008
2008-09-05,-0.008995105071007932,FBDIX,healthcare,2008
2008-09-08,-0.02775992888395458,FBDIX,healthcare,2008
2008-09-09,0.009322194417178787,FBDIX,healthcare,2008
2008-09-10,0.007665629664737637,FBDIX,healthcare,2008
2008-09-11,0.004134033016329936,FBDIX,healthcare,2008
2008-09-12,-0.007422423130199082,FBDIX,healthcare,2008
2008-09-15,0.01006283104803534,FBDIX,healthcare,2008
2008-09-16,0.00887550447958952,FBDIX,healthcare,2008
2008-09-17,-0.02179672436449618,FBDIX,healthcare,2008
2008-09-18,-0.0031932904548929893,FBDIX,healthcare,2008
2008-09-19,-0.01039895658182402,FBDIX,healthcare,2008
2008-09-22,-0.01573118880917379,FBDIX,healthcare,2008
2008-09-23,0.005764550559016547,FBDIX,healthcare,2008
2008-09-24,0.01990169673806105,FBDIX,healthcare,2008
2008-09-25,0.0043966582101216505,FBDIX,healthcare,2008
2008-09-26,0.012619324835773917,FBDIX,healthcare,2008
2008-09-29,-0.014809232104213352,FBDIX,healthcare,2008
2008-09-30,0.013624982462790494,FBDIX,healthcare,2008
2008-10-01,-0.00926019580713441,FBDIX,healthcare,2008
2008-10-02,-0.009662829849512559,FBDIX,healthcare,2008
2008-10-03,-0.002263993058615908,FBDIX,healthcare,2008
2008-10-06,-0.02380482685334899,FBDIX,healthcare,2008
2008-10-07,-0.00554866153839885,FBDIX,healthcare,2008
2008-10-08,0.013131798948701387,FBDIX,healthcare,2008
2008-10-09,0.00011303663535962988,FBDIX,healthcare,2008
2008-10-10,-0.01532804979515643,FBDIX,healthcare,2008
2008-10-13,0.01858365925589811,FBDIX,healthcare,2008
2008-10-14,-0.020753442429158893,FBDIX,healthcare,2008
2008-10-15,-0.004218135036693493,FBDIX,healthcare,2008
2008-10-16,0.019589690788378612,FBDIX,healthcare,2008
2008-10-17,0.002033493859159711,FBDIX,healthcare,2008
2008-10-20,-0.004697802727180685,FBDIX,healthcare,2008
2008-10-21,0.006849334129733422,FBDIX,healthcare,2008
2008-10-22,0.0027240743020107636,FBDIX,healthcare,2008
2008-10-23,-0.006699879467237372,FBDIX,healthcare,2008
2008-10-24,0.014811905716215882,FBDIX,healthcare,2008
2008-10-27,-0.014994313620030703,FBDIX,healthcare,2008
2008-10-28,-0.021210517000778292,FBDIX,healthcare,2008
2008-10-29,0.02064918774123677,FBDIX,healthcare,2008
2008-10-30,-0.00078415402349764,FBDIX,healthcare,2008
2008-10-31,0.01453284031021353,FBDIX,healthcare,2008
2008-11-03,0.014954035915326416,FBDIX,healthcare,2008
2008-11-04,-0.014647983030388913,FBDIX,healthcare,2008
2008-11-05,-0.0051286920747565905,FBDIX,healthcare,2008
2008-11-06,0.016463393587404715,FBDIX,healthcare,2008
2008-11-07,-0.0035697221571636267,FBDIX,healthcare,2008
2008-11-10,0.003904775078674908,FBDIX,healthcare,2008
2008-11-11,0.002375434873571357,FBDIX,healthcare,2008
2008-11-12,-0.001163364794095765,FBDIX,healthcare,2008
2008-11-13,0.0166367396038887,FBDIX,healthcare,2008
2008-11-14,0.002731709752722255,FBDIX,healthcare,2008
2008-11-17,-0.003288554854053565,FBDIX,healthcare,2008
2008-11-18,-0.018180662594418393,FBDIX,healthcare,2008
2008-11-19,0.004699742742408808,FBDIX,healthcare,2008
2008-11-20,-0.003189456981811778,FBDIX,healthcare,2008
2008-11-21,-0.03608962868888614,FBDIX,healthcare,2008
2008-11-24,-0.008238276541543466,FBDIX,healthcare,2008
2008-11-25,-0.0015931389339178693,FBDIX,healthcare,2008
2008-11-26,-0.007335853632693311,FBDIX,healthcare,2008
2008-11-28,-0.008957646772035349,FBDIX,healthcare,2008
2008-12-01,-0.009334877065786437,FBDIX,healthcare,2008
2008-12-02,0.006204430110689666,FBDIX,healthcare,2008
2008-12-03,0.010864820469822033,FBDIX,healthcare,2008
2008-12-04,-0.0016115627499155277,FBDIX,healthcare,2008
2008-12-05,0.006955610104905231,FBDIX,healthcare,2008
2008-12-08,-0.01075586433402985,FBDIX,healthcare,2008
2008-12-09,-0.006598471548853298,FBDIX,healthcare,2008
2008-12-10,0.00384028104381145,FBDIX,healthcare,2008
2008-12-11,-0.002151979686117432,FBDIX,healthcare,2008
2008-12-12,0.010880728798792328,FBDIX,healthcare,2008
2008-12-15,-0.00675186915080337,FBDIX,healthcare,2008
2008-12-16,0.014297957543415188,FBDIX,healthcare,2008
2008-12-17,0.008016516710767144,FBDIX,healthcare,2008
2008-12-18,0.02333246792666236,FBDIX,healthcare,2008
2008-12-19,0.012208430348809422,FBDIX,healthcare,2008
2008-12-22,-0.0038138641685552246,FBDIX,healthcare,2008
2008-12-23,0.005111643509706029,FBDIX,healthcare,2008
2008-12-24,-0.0033393470125636744,FBDIX,healthcare,2008
2008-12-26,-0.002154214380321217,FBDIX,healthcare,2008
2008-12-29,-0.011799242242149222,FBDIX,healthcare,2008
2008-12-30,0.0016142401686532887,FBDIX,healthcare,2008
2009-01-05,0.006947926827744791,FBDIX,healthcare,2009
2009-01-06,-0.008034944235605468,FBDIX,healthcare,2009
2009-01-07,0.012059236073952588,FBDIX,healthcare,2009
2009-01-08,0.006799876560250188,FBDIX,healthcare,2009
2009-01-09,-0.005497751160247583,FBDIX,healthcare,2009
2009-01-12,0.008988192156096728,FBDIX,healthcare,2009
2009-01-13,0.012408189551769784,FBDIX,healthcare,2009
2009-01-14,0.0023150481435752907,FBDIX,healthcare,2009
2009-01-15,0.018848551784249233,FBDIX,healthcare,2009
2009-01-16,0.005398683877920344,FBDIX,healthcare,2009
2009-01-20,-0.0017367625743675598,FBDIX,healthcare,2009
2009-01-21,0.0064591579462654515,FBDIX,healthcare,2009
2009-01-22,-0.007740492708417786,FBDIX,healthcare,2009
2009-01-23,-0.010574866979899828,FBDIX,healthcare,2009
2009-01-26,-0.002115796200197732,FBDIX,healthcare,2009
2009-01-27,0.0002057461003312864,FBDIX,healthcare,2009
2009-01-28,0.0018847885852616153,FBDIX,healthcare,2009
2009-01-29,0.01429659306457439,FBDIX,healthcare,2009
2009-01-30,0.0047392528827412345,FBDIX,healthcare,2009
2009-02-02,0.012322469589974471,FBDIX,healthcare,2009
2009-02-03,0.011244147929112623,FBDIX,healthcare,2009
2009-02-04,0.0006630788735987429,FBDIX,healthcare,2009
2009-02-05,0.0025775702485731147,FBDIX,healthcare,2009
2009-02-06,-0.00964340319156879,FBDIX,healthcare,2009
2009-02-09,-0.006476071598729835,FBDIX,healthcare,2009
2009-02-10,0.003717338406265317,FBDIX,healthcare,2009
2009-02-11,0.002633277374576037,FBDIX,healthcare,2009
2009-02-12,0.017876714667037188,FBDIX,healthcare,2009
2009-02-13,-0.0004928758976755401,FBDIX,healthcare,2009
2009-02-17,0.008598564041348084,FBDIX,healthcare,2009
2009-02-18,0.0018025032051109749,FBDIX,healthcare,2009
2009-02-19,-0.0024933859185948667,FBDIX,healthcare,2009
2009-02-20,0.0013158323458519715,FBDIX,healthcare,2009
2009-02-23,0.0013463513963485815,FBDIX,healthcare,2009
2009-02-24,-0.0014816221713467581,FBDIX,healthcare,2009
2009-02-25,-0.00798641459687376,FBDIX,healthcare,2009
2009-02-26,-0.02591893498490646,FBDIX,healthcare,2009
2009-02-27,-0.026096766684971965,FBDIX,healthcare,2009
2009-03-02,-0.015563811889040859,FBDIX,healthcare,2009
2009-03-03,0.004129625397749292,FBDIX,healthcare,2009
2009-03-04,0.002352914604574593,FBDIX,healthcare,2009
2009-03-05,-0.006895633446811288,FBDIX,healthcare,2009
2009-03-06,0.017038793550780997,FBDIX,healthcare,2009
2009-03-09,0.00038183146259410366,FBDIX,healthcare,2009
2009-03-10,-0.004992347735852085,FBDIX,healthcare,2009
2009-03-11,-0.017784881436316638,FBDIX,healthcare,2009
2009-03-12,0.02637790266625015,FBDIX,healthcare,2009
2009-03-13,0.0056751117246562725,FBDIX,healthcare,2009
2009-03-16,-0.014742163758086405,FBDIX,healthcare,2009
2009-03-17,0.021126599476535307,FBDIX,healthcare,2009
2009-03-18,-0.01833585142488106,FBDIX,healthcare,2009
2009-03-19,-0.0038617098940928393,FBDIX,healthcare,2009
2009-03-20,-0.0008928081249326356,FBDIX,healthcare,2009
2009-03-23,0.0033622990197691716,FBDIX,healthcare,2009
2009-03-24,-0.0035276879864098026,FBDIX,healthcare,2009
2009-03-25,-7.924801869706524e-05,FBDIX,healthcare,2009
2009-03-26,0.00787726991812037,FBDIX,healthcare,2009
2009-03-27,0.000250869450063005,FBDIX,healthcare,2009
2009-03-30,0.015512945380730489,FBDIX,healthcare,2009
2009-03-31,-0.003663299424069493,FBDIX,healthcare,2009
2009-04-01,-0.030835104732127916,FBDIX,healthcare,2009
2009-04-02,-0.008513087135757309,FBDIX,healthcare,2009
2009-04-03,-0.007356383744820418,FBDIX,healthcare,2009
2009-04-06,0.0015939968610277633,FBDIX,healthcare,2009
2009-04-07,0.0021683920860931655,FBDIX,healthcare,2009
2009-04-08,0.007222724578434337,FBDIX,healthcare,2009
2009-04-09,-0.011993790025182879,FBDIX,healthcare,2009
2009-04-13,-0.0014220108481618717,FBDIX,healthcare,2009
2009-04-14,-0.005828276565145212,FBDIX,healthcare,2009
2009-04-15,-0.011134472735484053,FBDIX,healthcare,2009
2009-04-16,-0.0009524592044735641,FBDIX,healthcare,2009
2009-04-17,-0.00847233412015258,FBDIX,healthcare,2009
2009-04-20,0.0016069341612714137,FBDIX,healthcare,2009
2009-04-21,-0.01247472301737678,FBDIX,healthcare,2009
2009-04-22,-0.00556112871829985,FBDIX,healthcare,2009
2009-04-23,-0.011244214615344571,FBDIX,healthcare,2009
2009-04-24,0.004611451353257405,FBDIX,healthcare,2009
2009-04-27,0.019854858832630697,FBDIX,healthcare,2009
2009-04-28,0.0138534767673021,FBDIX,healthcare,2009
2009-04-29,4.444591057681246e-06,FBDIX,healthcare,2009
2009-04-30,-0.029408141247837697,FBDIX,healthcare,2009
2009-05-01,-0.01747262013375509,FBDIX,healthcare,2009
2009-05-04,-0.009310094261551443,FBDIX,healthcare,2009
2009-05-05,-0.004859059461264078,FBDIX,healthcare,2009
2009-05-06,-0.016111082299566717,FBDIX,healthcare,2009
2009-05-07,0.021489948312474937,FBDIX,healthcare,2009
2009-05-08,-0.004738169553369731,FBDIX,healthcare,2009
2009-05-11,0.023743089143441358,FBDIX,healthcare,2009
2009-05-12,-0.002596684003759464,FBDIX,healthcare,2009
2009-05-13,0.0022908403100854926,FBDIX,healthcare,2009
2009-05-14,-0.001397062104042238,FBDIX,healthcare,2009
2009-05-15,-0.0034972022029889083,FBDIX,healthcare,2009
2009-05-18,-0.005204655443069275,FBDIX,healthcare,2009
2009-05-19,0.0009538484882871606,FBDIX,healthcare,2009
2009-05-20,0.007475331188182865,FBDIX,healthcare,2009
2009-05-21,-0.007676768112755335,FBDIX,healthcare,2009
2009-05-22,0.0022919201568257753,FBDIX,healthcare,2009
2009-05-26,0.00326160887577563,FBDIX,healthcare,2009
2009-05-27,0.0032869099830464404,FBDIX,healthcare,2009
2009-05-28,0.0001242858572356037,FBDIX,healthcare,2009
2009-05-29,0.005055756331413161,FBDIX,healthcare,2009
2009-06-01,-0.01196171807953369,FBDIX,healthcare,2009
2009-06-02,0.0138247231117366,FBDIX,healthcare,2009
2009-06-03,0.022849670606644515,FBDIX,healthcare,2009
2009-06-04,-0.006420875935681017,FBDIX,healthcare,2009
2009-06-05,-0.005171726827307057,FBDIX,healthcare,2009
2009-06-08,0.0014639215745482076,FBDIX,healthcare,2009
2009-06-09,0.0057466317123023546,FBDIX,healthcare,2009
2009-06-10,-0.006620492968690837,FBDIX,healthcare,2009
2009-06-11,0.004206346227979505,FBDIX,healthcare,2009
2009-06-12,0.0005887081951295983,FBDIX,healthcare,2009
2009-06-15,-0.007664616570225673,FBDIX,healthcare,2009
2009-06-16,0.006054202261581809,FBDIX,healthcare,2009
2009-06-17,0.02112173301921236,FBDIX,healthcare,2009
2009-06-18,0.0021516800519108354,FBDIX,healthcare,2009
2009-06-19,0.002298597548076523,FBDIX,healthcare,2009
2009-06-22,-0.004414567115726062,FBDIX,healthcare,2009
2009-06-23,0.0017282898971122218,FBDIX,healthcare,2009
2009-06-24,0.0016601647029016783,FBDIX,healthcare,2009
2009-06-25,0.009147161699385245,FBDIX,healthcare,2009
2009-06-26,0.008433153086182177,FBDIX,healthcare,2009
2009-06-29,-0.005266036182557332,FBDIX,healthcare,2009
2009-06-30,-0.002344370663257758,FBDIX,healthcare,2009
2009-07-01,-0.00637856789384849,FBDIX,healthcare,2009
2009-07-02,-0.004747216533421196,FBDIX,healthcare,2009
2009-07-06,0.0035623032414221147,FBDIX,healthcare,2009
2009-07-07,-0.0002978411709326327,FBDIX,healthcare,2009
2009-07-08,0.004683513387109822,FBDIX,healthcare,2009
2009-07-09,-0.0023730797567174068,FBDIX,healthcare,2009
2009-07-10,-0.004133625176751303,FBDIX,healthcare,2009
2009-07-13,0.0008576708809386255,FBDIX,healthcare,2009
2009-07-14,-0.004296152866687918,FBDIX,healthcare,2009
2009-07-15,-0.005750858013127412,FBDIX,healthcare,2009
2009-07-16,0.006814750465263553,FBDIX,healthcare,2009
2009-07-17,-0.008042347864445047,FBDIX,healthcare,2009
2009-07-20,0.001886629048255246,FBDIX,healthcare,2009
2009-07-21,0.009516768829071605,FBDIX,healthcare,2009
2009-07-22,-0.001099418592156847,FBDIX,healthcare,2009
2009-07-23,0.022987959472282382,FBDIX,healthcare,2009
2009-07-24,0.0073262557144337355,FBDIX,healthcare,2009
2009-07-27,0.00946675577538227,FBDIX,healthcare,2009
2009-07-28,0.016999136346299296,FBDIX,healthcare,2009
2009-07-29,0.004894189192781318,FBDIX,healthcare,2009
2009-07-30,-0.005539733655064989,FBDIX,healthcare,2009
2009-07-31,-0.0077480143519801595,FBDIX,healthcare,2009
2009-08-03,-0.00536925498735001,FBDIX,healthcare,2009
2009-08-04,0.002878821715820161,FBDIX,healthcare,2009
2009-08-05,-0.018777461081869746,FBDIX,healthcare,2009
2009-08-06,-0.013017189832160044,FBDIX,healthcare,2009
2009-08-07,-0.002087831321055265,FBDIX,healthcare,2009
2009-08-10,0.004596027664724715,FBDIX,healthcare,2009
2009-08-11,0.0038368466194992753,FBDIX,healthcare,2009
2009-08-12,0.003822658798592439,FBDIX,healthcare,2009
2009-08-13,-0.009342703185921664,FBDIX,healthcare,2009
2009-08-14,-0.000819759905932982,FBDIX,healthcare,2009
2009-08-17,-0.006719164430976258,FBDIX,healthcare,2009
2009-08-18,0.001128919097660869,FBDIX,healthcare,2009
2009-08-19,0.010283092523328072,FBDIX,healthcare,2009
2009-08-20,0.0030156224036335406,FBDIX,healthcare,2009
2009-08-21,-0.0030580355322953647,FBDIX,healthcare,2009
2009-08-24,-0.0026522714720513233,FBDIX,healthcare,2009
2009-08-25,0.003481772752635698,FBDIX,healthcare,2009
2009-08-26,0.005724487832782046,FBDIX,healthcare,2009
2009-08-27,-0.0020630341283876114,FBDIX,healthcare,2009
2009-08-28,-0.00740246206702142,FBDIX,healthcare,2009
2009-08-31,0.005309078480675878,FBDIX,healthcare,2009
2009-09-01,0.002042628333929066,FBDIX,healthcare,2009
2009-09-02,0.0008240762126421207,FBDIX,healthcare,2009
2009-09-03,-0.002033633060891569,FBDIX,healthcare,2009
2009-09-04,0.011885515566464208,FBDIX,healthcare,2009
2009-09-08,-0.0003770088525044315,FBDIX,healthcare,2009
2009-09-09,0.0047610275439176255,FBDIX,healthcare,2009
2009-09-10,-0.004566638063425107,FBDIX,healthcare,2009
2009-09-11,-0.0006699345591776878,FBDIX,healthcare,2009
2009-09-14,0.00712162313902466,FBDIX,healthcare,2009
2009-09-15,-0.004997601624903276,FBDIX,healthcare,2009
2009-09-16,0.0025515552533879934,FBDIX,healthcare,2009
2009-09-17,0.00441005941546697,FBDIX,healthcare,2009
2009-09-18,0.00036750075021861476,FBDIX,healthcare,2009
2009-09-21,0.01526141667585152,FBDIX,healthcare,2009
2009-09-22,-0.013874894590790035,FBDIX,healthcare,2009
2009-09-23,-0.005111026314587326,FBDIX,healthcare,2009
2009-09-24,-0.006005072791310956,FBDIX,healthcare,2009
2009-09-25,0.002935468363795524,FBDIX,healthcare,2009
2009-09-28,0.002205914042598584,FBDIX,healthcare,2009
2009-09-29,-0.004728803750260699,FBDIX,healthcare,2009
2009-09-30,-8.152021688097658e-05,FBDIX,healthcare,2009
2009-10-01,-0.009883418144591432,FBDIX,healthcare,2009
2009-10-02,-0.003145374890112091,FBDIX,healthcare,2009
2009-10-05,-0.006004671533697633,FBDIX,healthcare,2009
2009-10-06,0.0029915671623477347,FBDIX,healthcare,2009
2009-10-07,-0.005951091307375462,FBDIX,healthcare,2009
2009-10-08,-0.005325350073329356,FBDIX,healthcare,2009
2009-10-09,0.003483208809199632,FBDIX,healthcare,2009
2009-10-12,-0.00028178709457773164,FBDIX,healthcare,2009
2009-10-13,-0.0018414738492907269,FBDIX,healthcare,2009
2009-10-14,0.001905782096477092,FBDIX,healthcare,2009
2009-10-15,0.0025533243231844398,FBDIX,healthcare,2009
2009-10-16,-0.0034265470970983782,FBDIX,healthcare,2009
2009-10-19,-0.007017717105928417,FBDIX,healthcare,2009
2009-10-20,-0.018711323254954983,FBDIX,healthcare,2009
2009-10-21,-0.004392703699644583,FBDIX,healthcare,2009
2009-10-22,0.001657828371661273,FBDIX,healthcare,2009
2009-10-23,-0.009640350332646094,FBDIX,healthcare,2009
2009-10-26,-0.008658486564445178,FBDIX,healthcare,2009
2009-10-27,0.0026773799795000693,FBDIX,healthcare,2009
2009-10-28,-0.015808968045724896,FBDIX,healthcare,2009
2009-10-29,0.00042010220227572774,FBDIX,healthcare,2009
2009-10-30,0.005978620950491958,FBDIX,healthcare,2009
2009-11-02,-0.00023735361736794804,FBDIX,healthcare,2009
2009-11-03,0.014074361380660878,FBDIX,healthcare,2009
2009-11-04,-0.005926025611883656,FBDIX,healthcare,2009
2009-11-05,0.017403767720718014,FBDIX,healthcare,2009
2009-11-06,0.0056493623641134675,FBDIX,healthcare,2009
2009-11-09,-0.006055094549189026,FBDIX,healthcare,2009
2009-11-10,-0.0003854617776618013,FBDIX,healthcare,2009
2009-11-11,0.003089112419788154,FBDIX,healthcare,2009
2009-11-12,-0.0009068261803825486,FBDIX,healthcare,2009
2009-11-13,-0.005809003185057513,FBDIX,healthcare,2009
2009-11-16,-0.0003122548207618106,FBDIX,healthcare,2009
2009-11-17,0.0006175230423891882,FBDIX,healthcare,2009
2009-11-18,-0.007384500943030739,FBDIX,healthcare,2009
2009-11-19,-0.0035307083408814208,FBDIX,healthcare,2009
2009-11-20,0.0003206615975681773,FBDIX,healthcare,2009
2009-11-23,-0.0016744718019836551,FBDIX,healthcare,2009
2009-11-24,0.005184815509081711,FBDIX,healthcare,2009
2009-11-25,0.006648994745572661,FBDIX,healthcare,2009
2009-11-27,-0.0026614005230602648,FBDIX,healthcare,2009
2009-11-30,-0.0034380843612189706,FBDIX,healthcare,2009
2009-12-01,0.00763478409245093,FBDIX,healthcare,2009
2009-12-02,0.007958094838526948,FBDIX,healthcare,2009
2009-12-03,-0.0056392304381866305,FBDIX,healthcare,2009
2009-12-04,-0.0009218461386935068,FBDIX,healthcare,2009
2009-12-07,-0.003920839079121663,FBDIX,healthcare,2009
2009-12-08,-0.0026832808256113073,FBDIX,healthcare,2009
2009-12-09,-0.0025912249699173093,FBDIX,healthcare,2009
2009-12-10,0.0010848827616464587,FBDIX,healthcare,2009
2009-12-11,-0.0032290601639697386,FBDIX,healthcare,2009
2009-12-14,0.009336227808517363,FBDIX,healthcare,2009
2009-12-15,-0.0047353487416800615,FBDIX,healthcare,2009
2009-12-16,-0.0063877915631522925,FBDIX,healthcare,2009
2009-12-17,-0.005728187628804163,FBDIX,healthcare,2009
2009-12-18,0.01586745468723956,FBDIX,healthcare,2009
2009-12-21,0.001781045087199589,FBDIX,healthcare,2009
2009-12-22,0.010315435786347733,FBDIX,healthcare,2009
2009-12-23,0.0006563752885149459,FBDIX,healthcare,2009
2009-12-24,-0.0005799217362695598,FBDIX,healthcare,2009
2009-12-28,0.004134845083297216,FBDIX,healthcare,2009
2009-12-29,-0.00048074273480489275,FBDIX,healthcare,2009
2009-12-30,0.0014578815372941404,FBDIX,healthcare,2009
2010-01-05,-0.00957971526468657,FBDIX,healthcare,2010
2010-01-06,0.009009647827734685,FBDIX,healthcare,2010
2010-01-07,0.00024460543862795357,FBDIX,healthcare,2010
2010-01-08,0.0046927353330858835,FBDIX,healthcare,2010
2010-01-11,0.005863366372371195,FBDIX,healthcare,2010
2010-01-12,0.003914705630177646,FBDIX,healthcare,2010
2010-01-13,0.005304855246547908,FBDIX,healthcare,2010
2010-01-14,0.0003466929113631013,FBDIX,healthcare,2010
2010-01-15,0.002415906105634351,FBDIX,healthcare,2010
2010-01-19,0.0005915819751206672,FBDIX,healthcare,2010
2010-01-20,0.0013428021154529863,FBDIX,healthcare,2010
2010-01-21,0.002553697047784128,FBDIX,healthcare,2010
2010-01-22,0.013011648110625003,FBDIX,healthcare,2010
2010-01-25,-0.010240317887700358,FBDIX,healthcare,2010
2010-01-26,0.00040923785005271204,FBDIX,healthcare,2010
2010-01-27,0.00766152794142053,FBDIX,healthcare,2010
2010-01-28,0.000653377198686229,FBDIX,healthcare,2010
2010-01-29,0.011404022092345787,FBDIX,healthcare,2010
2010-02-01,-0.007897145252206094,FBDIX,healthcare,2010
2010-02-02,0.007602151130676133,FBDIX,healthcare,2010
2010-02-03,0.00527426375534424,FBDIX,healthcare,2010
2010-02-04,-0.005273578974679366,FBDIX,healthcare,2010
2010-02-05,-0.007231338685693828,FBDIX,healthcare,2010
2010-02-08,0.0007125756962503404,FBDIX,healthcare,2010
2010-02-09,-0.0030629323877840262,FBDIX,healthcare,2010
2010-02-10,0.001927467771273002,FBDIX,healthcare,2010
2010-02-11,0.0034631877536800797,FBDIX,healthcare,2010
2010-02-12,0.004246435706415163,FBDIX,healthcare,2010
2010-02-16,-0.009596648652002892,FBDIX,healthcare,2010
2010-02-17,0.007985765006436368,FBDIX,healthcare,2010
2010-02-18,-0.00445894832550698,FBDIX,healthcare,2010
2010-02-19,-0.0018553089318926208,FBDIX,healthcare,2010
2010-02-22,-0.003583219878900528,FBDIX,healthcare,2010
2010-02-23,0.0007313004580768896,FBDIX,healthcare,2010
2010-02-24,-0.0027779626817561586,FBDIX,healthcare,2010
2010-02-25,-0.0007580962360973032,FBDIX,healthcare,2010
2010-02-26,0.00042290383862103,FBDIX,healthcare,2010
2010-03-01,0.017825129303568478,FBDIX,healthcare,2010
2010-03-02,0.004076813434318493,FBDIX,healthcare,2010
2010-03-03,-0.0009598886686104025,FBDIX,healthcare,2010
2010-03-04,-0.007321224009624587,FBDIX,healthcare,2010
2010-03-05,0.0014127656311244598,FBDIX,healthcare,2010
2010-03-08,-0.00236503982647473,FBDIX,healthcare,2010
2010-03-09,0.005760084657256268,FBDIX,healthcare,2010
2010-03-10,0.007119688793576125,FBDIX,healthcare,2010
2010-03-11,-0.000493795189410672,FBDIX,healthcare,2010
2010-03-12,-0.0019369067514841951,FBDIX,healthcare,2010
2010-03-15,-0.0003949239638247389,FBDIX,healthcare,2010
2010-03-16,0.00089806767880288,FBDIX,healthcare,2010
2010-03-17,-0.003933949648028613,FBDIX,healthcare,2010
2010-03-18,0.002590878684021054,FBDIX,healthcare,2010
2010-03-19,0.009405008490366027,FBDIX,healthcare,2010
2010-03-22,-0.001148926005866972,FBDIX,healthcare,2010
2010-03-23,-0.0037324936359305894,FBDIX,healthcare,2010
2010-03-24,-0.006835793560369246,FBDIX,healthcare,2010
2010-03-25,-0.008931379570647041,FBDIX,healthcare,2010
2010-03-26,-0.002709081686793538,FBDIX,healthcare,2010
2010-03-29,-0.000894069927580129,FBDIX,healthcare,2010
2010-03-30,-0.0056974272676323535,FBDIX,healthcare,2010
2010-03-31,-0.0019079300713785896,FBDIX,healthcare,2010
2010-04-01,0.0069275394585796325,FBDIX,healthcare,2010
2010-04-05,-0.0002462868431571102,FBDIX,healthcare,2010
2010-04-06,-0.0009020286684670096,FBDIX,healthcare,2010
2010-04-07,0.0009952020492623491,FBDIX,healthcare,2010
2010-04-08,0.0014707355376984408,FBDIX,healthcare,2010
2010-04-09,-0.0014811653322895548,FBDIX,healthcare,2010
2010-04-12,-0.0033999988944425534,FBDIX,healthcare,2010
2010-04-13,-0.0008355587485391303,FBDIX,healthcare,2010
2010-04-14,-0.0042564648580773155,FBDIX,healthcare,2010
2010-04-15,-0.0004492049599543469,FBDIX,healthcare,2010
2010-04-16,0.01226926519430266,FBDIX,healthcare,2010
2010-04-19,-0.004592012062181179,FBDIX,healthcare,2010
2010-04-20,-0.005436560544296034,FBDIX,healthcare,2010
2010-04-21,-0.017356273729428957,FBDIX,healthcare,2010
2010-04-22,-0.010966439875167152,FBDIX,healthcare,2010
2010-04-23,0.006219325796137868,FBDIX,healthcare,2010
2010-04-26,-0.005496668344315624,FBDIX,healthcare,2010
2010-04-27,0.008665136190169197,FBDIX,healthcare,2010
2010-04-28,-0.0029006785663317205,FBDIX,healthcare,2010
2010-04-29,0.009424767517561322,FBDIX,healthcare,2010
2010-04-30,0.006483695574734849,FBDIX,healthcare,2010
2010-05-03,-0.00315631082535045,FBDIX,healthcare,2010
2010-05-04,-0.0012110679400152771,FBDIX,healthcare,2010
2010-05-05,-0.011969642249231742,FBDIX,healthcare,2010
2010-05-06,-0.008323951217690799,FBDIX,healthcare,2010
2010-05-07,-0.015352652264618676,FBDIX,healthcare,2010
2010-05-10,-0.010574462033690685,FBDIX,healthcare,2010
2010-05-11,0.013585528483758838,FBDIX,healthcare,2010
2010-05-12,0.007204965666234112,FBDIX,healthcare,2010
2010-05-13,-0.001183835882893492,FBDIX,healthcare,2010
2010-05-14,-0.0035344217453057054,FBDIX,healthcare,2010
2010-05-17,0.0031609484088666283,FBDIX,healthcare,2010
2010-05-18,0.0018185640154357516,FBDIX,healthcare,2010
2010-05-19,0.0019432831158974271,FBDIX,healthcare,2010
2010-05-20,-0.005514719990075197,FBDIX,healthcare,2010
2010-05-21,-0.012186512531514926,FBDIX,healthcare,2010
2010-05-24,0.005431478657231369,FBDIX,healthcare,2010
2010-05-25,-0.0014244725606858836,FBDIX,healthcare,2010
2010-05-26,-0.004177487480987062,FBDIX,healthcare,2010
2010-05-27,-0.005864036001895598,FBDIX,healthcare,2010
2010-05-28,0.004369986940632032,FBDIX,healthcare,2010
2010-06-01,-0.0017058426486268024,FBDIX,healthcare,2010
2010-06-02,0.01169800930819194,FBDIX,healthcare,2010
2010-06-03,0.00405849449374829,FBDIX,healthcare,2010
2010-06-04,-0.006151483242578408,FBDIX,healthcare,2010
2010-06-07,-0.003034077355898831,FBDIX,healthcare,2010
2010-06-08,-0.0244930686327847,FBDIX,healthcare,2010
2010-06-09,0.0010152098736152851,FBDIX,healthcare,2010
2010-06-10,0.002090656830985544,FBDIX,healthcare,2010
2010-06-11,0.007282004017295002,FBDIX,healthcare,2010
2010-06-14,0.005398432658464779,FBDIX,healthcare,2010
2010-06-15,0.003217972371997748,FBDIX,healthcare,2010
2010-06-16,-0.002888473711763693,FBDIX,healthcare,2010
2010-06-17,0.0006044428150854017,FBDIX,healthcare,2010
2010-06-18,0.004116232588145495,FBDIX,healthcare,2010
2010-06-21,-0.004505913610802744,FBDIX,healthcare,2010
2010-06-22,0.0012175080487945716,FBDIX,healthcare,2010
2010-06-23,0.004676638707494794,FBDIX,healthcare,2010
2010-06-24,0.005573010645983076,FBDIX,healthcare,2010
2010-06-25,0.010978093766190414,FBDIX,healthcare,2010
2010-06-28,-0.004166306577950398,FBDIX,healthcare,2010
2010-06-29,-0.006886391232351345,FBDIX,healthcare,2010
2010-06-30,-0.00784856923859774,FBDIX,healthcare,2010
2010-07-01,-0.015519830018335437,FBDIX,healthcare,2010
2010-07-02,0.014853971105187923,FBDIX,healthcare,2010
2010-07-06,-0.02063043040602872,FBDIX,healthcare,2010
2010-07-07,-0.009453881382324975,FBDIX,healthcare,2010
2010-07-08,0.006070518000707152,FBDIX,healthcare,2010
2010-07-09,0.008737192979214966,FBDIX,healthcare,2010
2010-07-12,-0.012733621703193336,FBDIX,healthcare,2010
2010-07-13,0.008823511137759973,FBDIX,healthcare,2010
2010-07-14,-0.002000799131616226,FBDIX,healthcare,2010
2010-07-15,-0.0007578862914283948,FBDIX,healthcare,2010
2010-07-16,-0.008763380394873614,FBDIX,healthcare,2010
2010-07-19,-0.0012857764342490792,FBDIX,healthcare,2010
2010-07-20,-0.0059430376915397,FBDIX,healthcare,2010
2010-07-21,0.005545663219901208,FBDIX,healthcare,2010
2010-07-22,0.0031525293252789265,FBDIX,healthcare,2010
2010-07-23,0.008831533565736923,FBDIX,healthcare,2010
2010-07-26,0.023659418495420248,FBDIX,healthcare,2010
2010-07-27,-0.004281213770665341,FBDIX,healthcare,2010
2010-07-28,-0.01445781397076297,FBDIX,healthcare,2010
2010-07-29,0.007640037779373984,FBDIX,healthcare,2010
2010-07-30,0.010462239750332484,FBDIX,healthcare,2010
2010-08-02,-0.0032241284098614396,FBDIX,healthcare,2010
2010-08-03,0.01196656491383715,FBDIX,healthcare,2010
2010-08-04,0.00809766225295535,FBDIX,healthcare,2010
2010-08-05,-0.0024772359923208955,FBDIX,healthcare,2010
2010-08-06,0.005777901154953859,FBDIX,healthcare,2010
2010-08-09,-0.0002002606401752113,FBDIX,healthcare,2010
2010-08-10,-0.0036272412319748887,FBDIX,healthcare,2010
2010-08-11,-0.006472824727106582,FBDIX,healthcare,2010
2010-08-12,0.013784520001958817,FBDIX,healthcare,2010
2010-08-13,-0.005917644571851507,FBDIX,healthcare,2010
2010-08-16,0.001265883678082245,FBDIX,healthcare,2010
2010-08-17,-0.0038863199487939393,FBDIX,healthcare,2010
2010-08-18,-0.002131490584075283,FBDIX,healthcare,2010
2010-08-19,-0.005078801155137504,FBDIX,healthcare,2010
2010-08-20,0.001368887861261276,FBDIX,healthcare,2010
2010-08-23,-0.0017276568414643484,FBDIX,healthcare,2010
2010-08-24,-0.0056837598004369355,FBDIX,healthcare,2010
2010-08-25,0.012535134276095835,FBDIX,healthcare,2010
2010-08-26,-0.00506511341584489,FBDIX,healthcare,2010
2010-08-27,0.006616580287628477,FBDIX,healthcare,2010
2010-08-30,-0.000207646145538044,FBDIX,healthcare,2010
2010-08-31,1.1097749404941076e-05,FBDIX,healthcare,2010
2010-09-01,-0.0015817674635757936,FBDIX,healthcare,2010
2010-09-02,0.0013243781993364078,FBDIX,healthcare,2010
2010-09-03,-0.0015416662378086917,FBDIX,healthcare,2010
2010-09-07,-0.003685774180051579,FBDIX,healthcare,2010
2010-09-08,0.013576393791172803,FBDIX,healthcare,2010
2010-09-09,0.00032336476522121325,FBDIX,healthcare,2010
2010-09-10,0.008127680202335284,FBDIX,healthcare,2010
2010-09-13,-0.006549821707557021,FBDIX,healthcare,2010
2010-09-14,-0.0031607875955263175,FBDIX,healthcare,2010
2010-09-15,0.006959455622497255,FBDIX,healthcare,2010
2010-09-16,-0.003936178983242783,FBDIX,healthcare,2010
2010-09-17,0.00417476689343275,FBDIX,healthcare,2010
2010-09-20,0.0034712075574188806,FBDIX,healthcare,2010
2010-09-21,0.00022080027498227886,FBDIX,healthcare,2010
2010-09-22,0.0018665369206868035,FBDIX,healthcare,2010
2010-09-23,0.0025074320942837782,FBDIX,healthcare,2010
2010-09-24,-0.0027230210143532954,FBDIX,healthcare,2010
2010-09-27,-0.0044806341136594515,FBDIX,healthcare,2010
2010-09-28,0.0034903138239032808,FBDIX,healthcare,2010
2010-09-29,-0.007849173935077,FBDIX,healthcare,2010
2010-09-30,0.0007549936455520279,FBDIX,healthcare,2010
2010-10-01,-0.002975409199519667,FBDIX,healthcare,2010
2010-10-04,-0.002947644628875432,FBDIX,healthcare,2010
2010-10-05,0.003561322805377215,FBDIX,healthcare,2010
2010-10-06,-0.012288015391645767,FBDIX,healthcare,2010
2010-10-07,0.00455968686535847,FBDIX,healthcare,2010
2010-10-08,0.0038126381870927503,FBDIX,healthcare,2010
2010-10-11,-0.005073207363867644,FBDIX,healthcare,2010
2010-10-12,-0.001039711673258728,FBDIX,healthcare,2010
2010-10-13,-0.006651460308468873,FBDIX,healthcare,2010
2010-10-14,0.0027014492821653305,FBDIX,healthcare,2010
2010-10-15,0.00568998161096208,FBDIX,healthcare,2010
2010-10-18,9.504932192704995e-05,FBDIX,healthcare,2010
2010-10-19,-0.004849960903087881,FBDIX,healthcare,2010
2010-10-20,-0.004808482395565617,FBDIX,healthcare,2010
2010-10-21,-0.0030774622799987694,FBDIX,healthcare,2010
2010-10-22,-0.0004166868624002982,FBDIX,healthcare,2010
2010-10-25,0.0029895185312658096,FBDIX,healthcare,2010
2010-10-26,-0.003897254504574856,FBDIX,healthcare,2010
2010-10-27,0.008185880286884132,FBDIX,healthcare,2010
2010-10-28,0.004660897938378178,FBDIX,healthcare,2010
2010-10-29,-0.0006877488888790879,FBDIX,healthcare,2010
2010-11-01,-0.005569137074690937,FBDIX,healthcare,2010
2010-11-02,-0.0005740140152875528,FBDIX,healthcare,2010
2010-11-03,-0.004993076459775174,FBDIX,healthcare,2010
2010-11-04,-0.016777441384630935,FBDIX,healthcare,2010
2010-11-05,-0.008783616242558658,FBDIX,healthcare,2010
2010-11-08,0.0002714958336780225,FBDIX,healthcare,2010
2010-11-09,-0.0015108514146184911,FBDIX,healthcare,2010
2010-11-10,0.0034425347150443967,FBDIX,healthcare,2010
2010-11-11,0.008033442137624297,FBDIX,healthcare,2010
2010-11-12,-0.00350955196288813,FBDIX,healthcare,2010
2010-11-15,0.009742518159893274,FBDIX,healthcare,2010
2010-11-16,0.004901187457373075,FBDIX,healthcare,2010
2010-11-17,-0.0012454923719765038,FBDIX,healthcare,2010
2010-11-18,-0.0001258166986403738,FBDIX,healthcare,2010
2010-11-19,0.0009451867340417369,FBDIX,healthcare,2010
2010-11-22,0.002900721811871905,FBDIX,healthcare,2010
2010-11-23,-0.0004755687784999251,FBDIX,healthcare,2010
2010-11-24,0.004127775415024466,FBDIX,healthcare,2010
2010-11-26,0.006110663910754349,FBDIX,healthcare,2010
2010-11-29,-0.003954032473466245,FBDIX,healthcare,2010
2010-11-30,-0.0031634098631812217,FBDIX,healthcare,2010
2010-12-01,-0.006269381685928251,FBDIX,healthcare,2010
2010-12-02,-0.007474090525093306,FBDIX,healthcare,2010
2010-12-03,3.022573602765033e-05,FBDIX,healthcare,2010
2010-12-06,-0.007613904041578094,FBDIX,healthcare,2010
2010-12-07,0.004870511621051544,FBDIX,healthcare,2010
2010-12-08,0.0002343707006907344,FBDIX,healthcare,2010
2010-12-09,-0.0034940396244738346,FBDIX,healthcare,2010
2010-12-10,0.005005289044784775,FBDIX,healthcare,2010
2010-12-13,-0.00934421917229057,FBDIX,healthcare,2010
2010-12-14,0.010773901585233014,FBDIX,healthcare,2010
2010-12-15,0.007541376400904101,FBDIX,healthcare,2010
2010-12-16,0.006795273851978554,FBDIX,healthcare,2010
2010-12-17,0.010734072402583545,FBDIX,healthcare,2010
2010-12-20,0.0029500860303559506,FBDIX,healthcare,2010
2010-12-21,-0.00015430521207627015,FBDIX,healthcare,2010
2010-12-22,-0.0017869504286228176,FBDIX,healthcare,2010
2010-12-23,0.0008283429476095498,FBDIX,healthcare,2010
2010-12-27,0.0029551062983743078,FBDIX,healthcare,2010
2010-12-28,-0.00533904464315537,FBDIX,healthcare,2010
2010-12-29,0.0013690338064888238,FBDIX,healthcare,2010
2010-12-30,-0.0016310467674987932,FBDIX,healthcare,2010
2011-01-05,0.004734376741341156,FBDIX,healthcare,2011
2011-01-06,0.0022635731724515128,FBDIX,healthcare,2011
2011-01-07,0.005428357148807988,FBDIX,healthcare,2011
2011-01-10,0.002894227090471657,FBDIX,healthcare,2011
2011-01-11,0.0031182320346267497,FBDIX,healthcare,2011
2011-01-12,-0.002471903685107692,FBDIX,healthcare,2011
2011-01-13,-0.0015806345843992033,FBDIX,healthcare,2011
2011-01-14,-0.008326926212940249,FBDIX,healthcare,2011
2011-01-18,0.002939848257314387,FBDIX,healthcare,2011
2011-01-19,-0.011984784481028632,FBDIX,healthcare,2011
2011-01-20,-0.0033661388084524147,FBDIX,healthcare,2011
2011-01-21,-0.009195639302852268,FBDIX,healthcare,2011
2011-01-24,0.0022621045707842714,FBDIX,healthcare,2011
2011-01-25,-0.002525560513590075,FBDIX,healthcare,2011
2011-01-26,0.00738259907118991,FBDIX,healthcare,2011
2011-01-27,-0.010030319701963017,FBDIX,healthcare,2011
2011-01-28,-0.007032705200662643,FBDIX,healthcare,2011
2011-01-31,-7.84625852349348e-05,FBDIX,healthcare,2011
2011-02-01,-0.008210907655147821,FBDIX,healthcare,2011
2011-02-02,0.0028098288025189475,FBDIX,healthcare,2011
2011-02-03,-0.007736583090296416,FBDIX,healthcare,2011
2011-02-04,0.002182760971067936,FBDIX,healthcare,2011
2011-02-07,-0.009178132837186517,FBDIX,healthcare,2011
2011-02-08,-0.0013265271320045476,FBDIX,healthcare,2011
2011-02-09,-0.0071795224666042125,FBDIX,healthcare,2011
2011-02-10,0.005665062857512791,FBDIX,healthcare,2011
2011-02-11,-0.004989399809019232,FBDIX,healthcare,2011
2011-02-14,0.004601049814939587,FBDIX,healthcare,2011
2011-02-15,0.003088671233324079,FBDIX,healthcare,2011
2011-02-16,-0.0018520672590628187,FBDIX,healthcare,2011
2011-02-17,-0.0030774719452650494,FBDIX,healthcare,2011
2011-02-18,-0.0052553877154358514,FBDIX,healthcare,2011
2011-02-22,0.00014124717879179793,FBDIX,healthcare,2011
2011-02-23,-0.004098197949675702,FBDIX,healthcare,2011
2011-02-24,-0.002909111452381961,FBDIX,healthcare,2011
2011-02-25,0.00803695223927836,FBDIX,healthcare,2011
2011-02-28,-0.00929187293584306,FBDIX,healthcare,2011
2011-03-01,0.011037640586456513,FBDIX,healthcare,2011
2011-03-02,0.004197619077553349,FBDIX,healthcare,2011
2011-03-03,-0.003059420944534501,FBDIX,healthcare,2011
2011-03-04,0.00916884985787313,FBDIX,healthcare,2011
2011-03-07,0.0017183601562201778,FBDIX,healthcare,2011
2011-03-08,0.0019687233746531613,FBDIX,healthcare,2011
2011-03-09,0.0014833387852851148,FBDIX,healthcare,2011
2011-03-10,0.004107269257881524,FBDIX,healthcare,2011
2011-03-11,0.0010817424534876295,FBDIX,healthcare,2011
2011-03-14,0.003914856439413526,FBDIX,healthcare,2011
2011-03-15,-0.0003995156127533737,FBDIX,healthcare,2011
2011-03-16,0.007677375037640958,FBDIX,healthcare,2011
2011-03-17,-0.008382056042806665,FBDIX,healthcare,2011
2011-03-18,0.002471933728760564,FBDIX,healthcare,2011
2011-03-21,-0.007335375701900317,FBDIX,healthcare,2011
2011-03-22,-0.0002264049355156848,FBDIX,healthcare,2011
2011-03-23,-5.803173929631693e-05,FBDIX,healthcare,2011
2011-03-24,0.005098671003425441,FBDIX,healthcare,2011
2011-03-25,-0.0008593155767127806,FBDIX,healthcare,2011
2011-03-28,-0.002845753390932935,FBDIX,healthcare,2011
2011-03-29,0.006732549213595862,FBDIX,healthcare,2011
2011-03-30,0.00751676788865308,FBDIX,healthcare,2011
2011-03-31,0.005153312046258357,FBDIX,healthcare,2011
2011-04-01,0.002279087112533859,FBDIX,healthcare,2011
2011-04-04,0.0008693329375969721,FBDIX,healthcare,2011
2011-04-05,0.007684300136480456,FBDIX,healthcare,2011
2011-04-06,-0.0005050694545298828,FBDIX,healthcare,2011
2011-04-07,0.004945640978542726,FBDIX,healthcare,2011
2011-04-08,0.002666582214771979,FBDIX,healthcare,2011
2011-04-11,-0.0014046876852835156,FBDIX,healthcare,2011
2011-04-12,0.004246834447971604,FBDIX,healthcare,2011
2011-04-13,0.008790478048928414,FBDIX,healthcare,2011
2011-04-14,0.009821973096200651,FBDIX,healthcare,2011
2011-04-15,0.007141858200119986,FBDIX,healthcare,2011
2011-04-18,0.009259326842956907,FBDIX,healthcare,2011
2011-04-19,-0.01227582999432722,FBDIX,healthcare,2011
2011-04-20,0.0011139608180270651,FBDIX,healthcare,2011
2011-04-21,-0.0047954604857436255,FBDIX,healthcare,2011
2011-04-25,-0.004040548327331163,FBDIX,healthcare,2011
2011-04-26,0.003958665894654798,FBDIX,healthcare,2011
2011-04-27,0.009142172911096067,FBDIX,healthcare,2011
2011-04-28,-0.0012602758134341615,FBDIX,healthcare,2011
2011-04-29,-0.005046230265367539,FBDIX,healthcare,2011
2011-05-02,0.0033373182762597335,FBDIX,healthcare,2011
2011-05-03,-0.0034666916955792366,FBDIX,healthcare,2011
2011-05-04,-0.003774300984926323,FBDIX,healthcare,2011
2011-05-05,-0.006956497252039815,FBDIX,healthcare,2011
2011-05-06,0.00856242780025697,FBDIX,healthcare,2011
2011-05-09,0.006941370969414249,FBDIX,healthcare,2011
2011-05-10,-0.0019262271129619618,FBDIX,healthcare,2011
2011-05-11,0.0015819989716962229,FBDIX,healthcare,2011
2011-05-12,0.010418246402883921,FBDIX,healthcare,2011
2011-05-13,0.0032079844833569028,FBDIX,healthcare,2011
2011-05-16,-0.01190314116735609,FBDIX,healthcare,2011
2011-05-17,-0.0006667761543536596,FBDIX,healthcare,2011
2011-05-18,-0.00028853287223179307,FBDIX,healthcare,2011
2011-05-19,-0.0038036422116771154,FBDIX,healthcare,2011
2011-05-20,0.011538509592675309,FBDIX,healthcare,2011
2011-05-23,-0.003241665548342758,FBDIX,healthcare,2011
2011-05-24,-0.0008146094171130376,FBDIX,healthcare,2011
2011-05-25,0.0047143106429336735,FBDIX,healthcare,2011
2011-05-26,0.004628175154652035,FBDIX,healthcare,2011
2011-05-27,0.0008919358673901727,FBDIX,healthcare,2011
2011-05-31,0.004200068157265112,FBDIX,healthcare,2011
2011-06-01,0.0010037068509349614,FBDIX,healthcare,2011
2011-06-02,0.004441073269604155,FBDIX,healthcare,2011
2011-06-03,-0.00036131969396051983,FBDIX,healthcare,2011
2011-06-06,-0.007107924186572563,FBDIX,healthcare,2011
2011-06-07,0.008986757893010957,FBDIX,healthcare,2011
2011-06-08,-0.003294659491823522,FBDIX,healthcare,2011
2011-06-09,-0.0067574807560629715,FBDIX,healthcare,2011
2011-06-10,-0.004898641517486526,FBDIX,healthcare,2011
2011-06-13,-0.003693035022005737,FBDIX,healthcare,2011
2011-06-14,-0.004626997661284648,FBDIX,healthcare,2011
2011-06-15,0.005947019844435457,FBDIX,healthcare,2011
2011-06-16,-0.0038247306694268084,FBDIX,healthcare,2011
2011-06-17,-0.007115407858867083,FBDIX,healthcare,2011
2011-06-20,0.004403182787491829,FBDIX,healthcare,2011
2011-06-21,-0.0015649378028032533,FBDIX,healthcare,2011
2011-06-22,0.0022968285645654798,FBDIX,healthcare,2011
2011-06-23,0.007715574352794466,FBDIX,healthcare,2011
2011-06-24,0.0073919844335864435,FBDIX,healthcare,2011
2011-06-27,-0.0013183165314588413,FBDIX,healthcare,2011
2011-06-28,0.005552830263219248,FBDIX,healthcare,2011
2011-06-29,-0.010225640129407666,FBDIX,healthcare,2011
2011-06-30,-0.005591922638627472,FBDIX,healthcare,2011
2011-07-01,-0.0007944757416161949,FBDIX,healthcare,2011
2011-07-05,-0.0014297200926373696,FBDIX,healthcare,2011
2011-07-06,0.00191616683883329,FBDIX,healthcare,2011
2011-07-07,0.0004524211351338795,FBDIX,healthcare,2011
2011-07-08,0.010494255131960336,FBDIX,healthcare,2011
2011-07-11,-0.003830531579622959,FBDIX,healthcare,2011
2011-07-12,0.0036216293022891316,FBDIX,healthcare,2011
2011-07-13,0.002602332123068438,FBDIX,healthcare,2011
2011-07-14,0.0015818235789540318,FBDIX,healthcare,2011
2011-07-15,-0.006092544867105964,FBDIX,healthcare,2011
2011-07-18,-0.004004671754199527,FBDIX,healthcare,2011
2011-07-19,0.00020164847023051644,FBDIX,healthcare,2011
2011-07-20,-0.008510381394242891,FBDIX,healthcare,2011
2011-07-21,0.0038440017344430304,FBDIX,healthcare,2011
2011-07-22,0.002878824869826657,FBDIX,healthcare,2011
2011-07-25,-0.009299984271534455,FBDIX,healthcare,2011
2011-07-26,-0.004455439041742901,FBDIX,healthcare,2011
2011-07-27,0.005335043341553757,FBDIX,healthcare,2011
2011-07-28,-0.000827715042496745,FBDIX,healthcare,2011
2011-07-29,0.011332639739472593,FBDIX,healthcare,2011
2011-08-01,-0.007375785674814436,FBDIX,healthcare,2011
2011-08-02,-0.005373144338123394,FBDIX,healthcare,2011
2011-08-03,-0.00873661126082085,FBDIX,healthcare,2011
2011-08-04,-0.04682805034155381,FBDIX,healthcare,2011
2011-08-05,-0.008155907894848994,FBDIX,healthcare,2011
2011-08-08,-0.002821980479342394,FBDIX,healthcare,2011
2011-08-09,0.009116174866338804,FBDIX,healthcare,2011
2011-08-10,-0.005531967036042237,FBDIX,healthcare,2011
2011-08-11,-0.008034006339965642,FBDIX,healthcare,2011
2011-08-12,0.011580462370456396,FBDIX,healthcare,2011
2011-08-15,0.004937250007012884,FBDIX,healthcare,2011
2011-08-16,0.004569609678954606,FBDIX,healthcare,2011
2011-08-17,-0.005833352909197551,FBDIX,healthcare,2011
2011-08-18,-0.00512345657085779,FBDIX,healthcare,2011
2011-08-19,0.010575454710773105,FBDIX,healthcare,2011
2011-08-22,-0.005447203585027051,FBDIX,healthcare,2011
2011-08-23,0.004919863334855307,FBDIX,healthcare,2011
2011-08-24,-0.010692018887505544,FBDIX,healthcare,2011
2011-08-25,-0.007236620367397036,FBDIX,healthcare,2011
2011-08-26,0.009344797344284629,FBDIX,healthcare,2011
2011-08-29,0.0013348598317793163,FBDIX,healthcare,2011
2011-08-30,0.0058360739245579395,FBDIX,healthcare,2011
2011-08-31,-0.0007627410097215933,FBDIX,healthcare,2011
2011-09-01,-0.007462905583978786,FBDIX,healthcare,2011
2011-09-02,-6.655851816097375e-05,FBDIX,healthcare,2011
2011-09-06,0.015977499632216653,FBDIX,healthcare,2011
2011-09-07,0.005507607600546301,FBDIX,healthcare,2011
2011-09-08,0.00284289068676458,FBDIX,healthcare,2011
2011-09-09,-0.0017047740884989226,FBDIX,healthcare,2011
2011-09-12,-0.0002857961985928458,FBDIX,healthcare,2011
2011-09-13,0.002710738636026536,FBDIX,healthcare,2011
2011-09-14,-0.0007474770404371188,FBDIX,healthcare,2011
2011-09-15,-0.00540927115228358,FBDIX,healthcare,2011
2011-09-16,-0.0049444980510249936,FBDIX,healthcare,2011
2011-09-19,0.004524262352080166,FBDIX,healthcare,2011
2011-09-20,0.010991521672242214,FBDIX,healthcare,2011
2011-09-21,0.004177510804855573,FBDIX,healthcare,2011
2011-09-22,0.005130683890142408,FBDIX,healthcare,2011
2011-09-23,0.004220039220337261,FBDIX,healthcare,2011
2011-09-26,-0.017860056012608518,FBDIX,healthcare,2011
2011-09-27,0.005512455383128124,FBDIX,healthcare,2011
2011-09-28,-0.007757082165241624,FBDIX,healthcare,2011
2011-09-29,-0.00782004022473209,FBDIX,healthcare,2011
2011-09-30,0.01251156832473225,FBDIX,healthcare,2011
2011-10-03,-0.01756171601826149,FBDIX,healthcare,2011
2011-10-04,0.007745649984946763,FBDIX,healthcare,2011
2011-10-05,0.007815466140138585,FBDIX,healthcare,2011
2011-10-06,0.005618970057810698,FBDIX,healthcare,2011
2011-10-07,-0.007172758959125559,FBDIX,healthcare,2011
2011-10-10,-0.0022038992165733587,FBDIX,healthcare,2011
2011-10-11,-6.023205416711666e-05,FBDIX,healthcare,2011
2011-10-12,-0.010804199349881811,FBDIX,healthcare,2011
2011-10-13,0.012632324234866647,FBDIX,healthcare,2011
2011-10-14,-0.00963399279140071,FBDIX,healthcare,2011
2011-10-17,-0.002470229241295748,FBDIX,healthcare,2011
2011-10-18,-0.002640478720268076,FBDIX,healthcare,2011
2011-10-19,0.0021472951056552454,FBDIX,healthcare,2011
2011-10-20,0.0002626120793961118,FBDIX,healthcare,2011
2011-10-21,0.0013011972538257907,FBDIX,healthcare,2011
2011-10-24,0.008491255505648923,FBDIX,healthcare,2011
2011-10-25,-0.010133175683751865,FBDIX,healthcare,2011
2011-10-26,0.01133932350206705,FBDIX,healthcare,2011
2011-10-27,-0.005444078646750311,FBDIX,healthcare,2011
2011-10-28,0.0023800269602180946,FBDIX,healthcare,2011
2011-10-31,-0.003270686314364127,FBDIX,healthcare,2011
2011-11-01,0.007113618924389185,FBDIX,healthcare,2011
2011-11-02,-0.014531265844016332,FBDIX,healthcare,2011
2011-11-03,-0.0010162532406030704,FBDIX,healthcare,2011
2011-11-04,-0.003652100323410017,FBDIX,healthcare,2011
2011-11-07,0.001084085719433205,FBDIX,healthcare,2011
2011-11-08,-0.017582024833655528,FBDIX,healthcare,2011
2011-11-09,0.00820991128222441,FBDIX,healthcare,2011
2011-11-10,-0.010527075163882718,FBDIX,healthcare,2011
2011-11-11,-0.00010632625794037426,FBDIX,healthcare,2011
2011-11-14,0.001754460147829034,FBDIX,healthcare,2011
2011-11-15,-0.0021881067894287272,FBDIX,healthcare,2011
2011-11-16,0.002137041565647922,FBDIX,healthcare,2011
2011-11-17,0.004736336962386917,FBDIX,healthcare,2011
2011-11-18,-0.005119453291137492,FBDIX,healthcare,2011
2011-11-21,0.02935456957086354,FBDIX,healthcare,2011
2011-11-22,0.018013329697743802,FBDIX,healthcare,2011
2011-11-23,0.00533962086969177,FBDIX,healthcare,2011
2011-11-25,-0.00895745276559562,FBDIX,healthcare,2011
2011-11-28,0.005019116949494015,FBDIX,healthcare,2011
2011-11-29,0.0035862479802111916,FBDIX,healthcare,2011
2011-11-30,-0.0032106376618680835,FBDIX,healthcare,2011
2011-12-01,0.0013608970981209517,FBDIX,healthcare,2011
2011-12-02,-0.0005507143833736843,FBDIX,healthcare,2011
2011-12-05,-0.006379713671280587,FBDIX,healthcare,2011
2011-12-06,-0.002072367524439408,FBDIX,healthcare,2011
2011-12-07,-0.010277382246493556,FBDIX,healthcare,2011
2011-12-08,0.0039535375629232115,FBDIX,healthcare,2011
2011-12-09,0.004019535106317966,FBDIX,healthcare,2011
2011-12-12,0.0040957699438288215,FBDIX,healthcare,2011
2011-12-13,-0.0028253807653644946,FBDIX,healthcare,2011
2011-12-14,0.004657701076067154,FBDIX,healthcare,2011
2011-12-15,-0.005756918659942481,FBDIX,healthcare,2011
2011-12-16,-0.003350005279985994,FBDIX,healthcare,2011
2011-12-19,0.006758744488044151,FBDIX,healthcare,2011
2011-12-20,-0.00549900075063401,FBDIX,healthcare,2011
2011-12-21,0.004638636649532888,FBDIX,healthcare,2011
2011-12-22,-0.005968610505120867,FBDIX,healthcare,2011
2011-12-23,-0.006051548857343086,FBDIX,healthcare,2011
2011-12-27,0.005629338124919224,FBDIX,healthcare,2011
2011-12-28,-0.0030628302582054005,FBDIX,healthcare,2011
2011-12-29,0.0009536504917257594,FBDIX,healthcare,2011
2011-12-30,0.009460917372823799,FBDIX,healthcare,2011
2012-01-04,-0.007068723833315056,FBDIX,healthcare,2012
2012-01-05,0.012631019448957307,FBDIX,healthcare,2012
2012-01-06,0.010682394991194808,FBDIX,healthcare,2012
2012-01-09,0.03191970608480174,FBDIX,healthcare,2012
2012-01-10,0.009271208722479078,FBDIX,healthcare,2012
2012-01-11,0.002960798583475384,FBDIX,healthcare,2012
2012-01-12,0.0009090296157131749,FBDIX,healthcare,2012
2012-01-13,0.007040651423976242,FBDIX,healthcare,2012
2012-01-17,0.0030806338033380854,FBDIX,healthcare,2012
2012-01-18,0.002499631484300954,FBDIX,healthcare,2012
2012-01-19,-0.00980125353784178,FBDIX,healthcare,2012
2012-01-20,-0.011598615104604694,FBDIX,healthcare,2012
2012-01-23,-0.005789537632806575,FBDIX,healthcare,2012
2012-01-24,0.010595826423748376,FBDIX,healthcare,2012
2012-01-25,0.0029174888076164765,FBDIX,healthcare,2012
2012-01-26,-0.001270382331058575,FBDIX,healthcare,2012
2012-01-27,0.01338035186054638,FBDIX,healthcare,2012
2012-01-30,-0.00325223616292007,FBDIX,healthcare,2012
2012-01-31,0.005706132606548987,FBDIX,healthcare,2012
2012-02-01,0.011829210454484367,FBDIX,healthcare,2012
2012-02-02,0.004494176455321204,FBDIX,healthcare,2012
2012-02-03,-0.0011017036204866923,FBDIX,healthcare,2012
2012-02-06,0.012226078390758401,FBDIX,healthcare,2012
2012-02-07,-0.014752589921924044,FBDIX,healthcare,2012
2012-02-08,-0.01069874800343715,FBDIX,healthcare,2012
2012-02-09,-0.008606839767589292,FBDIX,healthcare,2012
2012-02-10,0.0028462516218763735,FBDIX,healthcare,2012
2012-02-13,0.010384573921603144,FBDIX,healthcare,2012
2012-02-14,-0.004935597377510648,FBDIX,healthcare,2012
2012-02-15,0.0020998998709714977,FBDIX,healthcare,2012
2012-02-16,-0.0035251735125039884,FBDIX,healthcare,2012
2012-02-17,-0.028115490930916174,FBDIX,healthcare,2012
2012-02-21,-0.019168124534830057,FBDIX,healthcare,2012
2012-02-22,0.0019385395521373688,FBDIX,healthcare,2012
2012-02-23,0.01049396223704914,FBDIX,healthcare,2012
2012-02-24,0.00024377916749443885,FBDIX,healthcare,2012
2012-02-27,-0.006988111174396201,FBDIX,healthcare,2012
2012-02-28,-0.001987674155571978,FBDIX,healthcare,2012
2012-02-29,-0.005109165858869609,FBDIX,healthcare,2012
2012-03-01,0.005893535256403123,FBDIX,healthcare,2012
2012-03-02,-0.003256302265850575,FBDIX,healthcare,2012
2012-03-05,-0.004703998383572608,FBDIX,healthcare,2012
2012-03-06,-0.0031274215146758436,FBDIX,healthcare,2012
2012-03-07,-0.002574656005747779,FBDIX,healthcare,2012
2012-03-08,0.008756301413198803,FBDIX,healthcare,2012
2012-03-09,-0.0022674794699128415,FBDIX,healthcare,2012
2012-03-12,-0.009889675218649429,FBDIX,healthcare,2012
2012-03-13,-0.0071609583902780705,FBDIX,healthcare,2012
2012-03-14,0.0007095760236028185,FBDIX,healthcare,2012
2012-03-15,0.00612865512906357,FBDIX,healthcare,2012
2012-03-16,-0.002602886456079997,FBDIX,healthcare,2012
2012-03-19,0.00033879136068444126,FBDIX,healthcare,2012
2012-03-20,-0.006538299833958415,FBDIX,healthcare,2012
2012-03-21,0.006159917509742243,FBDIX,healthcare,2012
2012-03-22,0.005208496717839347,FBDIX,healthcare,2012
2012-03-23,0.0014476699138319202,FBDIX,healthcare,2012
2012-03-26,0.005841396073695441,FBDIX,healthcare,2012
2012-03-27,-0.0024782407355107457,FBDIX,healthcare,2012
2012-03-28,0.0022899402890139016,FBDIX,healthcare,2012
2012-03-29,-0.0008955254159197369,FBDIX,healthcare,2012
2012-03-30,-0.0010175678637615749,FBDIX,healthcare,2012
2012-04-02,-0.0013616906021177988,FBDIX,healthcare,2012
2012-04-03,0.010612758912686194,FBDIX,healthcare,2012
2012-04-04,-0.008027836788433154,FBDIX,healthcare,2012
2012-04-05,0.0074293100133761576,FBDIX,healthcare,2012
2012-04-09,-0.00831555757784252,FBDIX,healthcare,2012
2012-04-10,-0.00813992323813274,FBDIX,healthcare,2012
2012-04-11,-0.0027045886156025793,FBDIX,healthcare,2012
2012-04-12,-0.012877435539525717,FBDIX,healthcare,2012
2012-04-13,0.0009258671279700169,FBDIX,healthcare,2012
2012-04-16,-0.0023391906676122256,FBDIX,healthcare,2012
2012-04-17,0.0006089372091800504,FBDIX,healthcare,2012
2012-04-18,-0.0044421007749689025,FBDIX,healthcare,2012
2012-04-19,0.020736727365605452,FBDIX,healthcare,2012
2012-04-20,0.006044752120867916,FBDIX,healthcare,2012
2012-04-23,0.00818760785245189,FBDIX,healthcare,2012
2012-04-24,-0.0010337385160819296,FBDIX,healthcare,2012
2012-04-25,-0.0002803916381343072,FBDIX,healthcare,2012
2012-04-26,-0.003000571954681487,FBDIX,healthcare,2012
2012-04-27,0.005300467139362081,FBDIX,healthcare,2012
2012-04-30,-0.0024817705780900484,FBDIX,healthcare,2012
2012-05-01,-0.008827049776027449,FBDIX,healthcare,2012
2012-05-02,0.01133244614747763,FBDIX,healthcare,2012
2012-05-03,-0.008512885784562087,FBDIX,healthcare,2012
2012-05-04,-0.006025400290881638,FBDIX,healthcare,2012
2012-05-07,0.02134569690620788,FBDIX,healthcare,2012
2012-05-08,0.005424701327659376,FBDIX,healthcare,2012
2012-05-09,-0.00636398505762702,FBDIX,healthcare,2012
2012-05-10,0.009549088347131385,FBDIX,healthcare,2012
2012-05-11,0.013520404673087082,FBDIX,healthcare,2012
2012-05-14,0.011149192962994452,FBDIX,healthcare,2012
2012-05-15,0.005464840414473611,FBDIX,healthcare,2012
2012-05-16,0.0036425051271626106,FBDIX,healthcare,2012
2012-05-17,-0.012430460640201516,FBDIX,healthcare,2012
2012-05-18,-0.0054835293059133094,FBDIX,healthcare,2012
2012-05-21,0.009584453338785166,FBDIX,healthcare,2012
2012-05-22,-0.0030891230425068683,FBDIX,healthcare,2012
2012-05-23,0.0002676948021060079,FBDIX,healthcare,2012
2012-05-24,0.007272572504555138,FBDIX,healthcare,2012
2012-05-25,0.00593422672916699,FBDIX,healthcare,2012
2012-05-29,-0.011165503406916945,FBDIX,healthcare,2012
2012-05-30,0.007620914211830113,FBDIX,healthcare,2012
2012-05-31,-0.005233538393547402,FBDIX,healthcare,2012
2012-06-01,-0.0014309254492381844,FBDIX,healthcare,2012
2012-06-04,0.006886910858200095,FBDIX,healthcare,2012
2012-06-05,0.0020155333539480184,FBDIX,healthcare,2012
2012-06-06,-0.0015217804584181753,FBDIX,healthcare,2012
2012-06-07,-0.006754939173687302,FBDIX,healthcare,2012
2012-06-08,0.008065298224245416,FBDIX,healthcare,2012
2012-06-11,-0.004377240208119169,FBDIX,healthcare,2012
2012-06-12,-0.0005313360695546141,FBDIX,healthcare,2012
2012-06-13,0.00028366268498414716,FBDIX,healthcare,2012
2012-06-14,0.005796512132029532,FBDIX,healthcare,2012
2012-06-15,0.0008774167251705718,FBDIX,healthcare,2012
2012-06-18,0.0053793708750023116,FBDIX,healthcare,2012
2012-06-19,0.0003319380445656224,FBDIX,healthcare,2012
2012-06-20,0.003129274207347805,FBDIX,healthcare,2012
2012-06-21,0.01377041444242719,FBDIX,healthcare,2012
2012-06-22,0.011709505449444182,FBDIX,healthcare,2012
2012-06-25,0.01139836227011467,FBDIX,healthcare,2012
2012-06-26,0.0028842926269357057,FBDIX,healthcare,2012
2012-06-27,0.005238538422777987,FBDIX,healthcare,2012
2012-06-28,-0.020424044851501694,FBDIX,healthcare,2012
2012-06-29,-0.0012196993938119495,FBDIX,healthcare,2012
2012-07-02,0.018593634205529508,FBDIX,healthcare,2012
2012-07-03,-0.0031113357661572633,FBDIX,healthcare,2012
2012-07-05,0.001145481673935314,FBDIX,healthcare,2012
2012-07-06,-0.0001364669631553888,FBDIX,healthcare,2012
2012-07-09,0.005160331577434675,FBDIX,healthcare,2012
2012-07-10,-0.011280850230069982,FBDIX,healthcare,2012
2012-07-11,-0.01576468662030161,FBDIX,healthcare,2012
2012-07-12,0.010796200062640874,FBDIX,healthcare,2012
2012-07-13,-0.008969992081670163,FBDIX,healthcare,2012
2012-07-16,0.009615494259663859,FBDIX,healthcare,2012
2012-07-17,0.004348442127605563,FBDIX,healthcare,2012
2012-07-18,-0.007949794082766951,FBDIX,healthcare,2012
2012-07-19,-0.004728806977672671,FBDIX,healthcare,2012
2012-07-20,0.003706738863080877,FBDIX,healthcare,2012
2012-07-23,-0.008572124560726025,FBDIX,healthcare,2012
2012-07-24,-0.005976171180632742,FBDIX,healthcare,2012
2012-07-25,0.006646742825612414,FBDIX,healthcare,2012
2012-07-26,0.002112646902193878,FBDIX,healthcare,2012
2012-07-27,0.005528190220917693,FBDIX,healthcare,2012
2012-07-30,-0.016790434792152337,FBDIX,healthcare,2012
2012-07-31,-0.004931946891102756,FBDIX,healthcare,2012
2012-08-01,-0.018772170744720186,FBDIX,healthcare,2012
2012-08-02,0.005415560401633397,FBDIX,healthcare,2012
2012-08-03,-0.011764612767594298,FBDIX,healthcare,2012
2012-08-06,0.006397515505834642,FBDIX,healthcare,2012
2012-08-07,-0.004179666058165768,FBDIX,healthcare,2012
2012-08-08,-0.010311242423802425,FBDIX,healthcare,2012
2012-08-09,0.003839266088792854,FBDIX,healthcare,2012
2012-08-10,-0.004240913263279895,FBDIX,healthcare,2012
2012-08-13,-0.0038900443480477725,FBDIX,healthcare,2012
2012-08-14,0.006150770755372284,FBDIX,healthcare,2012
2012-08-15,0.006178551903569669,FBDIX,healthcare,2012
2012-08-16,-0.013434890042925769,FBDIX,healthcare,2012
2012-08-17,-0.005136677218036812,FBDIX,healthcare,2012
2012-08-20,-0.003976205271582344,FBDIX,healthcare,2012
2012-08-21,0.0038998739448361432,FBDIX,healthcare,2012
2012-08-22,0.0077766171576078656,FBDIX,healthcare,2012
2012-08-23,0.007459348896960548,FBDIX,healthcare,2012
2012-08-24,0.007505369044570946,FBDIX,healthcare,2012
2012-08-27,-0.0002604585500546709,FBDIX,healthcare,2012
2012-08-28,0.0014383163256753663,FBDIX,healthcare,2012
2012-08-29,-0.003322673443399168,FBDIX,healthcare,2012
2012-08-30,0.0014930296983351144,FBDIX,healthcare,2012
2012-08-31,0.00236993330935478,FBDIX,healthcare,2012
2012-09-04,0.01639181526379252,FBDIX,healthcare,2012
2012-09-05,-0.0058223318282395065,FBDIX,healthcare,2012
2012-09-06,0.0018744881989528096,FBDIX,healthcare,2012
2012-09-07,-0.00563347986592151,FBDIX,healthcare,2012
2012-09-10,-0.005847737721688513,FBDIX,healthcare,2012
2012-09-11,-0.00393882132100586,FBDIX,healthcare,2012
2012-09-12,-0.002293724359125473,FBDIX,healthcare,2012
2012-09-13,-0.008057374761135152,FBDIX,healthcare,2012
2012-09-14,-0.0014760842510943653,FBDIX,healthcare,2012
2012-09-17,0.01576728902374246,FBDIX,healthcare,2012
2012-09-18,0.010828547590915841,FBDIX,healthcare,2012
2012-09-19,-0.010582736008092565,FBDIX,healthcare,2012
2012-09-20,0.0026878013134463844,FBDIX,healthcare,2012
2012-09-21,0.0022722123726045262,FBDIX,healthcare,2012
2012-09-24,-0.01110949538648378,FBDIX,healthcare,2012
2012-09-25,0.004190701582260485,FBDIX,healthcare,2012
2012-09-26,-0.005998502868866045,FBDIX,healthcare,2012
2012-09-27,0.004108078085682185,FBDIX,healthcare,2012
2012-09-28,0.0028349552400334568,FBDIX,healthcare,2012
2012-10-01,0.003188058606967582,FBDIX,healthcare,2012
2012-10-02,0.003643737359700779,FBDIX,healthcare,2012
2012-10-03,0.0029971380452320584,FBDIX,healthcare,2012
2012-10-04,-0.0049109579752918495,FBDIX,healthcare,2012
2012-10-05,0.0015352064254385294,FBDIX,healthcare,2012
2012-10-08,-0.004834640482302042,FBDIX,healthcare,2012
2012-10-09,-0.005944796773151212,FBDIX,healthcare,2012
2012-10-10,-0.00576953009344537,FBDIX,healthcare,2012
2012-10-11,0.0044562334462311375,FBDIX,healthcare,2012
2012-10-12,0.001445974527068145,FBDIX,healthcare,2012
2012-10-15,-0.005556995539484064,FBDIX,healthcare,2012
2012-10-16,0.0010726440213633393,FBDIX,healthcare,2012
2012-10-17,0.00539285645104715,FBDIX,healthcare,2012
2012-10-18,-0.009188539785271463,FBDIX,healthcare,2012
2012-10-19,-0.012553062927432544,FBDIX,healthcare,2012
2012-10-22,-0.00778194066484745,FBDIX,healthcare,2012
2012-10-23,-0.000719481560620976,FBDIX,healthcare,2012
2012-10-24,0.0023650791763578484,FBDIX,healthcare,2012
2012-10-25,9.761876789898512e-05,FBDIX,healthcare,2012
2012-10-26,-0.008856777112926506,FBDIX,healthcare,2012
2012-10-31,-0.013232407639579937,FBDIX,healthcare,2012
2012-11-01,0.003023553880095538,FBDIX,healthcare,2012
2012-11-02,-0.014213882394128127,FBDIX,healthcare,2012
2012-11-05,0.006586900217616172,FBDIX,healthcare,2012
2012-11-06,-0.011044795490040208,FBDIX,healthcare,2012
2012-11-07,-0.0007968481837186646,FBDIX,healthcare,2012
2012-11-08,0.0028858277847532456,FBDIX,healthcare,2012
2012-11-09,0.005012466688303239,FBDIX,healthcare,2012
2012-11-12,0.016920593700338285,FBDIX,healthcare,2012
2012-11-13,0.0009337256822512852,FBDIX,healthcare,2012
2012-11-14,-0.005702780690028435,FBDIX,healthcare,2012
2012-11-15,-0.015470391715192891,FBDIX,healthcare,2012
2012-11-16,0.014724874815977184,FBDIX,healthcare,2012
2012-11-19,-0.00790007676163626,FBDIX,healthcare,2012
2012-11-20,0.014461543718975971,FBDIX,healthcare,2012
2012-11-21,0.000614984582796436,FBDIX,healthcare,2012
2012-11-23,-0.004233549977578273,FBDIX,healthcare,2012
2012-11-26,-0.003629398128524204,FBDIX,healthcare,2012
2012-11-27,0.0004670850819577365,FBDIX,healthcare,2012
2012-11-28,-0.004005929353872718,FBDIX,healthcare,2012
2012-11-29,0.008459442436614912,FBDIX,healthcare,2012
2012-11-30,-0.005961403953217231,FBDIX,healthcare,2012
2012-12-03,0.0031872050778345585,FBDIX,healthcare,2012
2012-12-04,-0.001110378280428869,FBDIX,healthcare,2012
2012-12-05,-0.0038799626836032736,FBDIX,healthcare,2012
2012-12-06,-0.004576001098318903,FBDIX,healthcare,2012
2012-12-07,-0.008289629763772947,FBDIX,healthcare,2012
2012-12-10,0.012931611563634265,FBDIX,healthcare,2012
2012-12-11,0.008968788453600312,FBDIX,healthcare,2012
2012-12-12,0.00038986465302318606,FBDIX,healthcare,2012
2012-12-13,-0.004558543978183979,FBDIX,healthcare,2012
2012-12-14,-0.005001459658094778,FBDIX,healthcare,2012
2012-12-17,-0.0008232317885803423,FBDIX,healthcare,2012
2012-12-18,-0.0037292971192255213,FBDIX,healthcare,2012
2012-12-19,-0.00124620375155763,FBDIX,healthcare,2012
2012-12-20,-0.005202401738764509,FBDIX,healthcare,2012
2012-12-21,2.106249689002443e-05,FBDIX,healthcare,2012
2012-12-24,-0.00022841367494309773,FBDIX,healthcare,2012
2012-12-26,-0.0059900579473255245,FBDIX,healthcare,2012
2012-12-27,-0.003242105703531733,FBDIX,healthcare,2012
2012-12-28,0.0011974964976384644,FBDIX,healthcare,2012
2012-12-29,-0.0005178977512320375,FBDIX,healthcare,2012
2012-12-30,-0.0005178977512320375,FBDIX,healthcare,2012
2013-01-03,0.005204518334121961,FBDIX,healthcare,2013
2013-01-04,0.002918043860382606,FBDIX,healthcare,2013
2013-01-07,0.010750371782033584,FBDIX,healthcare,2013
2013-01-08,0.016942697028082914,FBDIX,healthcare,2013
2013-01-09,0.005526903590931569,FBDIX,healthcare,2013
2013-01-10,-0.009647298380200502,FBDIX,healthcare,2013
2013-01-11,-0.004179427482778041,FBDIX,healthcare,2013
2013-01-14,0.0015423695212270641,FBDIX,healthcare,2013
2013-01-15,0.0007483162171128851,FBDIX,healthcare,2013
2013-01-16,-0.009220380618005692,FBDIX,healthcare,2013
2013-01-17,-0.004291554796234557,FBDIX,healthcare,2013
2013-01-18,-0.00107285043552071,FBDIX,healthcare,2013
2013-01-22,-0.000460064516894715,FBDIX,healthcare,2013
2013-01-23,-0.0108102093511265,FBDIX,healthcare,2013
2013-01-24,0.0024096981141258347,FBDIX,healthcare,2013
2013-01-25,0.0016669447641903205,FBDIX,healthcare,2013
2013-01-28,-0.0004392641767014614,FBDIX,healthcare,2013
2013-01-29,-0.002475036327582012,FBDIX,healthcare,2013
2013-01-30,-0.004987014187778869,FBDIX,healthcare,2013
2013-01-31,0.00756081815560009,FBDIX,healthcare,2013
2013-02-01,-0.0029151886577718084,FBDIX,healthcare,2013
2013-02-04,-0.0009220386490144568,FBDIX,healthcare,2013
2013-02-05,-0.0013997578390362898,FBDIX,healthcare,2013
2013-02-06,-0.00418414275508887,FBDIX,healthcare,2013
2013-02-07,-0.007520177534407932,FBDIX,healthcare,2013
2013-02-08,-0.0005218414378775271,FBDIX,healthcare,2013
2013-02-11,-0.004618546239138713,FBDIX,healthcare,2013
2013-02-12,-0.004313821980032441,FBDIX,healthcare,2013
2013-02-13,0.005028035684726876,FBDIX,healthcare,2013
2013-02-14,-0.0016969249154857437,FBDIX,healthcare,2013
2013-02-15,0.003060074352969006,FBDIX,healthcare,2013
2013-02-19,-0.0035956372842599936,FBDIX,healthcare,2013
2013-02-20,0.007399169391629101,FBDIX,healthcare,2013
2013-02-21,-0.000783619303213595,FBDIX,healthcare,2013
2013-02-22,0.0025331831574409228,FBDIX,healthcare,2013
2013-02-25,0.009648740689588814,FBDIX,healthcare,2013
2013-02-26,-0.006325558228011874,FBDIX,healthcare,2013
2013-02-27,-0.00435922523096448,FBDIX,healthcare,2013
2013-02-28,0.006043773559036493,FBDIX,healthcare,2013
2013-03-01,0.00685230594673655,FBDIX,healthcare,2013
2013-03-04,0.0010342579104408254,FBDIX,healthcare,2013
2013-03-05,-0.0032106158785414948,FBDIX,healthcare,2013
2013-03-06,0.004857996036902051,FBDIX,healthcare,2013
2013-03-07,-0.003826638911869423,FBDIX,healthcare,2013
2013-03-08,0.005983053458856069,FBDIX,healthcare,2013
2013-03-11,-0.0022117358948898383,FBDIX,healthcare,2013
2013-03-12,0.006993942764925018,FBDIX,healthcare,2013
2013-03-13,-0.004716618782025165,FBDIX,healthcare,2013
2013-03-14,-0.0015879196245623586,FBDIX,healthcare,2013
2013-03-15,-0.004253756705846898,FBDIX,healthcare,2013
2013-03-18,-0.004362899946696439,FBDIX,healthcare,2013
2013-03-19,-0.0018747019665399265,FBDIX,healthcare,2013
2013-03-20,-0.000471425139367581,FBDIX,healthcare,2013
2013-03-21,0.004310319985917902,FBDIX,healthcare,2013
2013-03-22,-0.005411266249025509,FBDIX,healthcare,2013
2013-03-25,-0.0022894092268626503,FBDIX,healthcare,2013
2013-03-26,-0.007543871591523414,FBDIX,healthcare,2013
2013-03-27,0.012332866361127383,FBDIX,healthcare,2013
2013-03-28,0.009019697803718363,FBDIX,healthcare,2013
2013-04-01,-0.0011067352138852352,FBDIX,healthcare,2013
2013-04-02,0.004727367102587635,FBDIX,healthcare,2013
2013-04-03,-0.00450859215290887,FBDIX,healthcare,2013
2013-04-04,-0.001483653080682973,FBDIX,healthcare,2013
2013-04-05,0.0035149080200495035,FBDIX,healthcare,2013
2013-04-08,-0.0072106667662030785,FBDIX,healthcare,2013
2013-04-09,-0.00010405108129685637,FBDIX,healthcare,2013
2013-04-10,0.00729259971897046,FBDIX,healthcare,2013
2013-04-11,0.008841964822929904,FBDIX,healthcare,2013
2013-04-12,0.008653842616490996,FBDIX,healthcare,2013
2013-04-15,0.0018692826459075149,FBDIX,healthcare,2013
2013-04-16,-0.004537749289358944,FBDIX,healthcare,2013
2013-04-17,0.01862073816504849,FBDIX,healthcare,2013
2013-04-18,-0.0033766402874883033,FBDIX,healthcare,2013
2013-04-19,0.03098257730184741,FBDIX,healthcare,2013
2013-04-22,0.0045141568423624455,FBDIX,healthcare,2013
2013-04-23,-0.006181797088241271,FBDIX,healthcare,2013
2013-04-24,-0.02736967530821915,FBDIX,healthcare,2013
2013-04-25,0.005958284202361416,FBDIX,healthcare,2013
2013-04-26,0.003897079931872112,FBDIX,healthcare,2013
2013-04-29,-0.0060779421457531225,FBDIX,healthcare,2013
2013-04-30,-0.010975931453210637,FBDIX,healthcare,2013
2013-05-01,-0.010532252552358764,FBDIX,healthcare,2013
2013-05-02,0.006310407325990319,FBDIX,healthcare,2013
2013-05-03,-0.004930980704492403,FBDIX,healthcare,2013
2013-05-06,-0.005090607138883468,FBDIX,healthcare,2013
2013-05-07,-0.017633085516761487,FBDIX,healthcare,2013
2013-05-08,-0.010700555537347632,FBDIX,healthcare,2013
2013-05-09,0.006356235250186318,FBDIX,healthcare,2013
2013-05-10,0.017012934987675882,FBDIX,healthcare,2013
2013-05-13,0.019696706260636927,FBDIX,healthcare,2013
2013-05-14,0.006088791862101451,FBDIX,healthcare,2013
2013-05-15,-0.021006595281690667,FBDIX,healthcare,2013
2013-05-16,-0.013176368013787125,FBDIX,healthcare,2013
2013-05-17,-0.006320325520390218,FBDIX,healthcare,2013
2013-05-20,-0.012219768569648454,FBDIX,healthcare,2013
2013-05-21,0.0064538961632106245,FBDIX,healthcare,2013
2013-05-22,0.003613912152757171,FBDIX,healthcare,2013
2013-05-23,0.009754503065310175,FBDIX,healthcare,2013
2013-05-24,0.0012427175164417825,FBDIX,healthcare,2013
2013-05-28,0.0045427907228632255,FBDIX,healthcare,2013
2013-05-29,-0.002487008057326835,FBDIX,healthcare,2013
2013-05-30,0.007818097235681921,FBDIX,healthcare,2013
2013-05-31,0.0015459527147877634,FBDIX,healthcare,2013
2013-06-03,-0.009077915475357662,FBDIX,healthcare,2013
2013-06-04,-0.011470751116827719,FBDIX,healthcare,2013
2013-06-05,-0.00604042233962469,FBDIX,healthcare,2013
2013-06-06,0.009379413682471246,FBDIX,healthcare,2013
2013-06-07,0.007043508147326582,FBDIX,healthcare,2013
2013-06-10,-0.003252548788504818,FBDIX,healthcare,2013
2013-06-11,0.015590691201792076,FBDIX,healthcare,2013
2013-06-12,-0.007711593825963557,FBDIX,healthcare,2013
2013-06-13,-0.008743951542584382,FBDIX,healthcare,2013
2013-06-14,0.0020912673698213645,FBDIX,healthcare,2013
2013-06-17,-0.01819497694968393,FBDIX,healthcare,2013
2013-06-18,-0.00028506200452419785,FBDIX,healthcare,2013
2013-06-19,0.0020394590754490814,FBDIX,healthcare,2013
2013-06-20,0.006020346916248871,FBDIX,healthcare,2013
2013-06-21,-0.0005356020328695981,FBDIX,healthcare,2013
2013-06-24,0.011427267535227091,FBDIX,healthcare,2013
2013-06-25,-0.01053674358896443,FBDIX,healthcare,2013
2013-06-26,0.014215122938630207,FBDIX,healthcare,2013
2013-06-27,-0.002418533743466687,FBDIX,healthcare,2013
2013-06-28,0.004903426910355961,FBDIX,healthcare,2013
2013-07-01,0.026665744617051963,FBDIX,healthcare,2013
2013-07-02,0.007045339810785045,FBDIX,healthcare,2013
2013-07-03,-0.00020957804926808547,FBDIX,healthcare,2013
2013-07-05,0.005500812190642624,FBDIX,healthcare,2013
2013-07-08,-0.012932035817199585,FBDIX,healthcare,2013
2013-07-09,-0.0049825349186252655,FBDIX,healthcare,2013
2013-07-10,0.013657330061220656,FBDIX,healthcare,2013
2013-07-11,0.0024104386780669264,FBDIX,healthcare,2013
2013-07-12,0.02487347384553415,FBDIX,healthcare,2013
2013-07-15,-0.003956300482166287,FBDIX,healthcare,2013
2013-07-16,-0.005928211516335632,FBDIX,healthcare,2013
2013-07-17,0.0021604806131238904,FBDIX,healthcare,2013
2013-07-18,-0.00900668148854596,FBDIX,healthcare,2013
2013-07-19,0.010951807864294666,FBDIX,healthcare,2013
2013-07-22,-0.00045374124767159863,FBDIX,healthcare,2013
2013-07-23,-0.014477376994338102,FBDIX,healthcare,2013
2013-07-24,0.002837260322746226,FBDIX,healthcare,2013
2013-07-25,0.012397151949447432,FBDIX,healthcare,2013
2013-07-26,-0.000496103804928111,FBDIX,healthcare,2013
2013-07-29,-0.004767539682355858,FBDIX,healthcare,2013
2013-07-30,0.011722849731140182,FBDIX,healthcare,2013
2013-07-31,0.0034915199267059743,FBDIX,healthcare,2013
2013-08-01,-0.004334267538931982,FBDIX,healthcare,2013
2013-08-02,0.0002081973013749322,FBDIX,healthcare,2013
2013-08-05,0.0004473055311629571,FBDIX,healthcare,2013
2013-08-06,-0.015374976062217527,FBDIX,healthcare,2013
2013-08-07,0.0026185329985920934,FBDIX,healthcare,2013
2013-08-08,-0.011344612348907279,FBDIX,healthcare,2013
2013-08-09,0.003925924478270879,FBDIX,healthcare,2013
2013-08-12,-0.004561809390140994,FBDIX,healthcare,2013
2013-08-13,-0.0058298962801403825,FBDIX,healthcare,2013
2013-08-14,0.003311303886321805,FBDIX,healthcare,2013
2013-08-15,-0.0033724860958809014,FBDIX,healthcare,2013
2013-08-16,-0.0009200102910282464,FBDIX,healthcare,2013
2013-08-19,0.002551952188502936,FBDIX,healthcare,2013
2013-08-20,0.00544632998019254,FBDIX,healthcare,2013
2013-08-21,0.01743626376105485,FBDIX,healthcare,2013
2013-08-22,0.00043689039126470347,FBDIX,healthcare,2013
2013-08-23,-0.005158975416753242,FBDIX,healthcare,2013
2013-08-26,0.026594114518329062,FBDIX,healthcare,2013
2013-08-27,-0.012696577022111293,FBDIX,healthcare,2013
2013-08-28,0.006869909913562431,FBDIX,healthcare,2013
2013-08-29,0.009969623307137406,FBDIX,healthcare,2013
2013-08-30,-0.0075120997933165005,FBDIX,healthcare,2013
2013-09-03,0.014348701531812273,FBDIX,healthcare,2013
2013-09-04,0.011977232267229234,FBDIX,healthcare,2013
2013-09-05,0.0028297421016214705,FBDIX,healthcare,2013
2013-09-06,-0.0004097167917730758,FBDIX,healthcare,2013
2013-09-09,0.005862333668346818,FBDIX,healthcare,2013
2013-09-10,-0.011617425613923295,FBDIX,healthcare,2013
2013-09-11,-0.010385840830415877,FBDIX,healthcare,2013
2013-09-12,0.003727823439158522,FBDIX,healthcare,2013
2013-09-13,-0.001464067213346432,FBDIX,healthcare,2013
2013-09-16,-0.005920237310510173,FBDIX,healthcare,2013
2013-09-17,0.0017416105512132697,FBDIX,healthcare,2013
2013-09-18,-0.003218267178932645,FBDIX,healthcare,2013
2013-09-19,0.0075310311408092944,FBDIX,healthcare,2013
2013-09-20,0.0007197604784846077,FBDIX,healthcare,2013
2013-09-23,-0.001053914065520578,FBDIX,healthcare,2013
2013-09-24,0.0036103587283980924,FBDIX,healthcare,2013
2013-09-25,-0.0036086677778728662,FBDIX,healthcare,2013
2013-09-26,0.012965222174465989,FBDIX,healthcare,2013
2013-09-27,0.008778184914072007,FBDIX,healthcare,2013
2013-09-30,0.0026619855684878175,FBDIX,healthcare,2013
2013-10-01,0.008130743679403632,FBDIX,healthcare,2013
2013-10-02,-0.0038032783012805233,FBDIX,healthcare,2013
2013-10-03,-0.004535416557289295,FBDIX,healthcare,2013
2013-10-04,0.002830835438214106,FBDIX,healthcare,2013
2013-10-07,-0.01213407920015577,FBDIX,healthcare,2013
2013-10-08,-0.034493019422030854,FBDIX,healthcare,2013
2013-10-09,-0.04930752868941716,FBDIX,healthcare,2013
2013-10-10,0.01133358845614553,FBDIX,healthcare,2013
2013-10-11,-0.013980864350635582,FBDIX,healthcare,2013
2013-10-14,0.0017525581133194532,FBDIX,healthcare,2013
2013-10-15,0.0015340404901883166,FBDIX,healthcare,2013
2013-10-16,0.014307310333331495,FBDIX,healthcare,2013
2013-10-17,-0.0008993858402954989,FBDIX,healthcare,2013
2013-10-18,-0.022322648601047358,FBDIX,healthcare,2013
2013-10-21,-0.01587681745266182,FBDIX,healthcare,2013
2013-10-22,0.010119574630119931,FBDIX,healthcare,2013
2013-10-23,0.010341614499251382,FBDIX,healthcare,2013
2013-10-24,0.00973706605169322,FBDIX,healthcare,2013
2013-10-25,-0.009692757448842067,FBDIX,healthcare,2013
2013-10-28,-0.0015126950116812745,FBDIX,healthcare,2013
2013-10-29,-0.006918128738479744,FBDIX,healthcare,2013
2013-10-30,-0.016109070452476528,FBDIX,healthcare,2013
2013-10-31,-0.011826668496978388,FBDIX,healthcare,2013
2013-11-01,0.006129956827493552,FBDIX,healthcare,2013
2013-11-04,-0.010414363962033144,FBDIX,healthcare,2013
2013-11-05,0.0038004227875557683,FBDIX,healthcare,2013
2013-11-06,-0.04000149581589561,FBDIX,healthcare,2013
2013-11-07,-0.0033131692872684637,FBDIX,healthcare,2013
2013-11-08,0.009337495355412655,FBDIX,healthcare,2013
2013-11-11,0.004612847151164903,FBDIX,healthcare,2013
2013-11-12,-0.0019259771009541484,FBDIX,healthcare,2013
2013-11-13,-0.0008959469114768245,FBDIX,healthcare,2013
2013-11-14,-0.004521737732368459,FBDIX,healthcare,2013
2013-11-15,0.004615341003883698,FBDIX,healthcare,2013
2013-11-18,-0.009836078685230603,FBDIX,healthcare,2013
2013-11-19,0.005107936776333213,FBDIX,healthcare,2013
2013-11-20,0.008811737353569217,FBDIX,healthcare,2013
2013-11-21,0.006010245713849846,FBDIX,healthcare,2013
2013-11-22,0.024374381794023715,FBDIX,healthcare,2013
2013-11-25,0.006085774614905912,FBDIX,healthcare,2013
2013-11-26,0.0022864467115833184,FBDIX,healthcare,2013
2013-11-27,-0.0010977372829276714,FBDIX,healthcare,2013
2013-11-29,0.0052115761684679756,FBDIX,healthcare,2013
2013-12-02,0.005827915966326952,FBDIX,healthcare,2013
2013-12-03,-0.00923640972781238,FBDIX,healthcare,2013
2013-12-04,-0.0024163280095871684,FBDIX,healthcare,2013
2013-12-05,0.008471503879235473,FBDIX,healthcare,2013
2013-12-06,-0.006921424996552794,FBDIX,healthcare,2013
2013-12-09,-0.0032509923447003337,FBDIX,healthcare,2013
2013-12-10,-0.0003844868485024149,FBDIX,healthcare,2013
2013-12-11,-0.011171343897898343,FBDIX,healthcare,2013
2013-12-12,0.011337495016552242,FBDIX,healthcare,2013
2013-12-13,0.0013330541729308413,FBDIX,healthcare,2013
2013-12-16,-0.0037589687829774456,FBDIX,healthcare,2013
2013-12-17,-0.004431210209048515,FBDIX,healthcare,2013
2013-12-18,0.001209259007580482,FBDIX,healthcare,2013
2013-12-19,0.0010645510700807053,FBDIX,healthcare,2013
2013-12-20,0.013371499290242617,FBDIX,healthcare,2013
2013-12-23,0.001651120429732574,FBDIX,healthcare,2013
2013-12-24,-0.003750761443884632,FBDIX,healthcare,2013
2013-12-26,-0.0019930683197694338,FBDIX,healthcare,2013
2013-12-27,-0.007701403375238343,FBDIX,healthcare,2013
2013-12-30,0.0008179506433045521,FBDIX,healthcare,2013
2014-01-03,-0.004032726310620577,FBDIX,healthcare,2014
2014-01-06,-0.007156957851968227,FBDIX,healthcare,2014
2014-01-07,0.005911582727414445,FBDIX,healthcare,2014
2014-01-08,0.01608996253980808,FBDIX,healthcare,2014
2014-01-09,0.01587728493434311,FBDIX,healthcare,2014
2014-01-10,0.015935122883045837,FBDIX,healthcare,2014
2014-01-13,0.013401726005282614,FBDIX,healthcare,2014
2014-01-14,0.01537690530491934,FBDIX,healthcare,2014
2014-01-15,-0.007040858350759304,FBDIX,healthcare,2014
2014-01-16,0.018425801588317407,FBDIX,healthcare,2014
2014-01-17,0.012968318465776403,FBDIX,healthcare,2014
2014-01-21,0.01453712573395141,FBDIX,healthcare,2014
2014-01-22,0.004204009550350484,FBDIX,healthcare,2014
2014-01-23,0.010504117805886807,FBDIX,healthcare,2014
2014-01-24,0.005372600606666455,FBDIX,healthcare,2014
2014-01-27,-0.01978584811800047,FBDIX,healthcare,2014
2014-01-28,0.013994880185092522,FBDIX,healthcare,2014
2014-01-29,0.01202711288553717,FBDIX,healthcare,2014
2014-01-30,0.005810473177234959,FBDIX,healthcare,2014
2014-01-31,-0.0045576406633932795,FBDIX,healthcare,2014
2014-02-03,0.0036650587582185146,FBDIX,healthcare,2014
2014-02-04,0.0008550207243915881,FBDIX,healthcare,2014
2014-02-05,-0.02034481137905129,FBDIX,healthcare,2014
2014-02-06,-0.02101968526079951,FBDIX,healthcare,2014
2014-02-07,0.020996337973838045,FBDIX,healthcare,2014
2014-02-10,0.015060993913880764,FBDIX,healthcare,2014
2014-02-11,-0.0028550316606499593,FBDIX,healthcare,2014
2014-02-12,0.004470098767595628,FBDIX,healthcare,2014
2014-02-13,0.002875100523397206,FBDIX,healthcare,2014
2014-02-14,-0.018415561445037486,FBDIX,healthcare,2014
2014-02-18,0.020302005548709843,FBDIX,healthcare,2014
2014-02-19,-0.0008738648227543059,FBDIX,healthcare,2014
2014-02-20,0.006923930189675152,FBDIX,healthcare,2014
2014-02-21,0.019175893172479492,FBDIX,healthcare,2014
2014-02-24,0.001500323336312375,FBDIX,healthcare,2014
2014-02-25,0.014366563117789687,FBDIX,healthcare,2014
2014-02-26,-0.007570889002212162,FBDIX,healthcare,2014
2014-02-27,-0.004414780779993623,FBDIX,healthcare,2014
2014-02-28,-0.037974745231815335,FBDIX,healthcare,2014
2014-03-03,0.003907546530378897,FBDIX,healthcare,2014
2014-03-04,0.001947336397078201,FBDIX,healthcare,2014
2014-03-05,0.0017560683365070028,FBDIX,healthcare,2014
2014-03-06,-0.027727471830733937,FBDIX,healthcare,2014
2014-03-07,-0.009923044671722215,FBDIX,healthcare,2014
2014-03-10,0.009420868256242027,FBDIX,healthcare,2014
2014-03-11,0.004585591815267744,FBDIX,healthcare,2014
2014-03-12,0.005992930616353284,FBDIX,healthcare,2014
2014-03-13,-0.003844003915832131,FBDIX,healthcare,2014
2014-03-14,-0.0025967641917231657,FBDIX,healthcare,2014
2014-03-17,-0.01077793109097972,FBDIX,healthcare,2014
2014-03-18,0.015632310312154354,FBDIX,healthcare,2014
2014-03-19,-0.0007174839141355256,FBDIX,healthcare,2014
2014-03-20,-0.017856051492815904,FBDIX,healthcare,2014
2014-03-21,-0.038412937586616194,FBDIX,healthcare,2014
2014-03-24,-0.029060871618454102,FBDIX,healthcare,2014
2014-03-25,-0.00982282650043132,FBDIX,healthcare,2014
2014-03-26,-0.008578422307561801,FBDIX,healthcare,2014
2014-03-27,0.009358898932939215,FBDIX,healthcare,2014
2014-03-28,-0.04119966213148344,FBDIX,healthcare,2014
2014-03-31,0.01937178439065431,FBDIX,healthcare,2014
2014-04-01,0.012072514153055021,FBDIX,healthcare,2014
2014-04-02,-0.008736258644291747,FBDIX,healthcare,2014
2014-04-03,-0.02835490633398416,FBDIX,healthcare,2014
2014-04-04,-0.025047087751730982,FBDIX,healthcare,2014
2014-04-07,0.015475600706273823,FBDIX,healthcare,2014
2014-04-08,-0.014831070150931724,FBDIX,healthcare,2014
2014-04-09,0.025303371437534465,FBDIX,healthcare,2014
2014-04-10,-0.027571714260619155,FBDIX,healthcare,2014
2014-04-11,0.013783798331346,FBDIX,healthcare,2014
2014-04-14,-0.051558609331900276,FBDIX,healthcare,2014
2014-04-15,-0.011870903461876714,FBDIX,healthcare,2014
2014-04-16,0.005852092216258764,FBDIX,healthcare,2014
2014-04-17,-0.0031672857404073515,FBDIX,healthcare,2014
2014-04-21,0.017438754748532365,FBDIX,healthcare,2014
2014-04-22,0.031612994885924464,FBDIX,healthcare,2014
2014-04-23,-0.016296814311098067,FBDIX,healthcare,2014
2014-04-24,-0.013568816555758033,FBDIX,healthcare,2014
2014-04-25,-0.0190889087640558,FBDIX,healthcare,2014
2014-04-28,-0.00975472428087157,FBDIX,healthcare,2014
2014-04-29,0.019714123573370733,FBDIX,healthcare,2014
2014-04-30,-0.0015256103841683262,FBDIX,healthcare,2014
2014-05-01,0.007769782233612843,FBDIX,healthcare,2014
2014-05-02,-0.012443392268956157,FBDIX,healthcare,2014
2014-05-05,0.014172239321930794,FBDIX,healthcare,2014
2014-05-06,-0.007350634008038551,FBDIX,healthcare,2014
2014-05-07,-0.02082574915608615,FBDIX,healthcare,2014
2014-05-08,-0.02245448334000205,FBDIX,healthcare,2014
2014-05-09,0.01657998332734649,FBDIX,healthcare,2014
2014-05-12,0.00980000529502142,FBDIX,healthcare,2014
2014-05-13,-0.010574263071207995,FBDIX,healthcare,2014
2014-05-14,0.013883562267525781,FBDIX,healthcare,2014
2014-05-15,-0.003412740984414419,FBDIX,healthcare,2014
2014-05-16,-0.006333072641342179,FBDIX,healthcare,2014
2014-05-19,0.007013343969975766,FBDIX,healthcare,2014
2014-05-20,-0.0063575583411561686,FBDIX,healthcare,2014
2014-05-21,-0.012680450624648011,FBDIX,healthcare,2014
2014-05-22,0.016657676833862718,FBDIX,healthcare,2014
2014-05-23,-0.00375994201505612,FBDIX,healthcare,2014
2014-05-27,0.017539690596665325,FBDIX,healthcare,2014
2014-05-28,-0.003107283400390626,FBDIX,healthcare,2014
2014-05-29,-0.0005241182756026523,FBDIX,healthcare,2014
2014-05-30,-0.006615183928185481,FBDIX,healthcare,2014
2014-06-02,-0.008375094737449362,FBDIX,healthcare,2014
2014-06-03,0.0007730164487288402,FBDIX,healthcare,2014
2014-06-04,0.007003323852333904,FBDIX,healthcare,2014
2014-06-05,-0.0015088107852210698,FBDIX,healthcare,2014
2014-06-06,-0.004873224524098834,FBDIX,healthcare,2014
2014-06-09,0.009446794810376722,FBDIX,healthcare,2014
2014-06-10,0.009299917897765526,FBDIX,healthcare,2014
2014-06-11,0.003370125178484158,FBDIX,healthcare,2014
2014-06-12,0.0075657535752212245,FBDIX,healthcare,2014
2014-06-13,0.001721203278180601,FBDIX,healthcare,2014
2014-06-16,0.0029933120882546984,FBDIX,healthcare,2014
2014-06-17,-0.003764278513340332,FBDIX,healthcare,2014
2014-06-18,-5.895578684177519e-05,FBDIX,healthcare,2014
2014-06-19,-0.0027396743535844665,FBDIX,healthcare,2014
2014-06-20,0.014252900358542793,FBDIX,healthcare,2014
2014-06-23,-0.00803688577509014,FBDIX,healthcare,2014
2014-06-24,0.010653455746443646,FBDIX,healthcare,2014
2014-06-25,-0.0035605693769047634,FBDIX,healthcare,2014
2014-06-26,0.004003080626640594,FBDIX,healthcare,2014
2014-06-27,-0.0012253204179999955,FBDIX,healthcare,2014
2014-06-30,0.003664020964370519,FBDIX,healthcare,2014
2014-07-01,0.012226763705043863,FBDIX,healthcare,2014
2014-07-02,0.0044487614859169515,FBDIX,healthcare,2014
2014-07-03,-0.007514517788035717,FBDIX,healthcare,2014
2014-07-07,-0.021183212334191917,FBDIX,healthcare,2014
2014-07-08,-0.01948628353302037,FBDIX,healthcare,2014
2014-07-09,0.00289926817023796,FBDIX,healthcare,2014
2014-07-10,0.000707992671400889,FBDIX,healthcare,2014
2014-07-11,0.0031797389669078703,FBDIX,healthcare,2014
2014-07-14,-0.007178495451658799,FBDIX,healthcare,2014
2014-07-15,-0.02349384438185159,FBDIX,healthcare,2014
2014-07-16,-0.01990127467930557,FBDIX,healthcare,2014
2014-07-17,-0.009753879714210802,FBDIX,healthcare,2014
2014-07-18,0.012610863652154497,FBDIX,healthcare,2014
2014-07-21,0.005232521586548963,FBDIX,healthcare,2014
2014-07-22,0.004453902235415504,FBDIX,healthcare,2014
2014-07-23,0.04996918550175748,FBDIX,healthcare,2014
2014-07-24,-0.015378657676684782,FBDIX,healthcare,2014
2014-07-25,0.0008699718582983003,FBDIX,healthcare,2014
2014-07-28,-0.00784492870033342,FBDIX,healthcare,2014
2014-07-29,0.0249548046106119,FBDIX,healthcare,2014
2014-07-30,0.012375048981297406,FBDIX,healthcare,2014
2014-07-31,0.005590833413345833,FBDIX,healthcare,2014
2014-08-01,0.0024851053263383422,FBDIX,healthcare,2014
2014-08-04,-0.002738530480918263,FBDIX,healthcare,2014
2014-08-05,0.014861794105831404,FBDIX,healthcare,2014
2014-08-06,-0.0016683581001564057,FBDIX,healthcare,2014
2014-08-07,-0.0023797699048402152,FBDIX,healthcare,2014
2014-08-08,0.0021639063410884597,FBDIX,healthcare,2014
2014-08-11,0.006160047992310754,FBDIX,healthcare,2014
2014-08-12,-0.0012983134335223675,FBDIX,healthcare,2014
2014-08-13,0.012060600071343863,FBDIX,healthcare,2014
2014-08-14,0.005043382089862883,FBDIX,healthcare,2014
2014-08-15,0.008110254379481664,FBDIX,healthcare,2014
2014-08-18,-0.0023976819029977794,FBDIX,healthcare,2014
2014-08-19,-0.008460654752803184,FBDIX,healthcare,2014
2014-08-20,-0.009654818907262525,FBDIX,healthcare,2014
2014-08-21,-0.015605876940797965,FBDIX,healthcare,2014
2014-08-22,0.01046258166694192,FBDIX,healthcare,2014
2014-08-25,0.022879645128035753,FBDIX,healthcare,2014
2014-08-26,0.016257971509323364,FBDIX,healthcare,2014
2014-08-27,-0.0032026548521243508,FBDIX,healthcare,2014
2014-08-28,-0.0029813147871430024,FBDIX,healthcare,2014
2014-08-29,0.0027810014096495573,FBDIX,healthcare,2014
2014-09-02,0.0017456716879163683,FBDIX,healthcare,2014
2014-09-03,-0.0015958428924181967,FBDIX,healthcare,2014
2014-09-04,-0.009909758552522567,FBDIX,healthcare,2014
2014-09-05,-0.011929981951487008,FBDIX,healthcare,2014
2014-09-08,0.014034556277012774,FBDIX,healthcare,2014
2014-09-09,-0.00175972779042783,FBDIX,healthcare,2014
2014-09-10,0.012904322938536154,FBDIX,healthcare,2014
2014-09-11,-0.004073481205825341,FBDIX,healthcare,2014
2014-09-12,-0.0022148107589244053,FBDIX,healthcare,2014
2014-09-15,-0.017627603227261337,FBDIX,healthcare,2014
2014-09-16,0.0029915126147089435,FBDIX,healthcare,2014
2014-09-17,0.0052620183532479,FBDIX,healthcare,2014
2014-09-18,-0.0021089486406158323,FBDIX,healthcare,2014
2014-09-19,-0.003543552484288216,FBDIX,healthcare,2014
2014-09-22,-0.0012003888652706973,FBDIX,healthcare,2014
2014-09-23,0.005841152396404094,FBDIX,healthcare,2014
2014-09-24,0.014433388959654698,FBDIX,healthcare,2014
2014-09-25,0.004509247526587407,FBDIX,healthcare,2014
2014-09-26,-0.0013507845721316084,FBDIX,healthcare,2014
2014-09-29,0.0012591028515080644,FBDIX,healthcare,2014
2014-09-30,-0.009678576599284203,FBDIX,healthcare,2014
2014-10-01,0.009480961507427459,FBDIX,healthcare,2014
2014-10-02,0.001085335754077155,FBDIX,healthcare,2014
2014-10-03,0.004703945450466034,FBDIX,healthcare,2014
2014-10-06,-0.015876845029975856,FBDIX,healthcare,2014
2014-10-07,0.0033130162786808547,FBDIX,healthcare,2014
2014-10-08,-0.00228949063492297,FBDIX,healthcare,2014
2014-10-09,0.005976912174137015,FBDIX,healthcare,2014
2014-10-10,-0.004334738105907728,FBDIX,healthcare,2014
2014-10-13,0.010161935176499352,FBDIX,healthcare,2014
2014-10-14,-0.009397074158789263,FBDIX,healthcare,2014
2014-10-15,0.012038086575075576,FBDIX,healthcare,2014
2014-10-16,0.01969609180135503,FBDIX,healthcare,2014
2014-10-17,-0.009454293941761477,FBDIX,healthcare,2014
2014-10-20,0.002412626396911975,FBDIX,healthcare,2014
2014-10-21,-0.00419830972596693,FBDIX,healthcare,2014
2014-10-22,0.002463644183931038,FBDIX,healthcare,2014
2014-10-23,0.008967238415330904,FBDIX,healthcare,2014
2014-10-24,0.00781703368799945,FBDIX,healthcare,2014
2014-10-27,0.006130820520873677,FBDIX,healthcare,2014
2014-10-28,1.7411284262493915e-05,FBDIX,healthcare,2014
2014-10-29,-0.005284200488604795,FBDIX,healthcare,2014
2014-10-30,0.010688322574648622,FBDIX,healthcare,2014
2014-10-31,-0.018038187271717656,FBDIX,healthcare,2014
2014-11-03,-0.003602651877048816,FBDIX,healthcare,2014
2014-11-04,-0.005835925358944502,FBDIX,healthcare,2014
2014-11-05,-0.02754174017411084,FBDIX,healthcare,2014
2014-11-06,0.011041126979783593,FBDIX,healthcare,2014
2014-11-07,-0.018687386877784627,FBDIX,healthcare,2014
2014-11-10,0.01485333753217184,FBDIX,healthcare,2014
2014-11-11,-0.002531392444458036,FBDIX,healthcare,2014
2014-11-12,0.0028885587303392945,FBDIX,healthcare,2014
2014-11-13,-0.010103065857809975,FBDIX,healthcare,2014
2014-11-14,-0.01976500050028777,FBDIX,healthcare,2014
2014-11-17,0.0020661915686726556,FBDIX,healthcare,2014
2014-11-18,0.00843126390406486,FBDIX,healthcare,2014
2014-11-19,-0.001994968273502827,FBDIX,healthcare,2014
2014-11-20,0.0013343169701407363,FBDIX,healthcare,2014
2014-11-21,-0.00492031642914014,FBDIX,healthcare,2014
2014-11-24,0.013531602010825306,FBDIX,healthcare,2014
2014-11-25,-0.004101587447697811,FBDIX,healthcare,2014
2014-11-26,0.007824590824313388,FBDIX,healthcare,2014
2014-11-28,0.0018812890719792012,FBDIX,healthcare,2014
2014-12-01,-0.005197196301121669,FBDIX,healthcare,2014
2014-12-02,0.010823091725975273,FBDIX,healthcare,2014
2014-12-03,-0.0046138075705523035,FBDIX,healthcare,2014
2014-12-04,-0.005164027600823101,FBDIX,healthcare,2014
2014-12-05,0.007684651776253722,FBDIX,healthcare,2014
2014-12-08,0.019874997893875194,FBDIX,healthcare,2014
2014-12-09,0.01064856444923603,FBDIX,healthcare,2014
2014-12-10,0.0064261332381224945,FBDIX,healthcare,2014
2014-12-11,-0.00520199155461732,FBDIX,healthcare,2014
2014-12-12,0.019066390111665645,FBDIX,healthcare,2014
2014-12-15,-0.018880942259700752,FBDIX,healthcare,2014
2014-12-16,0.0009822899786800007,FBDIX,healthcare,2014
2014-12-17,0.007029431906650639,FBDIX,healthcare,2014
2014-12-18,-0.0045611268551033896,FBDIX,healthcare,2014
2014-12-19,0.008385205511492355,FBDIX,healthcare,2014
2014-12-22,-0.02910625681343288,FBDIX,healthcare,2014
2014-12-23,-0.05221930603919835,FBDIX,healthcare,2014
2014-12-24,0.01643086408328835,FBDIX,healthcare,2014
2014-12-26,0.01775648361367513,FBDIX,healthcare,2014
2014-12-29,0.0018535982229720303,FBDIX,healthcare,2014
2014-12-30,-0.0030187831994924197,FBDIX,healthcare,2014
2015-01-05,0.022659015380621837,FBDIX,healthcare,2015
2015-01-06,-0.005171218036020168,FBDIX,healthcare,2015
2015-01-07,0.015371305954726288,FBDIX,healthcare,2015
2015-01-08,-0.01203027738457374,FBDIX,healthcare,2015
2015-01-09,0.00781675547220088,FBDIX,healthcare,2015
2015-01-12,0.01712400440815382,FBDIX,healthcare,2015
2015-01-13,-0.0017060612969556827,FBDIX,healthcare,2015
2015-01-14,0.009681683672574874,FBDIX,healthcare,2015
2015-01-15,-0.0157299858762421,FBDIX,healthcare,2015
2015-01-16,0.014705061926821007,FBDIX,healthcare,2015
2015-01-20,0.00843856472145163,FBDIX,healthcare,2015
2015-01-21,-0.021565832817589704,FBDIX,healthcare,2015
2015-01-22,-0.013306647094816673,FBDIX,healthcare,2015
2015-01-23,0.01609034579178911,FBDIX,healthcare,2015
2015-01-26,0.013582067381559973,FBDIX,healthcare,2015
2015-01-27,0.016021150226395796,FBDIX,healthcare,2015
2015-01-28,-0.00736694698580829,FBDIX,healthcare,2015
2015-01-29,-0.0004127101084004433,FBDIX,healthcare,2015
2015-01-30,0.012628185351395168,FBDIX,healthcare,2015
2015-02-02,-0.023770280114765212,FBDIX,healthcare,2015
2015-02-03,-0.023107459311567304,FBDIX,healthcare,2015
2015-02-04,-0.016610336094567208,FBDIX,healthcare,2015
2015-02-05,0.012809417733384404,FBDIX,healthcare,2015
2015-02-06,-0.009807992268501958,FBDIX,healthcare,2015
2015-02-09,-0.0019498330952676833,FBDIX,healthcare,2015
2015-02-10,0.0015136536010807045,FBDIX,healthcare,2015
2015-02-11,-0.0017800702569608948,FBDIX,healthcare,2015
2015-02-12,0.0006426271387845687,FBDIX,healthcare,2015
2015-02-13,0.004261069545179151,FBDIX,healthcare,2015
2015-02-17,0.0064069036233561655,FBDIX,healthcare,2015
2015-02-18,0.009703553250646986,FBDIX,healthcare,2015
2015-02-19,0.007856567723669338,FBDIX,healthcare,2015
2015-02-20,0.005045377855487997,FBDIX,healthcare,2015
2015-02-23,0.010886145387672673,FBDIX,healthcare,2015
2015-02-24,-0.01301828860672065,FBDIX,healthcare,2015
2015-02-25,0.0098601324460622,FBDIX,healthcare,2015
2015-02-26,0.008643806404258441,FBDIX,healthcare,2015
2015-02-27,-0.004262356019665891,FBDIX,healthcare,2015
2015-03-02,0.0017195477032566336,FBDIX,healthcare,2015
2015-03-03,0.00225404224295064,FBDIX,healthcare,2015
2015-03-04,0.016035869887684434,FBDIX,healthcare,2015
2015-03-05,0.02209708441954057,FBDIX,healthcare,2015
2015-03-06,0.0013006836485892903,FBDIX,healthcare,2015
2015-03-09,-0.005933093930665193,FBDIX,healthcare,2015
2015-03-10,0.021362787725291946,FBDIX,healthcare,2015
2015-03-11,0.008068125517420676,FBDIX,healthcare,2015
2015-03-12,-0.013324825330838577,FBDIX,healthcare,2015
2015-03-13,0.011557452146558362,FBDIX,healthcare,2015
2015-03-16,0.004625412301096615,FBDIX,healthcare,2015
2015-03-17,0.010024289015232517,FBDIX,healthcare,2015
2015-03-18,-0.013058276250599186,FBDIX,healthcare,2015
2015-03-19,0.02909566605260435,FBDIX,healthcare,2015
2015-03-20,-0.0105847955204021,FBDIX,healthcare,2015
2015-03-23,-0.024055132310809878,FBDIX,healthcare,2015
2015-03-24,1.6599726166215654e-05,FBDIX,healthcare,2015
2015-03-25,-0.026442181414485892,FBDIX,healthcare,2015
2015-03-26,-0.00038153826384395174,FBDIX,healthcare,2015
2015-03-27,0.013056990734018102,FBDIX,healthcare,2015
2015-03-30,0.00501903225208605,FBDIX,healthcare,2015
2015-03-31,-0.008430237138197143,FBDIX,healthcare,2015
2015-04-01,-0.005451112964349421,FBDIX,healthcare,2015
2015-04-02,-0.0085630720822524,FBDIX,healthcare,2015
2015-04-06,-0.012647851443442042,FBDIX,healthcare,2015
2015-04-07,0.008852847002553045,FBDIX,healthcare,2015
2015-04-08,0.016572729925100775,FBDIX,healthcare,2015
2015-04-09,-0.0039051059662816153,FBDIX,healthcare,2015
2015-04-10,0.005081886631927314,FBDIX,healthcare,2015
2015-04-13,0.011236916433758477,FBDIX,healthcare,2015
2015-04-14,-0.0033192441750193517,FBDIX,healthcare,2015
2015-04-15,0.006425785056229116,FBDIX,healthcare,2015
2015-04-16,0.0026826758088126265,FBDIX,healthcare,2015
2015-04-17,-0.003602603513896189,FBDIX,healthcare,2015
2015-04-20,-0.002699441533331421,FBDIX,healthcare,2015
2015-04-21,0.012993532752326042,FBDIX,healthcare,2015
2015-04-22,-0.009974741472285742,FBDIX,healthcare,2015
2015-04-23,0.008438307916927533,FBDIX,healthcare,2015
2015-04-24,-0.016345141685325446,FBDIX,healthcare,2015
2015-04-27,-0.03771391661251696,FBDIX,healthcare,2015
2015-04-28,-0.019220614338022902,FBDIX,healthcare,2015
2015-04-29,0.0019986303690092268,FBDIX,healthcare,2015
2015-04-30,-0.02138608027522552,FBDIX,healthcare,2015
2015-05-01,0.011957412301662395,FBDIX,healthcare,2015
2015-05-04,0.0034537286793773106,FBDIX,healthcare,2015
2015-05-05,-0.01129192984602639,FBDIX,healthcare,2015
2015-05-06,0.01144809878489911,FBDIX,healthcare,2015
2015-05-07,0.005380985579857331,FBDIX,healthcare,2015
2015-05-08,0.0025505222946424592,FBDIX,healthcare,2015
2015-05-11,0.007975995158426893,FBDIX,healthcare,2015
2015-05-12,0.005358948845480384,FBDIX,healthcare,2015
2015-05-13,-0.0017529044551261128,FBDIX,healthcare,2015
2015-05-14,-0.009057408614063102,FBDIX,healthcare,2015
2015-05-15,0.0025801251715989234,FBDIX,healthcare,2015
2015-05-18,0.00917383036533587,FBDIX,healthcare,2015
2015-05-19,-0.004629259395344203,FBDIX,healthcare,2015
2015-05-20,0.009473943397070321,FBDIX,healthcare,2015
2015-05-21,-0.002873349025918613,FBDIX,healthcare,2015
2015-05-22,0.004771888341319293,FBDIX,healthcare,2015
2015-05-26,0.007771314723697267,FBDIX,healthcare,2015
2015-05-27,0.007423744840353774,FBDIX,healthcare,2015
2015-05-28,-7.800012513970822e-05,FBDIX,healthcare,2015
2015-05-29,0.01664488786689701,FBDIX,healthcare,2015
2015-06-01,-0.006954451935433904,FBDIX,healthcare,2015
2015-06-02,-0.00785209822313819,FBDIX,healthcare,2015
2015-06-03,0.006028499876536755,FBDIX,healthcare,2015
2015-06-04,0.0001244018520910311,FBDIX,healthcare,2015
2015-06-05,0.014890925213663218,FBDIX,healthcare,2015
2015-06-08,7.155012002120573e-05,FBDIX,healthcare,2015
2015-06-09,-0.007875596790787304,FBDIX,healthcare,2015
2015-06-10,-0.002299788019906433,FBDIX,healthcare,2015
2015-06-11,0.0018780528083047207,FBDIX,healthcare,2015
2015-06-12,0.0022467043455179263,FBDIX,healthcare,2015
2015-06-15,0.005865039754192344,FBDIX,healthcare,2015
2015-06-16,-0.006167522278802599,FBDIX,healthcare,2015
2015-06-17,0.001400906610516877,FBDIX,healthcare,2015
2015-06-18,0.012655133042463615,FBDIX,healthcare,2015
2015-06-19,0.004329098564002436,FBDIX,healthcare,2015
2015-06-22,0.011478625160029676,FBDIX,healthcare,2015
2015-06-23,-0.0029915451558795636,FBDIX,healthcare,2015
2015-06-24,-0.007832356457136461,FBDIX,healthcare,2015
2015-06-25,-0.0020154982533507147,FBDIX,healthcare,2015
2015-06-26,-0.008832958444863013,FBDIX,healthcare,2015
2015-06-29,-0.005115617889677362,FBDIX,healthcare,2015
2015-06-30,0.024415310289121438,FBDIX,healthcare,2015
2015-07-01,-0.009874806797051267,FBDIX,healthcare,2015
2015-07-02,-0.0005701639816298033,FBDIX,healthcare,2015
2015-07-06,0.010094492851966107,FBDIX,healthcare,2015
2015-07-07,-0.005729204379284876,FBDIX,healthcare,2015
2015-07-08,-0.006875586692242929,FBDIX,healthcare,2015
2015-07-09,0.006721367279827958,FBDIX,healthcare,2015
2015-07-10,0.0005885943729071128,FBDIX,healthcare,2015
2015-07-13,0.0019435987385680049,FBDIX,healthcare,2015
2015-07-14,0.018442454520720873,FBDIX,healthcare,2015
2015-07-15,0.007739666497402475,FBDIX,healthcare,2015
2015-07-16,0.004602299308629126,FBDIX,healthcare,2015
2015-07-17,0.0032467819279588784,FBDIX,healthcare,2015
2015-07-20,-0.003848967418028971,FBDIX,healthcare,2015
2015-07-21,-0.006695905912811324,FBDIX,healthcare,2015
2015-07-22,0.0028887123172556314,FBDIX,healthcare,2015
2015-07-23,0.0038154935090834266,FBDIX,healthcare,2015
2015-07-24,-0.028853223348151845,FBDIX,healthcare,2015
2015-07-27,-0.0005934692529362311,FBDIX,healthcare,2015
2015-07-28,0.008262586222959592,FBDIX,healthcare,2015
2015-07-29,-0.026800563109930665,FBDIX,healthcare,2015
2015-07-30,-0.0011397435417145997,FBDIX,healthcare,2015
2015-07-31,0.01285914575504053,FBDIX,healthcare,2015
2015-08-03,0.0031149440690438146,FBDIX,healthcare,2015
2015-08-04,0.004918550036796341,FBDIX,healthcare,2015
2015-08-05,0.004221220931915549,FBDIX,healthcare,2015
2015-08-06,-0.031151802387497908,FBDIX,healthcare,2015
2015-08-07,-0.0116368378931744,FBDIX,healthcare,2015
2015-08-10,-0.010679600095047218,FBDIX,healthcare,2015
2015-08-11,-0.006206103735415363,FBDIX,healthcare,2015
2015-08-12,0.003720685275068692,FBDIX,healthcare,2015
2015-08-13,-0.005999005582029763,FBDIX,healthcare,2015
2015-08-14,-0.011240697577281467,FBDIX,healthcare,2015
2015-08-17,0.018247420300539597,FBDIX,healthcare,2015
2015-08-18,-0.00869508662514435,FBDIX,healthcare,2015
2015-08-19,0.0020362306249783278,FBDIX,healthcare,2015
2015-08-20,-0.012567363174464885,FBDIX,healthcare,2015
2015-08-21,0.015684012151475465,FBDIX,healthcare,2015
2015-08-24,0.002965453836454371,FBDIX,healthcare,2015
2015-08-25,0.019573283703219348,FBDIX,healthcare,2015
2015-08-26,-0.0034219543940630717,FBDIX,healthcare,2015
2015-08-27,-0.004452635907768208,FBDIX,healthcare,2015
2015-08-28,0.010752539512874354,FBDIX,healthcare,2015
2015-08-31,-0.011969048266171829,FBDIX,healthcare,2015
2015-09-01,0.012765971522248367,FBDIX,healthcare,2015
2015-09-02,0.013288786622229227,FBDIX,healthcare,2015
2015-09-03,-0.025999341048234648,FBDIX,healthcare,2015
2015-09-04,0.020170430207164036,FBDIX,healthcare,2015
2015-09-08,0.010781603112928476,FBDIX,healthcare,2015
2015-09-09,-0.0011395089302686928,FBDIX,healthcare,2015
2015-09-10,0.013671368937861974,FBDIX,healthcare,2015
2015-09-11,0.009437960409645594,FBDIX,healthcare,2015
2015-09-14,-0.0013698186709775097,FBDIX,healthcare,2015
2015-09-15,-0.005318030218208317,FBDIX,healthcare,2015
2015-09-16,-0.014366100952064084,FBDIX,healthcare,2015
2015-09-17,0.02177787492772733,FBDIX,healthcare,2015
2015-09-18,0.01266894267863981,FBDIX,healthcare,2015
2015-09-21,-0.052710740090044936,FBDIX,healthcare,2015
2015-09-22,-0.004848221045163515,FBDIX,healthcare,2015
2015-09-23,0.003284299780038637,FBDIX,healthcare,2015
2015-09-24,-0.01628210082627838,FBDIX,healthcare,2015
2015-09-25,-0.06035548528613301,FBDIX,healthcare,2015
2015-09-28,-0.039006535223031144,FBDIX,healthcare,2015
2015-09-29,-0.01459959627010195,FBDIX,healthcare,2015
2015-09-30,0.019891549058924242,FBDIX,healthcare,2015
2015-10-01,0.004304338705298262,FBDIX,healthcare,2015
2015-10-02,0.01691780283014272,FBDIX,healthcare,2015
2015-10-05,-0.025186366821548865,FBDIX,healthcare,2015
2015-10-06,-0.03864773577710499,FBDIX,healthcare,2015
2015-10-07,0.014843399795197531,FBDIX,healthcare,2015
2015-10-08,-0.01858141279262803,FBDIX,healthcare,2015
2015-10-09,0.00655674108937964,FBDIX,healthcare,2015
2015-10-12,-0.004578712238453337,FBDIX,healthcare,2015
2015-10-13,-0.028216637622906243,FBDIX,healthcare,2015
2015-10-14,0.013434029532765233,FBDIX,healthcare,2015
2015-10-15,0.03107163044742307,FBDIX,healthcare,2015
2015-10-16,-0.011635395170270544,FBDIX,healthcare,2015
2015-10-19,0.004690904337285851,FBDIX,healthcare,2015
2015-10-20,-0.03113440520776896,FBDIX,healthcare,2015
2015-10-21,0.0029326362697791944,FBDIX,healthcare,2015
2015-10-22,-0.018463865240196484,FBDIX,healthcare,2015
2015-10-23,0.010033227041926301,FBDIX,healthcare,2015
2015-10-26,0.008594953123920232,FBDIX,healthcare,2015
2015-10-27,0.026293980799656568,FBDIX,healthcare,2015
2015-10-28,0.007129907148359295,FBDIX,healthcare,2015
2015-10-29,-0.009633452993669184,FBDIX,healthcare,2015
2015-10-30,-0.00357932483938188,FBDIX,healthcare,2015
2015-11-02,0.026643157588929673,FBDIX,healthcare,2015
2015-11-03,0.003111476012307087,FBDIX,healthcare,2015
2015-11-04,0.0025211034304617793,FBDIX,healthcare,2015
2015-11-05,-0.018023368208666866,FBDIX,healthcare,2015
2015-11-06,-0.008647249776985819,FBDIX,healthcare,2015
2015-11-09,0.017630693945189443,FBDIX,healthcare,2015
2015-11-10,0.001220684248707549,FBDIX,healthcare,2015
2015-11-11,-0.012317622136813741,FBDIX,healthcare,2015
2015-11-12,-0.006209439992713724,FBDIX,healthcare,2015
2015-11-13,0.018505520293501266,FBDIX,healthcare,2015
2015-11-16,-0.015397381220241892,FBDIX,healthcare,2015
2015-11-17,0.011749007630144762,FBDIX,healthcare,2015
2015-11-18,0.010252450538815405,FBDIX,healthcare,2015
2015-11-19,-0.019493361066069446,FBDIX,healthcare,2015
2015-11-20,-0.005038479287084384,FBDIX,healthcare,2015
2015-11-23,0.017958902766919957,FBDIX,healthcare,2015
2015-11-24,0.00039984943958033445,FBDIX,healthcare,2015
2015-11-25,0.015453433529382199,FBDIX,healthcare,2015
2015-11-27,0.004812345378618828,FBDIX,healthcare,2015
2015-11-30,-0.00986845588242761,FBDIX,healthcare,2015
2015-12-01,-0.009818421858646556,FBDIX,healthcare,2015
2015-12-02,0.004255305165415193,FBDIX,healthcare,2015
2015-12-03,-0.021915120655506097,FBDIX,healthcare,2015
2015-12-04,0.001259306284102344,FBDIX,healthcare,2015
2015-12-07,-0.022955505385182155,FBDIX,healthcare,2015
2015-12-08,0.02936868814842624,FBDIX,healthcare,2015
2015-12-09,-0.009427791081311974,FBDIX,healthcare,2015
2015-12-10,0.010536843118747126,FBDIX,healthcare,2015
2015-12-11,-0.007357628021192532,FBDIX,healthcare,2015
2015-12-14,-0.006845412674562872,FBDIX,healthcare,2015
2015-12-15,0.014297028183774704,FBDIX,healthcare,2015
2015-12-16,0.01636444778920241,FBDIX,healthcare,2015
2015-12-17,0.004742514605106548,FBDIX,healthcare,2015
2015-12-18,0.014933360769054453,FBDIX,healthcare,2015
2015-12-21,-0.0014696765679818972,FBDIX,healthcare,2015
2015-12-22,-0.01050674299696489,FBDIX,healthcare,2015
2015-12-23,0.001727328287345854,FBDIX,healthcare,2015
2015-12-24,0.005173830742906518,FBDIX,healthcare,2015
2015-12-28,-0.005357026602715285,FBDIX,healthcare,2015
2015-12-29,0.00282573069207572,FBDIX,healthcare,2015
2015-12-30,0.001219982286716016,FBDIX,healthcare,2015
2016-01-06,-0.005456861119027809,FBDIX,healthcare,2016
2016-01-07,-0.009432173110902282,FBDIX,healthcare,2016
2016-01-08,-0.0012827825231356837,FBDIX,healthcare,2016
2016-01-11,-0.04253103902415184,FBDIX,healthcare,2016
2016-01-12,0.004743961933248112,FBDIX,healthcare,2016
2016-01-13,-0.019089262137655834,FBDIX,healthcare,2016
2016-01-14,0.014514258720679445,FBDIX,healthcare,2016
2016-01-15,0.010821984472206718,FBDIX,healthcare,2016
2016-01-19,-0.02866011169673459,FBDIX,healthcare,2016
2016-01-20,0.05341120076955392,FBDIX,healthcare,2016
2016-01-21,-0.02105053577532284,FBDIX,healthcare,2016
2016-01-22,0.0025203393741796212,FBDIX,healthcare,2016
2016-01-25,0.006067047629251095,FBDIX,healthcare,2016
2016-01-26,-0.025480569354402894,FBDIX,healthcare,2016
2016-01-27,-0.016349415702196737,FBDIX,healthcare,2016
2016-01-28,-0.04383726702530935,FBDIX,healthcare,2016
2016-01-29,-0.023711831278878173,FBDIX,healthcare,2016
2016-02-01,0.007087588443969634,FBDIX,healthcare,2016
2016-02-02,-0.007884401670895023,FBDIX,healthcare,2016
2016-02-03,0.0026925442925869545,FBDIX,healthcare,2016
2016-02-04,0.007807198549783378,FBDIX,healthcare,2016
2016-02-05,-0.008429727104145655,FBDIX,healthcare,2016
2016-02-08,-0.019852592275247216,FBDIX,healthcare,2016
2016-02-09,0.005766794259806991,FBDIX,healthcare,2016
2016-02-10,0.010492239000328623,FBDIX,healthcare,2016
2016-02-11,0.008157726057804165,FBDIX,healthcare,2016
2016-02-12,-0.003295495265340769,FBDIX,healthcare,2016
2016-02-16,0.006783226143268137,FBDIX,healthcare,2016
2016-02-17,0.004456232714892091,FBDIX,healthcare,2016
2016-02-18,-0.021575585645744248,FBDIX,healthcare,2016
2016-02-19,0.010509869089617168,FBDIX,healthcare,2016
2016-02-22,-0.008328708585524402,FBDIX,healthcare,2016
2016-02-23,-0.013637029436903609,FBDIX,healthcare,2016
2016-02-24,0.0011869987661139733,FBDIX,healthcare,2016
2016-02-25,-0.02047649008749445,FBDIX,healthcare,2016
2016-02-26,0.013750967351128723,FBDIX,healthcare,2016
2016-02-29,-0.011943797941083103,FBDIX,healthcare,2016
2016-03-01,0.004826779845535201,FBDIX,healthcare,2016
2016-03-02,0.010362036286749775,FBDIX,healthcare,2016
2016-03-03,-0.01215706932661614,FBDIX,healthcare,2016
2016-03-04,-0.004425697795006812,FBDIX,healthcare,2016
2016-03-07,0.021907495231789264,FBDIX,healthcare,2016
2016-03-08,-0.020133207604935612,FBDIX,healthcare,2016
2016-03-09,-0.017411633454874682,FBDIX,healthcare,2016
2016-03-10,-0.011872099826140868,FBDIX,healthcare,2016
2016-03-11,0.003561455546552808,FBDIX,healthcare,2016
2016-03-14,0.01012487537085089,FBDIX,healthcare,2016
2016-03-15,-0.03735842623369168,FBDIX,healthcare,2016
2016-03-16,-0.01717309508017997,FBDIX,healthcare,2016
2016-03-17,-0.01844278746035995,FBDIX,healthcare,2016
2016-03-18,0.016633250740009934,FBDIX,healthcare,2016
2016-03-21,0.02171862681935567,FBDIX,healthcare,2016
2016-03-22,0.024384097566617257,FBDIX,healthcare,2016
2016-03-23,-0.027693589501321274,FBDIX,healthcare,2016
2016-03-24,0.006966278869934223,FBDIX,healthcare,2016
2016-03-28,-0.009320949362443397,FBDIX,healthcare,2016
2016-03-29,0.00919023565187274,FBDIX,healthcare,2016
2016-03-30,-0.009797053071545998,FBDIX,healthcare,2016
2016-03-31,0.035832852732963154,FBDIX,healthcare,2016
2016-04-01,0.01732219563483902,FBDIX,healthcare,2016
2016-04-04,0.018767339557733104,FBDIX,healthcare,2016
2016-04-05,0.014563372681272025,FBDIX,healthcare,2016
2016-04-06,0.04419960975083632,FBDIX,healthcare,2016
2016-04-07,0.002931880550799109,FBDIX,healthcare,2016
2016-04-08,-0.013796640061677677,FBDIX,healthcare,2016
2016-04-11,-0.014277256989619062,FBDIX,healthcare,2016
2016-04-12,-0.0024576499611987726,FBDIX,healthcare,2016
2016-04-13,0.006886398629497215,FBDIX,healthcare,2016
2016-04-14,0.003408352834303189,FBDIX,healthcare,2016
2016-04-15,0.0025081794678835554,FBDIX,healthcare,2016
2016-04-18,0.004061166091308941,FBDIX,healthcare,2016
2016-04-19,-0.02094755267599638,FBDIX,healthcare,2016
2016-04-20,-0.0013877499920359423,FBDIX,healthcare,2016
2016-04-21,0.03330100942560285,FBDIX,healthcare,2016
2016-04-22,0.007324793111988304,FBDIX,healthcare,2016
2016-04-25,-0.0023265668290339795,FBDIX,healthcare,2016
2016-04-26,-0.017569080265571173,FBDIX,healthcare,2016
2016-04-27,-0.015044005548407985,FBDIX,healthcare,2016
2016-04-28,0.011056122764905967,FBDIX,healthcare,2016
2016-04-29,-0.01774398915545098,FBDIX,healthcare,2016
2016-05-02,0.0024930481616707665,FBDIX,healthcare,2016
2016-05-03,-0.005200350699816369,FBDIX,healthcare,2016
2016-05-04,-0.02257296251587345,FBDIX,healthcare,2016
2016-05-05,-0.0013964479943160389,FBDIX,healthcare,2016
2016-05-06,-0.0146379211851729,FBDIX,healthcare,2016
2016-05-09,0.0283736841853848,FBDIX,healthcare,2016
2016-05-10,-0.00986405065647479,FBDIX,healthcare,2016
2016-05-11,-0.014826368583833746,FBDIX,healthcare,2016
2016-05-12,-0.017775872813374092,FBDIX,healthcare,2016
2016-05-13,0.02397905847780377,FBDIX,healthcare,2016
2016-05-16,0.025751278481134156,FBDIX,healthcare,2016
2016-05-17,0.005373224471855283,FBDIX,healthcare,2016
2016-05-18,0.012431414341816922,FBDIX,healthcare,2016
2016-05-19,-0.004864397274927842,FBDIX,healthcare,2016
2016-05-20,0.014359988959115144,FBDIX,healthcare,2016
2016-05-23,0.012757405888210609,FBDIX,healthcare,2016
2016-05-24,0.0037499478930774766,FBDIX,healthcare,2016
2016-05-25,0.0029114468647172195,FBDIX,healthcare,2016
2016-05-26,-0.007763470649553579,FBDIX,healthcare,2016
2016-05-27,0.005818514332786757,FBDIX,healthcare,2016
2016-05-31,0.022819152340544963,FBDIX,healthcare,2016
2016-06-01,0.00016630849473881328,FBDIX,healthcare,2016
2016-06-02,0.01521087826116084,FBDIX,healthcare,2016
2016-06-03,-0.008308046148990372,FBDIX,healthcare,2016
2016-06-06,0.007548349475808578,FBDIX,healthcare,2016
2016-06-07,-0.023534073671453576,FBDIX,healthcare,2016
2016-06-08,-0.0042164818183009775,FBDIX,healthcare,2016
2016-06-09,-0.013865023387182023,FBDIX,healthcare,2016
2016-06-10,-0.0051532333470444315,FBDIX,healthcare,2016
2016-06-13,-0.00483886630108624,FBDIX,healthcare,2016
2016-06-14,-0.0026281062877137242,FBDIX,healthcare,2016
2016-06-15,0.00323304066672779,FBDIX,healthcare,2016
2016-06-16,-0.0033731260775817914,FBDIX,healthcare,2016
2016-06-17,-0.014133627238597466,FBDIX,healthcare,2016
2016-06-20,0.0019150539868220996,FBDIX,healthcare,2016
2016-06-21,-0.020806747607103108,FBDIX,healthcare,2016
2016-06-22,0.0073884999321065445,FBDIX,healthcare,2016
2016-06-23,0.006175961816789529,FBDIX,healthcare,2016
2016-06-24,0.010595414912174445,FBDIX,healthcare,2016
2016-06-27,-0.001226646923253541,FBDIX,healthcare,2016
2016-06-28,0.010573993648107387,FBDIX,healthcare,2016
2016-06-29,0.0009047566449221882,FBDIX,healthcare,2016
2016-06-30,-0.014794383182000248,FBDIX,healthcare,2016
2016-07-01,0.01742798482488726,FBDIX,healthcare,2016
2016-07-05,0.0017353360797597289,FBDIX,healthcare,2016
2016-07-06,0.01420652767841802,FBDIX,healthcare,2016
2016-07-07,0.0070178013240880825,FBDIX,healthcare,2016
2016-07-08,-0.007145333906281404,FBDIX,healthcare,2016
2016-07-11,-0.005993158875023075,FBDIX,healthcare,2016
2016-07-12,-0.001020394926547102,FBDIX,healthcare,2016
2016-07-13,-0.022102878490592507,FBDIX,healthcare,2016
2016-07-14,-0.006626989248079916,FBDIX,healthcare,2016
2016-07-15,0.018017098212598687,FBDIX,healthcare,2016
2016-07-18,-0.0002682583120589355,FBDIX,healthcare,2016
2016-07-19,-0.014735372329944763,FBDIX,healthcare,2016
2016-07-20,0.01967906850268613,FBDIX,healthcare,2016
2016-07-21,0.02107399311984861,FBDIX,healthcare,2016
2016-07-22,-0.0020429512615159004,FBDIX,healthcare,2016
2016-07-25,0.005947294524329674,FBDIX,healthcare,2016
2016-07-26,-0.007058998238612765,FBDIX,healthcare,2016
2016-07-27,0.02877887035002659,FBDIX,healthcare,2016
2016-07-28,-0.0010675957499694773,FBDIX,healthcare,2016
2016-07-29,0.003179525909804292,FBDIX,healthcare,2016
2016-08-01,0.014533061211573921,FBDIX,healthcare,2016
2016-08-02,0.012568975654820048,FBDIX,healthcare,2016
2016-08-03,0.00977325077812169,FBDIX,healthcare,2016
2016-08-04,-0.010763529694530332,FBDIX,healthcare,2016
2016-08-05,-0.0021439415842866277,FBDIX,healthcare,2016
2016-08-08,-0.00788428478866613,FBDIX,healthcare,2016
2016-08-09,-0.00015303950938791824,FBDIX,healthcare,2016
2016-08-10,-0.016582655423789543,FBDIX,healthcare,2016
2016-08-11,0.004940983879719972,FBDIX,healthcare,2016
2016-08-12,0.007784984734846053,FBDIX,healthcare,2016
2016-08-15,0.007894823040925899,FBDIX,healthcare,2016
2016-08-16,-0.002769379236201127,FBDIX,healthcare,2016
2016-08-17,-0.0012118079541793604,FBDIX,healthcare,2016
2016-08-18,-0.00017687208163189093,FBDIX,healthcare,2016
2016-08-19,-0.0003059840365613616,FBDIX,healthcare,2016
2016-08-22,0.02851269196220492,FBDIX,healthcare,2016
2016-08-23,-0.0006492579818649848,FBDIX,healthcare,2016
2016-08-24,-0.020884839644108453,FBDIX,healthcare,2016
2016-08-25,-0.010260563406187403,FBDIX,healthcare,2016
2016-08-26,0.012347936899718526,FBDIX,healthcare,2016
2016-08-29,-0.010226471540348643,FBDIX,healthcare,2016
2016-08-30,0.0036185539900938776,FBDIX,healthcare,2016
2016-08-31,-0.004832565229631698,FBDIX,healthcare,2016
2016-09-01,0.012017762588976357,FBDIX,healthcare,2016
2016-09-02,-0.010346618026476028,FBDIX,healthcare,2016
2016-09-06,0.01021391268131697,FBDIX,healthcare,2016
2016-09-07,0.009640670235004707,FBDIX,healthcare,2016
2016-09-08,0.01619356062311884,FBDIX,healthcare,2016
2016-09-09,0.006234700739470234,FBDIX,healthcare,2016
2016-09-12,0.008948446259337557,FBDIX,healthcare,2016
2016-09-13,0.00838152493193198,FBDIX,healthcare,2016
2016-09-14,0.015706407184852264,FBDIX,healthcare,2016
2016-09-15,0.0009090552051590709,FBDIX,healthcare,2016
2016-09-16,0.006647244341010498,FBDIX,healthcare,2016
2016-09-19,0.002348956689158458,FBDIX,healthcare,2016
2016-09-20,0.022963878032928278,FBDIX,healthcare,2016
2016-09-21,-0.00973639462606524,FBDIX,healthcare,2016
2016-09-22,-0.0011797888417651925,FBDIX,healthcare,2016
2016-09-23,0.003277028758077152,FBDIX,healthcare,2016
2016-09-26,0.0036956892913709433,FBDIX,healthcare,2016
2016-09-27,0.0018250434209247865,FBDIX,healthcare,2016
2016-09-28,-0.012461812960051891,FBDIX,healthcare,2016
2016-09-29,-0.014714359720842339,FBDIX,healthcare,2016
2016-09-30,0.0010062557013776324,FBDIX,healthcare,2016
2016-10-03,0.003636819792745088,FBDIX,healthcare,2016
2016-10-04,0.002784583891274146,FBDIX,healthcare,2016
2016-10-05,0.006316980664380275,FBDIX,healthcare,2016
2016-10-06,-0.024829299659752956,FBDIX,healthcare,2016
2016-10-07,0.00457274798130214,FBDIX,healthcare,2016
2016-10-10,0.013500978757957957,FBDIX,healthcare,2016
2016-10-11,-0.012113245331601429,FBDIX,healthcare,2016
2016-10-12,-0.02396240039323398,FBDIX,healthcare,2016
2016-10-13,0.007516033345521846,FBDIX,healthcare,2016
2016-10-14,-0.020060898169380743,FBDIX,healthcare,2016
2016-10-17,0.0038560782728156193,FBDIX,healthcare,2016
2016-10-18,0.002666145352713426,FBDIX,healthcare,2016
2016-10-19,-0.012501048824243034,FBDIX,healthcare,2016
2016-10-20,0.01808320206205979,FBDIX,healthcare,2016
2016-10-21,-0.007178430355457656,FBDIX,healthcare,2016
2016-10-24,-0.011086602183337721,FBDIX,healthcare,2016
2016-10-25,0.00171492545331419,FBDIX,healthcare,2016
2016-10-26,0.002564381222303327,FBDIX,healthcare,2016
2016-10-27,0.0016519054086544162,FBDIX,healthcare,2016
2016-10-28,-0.006284805009984379,FBDIX,healthcare,2016
2016-10-31,-0.01021251834254306,FBDIX,healthcare,2016
2016-11-01,0.019808209062714844,FBDIX,healthcare,2016
2016-11-02,-0.007847347756219814,FBDIX,healthcare,2016
2016-11-03,-0.021798949441846648,FBDIX,healthcare,2016
2016-11-04,0.0268469933477927,FBDIX,healthcare,2016
2016-11-07,0.0060791336525903225,FBDIX,healthcare,2016
2016-11-08,0.0038182035772378,FBDIX,healthcare,2016
2016-11-09,0.07717600955592027,FBDIX,healthcare,2016
2016-11-10,0.016464704711506902,FBDIX,healthcare,2016
2016-11-11,0.00976096987439315,FBDIX,healthcare,2016
2016-11-14,0.015460402819575053,FBDIX,healthcare,2016
2016-11-15,-0.021039588232897345,FBDIX,healthcare,2016
2016-11-16,-0.012168358019841794,FBDIX,healthcare,2016
2016-11-17,0.0028640793426273434,FBDIX,healthcare,2016
2016-11-18,-0.007143975225946736,FBDIX,healthcare,2016
2016-11-21,-0.003035319828692957,FBDIX,healthcare,2016
2016-11-22,-0.01997905821558196,FBDIX,healthcare,2016
2016-11-23,0.012272811562499744,FBDIX,healthcare,2016
2016-11-25,-0.002113384526321934,FBDIX,healthcare,2016
2016-11-28,-0.012201326958550203,FBDIX,healthcare,2016
2016-11-29,-0.0018133325337929406,FBDIX,healthcare,2016
2016-11-30,-0.01709909782846092,FBDIX,healthcare,2016
2016-12-01,-0.009695432546091039,FBDIX,healthcare,2016
2016-12-02,0.007159924159390486,FBDIX,healthcare,2016
2016-12-05,0.0035870622375376235,FBDIX,healthcare,2016
2016-12-06,0.008694430011861421,FBDIX,healthcare,2016
2016-12-07,-0.045714909935693514,FBDIX,healthcare,2016
2016-12-08,-0.0006073283538825577,FBDIX,healthcare,2016
2016-12-09,-0.0065426443990476,FBDIX,healthcare,2016
2016-12-12,-0.009609803887428296,FBDIX,healthcare,2016
2016-12-13,-0.011272331861898901,FBDIX,healthcare,2016
2016-12-14,0.015515121957854816,FBDIX,healthcare,2016
2016-12-15,0.004817614954928594,FBDIX,healthcare,2016
2016-12-16,0.00959889408138517,FBDIX,healthcare,2016
2016-12-19,-0.015788776608417404,FBDIX,healthcare,2016
2016-12-20,0.010749059034130714,FBDIX,healthcare,2016
2016-12-21,-0.00912841995249042,FBDIX,healthcare,2016
2016-12-22,-0.0006162921796582879,FBDIX,healthcare,2016
2016-12-23,0.027173122514881423,FBDIX,healthcare,2016
2016-12-27,-0.00909870235170231,FBDIX,healthcare,2016
2016-12-28,-0.0006270434479591393,FBDIX,healthcare,2016
2016-12-29,-0.0033814607870767863,FBDIX,healthcare,2016
2016-12-30,-0.001579220901362071,FBDIX,healthcare,2016
2017-01-04,0.02190950990879256,FBDIX,healthcare,2017
2017-01-05,0.006492611786723431,FBDIX,healthcare,2017
2017-01-06,0.007569625518839657,FBDIX,healthcare,2017
2017-01-09,0.02291634673051717,FBDIX,healthcare,2017
2017-01-10,0.0020404075996446934,FBDIX,healthcare,2017
2017-01-11,-0.0318009710754481,FBDIX,healthcare,2017
2017-01-12,0.010589189705226076,FBDIX,healthcare,2017
2017-01-13,0.005683735813374981,FBDIX,healthcare,2017
2017-01-17,-0.018743892218806898,FBDIX,healthcare,2017
2017-01-18,0.005192295858601427,FBDIX,healthcare,2017
2017-01-19,-0.0026110645768196907,FBDIX,healthcare,2017
2017-01-20,-0.011484501281310592,FBDIX,healthcare,2017
2017-01-23,-0.006816848782340642,FBDIX,healthcare,2017
2017-01-24,-0.009643882130405575,FBDIX,healthcare,2017
2017-01-25,-0.0033952182327652933,FBDIX,healthcare,2017
2017-01-26,0.0029304653218888968,FBDIX,healthcare,2017
2017-01-27,0.00975538140043096,FBDIX,healthcare,2017
2017-01-30,-0.004526876008334879,FBDIX,healthcare,2017
2017-01-31,0.029136866833587943,FBDIX,healthcare,2017
2017-02-01,0.007682555012527578,FBDIX,healthcare,2017
2017-02-02,-0.0062067580714741995,FBDIX,healthcare,2017
2017-02-03,0.004467728381862143,FBDIX,healthcare,2017
2017-02-06,0.00036008625343584167,FBDIX,healthcare,2017
2017-02-07,-0.0030441161697909547,FBDIX,healthcare,2017
2017-02-08,0.008255239323459177,FBDIX,healthcare,2017
2017-02-09,0.005672618694000653,FBDIX,healthcare,2017
2017-02-10,-0.009356755130691131,FBDIX,healthcare,2017
2017-02-13,-0.0019479941494035587,FBDIX,healthcare,2017
2017-02-14,0.00632835020689926,FBDIX,healthcare,2017
2017-02-15,0.007974785457221138,FBDIX,healthcare,2017
2017-02-16,-0.007609862081995548,FBDIX,healthcare,2017
2017-02-17,0.006890570570357257,FBDIX,healthcare,2017
2017-02-21,-0.012219608190202659,FBDIX,healthcare,2017
2017-02-22,-0.0073300825884221885,FBDIX,healthcare,2017
2017-02-23,-0.0060936684600586604,FBDIX,healthcare,2017
2017-02-24,0.005359565191157589,FBDIX,healthcare,2017
2017-02-27,0.03196101519364031,FBDIX,healthcare,2017
2017-02-28,0.0007886488470191261,FBDIX,healthcare,2017
2017-03-01,-0.008002826695840957,FBDIX,healthcare,2017
2017-03-02,0.003104737564391365,FBDIX,healthcare,2017
2017-03-03,0.009445795276209437,FBDIX,healthcare,2017
2017-03-06,-0.002600009475191232,FBDIX,healthcare,2017
2017-03-07,-0.010019404218531822,FBDIX,healthcare,2017
2017-03-08,0.013175397803505995,FBDIX,healthcare,2017
2017-03-09,0.00469061590088213,FBDIX,healthcare,2017
2017-03-10,0.005131484747691429,FBDIX,healthcare,2017
2017-03-13,0.002172425668389263,FBDIX,healthcare,2017
2017-03-14,-0.008229668332494666,FBDIX,healthcare,2017
2017-03-15,0.004938726565815423,FBDIX,healthcare,2017
2017-03-16,-0.009773198367511896,FBDIX,healthcare,2017
2017-03-17,-0.004467184837303502,FBDIX,healthcare,2017
2017-03-20,0.00342036580890568,FBDIX,healthcare,2017
2017-03-21,-0.01671895528085828,FBDIX,healthcare,2017
2017-03-22,0.002599188111637346,FBDIX,healthcare,2017
2017-03-23,-0.0007995305282785707,FBDIX,healthcare,2017
2017-03-24,0.008737959347378916,FBDIX,healthcare,2017
2017-03-27,0.011085108084043263,FBDIX,healthcare,2017
2017-03-28,-0.01655603839809089,FBDIX,healthcare,2017
2017-03-29,0.008566089773324707,FBDIX,healthcare,2017
2017-03-30,-0.009743744979182067,FBDIX,healthcare,2017
2017-03-31,0.006063076533119572,FBDIX,healthcare,2017
2017-04-03,-0.005195895240467006,FBDIX,healthcare,2017
2017-04-04,-0.0014234344908598498,FBDIX,healthcare,2017
2017-04-05,-0.01126218395265675,FBDIX,healthcare,2017
2017-04-06,-0.004080347689750861,FBDIX,healthcare,2017
2017-04-07,0.0066069833678582485,FBDIX,healthcare,2017
2017-04-10,-0.005633475486990926,FBDIX,healthcare,2017
2017-04-11,-0.0021388041049154667,FBDIX,healthcare,2017
2017-04-12,0.010866085222664985,FBDIX,healthcare,2017
2017-04-13,0.02139518357928162,FBDIX,healthcare,2017
2017-04-17,-0.012688259839848807,FBDIX,healthcare,2017
2017-04-18,-0.006610071822171672,FBDIX,healthcare,2017
2017-04-19,0.009037168228986776,FBDIX,healthcare,2017
2017-04-20,-0.010681309581024092,FBDIX,healthcare,2017
2017-04-21,-0.005067885657538083,FBDIX,healthcare,2017
2017-04-24,3.34676366810175e-05,FBDIX,healthcare,2017
2017-04-25,0.006441667162594582,FBDIX,healthcare,2017
2017-04-26,0.004319511824690885,FBDIX,healthcare,2017
2017-04-27,0.0018594197257733914,FBDIX,healthcare,2017
2017-04-28,0.004006546052432824,FBDIX,healthcare,2017
2017-05-01,0.003666049083651268,FBDIX,healthcare,2017
2017-05-02,-0.01131052426140119,FBDIX,healthcare,2017
2017-05-03,-0.006704403537807789,FBDIX,healthcare,2017
2017-05-04,0.0008163475947091817,FBDIX,healthcare,2017
2017-05-05,-0.014304418885675987,FBDIX,healthcare,2017
2017-05-08,-0.023297366978340433,FBDIX,healthcare,2017
2017-05-09,0.01051286672388198,FBDIX,healthcare,2017
2017-05-10,-0.005463955484512322,FBDIX,healthcare,2017
2017-05-11,-0.0015167606010846337,FBDIX,healthcare,2017
2017-05-12,0.01002631314465303,FBDIX,healthcare,2017
2017-05-15,-0.003503079866808299,FBDIX,healthcare,2017
2017-05-16,0.0038055698931825114,FBDIX,healthcare,2017
2017-05-17,-0.0004693061403434999,FBDIX,healthcare,2017
2017-05-18,0.017530394187557422,FBDIX,healthcare,2017
2017-05-19,-0.014451810311821967,FBDIX,healthcare,2017
2017-05-22,-0.003105341863898689,FBDIX,healthcare,2017
2017-05-23,-0.005461249775421105,FBDIX,healthcare,2017
2017-05-24,-0.004783439459908289,FBDIX,healthcare,2017
2017-05-25,-0.0099859065950062,FBDIX,healthcare,2017
2017-05-26,-0.012387903504348452,FBDIX,healthcare,2017
2017-05-30,-0.01828907742535803,FBDIX,healthcare,2017
2017-05-31,0.005507571139342875,FBDIX,healthcare,2017
2017-06-01,0.00936227821795359,FBDIX,healthcare,2017
2017-06-02,0.015410880110335343,FBDIX,healthcare,2017
2017-06-05,-0.011888806226258767,FBDIX,healthcare,2017
2017-06-06,-0.0017103492247024822,FBDIX,healthcare,2017
2017-06-07,-0.0035908505205307487,FBDIX,healthcare,2017
2017-06-08,0.004618094177337878,FBDIX,healthcare,2017
2017-06-09,-0.00020105664615918412,FBDIX,healthcare,2017
2017-06-12,0.0007481273617936527,FBDIX,healthcare,2017
2017-06-13,0.0016298988101825958,FBDIX,healthcare,2017
2017-06-14,0.008637528194168825,FBDIX,healthcare,2017
2017-06-15,-0.0062562227615123285,FBDIX,healthcare,2017
2017-06-16,0.0011750427192217265,FBDIX,healthcare,2017
2017-06-19,0.021001716424322133,FBDIX,healthcare,2017
2017-06-20,0.019940439071348345,FBDIX,healthcare,2017
2017-06-21,0.039539696555517784,FBDIX,healthcare,2017
2017-06-22,0.013543496480993546,FBDIX,healthcare,2017
2017-06-23,0.00047450683417673547,FBDIX,healthcare,2017
2017-06-26,-0.0031441288863771136,FBDIX,healthcare,2017
2017-06-27,-0.018822515207044525,FBDIX,healthcare,2017
2017-06-28,0.010709038959964659,FBDIX,healthcare,2017
2017-06-29,-0.0027101446319557996,FBDIX,healthcare,2017
2017-06-30,-0.010811388046517764,FBDIX,healthcare,2017
2017-07-03,0.004481428836248028,FBDIX,healthcare,2017
2017-07-05,0.008205476743991693,FBDIX,healthcare,2017
2017-07-06,-0.005091617953107084,FBDIX,healthcare,2017
2017-07-07,-0.0018860187940102965,FBDIX,healthcare,2017
2017-07-10,-0.01063838094465378,FBDIX,healthcare,2017
2017-07-11,0.007580674284084881,FBDIX,healthcare,2017
2017-07-12,0.00018460501471289324,FBDIX,healthcare,2017
2017-07-13,0.0029004691349242906,FBDIX,healthcare,2017
2017-07-14,-0.004162558938983868,FBDIX,healthcare,2017
2017-07-17,-0.008445896343796838,FBDIX,healthcare,2017
2017-07-18,-0.00018356571373391375,FBDIX,healthcare,2017
2017-07-19,0.006711147708563298,FBDIX,healthcare,2017
2017-07-20,0.008888447651545494,FBDIX,healthcare,2017
2017-07-21,0.006646817971617041,FBDIX,healthcare,2017
2017-07-24,0.011812846032496622,FBDIX,healthcare,2017
2017-07-25,-0.014674065634728546,FBDIX,healthcare,2017
2017-07-26,0.008793824780450488,FBDIX,healthcare,2017
2017-07-27,-0.013587292451271545,FBDIX,healthcare,2017
2017-07-28,0.014056380398210852,FBDIX,healthcare,2017
2017-07-31,-0.014059116849456902,FBDIX,healthcare,2017
2017-08-01,-0.014725855158728518,FBDIX,healthcare,2017
2017-08-02,0.006472695672957148,FBDIX,healthcare,2017
2017-08-03,-0.005648484981944697,FBDIX,healthcare,2017
2017-08-04,0.010175070637569332,FBDIX,healthcare,2017
2017-08-07,0.0027926555734251444,FBDIX,healthcare,2017
2017-08-08,-0.00825366188957833,FBDIX,healthcare,2017
2017-08-09,-0.0035620149824984485,FBDIX,healthcare,2017
2017-08-10,-0.01357503670782249,FBDIX,healthcare,2017
2017-08-11,0.011860238317441542,FBDIX,healthcare,2017
2017-08-14,-0.0019505020590470032,FBDIX,healthcare,2017
2017-08-15,0.0007592483542194108,FBDIX,healthcare,2017
2017-08-16,-0.0020156821349035874,FBDIX,healthcare,2017
2017-08-17,0.0034377893938525445,FBDIX,healthcare,2017
2017-08-18,0.0005994218872343818,FBDIX,healthcare,2017
2017-08-21,9.200210524894497e-05,FBDIX,healthcare,2017
2017-08-22,0.005347015509722075,FBDIX,healthcare,2017
2017-08-23,0.0031502953098352087,FBDIX,healthcare,2017
2017-08-24,0.0202141855292413,FBDIX,healthcare,2017
2017-08-25,-0.010950660218047407,FBDIX,healthcare,2017
2017-08-28,0.017944427238057475,FBDIX,healthcare,2017
2017-08-29,0.002107006502799609,FBDIX,healthcare,2017
2017-08-30,0.014896478729974627,FBDIX,healthcare,2017
2017-08-31,0.016622198943687348,FBDIX,healthcare,2017
2017-09-01,0.0063610146390992136,FBDIX,healthcare,2017
2017-09-05,0.00580168919640428,FBDIX,healthcare,2017
2017-09-06,1.2091565726674372e-06,FBDIX,healthcare,2017
2017-09-07,0.0046119176693409265,FBDIX,healthcare,2017
2017-09-08,-0.0055015996838093115,FBDIX,healthcare,2017
2017-09-11,-0.01610517054483411,FBDIX,healthcare,2017
2017-09-12,-0.007848866512594956,FBDIX,healthcare,2017
2017-09-13,-0.0006881541305674729,FBDIX,healthcare,2017
2017-09-14,-0.006192958250454494,FBDIX,healthcare,2017
2017-09-15,0.002269712904734003,FBDIX,healthcare,2017
2017-09-18,0.0030745625792355604,FBDIX,healthcare,2017
2017-09-19,-0.004979608543024587,FBDIX,healthcare,2017
2017-09-20,0.0037617908986477266,FBDIX,healthcare,2017
2017-09-21,0.002506635323565299,FBDIX,healthcare,2017
2017-09-22,-0.0027932998430117706,FBDIX,healthcare,2017
2017-09-25,0.005129895852359196,FBDIX,healthcare,2017
2017-09-26,-0.018479827121256717,FBDIX,healthcare,2017
2017-09-27,0.006723422857791381,FBDIX,healthcare,2017
2017-09-28,0.0017777453595096055,FBDIX,healthcare,2017
2017-09-29,0.011487297143769953,FBDIX,healthcare,2017
2017-10-02,0.004920246934895414,FBDIX,healthcare,2017
2017-10-03,-0.004550419470562098,FBDIX,healthcare,2017
2017-10-04,0.004267573060216223,FBDIX,healthcare,2017
2017-10-05,-0.0074543175277787185,FBDIX,healthcare,2017
2017-10-06,-0.0009209126490775617,FBDIX,healthcare,2017
2017-10-09,-0.0023016339927454037,FBDIX,healthcare,2017
2017-10-10,0.0014736527197576964,FBDIX,healthcare,2017
2017-10-11,-0.008513111387040303,FBDIX,healthcare,2017
2017-10-12,0.00043975888595772943,FBDIX,healthcare,2017
2017-10-13,-0.007117752214625591,FBDIX,healthcare,2017
2017-10-16,-0.00023300234365549051,FBDIX,healthcare,2017
2017-10-17,-0.0011106269752449143,FBDIX,healthcare,2017
2017-10-18,-0.011743782297019362,FBDIX,healthcare,2017
2017-10-19,-0.0051346891830757685,FBDIX,healthcare,2017
2017-10-20,-0.01810034257112395,FBDIX,healthcare,2017
2017-10-23,-0.00891267975593478,FBDIX,healthcare,2017
2017-10-24,-0.007610642836158718,FBDIX,healthcare,2017
2017-10-25,-0.003590599265504827,FBDIX,healthcare,2017
2017-10-26,-0.02714880403450804,FBDIX,healthcare,2017
2017-10-27,0.00251526251363925,FBDIX,healthcare,2017
2017-10-30,0.005864584011555931,FBDIX,healthcare,2017
2017-10-31,-0.009418716553473259,FBDIX,healthcare,2017
2017-11-01,-0.015942859030359195,FBDIX,healthcare,2017
2017-11-02,0.007903134874435617,FBDIX,healthcare,2017
2017-11-03,0.011568729927960892,FBDIX,healthcare,2017
2017-11-06,-0.003793731170425527,FBDIX,healthcare,2017
2017-11-07,-0.0013114742989603137,FBDIX,healthcare,2017
2017-11-08,-0.01526244122016739,FBDIX,healthcare,2017
2017-11-09,0.0026564680375069155,FBDIX,healthcare,2017
2017-11-10,-0.00012860468734245448,FBDIX,healthcare,2017
2017-11-13,-0.012095367126585295,FBDIX,healthcare,2017
2017-11-14,-0.012683609600274755,FBDIX,healthcare,2017
2017-11-15,0.008786937071427782,FBDIX,healthcare,2017
2017-11-16,0.005411284511606182,FBDIX,healthcare,2017
2017-11-17,0.004347328031673536,FBDIX,healthcare,2017
2017-11-20,-0.013176302597652713,FBDIX,healthcare,2017
2017-11-21,-0.0024867967753075676,FBDIX,healthcare,2017
2017-11-22,0.005889596075372549,FBDIX,healthcare,2017
2017-11-24,-0.002639534933086675,FBDIX,healthcare,2017
2017-11-27,-0.0021283161523983195,FBDIX,healthcare,2017
2017-11-28,-0.014535200158795936,FBDIX,healthcare,2017
2017-11-29,-0.0007646997852235259,FBDIX,healthcare,2017
2017-11-30,0.006968820658495457,FBDIX,healthcare,2017
2017-12-01,-0.0009801885521876158,FBDIX,healthcare,2017
2017-12-04,-0.015587254897682125,FBDIX,healthcare,2017
2017-12-05,-0.001772780975453984,FBDIX,healthcare,2017
2017-12-06,-0.004421206830949534,FBDIX,healthcare,2017
2017-12-07,0.013944340976742464,FBDIX,healthcare,2017
2017-12-08,0.015930822663718147,FBDIX,healthcare,2017
2017-12-11,-0.001985816192026483,FBDIX,healthcare,2017
2017-12-12,-0.005706896169969951,FBDIX,healthcare,2017
2017-12-13,0.0134491230205195,FBDIX,healthcare,2017
2017-12-14,-0.008234893950981738,FBDIX,healthcare,2017
2017-12-15,-0.00011683990443423636,FBDIX,healthcare,2017
2017-12-18,-0.007720014679641153,FBDIX,healthcare,2017
2017-12-19,0.0019646580572135635,FBDIX,healthcare,2017
2017-12-20,0.006274622731883108,FBDIX,healthcare,2017
2017-12-21,0.002502672072673026,FBDIX,healthcare,2017
2017-12-22,0.006340530747232189,FBDIX,healthcare,2017
2017-12-26,0.008435888399919867,FBDIX,healthcare,2017
2017-12-27,0.004134859585959546,FBDIX,healthcare,2017
2017-12-28,0.002467578426093215,FBDIX,healthcare,2017
2017-12-29,-0.0029775810154839327,FBDIX,healthcare,2017
2018-01-03,0.0046376166102912965,FBDIX,healthcare,2018
2018-01-04,-0.010427720441424593,FBDIX,healthcare,2018
2018-01-05,-0.010080362018610052,FBDIX,healthcare,2018
2018-01-08,-0.02242212638858236,FBDIX,healthcare,2018
2018-01-09,0.01303945748350472,FBDIX,healthcare,2018
2018-01-10,0.01123222010858269,FBDIX,healthcare,2018
2018-01-11,-0.0050293402871389985,FBDIX,healthcare,2018
2018-01-12,-0.0029985104038170755,FBDIX,healthcare,2018
2018-01-16,-0.01420217745027846,FBDIX,healthcare,2018
2018-01-17,-0.006145495865920039,FBDIX,healthcare,2018
2018-01-18,0.0056031283383384325,FBDIX,healthcare,2018
2018-01-19,0.005008928153663715,FBDIX,healthcare,2018
2018-01-22,0.01910804805254738,FBDIX,healthcare,2018
2018-01-23,0.015332928470215387,FBDIX,healthcare,2018
2018-01-24,-0.00946409980915272,FBDIX,healthcare,2018
2018-01-25,0.007733357288696214,FBDIX,healthcare,2018
2018-01-26,-0.0035142889100626667,FBDIX,healthcare,2018
2018-01-29,0.013935392910093106,FBDIX,healthcare,2018
2018-01-30,-0.005492647997337563,FBDIX,healthcare,2018
2018-01-31,-0.015483794917384667,FBDIX,healthcare,2018
2018-02-01,0.0006250783192899216,FBDIX,healthcare,2018
2018-02-02,0.007426269821727009,FBDIX,healthcare,2018
2018-02-05,0.01199440772999854,FBDIX,healthcare,2018
2018-02-06,0.0012980133853087682,FBDIX,healthcare,2018
2018-02-07,0.013090782150841042,FBDIX,healthcare,2018
2018-02-08,0.00279421495330872,FBDIX,healthcare,2018
2018-02-09,-0.012123425665848554,FBDIX,healthcare,2018
2018-02-12,0.004052939923974725,FBDIX,healthcare,2018
2018-02-13,0.002336581713373209,FBDIX,healthcare,2018
2018-02-14,0.007830686949649897,FBDIX,healthcare,2018
2018-02-15,-0.005516249780808991,FBDIX,healthcare,2018
2018-02-16,-0.0032186690985614498,FBDIX,healthcare,2018
2018-02-20,-0.0021768370756644825,FBDIX,healthcare,2018
2018-02-21,0.01002607699100531,FBDIX,healthcare,2018
2018-02-22,-0.0020431889834130945,FBDIX,healthcare,2018
2018-02-23,0.001074491965993192,FBDIX,healthcare,2018
2018-02-26,-0.007492862333191297,FBDIX,healthcare,2018
2018-02-27,0.002407515577597703,FBDIX,healthcare,2018
2018-02-28,-0.010072927665295538,FBDIX,healthcare,2018
2018-03-01,0.01257560751152219,FBDIX,healthcare,2018
2018-03-02,0.023724253832274597,FBDIX,healthcare,2018
2018-03-05,-0.0025748379867854988,FBDIX,healthcare,2018
2018-03-06,-0.008348717645622533,FBDIX,healthcare,2018
2018-03-07,0.013972826320284598,FBDIX,healthcare,2018
2018-03-08,-0.0009870691838253483,FBDIX,healthcare,2018
2018-03-09,-0.0035057987052381327,FBDIX,healthcare,2018
2018-03-12,0.0016604235234490786,FBDIX,healthcare,2018
2018-03-13,-0.0019725920204927624,FBDIX,healthcare,2018
2018-03-14,0.0021372696716493184,FBDIX,healthcare,2018
2018-03-15,-0.009724917454859365,FBDIX,healthcare,2018
2018-03-16,-0.003011007821652339,FBDIX,healthcare,2018
2018-03-19,0.003642482088409749,FBDIX,healthcare,2018
2018-03-20,-0.0006868499237440892,FBDIX,healthcare,2018
2018-03-21,0.0067656694110125905,FBDIX,healthcare,2018
2018-03-22,0.00701165298331799,FBDIX,healthcare,2018
2018-03-23,0.00892645789140906,FBDIX,healthcare,2018
2018-03-26,-0.00819959450027806,FBDIX,healthcare,2018
2018-03-27,-0.015547709324290865,FBDIX,healthcare,2018
2018-03-28,-0.00024160741125822931,FBDIX,healthcare,2018
2018-03-29,-0.006490375114855902,FBDIX,healthcare,2018
2018-04-02,-0.012682184088949132,FBDIX,healthcare,2018
2018-04-03,-0.014009867845916379,FBDIX,healthcare,2018
2018-04-04,0.019666748247360227,FBDIX,healthcare,2018
2018-04-05,-0.02665908229994406,FBDIX,healthcare,2018
2018-04-06,-0.0017253743687077328,FBDIX,healthcare,2018
2018-04-09,0.01436155830623391,FBDIX,healthcare,2018
2018-04-10,0.012174499238381417,FBDIX,healthcare,2018
2018-04-11,0.006215364328199144,FBDIX,healthcare,2018
2018-04-12,0.0035693600042975126,FBDIX,healthcare,2018
2018-04-13,-0.002657062345533711,FBDIX,healthcare,2018
2018-04-16,-0.019080373524096,FBDIX,healthcare,2018
2018-04-17,0.009519053848815781,FBDIX,healthcare,2018
2018-04-18,-0.0015205168814301923,FBDIX,healthcare,2018
2018-04-19,-0.008044553842464507,FBDIX,healthcare,2018
2018-04-20,-0.0009104243418869978,FBDIX,healthcare,2018
2018-04-23,-0.0045165036049202596,FBDIX,healthcare,2018
2018-04-24,0.001777404224775252,FBDIX,healthcare,2018
2018-04-25,-3.5258711726296205e-05,FBDIX,healthcare,2018
2018-04-26,0.01318800490887918,FBDIX,healthcare,2018
2018-04-27,0.0017658815954705366,FBDIX,healthcare,2018
2018-04-30,-0.013067471023576431,FBDIX,healthcare,2018
2018-05-01,0.009828420248986124,FBDIX,healthcare,2018
2018-05-02,-0.00011475339620294761,FBDIX,healthcare,2018
2018-05-03,-0.01087845483759307,FBDIX,healthcare,2018
2018-05-04,-0.0004609713488482603,FBDIX,healthcare,2018
2018-05-07,0.006811622558390334,FBDIX,healthcare,2018
2018-05-08,-0.009089648951833573,FBDIX,healthcare,2018
2018-05-09,0.0007182641546612453,FBDIX,healthcare,2018
2018-05-10,-0.0113662191318186,FBDIX,healthcare,2018
2018-05-11,0.01908413556297443,FBDIX,healthcare,2018
2018-05-14,0.011450898435479513,FBDIX,healthcare,2018
2018-05-15,0.003608261033761613,FBDIX,healthcare,2018
2018-05-16,0.0059870431005358896,FBDIX,healthcare,2018
2018-05-17,0.005544134111037595,FBDIX,healthcare,2018
2018-05-18,0.004252691215752481,FBDIX,healthcare,2018
2018-05-21,-0.024017599403015663,FBDIX,healthcare,2018
2018-05-22,0.006242191345627754,FBDIX,healthcare,2018
2018-05-23,8.64567081097921e-05,FBDIX,healthcare,2018
2018-05-24,0.0033181553027546865,FBDIX,healthcare,2018
2018-05-25,0.006461562554952331,FBDIX,healthcare,2018
2018-05-29,0.004634193812173764,FBDIX,healthcare,2018
2018-05-30,-0.005788334898229776,FBDIX,healthcare,2018
2018-05-31,0.005360962905051031,FBDIX,healthcare,2018
2018-06-01,0.002799330198278034,FBDIX,healthcare,2018
2018-06-04,-0.016528897641596683,FBDIX,healthcare,2018
2018-06-05,0.003312373588755978,FBDIX,healthcare,2018
2018-06-06,0.0005986576615773023,FBDIX,healthcare,2018
2018-06-07,-0.013268385081470602,FBDIX,healthcare,2018
2018-06-08,0.002220282946020827,FBDIX,healthcare,2018
2018-06-11,-0.010491112978991222,FBDIX,healthcare,2018
2018-06-12,0.009747324557115054,FBDIX,healthcare,2018
2018-06-13,0.003029538823913471,FBDIX,healthcare,2018
2018-06-14,0.0054396027505059456,FBDIX,healthcare,2018
2018-06-15,0.004165441004617016,FBDIX,healthcare,2018
2018-06-18,-0.004159823048132152,FBDIX,healthcare,2018
2018-06-19,0.023394101573603988,FBDIX,healthcare,2018
2018-06-20,0.018534777089849144,FBDIX,healthcare,2018
2018-06-21,0.00503347855466771,FBDIX,healthcare,2018
2018-06-22,-0.00396421019522393,FBDIX,healthcare,2018
2018-06-25,-0.00542652348530899,FBDIX,healthcare,2018
2018-06-26,-0.0010525167032770634,FBDIX,healthcare,2018
2018-06-27,-0.015594609360203973,FBDIX,healthcare,2018
2018-06-28,-0.005617968656332959,FBDIX,healthcare,2018
2018-06-29,0.014626372222858779,FBDIX,healthcare,2018
2018-07-02,0.0047119495975237605,FBDIX,healthcare,2018
2018-07-03,0.009336006053756427,FBDIX,healthcare,2018
2018-07-05,0.000546018242356696,FBDIX,healthcare,2018
2018-07-06,0.02244282681228967,FBDIX,healthcare,2018
2018-07-09,-0.010594670216361225,FBDIX,healthcare,2018
2018-07-10,-0.0062673108740699136,FBDIX,healthcare,2018
2018-07-11,0.006164965107544778,FBDIX,healthcare,2018
2018-07-12,0.0031383524847387444,FBDIX,healthcare,2018
2018-07-13,0.0021406862423635304,FBDIX,healthcare,2018
2018-07-16,-0.009042005678335359,FBDIX,healthcare,2018
2018-07-17,0.0041135503906523435,FBDIX,healthcare,2018
2018-07-18,-0.0074518484672929375,FBDIX,healthcare,2018
2018-07-19,0.008376386044618721,FBDIX,healthcare,2018
2018-07-20,0.0008575666783458015,FBDIX,healthcare,2018
2018-07-23,-0.0016465265527078913,FBDIX,healthcare,2018
2018-07-24,-0.01765317204809346,FBDIX,healthcare,2018
2018-07-25,-0.001959642252580515,FBDIX,healthcare,2018
2018-07-26,-0.008759446293516064,FBDIX,healthcare,2018
2018-07-27,-0.017720073632166787,FBDIX,healthcare,2018
2018-07-30,-0.005816611790653358,FBDIX,healthcare,2018
2018-07-31,0.014841784223818589,FBDIX,healthcare,2018
2018-08-01,0.012472472889575318,FBDIX,healthcare,2018
2018-08-02,-0.002650641137145545,FBDIX,healthcare,2018
2018-08-03,-0.019871401279746,FBDIX,healthcare,2018
2018-08-06,-0.0015754289066855528,FBDIX,healthcare,2018
2018-08-07,0.00829587918250028,FBDIX,healthcare,2018
2018-08-08,-0.006262862969408079,FBDIX,healthcare,2018
2018-08-09,0.00015711394250551326,FBDIX,healthcare,2018
2018-08-10,0.005083536047153026,FBDIX,healthcare,2018
2018-08-13,-0.0007349943433507793,FBDIX,healthcare,2018
2018-08-14,-0.003983351779785584,FBDIX,healthcare,2018
2018-08-15,-0.00927760212459023,FBDIX,healthcare,2018
2018-08-16,0.0003528973942345647,FBDIX,healthcare,2018
2018-08-17,-0.00538489083327805,FBDIX,healthcare,2018
2018-08-20,-0.00778957034020279,FBDIX,healthcare,2018
2018-08-21,0.011116564724848071,FBDIX,healthcare,2018
2018-08-22,0.01230115780330248,FBDIX,healthcare,2018
2018-08-23,-0.004148344888028821,FBDIX,healthcare,2018
2018-08-24,-0.003747064894320526,FBDIX,healthcare,2018
2018-08-27,0.002815828223222608,FBDIX,healthcare,2018
2018-08-28,0.007979825988447797,FBDIX,healthcare,2018
2018-08-29,0.008415288741108029,FBDIX,healthcare,2018
2018-08-30,0.010406891859744274,FBDIX,healthcare,2018
2018-08-31,0.001905075002286182,FBDIX,healthcare,2018
2018-09-04,-0.0065749324596644666,FBDIX,healthcare,2018
2018-09-05,0.0009748141361516525,FBDIX,healthcare,2018
2018-09-06,-0.020258121039098707,FBDIX,healthcare,2018
2018-09-07,0.00048609820038921685,FBDIX,healthcare,2018
2018-09-10,0.0016409180609991232,FBDIX,healthcare,2018
2018-09-11,-0.004270567581410903,FBDIX,healthcare,2018
2018-09-12,-0.005305243394029174,FBDIX,healthcare,2018
2018-09-13,-0.0004163810836338112,FBDIX,healthcare,2018
2018-09-14,-0.0038399397639289276,FBDIX,healthcare,2018
2018-09-17,-0.009817212268534143,FBDIX,healthcare,2018
2018-09-18,0.007615405142997718,FBDIX,healthcare,2018
2018-09-19,-0.0028178534821371093,FBDIX,healthcare,2018
2018-09-20,0.006593925903391728,FBDIX,healthcare,2018
2018-09-21,-0.006342636129459319,FBDIX,healthcare,2018
2018-09-24,0.01562790000378153,FBDIX,healthcare,2018
2018-09-25,7.862103231188284e-05,FBDIX,healthcare,2018
2018-09-26,0.00407996083556901,FBDIX,healthcare,2018
2018-09-27,0.005529649096357916,FBDIX,healthcare,2018
2018-09-28,0.004000176324818419,FBDIX,healthcare,2018
2018-10-01,-0.016362548774395615,FBDIX,healthcare,2018
2018-10-02,-0.009781429425323538,FBDIX,healthcare,2018
2018-10-03,0.011503038642972436,FBDIX,healthcare,2018
2018-10-04,-0.02187401652706624,FBDIX,healthcare,2018
2018-10-05,-0.0030033109359007028,FBDIX,healthcare,2018
2018-10-08,-0.009152395222840472,FBDIX,healthcare,2018
2018-10-09,-0.0027607834802166,FBDIX,healthcare,2018
2018-10-10,0.00016331664897561993,FBDIX,healthcare,2018
2018-10-11,0.013790166664036407,FBDIX,healthcare,2018
2018-10-12,0.008186039895719314,FBDIX,healthcare,2018
2018-10-15,-0.002943961329918314,FBDIX,healthcare,2018
2018-10-16,0.019658153236903425,FBDIX,healthcare,2018
2018-10-17,8.308231807239679e-05,FBDIX,healthcare,2018
2018-10-18,0.003314478944613987,FBDIX,healthcare,2018
2018-10-19,-0.01556407963588908,FBDIX,healthcare,2018
2018-10-22,-0.01455095264112161,FBDIX,healthcare,2018
2018-10-23,0.002357524763488339,FBDIX,healthcare,2018
2018-10-24,-0.027294225775335898,FBDIX,healthcare,2018
2018-10-25,0.004388496625730643,FBDIX,healthcare,2018
2018-10-26,0.019902107078912816,FBDIX,healthcare,2018
2018-10-29,-0.010244797811865818,FBDIX,healthcare,2018
2018-10-30,-0.0034315748274723838,FBDIX,healthcare,2018
2018-10-31,-0.004028160457067552,FBDIX,healthcare,2018
2018-11-01,0.03910429405329599,FBDIX,healthcare,2018
2018-11-02,0.013388975265278533,FBDIX,healthcare,2018
2018-11-05,-0.010916990675094005,FBDIX,healthcare,2018
2018-11-06,-0.009467462448907078,FBDIX,healthcare,2018
2018-11-07,0.0016746427113843478,FBDIX,healthcare,2018
2018-11-08,-0.005093095927503732,FBDIX,healthcare,2018
2018-11-09,-0.013675179884725228,FBDIX,healthcare,2018
2018-11-12,-0.011996945731162983,FBDIX,healthcare,2018
2018-11-13,-0.0046613709774606694,FBDIX,healthcare,2018
2018-11-14,-0.01574435861570856,FBDIX,healthcare,2018
2018-11-15,0.013192386097463675,FBDIX,healthcare,2018
2018-11-16,0.002010675760540911,FBDIX,healthcare,2018
2018-11-19,-0.010661131803292132,FBDIX,healthcare,2018
2018-11-20,0.016599034357885095,FBDIX,healthcare,2018
2018-11-21,0.011475825830380752,FBDIX,healthcare,2018
2018-11-23,0.01597502271857546,FBDIX,healthcare,2018
2018-11-26,-0.002480016864349552,FBDIX,healthcare,2018
2018-11-27,-0.010483877720729106,FBDIX,healthcare,2018
2018-11-28,0.002259374135986106,FBDIX,healthcare,2018
2018-11-29,-0.00048640662468305354,FBDIX,healthcare,2018
2018-11-30,0.007352843521453994,FBDIX,healthcare,2018
2018-12-03,0.005937518363386421,FBDIX,healthcare,2018
2018-12-04,0.0058849751876446435,FBDIX,healthcare,2018
2018-12-06,0.0031884157731606744,FBDIX,healthcare,2018
2018-12-07,-0.0027325628695060306,FBDIX,healthcare,2018
2018-12-10,0.005148219964785945,FBDIX,healthcare,2018
2018-12-11,-0.0001407631736295012,FBDIX,healthcare,2018
2018-12-12,0.002863902924414895,FBDIX,healthcare,2018
2018-12-13,-0.018950221021180838,FBDIX,healthcare,2018
2018-12-14,0.006664557858209394,FBDIX,healthcare,2018
2018-12-17,0.004152249037327357,FBDIX,healthcare,2018
2018-12-18,-0.02164746195801845,FBDIX,healthcare,2018
2018-12-19,-0.0028191714204203085,FBDIX,healthcare,2018
2018-12-20,-0.006704737944464398,FBDIX,healthcare,2018
2018-12-21,-0.015290419012162097,FBDIX,healthcare,2018
2018-12-24,0.02347052664821193,FBDIX,healthcare,2018
2018-12-26,-0.0013497894049010542,FBDIX,healthcare,2018
2018-12-27,-0.011865381312192816,FBDIX,healthcare,2018
2018-12-28,0.003744950532938706,FBDIX,healthcare,2018
2018-12-29,0.0004966180901380285,FBDIX,healthcare,2018
2019-01-03,0.03324610963030624,FBDIX,healthcare,2019
2019-01-04,0.013845726516955863,FBDIX,healthcare,2019
2019-01-07,0.031461220288851094,FBDIX,healthcare,2019
2019-01-08,-0.007352517926031546,FBDIX,healthcare,2019
2019-01-09,-0.0014711506335957367,FBDIX,healthcare,2019
2019-01-10,0.00786965697033872,FBDIX,healthcare,2019
2019-01-11,-0.0018414841814209703,FBDIX,healthcare,2019
2019-01-14,-0.012129638755331122,FBDIX,healthcare,2019
2019-01-15,0.005454200506562876,FBDIX,healthcare,2019
2019-01-16,-0.00718446392191813,FBDIX,healthcare,2019
2019-01-17,0.0016782630757046918,FBDIX,healthcare,2019
2019-01-18,-0.009651119735545777,FBDIX,healthcare,2019
2019-01-22,-0.0035274031854532414,FBDIX,healthcare,2019
2019-01-23,-0.012361852993332523,FBDIX,healthcare,2019
2019-01-24,0.001485491332738237,FBDIX,healthcare,2019
2019-01-25,0.004951166760137425,FBDIX,healthcare,2019
2019-01-28,-0.01264854500967281,FBDIX,healthcare,2019
2019-01-29,0.0018998110464580518,FBDIX,healthcare,2019
2019-01-30,-0.0048304425683264145,FBDIX,healthcare,2019
2019-01-31,0.006587801914050175,FBDIX,healthcare,2019
2019-02-01,0.004857697231056193,FBDIX,healthcare,2019
2019-02-04,-0.006833481975866515,FBDIX,healthcare,2019
2019-02-05,-0.001869672348017836,FBDIX,healthcare,2019
2019-02-06,-0.0012422369810247223,FBDIX,healthcare,2019
2019-02-07,-0.01097698307872084,FBDIX,healthcare,2019
2019-02-08,0.008802844275617913,FBDIX,healthcare,2019
2019-02-11,-0.0008141009230516653,FBDIX,healthcare,2019
2019-02-12,0.00018956749947173814,FBDIX,healthcare,2019
2019-02-13,-0.004460076825146744,FBDIX,healthcare,2019
2019-02-14,0.006552287300964374,FBDIX,healthcare,2019
2019-02-15,0.008505601619949784,FBDIX,healthcare,2019
2019-02-19,-0.00793021017061422,FBDIX,healthcare,2019
2019-02-20,-0.006419278429849455,FBDIX,healthcare,2019
2019-02-21,-0.01264224156472215,FBDIX,healthcare,2019
2019-02-22,0.007589595766237022,FBDIX,healthcare,2019
2019-02-25,0.017876551763906883,FBDIX,healthcare,2019
2019-02-26,0.0010946832651875875,FBDIX,healthcare,2019
2019-02-27,0.016505911662999865,FBDIX,healthcare,2019
2019-02-28,-0.005957917909965511,FBDIX,healthcare,2019
2019-03-01,0.016486263575228935,FBDIX,healthcare,2019
2019-03-04,0.007376017499799265,FBDIX,healthcare,2019
2019-03-05,-0.00586577010286494,FBDIX,healthcare,2019
2019-03-06,-0.03155577111637733,FBDIX,healthcare,2019
2019-03-07,0.005248578799303461,FBDIX,healthcare,2019
2019-03-08,-0.002645642080762533,FBDIX,healthcare,2019
2019-03-11,0.003958703125188957,FBDIX,healthcare,2019
2019-03-12,0.006106140478093076,FBDIX,healthcare,2019
2019-03-13,0.004366900665841181,FBDIX,healthcare,2019
2019-03-14,-0.0055989377016578325,FBDIX,healthcare,2019
2019-03-15,0.0032825432810769505,FBDIX,healthcare,2019
2019-03-18,0.0011804547532082979,FBDIX,healthcare,2019
2019-03-19,-0.0011751259013445911,FBDIX,healthcare,2019
2019-03-20,-0.002511691007224666,FBDIX,healthcare,2019
2019-03-21,-0.019768973180966223,FBDIX,healthcare,2019
2019-03-22,-0.015487889554288672,FBDIX,healthcare,2019
2019-03-25,0.002198653320104247,FBDIX,healthcare,2019
2019-03-26,0.01158063890034428,FBDIX,healthcare,2019
2019-03-27,-0.011061872214304564,FBDIX,healthcare,2019
2019-03-28,0.0036100237232297968,FBDIX,healthcare,2019
2019-03-29,0.009440028277337243,FBDIX,healthcare,2019
2019-04-01,-0.011370061257833028,FBDIX,healthcare,2019
2019-04-02,0.011630821778236178,FBDIX,healthcare,2019
2019-04-03,0.006572942154952525,FBDIX,healthcare,2019
2019-04-04,-0.008273686045745285,FBDIX,healthcare,2019
2019-04-05,0.012137401581221367,FBDIX,healthcare,2019
2019-04-08,-0.009761941153819516,FBDIX,healthcare,2019
2019-04-09,-0.01261695975770286,FBDIX,healthcare,2019
2019-04-10,0.010053118186227537,FBDIX,healthcare,2019
2019-04-11,-0.02193615100564415,FBDIX,healthcare,2019
2019-04-12,-0.016026183098046747,FBDIX,healthcare,2019
2019-04-15,-0.007957285086878206,FBDIX,healthcare,2019
2019-04-16,-0.007687064734407414,FBDIX,healthcare,2019
2019-04-17,-0.04257061685236272,FBDIX,healthcare,2019
2019-04-18,-0.003063791088840932,FBDIX,healthcare,2019
2019-04-22,0.003089412099302877,FBDIX,healthcare,2019
2019-04-23,0.014372651618767471,FBDIX,healthcare,2019
2019-04-24,-0.009009294686537533,FBDIX,healthcare,2019
2019-04-25,0.013074724744290394,FBDIX,healthcare,2019
2019-04-26,0.0013902296693880292,FBDIX,healthcare,2019
2019-04-29,-0.0017848319145572645,FBDIX,healthcare,2019
2019-04-30,-0.014606135874944106,FBDIX,healthcare,2019
2019-05-01,-0.007569001772183696,FBDIX,healthcare,2019
2019-05-02,0.009168340504481303,FBDIX,healthcare,2019
2019-05-03,0.006849825042070566,FBDIX,healthcare,2019
2019-05-06,0.017441979377535284,FBDIX,healthcare,2019
2019-05-07,-0.00805268530054052,FBDIX,healthcare,2019
2019-05-08,0.006538845832401174,FBDIX,healthcare,2019
2019-05-09,-0.0008116328566638649,FBDIX,healthcare,2019
2019-05-10,-0.003582127821670314,FBDIX,healthcare,2019
2019-05-13,-0.004609709440173512,FBDIX,healthcare,2019
2019-05-14,0.008640889653237404,FBDIX,healthcare,2019
2019-05-15,0.004439554572830323,FBDIX,healthcare,2019
2019-05-16,0.009633771821315503,FBDIX,healthcare,2019
2019-05-17,-0.0040624514184737495,FBDIX,healthcare,2019
2019-05-20,-0.007199535476354436,FBDIX,healthcare,2019
2019-05-21,0.021325750691454128,FBDIX,healthcare,2019
2019-05-22,0.003008678687201672,FBDIX,healthcare,2019
2019-05-23,0.007260784297370125,FBDIX,healthcare,2019
2019-05-24,0.007757900632446857,FBDIX,healthcare,2019
2019-05-28,0.002451442782828772,FBDIX,healthcare,2019
2019-05-29,-0.0045052126343974805,FBDIX,healthcare,2019
2019-05-30,-0.004664634732517438,FBDIX,healthcare,2019
2019-05-31,-0.006238090707702617,FBDIX,healthcare,2019
2019-06-03,0.019230183648510514,FBDIX,healthcare,2019
2019-06-04,-0.006362617172956553,FBDIX,healthcare,2019
2019-06-05,-0.011734558035659856,FBDIX,healthcare,2019
2019-06-06,-0.021445735788841593,FBDIX,healthcare,2019
2019-06-07,0.005823376910861343,FBDIX,healthcare,2019
2019-06-10,-0.011170344854469764,FBDIX,healthcare,2019
2019-06-11,-0.013511391571925633,FBDIX,healthcare,2019
2019-06-12,0.011502209246300339,FBDIX,healthcare,2019
2019-06-13,0.004084403626288891,FBDIX,healthcare,2019
2019-06-14,-0.008871013435893008,FBDIX,healthcare,2019
2019-06-17,0.05893440940696568,FBDIX,healthcare,2019
2019-06-18,-0.00028598148944991054,FBDIX,healthcare,2019
2019-06-19,0.0019866075776404594,FBDIX,healthcare,2019
2019-06-20,-0.0053043869154842495,FBDIX,healthcare,2019
2019-06-21,0.00661679503121383,FBDIX,healthcare,2019
2019-06-24,-0.01787850495719748,FBDIX,healthcare,2019
2019-06-25,0.010655258443624959,FBDIX,healthcare,2019
2019-06-26,-0.011709075000555904,FBDIX,healthcare,2019
2019-06-27,0.01132707992880539,FBDIX,healthcare,2019
2019-06-28,0.0178628844831631,FBDIX,healthcare,2019
2019-07-01,-0.004510750421936249,FBDIX,healthcare,2019
2019-07-02,-0.009160439657416608,FBDIX,healthcare,2019
2019-07-03,-0.009310368855070757,FBDIX,healthcare,2019
2019-07-05,-0.0013876441452388164,FBDIX,healthcare,2019
2019-07-08,-0.007207850599056467,FBDIX,healthcare,2019
2019-07-09,0.01126655650624806,FBDIX,healthcare,2019
2019-07-10,-0.010046789166054787,FBDIX,healthcare,2019
2019-07-11,-0.013936652901491625,FBDIX,healthcare,2019
2019-07-12,-0.015955953345287033,FBDIX,healthcare,2019
2019-07-15,0.005171000037524886,FBDIX,healthcare,2019
2019-07-16,-0.0007732380843398236,FBDIX,healthcare,2019
2019-07-17,0.008086347581130152,FBDIX,healthcare,2019
2019-07-18,0.006364733035065211,FBDIX,healthcare,2019
2019-07-19,-0.009111064450271463,FBDIX,healthcare,2019
2019-07-22,0.0013411753370716614,FBDIX,healthcare,2019
2019-07-23,-0.011449680819197705,FBDIX,healthcare,2019
2019-07-24,-0.004291321224994795,FBDIX,healthcare,2019
2019-07-25,-0.012895002719343594,FBDIX,healthcare,2019
2019-07-26,0.004428199949163539,FBDIX,healthcare,2019
2019-07-29,-0.0008351019082494856,FBDIX,healthcare,2019
2019-07-30,0.0104942560610699,FBDIX,healthcare,2019
2019-07-31,0.005074530859535353,FBDIX,healthcare,2019
2019-08-01,0.014995730918100327,FBDIX,healthcare,2019
2019-08-02,-0.009698696795974794,FBDIX,healthcare,2019
2019-08-05,0.0019647200553000177,FBDIX,healthcare,2019
2019-08-06,-0.002431368393788231,FBDIX,healthcare,2019
2019-08-07,0.0035605404331838517,FBDIX,healthcare,2019
2019-08-08,-0.0017165991152529488,FBDIX,healthcare,2019
2019-08-09,0.0034426123351975592,FBDIX,healthcare,2019
2019-08-12,0.001327569582916334,FBDIX,healthcare,2019
2019-08-13,-0.009746173744622028,FBDIX,healthcare,2019
2019-08-14,0.010277122955785443,FBDIX,healthcare,2019
2019-08-15,-0.006922041233196585,FBDIX,healthcare,2019
2019-08-16,0.0009504106402695167,FBDIX,healthcare,2019
2019-08-19,-0.00527072421742749,FBDIX,healthcare,2019
2019-08-20,-0.0026341132049697673,FBDIX,healthcare,2019
2019-08-21,0.00047190191240798623,FBDIX,healthcare,2019
2019-08-22,-0.009648335375602455,FBDIX,healthcare,2019
2019-08-23,0.0030510258039359826,FBDIX,healthcare,2019
2019-08-26,-0.006541764481680425,FBDIX,healthcare,2019
2019-08-27,-0.00972631671498032,FBDIX,healthcare,2019
2019-08-28,0.001968187065438224,FBDIX,healthcare,2019
2019-08-29,-0.0016365372977615797,FBDIX,healthcare,2019
2019-08-30,-0.008206166386555965,FBDIX,healthcare,2019
2019-09-03,-0.014223766534451177,FBDIX,healthcare,2019
2019-09-04,-0.006935857169160722,FBDIX,healthcare,2019
2019-09-05,-0.001738315456259354,FBDIX,healthcare,2019
2019-09-06,-0.0017987386317689907,FBDIX,healthcare,2019
2019-09-09,-0.002430695616883142,FBDIX,healthcare,2019
2019-09-10,0.015274842523124856,FBDIX,healthcare,2019
2019-09-11,0.009831214602910851,FBDIX,healthcare,2019
2019-09-12,-0.012685386703353603,FBDIX,healthcare,2019
2019-09-13,0.003533519157332275,FBDIX,healthcare,2019
2019-09-16,0.013890834108230785,FBDIX,healthcare,2019
2019-09-17,-0.0008754688430817601,FBDIX,healthcare,2019
2019-09-18,-0.012993928618909037,FBDIX,healthcare,2019
2019-09-19,0.0029695198914593424,FBDIX,healthcare,2019
2019-09-20,0.009123493373799299,FBDIX,healthcare,2019
2019-09-23,-0.010470567733666706,FBDIX,healthcare,2019
2019-09-24,-0.013516795883162637,FBDIX,healthcare,2019
2019-09-25,-0.014538553449288606,FBDIX,healthcare,2019
2019-09-26,-0.021415804273164054,FBDIX,healthcare,2019
2019-09-27,-0.005925043711560717,FBDIX,healthcare,2019
2019-09-30,-0.01369582785291159,FBDIX,healthcare,2019
2019-10-01,-0.0094871876924506,FBDIX,healthcare,2019
2019-10-02,0.02026021538055053,FBDIX,healthcare,2019
2019-10-03,0.008587447401004407,FBDIX,healthcare,2019
2019-10-04,-0.01199954345490394,FBDIX,healthcare,2019
2019-10-07,0.004871118894631541,FBDIX,healthcare,2019
2019-10-08,0.00048458823818626345,FBDIX,healthcare,2019
2019-10-09,-0.01601553778209299,FBDIX,healthcare,2019
2019-10-10,0.005865481778121224,FBDIX,healthcare,2019
2019-10-11,0.000915159552211841,FBDIX,healthcare,2019
2019-10-14,0.006657862344440575,FBDIX,healthcare,2019
2019-10-15,0.020492655749069333,FBDIX,healthcare,2019
2019-10-16,-6.894776064275319e-05,FBDIX,healthcare,2019
2019-10-17,0.009142539129658706,FBDIX,healthcare,2019
2019-10-18,-0.0026682462124486923,FBDIX,healthcare,2019
2019-10-21,0.008294730166641385,FBDIX,healthcare,2019
2019-10-22,0.020890180654951226,FBDIX,healthcare,2019
2019-10-23,0.0003624993569391116,FBDIX,healthcare,2019
2019-10-24,-0.0003664696240592627,FBDIX,healthcare,2019
2019-10-25,0.0010883305553839708,FBDIX,healthcare,2019
2019-10-28,0.007876273342692603,FBDIX,healthcare,2019
2019-10-29,0.006323073915532679,FBDIX,healthcare,2019
2019-10-30,-0.0010456471474589281,FBDIX,healthcare,2019
2019-10-31,0.0030310964040109467,FBDIX,healthcare,2019
2019-11-01,0.013469482303527404,FBDIX,healthcare,2019
2019-11-04,-0.011132602426432409,FBDIX,healthcare,2019
2019-11-05,0.0013461430483116034,FBDIX,healthcare,2019
2019-11-06,-0.017743356629752148,FBDIX,healthcare,2019
2019-11-07,-0.0001945610659458293,FBDIX,healthcare,2019
2019-11-08,0.025679646335278843,FBDIX,healthcare,2019
2019-11-11,0.0002773704580026023,FBDIX,healthcare,2019
2019-11-12,-0.009597321875512368,FBDIX,healthcare,2019
2019-11-13,0.001091545050860876,FBDIX,healthcare,2019
2019-11-14,-0.00678312976744311,FBDIX,healthcare,2019
2019-11-15,0.00921710781746583,FBDIX,healthcare,2019
2019-11-18,-0.0011461965777032216,FBDIX,healthcare,2019
2019-11-19,0.02259572444836222,FBDIX,healthcare,2019
2019-11-20,0.006231614029039399,FBDIX,healthcare,2019
2019-11-21,0.0007628468864503658,FBDIX,healthcare,2019
2019-11-22,0.006704965631077088,FBDIX,healthcare,2019
2019-11-25,0.012617183991548611,FBDIX,healthcare,2019
2019-11-26,-0.0033609710184454283,FBDIX,healthcare,2019
2019-11-27,0.0025523689722594606,FBDIX,healthcare,2019
2019-11-29,0.006779053639314938,FBDIX,healthcare,2019
2019-12-02,0.004045388215795259,FBDIX,healthcare,2019
2019-12-03,0.022587038454020214,FBDIX,healthcare,2019
2019-12-04,9.28134148250135e-05,FBDIX,healthcare,2019
2019-12-05,-0.018764161664509657,FBDIX,healthcare,2019
2019-12-06,0.00020479343680800469,FBDIX,healthcare,2019
2019-12-09,-0.003774159900499725,FBDIX,healthcare,2019
2019-12-10,0.01148213960811845,FBDIX,healthcare,2019
2019-12-11,-0.006676164561342942,FBDIX,healthcare,2019
2019-12-12,-0.0003545921958069808,FBDIX,healthcare,2019
2019-12-13,0.0058059506763475845,FBDIX,healthcare,2019
2019-12-16,0.004608547778099294,FBDIX,healthcare,2019
2019-12-17,0.0017103271718713492,FBDIX,healthcare,2019
2019-12-18,-0.00582409689928538,FBDIX,healthcare,2019
2019-12-19,-0.0024939606457922243,FBDIX,healthcare,2019
2019-12-20,0.006826894806661236,FBDIX,healthcare,2019
2019-12-23,0.005585514860813054,FBDIX,healthcare,2019
2019-12-24,0.004557530962472966,FBDIX,healthcare,2019
2019-12-26,-0.011738432836539834,FBDIX,healthcare,2019
2019-12-27,-0.011679882747240522,FBDIX,healthcare,2019
2019-12-30,-0.005726896303221102,FBDIX,healthcare,2019
2020-01-06,0.003148750069256948,FBDIX,healthcare,2020
2020-01-07,0.00360079439056356,FBDIX,healthcare,2020
2020-01-08,0.011644111015946791,FBDIX,healthcare,2020
2020-01-09,0.004284003013356212,FBDIX,healthcare,2020
2020-01-10,-0.00746634708208172,FBDIX,healthcare,2020
2020-01-13,-0.018024833953712148,FBDIX,healthcare,2020
2020-01-14,0.015796538233786152,FBDIX,healthcare,2020
2020-01-15,0.002091412027063588,FBDIX,healthcare,2020
2020-01-16,-0.005784631393373171,FBDIX,healthcare,2020
2020-01-17,-0.006141816859142224,FBDIX,healthcare,2020
2020-01-21,-0.007806766490981512,FBDIX,healthcare,2020
2020-01-22,-0.005492665158118667,FBDIX,healthcare,2020
2020-01-23,-0.010417014427692738,FBDIX,healthcare,2020
2020-01-24,-0.014563582680227546,FBDIX,healthcare,2020
2020-01-27,0.007497847928677792,FBDIX,healthcare,2020
2020-01-28,3.145556806555955e-05,FBDIX,healthcare,2020
2020-01-29,0.0009974170719621754,FBDIX,healthcare,2020
2020-01-30,-0.01865838464240625,FBDIX,healthcare,2020
2020-01-31,0.007034511803323812,FBDIX,healthcare,2020
2020-02-03,0.01883810551891859,FBDIX,healthcare,2020
2020-02-04,0.013286473166356486,FBDIX,healthcare,2020
2020-02-05,0.007596449959778841,FBDIX,healthcare,2020
2020-02-06,0.0017537749248822381,FBDIX,healthcare,2020
2020-02-07,0.0016596360695834544,FBDIX,healthcare,2020
2020-02-10,0.004537807405091796,FBDIX,healthcare,2020
2020-02-11,-0.002943544844195179,FBDIX,healthcare,2020
2020-02-12,-0.0022581271321442217,FBDIX,healthcare,2020
2020-02-13,-0.01273220861814292,FBDIX,healthcare,2020
2020-02-14,-0.0018745398518560472,FBDIX,healthcare,2020
2020-02-18,0.004749037866068617,FBDIX,healthcare,2020
2020-02-19,0.004951703131944265,FBDIX,healthcare,2020
2020-02-20,-0.0006182684141776331,FBDIX,healthcare,2020
2020-02-21,0.007726298901333738,FBDIX,healthcare,2020
2020-02-24,-0.00318313522255384,FBDIX,healthcare,2020
2020-02-25,0.005299387937018184,FBDIX,healthcare,2020
2020-02-26,0.011396241969513232,FBDIX,healthcare,2020
2020-02-27,-0.004099748828621755,FBDIX,healthcare,2020
2020-02-28,0.002897284638365994,FBDIX,healthcare,2020
2020-03-02,0.01157013412967553,FBDIX,healthcare,2020
2020-03-03,0.002189212567915523,FBDIX,healthcare,2020
2020-03-04,0.007327164869231552,FBDIX,healthcare,2020
2020-03-05,0.005486762728434871,FBDIX,healthcare,2020
2020-03-06,3.918940790806e-05,FBDIX,healthcare,2020
2020-03-09,-0.00833122029366011,FBDIX,healthcare,2020
2020-03-10,-0.022788626497078038,FBDIX,healthcare,2020
2020-03-11,-0.016398660577840507,FBDIX,healthcare,2020
2020-03-12,-0.015764582642758873,FBDIX,healthcare,2020
2020-03-13,-0.008422945296248333,FBDIX,healthcare,2020
2020-03-16,-0.026465395996123256,FBDIX,healthcare,2020
2020-03-17,0.02247634979855844,FBDIX,healthcare,2020
2020-03-18,0.025241714409565106,FBDIX,healthcare,2020
2020-03-19,0.03160962714734552,FBDIX,healthcare,2020
2020-03-20,0.007792620074505326,FBDIX,healthcare,2020
2020-03-23,0.022369660213696418,FBDIX,healthcare,2020
2020-03-24,-0.004376903439841165,FBDIX,healthcare,2020
2020-03-25,-0.02205687262113513,FBDIX,healthcare,2020
2020-03-26,-0.007405925599752117,FBDIX,healthcare,2020
2020-03-27,0.0008004722502210695,FBDIX,healthcare,2020
2020-03-30,0.004501257892113468,FBDIX,healthcare,2020
2020-03-31,0.0044248680240891874,FBDIX,healthcare,2020
2020-04-01,-0.006390802964991366,FBDIX,healthcare,2020
2020-04-02,0.011838007032004407,FBDIX,healthcare,2020
2020-04-03,0.00012800026128072066,FBDIX,healthcare,2020
2020-04-06,-0.002675557885353598,FBDIX,healthcare,2020
2020-04-07,-0.009014269717886578,FBDIX,healthcare,2020
2020-04-08,-0.0007601989309667205,FBDIX,healthcare,2020
2020-04-09,-0.003626525022534381,FBDIX,healthcare,2020
2020-04-13,0.009272001609995207,FBDIX,healthcare,2020
2020-04-14,0.0117609496175602,FBDIX,healthcare,2020
2020-04-15,-0.008521093747995746,FBDIX,healthcare,2020
2020-04-16,0.015641962042065298,FBDIX,healthcare,2020
2020-04-17,0.014038958677331105,FBDIX,healthcare,2020
2020-04-20,0.03339884965817185,FBDIX,healthcare,2020
2020-04-21,-0.005055614154575675,FBDIX,healthcare,2020
2020-04-22,-0.007473854802952628,FBDIX,healthcare,2020
2020-04-23,-0.007244815392284908,FBDIX,healthcare,2020
2020-04-24,0.010289598912507412,FBDIX,healthcare,2020
2020-04-27,-0.0016245134710159807,FBDIX,healthcare,2020
2020-04-28,-0.015423868157746962,FBDIX,healthcare,2020
2020-04-29,-0.014110026872325673,FBDIX,healthcare,2020
2020-04-30,-0.007971138149511857,FBDIX,healthcare,2020
2020-05-01,-0.005540695347660652,FBDIX,healthcare,2020
2020-05-04,0.02338965301259481,FBDIX,healthcare,2020
2020-05-05,0.008719841140957975,FBDIX,healthcare,2020
2020-05-06,0.006840344524854238,FBDIX,healthcare,2020
2020-05-07,-0.005875459118622957,FBDIX,healthcare,2020
2020-05-08,-0.006498805233441575,FBDIX,healthcare,2020
2020-05-11,0.03425056192276515,FBDIX,healthcare,2020
2020-05-12,0.009017608204712866,FBDIX,healthcare,2020
2020-05-13,-0.004161116065018993,FBDIX,healthcare,2020
2020-05-14,-0.01069222559486944,FBDIX,healthcare,2020
2020-05-15,0.02480417699228338,FBDIX,healthcare,2020
2020-05-18,-0.026372336427694057,FBDIX,healthcare,2020
2020-05-19,0.009885696765721413,FBDIX,healthcare,2020
2020-05-20,0.007129608427240315,FBDIX,healthcare,2020
2020-05-21,-0.00021664695931816053,FBDIX,healthcare,2020
2020-05-22,0.006402380149529469,FBDIX,healthcare,2020
2020-05-26,-0.017098543781811235,FBDIX,healthcare,2020
2020-05-27,-0.01126907520976228,FBDIX,healthcare,2020
2020-05-28,-0.006678962195490986,FBDIX,healthcare,2020
2020-05-29,0.006533171483670987,FBDIX,healthcare,2020
2020-06-01,-0.000978338806685916,FBDIX,healthcare,2020
2020-06-02,-0.00263766484206311,FBDIX,healthcare,2020
2020-06-03,-0.02772997613534728,FBDIX,healthcare,2020
2020-06-04,-0.008919870163276769,FBDIX,healthcare,2020
2020-06-05,-0.021615481529670265,FBDIX,healthcare,2020
2020-06-08,0.004721311283524373,FBDIX,healthcare,2020
2020-06-09,0.007465300430208632,FBDIX,healthcare,2020
2020-06-10,0.0038799464900738335,FBDIX,healthcare,2020
2020-06-11,0.009653498838543467,FBDIX,healthcare,2020
2020-06-12,-0.003020896142779347,FBDIX,healthcare,2020
2020-06-15,0.014140911284440442,FBDIX,healthcare,2020
2020-06-16,0.0026413245557488398,FBDIX,healthcare,2020
2020-06-17,0.009087630519040086,FBDIX,healthcare,2020
2020-06-18,0.0048591178062943685,FBDIX,healthcare,2020
2020-06-19,0.03454130597891273,FBDIX,healthcare,2020
2020-06-22,-0.005263529965669929,FBDIX,healthcare,2020
2020-06-23,0.0006854107553532843,FBDIX,healthcare,2020
2020-06-24,0.0034735574532622944,FBDIX,healthcare,2020
2020-06-25,0.004360822254887807,FBDIX,healthcare,2020
2020-06-26,-0.008560767065054983,FBDIX,healthcare,2020
2020-06-29,-0.021021331289142763,FBDIX,healthcare,2020
2020-06-30,0.0020234716314150736,FBDIX,healthcare,2020
2020-07-01,0.003813730890655927,FBDIX,healthcare,2020
2020-07-02,-0.00042563271057672464,FBDIX,healthcare,2020
2020-07-06,-0.008834969121075472,FBDIX,healthcare,2020
2020-07-07,0.023750274672732823,FBDIX,healthcare,2020
2020-07-08,-0.0033742838319565397,FBDIX,healthcare,2020
2020-07-09,-0.0006919169008007759,FBDIX,healthcare,2020
2020-07-10,-0.01930046450056845,FBDIX,healthcare,2020
2020-07-13,-0.0048985449345295825,FBDIX,healthcare,2020
2020-07-14,0.010407228210157882,FBDIX,healthcare,2020
2020-07-15,0.002921557927055004,FBDIX,healthcare,2020
2020-07-16,-0.0003341982498511948,FBDIX,healthcare,2020
2020-07-17,0.019363333439408298,FBDIX,healthcare,2020
2020-07-20,0.0079025339920196,FBDIX,healthcare,2020
2020-07-21,-0.02705751685118212,FBDIX,healthcare,2020
2020-07-22,-0.00706532891892357,FBDIX,healthcare,2020
2020-07-23,-0.010014910072947358,FBDIX,healthcare,2020
2020-07-24,-0.013848085114494563,FBDIX,healthcare,2020
2020-07-27,0.019454212935006758,FBDIX,healthcare,2020
2020-07-28,-0.010592661547063665,FBDIX,healthcare,2020
2020-07-29,-0.02011782664691708,FBDIX,healthcare,2020
2020-07-30,0.006742977160121242,FBDIX,healthcare,2020
2020-07-31,-0.023966365486045988,FBDIX,healthcare,2020
2020-08-03,0.028494630272956418,FBDIX,healthcare,2020
2020-08-04,-0.00859223709498045,FBDIX,healthcare,2020
2020-08-05,0.001866161504923347,FBDIX,healthcare,2020
2020-08-06,-0.01551474319015529,FBDIX,healthcare,2020
2020-08-07,-0.005682192157799595,FBDIX,healthcare,2020
2020-08-10,-0.015028516210064418,FBDIX,healthcare,2020
2020-08-11,-0.018710172016741314,FBDIX,healthcare,2020
2020-08-12,-0.009643715592780018,FBDIX,healthcare,2020
2020-08-13,0.00830868890246888,FBDIX,healthcare,2020
2020-08-14,-0.0046573754286250045,FBDIX,healthcare,2020
2020-08-17,0.02012379498175441,FBDIX,healthcare,2020
2020-08-18,-0.01080381656571533,FBDIX,healthcare,2020
2020-08-19,-0.004201047012779489,FBDIX,healthcare,2020
2020-08-20,-0.006546745914883155,FBDIX,healthcare,2020
2020-08-21,-0.012834823250863703,FBDIX,healthcare,2020
2020-08-24,-0.02846430592421103,FBDIX,healthcare,2020
2020-08-25,0.009765680837854902,FBDIX,healthcare,2020
2020-08-26,-0.015654991589436187,FBDIX,healthcare,2020
2020-08-27,-0.003932223412381005,FBDIX,healthcare,2020
2020-08-28,0.002282390459835904,FBDIX,healthcare,2020
2020-08-31,0.021539724085803538,FBDIX,healthcare,2020
2020-09-01,-0.02632679941434598,FBDIX,healthcare,2020
2020-09-02,-0.004021371736767762,FBDIX,healthcare,2020
2020-09-03,-0.005181465069794274,FBDIX,healthcare,2020
2020-09-04,-0.0010607255030826313,FBDIX,healthcare,2020
2020-09-08,0.010832064909352016,FBDIX,healthcare,2020
2020-09-09,0.003706423631790228,FBDIX,healthcare,2020
2020-09-10,-0.002212151493045442,FBDIX,healthcare,2020
2020-09-11,0.005652288182574426,FBDIX,healthcare,2020
2020-09-14,0.07381513967312692,FBDIX,healthcare,2020
2020-09-15,0.00333448315286361,FBDIX,healthcare,2020
2020-09-16,0.005559345902114604,FBDIX,healthcare,2020
2020-09-17,0.0029200284823533763,FBDIX,healthcare,2020
2020-09-18,0.012887012492204534,FBDIX,healthcare,2020
2020-09-21,-0.01713240292038084,FBDIX,healthcare,2020
2020-09-22,-0.00064370610363358,FBDIX,healthcare,2020
2020-09-23,0.004653522898725676,FBDIX,healthcare,2020
2020-09-24,-0.012886595158234766,FBDIX,healthcare,2020
2020-09-25,0.0051690757355445215,FBDIX,healthcare,2020
2020-09-28,-0.00827154877543735,FBDIX,healthcare,2020
2020-09-29,0.0036074602134421284,FBDIX,healthcare,2020
2020-09-30,-0.0018237940752970708,FBDIX,healthcare,2020
2020-10-01,0.00043082720696262233,FBDIX,healthcare,2020
2020-10-02,-0.015217160436540318,FBDIX,healthcare,2020
2020-10-05,0.021332877058088284,FBDIX,healthcare,2020
2020-10-06,-0.0002857678349812258,FBDIX,healthcare,2020
2020-10-07,0.007588003005291378,FBDIX,healthcare,2020
2020-10-08,-0.006161270542834581,FBDIX,healthcare,2020
2020-10-09,-0.004634829190377143,FBDIX,healthcare,2020
2020-10-12,-0.008783440968595506,FBDIX,healthcare,2020
2020-10-13,0.011964391791366387,FBDIX,healthcare,2020
2020-10-14,-0.01009802007803743,FBDIX,healthcare,2020
2020-10-15,-0.018242893635114603,FBDIX,healthcare,2020
2020-10-16,0.009716648243055986,FBDIX,healthcare,2020
2020-10-19,-0.003087020987411024,FBDIX,healthcare,2020
2020-10-20,-0.011761244486174818,FBDIX,healthcare,2020
2020-10-21,-0.01694216022165166,FBDIX,healthcare,2020
2020-10-22,0.006727260312516545,FBDIX,healthcare,2020
2020-10-23,-0.00022403960011588633,FBDIX,healthcare,2020
2020-10-26,0.003578936509685488,FBDIX,healthcare,2020
2020-10-27,0.0076995189390619,FBDIX,healthcare,2020
2020-10-28,-0.0008265019230837521,FBDIX,healthcare,2020
2020-10-29,-0.000378581814837433,FBDIX,healthcare,2020
2020-10-30,-0.007366550011298238,FBDIX,healthcare,2020
2020-11-02,-0.010056349709574421,FBDIX,healthcare,2020
2020-11-03,0.0060480115999454655,FBDIX,healthcare,2020
2020-11-04,0.04208089763489984,FBDIX,healthcare,2020
2020-11-05,-0.01826287625354414,FBDIX,healthcare,2020
2020-11-06,-0.028797325580419187,FBDIX,healthcare,2020
2020-11-09,-0.0035774077861118556,FBDIX,healthcare,2020
2020-11-10,-0.004254675939403682,FBDIX,healthcare,2020
2020-11-11,0.002696786634606328,FBDIX,healthcare,2020
2020-11-12,0.006156448332571294,FBDIX,healthcare,2020
2020-11-13,0.002526066501223676,FBDIX,healthcare,2020
2020-11-16,-0.011738168100208023,FBDIX,healthcare,2020
2020-11-17,0.00711794597149454,FBDIX,healthcare,2020
2020-11-18,-0.008369220543445327,FBDIX,healthcare,2020
2020-11-19,-0.001652238901899544,FBDIX,healthcare,2020
2020-11-20,0.013769494609215135,FBDIX,healthcare,2020
2020-11-23,-0.0012660147272831714,FBDIX,healthcare,2020
2020-11-24,-0.014312660226285145,FBDIX,healthcare,2020
2020-11-25,0.003274924405128349,FBDIX,healthcare,2020
2020-11-27,0.022127341039933798,FBDIX,healthcare,2020
2020-11-30,0.009415892522353827,FBDIX,healthcare,2020
2020-12-01,-0.006293852566716654,FBDIX,healthcare,2020
2020-12-02,-0.007323342423535631,FBDIX,healthcare,2020
2020-12-03,0.0018018874937577437,FBDIX,healthcare,2020
2020-12-04,0.002947386412641799,FBDIX,healthcare,2020
2020-12-07,-0.0013173355542058659,FBDIX,healthcare,2020
2020-12-08,0.008709572758905076,FBDIX,healthcare,2020
2020-12-09,-0.003941733365163222,FBDIX,healthcare,2020
2020-12-10,0.01652093071361847,FBDIX,healthcare,2020
2020-12-11,-0.0003804256231530975,FBDIX,healthcare,2020
2020-12-14,0.023822944650814686,FBDIX,healthcare,2020
2020-12-15,-0.014817104883724626,FBDIX,healthcare,2020
2020-12-16,-0.01105259426994729,FBDIX,healthcare,2020
2020-12-17,0.006996227972687514,FBDIX,healthcare,2020
2020-12-18,0.004565553106970833,FBDIX,healthcare,2020
2020-12-21,0.005820300407747934,FBDIX,healthcare,2020
2020-12-22,0.010231499630170287,FBDIX,healthcare,2020
2020-12-23,-0.001068790452975188,FBDIX,healthcare,2020
2020-12-24,-0.009385357110562324,FBDIX,healthcare,2020
2020-12-28,-0.01954969631987097,FBDIX,healthcare,2020
2020-12-29,-0.011918304064526337,FBDIX,healthcare,2020
2020-12-30,0.005750479486733675,FBDIX,healthcare,2020
2021-01-05,-0.005489864697232502,FBDIX,healthcare,2021
2021-01-06,0.007623972467460481,FBDIX,healthcare,2021
2021-01-07,0.021431378506122763,FBDIX,healthcare,2021
2021-01-08,-0.00016556852252558926,FBDIX,healthcare,2021
2021-01-11,0.0004963935257584007,FBDIX,healthcare,2021
2021-01-12,0.002408032685558236,FBDIX,healthcare,2021
2021-01-13,-0.004943164747093809,FBDIX,healthcare,2021
2021-01-14,0.02302214751206022,FBDIX,healthcare,2021
2021-01-15,-1.582109734395154e-05,FBDIX,healthcare,2021
2021-01-19,0.007065388203021293,FBDIX,healthcare,2021
2021-01-20,-0.015892608981011577,FBDIX,healthcare,2021
2021-01-21,-0.013176859544092236,FBDIX,healthcare,2021
2021-01-22,0.012531849999168907,FBDIX,healthcare,2021
2021-01-25,0.01092250164081796,FBDIX,healthcare,2021
2021-01-26,-0.020086048671347834,FBDIX,healthcare,2021
2021-01-27,-0.009524158945301918,FBDIX,healthcare,2021
2021-01-28,-0.007421131613245488,FBDIX,healthcare,2021
2021-01-29,0.02907511145800324,FBDIX,healthcare,2021
2021-02-01,0.00410399777979977,FBDIX,healthcare,2021
2021-02-02,0.012383434658038428,FBDIX,healthcare,2021
2021-02-03,0.01640898965893403,FBDIX,healthcare,2021
2021-02-04,0.007145846841124508,FBDIX,healthcare,2021
2021-02-05,0.014379844190538817,FBDIX,healthcare,2021
2021-02-08,0.016098070470466956,FBDIX,healthcare,2021
2021-02-09,-0.0011712042900372558,FBDIX,healthcare,2021
2021-02-10,-0.007933531390992721,FBDIX,healthcare,2021
2021-02-11,-0.00514881897942002,FBDIX,healthcare,2021
2021-02-12,-0.0012739195700173552,FBDIX,healthcare,2021
2021-02-16,-0.014378025401968838,FBDIX,healthcare,2021
2021-02-17,0.004829733496162217,FBDIX,healthcare,2021
2021-02-18,-0.012449614503359376,FBDIX,healthcare,2021
2021-02-19,0.017777933424238182,FBDIX,healthcare,2021
2021-02-22,-0.016691147190141944,FBDIX,healthcare,2021
2021-02-23,-0.017006650086866783,FBDIX,healthcare,2021
2021-02-24,0.004968646492660369,FBDIX,healthcare,2021
2021-02-25,-0.010932335858657594,FBDIX,healthcare,2021
2021-02-26,0.006391332327312912,FBDIX,healthcare,2021
2021-03-01,-0.0010954988387597009,FBDIX,healthcare,2021
2021-03-02,-0.00900235009549936,FBDIX,healthcare,2021
2021-03-03,-0.01833793544409112,FBDIX,healthcare,2021
2021-03-04,-0.021754480942137642,FBDIX,healthcare,2021
2021-03-05,0.0068089649671488235,FBDIX,healthcare,2021
2021-03-08,-0.01278342163781727,FBDIX,healthcare,2021
2021-03-09,0.017663108635744808,FBDIX,healthcare,2021
2021-03-10,-0.0058082873648589856,FBDIX,healthcare,2021
2021-03-11,0.02322040116824551,FBDIX,healthcare,2021
2021-03-12,0.0003216378448280654,FBDIX,healthcare,2021
2021-03-15,0.002768397803443871,FBDIX,healthcare,2021
2021-03-16,-0.005424668163877723,FBDIX,healthcare,2021
2021-03-17,0.005167009654181233,FBDIX,healthcare,2021
2021-03-18,-0.018201866936198238,FBDIX,healthcare,2021
2021-03-19,0.022613804407717337,FBDIX,healthcare,2021
2021-03-22,0.0035467791121868274,FBDIX,healthcare,2021
2021-03-23,-0.033414131883973505,FBDIX,healthcare,2021
2021-03-24,-0.029682013529107026,FBDIX,healthcare,2021
2021-03-25,0.0051761052877830685,FBDIX,healthcare,2021
2021-03-26,-0.014748692141883834,FBDIX,healthcare,2021
2021-03-29,-0.01587620884037763,FBDIX,healthcare,2021
2021-03-30,0.004128258943422262,FBDIX,healthcare,2021
2021-03-31,0.026803026850813254,FBDIX,healthcare,2021
2021-04-01,0.002341634356087462,FBDIX,healthcare,2021
2021-04-05,-0.006241057350168078,FBDIX,healthcare,2021
2021-04-06,-0.009690403920086743,FBDIX,healthcare,2021
2021-04-07,-0.01483056164127551,FBDIX,healthcare,2021
2021-04-08,0.0012913589108109443,FBDIX,healthcare,2021
2021-04-09,-0.014970696100828445,FBDIX,healthcare,2021
2021-04-12,-0.01924064269805504,FBDIX,healthcare,2021
2021-04-13,0.012611776208076911,FBDIX,healthcare,2021
2021-04-14,0.021204196998875234,FBDIX,healthcare,2021
2021-04-15,0.0034820538797321523,FBDIX,healthcare,2021
2021-04-16,-0.004535817848008672,FBDIX,healthcare,2021
2021-04-19,-0.009124118793997753,FBDIX,healthcare,2021
2021-04-20,0.0063969880131423545,FBDIX,healthcare,2021
2021-04-21,0.011630547638270677,FBDIX,healthcare,2021
2021-04-22,0.00994859133802658,FBDIX,healthcare,2021
2021-04-23,-0.009731804504390328,FBDIX,healthcare,2021
2021-04-26,0.025602558155500686,FBDIX,healthcare,2021
2021-04-27,0.000685525246559588,FBDIX,healthcare,2021
2021-04-28,-0.002084712813790186,FBDIX,healthcare,2021
2021-04-29,-0.012442131882006682,FBDIX,healthcare,2021
2021-04-30,0.0051644299276952434,FBDIX,healthcare,2021
2021-05-03,-0.00841428860788657,FBDIX,healthcare,2021
2021-05-04,-0.025490972208714064,FBDIX,healthcare,2021
2021-05-05,-0.006348686575075108,FBDIX,healthcare,2021
2021-05-06,-0.011498518511889426,FBDIX,healthcare,2021
2021-05-07,-0.0005025386572508938,FBDIX,healthcare,2021
2021-05-10,-0.010328025262071156,FBDIX,healthcare,2021
2021-05-11,0.009516206984374186,FBDIX,healthcare,2021
2021-05-12,0.010359206892651598,FBDIX,healthcare,2021
2021-05-13,-0.019260804689140848,FBDIX,healthcare,2021
2021-05-14,0.0063556008093218035,FBDIX,healthcare,2021
2021-05-17,0.011937709188342202,FBDIX,healthcare,2021
2021-05-18,0.014334988536203741,FBDIX,healthcare,2021
2021-05-19,-0.016165495727212167,FBDIX,healthcare,2021
2021-05-20,0.01634047667954204,FBDIX,healthcare,2021
2021-05-21,-0.0030664030113443756,FBDIX,healthcare,2021
2021-05-24,-0.014908779448748338,FBDIX,healthcare,2021
2021-05-25,-0.0018901844003637687,FBDIX,healthcare,2021
2021-05-26,0.0059429561270078,FBDIX,healthcare,2021
2021-05-27,0.009955652068427728,FBDIX,healthcare,2021
2021-05-28,0.0016102354457642714,FBDIX,healthcare,2021
2021-06-01,-0.005484383332629227,FBDIX,healthcare,2021
2021-06-02,0.002858357693205345,FBDIX,healthcare,2021
2021-06-03,0.0031844428964424624,FBDIX,healthcare,2021
2021-06-04,0.00441049451470105,FBDIX,healthcare,2021
2021-06-07,0.04241480948562678,FBDIX,healthcare,2021
2021-06-08,0.0037477524516968883,FBDIX,healthcare,2021
2021-06-09,0.015852464937069693,FBDIX,healthcare,2021
2021-06-10,0.016830010689638034,FBDIX,healthcare,2021
2021-06-11,-0.004691740297182616,FBDIX,healthcare,2021
2021-06-14,0.004348464144129892,FBDIX,healthcare,2021
2021-06-15,-0.012990641419015198,FBDIX,healthcare,2021
2021-06-16,0.001421666728071828,FBDIX,healthcare,2021
2021-06-17,0.004385768073383745,FBDIX,healthcare,2021
2021-06-18,0.005322690365071058,FBDIX,healthcare,2021
2021-06-21,-0.00844377559268027,FBDIX,healthcare,2021
2021-06-22,-0.009265217701428751,FBDIX,healthcare,2021
2021-06-23,0.00029905476225590205,FBDIX,healthcare,2021
2021-06-24,0.007601542779778194,FBDIX,healthcare,2021
2021-06-25,0.008903719148202266,FBDIX,healthcare,2021
2021-06-28,-0.003188871815952227,FBDIX,healthcare,2021
2021-06-29,-0.0071784776934256354,FBDIX,healthcare,2021
2021-06-30,0.004081915675223669,FBDIX,healthcare,2021
2021-07-01,0.014637672177968266,FBDIX,healthcare,2021
2021-07-02,-0.00293794972952107,FBDIX,healthcare,2021
2021-07-06,-0.00801355955959674,FBDIX,healthcare,2021
2021-07-07,-0.014905794205830901,FBDIX,healthcare,2021
2021-07-08,0.01208270718150222,FBDIX,healthcare,2021
2021-07-09,0.0013317234353139445,FBDIX,healthcare,2021
2021-07-12,-0.009498695233041794,FBDIX,healthcare,2021
2021-07-13,-0.005300772307356798,FBDIX,healthcare,2021
2021-07-14,-0.021870303884517498,FBDIX,healthcare,2021
2021-07-15,-0.00043878220795611107,FBDIX,healthcare,2021
2021-07-16,0.0114757809196292,FBDIX,healthcare,2021
2021-07-19,0.015853939651272755,FBDIX,healthcare,2021
2021-07-20,0.005148967090625485,FBDIX,healthcare,2021
2021-07-21,-0.0005825594349104955,FBDIX,healthcare,2021
2021-07-22,-0.006291857414465455,FBDIX,healthcare,2021
2021-07-23,-0.009816256033796279,FBDIX,healthcare,2021
2021-07-26,-0.02345810620136695,FBDIX,healthcare,2021
2021-07-27,-0.006061523767341895,FBDIX,healthcare,2021
2021-07-28,0.02347221056486815,FBDIX,healthcare,2021
2021-07-29,-0.014389957709877763,FBDIX,healthcare,2021
2021-07-30,-0.002560838563155982,FBDIX,healthcare,2021
2021-08-02,0.007192335767159139,FBDIX,healthcare,2021
2021-08-03,0.003483436719461855,FBDIX,healthcare,2021
2021-08-04,0.012333054820548053,FBDIX,healthcare,2021
2021-08-05,0.019781273260386777,FBDIX,healthcare,2021
2021-08-06,-0.017848829997753883,FBDIX,healthcare,2021
2021-08-09,0.010245689027718692,FBDIX,healthcare,2021
2021-08-10,-0.01310299657970374,FBDIX,healthcare,2021
2021-08-11,-0.011984035700043983,FBDIX,healthcare,2021
2021-08-12,0.0009644093842858857,FBDIX,healthcare,2021
2021-08-13,-0.00029693780854608425,FBDIX,healthcare,2021
2021-08-16,-0.015307389271157356,FBDIX,healthcare,2021
2021-08-17,0.021251265502691,FBDIX,healthcare,2021
2021-08-18,-0.004712523164703952,FBDIX,healthcare,2021
2021-08-19,-0.023447632055633216,FBDIX,healthcare,2021
2021-08-20,0.011180956813952765,FBDIX,healthcare,2021
2021-08-23,0.03733123184435264,FBDIX,healthcare,2021
2021-08-24,-0.0015323339780669734,FBDIX,healthcare,2021
2021-08-25,0.006955769533662214,FBDIX,healthcare,2021
2021-08-26,0.0025757579106533207,FBDIX,healthcare,2021
2021-08-27,0.005683952483507122,FBDIX,healthcare,2021
2021-08-30,-0.0010925240681834878,FBDIX,healthcare,2021
2021-08-31,0.010643793294356989,FBDIX,healthcare,2021
2021-09-01,0.01506711591821217,FBDIX,healthcare,2021
2021-09-02,0.011519095418346212,FBDIX,healthcare,2021
2021-09-03,-0.007730605074116894,FBDIX,healthcare,2021
2021-09-07,-0.0034667947618973417,FBDIX,healthcare,2021
2021-09-08,-0.007461417899195393,FBDIX,healthcare,2021
2021-09-09,0.002982764478052651,FBDIX,healthcare,2021
2021-09-10,-0.0019067470799232211,FBDIX,healthcare,2021
2021-09-13,-0.011245551965498545,FBDIX,healthcare,2021
2021-09-14,7.074596173959648e-05,FBDIX,healthcare,2021
2021-09-15,0.0048745704731165615,FBDIX,healthcare,2021
2021-09-16,0.007634839285334297,FBDIX,healthcare,2021
2021-09-17,0.024056895108598826,FBDIX,healthcare,2021
2021-09-20,-0.00874634724020178,FBDIX,healthcare,2021
2021-09-21,0.013929048701533218,FBDIX,healthcare,2021
2021-09-22,-0.006036361495118528,FBDIX,healthcare,2021
2021-09-23,0.005760707985467026,FBDIX,healthcare,2021
2021-09-24,-0.015518206508639592,FBDIX,healthcare,2021
2021-09-27,0.005060245407845946,FBDIX,healthcare,2021
2021-09-28,-0.007728451877268668,FBDIX,healthcare,2021
2021-09-29,-0.009999690023540285,FBDIX,healthcare,2021
2021-09-30,0.01549784626629603,FBDIX,healthcare,2021
2021-10-01,-0.017399402164620978,FBDIX,healthcare,2021
2021-10-04,-0.006383885668258952,FBDIX,healthcare,2021
2021-10-05,-0.010004884354623989,FBDIX,healthcare,2021
2021-10-06,-0.008318574093287042,FBDIX,healthcare,2021
2021-10-07,0.0071677372638960695,FBDIX,healthcare,2021
2021-10-08,-0.005074251530276604,FBDIX,healthcare,2021
2021-10-11,0.009152197476235663,FBDIX,healthcare,2021
2021-10-12,0.0075675259495903546,FBDIX,healthcare,2021
2021-10-13,-0.001224044560213074,FBDIX,healthcare,2021
2021-10-14,-0.0061475956552139764,FBDIX,healthcare,2021
2021-10-15,-0.009415193017510093,FBDIX,healthcare,2021
2021-10-18,-0.01634668895054917,FBDIX,healthcare,2021
2021-10-19,0.002916489000526409,FBDIX,healthcare,2021
2021-10-20,-0.004916455826820161,FBDIX,healthcare,2021
2021-10-21,0.006078842389626882,FBDIX,healthcare,2021
2021-10-22,0.0013037698537814901,FBDIX,healthcare,2021
2021-10-25,0.0009972314913009334,FBDIX,healthcare,2021
2021-10-26,0.00037962252264880296,FBDIX,healthcare,2021
2021-10-27,-0.006539402359208199,FBDIX,healthcare,2021
2021-10-28,0.014655394850929399,FBDIX,healthcare,2021
2021-10-29,-0.0005556324305547877,FBDIX,healthcare,2021
2021-11-01,0.014886838637379737,FBDIX,healthcare,2021
2021-11-02,0.007686259413356312,FBDIX,healthcare,2021
2021-11-03,0.012807444722314588,FBDIX,healthcare,2021
2021-11-04,-0.01458952832989973,FBDIX,healthcare,2021
2021-11-05,-0.03206467192618944,FBDIX,healthcare,2021
2021-11-08,-0.0037879512886347137,FBDIX,healthcare,2021
2021-11-09,0.0004852555387719771,FBDIX,healthcare,2021
2021-11-10,-0.011975069469438819,FBDIX,healthcare,2021
2021-11-11,-0.0017601997035126982,FBDIX,healthcare,2021
2021-11-12,-0.007242846869868619,FBDIX,healthcare,2021
2021-11-15,-0.012421010233538206,FBDIX,healthcare,2021
2021-11-16,0.0006820253770337822,FBDIX,healthcare,2021
2021-11-17,0.0009142093478024301,FBDIX,healthcare,2021
2021-11-18,-0.0069710096779605196,FBDIX,healthcare,2021
2021-11-19,0.007058853187603751,FBDIX,healthcare,2021
2021-11-22,-0.008859260557537607,FBDIX,healthcare,2021
2021-11-23,-0.00373832618574289,FBDIX,healthcare,2021
2021-11-24,0.0028635729244672788,FBDIX,healthcare,2021
2021-11-26,0.009421904302799438,FBDIX,healthcare,2021
2021-11-29,-0.011037488665270469,FBDIX,healthcare,2021
2021-11-30,0.016751617970981948,FBDIX,healthcare,2021
2021-12-01,-0.006930210010414918,FBDIX,healthcare,2021
2021-12-02,-0.0032608568921466997,FBDIX,healthcare,2021
2021-12-03,-0.021343294464664694,FBDIX,healthcare,2021
2021-12-06,-0.017198717863353502,FBDIX,healthcare,2021
2021-12-07,0.02353191606279173,FBDIX,healthcare,2021
2021-12-08,0.012751224988492002,FBDIX,healthcare,2021
2021-12-09,-0.01804871260589049,FBDIX,healthcare,2021
2021-12-10,-0.01736205373457926,FBDIX,healthcare,2021
2021-12-13,0.015643914554700947,FBDIX,healthcare,2021
2021-12-14,-0.0007199174308448256,FBDIX,healthcare,2021
2021-12-15,0.012240376565552078,FBDIX,healthcare,2021
2021-12-16,-0.007399656999382937,FBDIX,healthcare,2021
2021-12-17,0.03852055461491866,FBDIX,healthcare,2021
2021-12-20,0.010461887929295394,FBDIX,healthcare,2021
2021-12-21,0.0008005932382419458,FBDIX,healthcare,2021
2021-12-22,-0.0006048058404677864,FBDIX,healthcare,2021
2021-12-23,0.007047126631526389,FBDIX,healthcare,2021
2021-12-27,-0.02221298928955962,FBDIX,healthcare,2021
2021-12-28,-0.004122974833453338,FBDIX,healthcare,2021
2021-12-29,0.0014102334616451061,FBDIX,healthcare,2021
2021-12-30,0.007187308280931216,FBDIX,healthcare,2021
2022-01-04,-0.023280660766096813,FBDIX,healthcare,2022
2022-01-05,-0.02010826915504842,FBDIX,healthcare,2022
2022-01-06,-0.006289692826135951,FBDIX,healthcare,2022
2022-01-07,-0.009228844001011465,FBDIX,healthcare,2022
2022-01-10,-0.0007549450322774144,FBDIX,healthcare,2022
2022-01-11,0.008378905515926105,FBDIX,healthcare,2022
2022-01-12,-0.02124764149580969,FBDIX,healthcare,2022
2022-01-13,-0.005888266107272307,FBDIX,healthcare,2022
2022-01-14,0.01472880902722881,FBDIX,healthcare,2022
2022-01-18,-0.02021960480520579,FBDIX,healthcare,2022
2022-01-19,0.012260947168418714,FBDIX,healthcare,2022
2022-01-20,-0.006442038614065386,FBDIX,healthcare,2022
2022-01-21,0.006484179792273578,FBDIX,healthcare,2022
2022-01-24,0.00771996205251768,FBDIX,healthcare,2022
2022-01-25,-0.0010704985162451452,FBDIX,healthcare,2022
2022-01-26,-0.006446023243676376,FBDIX,healthcare,2022
2022-01-27,-0.015148817943824909,FBDIX,healthcare,2022
2022-01-28,0.008119891478868654,FBDIX,healthcare,2022
2022-01-31,0.012763115902100167,FBDIX,healthcare,2022
2022-02-01,0.007288558772451089,FBDIX,healthcare,2022
2022-02-02,-0.024594663739957875,FBDIX,healthcare,2022
2022-02-03,0.0028939406837742605,FBDIX,healthcare,2022
2022-02-04,0.0071942124575981046,FBDIX,healthcare,2022
2022-02-07,0.015235490668182838,FBDIX,healthcare,2022
2022-02-08,-0.007578165599307735,FBDIX,healthcare,2022
2022-02-09,0.01359917848859314,FBDIX,healthcare,2022
2022-02-10,-0.008414623558784029,FBDIX,healthcare,2022
2022-02-11,0.007911674540617239,FBDIX,healthcare,2022
2022-02-14,-0.012253093061814392,FBDIX,healthcare,2022
2022-02-15,0.011500673030132434,FBDIX,healthcare,2022
2022-02-16,-0.012253628219241534,FBDIX,healthcare,2022
2022-02-17,-0.007225916188349935,FBDIX,healthcare,2022
2022-02-18,-0.009604730947399002,FBDIX,healthcare,2022
2022-02-22,0.0024847083398929137,FBDIX,healthcare,2022
2022-02-23,-0.008057558904990103,FBDIX,healthcare,2022
2022-02-24,0.007392397529672601,FBDIX,healthcare,2022
2022-02-25,-0.0026656375684765386,FBDIX,healthcare,2022
2022-02-28,0.003390387770745979,FBDIX,healthcare,2022
2022-03-01,0.006756064875635484,FBDIX,healthcare,2022
2022-03-02,-0.009501485541639241,FBDIX,healthcare,2022
2022-03-03,-0.010292276888675641,FBDIX,healthcare,2022
2022-03-04,-0.005597548488235533,FBDIX,healthcare,2022
2022-03-07,0.017881599569694106,FBDIX,healthcare,2022
2022-03-08,0.012012553165774004,FBDIX,healthcare,2022
2022-03-09,0.007490354567567994,FBDIX,healthcare,2022
2022-03-10,-0.0016062364934014868,FBDIX,healthcare,2022
2022-03-11,-0.0070130692338079195,FBDIX,healthcare,2022
2022-03-14,-0.007967428322099668,FBDIX,healthcare,2022
2022-03-15,-0.004518222808756554,FBDIX,healthcare,2022
2022-03-16,0.015116836156601834,FBDIX,healthcare,2022
2022-03-17,0.00932920573701138,FBDIX,healthcare,2022
2022-03-18,0.00504102527952492,FBDIX,healthcare,2022
2022-03-21,-0.01657470586544165,FBDIX,healthcare,2022
2022-03-22,0.011032543073876275,FBDIX,healthcare,2022
2022-03-23,-0.007811528636360839,FBDIX,healthcare,2022
2022-03-24,-0.00019471238427031488,FBDIX,healthcare,2022
2022-03-25,-0.016395133117269985,FBDIX,healthcare,2022
2022-03-28,-0.006670794375222258,FBDIX,healthcare,2022
2022-03-29,0.013161575044380607,FBDIX,healthcare,2022
2022-03-30,-0.009890582492133027,FBDIX,healthcare,2022
2022-03-31,0.014996714353646655,FBDIX,healthcare,2022
2022-04-01,0.021446797173374558,FBDIX,healthcare,2022
2022-04-04,0.006644411138106399,FBDIX,healthcare,2022
2022-04-05,0.0036729971491551794,FBDIX,healthcare,2022
2022-04-06,0.017685076373071658,FBDIX,healthcare,2022
2022-04-07,0.00130456173494377,FBDIX,healthcare,2022
2022-04-08,0.0006377294626751925,FBDIX,healthcare,2022
2022-04-11,-0.008238569557120845,FBDIX,healthcare,2022
2022-04-12,0.0005559094263086085,FBDIX,healthcare,2022
2022-04-13,0.016114549536174708,FBDIX,healthcare,2022
2022-04-14,0.0018420021738998343,FBDIX,healthcare,2022
2022-04-18,-0.028528367887319758,FBDIX,healthcare,2022
2022-04-19,-0.007096144140724969,FBDIX,healthcare,2022
2022-04-20,0.003010851597755145,FBDIX,healthcare,2022
2022-04-21,-0.015732278969740138,FBDIX,healthcare,2022
2022-04-22,0.001659251813744829,FBDIX,healthcare,2022
2022-04-25,0.007037734867244489,FBDIX,healthcare,2022
2022-04-26,-0.014459877830191804,FBDIX,healthcare,2022
2022-04-27,-0.009036347667149463,FBDIX,healthcare,2022
2022-04-28,-0.024744173400836005,FBDIX,healthcare,2022
2022-04-29,0.014172106208657866,FBDIX,healthcare,2022
2022-05-02,0.006865354522076951,FBDIX,healthcare,2022
2022-05-03,-0.004511145023822248,FBDIX,healthcare,2022
2022-05-04,-0.01757781625285146,FBDIX,healthcare,2022
2022-05-05,-0.005949774175003662,FBDIX,healthcare,2022
2022-05-06,-0.04086630492408763,FBDIX,healthcare,2022
2022-05-09,-0.035667381363598386,FBDIX,healthcare,2022
2022-05-10,0.03850441614550253,FBDIX,healthcare,2022
2022-05-11,-0.02282296985127124,FBDIX,healthcare,2022
2022-05-12,0.021899436589194608,FBDIX,healthcare,2022
2022-05-13,0.017794696439847057,FBDIX,healthcare,2022
2022-05-16,0.01339387849360914,FBDIX,healthcare,2022
2022-05-17,0.010802435058240276,FBDIX,healthcare,2022
2022-05-18,0.0033386674979101957,FBDIX,healthcare,2022
2022-05-19,0.01341058724849395,FBDIX,healthcare,2022
2022-05-20,0.009854738577758588,FBDIX,healthcare,2022
2022-05-23,-0.016754684919415567,FBDIX,healthcare,2022
2022-05-24,-0.010392267798696493,FBDIX,healthcare,2022
2022-05-25,-0.004785562085544302,FBDIX,healthcare,2022
2022-05-26,-0.01269509553676582,FBDIX,healthcare,2022
2022-05-27,-0.015985129600109674,FBDIX,healthcare,2022
2022-05-31,-0.019327430504059474,FBDIX,healthcare,2022
2022-06-01,-0.005077850595088302,FBDIX,healthcare,2022
2022-06-02,-0.010759685694469796,FBDIX,healthcare,2022
2022-06-03,0.02378795354539915,FBDIX,healthcare,2022
2022-06-06,-0.022759112135762587,FBDIX,healthcare,2022
2022-06-07,0.022868428162913824,FBDIX,healthcare,2022
2022-06-08,0.014286171441826472,FBDIX,healthcare,2022
2022-06-09,-0.013297754288322507,FBDIX,healthcare,2022
2022-06-10,-0.002694752249045515,FBDIX,healthcare,2022
2022-06-13,0.0015336395917684084,FBDIX,healthcare,2022
2022-06-14,0.006915707787550058,FBDIX,healthcare,2022
2022-06-15,0.010453330933155215,FBDIX,healthcare,2022
2022-06-16,0.006294283421747808,FBDIX,healthcare,2022
2022-06-17,0.03883416130091369,FBDIX,healthcare,2022
2022-06-21,0.004658868753022398,FBDIX,healthcare,2022
2022-06-22,0.007652915770371907,FBDIX,healthcare,2022
2022-06-23,0.02951046165056071,FBDIX,healthcare,2022
2022-06-24,-0.014692144854962898,FBDIX,healthcare,2022
2022-06-27,0.006999941843955224,FBDIX,healthcare,2022
2022-06-28,-0.0034219172489601234,FBDIX,healthcare,2022
2022-06-29,0.011091366919279658,FBDIX,healthcare,2022
2022-06-30,-0.0027048127318099312,FBDIX,healthcare,2022
2022-07-01,0.009120362818772567,FBDIX,healthcare,2022
2022-07-05,0.01804568907025424,FBDIX,healthcare,2022
2022-07-06,-0.003237105190220745,FBDIX,healthcare,2022
2022-07-07,0.0049633257276813225,FBDIX,healthcare,2022
2022-07-08,0.006474475692677166,FBDIX,healthcare,2022
2022-07-11,-0.00860260871128021,FBDIX,healthcare,2022
2022-07-12,0.0032315269438811514,FBDIX,healthcare,2022
2022-07-13,0.007221266289398561,FBDIX,healthcare,2022
2022-07-14,-0.007978699709893334,FBDIX,healthcare,2022
2022-07-15,-0.0019618477670928537,FBDIX,healthcare,2022
2022-07-18,-0.016472560199502388,FBDIX,healthcare,2022
2022-07-19,0.0024056354294779356,FBDIX,healthcare,2022
2022-07-20,-0.005821700161179023,FBDIX,healthcare,2022
2022-07-21,-0.005171527439270285,FBDIX,healthcare,2022
2022-07-22,-0.014725350434801391,FBDIX,healthcare,2022
2022-07-25,-0.001991270181312133,FBDIX,healthcare,2022
2022-07-26,0.013331298413304904,FBDIX,healthcare,2022
2022-07-27,-0.014018041112429245,FBDIX,healthcare,2022
2022-07-28,-0.015042376595113158,FBDIX,healthcare,2022
2022-07-29,-0.020982312146340658,FBDIX,healthcare,2022
2022-08-01,-0.017162016890608152,FBDIX,healthcare,2022
2022-08-02,0.02105906312166718,FBDIX,healthcare,2022
2022-08-03,-0.00018105787716962696,FBDIX,healthcare,2022
2022-08-04,0.022536483742660242,FBDIX,healthcare,2022
2022-08-05,0.03069608427587796,FBDIX,healthcare,2022
2022-08-08,0.011209518317481057,FBDIX,healthcare,2022
2022-08-09,-0.011068219945011896,FBDIX,healthcare,2022
2022-08-10,0.0022164256550733577,FBDIX,healthcare,2022
2022-08-11,-0.014984678736552876,FBDIX,healthcare,2022
2022-08-12,-0.002317132857393961,FBDIX,healthcare,2022
2022-08-15,0.00751617438710469,FBDIX,healthcare,2022
2022-08-16,-0.01696025824297028,FBDIX,healthcare,2022
2022-08-17,-0.010824905530135707,FBDIX,healthcare,2022
2022-08-18,-0.008971611414381641,FBDIX,healthcare,2022
2022-08-19,0.004491879661439259,FBDIX,healthcare,2022
2022-08-22,0.002443325167880109,FBDIX,healthcare,2022
2022-08-23,0.003968590457005424,FBDIX,healthcare,2022
2022-08-24,0.014275763495337566,FBDIX,healthcare,2022
2022-08-25,-0.014262900137755356,FBDIX,healthcare,2022
2022-08-26,-0.0028600909662122517,FBDIX,healthcare,2022
2022-08-29,-0.0014212721036810892,FBDIX,healthcare,2022
2022-08-30,-0.0012024785930099136,FBDIX,healthcare,2022
2022-08-31,0.01643385606033462,FBDIX,healthcare,2022
2022-09-01,0.015280603318489471,FBDIX,healthcare,2022
2022-09-02,-0.004982878549779874,FBDIX,healthcare,2022
2022-09-06,-0.007718794087232414,FBDIX,healthcare,2022
2022-09-07,0.010664548789562574,FBDIX,healthcare,2022
2022-09-08,0.02404587915670735,FBDIX,healthcare,2022
2022-09-09,-0.0025949858954803402,FBDIX,healthcare,2022
2022-09-12,-0.006869676170150921,FBDIX,healthcare,2022
2022-09-13,0.004349819351168252,FBDIX,healthcare,2022
2022-09-14,0.0037337983038784666,FBDIX,healthcare,2022
2022-09-15,0.012225130460340558,FBDIX,healthcare,2022
2022-09-16,-0.0073097873958857165,FBDIX,healthcare,2022
2022-09-19,-0.0159916546219927,FBDIX,healthcare,2022
2022-09-20,0.0017243153271392607,FBDIX,healthcare,2022
2022-09-21,-0.012453354611739997,FBDIX,healthcare,2022
2022-09-22,0.0008699733275313003,FBDIX,healthcare,2022
2022-09-23,-0.0006986825187686608,FBDIX,healthcare,2022
2022-09-26,-0.00718657013463719,FBDIX,healthcare,2022
2022-09-27,0.01731537115325547,FBDIX,healthcare,2022
2022-09-28,0.026811930337976814,FBDIX,healthcare,2022
2022-09-29,0.004205055362003211,FBDIX,healthcare,2022
2022-09-30,0.014524251006177664,FBDIX,healthcare,2022
2022-10-03,-0.011269481072525515,FBDIX,healthcare,2022
2022-10-04,0.0003370912795948103,FBDIX,healthcare,2022
2022-10-05,0.002731873271223495,FBDIX,healthcare,2022
2022-10-06,0.0062412142460607474,FBDIX,healthcare,2022
2022-10-07,-0.002520796214939308,FBDIX,healthcare,2022
2022-10-10,-0.00384463090411091,FBDIX,healthcare,2022
2022-10-11,0.009443761879681784,FBDIX,healthcare,2022
2022-10-12,0.004725036882923712,FBDIX,healthcare,2022
2022-10-13,-0.005785696969613483,FBDIX,healthcare,2022
2022-10-14,0.001965705126066468,FBDIX,healthcare,2022
2022-10-17,-0.0012861892618254989,FBDIX,healthcare,2022
2022-10-18,-0.012380452073464774,FBDIX,healthcare,2022
2022-10-19,-0.02849232475058564,FBDIX,healthcare,2022
2022-10-20,0.0009440355597802631,FBDIX,healthcare,2022
2022-10-21,-0.0005730166041574697,FBDIX,healthcare,2022
2022-10-24,-0.0069969903152367185,FBDIX,healthcare,2022
2022-10-25,0.00476823946941406,FBDIX,healthcare,2022
2022-10-26,0.01380182070897439,FBDIX,healthcare,2022
2022-10-27,-0.010357709336325759,FBDIX,healthcare,2022
2022-10-28,0.006542427111883582,FBDIX,healthcare,2022
2022-10-31,-0.0004992868308715068,FBDIX,healthcare,2022
2022-11-01,0.009348891101014733,FBDIX,healthcare,2022
2022-11-02,0.009112216192631755,FBDIX,healthcare,2022
2022-11-03,0.012858822735120486,FBDIX,healthcare,2022
2022-11-04,-0.01232742453886261,FBDIX,healthcare,2022
2022-11-07,-0.007911385343357152,FBDIX,healthcare,2022
2022-11-08,0.0012871375729532255,FBDIX,healthcare,2022
2022-11-09,0.003736811694387063,FBDIX,healthcare,2022
2022-11-10,-0.011873091602744835,FBDIX,healthcare,2022
2022-11-11,-0.01092754542863811,FBDIX,healthcare,2022
2022-11-14,0.0019815354893884755,FBDIX,healthcare,2022
2022-11-15,-0.005405973985328781,FBDIX,healthcare,2022
2022-11-16,-0.0027553462597095747,FBDIX,healthcare,2022
2022-11-17,0.002996981669396085,FBDIX,healthcare,2022
2022-11-18,0.008105047133584984,FBDIX,healthcare,2022
2022-11-21,-0.0021889423495682647,FBDIX,healthcare,2022
2022-11-22,0.0035104315861096066,FBDIX,healthcare,2022
2022-11-23,-0.00844133342244863,FBDIX,healthcare,2022
2022-11-25,0.0032282719513135943,FBDIX,healthcare,2022
2022-11-28,0.006494672664022864,FBDIX,healthcare,2022
2022-11-29,-0.0029574888448990044,FBDIX,healthcare,2022
2022-11-30,0.01457966563805602,FBDIX,healthcare,2022
2022-12-01,0.000802578807690052,FBDIX,healthcare,2022
2022-12-02,0.012819987332850351,FBDIX,healthcare,2022
2022-12-05,-0.0070366217451547294,FBDIX,healthcare,2022
2022-12-06,-0.010230082876498308,FBDIX,healthcare,2022
2022-12-07,0.010392983640735173,FBDIX,healthcare,2022
2022-12-08,-0.0017133995203685824,FBDIX,healthcare,2022
2022-12-09,-0.010796760848893423,FBDIX,healthcare,2022
2022-12-12,0.0022227259231206078,FBDIX,healthcare,2022
2022-12-13,0.0023504237457017503,FBDIX,healthcare,2022
2022-12-14,0.009862447894270172,FBDIX,healthcare,2022
2022-12-15,0.005419605288485667,FBDIX,healthcare,2022
2022-12-16,0.0015372274682119262,FBDIX,healthcare,2022
2022-12-19,-0.01068902134042998,FBDIX,healthcare,2022
2022-12-20,0.009906117389472287,FBDIX,healthcare,2022
2022-12-21,-0.004629768407515181,FBDIX,healthcare,2022
2022-12-22,0.011998327169747617,FBDIX,healthcare,2022
2022-12-23,-0.020924081899607438,FBDIX,healthcare,2022
2022-12-27,-0.013903620363860402,FBDIX,healthcare,2022
2022-12-28,0.011865901766944556,FBDIX,healthcare,2022
2022-12-29,0.00557892306214007,FBDIX,healthcare,2022
2022-12-30,0.006541979802153359,FBDIX,healthcare,2022
2023-01-04,0.004203496308934763,FBDIX,healthcare,2023
2023-01-05,0.00809474263849201,FBDIX,healthcare,2023
2023-01-06,-0.007588478244049488,FBDIX,healthcare,2023
2023-01-09,-0.011871882931856257,FBDIX,healthcare,2023
2023-01-10,0.009161735936601155,FBDIX,healthcare,2023
2023-01-11,-0.002013929052568972,FBDIX,healthcare,2023
2023-01-12,0.011800374642107451,FBDIX,healthcare,2023
2023-01-13,0.0020346720895086903,FBDIX,healthcare,2023
2023-01-17,0.003263064546257532,FBDIX,healthcare,2023
2023-01-18,0.0041463732430833,FBDIX,healthcare,2023
2023-01-19,-0.0007454604246324619,FBDIX,healthcare,2023
2023-01-20,-0.00409382371064182,FBDIX,healthcare,2023
2023-01-23,0.000360846557985732,FBDIX,healthcare,2023
2023-01-24,0.004801704280259909,FBDIX,healthcare,2023
2023-01-25,-0.0015574681529518563,FBDIX,healthcare,2023
2023-01-26,-0.0062596158197060275,FBDIX,healthcare,2023
2023-01-27,-0.0008208861186188365,FBDIX,healthcare,2023
2023-01-30,-0.0025905941421510686,FBDIX,healthcare,2023
2023-01-31,0.0012059523838491657,FBDIX,healthcare,2023
2023-02-01,-0.010057350301588639,FBDIX,healthcare,2023
2023-02-02,-0.014854279461392887,FBDIX,healthcare,2023
2023-02-03,0.004497272683056559,FBDIX,healthcare,2023
2023-02-06,0.0018140059154141412,FBDIX,healthcare,2023
2023-02-07,-0.005697414330744258,FBDIX,healthcare,2023
2023-02-08,-0.014261137869003779,FBDIX,healthcare,2023
2023-02-09,0.008278790952331104,FBDIX,healthcare,2023
2023-02-10,-0.0018225586515978971,FBDIX,healthcare,2023
2023-02-13,-0.0004954683252648331,FBDIX,healthcare,2023
2023-02-14,-0.001841193232306513,FBDIX,healthcare,2023
2023-02-15,-0.0029774796716827007,FBDIX,healthcare,2023
2023-02-16,-0.001570743237459567,FBDIX,healthcare,2023
2023-02-17,0.01811021529251782,FBDIX,healthcare,2023
2023-02-21,-0.00867782311002086,FBDIX,healthcare,2023
2023-02-22,0.0019551763495853003,FBDIX,healthcare,2023
2023-02-23,-0.004487504747418635,FBDIX,healthcare,2023
2023-02-24,-0.0063115045651446385,FBDIX,healthcare,2023
2023-02-27,0.005035720024657419,FBDIX,healthcare,2023
2023-02-28,0.0039289932460787385,FBDIX,healthcare,2023
2023-03-01,0.007657842323409426,FBDIX,healthcare,2023
2023-03-02,-0.011554421861516253,FBDIX,healthcare,2023
2023-03-03,0.003442865738739193,FBDIX,healthcare,2023
2023-03-06,-0.01145051406241485,FBDIX,healthcare,2023
2023-03-07,0.0026911880591911456,FBDIX,healthcare,2023
2023-03-08,-0.007165089529997374,FBDIX,healthcare,2023
2023-03-09,-0.007630901299532811,FBDIX,healthcare,2023
2023-03-10,-0.009287190549412875,FBDIX,healthcare,2023
2023-03-13,0.03066369053971267,FBDIX,healthcare,2023
2023-03-14,-0.00017362811368542945,FBDIX,healthcare,2023
2023-03-15,-0.002457671948492871,FBDIX,healthcare,2023
2023-03-16,-0.005659337370309547,FBDIX,healthcare,2023
2023-03-17,-0.0021241837442969834,FBDIX,healthcare,2023
2023-03-20,0.00017860049771620517,FBDIX,healthcare,2023
2023-03-21,-0.012763959218931368,FBDIX,healthcare,2023
2023-03-22,-0.008003158433323597,FBDIX,healthcare,2023
2023-03-23,0.008322884312775728,FBDIX,healthcare,2023
2023-03-24,0.0014252703876680307,FBDIX,healthcare,2023
2023-03-27,0.004136319615985734,FBDIX,healthcare,2023
2023-03-28,0.005569366908922596,FBDIX,healthcare,2023
2023-03-29,0.004504819632911522,FBDIX,healthcare,2023
2023-03-30,-0.009994318955648951,FBDIX,healthcare,2023
2023-03-31,-0.003043156239831998,FBDIX,healthcare,2023
2023-04-03,-0.009425973375216265,FBDIX,healthcare,2023
2023-04-04,-0.004132270608797977,FBDIX,healthcare,2023
2023-04-05,0.006861381122635512,FBDIX,healthcare,2023
2023-04-06,0.010224847737214231,FBDIX,healthcare,2023
2023-04-10,-0.006712359563638825,FBDIX,healthcare,2023
2023-04-11,0.002544788466689374,FBDIX,healthcare,2023
2023-04-12,0.0015348433910390444,FBDIX,healthcare,2023
2023-04-13,0.009932937211094091,FBDIX,healthcare,2023
2023-04-14,-0.005588526339518207,FBDIX,healthcare,2023
2023-04-17,0.023350610150372368,FBDIX,healthcare,2023
2023-04-18,0.0005389357410676723,FBDIX,healthcare,2023
2023-04-19,0.010332881688612119,FBDIX,healthcare,2023
2023-04-20,-0.0019971693007941015,FBDIX,healthcare,2023
2023-04-21,0.01647657542520569,FBDIX,healthcare,2023
2023-04-24,-0.006057626532135405,FBDIX,healthcare,2023
2023-04-25,-0.0037630940635921453,FBDIX,healthcare,2023
2023-04-26,-0.006739840772845051,FBDIX,healthcare,2023
2023-04-27,-0.012188752898187643,FBDIX,healthcare,2023
2023-04-28,0.0015640640436722624,FBDIX,healthcare,2023
2023-05-01,0.01799247248224522,FBDIX,healthcare,2023
2023-05-02,-0.006591220381461822,FBDIX,healthcare,2023
2023-05-03,0.015896964003498562,FBDIX,healthcare,2023
2023-05-04,0.001554415793342766,FBDIX,healthcare,2023
2023-05-05,0.0007212373694895878,FBDIX,healthcare,2023
2023-05-08,-0.0034463041778609992,FBDIX,healthcare,2023
2023-05-09,0.006828043301460876,FBDIX,healthcare,2023
2023-05-10,0.0025430350836076338,FBDIX,healthcare,2023
2023-05-11,-0.00722939686742941,FBDIX,healthcare,2023
2023-05-12,-0.007462248162018152,FBDIX,healthcare,2023
2023-05-15,0.005217820185568857,FBDIX,healthcare,2023
2023-05-16,-0.016137124125434457,FBDIX,healthcare,2023
2023-05-17,-0.006158846264293061,FBDIX,healthcare,2023
2023-05-18,-0.010538764306778026,FBDIX,healthcare,2023
2023-05-19,0.010075156735914373,FBDIX,healthcare,2023
2023-05-22,0.004508690416971495,FBDIX,healthcare,2023
2023-05-23,0.002195404544098563,FBDIX,healthcare,2023
2023-05-24,-0.01582848652876371,FBDIX,healthcare,2023
2023-05-25,-0.026538795695852883,FBDIX,healthcare,2023
2023-05-26,-0.00915715977430476,FBDIX,healthcare,2023
2023-05-30,-0.007680216120732917,FBDIX,healthcare,2023
2023-05-31,0.01090727577810444,FBDIX,healthcare,2023
2023-06-01,-0.0014416366370324117,FBDIX,healthcare,2023
2023-06-02,0.004319177445358651,FBDIX,healthcare,2023
2023-06-05,0.009646061791207174,FBDIX,healthcare,2023
2023-06-06,0.0016049860661708556,FBDIX,healthcare,2023
2023-06-07,-0.0017354781164636542,FBDIX,healthcare,2023
2023-06-08,-0.001099448947786698,FBDIX,healthcare,2023
2023-06-09,-0.004350423474244768,FBDIX,healthcare,2023
2023-06-12,0.0030125963985104436,FBDIX,healthcare,2023
2023-06-13,0.0057046981535932425,FBDIX,healthcare,2023
2023-06-14,-0.011017389693665686,FBDIX,healthcare,2023
2023-06-15,0.0009693601736979057,FBDIX,healthcare,2023
2023-06-16,-0.0020503384406259676,FBDIX,healthcare,2023
2023-06-20,0.0034329230289627194,FBDIX,healthcare,2023
2023-06-21,0.003734930578054537,FBDIX,healthcare,2023
2023-06-22,-0.005004699983330073,FBDIX,healthcare,2023
2023-06-23,-0.01133212444244558,FBDIX,healthcare,2023
2023-06-26,-0.006761179621800452,FBDIX,healthcare,2023
2023-06-27,-0.02060641226951115,FBDIX,healthcare,2023
2023-06-28,0.003989098888775894,FBDIX,healthcare,2023
2023-06-29,-0.009180854060704954,FBDIX,healthcare,2023
2023-06-30,0.0038615965336612143,FBDIX,healthcare,2023
2023-07-03,-0.008083093149237585,FBDIX,healthcare,2023
2023-07-05,0.004497564828973744,FBDIX,healthcare,2023
2023-07-06,-0.004667326506238006,FBDIX,healthcare,2023
2023-07-07,-0.007388040600724925,FBDIX,healthcare,2023
2023-07-10,0.013269953093719155,FBDIX,healthcare,2023
2023-07-11,-0.005657274567924209,FBDIX,healthcare,2023
2023-07-12,-0.0022748716745518652,FBDIX,healthcare,2023
2023-07-13,0.00016666520333147652,FBDIX,healthcare,2023
2023-07-14,0.0003598354418967091,FBDIX,healthcare,2023
2023-07-17,0.006372233140880909,FBDIX,healthcare,2023
2023-07-18,-0.00025839009335854295,FBDIX,healthcare,2023
2023-07-19,0.004877388465496325,FBDIX,healthcare,2023
2023-07-20,0.0025860546989068516,FBDIX,healthcare,2023
2023-07-21,0.007895409766192713,FBDIX,healthcare,2023
2023-07-24,-0.017331198332158515,FBDIX,healthcare,2023
2023-07-25,-0.0026647674278575703,FBDIX,healthcare,2023
2023-07-26,-0.0018493230572424935,FBDIX,healthcare,2023
2023-07-27,-0.000676418400178954,FBDIX,healthcare,2023
2023-07-28,0.01167652514571338,FBDIX,healthcare,2023
2023-07-31,0.0016971051414160832,FBDIX,healthcare,2023
2023-08-01,-0.003479894461392847,FBDIX,healthcare,2023
2023-08-02,0.007026203004993462,FBDIX,healthcare,2023
2023-08-03,-0.001390222332135661,FBDIX,healthcare,2023
2023-08-04,0.006848132789147891,FBDIX,healthcare,2023
2023-08-07,-0.016902574964133464,FBDIX,healthcare,2023
2023-08-08,0.008539010552306863,FBDIX,healthcare,2023
2023-08-09,0.010039579991863303,FBDIX,healthcare,2023
2023-08-10,0.005134400575733496,FBDIX,healthcare,2023
2023-08-11,0.002548223706840833,FBDIX,healthcare,2023
2023-08-14,-0.007811980182000576,FBDIX,healthcare,2023
2023-08-15,0.007063325657013941,FBDIX,healthcare,2023
2023-08-16,-0.009955672850201283,FBDIX,healthcare,2023
2023-08-17,-0.0019419021060044618,FBDIX,healthcare,2023
2023-08-18,0.0057952479547535,FBDIX,healthcare,2023
2023-08-21,0.009543267434289435,FBDIX,healthcare,2023
2023-08-22,0.0007158882178602383,FBDIX,healthcare,2023
2023-08-23,-0.005732899818053038,FBDIX,healthcare,2023
2023-08-24,0.0031441710311488607,FBDIX,healthcare,2023
2023-08-25,-0.00024276033960447807,FBDIX,healthcare,2023
2023-08-28,-0.001510887245135712,FBDIX,healthcare,2023
2023-08-29,-0.005980759376770282,FBDIX,healthcare,2023
2023-08-30,-0.002929463443199898,FBDIX,healthcare,2023
2023-08-31,-0.005895509646897113,FBDIX,healthcare,2023
2023-09-01,0.00923367373463213,FBDIX,healthcare,2023
2023-09-05,-0.006494555792578784,FBDIX,healthcare,2023
2023-09-06,0.006654449206178073,FBDIX,healthcare,2023
2023-09-07,0.0028658540819614053,FBDIX,healthcare,2023
2023-09-08,-0.00331961318062117,FBDIX,healthcare,2023
2023-09-11,0.003287833716713379,FBDIX,healthcare,2023
2023-09-12,0.002157786605942695,FBDIX,healthcare,2023
2023-09-13,-0.011546329094928328,FBDIX,healthcare,2023
2023-09-14,-0.0012901105726035745,FBDIX,healthcare,2023
2023-09-15,-0.0022435275162669514,FBDIX,healthcare,2023
2023-09-18,-0.008040667450412396,FBDIX,healthcare,2023
2023-09-19,0.004922207384149382,FBDIX,healthcare,2023
2023-09-20,-0.0025423869537669003,FBDIX,healthcare,2023
2023-09-21,0.005560641379851561,FBDIX,healthcare,2023
2023-09-22,0.00013769745789633022,FBDIX,healthcare,2023
2023-09-25,-0.01071948805676344,FBDIX,healthcare,2023
2023-09-26,0.017296996754544464,FBDIX,healthcare,2023
2023-09-27,0.0034453551635223057,FBDIX,healthcare,2023
2023-09-28,-0.001730033160052037,FBDIX,healthcare,2023
2023-09-29,-0.0061321627067601105,FBDIX,healthcare,2023
2023-10-02,-0.017083520021767086,FBDIX,healthcare,2023
2023-10-03,-0.002422846216268735,FBDIX,healthcare,2023
2023-10-04,-0.0027716997203805984,FBDIX,healthcare,2023
2023-10-05,0.02332496468263626,FBDIX,healthcare,2023
2023-10-06,-0.0019205878977705737,FBDIX,healthcare,2023
2023-10-09,-0.007714001675823123,FBDIX,healthcare,2023
2023-10-10,0.0038206396812476597,FBDIX,healthcare,2023
2023-10-11,-0.003727903767865973,FBDIX,healthcare,2023
2023-10-12,-0.015788280486468416,FBDIX,healthcare,2023
2023-10-13,0.010072946134878517,FBDIX,healthcare,2023
2023-10-16,0.007695895249009651,FBDIX,healthcare,2023
2023-10-17,-0.0009087641688874307,FBDIX,healthcare,2023
2023-10-18,-0.01159784437691073,FBDIX,healthcare,2023
2023-10-19,-0.006859724249130917,FBDIX,healthcare,2023
2023-10-20,0.005144874260025043,FBDIX,healthcare,2023
2023-10-23,-0.012147369283005163,FBDIX,healthcare,2023
2023-10-24,0.0075196416083340815,FBDIX,healthcare,2023
2023-10-25,-0.004738869664339628,FBDIX,healthcare,2023
2023-10-26,0.007918054244812529,FBDIX,healthcare,2023
2023-10-27,-0.020715546750823828,FBDIX,healthcare,2023
2023-10-30,-0.0008643992871305312,FBDIX,healthcare,2023
2023-10-31,0.002542429853537468,FBDIX,healthcare,2023
2023-11-01,0.005090755513968391,FBDIX,healthcare,2023
2023-11-02,-0.002585827223914209,FBDIX,healthcare,2023
2023-11-03,0.019501504651796647,FBDIX,healthcare,2023
2023-11-06,-0.009145383979232084,FBDIX,healthcare,2023
2023-11-07,0.0023749336738042967,FBDIX,healthcare,2023
2023-11-08,-0.019246591438731978,FBDIX,healthcare,2023
2023-11-09,-0.0350928911306352,FBDIX,healthcare,2023
2023-11-10,-0.01311664550019325,FBDIX,healthcare,2023
2023-11-13,0.004078207112896802,FBDIX,healthcare,2023
2023-11-14,0.010470454881396689,FBDIX,healthcare,2023
2023-11-15,-0.0019454343715186414,FBDIX,healthcare,2023
2023-11-16,-0.013702804886132826,FBDIX,healthcare,2023
2023-11-17,0.015235873839678685,FBDIX,healthcare,2023
2023-11-20,0.0002069587807036321,FBDIX,healthcare,2023
2023-11-21,-0.007527028142878835,FBDIX,healthcare,2023
2023-11-22,-0.0014535023137882467,FBDIX,healthcare,2023
2023-11-24,0.0070100495416122255,FBDIX,healthcare,2023
2023-11-27,-0.008201955259101425,FBDIX,healthcare,2023
2023-11-28,-0.005325448304539725,FBDIX,healthcare,2023
2023-11-29,0.014181909083160747,FBDIX,healthcare,2023
2023-11-30,0.014350608130999752,FBDIX,healthcare,2023
2023-12-01,0.01600963904623972,FBDIX,healthcare,2023
2023-12-04,0.037718701349927705,FBDIX,healthcare,2023
2023-12-05,-0.0002331913423087763,FBDIX,healthcare,2023
2023-12-06,0.010111610241030834,FBDIX,healthcare,2023
2023-12-07,0.007027472703597457,FBDIX,healthcare,2023
2023-12-08,-0.009363120308982604,FBDIX,healthcare,2023
2023-12-11,-0.003282689985316257,FBDIX,healthcare,2023
2023-12-12,0.010177901272477302,FBDIX,healthcare,2023
2023-12-13,0.0279706058867647,FBDIX,healthcare,2023
2023-12-14,-7.393538754217176e-05,FBDIX,healthcare,2023
2023-12-15,-0.003094863272225356,FBDIX,healthcare,2023
2023-12-18,-0.01322360351543042,FBDIX,healthcare,2023
2023-12-19,0.01336436524589095,FBDIX,healthcare,2023
2023-12-20,-0.018234279206508913,FBDIX,healthcare,2023
2023-12-21,0.015311403548161144,FBDIX,healthcare,2023
2023-12-22,0.028489049931630567,FBDIX,healthcare,2023
2023-12-26,0.01796551755599144,FBDIX,healthcare,2023
2023-12-27,0.01691915242436803,FBDIX,healthcare,2023
2023-12-28,-0.0024235988611013,FBDIX,healthcare,2023
2023-12-29,-0.005223710907039629,FBDIX,healthcare,2023
2023-12-30,-2.833935718648744e-05,FBDIX,healthcare,2023
2024-01-03,-0.004262139590987762,FBDIX,healthcare,2024
2024-01-04,0.014463464642909441,FBDIX,healthcare,2024
2024-01-05,-0.010125573040420433,FBDIX,healthcare,2024
2024-01-08,0.02412989682040729,FBDIX,healthcare,2024
2024-01-09,0.00041715956298638587,FBDIX,healthcare,2024
2024-01-10,-0.013838182412224927,FBDIX,healthcare,2024
2024-01-11,-0.007742657815510417,FBDIX,healthcare,2024
2024-01-12,0.00302662144767891,FBDIX,healthcare,2024
2024-01-16,0.0014064402484233293,FBDIX,healthcare,2024
2024-01-17,0.0006182519445318045,FBDIX,healthcare,2024
2024-01-18,-0.013986235261695752,FBDIX,healthcare,2024
2024-01-19,-0.0045467604789186655,FBDIX,healthcare,2024
2024-01-22,0.012671945904109973,FBDIX,healthcare,2024
2024-01-23,0.003291535527158842,FBDIX,healthcare,2024
2024-01-24,-0.009901288018845156,FBDIX,healthcare,2024
2024-01-25,0.006108110619192673,FBDIX,healthcare,2024
2024-01-26,0.01100128784076008,FBDIX,healthcare,2024
2024-01-29,0.014456699415581075,FBDIX,healthcare,2024
2024-01-30,-0.00785821314341056,FBDIX,healthcare,2024
2024-01-31,0.010751289857443095,FBDIX,healthcare,2024
2024-02-01,0.013001670254379425,FBDIX,healthcare,2024
2024-02-02,-0.021454584944808147,FBDIX,healthcare,2024
2024-02-05,0.009051673444536588,FBDIX,healthcare,2024
2024-02-06,0.005321003385075246,FBDIX,healthcare,2024
2024-02-07,-0.01705898568343229,FBDIX,healthcare,2024
2024-02-08,0.0013590559398441455,FBDIX,healthcare,2024
2024-02-09,0.004186928693697328,FBDIX,healthcare,2024
2024-02-12,0.014563852128420368,FBDIX,healthcare,2024
2024-02-13,-0.009842915203486813,FBDIX,healthcare,2024
2024-02-14,0.00405922604549078,FBDIX,healthcare,2024
2024-02-15,0.015563868511190933,FBDIX,healthcare,2024
2024-02-16,0.020106012223501814,FBDIX,healthcare,2024
2024-02-20,-0.00320785790697954,FBDIX,healthcare,2024
2024-02-21,-0.0036775362184796427,FBDIX,healthcare,2024
2024-02-22,-0.0046652627429028745,FBDIX,healthcare,2024
2024-02-23,0.012719631234312152,FBDIX,healthcare,2024
2024-02-26,0.014347754845820553,FBDIX,healthcare,2024
2024-02-27,0.0127196168963176,FBDIX,healthcare,2024
2024-02-28,-0.0067995928145328614,FBDIX,healthcare,2024
2024-02-29,-0.01506160549636671,FBDIX,healthcare,2024
2024-03-01,0.017642879078646492,FBDIX,healthcare,2024
2024-03-04,-0.010521546716979472,FBDIX,healthcare,2024
2024-03-05,0.004904218269246911,FBDIX,healthcare,2024
2024-03-06,-0.004294772087480238,FBDIX,healthcare,2024
2024-03-07,-0.013202098441919715,FBDIX,healthcare,2024
2024-03-08,-0.0019454996039196867,FBDIX,healthcare,2024
2024-03-11,-0.010126451236986599,FBDIX,healthcare,2024
2024-03-12,-0.00787500338480179,FBDIX,healthcare,2024
2024-03-13,0.010046007324464028,FBDIX,healthcare,2024
2024-03-14,-0.02031613505742603,FBDIX,healthcare,2024
2024-03-15,0.010552431961603303,FBDIX,healthcare,2024
2024-03-18,-0.016917755702803603,FBDIX,healthcare,2024
2024-03-19,0.005647628903203012,FBDIX,healthcare,2024
2024-03-20,0.003297817411291837,FBDIX,healthcare,2024
2024-03-21,0.005283061013220589,FBDIX,healthcare,2024
2024-03-22,-0.006126791326490273,FBDIX,healthcare,2024
2024-03-25,-0.006664556510752897,FBDIX,healthcare,2024
2024-03-26,0.0010389763754625287,FBDIX,healthcare,2024
2024-03-27,0.005684328561688554,FBDIX,healthcare,2024
2024-03-28,0.0036777344247502205,FBDIX,healthcare,2024
2024-04-01,-0.006596071240111257,FBDIX,healthcare,2024
2024-04-02,-0.014310693272324598,FBDIX,healthcare,2024
2024-04-03,0.0003611122807572287,FBDIX,healthcare,2024
2024-04-04,-0.0019134821602371094,FBDIX,healthcare,2024
2024-04-05,-0.0016187371398010079,FBDIX,healthcare,2024
2024-04-08,0.001530212581340444,FBDIX,healthcare,2024
2024-04-09,0.0076218908857878225,FBDIX,healthcare,2024
2024-04-10,-0.0016886216471620925,FBDIX,healthcare,2024
2024-04-11,0.008482495584508858,FBDIX,healthcare,2024
2024-04-12,-0.013794958466674152,FBDIX,healthcare,2024
2024-04-15,-0.009371794320330896,FBDIX,healthcare,2024
2024-04-16,0.0007000773859356932,FBDIX,healthcare,2024
2024-04-17,0.0005026186583884642,FBDIX,healthcare,2024
2024-04-18,-0.011276290095881502,FBDIX,healthcare,2024
2024-04-19,0.004267607498526688,FBDIX,healthcare,2024
2024-04-22,0.0006808558128821099,FBDIX,healthcare,2024
2024-04-23,0.002293329360157576,FBDIX,healthcare,2024
2024-04-24,-0.004091233143893923,FBDIX,healthcare,2024
2024-04-25,-0.009220738029432966,FBDIX,healthcare,2024
2024-04-26,0.00866958463706757,FBDIX,healthcare,2024
2024-04-29,0.017253990405693465,FBDIX,healthcare,2024
2024-04-30,0.009972718037869682,FBDIX,healthcare,2024
2024-05-01,0.023878987828039017,FBDIX,healthcare,2024
2024-05-02,-0.0011554203692358397,FBDIX,healthcare,2024
2024-05-03,0.0002816435445700035,FBDIX,healthcare,2024
2024-05-06,-0.01906584100175152,FBDIX,healthcare,2024
2024-05-07,0.0036692631654160965,FBDIX,healthcare,2024
2024-05-08,-0.009160337986563438,FBDIX,healthcare,2024
2024-05-09,-0.0007538170498224521,FBDIX,healthcare,2024
2024-05-10,-0.011956659040859244,FBDIX,healthcare,2024
2024-05-13,0.002473437708673246,FBDIX,healthcare,2024
2024-05-14,0.0020801655814709206,FBDIX,healthcare,2024
2024-05-15,0.004489551796377878,FBDIX,healthcare,2024
2024-05-16,0.0004845211107736974,FBDIX,healthcare,2024
2024-05-17,-0.011556202710263159,FBDIX,healthcare,2024
2024-05-20,0.010942324290502204,FBDIX,healthcare,2024
2024-05-21,-0.011120509022984847,FBDIX,healthcare,2024
2024-05-22,0.0018933799904727782,FBDIX,healthcare,2024
2024-05-23,-0.009003197708601678,FBDIX,healthcare,2024
2024-05-24,0.006903058534146488,FBDIX,healthcare,2024
2024-05-28,-0.0013264651719091072,FBDIX,healthcare,2024
2024-05-29,0.0015230896008264017,FBDIX,healthcare,2024
2024-05-30,0.016292278253777423,FBDIX,healthcare,2024
2024-05-31,-0.005446061261315716,FBDIX,healthcare,2024
2024-06-03,0.01022502516869662,FBDIX,healthcare,2024
2024-06-04,-0.004327900858151661,FBDIX,healthcare,2024
2024-06-05,0.006369277573485679,FBDIX,healthcare,2024
2024-06-06,-0.00486901150459332,FBDIX,healthcare,2024
2024-06-07,-0.00384948172474417,FBDIX,healthcare,2024
2024-06-10,0.005129566870693945,FBDIX,healthcare,2024
2024-06-11,0.0005036867798942904,FBDIX,healthcare,2024
2024-06-12,3.630166047837238e-05,FBDIX,healthcare,2024
2024-06-13,-0.00036304799006742715,FBDIX,healthcare,2024
2024-06-14,-0.01137609586538565,FBDIX,healthcare,2024
2024-06-17,-0.016814392529929036,FBDIX,healthcare,2024
2024-06-18,-0.011318744669155159,FBDIX,healthcare,2024
2024-06-20,0.004027132831759119,FBDIX,healthcare,2024
2024-06-21,0.023064490331937183,FBDIX,healthcare,2024
2024-06-24,0.019065182839819356,FBDIX,healthcare,2024
2024-06-25,-0.008938904948706746,FBDIX,healthcare,2024
2024-06-26,-0.00796747232623552,FBDIX,healthcare,2024
2024-06-27,0.004968436235026082,FBDIX,healthcare,2024
2024-06-28,0.00335288391244054,FBDIX,healthcare,2024
2024-07-01,-4.311673664513871e-05,FBDIX,healthcare,2024
2024-07-02,-0.017007766178161528,FBDIX,healthcare,2024
2024-07-03,-0.008322878406098884,FBDIX,healthcare,2024
2024-07-05,0.008037529666035761,FBDIX,healthcare,2024
2024-07-08,0.005065160849180602,FBDIX,healthcare,2024
2024-07-09,0.011951315979044742,FBDIX,healthcare,2024
2024-07-10,0.009740519568458457,FBDIX,healthcare,2024
2024-07-11,0.031319014661574246,FBDIX,healthcare,2024
2024-07-12,0.0044179335081243245,FBDIX,healthcare,2024
2024-07-15,0.006316430369085558,FBDIX,healthcare,2024
2024-07-16,0.010156456244485442,FBDIX,healthcare,2024
2024-07-17,-0.0028433417854138894,FBDIX,healthcare,2024
2024-07-18,-0.011891141608521333,FBDIX,healthcare,2024
2024-07-19,0.0034827891567351657,FBDIX,healthcare,2024
2024-07-22,0.002040469921412191,FBDIX,healthcare,2024
2024-07-23,0.008862097713758017,FBDIX,healthcare,2024
2024-07-24,0.01594023443614845,FBDIX,healthcare,2024
2024-07-25,0.014380315026771211,FBDIX,healthcare,2024
2024-07-26,-0.002443927696255767,FBDIX,healthcare,2024
2024-07-29,-0.009295629789843305,FBDIX,healthcare,2024
2024-07-30,-0.0009785852468161904,FBDIX,healthcare,2024
2024-07-31,-0.012687844640852711,FBDIX,healthcare,2024
2024-08-01,0.010101291727507448,FBDIX,healthcare,2024
2024-08-02,-0.0018440221323425404,FBDIX,healthcare,2024
2024-08-05,-0.0012744697615215787,FBDIX,healthcare,2024
2024-08-06,0.0025194772988105917,FBDIX,healthcare,2024
2024-08-07,-0.012796467875031572,FBDIX,healthcare,2024
2024-08-08,4.0159487380203585e-05,FBDIX,healthcare,2024
2024-08-09,-0.0040378199516381596,FBDIX,healthcare,2024
2024-08-12,0.006609960780643979,FBDIX,healthcare,2024
2024-08-13,0.002590727819525322,FBDIX,healthcare,2024
2024-08-14,-0.009892795853852948,FBDIX,healthcare,2024
2024-08-15,-0.0022621910434657173,FBDIX,healthcare,2024
2024-08-16,-0.0028103878295871842,FBDIX,healthcare,2024
2024-08-19,0.014749436878344029,FBDIX,healthcare,2024
2024-08-20,0.00031291142880560444,FBDIX,healthcare,2024
2024-08-21,0.004387009899056009,FBDIX,healthcare,2024
2024-08-22,-0.0032098910551712594,FBDIX,healthcare,2024
2024-08-23,0.005525404833683242,FBDIX,healthcare,2024
2024-08-26,0.004976716754506124,FBDIX,healthcare,2024
2024-08-27,0.0023789135599695845,FBDIX,healthcare,2024
2024-08-28,-0.0015163712616474753,FBDIX,healthcare,2024
2024-08-29,0.0014562782774177204,FBDIX,healthcare,2024
2024-08-30,-0.002940825663036454,FBDIX,healthcare,2024
2024-09-03,-0.003026003158698179,FBDIX,healthcare,2024
2024-09-04,0.004905350305153173,FBDIX,healthcare,2024
2024-09-05,-0.003840742478055441,FBDIX,healthcare,2024
2024-09-06,0.006001256722324998,FBDIX,healthcare,2024
2024-09-09,0.0014959499798415862,FBDIX,healthcare,2024
2024-09-10,-0.005333638680590861,FBDIX,healthcare,2024
2024-09-11,-0.007179956217073969,FBDIX,healthcare,2024
2024-09-12,-0.005528048764332082,FBDIX,healthcare,2024
2024-09-13,0.011330844939610823,FBDIX,healthcare,2024
2024-09-16,-0.00017820636354362108,FBDIX,healthcare,2024
2024-09-17,-0.0010572040131923573,FBDIX,healthcare,2024
2024-09-18,0.012066316442832254,FBDIX,healthcare,2024
2024-09-19,0.003333625658766907,FBDIX,healthcare,2024
2024-09-20,-0.003403746771010612,FBDIX,healthcare,2024
2024-09-23,-0.02815635371933581,FBDIX,healthcare,2024
2024-09-24,-0.005467606282597466,FBDIX,healthcare,2024
2024-09-25,-0.010027815467835767,FBDIX,healthcare,2024
2024-09-26,0.003895439789613689,FBDIX,healthcare,2024
2024-09-27,0.00592482900998645,FBDIX,healthcare,2024
2024-09-30,0.0036462395792719905,FBDIX,healthcare,2024
2024-10-01,0.005967953841240279,FBDIX,healthcare,2024
2024-10-02,0.0009519771742219251,FBDIX,healthcare,2024
2024-10-03,-0.012460034491620402,FBDIX,healthcare,2024
2024-10-04,-0.002562655386164835,FBDIX,healthcare,2024
2024-10-07,-0.0036466257685202775,FBDIX,healthcare,2024
2024-10-08,0.0021236355675147128,FBDIX,healthcare,2024
2024-10-09,-0.008715943623762878,FBDIX,healthcare,2024
2024-10-10,0.0022423569911871177,FBDIX,healthcare,2024
2024-10-11,0.01859633047045449,FBDIX,healthcare,2024
2024-10-14,-0.00209501887067314,FBDIX,healthcare,2024
2024-10-15,0.010975996645773006,FBDIX,healthcare,2024
2024-10-16,0.00940782647279761,FBDIX,healthcare,2024
2024-10-17,0.0005909550302925839,FBDIX,healthcare,2024
2024-10-18,0.0012136644050499182,FBDIX,healthcare,2024
2024-10-21,-0.010982783116191322,FBDIX,healthcare,2024
2024-10-22,0.0010363318393856649,FBDIX,healthcare,2024
2024-10-23,-0.006790407331835854,FBDIX,healthcare,2024
2024-10-24,-0.006500789407961319,FBDIX,healthcare,2024
2024-10-25,-0.0006383793359475971,FBDIX,healthcare,2024
2024-10-28,0.006689407516509547,FBDIX,healthcare,2024
2024-10-29,-0.00624992653992891,FBDIX,healthcare,2024
2024-10-30,0.0002509490286928583,FBDIX,healthcare,2024
2024-10-31,0.0038136104819726496,FBDIX,healthcare,2024
2024-11-01,0.006873869062408982,FBDIX,healthcare,2024
2024-11-04,0.002964806699853387,FBDIX,healthcare,2024
2024-11-05,0.0014361581359589783,FBDIX,healthcare,2024
2024-11-06,-0.007517576604007325,FBDIX,healthcare,2024
2024-11-07,0.0011431324932383588,FBDIX,healthcare,2024
2024-11-08,0.005136558605764905,FBDIX,healthcare,2024
2024-11-11,0.000564175563764573,FBDIX,healthcare,2024
2024-11-12,-0.02111751422381858,FBDIX,healthcare,2024
2024-11-13,-0.013224924965575672,FBDIX,healthcare,2024
2024-11-14,-0.01516044107613936,FBDIX,healthcare,2024
2024-11-15,-0.03473621322286137,FBDIX,healthcare,2024
2024-11-18,-0.018828535383431506,FBDIX,healthcare,2024
2024-11-19,0.004734318690101352,FBDIX,healthcare,2024
2024-11-20,0.009193809647971828,FBDIX,healthcare,2024
2024-11-21,-0.003716719498013677,FBDIX,healthcare,2024
2024-11-22,0.01148861034809749,FBDIX,healthcare,2024
2024-11-25,0.0071383280896454866,FBDIX,healthcare,2024
2024-11-26,0.0020465635515561856,FBDIX,healthcare,2024
2024-11-27,0.009398463360984828,FBDIX,healthcare,2024
2024-11-29,-0.008337966220078302,FBDIX,healthcare,2024
2024-12-02,0.0026638451390234423,FBDIX,healthcare,2024
2024-12-03,-0.015280478024029686,FBDIX,healthcare,2024
2024-12-04,0.0014983016433198501,FBDIX,healthcare,2024
2024-12-05,-0.009671922293763987,FBDIX,healthcare,2024
2024-12-06,0.016889667870926852,FBDIX,healthcare,2024
2024-12-09,0.002528799036717541,FBDIX,healthcare,2024
2024-12-10,0.003726490994212747,FBDIX,healthcare,2024
2024-12-11,-0.007441240037990836,FBDIX,healthcare,2024
2024-12-12,-0.02787821505445047,FBDIX,healthcare,2024
2024-12-13,-0.007526341229311074,FBDIX,healthcare,2024
2024-12-16,0.013403349353870763,FBDIX,healthcare,2024
2024-12-17,0.01196633450928252,FBDIX,healthcare,2024
2024-12-18,-0.012460115814386608,FBDIX,healthcare,2024
2024-12-19,-0.0050114771619868955,FBDIX,healthcare,2024
2024-12-20,-0.004109086560375364,FBDIX,healthcare,2024
2024-12-23,0.003068624352274915,FBDIX,healthcare,2024
2024-12-24,-0.006244010516985305,FBDIX,healthcare,2024
2024-12-26,0.008373508039633683,FBDIX,healthcare,2024
2024-12-27,-0.0024672840947230316,FBDIX,healthcare,2024
2024-12-30,-0.002221772037713867,FBDIX,healthcare,2024
2025-01-03,-0.0017532189641189314,FBDIX,healthcare,2025
2025-01-06,-0.01138771125133823,FBDIX,healthcare,2025
2025-01-07,0.009628823277445488,FBDIX,healthcare,2025
2025-01-08,-0.01909586070951502,FBDIX,healthcare,2025
2025-01-10,0.009226976426576964,FBDIX,healthcare,2025
2025-01-13,-0.011373645336937663,FBDIX,healthcare,2025
2025-01-14,-0.02023943637092171,FBDIX,healthcare,2025
2025-01-15,0.009639739330392551,FBDIX,healthcare,2025
2025-01-16,-0.008027970662249018,FBDIX,healthcare,2025
2025-01-17,-0.00930189936561318,FBDIX,healthcare,2025
2025-01-21,0.01568427183562291,FBDIX,healthcare,2025
2025-01-22,-0.002867198185303196,FBDIX,healthcare,2025
2025-01-23,0.008181016954907997,FBDIX,healthcare,2025
2025-01-24,-0.0015928222556043214,FBDIX,healthcare,2025
2025-01-27,0.012771246797660767,FBDIX,healthcare,2025
2025-01-28,-0.009885274446456125,FBDIX,healthcare,2025
2025-01-29,0.004190288717197687,FBDIX,healthcare,2025
2025-01-30,0.005620366109936444,FBDIX,healthcare,2025
2025-01-31,-0.0032870929922933388,FBDIX,healthcare,2025
2025-02-03,-0.0022739813099363782,FBDIX,healthcare,2025
2025-02-04,0.0043045140652535376,FBDIX,healthcare,2025
2025-02-05,0.01935645102258796,FBDIX,healthcare,2025
2025-02-06,-0.017594048755206718,FBDIX,healthcare,2025
2025-02-07,-0.027045203447775477,FBDIX,healthcare,2025
2025-02-10,-0.015682119204883164,FBDIX,healthcare,2025
2025-02-11,-0.01463464850720868,FBDIX,healthcare,2025
2025-02-12,0.014851980920534831,FBDIX,healthcare,2025
2025-02-13,0.0012323638656579535,FBDIX,healthcare,2025
2025-02-14,-0.00021944790107655148,FBDIX,healthcare,2025
2025-02-18,-0.004976378698446932,FBDIX,healthcare,2025
2025-02-19,0.007591892328216273,FBDIX,healthcare,2025
2025-02-20,0.011299105959268287,FBDIX,healthcare,2025
2025-02-21,0.004681565872526711,FBDIX,healthcare,2025
2025-02-24,-0.01044555732552318,FBDIX,healthcare,2025
2025-02-25,-0.003331045479750793,FBDIX,healthcare,2025
2025-02-26,-0.0022458727556815515,FBDIX,healthcare,2025
2025-02-27,0.004333323397855418,FBDIX,healthcare,2025
2025-02-28,0.002597103709721875,FBDIX,healthcare,2025
2025-03-03,-0.013870584918907957,FBDIX,healthcare,2025
2025-03-04,0.007294864968205632,FBDIX,healthcare,2025
2025-03-05,0.013793600587765896,FBDIX,healthcare,2025
2025-03-06,0.010273229003117178,FBDIX,healthcare,2025
2025-03-07,-0.007052648288234908,FBDIX,healthcare,2025
2025-03-10,0.005419158896338715,FBDIX,healthcare,2025
2025-03-11,0.011951297329780385,FBDIX,healthcare,2025
2025-03-12,0.005202878681860238,FBDIX,healthcare,2025
2025-03-13,-0.0011806777229718766,FBDIX,healthcare,2025
2025-03-14,-0.010199390382383287,FBDIX,healthcare,2025
2025-03-17,0.014825901748182992,FBDIX,healthcare,2025
2025-03-18,-0.008865721449503965,FBDIX,healthcare,2025
2025-03-19,0.0025597395695314638,FBDIX,healthcare,2025
2025-03-20,-0.0009523274099586165,FBDIX,healthcare,2025
2025-03-21,-0.0032446417507004726,FBDIX,healthcare,2025
2025-03-24,-0.006226090733257948,FBDIX,healthcare,2025
2025-03-25,-0.020820659569798627,FBDIX,healthcare,2025
2025-03-26,-0.013608739236862956,FBDIX,healthcare,2025
2025-03-27,-4.151477736358592e-06,FBDIX,healthcare,2025
2025-03-28,0.0019420138226652027,FBDIX,healthcare,2025
2025-03-31,-0.03425087453411063,FBDIX,healthcare,2025
2025-04-01,-0.03885585855039091,FBDIX,healthcare,2025
2025-04-02,0.017253904020431948,FBDIX,healthcare,2025
2025-04-03,0.011810653787609423,FBDIX,healthcare,2025
2025-04-04,-0.019219022842437428,FBDIX,healthcare,2025
2025-04-07,-0.014079971625986792,FBDIX,healthcare,2025
2025-04-08,-0.027079095935027303,FBDIX,healthcare,2025
2025-04-09,-0.019962046676845778,FBDIX,healthcare,2025
2025-04-10,-0.00638462731796622,FBDIX,healthcare,2025
2025-04-11,0.024086759487235557,FBDIX,healthcare,2025
2025-04-14,0.02391493042880971,FBDIX,healthcare,2025
2025-04-15,0.0022542934791211482,FBDIX,healthcare,2025
2025-04-16,-0.0005115158933312776,FBDIX,healthcare,2025
2025-04-17,0.020946757905963675,FBDIX,healthcare,2025
2025-04-21,0.011320283446723405,FBDIX,healthcare,2025
2025-04-22,0.00328122843828502,FBDIX,healthcare,2025
2025-04-23,-0.00484274751514018,FBDIX,healthcare,2025
2025-04-24,-0.0020859938862403237,FBDIX,healthcare,2025
2025-04-25,-0.011130093181420376,FBDIX,healthcare,2025
2025-04-28,0.01028362060108849,FBDIX,healthcare,2025
2025-04-29,-0.0016172154714433583,FBDIX,healthcare,2025
2025-04-30,0.012445112187592242,FBDIX,healthcare,2025
2025-05-01,-0.014442668848960038,FBDIX,healthcare,2025
2025-05-02,0.004373197153927642,FBDIX,healthcare,2025
2025-05-05,-0.013108139556758495,FBDIX,healthcare,2025
2025-05-06,-0.06492977589112643,FBDIX,healthcare,2025
2025-05-07,-0.013260924073399995,FBDIX,healthcare,2025
2025-05-08,-0.0031930466394579685,FBDIX,healthcare,2025
2025-05-09,-0.01894707793040547,FBDIX,healthcare,2025
2025-05-12,0.01196280966712103,FBDIX,healthcare,2025
2025-05-13,-0.01730556025832259,FBDIX,healthcare,2025
2025-05-14,-0.02023296185885668,FBDIX,healthcare,2025
2025-05-15,0.01129566036075858,FBDIX,healthcare,2025
2025-05-16,0.011925997109915862,FBDIX,healthcare,2025
2025-05-19,0.01245674540852666,FBDIX,healthcare,2025
2025-05-20,0.018117521263810013,FBDIX,healthcare,2025
2025-05-21,-0.010110352685919135,FBDIX,healthcare,2025
2025-05-22,-0.00560680594851498,FBDIX,healthcare,2025
2025-05-23,0.013038611765020955,FBDIX,healthcare,2025
2025-05-27,-0.007977081389581347,FBDIX,healthcare,2025
2025-05-28,0.002546996029044161,FBDIX,healthcare,2025
2025-05-29,0.01861621123772788,FBDIX,healthcare,2025
2025-05-30,-0.01269137648526502,FBDIX,healthcare,2025
2025-06-02,0.012074261259414241,FBDIX,healthcare,2025
2025-06-03,0.00893682568967558,FBDIX,healthcare,2025
2025-06-04,-0.007525980907069636,FBDIX,healthcare,2025
2025-06-05,0.0033761600545542452,FBDIX,healthcare,2025
2025-06-06,0.013748209648132958,FBDIX,healthcare,2025
2025-06-09,-0.003469541435360633,FBDIX,healthcare,2025
2025-06-10,0.011191908868887806,FBDIX,healthcare,2025
2025-06-11,-0.008148770109133186,FBDIX,healthcare,2025
2025-06-12,-0.0006733873181032669,FBDIX,healthcare,2025
2025-06-13,0.0012949928763877714,FBDIX,healthcare,2025
2025-06-16,-0.015031466282695298,FBDIX,healthcare,2025
2025-06-17,-0.016158005402416634,FBDIX,healthcare,2025
2025-06-18,8.110520346555966e-05,FBDIX,healthcare,2025
2025-06-20,-0.0011059107268086145,FBDIX,healthcare,2025
2025-06-23,-0.012185936274916645,FBDIX,healthcare,2025
2025-06-24,-0.008812827945939957,FBDIX,healthcare,2025
2025-06-25,0.014010867566882903,FBDIX,healthcare,2025
2025-06-26,-0.009870938198249206,FBDIX,healthcare,2025
2025-06-27,-0.013618811180006976,FBDIX,healthcare,2025
2025-06-30,-0.005387926639020198,FBDIX,healthcare,2025
2025-07-01,0.003252214968252505,FBDIX,healthcare,2025
2025-07-02,0.012659274323474362,FBDIX,healthcare,2025
2025-07-03,-0.0016087669227110172,FBDIX,healthcare,2025
2025-07-07,-0.011411004800302153,FBDIX,healthcare,2025
2025-07-08,0.003015211516602366,FBDIX,healthcare,2025
2025-07-09,0.026251134185727717,FBDIX,healthcare,2025
2025-07-10,0.004568696866056944,FBDIX,healthcare,2025
2025-07-11,-0.01592841029667172,FBDIX,healthcare,2025
2025-07-14,0.01358824819813044,FBDIX,healthcare,2025
2025-07-15,-0.020144545969083428,FBDIX,healthcare,2025
2025-07-16,0.011603444399967723,FBDIX,healthcare,2025
2025-07-17,0.0021448029119308853,FBDIX,healthcare,2025
2025-07-18,-0.016857125917205965,FBDIX,healthcare,2025
2025-07-21,-0.003967722154396044,FBDIX,healthcare,2025
2025-07-22,0.008843247607358322,FBDIX,healthcare,2025
2025-07-23,0.04323648235196288,FBDIX,healthcare,2025
2025-07-24,-0.0021008972601523792,FBDIX,healthcare,2025
2025-07-25,-0.006119256648982808,FBDIX,healthcare,2025
2025-07-28,-0.013152914186111989,FBDIX,healthcare,2025
2025-07-29,0.002339455461071318,FBDIX,healthcare,2025
2025-07-30,0.006934699212265181,FBDIX,healthcare,2025
2025-07-31,-0.0002629976362312778,FBDIX,healthcare,2025
2025-08-01,0.011354943091638122,FBDIX,healthcare,2025
2025-08-04,0.0030990302619409524,FBDIX,healthcare,2025
2025-08-05,-0.005861208460048396,FBDIX,healthcare,2025
2025-08-06,-0.023372608128507787,FBDIX,healthcare,2025
2025-08-07,-0.005824868232128976,FBDIX,healthcare,2025
2025-08-08,0.000384197617725175,FBDIX,healthcare,2025
2025-08-11,0.0011622810804860655,FBDIX,healthcare,2025
2025-08-12,0.010836689937538033,FBDIX,healthcare,2025
2025-08-13,0.014710299836371595,FBDIX,healthcare,2025
2025-08-14,0.003653464272831103,FBDIX,healthcare,2025
2025-08-15,0.012618966725601748,FBDIX,healthcare,2025
2025-08-18,-0.0029174662334665175,FBDIX,healthcare,2025
2025-08-19,-0.006367912136479872,FBDIX,healthcare,2025
2025-08-20,0.008892928518202687,FBDIX,healthcare,2025
2025-08-21,0.01189014031596323,FBDIX,healthcare,2025
2025-08-22,-0.0049692398692179835,FBDIX,healthcare,2025
2025-08-25,-0.011201469756922293,FBDIX,healthcare,2025
2025-08-26,0.011700369823676815,FBDIX,healthcare,2025
2025-08-27,-0.003400176716326528,FBDIX,healthcare,2025
2025-08-28,-0.003442684179210117,FBDIX,healthcare,2025
2025-08-29,0.0031484121991701506,FBDIX,healthcare,2025
2025-09-02,0.02861050389350825,FBDIX,healthcare,2025
2025-09-03,-0.002983217968920285,FBDIX,healthcare,2025
2025-09-04,-0.0049281723507911615,FBDIX,healthcare,2025
2025-09-05,0.021620199981866484,FBDIX,healthcare,2025
2025-09-08,-0.0017836132207710157,FBDIX,healthcare,2025
2025-09-09,0.005786456647936083,FBDIX,healthcare,2025
2025-09-10,-0.015921553819723978,FBDIX,healthcare,2025
2025-09-11,0.003211506987686354,FBDIX,healthcare,2025
2025-09-12,-0.016857398855834312,FBDIX,healthcare,2025
2025-09-15,-0.012221539395587322,FBDIX,healthcare,2025
2025-09-16,-0.0007301686037321821,FBDIX,healthcare,2025
2025-09-17,0.0028000625389313213,FBDIX,healthcare,2025
2025-09-18,0.017294792375642225,FBDIX,healthcare,2025
2025-09-19,-0.017569549515934965,FBDIX,healthcare,2025
2025-09-22,0.004038456883624475,FBDIX,healthcare,2025
2025-09-23,-0.003897922690103217,FBDIX,healthcare,2025
2025-09-24,0.027167102140166575,FBDIX,healthcare,2025
2025-09-25,-0.01409227909210706,FBDIX,healthcare,2025
2025-09-26,0.012524551289263757,FBDIX,healthcare,2025
2025-09-29,0.01908544408493855,FBDIX,healthcare,2025
2025-09-30,0.007061783556858211,FBDIX,healthcare,2025
2025-10-01,0.008065633393547437,FBDIX,healthcare,2025
2025-10-02,0.004622630371637665,FBDIX,healthcare,2025
2025-10-03,0.006435419391005484,FBDIX,healthcare,2025
2025-10-06,-0.005665228059533312,FBDIX,healthcare,2025
2025-10-07,0.006821252219630159,FBDIX,healthcare,2025
2025-10-08,0.008263838530276641,FBDIX,healthcare,2025
2025-10-09,0.014348922023966424,FBDIX,healthcare,2025
2025-10-10,0.008194248934665629,FBDIX,healthcare,2025
2025-10-13,-0.00861347151879416,FBDIX,healthcare,2025
2025-10-14,0.0008136075986910514,FBDIX,healthcare,2025
2025-10-15,0.012077078145581135,FBDIX,healthcare,2025
2025-10-16,0.008962297142165296,FBDIX,healthcare,2025
2025-10-17,0.003998811902077515,FBDIX,healthcare,2025
2025-10-20,0.006762968192350888,FBDIX,healthcare,2025
2025-10-21,-0.006908618790627719,FBDIX,healthcare,2025
2025-10-22,-0.013766905030924911,FBDIX,healthcare,2025
2025-10-23,-0.007926381074671064,FBDIX,healthcare,2025
2025-10-24,-0.0021481943471735364,FBDIX,healthcare,2025
2025-10-27,0.0128492241097354,FBDIX,healthcare,2025
2025-10-28,0.009859474700483997,FBDIX,healthcare,2025
2025-10-29,-0.008848794575349523,FBDIX,healthcare,2025
2025-10-30,0.019330487928245925,FBDIX,healthcare,2025
2025-10-31,0.0023149796176502985,FBDIX,healthcare,2025
2025-11-03,-0.02786508322032704,FBDIX,healthcare,2025
2025-11-04,-0.0017792933298924393,FBDIX,healthcare,2025
2025-11-05,-0.00552354747153227,FBDIX,healthcare,2025
2025-11-06,0.002600199479000529,FBDIX,healthcare,2025
2025-11-07,-0.001543071108025038,FBDIX,healthcare,2025
2025-11-10,0.0006853317830702275,FBDIX,healthcare,2025
2025-11-11,0.028842008190262315,FBDIX,healthcare,2025
2025-11-12,0.00276198426205937,FBDIX,healthcare,2025
2025-11-13,-0.002011212986113377,FBDIX,healthcare,2025
2025-11-14,0.011527899142445211,FBDIX,healthcare,2025
2025-11-17,0.033560530924722574,FBDIX,healthcare,2025
2025-11-18,0.020452204862357243,FBDIX,healthcare,2025
2025-11-19,-0.008232264337514991,FBDIX,healthcare,2025
2025-11-20,0.00014304777036808908,FBDIX,healthcare,2025
2025-11-21,0.009030100640371238,FBDIX,healthcare,2025
2025-11-24,0.01194702057285153,FBDIX,healthcare,2025
2025-11-25,0.005059662311231592,FBDIX,healthcare,2025
2025-11-26,0.0037933421786031808,FBDIX,healthcare,2025
2025-11-28,-0.0035307307024225257,FBDIX,healthcare,2025
2025-12-01,-0.026812996867296296,FBDIX,healthcare,2025
2025-12-02,-0.017920196475614134,FBDIX,healthcare,2025
2025-12-03,0.01461951214557852,FBDIX,healthcare,2025
2025-12-04,0.005421851495004083,FBDIX,healthcare,2025
2025-12-05,0.0009594357659833031,FBDIX,healthcare,2025
2025-12-08,0.013521726759330516,FBDIX,healthcare,2025
2025-12-09,-0.02115703483596849,FBDIX,healthcare,2025
2025-12-10,0.007678325230416184,FBDIX,healthcare,2025
2025-12-11,0.002696400370490508,FBDIX,healthcare,2025
2025-12-12,-0.0009870736076726888,FBDIX,healthcare,2025
2025-12-15,-0.0008012184634201561,FBDIX,healthcare,2025
2025-12-16,-0.008551140840924875,FBDIX,healthcare,2025
2025-12-17,-0.008122024872469,FBDIX,healthcare,2025
2025-12-18,-0.012760887770576546,FBDIX,healthcare,2025
2025-12-19,0.011814487981966701,FBDIX,healthcare,2025
2025-12-22,0.020266679424055384,FBDIX,healthcare,2025
2025-12-23,-0.007343820564291868,FBDIX,healthcare,2025
2025-12-24,0.0034412388970820806,FBDIX,healthcare,2025
2025-12-26,-0.009454940874931612,FBDIX,healthcare,2025
2025-12-29,-0.0029735424731877668,FBDIX,healthcare,2025
2025-12-30,-0.011248441502950441,FBDIX,healthcare,2025
2025-12-31,-0.0012394895956010493,FBDIX,healthcare,2025
