Fund,H_without_fund,drop_in_diversification
FBDIX,0.7780612244897959,0.019557823129251806
FSHCX,0.7806122448979592,0.017006802721088454
VGHCX,0.7831632653061225,0.014455782312925214
PRHSX,0.7895408163265306,0.008078231292517057
ETHSX,0.7959183673469388,0.001700680272108901
PHSTX,0.8022959183673469,-0.0046768707482992555
FSMEX,0.8150510204081632,-0.01743197278911557
FSPHX,0.8150510204081632,-0.01743197278911557
FACDX,0.8188775510204082,-0.021258503401360485
