Fund,I_without_fund,marginal_impact
DPREX,7.73,0.319586776859504
PHRAX,7.73,0.319586776859504
FREAX,7.8500000000000005,0.19958677685950388
TRREX,7.930000000000001,0.11958677685950381
RPFRX,7.97,0.07958677685950466
SOAAX,8.01,0.039586776859504624
IARAX,8.01,0.039586776859504624
STMDX,8.03,0.01958677685950505
CSEIX,8.13,-0.08041322314049637
FRESX,8.13,-0.08041322314049637
DFREX,8.14,-0.09041322314049616
