Date,Daily_Return,Year
1999-01-04,0.0,1999
1999-01-05,0.0527949899350022,1999
1999-01-06,0.028023646785174883,1999
1999-01-07,0.005738922668075963,1999
1999-01-08,0.009985567954429175,1999
1999-01-11,0.019774028553768197,1999
1999-01-12,-0.024238205706161087,1999
1999-01-13,0.019872179933691614,1999
1999-01-14,-0.02157272224423923,1999
1999-01-15,0.04125188962968451,1999
1999-01-19,0.008196656518338008,1999
1999-01-20,0.013550111793106057,1999
1999-01-21,-0.038770076119067576,1999
1999-01-22,-0.016689632224091033,1999
1999-01-25,0.007779373185835992,1999
1999-01-26,0.03859635205201872,1999
1999-01-27,-0.019594604382630387,1999
1999-01-28,0.026188796520428825,1999
1999-01-29,0.026863701340154034,1999
1999-02-01,-0.007194108189673698,1999
1999-02-02,-0.029644512373527054,1999
1999-02-03,0.01833004450646558,1999
1999-02-04,-0.04400005944648022,1999
1999-02-05,-0.02928855897799132,1999
1999-02-08,0.02442526786732402,1999
1999-02-09,-0.055399621070231,1999
1999-02-10,0.005196510783702646,1999
1999-02-11,0.05834554572875961,1999
1999-02-12,-0.032798326496983776,1999
1999-02-16,0.0007216709226296469,1999
1999-02-17,-0.03388616853386184,1999
1999-02-18,0.016417963907024546,1999
1999-02-19,0.009544801393395419,1999
1999-02-22,0.03927286058232382,1999
1999-02-23,0.005598105151799704,1999
1999-02-24,-0.016701415895069904,1999
1999-02-25,-0.029016222207202347,1999
1999-02-26,-0.04664703928503977,1999
1999-03-01,0.005351452331505913,1999
1999-03-02,-0.029657746421464903,1999
1999-03-03,0.005485754480266669,1999
1999-03-04,0.007014944319953642,1999
1999-03-05,0.035603716045992995,1999
1999-03-08,0.028400463995424508,1999
1999-03-09,-0.018895378690174436,1999
1999-03-10,0.007407530393685802,1999
1999-03-11,-0.007353062360761831,1999
1999-03-12,-0.016296169834318586,1999
1999-03-15,0.01957825053446105,1999
1999-03-16,0.02215666959632201,1999
1999-03-17,0.0014448992223281554,1999
1999-03-18,0.0028860684552902693,1999
1999-03-19,-0.024460328506855755,1999
1999-03-22,-0.008849667232389002,1999
1999-03-23,-0.03571427924019088,1999
1999-03-24,0.018518562034381736,1999
1999-03-25,0.034091010814449874,1999
1999-03-26,-0.0014651005847730048,1999
1999-03-29,0.041819447514187535,1999
1999-03-30,-0.016197311234324996,1999
1999-03-31,0.0028632559831593962,1999
1999-04-01,0.02855098544905066,1999
1999-04-05,0.036779981437555564,1999
1999-04-06,0.018072393779657636,1999
1999-04-07,-0.014464375143110386,1999
1999-04-08,0.015343932757894141,1999
1999-04-09,-0.0006571850390076905,1999
1999-04-12,-0.023011236516584543,1999
1999-04-13,-0.0067294226935742385,1999
1999-04-14,0.0006774189315317258,1999
1999-04-15,-0.0027081712858131324,1999
1999-04-16,-0.019008512356690876,1999
1999-04-19,-0.04498300933367538,1999
1999-04-20,0.027536459346632514,1999
1999-04-21,0.06629053589400069,1999
1999-04-22,0.026454976580527312,1999
1999-04-23,-0.0006444032790315912,1999
1999-04-26,0.021921483061254188,1999
1999-04-27,-0.01324925916711761,1999
1999-04-28,-0.01534545818210764,1999
1999-04-29,0.0006495829206203396,1999
1999-04-30,0.004542389548915171,1999
1999-05-03,0.016795812154459577,1999
1999-05-04,-0.014612415522649913,1999
1999-05-05,0.021921483061254188,1999
1999-05-06,-0.02649844147837177,1999
1999-05-07,0.01555391238745596,1999
1999-05-10,0.0140396901241433,1999
1999-05-11,0.022026334454750884,1999
1999-05-12,0.028940960970692098,1999
1999-05-13,-0.011968859576126478,1999
1999-05-14,-0.021805089674250322,1999
1999-05-17,0.005572787550844227,1999
1999-05-18,0.0067734211852812365,1999
1999-05-19,0.024464789424981204,1999
1999-05-20,-0.012537143144723428,1999
1999-05-21,0.0024182131500889437,1999
1999-05-24,-0.027744127603810842,1999
1999-05-25,-0.04156332348498415,1999
1999-05-26,0.02653708643968833,1999
1999-05-27,-0.0018913827832321983,1999
1999-05-28,0.008212190120008067,1999
1999-06-01,-0.011904591988179836,1999
1999-06-02,0.02980318479568922,1999
1999-06-03,-0.015394043589928241,1999
1999-06-04,0.04002500629652217,1999
1999-06-07,0.00962131091029561,1999
1999-06-08,-0.028588580108816486,1999
1999-06-09,0.02820363367377232,1999
1999-06-10,-0.0035778618427408926,1999
1999-06-11,-0.001196951567967175,1999
1999-06-14,-0.0011983859779425288,1999
1999-06-15,0.017996626696653806,1999
1999-06-16,0.0318208221446834,1999
1999-06-17,0.0005709585585100818,1999
1999-06-18,0.0039954722060757675,1999
1999-06-21,0.03240479886624037,1999
1999-06-22,-0.025330331834081843,1999
1999-06-23,0.009039545300788765,1999
1999-06-24,-0.03527441804631071,1999
1999-06-25,-0.0034821295882175862,1999
1999-06-28,0.010483246288071957,1999
1999-06-29,0.02478394762463676,1999
1999-06-30,0.012373492006354292,1999
1999-07-01,0.01166643814785262,1999
1999-07-02,0.008237435951809813,1999
1999-07-06,0.0027232235153176187,1999
1999-07-07,0.0021727812711904715,1999
1999-07-08,0.01897003940055697,1999
1999-07-09,0.004787261615339489,1999
1999-07-12,0.00847002390287388,1999
1999-07-13,-0.010498542485464779,1999
1999-07-14,0.02758631252364041,1999
1999-07-15,0.0,1999
1999-07-16,-0.002065095440778375,1999
1999-07-19,-0.010346529328011944,1999
1999-07-20,-0.042341977425669475,1999
1999-07-21,0.013646313217355432,1999
1999-07-22,-0.02800225973964976,1999
1999-07-23,0.0016621043382827327,1999
1999-07-26,-0.018805228867909807,1999
1999-07-27,0.03664041224807013,1999
1999-07-28,0.013050400119975158,1999
1999-07-29,-0.023617700789885232,1999
1999-07-30,0.005497348363847632,1999
1999-08-02,-0.0043740073681374225,1999
1999-08-03,-0.007687890021242594,1999
1999-08-04,-0.016602105693753977,1999
1999-08-05,0.0073154367891050676,1999
1999-08-06,0.0011174459513783042,1999
1999-08-09,0.012276961652865959,1999
1999-08-10,-0.006615296437604834,1999
1999-08-11,0.04328509907059108,1999
1999-08-12,-0.016489363080766983,1999
1999-08-13,0.04488910969743576,1999
1999-08-16,0.0010352517110594484,1999
1999-08-17,-0.002585295216211758,1999
1999-08-18,-0.017625637934524097,1999
1999-08-19,-0.014247972734691028,1999
1999-08-20,0.019271990919319748,1999
1999-08-23,0.01102919559942861,1999
1999-08-24,0.0057143045178822405,1999
1999-08-25,0.009297573962665284,1999
1999-08-26,-0.01432953012971161,1999
1999-08-27,-0.006230606833023233,1999
1999-08-30,-0.006269479750987572,1999
1999-08-31,0.004206065439440687,1999
1999-09-01,0.0031412726347594955,1999
1999-09-02,-0.0010438331731047468,1999
1999-09-03,0.0329153574090979,1999
1999-09-07,0.005058129360934416,1999
1999-09-08,-0.015601287687575738,1999
1999-09-09,0.00920250575903947,1999
1999-09-10,0.01063827489502267,1999
1999-09-13,-0.011529035844901614,1999
1999-09-14,0.030426222735433273,1999
1999-09-15,-0.029035561259245002,1999
1999-09-16,0.0055752841172194145,1999
1999-09-17,0.02671380672820378,1999
1999-09-20,-0.009327547535663783,1999
1999-09-21,-0.023785800366198262,1999
1999-09-22,0.0101522032810204,1999
1999-09-23,-0.03417095172214024,1999
1999-09-24,-0.0020810858482930294,1999
1999-09-27,0.020333711316097736,1999
1999-09-28,-0.008176025854738866,1999
1999-09-29,-0.009788630966729772,1999
1999-09-30,-0.011446447516421987,1999
1999-10-01,-0.0010524951848793762,1999
1999-10-04,0.026870306123464083,1999
1999-10-05,0.007183114736454277,1999
1999-10-06,0.007132009696673602,1999
1999-10-07,-0.005058190977810573,1999
1999-10-08,-0.00203359969688921,1999
1999-10-11,-0.003056398280493644,1999
1999-10-12,-0.012774803082948538,1999
1999-10-13,-0.027950346001311077,1999
1999-10-14,-0.008519636047354395,1999
1999-10-15,-0.01288946219293241,1999
1999-10-18,-0.022850948068358856,1999
1999-10-19,0.003341002939808657,1999
1999-10-20,0.04550510774376737,1999
1999-10-21,-0.005307877728263799,1999
1999-10-22,0.02241177384843218,1999
1999-10-25,0.010960502631930824,1999
1999-10-26,-0.001032579165031522,1999
1999-10-27,-0.009819232422265123,1999
1999-10-28,0.04018795863602831,1999
1999-10-29,0.024586101812725802,1999
1999-11-01,0.008325224658175312,1999
1999-11-02,-0.0033996222799679288,1999
1999-11-03,0.014132261411157865,1999
1999-11-04,0.013935792072873099,1999
1999-11-05,0.015165755948457926,1999
1999-11-08,0.010737600984905615,1999
1999-11-09,-0.0032333998626201677,1999
1999-11-10,0.01807254555674853,1999
1999-11-11,0.011834114800095552,1999
1999-11-12,0.003598931828090235,1999
1999-11-15,0.0026892464649721504,1999
1999-11-16,0.014304979024896802,1999
1999-11-17,-0.004407193071671256,1999
1999-11-18,0.023018960349925788,1999
1999-11-19,-0.001298076426371253,1999
1999-11-22,-0.007365679041250961,1999
1999-11-23,-0.01615007799236967,1999
1999-11-24,0.014640359625782251,1999
1999-11-26,0.012243231749565098,1999
1999-11-29,-0.0095032704721284,1999
1999-11-30,-0.01918889823423886,1999
1999-12-01,0.009782374609634381,1999
1999-12-02,0.021576279256085407,1999
1999-12-03,0.019396661491213107,1999
1999-12-06,0.010570688621459157,1999
1999-12-07,-0.005020983030086579,1999
1999-12-08,-0.0054665825596170725,1999
1999-12-09,-0.00845669511971503,1999
1999-12-10,0.009381588548059927,1999
1999-12-13,0.008027026704330531,1999
1999-12-14,-0.01466883764946525,1999
1999-12-15,0.008932350206575235,1999
1999-12-16,0.01586008393016769,1999
1999-12-17,-0.0017093405257885275,1999
1999-12-20,0.009132464026281317,1999
1999-12-21,0.017533875967054913,1999
1999-12-22,-0.0033351653250910385,1999
1999-12-23,0.010596748087364993,1999
1999-12-27,0.012693028215978064,1999
1999-12-28,-0.002724730558505417,1999
1999-12-29,0.03879791281494516,1999
1999-12-30,-0.004208098213476452,1999
1999-12-31,0.0,1999
2000-01-03,0.0,2000
2000-01-04,-0.049121094663920783,2000
2000-01-05,-0.006525244870364988,2000
2000-01-06,-0.01368369433815042,2000
2000-01-07,0.020532761726613113,2000
2000-01-10,0.04458946275136544,2000
2000-01-11,-0.019781332906207982,2000
2000-01-12,-0.0005310169998000713,2000
2000-01-13,0.01912856005773289,2000
2000-01-14,0.021376438078160476,2000
2000-01-18,0.008677978125752439,2000
2000-01-19,0.01771248257537228,2000
2000-01-20,0.012928897768317071,2000
2000-01-21,0.002945402386462348,2000
2000-01-24,-0.013705337034296883,2000
2000-01-25,0.009429353949763852,2000
2000-01-26,-0.008357732079909086,2000
2000-01-27,-0.0019833943835232404,2000
2000-01-28,-0.03278676963967553,2000
2000-01-31,-0.002054429719401063,2000
2000-02-01,0.018013404024129764,2000
2000-02-02,0.008088927244688904,2000
2000-02-03,0.01955877492534208,2000
2000-02-04,0.0157399224669188,2000
2000-02-07,-0.0019366905500534104,2000
2000-02-08,0.009218637536117624,2000
2000-02-09,-0.00432693878550372,2000
2000-02-10,0.023177407827974505,2000
2000-02-11,-0.01368573874023471,2000
2000-02-14,0.022966445836273053,2000
2000-02-15,-0.00046759940325880045,2000
2000-02-16,0.014038281209196146,2000
2000-02-17,0.015228370697317084,2000
2000-02-18,-0.02181828652564921,2000
2000-02-22,-0.0023233644778127838,2000
2000-02-23,0.0200280276183451,2000
2000-02-24,0.0447487376864828,2000
2000-02-25,0.005681821707037571,2000
2000-02-28,0.00043470663201761184,2000
2000-02-29,0.02562984067759788,2000
2000-03-01,0.0042353916978234984,2000
2000-03-02,-0.008434982782702383,2000
2000-03-03,0.04934038767479798,2000
2000-03-06,0.00851256259141997,2000
2000-03-07,-0.026125343078376995,2000
2000-03-08,0.004539541251992629,2000
2000-03-09,0.032456990436098065,2000
2000-03-10,-0.009152314981535237,2000
2000-03-13,-0.019277128696530088,2000
2000-03-14,-0.01597037867666984,2000
2000-03-15,-0.02996272243626108,2000
2000-03-16,0.0,2000
2000-03-17,0.04890612238497316,2000
2000-03-20,-0.0364007682769687,2000
2000-03-21,0.014855630159784416,2000
2000-03-22,0.03345851732812766,2000
2000-03-23,0.0032378950558349384,2000
2000-03-24,-0.012101862682880049,2000
2000-03-27,0.0028582555786811348,2000
2000-03-28,-0.0012212379956091368,2000
2000-03-29,-0.02690587436170655,2000
2000-03-30,-0.021365781089893954,2000
2000-03-31,0.024829066350688267,2000
2000-04-03,-0.03383477093240206,2000
2000-04-04,-0.0008648258016209498,2000
2000-04-05,0.011683296065441162,2000
2000-04-06,0.013686977463823746,2000
2000-04-07,0.02236291405801949,2000
2000-04-10,-0.0359060012432163,2000
2000-04-11,-0.007705506831914732,2000
2000-04-12,-0.039689291367310475,2000
2000-04-13,0.006289108638124041,2000
2000-04-14,-0.07232137778785419,2000
2000-04-17,0.02887399341556174,2000
2000-04-18,0.05425638706009539,2000
2000-04-19,-0.010647905632419685,2000
2000-04-20,-0.01121081210890884,2000
2000-04-24,-0.017687086654701756,2000
2000-04-25,0.05078503638369125,2000
2000-04-26,-0.0021967837003435964,2000
2000-04-27,0.025979618233731294,2000
2000-04-28,0.004721190952841736,2000
2000-05-01,0.010679090624500231,2000
2000-05-02,-0.030853754744471495,2000
2000-05-03,-0.01788066396626664,2000
2000-05-04,0.0026645184105174025,2000
2000-05-05,0.013285930731848472,2000
2000-05-08,-0.020541791814305155,2000
2000-05-09,-0.018741830463853915,2000
2000-05-10,-0.02273770972393796,2000
2000-05-11,0.03164276272271205,2000
2000-05-12,0.017140413451885328,2000
2000-05-15,0.012860189612431627,2000
2000-05-16,0.019264483984150482,2000
2000-05-17,0.0017182785414655566,2000
2000-05-18,-0.013722268540821037,2000
2000-05-19,-0.02478257146229712,2000
2000-05-22,-0.009362363291656517,2000
2000-05-23,-0.012151258249375463,2000
2000-05-24,0.006378092158447757,2000
2000-05-25,-0.011769958414789672,2000
2000-05-26,-0.008245644295970855,2000
2000-05-30,0.0420322773676407,2000
2000-05-31,-0.0022161018222295326,2000
2000-06-01,0.010661781544115678,2000
2000-06-02,0.02329675383254859,2000
2000-06-05,-0.0025773034787994753,2000
2000-06-06,-0.006029323736505554,2000
2000-06-07,0.001733014577358194,2000
2000-06-08,-0.0034599561175548965,2000
2000-06-09,0.005642286535058716,2000
2000-06-12,-0.02028476122907108,2000
2000-06-13,0.006167205008932086,2000
2000-06-14,-0.011821176015778034,2000
2000-06-15,-0.0013292288436448363,2000
2000-06-16,-0.003549459326819049,2000
2000-06-19,0.017364372540324302,2000
2000-06-20,-0.0048140903934155155,2000
2000-06-21,-0.012313183860393373,2000
2000-06-22,-0.012021099733586893,2000
2000-06-23,-0.01802626175955624,2000
2000-06-26,0.016980199729116796,2000
2000-06-27,-0.004061306437217582,2000
2000-06-28,0.032623586476745015,2000
2000-06-29,-0.012724992246982869,2000
2000-06-30,-0.014666771293746717,2000
2000-07-03,0.027514688872986026,2000
2000-07-05,-0.0175592309835626,2000
2000-07-06,0.02055401667321055,2000
2000-07-07,0.013572789378631711,2000
2000-07-10,0.004751704798269918,2000
2000-07-11,-0.0012898740084208438,2000
2000-07-12,0.023245809121733796,2000
2000-07-13,0.013462262576229955,2000
2000-07-14,-0.00041514425010480416,2000
2000-07-17,-0.010382032381140993,2000
2000-07-18,-0.02182117252492277,2000
2000-07-19,-0.0042900534718975925,2000
2000-07-20,0.010771190414246012,2000
2000-07-21,-0.02301783568748572,2000
2000-07-24,-0.006980759015865368,2000
2000-07-25,0.009666019801693126,2000
2000-07-26,-0.013054671417077057,2000
2000-07-27,-0.027336998243384314,2000
2000-07-28,-0.04079788989551236,2000
2000-07-31,0.03213615801432845,2000
2000-08-01,-0.02060430732541718,2000
2000-08-02,0.0004673807787041184,2000
2000-08-03,-0.0023363926088170173,2000
2000-08-04,0.019672007704871763,2000
2000-08-07,0.01240259756667439,2000
2000-08-08,-0.00998186820233704,2000
2000-08-09,0.0004582515738522641,2000
2000-08-10,-0.004580823180956761,2000
2000-08-11,0.010124188113704635,2000
2000-08-14,0.020045594179466386,2000
2000-08-15,-0.009825911692250777,2000
2000-08-16,0.015336184679646925,2000
2000-08-17,0.011550269908591648,2000
2000-08-18,-0.00702674610175269,2000
2000-08-21,0.006634308969313496,2000
2000-08-22,-0.00834788721051194,2000
2000-08-23,0.003101402935121511,2000
2000-08-24,0.00839213368160907,2000
2000-08-25,0.0039421955370957384,2000
2000-08-28,-0.0047993105331437524,2000
2000-08-29,0.010083428136855588,2000
2000-08-30,0.0034719689778597296,2000
2000-08-31,-0.0017300164336595536,2000
2000-09-01,0.010398702526329462,2000
2000-09-05,0.00042885180408047674,2000
2000-09-06,-0.018859869460107315,2000
2000-09-07,0.013106232132877649,2000
2000-09-08,-0.003449893823522343,2000
2000-09-11,0.0012981696015932354,2000
2000-09-12,-0.003889382943108033,2000
2000-09-13,-0.002603020544639678,2000
2000-09-14,0.0021749607289109907,2000
2000-09-15,-0.01475692712916199,2000
2000-09-18,-0.027313069276328372,2000
2000-09-19,0.01313417866379063,2000
2000-09-20,0.006258501437173214,2000
2000-09-21,-0.01466017625824445,2000
2000-09-22,-0.012623985789005698,2000
2000-09-25,0.0022830500810131493,2000
2000-09-26,-0.001822392886014601,2000
2000-09-27,-0.005020547955745025,2000
2000-09-28,0.0298167769948654,2000
2000-09-29,-0.014254042850416537,2000
2000-10-02,-0.004066811851718755,2000
2000-10-03,-0.004537176223505912,2000
2000-10-04,0.0027346327341004617,2000
2000-10-05,-0.004545425948877302,2000
2000-10-06,-0.01506860048146863,2000
2000-10-09,0.01159030521027371,2000
2000-10-10,-0.023373188615290585,2000
2000-10-11,-0.00938512364350208,2000
2000-10-12,-0.024632971258381375,2000
2000-10-13,0.05148123848468322,2000
2000-10-16,0.007390336460334712,2000
2000-10-17,-0.007794500444305186,2000
2000-10-18,-0.004620878914079918,2000
2000-10-19,0.04688932630559517,2000
2000-10-20,0.01463401429619915,2000
2000-10-23,0.012674940422382264,2000
2000-10-24,-0.006473886037917098,2000
2000-10-25,-0.014769672064363193,2000
2000-10-26,0.016313789197987427,2000
2000-10-27,0.0017354240125930787,2000
2000-10-30,0.014291925918343384,2000
2000-10-31,0.02476515190259443,2000
2000-11-01,-0.015833380528884944,2000
2000-11-02,0.01820483377262727,2000
2000-11-03,-0.003742143520231167,2000
2000-11-06,-0.009182060267310166,2000
2000-11-07,0.0029487037662683235,2000
2000-11-08,-0.013859672787950084,2000
2000-11-09,0.001703491125235157,2000
2000-11-10,-0.042517117788233194,2000
2000-11-13,0.006216736856902161,2000
2000-11-14,0.026478603728296468,2000
2000-11-15,0.02149606923330838,2000
2000-11-16,-0.02188553232094348,2000
2000-11-17,0.0,2000
2000-11-20,-0.03829598949681934,2000
2000-11-21,-0.012080816976134945,2000
2000-11-22,-0.016304248243627528,2000
2000-11-24,0.029465828762533786,2000
2000-11-27,0.0,2000
2000-11-28,-0.027280890369893673,2000
2000-11-29,-0.008275730184012176,2000
2000-11-30,-0.026425550366741102,2000
2000-12-01,0.02047610469077843,2000
2000-12-04,0.000933513765188021,2000
2000-12-05,0.06992986976996218,2000
2000-12-06,-0.008278776914588004,2000
2000-12-07,-0.015377797757280098,2000
2000-12-08,0.03971427883681966,2000
2000-12-11,0.021459245771600965,2000
2000-12-12,-0.03277305310673406,2000
2000-12-13,-0.03822777193530291,2000
2000-12-14,-0.019421781100280366,2000
2000-12-15,-0.026255058645675344,2000
2000-12-18,0.03237010580329591,2000
2000-12-19,-0.02214329184135666,2000
2000-12-20,-0.041666871070917266,2000
2000-12-21,-0.007561535736524849,2000
2000-12-22,0.06952394049280208,2000
2000-12-26,-0.002671369047823391,2000
2000-12-27,0.03482147255157941,2000
2000-12-28,0.026747068069636004,2000
2000-12-29,-0.017646981684998675,2000
2001-01-02,0.0,2001
2001-01-03,0.08195208579690338,2001
2001-01-04,-0.009361746142643845,2001
2001-01-05,-0.04896900346596533,2001
2001-01-08,0.00813010422238869,2001
2001-01-09,0.005376413957224546,2001
2001-01-10,0.028520295085213032,2001
2001-01-11,0.03899483522704639,2001
2001-01-12,-0.01834855782941547,2001
2001-01-16,-0.01104509560117084,2001
2001-01-17,0.030927845620620786,2001
2001-01-18,0.03999998776068692,2001
2001-01-19,-0.023237263060060798,2001
2001-01-22,-0.015586450536841823,2001
2001-01-23,0.02083329986646154,2001
2001-01-24,0.021224618255185845,2001
2001-01-25,-0.02398090667326469,2001
2001-01-26,0.0008190115326205394,2001
2001-01-29,0.040098197951457415,2001
2001-01-30,0.013375325443791164,2001
2001-01-31,-0.0015527440137538262,2001
2001-02-01,0.0,2001
2001-02-02,-0.03888046841350967,2001
2001-02-05,-0.01699029306474964,2001
2001-02-06,0.009876824895068692,2001
2001-02-07,-0.020375012203775578,2001
2001-02-08,-0.008319576198008716,2001
2001-02-09,-0.027684312251294307,2001
2001-02-12,0.015530513544965263,2001
2001-02-13,-0.017841969522708112,2001
2001-02-14,0.028546687524318548,2001
2001-02-15,0.03784688357271415,2001
2001-02-16,-0.05105348351784045,2001
2001-02-20,-0.045260348144705365,2001
2001-02-21,-0.013417071902289579,2001
2001-02-22,-0.004532901883608886,2001
2001-02-23,-0.005464635743340995,2001
2001-02-26,0.01648364996535423,2001
2001-02-27,-0.044144059360006316,2001
2001-02-28,-0.024505242255318693,2001
2001-03-01,0.013526480329340451,2001
2001-03-02,0.014299345377564832,2001
2001-03-05,0.025376100071572427,2001
2001-03-06,0.03666341332076861,2001
2001-03-07,0.003536577368372207,2001
2001-03-08,-0.017620974714275373,2001
2001-03-09,-0.05022404941082115,2001
2001-03-12,-0.03021714288884325,2001
2001-03-13,0.030184767707240434,2001
2001-03-14,-0.009451746145418882,2001
2001-03-15,-0.015267199643191343,2001
2001-03-16,-0.029069613850561726,2001
2001-03-19,0.03692607501873235,2001
2001-03-20,-0.03946126765758562,2001
2001-03-21,-0.00400788516039452,2001
2001-03-22,0.03319944583244916,2001
2001-03-23,0.02336880051955692,2001
2001-03-26,-0.007611635988612253,2001
2001-03-27,0.0191752634480975,2001
2001-03-28,-0.05362175166685812,2001
2001-03-29,-0.019880792622030352,2001
2001-03-30,-0.008113510573119154,2001
2001-04-02,-0.04601230707947568,2001
2001-04-03,-0.04394434890543253,2001
2001-04-04,-0.020179329280089586,2001
2001-04-05,0.10411899469721919,2001
2001-04-06,-0.042487128744516545,2001
2001-04-09,0.0010824640720974443,2001
2001-04-10,0.05837834340380632,2001
2001-04-11,0.03472911191441752,2001
2001-04-12,0.03158939405966721,2001
2001-04-16,-0.026794260054391783,2001
2001-04-17,0.010816178135096832,2001
2001-04-18,0.07295708456690098,2001
2001-04-19,0.04714436002960398,2001
2001-04-20,-0.019047549411455922,2001
2001-04-23,-0.032656925017147675,2001
2001-04-24,-0.02189768122491864,2001
2001-04-25,0.012126853290507222,2001
2001-04-26,-0.010138212589262063,2001
2001-04-27,0.023277429928864057,2001
2001-04-30,0.014558713582438987,2001
2001-05-01,0.010762390390569365,2001
2001-05-02,0.01419708670695008,2001
2001-05-03,-0.031496148993858775,2001
2001-05-04,0.01174327196456959,2001
2001-05-07,-0.010714263175369387,2001
2001-05-08,0.009927680068080535,2001
2001-05-09,-0.009830090078738474,2001
2001-05-10,-0.002707616893667053,2001
2001-05-11,-0.0027147187700385933,2001
2001-05-14,-0.013611708823433322,2001
2001-05-15,0.011039534023334463,2001
2001-05-16,0.04003658764040363,2001
2001-05-17,0.02362195112451082,2001
2001-05-18,0.00341869103063952,2001
2001-05-21,0.05877364890329395,2001
2001-05-22,-0.004022725830985063,2001
2001-05-23,-0.04119549819654256,2001
2001-05-24,-0.0008424710587140449,2001
2001-05-25,-0.014333851853009949,2001
2001-05-29,-0.035072700501667886,2001
2001-05-30,-0.047872316618017274,2001
2001-05-31,0.016759653822310927,2001
2001-06-01,0.021978227974214448,2001
2001-06-04,-0.001792055732299902,2001
2001-06-05,0.04039500125208484,2001
2001-06-06,-0.011216710809764274,2001
2001-06-07,0.04537516978241829,2001
2001-06-08,-0.022537551411437762,2001
2001-06-11,-0.023911029703825637,2001
2001-06-12,-0.0034996078039583045,2001
2001-06-13,-0.014047511686917535,2001
2001-06-14,-0.03918086952854072,2001
2001-06-15,-0.005560777681956064,2001
2001-06-18,-0.0186391483968793,2001
2001-06-19,-0.005697993031611559,2001
2001-06-20,0.0028654546181443585,2001
2001-06-21,0.004761791527459147,2001
2001-06-22,-0.021800971372189393,2001
2001-06-25,0.010659054098564269,2001
2001-06-26,0.009587587718854262,2001
2001-06-27,0.0009495928597731407,2001
2001-06-28,0.02846319823203447,2001
2001-06-29,0.033210084933088524,2001
2001-07-02,-0.009821312291110385,2001
2001-07-03,0.0,2001
2001-07-05,-0.022542712333320725,2001
2001-07-06,-0.047970593134372796,2001
2001-07-09,0.0029070147541538915,2001
2001-07-10,-0.026086941868497804,2001
2001-07-11,0.010912658390499486,2001
2001-07-12,0.06182522567434301,2001
2001-07-13,-0.0009242265710812658,2001
2001-07-16,-0.029602185210090948,2001
2001-07-17,0.01525264673700355,2001
2001-07-18,-0.034741808236161464,2001
2001-07-19,0.030155859266346674,2001
2001-07-20,-0.011331591109579375,2001
2001-07-23,-0.01241650241643144,2001
2001-07-24,-0.018375216880878287,2001
2001-07-25,0.01379310344827589,2001
2001-07-26,0.031098293730857707,2001
2001-07-27,0.009425019968189341,2001
2001-07-30,0.0,2001
2001-07-31,-0.0009338046897137131,2001
2001-08-01,0.028971999738856447,2001
2001-08-02,0.012715712685289482,2001
2001-08-03,-0.004484281305192628,2001
2001-08-06,-0.013513607386987703,2001
2001-08-07,-0.007305864567965226,2001
2001-08-08,-0.03035884523599508,2001
2001-08-09,0.0,2001
2001-08-10,0.0009488661724201819,2001
2001-08-13,0.006634896659015732,2001
2001-08-14,-0.0018831776407769452,2001
2001-08-15,-0.015094365112135244,2001
2001-08-16,0.0,2001
2001-08-17,-0.025862058353745332,2001
2001-08-20,0.008849583881364476,2001
2001-08-21,-0.024366255388138747,2001
2001-08-22,0.023975875473749797,2001
2001-08-23,-0.011707470148315413,2001
2001-08-24,0.04343546214046401,2001
2001-08-27,0.00851460211187205,2001
2001-08-28,-0.014071221614743834,2001
2001-08-29,-0.016175108590425924,2001
2001-08-30,-0.022243650885527377,2001
2001-08-31,0.006923928311038274,2001
2001-09-04,-0.02357576428672159,2001
2001-09-05,-0.014084507042253502,2001
2001-09-06,-0.021428477760355502,2001
2001-09-07,-0.014598730187294073,2001
2001-09-10,-0.010581761827986313,2001
2001-09-17,-0.0705883646558263,2001
2001-09-18,-0.031070285700643963,2001
2001-09-19,-0.022565073233654864,2001
2001-09-20,-0.0449576081857348,2001
2001-09-21,-0.024173052209079282,2001
2001-09-24,0.0456325128984032,2001
2001-09-25,-0.0037409256742255703,2001
2001-09-26,-0.03629521686736881,2001
2001-09-27,-0.012987182518732543,2001
2001-09-28,0.026315956344537872,2001
2001-10-01,-0.020512794259856415,2001
2001-10-02,-0.003926632610058434,2001
2001-10-03,0.06570284901142331,2001
2001-10-04,0.03205915436906159,2001
2001-10-05,0.003584276561121147,2001
2001-10-08,0.005952459009227473,2001
2001-10-09,-0.024852177710473655,2001
2001-10-10,0.040048513135019226,2001
2001-10-11,0.058342968937027395,2001
2001-10-12,0.002205303314219753,2001
2001-10-15,-0.012101266778941189,2001
2001-10-16,0.0077949977736171405,2001
2001-10-17,-0.02430920565496897,2001
2001-10-18,-0.009060036424774931,2001
2001-10-19,0.023999892573807857,2001
2001-10-22,0.013393032770762092,2001
2001-10-23,-0.0022027727701739996,2001
2001-10-24,0.01766007233150302,2001
2001-10-25,0.03362259993068584,2001
2001-10-26,0.0020986631762152097,2001
2001-10-29,-0.041884975780099976,2001
2001-10-30,-0.022950720007736902,2001
2001-10-31,0.019015394529417362,2001
2001-11-01,0.03732171794046568,2001
2001-11-02,0.01269858045319272,2001
2001-11-05,0.01044926526715173,2001
2001-11-06,0.0,2001
2001-11-07,0.023784833630139834,2001
2001-11-08,-0.012121093549343653,2001
2001-11-09,-0.009202574047607381,2001
2001-11-12,0.010320053330064471,2001
2001-11-13,0.015321675294350579,2001
2001-11-14,0.017102655272284384,2001
2001-11-15,-0.003956530463450458,2001
2001-11-16,-0.0009929705379543297,2001
2001-11-19,0.00894625630781598,2001
2001-11-20,-0.020689655172413834,2001
2001-11-21,-0.014084507042253502,2001
2001-11-23,0.012244777528620299,2001
2001-11-26,0.021169357357307295,2001
2001-11-27,0.006910168623446733,2001
2001-11-28,-0.026470308456835623,2001
2001-11-29,0.031218379082535996,2001
2001-11-30,-0.005859272400318805,2001
2001-12-03,-0.005894076329302944,2001
2001-12-04,0.03260867100370146,2001
2001-12-05,0.040191477923556373,2001
2001-12-06,0.0036799854209172977,2001
2001-12-07,-0.019248561235822748,2001
2001-12-10,-0.011214928897165466,2001
2001-12-11,0.006616257006840653,2001
2001-12-12,0.004694810996557663,2001
2001-12-13,-0.03644847602099688,2001
2001-12-14,-0.008729502416759627,2001
2001-12-17,0.021526341799118054,2001
2001-12-18,0.016283739666264063,2001
2001-12-19,-0.017907780187957023,2001
2001-12-20,-0.04990406909315759,2001
2001-12-21,0.025252579574550404,2001
2001-12-24,-0.004925992096598941,2001
2001-12-26,0.012871272640947673,2001
2001-12-27,0.004887469663060973,2001
2001-12-28,0.008754800143049968,2001
2001-12-29,0.0,2001
2001-12-30,0.0,2001
2001-12-31,0.0,2001
2002-01-01,0.0,2001
2002-01-02,0.0,2001
2002-01-02,0.0,2002
2002-01-03,0.04263559375478376,2002
2002-01-04,0.013940618284408846,2002
2002-01-07,-0.010999226853500743,2002
2002-01-08,0.018535755458497505,2002
2002-01-09,0.009099300396271381,2002
2002-01-10,-0.009017249732209853,2002
2002-01-11,-0.014558713582438987,2002
2002-01-14,-0.01754366633731841,2002
2002-01-15,0.005638998173248311,2002
2002-01-16,-0.04205610844076757,2002
2002-01-17,0.031219472615760857,2002
2002-01-18,0.0,2002
2002-01-22,-0.048249614604916946,2002
2002-01-23,0.009940212909274049,2002
2002-01-24,0.00984264862837625,2002
2002-01-25,0.00292392507214978,2002
2002-01-28,0.011661781051902853,2002
2002-01-29,-0.0278579280324881,2002
2002-01-30,0.007905333018037863,2002
2002-01-31,0.011764588359550743,2002
2002-02-01,-0.013566068852718272,2002
2002-02-04,-0.02554025290477091,2002
2002-02-05,-0.012096656658990845,2002
2002-02-06,-0.012244777528620299,2002
2002-02-07,-0.030991853682058923,2002
2002-02-08,0.012793051149304846,2002
2002-02-11,0.021052717016825317,2002
2002-02-12,-0.0030927295540917887,2002
2002-02-13,0.011375346959853205,2002
2002-02-14,-0.009202293332051803,2002
2002-02-15,-0.006191936093361328,2002
2002-02-19,-0.032191200926222296,2002
2002-02-20,0.005364680158474133,2002
2002-02-21,-0.04695821511601761,2002
2002-02-22,-0.0011199382414964765,2002
2002-02-25,0.03251133028448172,2002
2002-02-26,0.00868622438427935,2002
2002-02-27,0.0,2002
2002-02-28,-0.011840744540182913,2002
2002-03-01,0.0511981277850313,2002
2002-03-04,0.05595852812789559,2002
2002-03-05,-0.003925378973607341,2002
2002-03-06,0.004926354295239799,2002
2002-03-07,0.0009804048620305483,2002
2002-03-08,0.038197710433593546,2002
2002-03-11,0.0018868171253507704,2002
2002-03-12,-0.01883237820306316,2002
2002-03-13,-0.016314815793646575,2002
2002-03-14,-0.008780513055287154,2002
2002-03-15,0.0,2002
2002-03-18,0.005905498827763589,2002
2002-03-19,0.006849404887330435,2002
2002-03-20,-0.02235173214817776,2002
2002-03-21,0.02385652923172832,2002
2002-03-22,-0.008737534502170186,2002
2002-03-25,-0.022527046211192836,2002
2002-03-26,0.005010085475902981,2002
2002-03-27,0.007976175440715938,2002
2002-03-28,0.020771327180749255,2002
2002-04-01,0.005814029508307783,2002
2002-04-02,-0.029865336614247173,2002
2002-04-03,-0.01688186803545233,2002
2002-04-04,-0.013131116354442085,2002
2002-04-05,-0.014329485622831761,2002
2002-04-08,0.007268759461874552,2002
2002-04-09,-0.02061863865201241,2002
2002-04-10,0.01789487710262172,2002
2002-04-11,-0.015511715946673554,2002
2002-04-12,0.018907325208461945,2002
2002-04-15,0.005154612346067289,2002
2002-04-16,0.02769229610479118,2002
2002-04-17,-0.003991885407768847,2002
2002-04-18,-0.0030060512855417665,2002
2002-04-19,0.002010353352052796,2002
2002-04-22,-0.015045420023001133,2002
2002-04-23,-0.010183245701346322,2002
2002-04-24,-0.013374565461906518,2002
2002-04-25,0.002085533083524993,2002
2002-04-26,-0.02393342934380438,2002
2002-04-29,-0.0010662099236693479,2002
2002-04-30,0.030950053308616887,2002
2002-05-01,-0.008281586287104847,2002
2002-05-02,-0.00939479026890333,2002
2002-05-03,-0.012644863467955791,2002
2002-05-06,-0.021344411676737507,2002
2002-05-07,-0.02072000583803124,2002
2002-05-08,0.05902020948649778,2002
2002-05-09,-0.029442882516402702,2002
2002-05-10,-0.028168988871140943,2002
2002-05-13,0.02229683837831531,2002
2002-05-14,0.04252993767861568,2002
2002-05-15,0.007322174627388378,2002
2002-05-16,-0.007268950105359107,2002
2002-05-17,0.0031379239522018043,2002
2002-05-20,-0.013555677884878103,2002
2002-05-21,-0.024313115503333593,2002
2002-05-22,-0.008667304689026767,2002
2002-05-23,0.020764999254104133,2002
2002-05-24,-0.017130551746058043,2002
2002-05-28,-0.009803850004014736,2002
2002-05-29,-0.01320149210549193,2002
2002-05-30,0.007804098103223467,2002
2002-05-31,-0.0033186268671083763,2002
2002-06-03,-0.032186570303484374,2002
2002-06-04,0.010321130373525111,2002
2002-06-05,0.0022701771265380977,2002
2002-06-06,-0.02378255663081541,2002
2002-06-07,0.0,2002
2002-06-10,0.0,2002
2002-06-11,-0.029002483998199935,2002
2002-06-12,-0.007168443450968898,2002
2002-06-13,-0.004813430548245012,2002
2002-06-14,-0.0024184113608058944,2002
2002-06-17,0.033939394478867735,2002
2002-06-18,-0.003517045002076946,2002
2002-06-19,-0.027058748060698634,2002
2002-06-20,-0.019347068891646613,2002
2002-06-21,-0.019728649433984558,2002
2002-06-24,0.006289274771070108,2002
2002-06-25,-0.023749966437508485,2002
2002-06-26,0.0012803089008208701,2002
2002-06-27,0.015345470287813301,2002
2002-06-28,0.01007558160237254,2002
2002-07-01,-0.0448879605121969,2002
2002-07-02,-0.03916434568095928,2002
2002-07-03,0.005434541300194162,2002
2002-07-05,0.05270284074701914,2002
2002-07-08,-0.02567404108850546,2002
2002-07-09,-0.01844526359697729,2002
2002-07-10,-0.0241610828391865,2002
2002-07-11,0.005502072391921242,2002
2002-07-12,-0.0013678186460208686,2002
2002-07-15,0.0,2002
2002-07-16,0.010958857428409186,2002
2002-07-17,0.0027098135588319305,2002
2002-07-18,-0.04054039386321584,2002
2002-07-19,-0.022535053025745655,2002
2002-07-22,-0.031700564730005154,2002
2002-07-23,-0.031249865534876187,2002
2002-07-24,0.0414747018130468,2002
2002-07-25,-0.03539814861449364,2002
2002-07-26,-0.006116357109411608,2002
2002-07-29,0.05846166664842545,2002
2002-07-30,0.015988112035063562,2002
2002-07-31,-0.02002854833258705,2002
2002-08-01,-0.013138590663565597,2002
2002-08-02,-0.0340237726920658,2002
2002-08-05,-0.0413474669294277,2002
2002-08-06,0.04472850173299414,2002
2002-08-07,0.007645077944199885,2002
2002-08-08,0.024279250240839545,2002
2002-08-09,-0.007407572109271454,2002
2002-08-12,-0.011940250861655732,2002
2002-08-13,-0.028700868432039894,2002
2002-08-14,0.03732517220457554,2002
2002-08-15,0.011993952550324316,2002
2002-08-16,0.01629616906788378,2002
2002-08-19,0.03790083893943219,2002
2002-08-20,-0.004213280975882472,2002
2002-08-21,0.021156510141355556,2002
2002-08-22,0.006906104141760627,2002
2002-08-23,-0.023319793908612496,2002
2002-08-26,0.007022629173708994,2002
2002-08-27,-0.04044619208859013,2002
2002-08-28,-0.026163062585265462,2002
2002-08-29,0.025373127273506935,2002
2002-08-30,-0.010189029271337247,2002
2002-09-03,-0.03235316014211187,2002
2002-09-04,0.018237114505164964,2002
2002-09-05,-0.01641778499410218,2002
2002-09-06,0.01820943768062966,2002
2002-09-09,0.004470928907079674,2002
2002-09-10,0.025222609316223776,2002
2002-09-11,-0.005788920216332927,2002
2002-09-12,-0.02037839258511298,2002
2002-09-13,0.010401325610471579,2002
2002-09-16,-0.008823576857628912,2002
2002-09-17,-0.023739046586566337,2002
2002-09-18,-0.006078689403705817,2002
2002-09-19,-0.05198801782672502,2002
2002-09-20,0.0032259229861872907,2002
2002-09-23,-0.02090015177879445,2002
2002-09-24,-0.013136458291647002,2002
2002-09-25,0.019966753769946388,2002
2002-09-26,0.0032625354993722766,2002
2002-09-27,-0.013008002421593057,2002
2002-09-30,-0.014827135341588749,2002
2002-10-01,0.023411448245701294,2002
2002-10-02,-0.019607874017873894,2002
2002-10-03,-0.018333343660253854,2002
2002-10-04,-0.035653649460872794,2002
2002-10-07,-0.019366208279604558,2002
2002-10-08,0.02154410309962529,2002
2002-10-09,-0.024604646964547117,2002
2002-10-10,0.039639578696384126,2002
2002-10-11,0.027729681817881824,2002
2002-10-14,0.00674529599775231,2002
2002-10-15,0.025125727814417465,2002
2002-10-16,-0.022875890518747388,2002
2002-10-17,0.026755820242652995,2002
2002-10-18,0.004885983015260775,2002
2002-10-21,0.04051865135353894,2002
2002-10-22,-0.03426793459859623,2002
2002-10-23,0.014516246283233558,2002
2002-10-24,-0.014308539992745395,2002
2002-10-25,0.019354945692237502,2002
2002-10-28,-0.009493577120308516,2002
2002-10-29,-0.00798725078196083,2002
2002-10-30,0.025764860934510025,2002
2002-10-31,0.003139686319577839,2002
2002-11-01,0.017214407050533787,2002
2002-11-04,0.016923015545457387,2002
2002-11-05,-0.0030256888797479675,2002
2002-11-06,0.01820943768062966,2002
2002-11-07,-0.022354849739975036,2002
2002-11-08,-0.012194863419810575,2002
2002-11-11,-0.032407473318052604,2002
2002-11-12,0.019138712550229142,2002
2002-11-13,0.004694753400108498,2002
2002-11-14,0.0218067829820916,2002
2002-11-15,0.0015246202984606771,2002
2002-11-18,-0.01369859855685096,2002
2002-11-19,-0.0061730611758054055,2002
2002-11-20,0.02329201875779474,2002
2002-11-21,0.039453677170746326,2002
2002-11-22,-0.0014598731864151615,2002
2002-11-25,0.020467769940620606,2002
2002-11-26,-0.025787780407491634,2002
2002-11-27,0.026470393091843958,2002
2002-11-29,0.0,2002
2002-12-02,-0.0028651043610909976,2002
2002-12-03,-0.024425340888910352,2002
2002-12-04,-0.014727597444317952,2002
2002-12-05,-0.007473802277870645,2002
2002-12-06,-0.003012156665325505,2002
2002-12-09,-0.034743105436654376,2002
2002-12-10,0.017214407050533787,2002
2002-12-11,-0.004615444906674648,2002
2002-12-12,0.0030911597371603428,2002
2002-12-13,-0.03389818521995336,2002
2002-12-16,0.02073362966329162,2002
2002-12-17,-0.006250225004944765,2002
2002-12-18,-0.03301872903945047,2002
2002-12-19,-0.021138190509994326,2002
2002-12-20,0.014950209679568838,2002
2002-12-23,0.004909897572875188,2002
2002-12-24,-0.008143055853730985,2002
2002-12-26,0.004925945763725181,2002
2002-12-27,-0.014705849266563709,2002
2002-12-30,-0.013267094905591748,2002
2002-12-31,0.0,2002
2003-01-02,0.0,2003
2003-01-03,0.006472427976693007,2003
2003-01-06,0.02250811284981835,2003
2003-01-07,0.012578708488360402,2003
2003-01-08,-0.021739269874687217,2003
2003-01-09,0.028571438979008157,2003
2003-01-10,0.0,2003
2003-01-13,-0.012345769953746255,2003
2003-01-14,0.006250225901411222,2003
2003-01-15,-0.024844828950153497,2003
2003-01-16,-0.022292992932308242,2003
2003-01-17,-0.04723136495426661,2003
2003-01-21,-0.011965812770500572,2003
2003-01-22,-0.008650394836999808,2003
2003-01-23,0.017451994539408044,2003
2003-01-24,-0.04802736336699087,2003
2003-01-27,-0.01621626136488341,2003
2003-01-28,0.02014636233929923,2003
2003-01-29,0.012567243441611753,2003
2003-01-30,-0.03546089363766369,2003
2003-01-31,-0.016544082285988915,2003
2003-02-03,0.0018691834127215756,2003
2003-02-04,-0.007462613079139202,2003
2003-02-05,0.00751872239522422,2003
2003-02-06,-0.005596916994592083,2003
2003-02-07,-0.01876171169995866,2003
2003-02-10,0.00764793186049717,2003
2003-02-11,0.0037951166526333235,2003
2003-02-12,-0.009451573440224847,2003
2003-02-13,-0.005725352648088378,2003
2003-02-14,0.034548957357591004,2003
2003-02-18,0.0408162657070954,2003
2003-02-19,-0.016042828436803158,2003
2003-02-20,0.010869625770476121,2003
2003-02-21,0.003584276561121147,2003
2003-02-24,-0.012499836080622106,2003
2003-02-25,-0.0018085906687311804,2003
2003-02-26,-0.02717377340987226,2003
2003-02-27,0.014897603017708594,2003
2003-02-28,0.014679006476589596,2003
2003-03-03,-0.012658308744047497,2003
2003-03-04,-0.014652037437837828,2003
2003-03-05,0.0,2003
2003-03-06,-0.003717520641683514,2003
2003-03-07,-0.009328394793211126,2003
2003-03-10,-0.018832379830855395,2003
2003-03-11,-0.0019194109906629508,2003
2003-03-12,0.0019231022141890097,2003
2003-03-13,0.05566221397027804,2003
2003-03-14,-0.007272655657571181,2003
2003-03-17,0.04578746988612137,2003
2003-03-18,0.010507857824084255,2003
2003-03-19,-0.006932340909537427,2003
2003-03-20,0.010471180703601979,2003
2003-03-21,0.015543927679610992,2003
2003-03-24,-0.04591834862922406,2003
2003-03-25,0.01604274662320515,2003
2003-03-26,0.005263307919577409,2003
2003-03-27,-0.006980813835806288,2003
2003-03-28,-0.015817268562846043,2003
2003-03-31,-0.033928524594463494,2003
2003-04-01,0.0073937271032515905,2003
2003-04-02,0.04403668256794813,2003
2003-04-03,0.001757330883319641,2003
2003-04-04,-0.024561244725418985,2003
2003-04-07,0.012589927166734016,2003
2003-04-08,-0.02131450218334774,2003
2003-04-09,-0.01814872599235484,2003
2003-04-10,0.005545189279787088,2003
2003-04-11,-0.0018381751182617867,2003
2003-04-14,0.02394112822633332,2003
2003-04-15,0.010791342557394445,2003
2003-04-16,0.017793663476822985,2003
2003-04-17,0.029720104370092315,2003
2003-04-21,0.01018673551852367,2003
2003-04-22,0.018487638819475016,2003
2003-04-23,0.004950407687984271,2003
2003-04-24,-0.01970453967711583,2003
2003-04-25,-0.020100536123466406,2003
2003-04-28,0.02051285551677684,2003
2003-04-29,0.016750485209611643,2003
2003-04-30,0.0032949360169489683,2003
2003-05-01,0.0032840397027023016,2003
2003-05-02,0.029459986385516945,2003
2003-05-05,0.011128701473693825,2003
2003-05-06,0.0047170427452951635,2003
2003-05-07,-0.015649440241809698,2003
2003-05-08,-0.019078076254513632,2003
2003-05-09,0.038898033246847374,2003
2003-05-12,0.02184087184766703,2003
2003-05-13,0.0030532646941472397,2003
2003-05-14,0.0030442500824512386,2003
2003-05-15,0.009104823310932986,2003
2003-05-16,-0.007518963571390702,2003
2003-05-19,-0.043939345576402444,2003
2003-05-20,-0.0047543476717567534,2003
2003-05-21,0.007961595257071297,2003
2003-05-22,0.02211705208546544,2003
2003-05-23,0.0015456153379975746,2003
2003-05-27,0.050925884936712906,2003
2003-05-28,0.004405276842699202,2003
2003-05-29,0.016081948649099065,2003
2003-05-30,0.02302161960188509,2003
2003-06-02,-0.005625887850455258,2003
2003-06-03,0.007072163148134747,2003
2003-06-04,0.026685418427840446,2003
2003-06-05,0.010943803537441621,2003
2003-06-06,-0.018944519453024444,2003
2003-06-09,-0.031724173819437484,2003
2003-06-10,0.012820615921242062,2003
2003-06-11,0.005625887850455147,2003
2003-06-12,0.0027972392475981156,2003
2003-06-13,-0.029288763460122658,2003
2003-06-16,0.03304588093707239,2003
2003-06-17,0.011126710987793054,2003
2003-06-18,0.019257093108631773,2003
2003-06-19,-0.01349514416375508,2003
2003-06-20,-0.005471964555889719,2003
2003-06-23,-0.02613482477854656,2003
2003-06-24,-0.005649791131075221,2003
2003-06-25,0.009943246920781412,2003
2003-06-26,0.023909974949432033,2003
2003-06-27,-0.004120932900426477,2003
2003-06-30,0.0013792018064213707,2003
2003-07-01,0.015151715346918504,2003
2003-07-02,0.02713695933756255,2003
2003-07-03,0.0,2003
2003-07-07,0.051518980434479555,2003
2003-07-08,0.02010065376164638,2003
2003-07-09,0.004926059925306925,2003
2003-07-10,-0.026960689190379528,2003
2003-07-11,0.005037617967650565,2003
2003-07-14,0.027569056941227243,2003
2003-07-15,-0.003658584503260509,2003
2003-07-16,-0.013463732212499857,2003
2003-07-17,-0.05086869124019844,2003
2003-07-18,0.010457654371355263,2003
2003-07-21,-0.010349423675612979,2003
2003-07-22,0.01568636156375236,2003
2003-07-23,0.014156963525546074,2003
2003-07-24,-0.007614196936544748,2003
2003-07-25,0.021739064086894855,2003
2003-07-28,0.012515809912719167,2003
2003-07-29,-0.006180323428756518,2003
2003-07-30,-0.006219214051277011,2003
2003-07-31,0.010012533042990546,2003
2003-08-01,0.0,2003
2003-08-04,-0.0012389462268672657,2003
2003-08-05,-0.02109197136821006,2003
2003-08-06,-0.01647653652545189,2003
2003-08-07,-0.015463824843117702,2003
2003-08-08,-0.01963352350125247,2003
2003-08-11,0.020026718550568035,2003
2003-08-12,0.014398033379561248,2003
2003-08-13,0.011612816264291448,2003
2003-08-14,0.010203980079114494,2003
2003-08-15,0.0037879283976989253,2003
2003-08-18,0.042767276280662125,2003
2003-08-19,0.015681527466258505,2003
2003-08-20,0.004750655973402518,2003
2003-08-21,0.017730401801001827,2003
2003-08-22,-0.008129974686583497,2003
2003-08-25,-0.014051597515089997,2003
2003-08-26,0.0035628829600415912,2003
2003-08-27,0.023668732901850342,2003
2003-08-28,0.012716716754108681,2003
2003-08-29,0.007990867460286877,2003
2003-09-02,0.032842492511910404,2003
2003-09-03,-0.008771743529594866,2003
2003-09-04,0.011061786051408395,2003
2003-09-05,0.0,2003
2003-09-08,0.015317287311369832,2003
2003-09-09,-0.009698304535170288,2003
2003-09-10,-0.04134903881094598,2003
2003-09-11,0.01929608678935857,2003
2003-09-12,0.008908700311693662,2003
2003-09-15,-0.007726370298996921,2003
2003-09-16,0.028921200088588783,2003
2003-09-17,0.0,2003
2003-09-18,0.011891649537418614,2003
2003-09-19,-0.006410047065462443,2003
2003-09-22,-0.008601966502186142,2003
2003-09-23,0.011930141548220252,2003
2003-09-24,-0.039656858390036076,2003
2003-09-25,-0.02790184425692066,2003
2003-09-26,-0.04822033379392365,2003
2003-09-29,0.026537901416984644,2003
2003-09-30,-0.02820205482407312,2003
2003-10-01,0.0096736454432238,2003
2003-10-02,0.017963865154151604,2003
2003-10-03,0.04588252547739269,2003
2003-10-06,0.014623259098944352,2003
2003-10-07,0.009977854241811857,2003
2003-10-08,-0.005488645755179267,2003
2003-10-09,0.0066224004757931,2003
2003-10-10,0.001096706990309393,2003
2003-10-13,0.01533406132438131,2003
2003-10-14,-0.004315149604296908,2003
2003-10-15,-0.007583865985481886,2003
2003-10-16,0.01091697236554312,2003
2003-10-17,-0.035637119695724806,2003
2003-10-20,0.011198046095815206,2003
2003-10-21,0.004429737387406485,2003
2003-10-22,-0.024255702616244434,2003
2003-10-23,-0.024858874497669547,2003
2003-10-24,-0.00926979157780572,2003
2003-10-27,0.016374266996727282,2003
2003-10-28,0.03567312290378455,2003
2003-10-29,0.014444531026249985,2003
2003-10-30,-0.010953145119395158,2003
2003-10-31,-0.005536968423381028,2003
2003-11-03,0.02227190411138702,2003
2003-11-04,-0.0021787773348360684,2003
2003-11-05,0.007641820528253351,2003
2003-11-06,0.0,2003
2003-11-07,-0.004333751366231597,2003
2003-11-10,-0.02393888040638248,2003
2003-11-11,-0.013377997953496923,2003
2003-11-12,0.03502829148318076,2003
2003-11-13,0.0010917172790965157,2003
2003-11-14,-0.02617234126299295,2003
2003-11-17,-0.01679742892195535,2003
2003-11-18,-0.012528534295415894,2003
2003-11-19,0.008073924615771721,2003
2003-11-20,-0.005720688847902111,2003
2003-11-21,0.006904471993225192,2003
2003-11-24,0.033142868652806357,2003
2003-11-25,-0.0011064121539618998,2003
2003-11-26,0.005537171734258051,2003
2003-11-28,0.004405243144147697,2003
2003-12-01,0.018640294701755877,2003
2003-12-02,-0.008611227707385205,2003
2003-12-03,-0.02280130163298144,2003
2003-12-04,-0.005555526090543217,2003
2003-12-05,-0.01452522629993036,2003
2003-12-08,0.0,2003
2003-12-09,-0.028344626597901712,2003
2003-12-10,-0.009334689797682816,2003
2003-12-11,0.028268266224898086,2003
2003-12-12,0.0011454904279417644,2003
2003-12-15,-0.02860386435325435,2003
2003-12-16,-0.008245208315335706,2003
2003-12-17,-0.0035628829600415912,2003
2003-12-18,0.02741328806392418,2003
2003-12-19,-0.004640220018033103,2003
2003-12-22,-0.0023308190315770583,2003
2003-12-23,0.014018659016810764,2003
2003-12-24,-0.003456266155971499,2003
2003-12-26,0.0,2003
2003-12-29,0.019653117358278127,2003
2003-12-30,0.004535102788377987,2003
2003-12-31,0.0,2003
2004-01-02,0.0,2004
2004-01-05,0.02954542254053716,2004
2004-01-06,0.007726268980180473,2004
2004-01-07,0.0065716263231829775,2004
2004-01-08,0.01632210466132089,2004
2004-01-09,-0.012847938379901391,2004
2004-01-12,0.016268995162948885,2004
2004-01-13,-0.01280680249823074,2004
2004-01-14,0.008648662702849252,2004
2004-01-15,0.004287203158529929,2004
2004-01-16,0.011739650595677054,2004
2004-01-20,0.01371296893683649,2004
2004-01-21,-0.01040577339030413,2004
2004-01-22,-0.01682442318373123,2004
2004-01-23,0.005347565757514605,2004
2004-01-26,0.005319121406023752,2004
2004-01-27,-0.009523741065057378,2004
2004-01-28,-0.022435799993135053,2004
2004-01-29,-0.017486466530495903,2004
2004-01-30,0.010011255336022762,2004
2004-02-02,-0.004405242698796719,2004
2004-02-03,-0.0022124181360611006,2004
2004-02-04,-0.027716140220185537,2004
2004-02-05,0.006841384588557098,2004
2004-02-06,0.030577561138696918,2004
2004-02-09,0.0065932913094484125,2004
2004-02-10,0.010917074766313872,2004
2004-02-11,0.004319810510035493,2004
2004-02-12,-0.013978380636302079,2004
2004-02-13,-0.007633786464796732,2004
2004-02-17,0.012087969729891235,2004
2004-02-18,-0.0010857905066188334,2004
2004-02-19,-0.019565173793089863,2004
2004-02-20,-0.01219517904065226,2004
2004-02-23,-0.0269359672719941,2004
2004-02-24,0.002306623363216964,2004
2004-02-25,0.020713631621205986,2004
2004-02-26,0.011273793699831058,2004
2004-02-27,0.0022296838378315087,2004
2004-03-01,0.012235876636289333,2004
2004-03-02,0.0,2004
2004-03-03,-0.0065932913094485235,2004
2004-03-04,0.012168096662404482,2004
2004-03-05,-0.0010929104282957347,2004
2004-03-08,-0.022975928659536127,2004
2004-03-09,-0.015677490680458872,2004
2004-03-10,-0.022753216709669566,2004
2004-03-11,-0.009313170381615499,2004
2004-03-12,0.02350207191021325,2004
2004-03-15,-0.03099914507503354,2004
2004-03-16,0.0035544403858212004,2004
2004-03-17,0.021251540029495697,2004
2004-03-18,-0.00924857049409833,2004
2004-03-19,-0.007001151987969245,2004
2004-03-22,-0.030552262015094533,2004
2004-03-23,-0.002424274253201575,2004
2004-03-24,0.0,2004
2004-03-25,0.03766723282789286,2004
2004-03-26,0.004683794179626499,2004
2004-03-29,0.022144597209992956,2004
2004-03-30,0.006841384588557098,2004
2004-03-31,0.0,2004
2004-04-01,0.01245748640542188,2004
2004-04-02,0.019015704518319243,2004
2004-04-05,0.014270119093490186,2004
2004-04-06,-0.01190481749069261,2004
2004-04-07,-0.0010953045678644413,2004
2004-04-08,0.0010965055754299513,2004
2004-04-12,0.008762336000913695,2004
2004-04-13,-0.02823025416607572,2004
2004-04-14,-0.013407792121478579,2004
2004-04-15,-0.014722417778635366,2004
2004-04-16,-0.0057473065336717255,2004
2004-04-19,0.011560739647928031,2004
2004-04-20,-0.020571488519086745,2004
2004-04-21,0.009334905021243012,2004
2004-04-22,0.012716824224842771,2004
2004-04-23,0.0,2004
2004-04-26,-0.017123197596064732,2004
2004-04-27,-0.01277590160445874,2004
2004-04-28,-0.02588247516490405,2004
2004-04-29,-0.025362209985617667,2004
2004-04-30,-0.0334572317335361,2004
2004-05-03,-0.0012819503439305269,2004
2004-05-04,0.021822661329132798,2004
2004-05-05,0.0,2004
2004-05-06,-0.012562748587039652,2004
2004-05-07,-0.015267258482614787,2004
2004-05-10,-0.019379862888845745,2004
2004-05-11,0.018445324067898117,2004
2004-05-12,-0.006468271813955484,2004
2004-05-13,0.006510382739125076,2004
2004-05-14,-0.018111256080221794,2004
2004-05-17,-0.01844526359697729,2004
2004-05-18,0.013422871716324059,2004
2004-05-19,0.00927164435879635,2004
2004-05-20,-0.003937239556997207,2004
2004-05-21,0.01054032340090405,2004
2004-05-24,0.013037860047927285,2004
2004-05-25,0.02573988768186486,2004
2004-05-26,0.007528214535974076,2004
2004-05-27,0.009962771070605836,2004
2004-05-28,0.007398370035990087,2004
2004-06-01,0.0024477873344026513,2004
2004-06-02,-0.0048840689306483,2004
2004-06-03,-0.020858720055306645,2004
2004-06-04,0.020050040841802508,2004
2004-06-07,0.02211297307050386,2004
2004-06-08,-0.0024037673843398943,2004
2004-06-09,-0.027710873221143073,2004
2004-06-10,0.004956694329865119,2004
2004-06-14,-0.022194883733512416,2004
2004-06-15,0.020176577172670074,2004
2004-06-16,0.00247222014514481,2004
2004-06-17,-0.008631431708655213,2004
2004-06-18,0.0012437974251999773,2004
2004-06-21,-0.007453399858943777,2004
2004-06-22,0.00876083615802603,2004
2004-06-23,0.02109186228310911,2004
2004-06-24,0.0036453599986794316,2004
2004-06-25,0.012106361549208078,2004
2004-06-28,-0.011961550691843348,2004
2004-06-29,0.0036318973515854225,2004
2004-06-30,0.008443797192960067,2004
2004-07-01,-0.02631569700845393,2004
2004-07-02,-0.00122851729893092,2004
2004-07-06,-0.025830144977150638,2004
2004-07-07,-0.0037881597638184106,2004
2004-07-08,-0.020278753898082313,2004
2004-07-09,0.009055746791544195,2004
2004-07-12,-0.010256544237054799,2004
2004-07-13,0.0038860616521385616,2004
2004-07-14,-0.010322479470228796,2004
2004-07-15,0.003911214397931628,2004
2004-07-16,-0.011688108017988696,2004
2004-07-19,-0.005256370257193832,2004
2004-07-20,0.01849405516179292,2004
2004-07-21,-0.032425429483220025,2004
2004-07-22,0.008042939317881803,2004
2004-07-23,-0.025265799180950732,2004
2004-07-26,-0.006821495619583229,2004
2004-07-27,0.027472572505323534,2004
2004-07-28,-0.008021433851473136,2004
2004-07-29,0.017520259816543815,2004
2004-07-30,0.0039733187028963,2004
2004-08-02,0.0,2004
2004-08-03,-0.022427314179733204,2004
2004-08-04,-0.001349607326145974,2004
2004-08-05,-0.016216120331153716,2004
2004-08-06,-0.030219861278813265,2004
2004-08-09,0.0,2004
2004-08-10,0.022662928561560935,2004
2004-08-11,-0.01800545925112562,2004
2004-08-12,-0.016925338679617208,2004
2004-08-13,0.0028694123996544363,2004
2004-08-16,0.017167411564221746,2004
2004-08-17,0.008439058801900323,2004
2004-08-18,0.023709824876707586,2004
2004-08-19,-0.004087184089427653,2004
2004-08-20,0.020519725813456402,2004
2004-08-23,-0.0013405001404300787,2004
2004-08-24,-0.001342176278522067,2004
2004-08-25,0.016128872062850297,2004
2004-08-26,-0.006613661612465349,2004
2004-08-27,0.0,2004
2004-08-30,-0.013315631147031048,2004
2004-08-31,0.0013495453862990558,2004
2004-09-01,0.006738694697004055,2004
2004-09-02,0.008032109760574668,2004
2004-09-03,-0.013280323946792905,2004
2004-09-07,0.008075475875374494,2004
2004-09-08,-0.0026702003799252694,2004
2004-09-09,0.013386747197077886,2004
2004-09-10,0.01981495516361198,2004
2004-09-13,0.010362831072369572,2004
2004-09-14,-0.0012819503439305269,2004
2004-09-15,-0.011553482099888823,2004
2004-09-16,0.006493532426443904,2004
2004-09-17,0.0025807975350180534,2004
2004-09-20,0.007721871792496948,2004
2004-09-21,0.011494403796531882,2004
2004-09-22,-0.017676765335301492,2004
2004-09-23,0.0,2004
2004-09-24,-0.0051415728915916725,2004
2004-09-27,-0.011627882153905866,2004
2004-09-28,0.003921560157337689,2004
2004-09-29,0.0,2004
2004-09-30,0.0,2004
2004-10-01,0.05859380322577645,2004
2004-10-04,0.01599025642264751,2004
2004-10-05,-0.0024213389889031767,2004
2004-10-06,0.006067928853202842,2004
2004-10-07,-0.012062773059219989,2004
2004-10-08,-0.023198879094075586,2004
2004-10-11,0.0024999176715045923,2004
2004-10-12,-0.006234495312625543,2004
2004-10-13,0.0037642800311987745,2004
2004-10-14,-0.013750293026334681,2004
2004-10-15,0.0025352368959048466,2004
2004-10-18,0.012642039734512167,2004
2004-10-19,0.003745252682220146,2004
2004-10-20,0.003731392275600154,2004
2004-10-21,0.022304783239602832,2004
2004-10-22,-0.02303038287243786,2004
2004-10-25,0.0,2004
2004-10-26,0.0,2004
2004-10-27,0.03473957137494588,2004
2004-10-28,0.0011991665379813554,2004
2004-10-29,-0.00479037137003635,2004
2004-11-01,0.0024065490477693796,2004
2004-11-02,0.004801873540635437,2004
2004-11-03,0.007168662793515912,2004
2004-11-04,0.0035585471937076285,2004
2004-11-05,0.004728194463598623,2004
2004-11-08,0.0011763779675519892,2004
2004-11-09,0.0,2004
2004-11-10,-0.0035252029194863255,2004
2004-11-11,0.01533028122672997,2004
2004-11-12,0.01626005425384336,2004
2004-11-15,0.0045714885190868415,2004
2004-11-16,-0.007963594519085349,2004
2004-11-17,0.013761331715835157,2004
2004-11-18,-0.001131132797357992,2004
2004-11-19,-0.023782559103200707,2004
2004-11-22,0.0023202160054225374,2004
2004-11-23,0.002314738820816453,2004
2004-11-24,0.013856889066024447,2004
2004-11-26,-0.0011388624987415108,2004
2004-11-29,-0.001140370323618134,2004
2004-11-30,-0.0034247023923980047,2004
2004-12-01,0.021764107833402768,2004
2004-12-02,-0.0011210908850288748,2004
2004-12-03,0.0056115396530567185,2004
2004-12-06,0.005580635792107103,2004
2004-12-07,-0.017758174503306856,2004
2004-12-08,-0.0022599165403320853,2004
2004-12-09,-0.007927519701066865,2004
2004-12-10,0.0,2004
2004-12-13,0.0068492999961542456,2004
2004-12-14,0.014739214156972436,2004
2004-12-15,0.005586665520683987,2004
2004-12-16,-0.010000028558396656,2004
2004-12-17,-0.0033668413722165447,2004
2004-12-20,-0.010135266096994222,2004
2004-12-21,0.011376399492841305,2004
2004-12-22,0.006749245557758687,2004
2004-12-23,0.004469229852465562,2004
2004-12-27,0.0,2004
2004-12-28,0.012235876636289333,2004
2004-12-29,0.002197831018791785,2004
2004-12-30,0.0010965055754299513,2004
2004-12-31,0.0,2004
2005-01-03,0.0,2005
2005-01-04,-0.03132011035916016,2005
2005-01-05,-0.011547283889897009,2005
2005-01-06,-0.008177677079877155,2005
2005-01-07,-0.00942265034354417,2005
2005-01-10,0.0059451621335915306,2005
2005-01-11,-0.011820486158996335,2005
2005-01-12,0.007177238650075246,2005
2005-01-13,-0.005938319966753203,2005
2005-01-14,0.005973794268535393,2005
2005-01-18,0.011876530913496053,2005
2005-01-19,-0.01877958754162956,2005
2005-01-20,-0.011961442202778172,2005
2005-01-21,-0.003632008483354765,2005
2005-01-24,-0.014580880683988662,2005
2005-01-25,0.001233061812231817,2005
2005-01-26,0.019704465796921644,2005
2005-01-27,0.006038615476478437,2005
2005-01-28,-0.004801983738536575,2005
2005-01-31,0.013268952177758253,2005
2005-02-01,0.008333552803191147,2005
2005-02-02,0.0,2005
2005-02-03,-0.007083809015575593,2005
2005-02-04,0.017835813849669258,2005
2005-02-07,-0.0011682395828396253,2005
2005-02-08,0.0011696059628216737,2005
2005-02-09,-0.023364684419818982,2005
2005-02-10,-0.0023921566775879644,2005
2005-02-11,0.015587624073012396,2005
2005-02-14,0.002361089044464526,2005
2005-02-15,0.007067231030251975,2005
2005-02-16,-0.00584802981410848,2005
2005-02-17,-0.011764752891484043,2005
2005-02-18,-0.0023807653046895583,2005
2005-02-22,-0.013126443673839971,2005
2005-02-23,-0.0024185220897566806,2005
2005-02-24,0.013333174593142871,2005
2005-02-25,0.009569505130136324,2005
2005-02-28,-0.0023695906699882086,2005
2005-03-01,0.007125983960103888,2005
2005-03-02,-0.004717150653518631,2005
2005-03-03,-0.0035543316241435363,2005
2005-03-04,0.008323423456364942,2005
2005-03-07,0.0058961947574753815,2005
2005-03-08,-0.009378678048796774,2005
2005-03-09,-0.004733680886357949,2005
2005-03-10,-0.0011892943858341498,2005
2005-03-11,-0.008333224964399477,2005
2005-03-14,0.0,2005
2005-03-15,-0.010804353213806128,2005
2005-03-16,-0.008495145901460055,2005
2005-03-17,0.004896025192912434,2005
2005-03-18,-0.003654128191003081,2005
2005-03-21,0.0024450198767278497,2005
2005-03-22,-0.008536473284396218,2005
2005-03-23,-0.0012301411800119677,2005
2005-03-24,0.0,2005
2005-03-28,-0.0036945166820185893,2005
2005-03-29,-0.013596870397138083,2005
2005-03-30,0.015037327597114958,2005
2005-03-31,0.001234584130777483,2005
2005-04-01,-0.007398370873391236,2005
2005-04-04,0.0037268714007576698,2005
2005-04-05,-0.0012375263242742074,2005
2005-04-06,-0.001239287189763072,2005
2005-04-07,0.008684977271663508,2005
2005-04-08,-0.006150141356149663,2005
2005-04-11,-0.014851565573615,2005
2005-04-12,0.0037690090883826244,2005
2005-04-13,-0.013767272853439705,2005
2005-04-14,-0.01649744418919985,2005
2005-04-15,-0.027096831123545218,2005
2005-04-18,0.001326338176242059,2005
2005-04-19,0.014569422007393973,2005
2005-04-20,-0.009138381279266694,2005
2005-04-21,0.02239788351789551,2005
2005-04-22,-0.0025771168443200487,2005
2005-04-25,0.01162770149885306,2005
2005-04-26,-0.012771325304312242,2005
2005-04-27,0.0025873559189031337,2005
2005-04-28,-0.009032434967794822,2005
2005-04-29,0.00781278247014594,2005
2005-05-02,0.0077518009992354475,2005
2005-05-03,-0.0012819503439305269,2005
2005-05-04,0.014120497044889602,2005
2005-05-05,-0.005063357621012066,2005
2005-05-06,0.005089125684330176,2005
2005-05-09,0.005063590013045349,2005
2005-05-10,-0.007556887646717136,2005
2005-05-11,0.0,2005
2005-05-12,-0.002538220671080893,2005
2005-05-13,0.006361523892765453,2005
2005-05-16,0.008849672544244402,2005
2005-05-17,0.010024846721037983,2005
2005-05-18,0.013647593648115297,2005
2005-05-19,0.0,2005
2005-05-20,0.001224006298228053,2005
2005-05-23,0.008557457349900544,2005
2005-05-24,0.002424385519690153,2005
2005-05-25,-0.007255233277105755,2005
2005-05-26,0.007308256382006162,2005
2005-05-27,0.0024181890975922826,2005
2005-05-31,-0.0012061777828319409,2005
2005-06-01,0.007246360744442848,2005
2005-06-02,0.004796225888855421,2005
2005-06-03,-0.01193322023653498,2005
2005-06-06,0.0036231249405496158,2005
2005-06-07,-0.0012032747897195994,2005
2005-06-08,-0.0024096700008471306,2005
2005-06-09,0.00845421687575132,2005
2005-06-10,-0.005988101629968545,2005
2005-06-13,0.003614394405071053,2005
2005-06-14,-0.0012003857367329784,2005
2005-06-15,0.0012018283943957542,2005
2005-06-16,0.004801873540635437,2005
2005-06-17,-0.0011948685249806301,2005
2005-06-20,0.002392595887480198,2005
2005-06-21,0.0035799989330767,2005
2005-06-22,0.003567009960449674,2005
2005-06-23,-0.01066332115746349,2005
2005-06-24,-0.01197620325993709,2005
2005-06-27,-0.003636411379802418,2005
2005-06-28,0.012165610430218576,2005
2005-06-29,0.0012018283943957542,2005
2005-06-30,-0.006002369475269553,2005
2005-07-01,0.0024154905359288215,2005
2005-07-05,0.010843404407612445,2005
2005-07-06,0.002383821262858632,2005
2005-07-07,0.004756195196652158,2005
2005-07-08,0.015384490038901522,2005
2005-07-11,0.01048964852520018,2005
2005-07-12,0.0,2005
2005-07-13,0.0,2005
2005-07-14,0.003460252674041042,2005
2005-07-15,0.002298774897635525,2005
2005-07-18,-0.0022935026513131174,2005
2005-07-19,0.012643525715269055,2005
2005-07-20,0.002270177363076664,2005
2005-07-21,-0.01245748640542177,2005
2005-07-22,0.0,2005
2005-07-25,-0.006880823761895916,2005
2005-07-26,0.006928497532350697,2005
2005-07-27,0.0034404118809479023,2005
2005-07-28,0.0,2005
2005-07-29,-0.004571592947890113,2005
2005-08-01,0.0034444676419966846,2005
2005-08-02,0.008009047568634076,2005
2005-08-03,0.0,2005
2005-08-04,-0.011350782621452615,2005
2005-08-05,-0.006888619113417649,2005
2005-08-08,-0.004624232186438815,2005
2005-08-09,0.005807170467943656,2005
2005-08-10,-0.009237890711123908,2005
2005-08-11,0.005827689501011424,2005
2005-08-12,-0.011587529516880468,2005
2005-08-15,0.005861525811085011,2005
2005-08-16,-0.010489541538188596,2005
2005-08-17,0.00824510286862723,2005
2005-08-18,-0.0070094374970375295,2005
2005-08-19,-0.0011764860885433714,2005
2005-08-22,0.00235585179790343,2005
2005-08-23,-0.002350314804545506,2005
2005-08-24,-0.0011776555960697488,2005
2005-08-25,0.00117904410395675,2005
2005-08-26,-0.0058892510707238,2005
2005-08-29,0.005924139817486962,2005
2005-08-30,-0.0058892510707238,2005
2005-08-31,0.01303323811248469,2005
2005-09-01,-0.0035087105260671603,2005
2005-09-02,-0.0011737242213518684,2005
2005-09-06,0.010575931218801404,2005
2005-09-07,0.0023252912164406503,2005
2005-09-08,0.0,2005
2005-09-09,0.005800647121815716,2005
2005-09-12,0.003460252674041042,2005
2005-09-13,-0.0022990914315637045,2005
2005-09-14,-0.010368589152110586,2005
2005-09-15,-0.003492372104067387,2005
2005-09-16,0.008177677079877155,2005
2005-09-19,-0.003476184398068405,2005
2005-09-20,-0.004651329600129928,2005
2005-09-21,-0.011682288591423062,2005
2005-09-22,-0.0023640972317993114,2005
2005-09-23,0.008293948010830388,2005
2005-09-26,0.0035253104062671348,2005
2005-09-27,-0.003512926250798798,2005
2005-09-28,0.0011751034687557116,2005
2005-09-29,0.011736918992234724,2005
2005-09-30,0.009280971500571278,2005
2005-10-03,0.0034481095907985537,2005
2005-10-04,-0.011454588833182289,2005
2005-10-05,-0.018540004680154043,2005
2005-10-06,-0.01180652898668677,2005
2005-10-07,0.005973794268535393,2005
2005-10-10,-0.007126092980114351,2005
2005-10-11,-0.009569175722717094,2005
2005-10-12,-0.010869485684992464,2005
2005-10-13,0.003662827124198742,2005
2005-10-14,0.006082916887685252,2005
2005-10-17,-0.0024185220897566806,2005
2005-10-18,-0.007272600226627568,2005
2005-10-19,0.009768024684854604,2005
2005-10-20,-0.008464438823290066,2005
2005-10-21,0.010975529619903224,2005
2005-10-24,0.019300505469655782,2005
2005-10-25,-0.004733680886357949,2005
2005-10-26,-0.009512608692567537,2005
2005-10-27,-0.026410579968247583,2005
2005-10-28,0.008631319498381362,2005
2005-10-31,0.015892404761437273,2005
2005-11-01,0.004813651474489422,2005
2005-11-02,0.014371224044047448,2005
2005-11-03,0.010625659335145254,2005
2005-11-04,0.0,2005
2005-11-07,-0.0023363719287062823,2005
2005-11-08,-0.0058549845727696725,2005
2005-11-09,-0.002355527434445115,2005
2005-11-10,0.005903156116906949,2005
2005-11-11,0.0011737242213518684,2005
2005-11-14,0.002344588801610259,2005
2005-11-15,-0.0035087105260671603,2005
2005-11-16,-0.0011737242213518684,2005
2005-11-17,0.012925814555210913,2005
2005-11-18,0.0034803243787553395,2005
2005-11-21,0.0,2005
2005-11-22,0.008092592038404067,2005
2005-11-23,0.00114669869099715,2005
2005-11-25,0.0011455955766868087,2005
2005-11-28,-0.008009152597058922,2005
2005-11-29,-0.0011535234344188794,2005
2005-11-30,0.0023093931787732114,2005
2005-12-01,0.017281228680564142,2005
2005-12-02,0.0011323097497151213,2005
2005-12-05,-0.007918449605448186,2005
2005-12-06,0.0022807411246827947,2005
2005-12-07,-0.004550684639100133,2005
2005-12-08,-0.0022858489281404326,2005
2005-12-09,0.0057273469909635555,2005
2005-12-12,0.006833593906661495,2005
2005-12-13,-0.0033935025847939837,2005
2005-12-14,0.003405057656753474,2005
2005-12-15,0.0,2005
2005-12-16,-0.0033935025847939837,2005
2005-12-19,-0.010215589745983578,2005
2005-12-20,0.0,2005
2005-12-21,0.008027627722211994,2005
2005-12-22,0.010238727145017723,2005
2005-12-23,0.0011261409102678588,2005
2005-12-27,-0.010123660778682653,2005
2005-12-28,0.0034090310480414665,2005
2005-12-29,-0.004529862746427082,2005
2005-12-30,-0.0056883557988751665,2005
2006-01-03,0.0,2006
2006-01-04,0.01348321954038001,2006
2006-01-05,0.006651869582119829,2006
2006-01-06,0.014317266236288928,2006
2006-01-09,0.005428852323336342,2006
2006-01-10,0.0021597561310477964,2006
2006-01-11,0.0021552005539344776,2006
2006-01-12,-0.0064517956650723685,2006
2006-01-13,0.002164729454020353,2006
2006-01-17,-0.009719249546453201,2006
2006-01-18,-0.006543260496745251,2006
2006-01-19,0.013172411201068712,2006
2006-01-20,-0.02708554822810072,2006
2006-01-23,0.005567797140334951,2006
2006-01-24,0.011074343468516101,2006
2006-01-25,-0.004381218271457765,2006
2006-01-26,0.009901019094541219,2006
2006-01-27,0.007625272222228308,2006
2006-01-30,0.0010811944802415763,2006
2006-01-31,-0.0010800267612688375,2006
2006-02-01,0.0010811944802415763,2006
2006-02-02,-0.014038960069541973,2006
2006-02-03,-0.005476422297320371,2006
2006-02-06,0.0,2006
2006-02-07,-0.012114594339068474,2006
2006-02-08,0.011148213377487615,2006
2006-02-09,-0.0044102013535844975,2006
2006-02-10,0.0022148686937031314,2006
2006-02-13,-0.012154653542875815,2006
2006-02-14,0.006711394924463265,2006
2006-02-15,0.003333275196591323,2006
2006-02-16,0.017718746238748695,2006
2006-02-17,-0.004352514629743065,2006
2006-02-21,-0.006557362905388442,2006
2006-02-22,0.005500622266098931,2006
2006-02-23,-0.005470530941793061,2006
2006-02-24,0.004400497812879101,2006
2006-02-27,0.009857640568778248,2006
2006-02-28,-0.016269093103767895,2006
2006-03-01,0.02425580382336201,2006
2006-03-02,-0.0010763416005682425,2006
2006-03-03,-0.0043105000247292136,2006
2006-03-06,-0.011904621165888085,2006
2006-03-07,-0.01642936743396306,2006
2006-03-08,-0.004454401266564489,2006
2006-03-09,-0.0055926066329688995,2006
2006-03-10,0.004499289132142259,2006
2006-03-13,0.0022396708954315336,2006
2006-03-14,0.01229045775678217,2006
2006-03-15,0.008830036165751398,2006
2006-03-16,-0.01094096145158785,2006
2006-03-17,0.0,2006
2006-03-20,0.002212418360716617,2006
2006-03-21,-0.00883003616575151,2006
2006-03-22,0.002227098411846873,2006
2006-03-23,0.002222353454867765,2006
2006-03-24,0.006651869582119829,2006
2006-03-27,0.0,2006
2006-03-28,-0.004405343794441019,2006
2006-03-29,0.021017669797879668,2006
2006-03-30,0.003250412977385375,2006
2006-03-31,0.0010800267612689485,2006
2006-04-03,0.0010785644912645331,2006
2006-04-04,0.0064655027449429525,2006
2006-04-05,0.007494548083841535,2006
2006-04-06,0.0,2006
2006-04-07,-0.011689553111226214,2006
2006-04-10,-0.009677348033142463,2006
2006-04-11,-0.011943893719718157,2006
2006-04-12,0.004395864671362215,2006
2006-04-13,0.004376324321436309,2006
2006-04-17,0.0021786777761767517,2006
2006-04-18,0.0228259862034339,2006
2006-04-19,0.002125524052544847,2006
2006-04-20,0.008483673756252808,2006
2006-04-21,-0.01892759308343772,2006
2006-04-24,-0.004287301545291999,2006
2006-04-25,0.002152979632312757,2006
2006-04-26,0.005370540579926475,2006
2006-04-27,-0.004273461943534174,2006
2006-04-28,-0.002145950645892958,2006
2006-05-01,-0.004301032603159616,2006
2006-05-02,0.0,2006
2006-05-03,0.004319611392592071,2006
2006-05-04,0.010752532155832606,2006
2006-05-05,0.004255082285789635,2006
2006-05-08,-0.0010589472877627903,2006
2006-05-09,-0.006362657973769448,2006
2006-05-10,-0.012806899210339062,2006
2006-05-11,-0.02162170637596117,2006
2006-05-12,-0.011049565166234898,2006
2006-05-15,-0.0089387664803795,2006
2006-05-16,-0.002254614321861581,2006
2006-05-17,-0.014689353789166804,2006
2006-05-18,-0.005733809866536377,2006
2006-05-19,0.010380546269312507,2006
2006-05-22,-0.020547899988462737,2006
2006-05-23,-0.005827474903524421,2006
2006-05-24,-0.0023448040298473805,2006
2006-05-25,0.011751035955106515,2006
2006-05-26,0.0023228039709957127,2006
2006-05-30,-0.024333612476185706,2006
2006-05-31,0.009501092870975114,2006
2006-06-01,0.020000045357454033,2006
2006-06-02,0.0,2006
2006-06-05,-0.027681809639517274,2006
2006-06-06,-0.004744912109418631,2006
2006-06-07,-0.014302710322358525,2006
2006-06-08,-0.008464439762820741,2006
2006-06-09,-0.0012194163593217677,2006
2006-06-12,-0.024420232571615408,2006
2006-06-13,-0.016269980319822963,2006
2006-06-14,0.008905734292717904,2006
2006-06-15,0.03657000271680344,2006
2006-06-16,-0.004866131956097974,2006
2006-06-19,-0.009779853972135655,2006
2006-06-20,-0.004938335403816829,2006
2006-06-21,0.022332454486956754,2006
2006-06-22,-0.007281536904145347,2006
2006-06-23,0.0012223975825413902,2006
2006-06-26,0.007326103395972394,2006
2006-06-27,-0.014545421367814337,2006
2006-06-28,0.0024598307248957507,2006
2006-06-29,0.03680996313225671,2006
2006-06-30,0.002367003392607092,2006
2006-07-03,0.01062554980714947,2006
2006-07-05,-0.016355032448835627,2006
2006-07-06,0.004750655455486141,2006
2006-07-07,-0.016548677031381187,2006
2006-07-10,-0.009615290198063953,2006
2006-07-11,0.009708641604520452,2006
2006-07-12,-0.014423155957800415,2006
2006-07-13,-0.023170590001390323,2006
2006-07-14,-0.004993937643680169,2006
2006-07-17,-0.007528100227552237,2006
2006-07-18,0.002528478163211778,2006
2006-07-19,0.027742648916884383,2006
2006-07-20,-0.01840481261853788,2006
2006-07-21,-0.0225000648301118,2006
2006-07-24,0.024296759852921568,2006
2006-07-25,0.007490619964748868,2006
2006-07-26,-0.0024783471649325595,2006
2006-07-27,-0.008695652173912993,2006
2006-07-28,0.01754385964912286,2006
2006-07-31,0.001231656291135197,2006
2006-08-01,-0.018450311159666888,2006
2006-08-02,0.012531377619863004,2006
2006-08-03,0.008663252307339553,2006
2006-08-04,-0.007361722310306518,2006
2006-08-07,-0.007416773060927695,2006
2006-08-08,-0.006226617604241147,2006
2006-08-09,0.0,2006
2006-08-10,0.00877192982456143,2006
2006-08-11,-0.008695652173912993,2006
2006-08-14,0.01002519412080427,2006
2006-08-15,0.024813876281967406,2006
2006-08-16,0.014527700538111032,2006
2006-08-17,0.003579999325231231,2006
2006-08-18,0.001189185366001766,2006
2006-08-21,-0.010688865754845178,2006
2006-08-22,0.0012003856044531247,2006
2006-08-23,-0.010791288118389364,2006
2006-08-24,-0.0012121369917306168,2006
2006-08-25,-0.0012136080509426161,2006
2006-08-28,0.01215071531384515,2006
2006-08-29,0.006002258615932066,2006
2006-08-30,0.004773441974040615,2006
2006-08-31,-0.002375436747741544,2006
2006-09-01,0.00238109288327637,2006
2006-09-05,0.005938319319357621,2006
2006-09-06,-0.021251533119997945,2006
2006-09-07,-0.003618864735933758,2006
2006-09-08,0.008474575329391776,2006
2006-09-11,0.004801652615701091,2006
2006-09-12,0.016726516115043832,2006
2006-09-13,0.002350315058067043,2006
2006-09-14,0.0,2006
2006-09-15,0.002344588801610259,2006
2006-09-18,0.003508817888465021,2006
2006-09-19,-0.005827474903524421,2006
2006-09-20,0.01758490027561055,2006
2006-09-21,-0.010368693810023588,2006
2006-09-22,-0.006984744208134774,2006
2006-09-25,0.01524031147400029,2006
2006-09-26,0.009237783733254012,2006
2006-09-27,-0.0022883595619095365,2006
2006-09-28,0.0034403069737878322,2006
2006-09-29,-0.003428511840592896,2006
2006-10-02,-0.003440412243117863,2006
2006-10-03,0.0023017376270511036,2006
2006-10-04,0.01607337094989525,2006
2006-10-05,0.003389874810498128,2006
2006-10-06,-0.002252384960283238,2006
2006-10-09,0.004514732090082907,2006
2006-10-10,0.002247220446776943,2006
2006-10-11,0.0,2006
2006-10-12,0.016816054548367765,2006
2006-10-13,0.006615302030376746,2006
2006-10-16,0.0,2006
2006-10-17,-0.009857640568778137,2006
2006-10-18,-0.0022123168177405894,2006
2006-10-19,0.0022172220152936184,2006
2006-10-20,0.005530944358815404,2006
2006-10-23,0.009901019094541219,2006
2006-10-24,-0.006536033328530255,2006
2006-10-25,0.0032895170573870036,2006
2006-10-26,0.004371541829510495,2006
2006-10-27,-0.018498212147805893,2006
2006-10-30,0.0055431059222939005,2006
2006-10-31,0.004410100146466922,2006
2006-11-01,-0.009879081684628144,2006
2006-11-02,0.0,2006
2006-11-03,-0.003326087443238812,2006
2006-11-06,0.014460497936555683,2006
2006-11-07,0.0021931120238480872,2006
2006-11-08,0.0021880115127208555,2006
2006-11-09,0.0021835352085406434,2006
2006-11-10,0.0043573555523535035,2006
2006-11-13,0.00759209078888512,2006
2006-11-14,0.012917087310739817,2006
2006-11-15,0.002125524052544847,2006
2006-11-16,0.005302004067397448,2006
2006-11-17,-0.0010547694840169486,2006
2006-11-20,0.00105588319739236,2006
2006-11-21,0.0010549631440710527,2006
2006-11-22,0.00737637922012091,2006
2006-11-24,-0.0010461346835751728,2006
2006-11-27,-0.023036661997144492,2006
2006-11-28,0.005359028544852817,2006
2006-11-29,0.006396280918864461,2006
2006-11-30,0.0021189642192505076,2006
2006-12-01,-0.008456673364326872,2006
2006-12-04,0.012793246873935127,2006
2006-12-05,0.0,2006
2006-12-06,-0.004210581240129074,2006
2006-12-07,-0.009513672629482883,2006
2006-12-08,0.004268803125531129,2006
2006-12-11,0.0031878471023505384,2006
2006-12-12,-0.005296292284232007,2006
2006-12-13,0.0010648789187799323,2006
2006-12-14,0.00851055518799626,2006
2006-12-15,0.0,2006
2006-12-18,-0.007383870538253956,2006
2006-12-19,-0.001062713251109515,2006
2006-12-20,-0.002127589969946997,2006
2006-12-21,-0.006396476643494853,2006
2006-12-22,-0.006437753445359795,2006
2006-12-26,0.005399539023364319,2006
2006-12-27,0.008592825488637379,2006
2006-12-28,-0.002129855595653707,2006
2006-12-29,-0.0032017492942720827,2006
2006-12-30,0.0,2006
2007-01-03,0.0,2007
2007-01-04,0.01597425755911952,2007
2007-01-05,-0.00733752670975385,2007
2007-01-08,0.003168037321249706,2007
2007-01-09,0.006315871860193445,2007
2007-01-10,0.0031379239522018043,2007
2007-01-11,0.0083420366147553,2007
2007-01-12,0.006204933190056217,2007
2007-01-16,-0.004111333077037371,2007
2007-01-17,-0.01238378097460946,2007
2007-01-18,-0.017763886945189045,2007
2007-01-19,0.0,2007
2007-01-22,-0.007446809030074997,2007
2007-01-23,0.0,2007
2007-01-24,0.016077185603103006,2007
2007-01-25,-0.008438832865192425,2007
2007-01-26,0.002127589969946886,2007
2007-01-29,0.0031849504755987468,2007
2007-01-30,0.004232762191326511,2007
2007-01-31,0.006322430510865784,2007
2007-02-01,-0.006282708522810432,2007
2007-02-02,0.002107605807586177,2007
2007-02-05,-0.0010516348360917194,2007
2007-02-06,-0.0021053872462174494,2007
2007-02-07,0.007384063483308889,2007
2007-02-08,0.001047230227437801,2007
2007-02-09,-0.012552463966445382,2007
2007-02-12,-0.005296485219813185,2007
2007-02-13,0.002129855387443147,2007
2007-02-14,0.01381497826578948,2007
2007-02-15,0.0031446955417624434,2007
2007-02-16,-0.0031348374324643435,2007
2007-02-20,0.004193119831066738,2007
2007-02-21,-0.0010440464773157077,2007
2007-02-22,0.0031347415130764666,2007
2007-02-23,-0.004166434789027673,2007
2007-02-26,-0.005230097299647407,2007
2007-02-27,-0.039958069740908875,2007
2007-02-28,0.005476422297320482,2007
2007-03-01,-0.00435725555796318,2007
2007-03-02,-0.0175055985817395,2007
2007-03-05,-0.007794998570433087,2007
2007-03-06,0.021324530643459294,2007
2007-03-07,-0.004395661150772279,2007
2007-03-08,0.0033111999024098004,2007
2007-03-09,0.0,2007
2007-03-12,0.009900917110265972,2007
2007-03-13,-0.020697138890508282,2007
2007-03-14,0.011123513796490014,2007
2007-03-15,0.0011002253265508521,2007
2007-03-16,-0.0021979314488290713,2007
2007-03-19,0.006607914596017173,2007
2007-03-20,0.0032823185650758813,2007
2007-03-21,0.019629180869674467,2007
2007-03-22,-0.002139163539833122,2007
2007-03-23,0.0,2007
2007-03-26,0.006431051337430382,2007
2007-03-27,-0.007455031525515854,2007
2007-03-28,-0.01072936243046807,2007
2007-03-29,-0.001084612844289179,2007
2007-03-30,-0.0010857905066188334,2007
2007-04-02,0.002173941458234907,2007
2007-04-03,0.013015254570900359,2007
2007-04-04,0.0064237713644133,2007
2007-04-05,0.005319316714232247,2007
2007-04-09,0.0,2007
2007-04-10,0.0010580205573822443,2007
2007-04-11,-0.007399383712991425,2007
2007-04-12,0.0074545427350933835,2007
2007-04-13,0.004228482644561327,2007
2007-04-16,0.008421162480258149,2007
2007-04-17,0.0,2007
2007-04-18,-0.004175610993801704,2007
2007-04-19,-0.0031444068786871116,2007
2007-04-20,0.009463458705837535,2007
2007-04-23,-0.002083073965046478,2007
2007-04-24,0.0062628415752414845,2007
2007-04-25,0.010373389852555093,2007
2007-04-26,0.004106924612105489,2007
2007-04-27,0.0030674308227756075,2007
2007-04-30,-0.009174244966301703,2007
2007-05-01,0.0030862710988843745,2007
2007-05-02,0.006153927266462134,2007
2007-05-03,0.009174244966301703,2007
2007-05-04,0.001010207031708621,2007
2007-05-07,0.0,2007
2007-05-08,0.005045381945759875,2007
2007-05-09,0.0030119954485976486,2007
2007-05-10,-0.011010880033314407,2007
2007-05-11,0.011133469328444612,2007
2007-05-14,-0.00600590115026578,2007
2007-05-15,-0.010070624716145504,2007
2007-05-16,0.01017307392586253,2007
2007-05-17,-0.003021279856781578,2007
2007-05-18,0.005050571548156357,2007
2007-05-21,0.007035268042808296,2007
2007-05-22,0.00399206789960016,2007
2007-05-23,-0.007952389321066788,2007
2007-05-24,-0.01503016444890437,2007
2007-05-25,0.01017307392586253,2007
2007-05-29,0.006042189945811405,2007
2007-05-30,0.009009127385620985,2007
2007-05-31,0.006944261679413977,2007
2007-06-01,0.0019703789291818374,2007
2007-06-04,0.003933369383352314,2007
2007-06-05,-0.000979534604633514,2007
2007-06-06,-0.009803780400070794,2007
2007-06-07,-0.014851587282760925,2007
2007-06-08,0.015075482121315265,2007
2007-06-11,-0.001980223755832289,2007
2007-06-12,-0.007936611289545481,2007
2007-06-13,0.010999960803597775,2007
2007-06-14,0.009891327056720023,2007
2007-06-15,0.010773532048942824,2007
2007-06-18,0.0019380991293809213,2007
2007-06-19,0.0,2007
2007-06-20,-0.008703998704573945,2007
2007-06-21,0.01170711192451801,2007
2007-06-22,-0.0096431525455416,2007
2007-06-25,-0.003894801479086052,2007
2007-06-26,-0.003910120001812567,2007
2007-06-27,0.008832395461279896,2007
2007-06-28,0.002918236688899345,2007
2007-06-29,0.0029097453632249692,2007
2007-07-02,0.013539740957407842,2007
2007-07-03,0.005725177968571193,2007
2007-07-05,0.0075899707075153255,2007
2007-07-06,0.004708246627381563,2007
2007-07-09,0.0018744387566624887,2007
2007-07-10,-0.00935448730818178,2007
2007-07-11,0.0028326379809087143,2007
2007-07-12,0.020715904842784072,2007
2007-07-13,0.002767394168978532,2007
2007-07-16,-0.0018399504865169725,2007
2007-07-17,0.00645152829967599,2007
2007-07-18,-0.0073257677669076315,2007
2007-07-19,0.01383756361598154,2007
2007-07-20,-0.009099049058873154,2007
2007-07-23,0.0009179483172339076,2007
2007-07-24,-0.0155961154098897,2007
2007-07-25,0.0009319785680859116,2007
2007-07-26,-0.012104354836118048,2007
2007-07-27,-0.01696517583817736,2007
2007-07-30,0.007670194739741287,2007
2007-07-31,-0.012369072244905466,2007
2007-08-01,-0.000963668963748554,2007
2007-08-02,0.014464994377232365,2007
2007-08-03,-0.025665386134335666,2007
2007-08-06,0.01170711192451801,2007
2007-08-07,0.0019289314758843545,2007
2007-08-08,0.014436881064014306,2007
2007-08-09,-0.028463021569350433,2007
2007-08-10,0.005859451687133754,2007
2007-08-13,0.003883367434077467,2007
2007-08-14,-0.014506871652683828,2007
2007-08-15,-0.01962698495131765,2007
2007-08-16,-0.009009035498880213,2007
2007-08-17,0.021212122336025097,2007
2007-08-20,-0.000988951113473413,2007
2007-08-21,0.003960356625683392,2007
2007-08-22,0.011834383270814985,2007
2007-08-23,0.0009744031076399651,2007
2007-08-24,0.013632028630701232,2007
2007-08-27,-0.005763588129452768,2007
2007-08-28,-0.020289853530017332,2007
2007-08-29,0.02564090725896251,2007
2007-08-30,0.0038462044283780195,2007
2007-08-31,0.012451918710208565,2007
2007-09-04,0.011353123218326377,2007
2007-09-05,-0.008419193143053838,2007
2007-09-06,0.004716956622947022,2007
2007-09-07,-0.019718225123571798,2007
2007-09-10,-0.0009578669549704655,2007
2007-09-11,0.015340477489886872,2007
2007-09-12,-0.00566579604590467,2007
2007-09-13,0.0009496800343677947,2007
2007-09-14,-0.0028463369936891914,2007
2007-09-17,-0.003806036345520347,2007
2007-09-18,0.024833096861466064,2007
2007-09-19,0.005591785858803711,2007
2007-09-20,0.0,2007
2007-09-21,0.010194417052980631,2007
2007-09-24,0.0018348866455573098,2007
2007-09-25,0.01007339301624377,2007
2007-09-26,0.0009067133824487428,2007
2007-09-27,0.0018116177011047174,2007
2007-09-28,-0.00361684934890405,2007
2007-10-01,0.015426700308120767,2007
2007-10-02,0.0,2007
2007-10-03,-0.009830332951934917,2007
2007-10-04,0.0009025388897827558,2007
2007-10-05,0.0,2007
2007-10-08,0.02164123560335618,2007
2007-10-09,0.0035303338593644096,2007
2007-10-10,0.0052771946073393305,2007
2007-10-11,-0.012248627313854232,2007
2007-10-12,0.010628851633423864,2007
2007-10-15,-0.007887840689833836,2007
2007-10-16,-0.003533615324096684,2007
2007-10-17,0.014184502781921404,2007
2007-10-18,0.0026224921611290863,2007
2007-10-19,-0.027898908193637606,2007
2007-10-22,0.0071747342395254154,2007
2007-10-23,0.01602854256007591,2007
2007-10-24,-0.009640631603285987,2007
2007-10-25,-0.007964543468069518,2007
2007-10-26,0.025869604647554167,2007
2007-10-29,0.009565263549020653,2007
2007-10-30,0.0017227545603302197,2007
2007-10-31,0.013757387097275808,2007
2007-11-01,-0.016115330464984146,2007
2007-11-02,0.010344884344023697,2007
2007-11-05,-0.004266110759570285,2007
2007-11-06,0.011139425663209801,2007
2007-11-07,-0.022881347361870086,2007
2007-11-08,-0.034691769894087954,2007
2007-11-09,-0.037736087145210484,2007
2007-11-12,-0.025210071789402266,2007
2007-11-13,0.0469349532369423,2007
2007-11-14,-0.01097909991839241,2007
2007-11-15,-0.009250645727136297,2007
2007-11-16,0.009337019183752737,2007
2007-11-19,-0.020351369649733386,2007
2007-11-20,0.0028326379809087143,2007
2007-11-21,-0.017890662984499928,2007
2007-11-23,0.013422642771137916,2007
2007-11-26,-0.018921466755190353,2007
2007-11-27,0.016393660294196755,2007
2007-11-28,0.03605299227686576,2007
2007-11-29,0.007326019950587126,2007
2007-11-30,-0.015454415424473567,2007
2007-12-03,-0.010157019195039751,2007
2007-12-04,-0.004664154581843216,2007
2007-12-05,0.02624179847013175,2007
2007-12-06,0.015525149525005721,2007
2007-12-07,0.002697876914009134,2007
2007-12-10,0.0053811535886596484,2007
2007-12-11,-0.026761758808845237,2007
2007-12-12,0.011915659812203439,2007
2007-12-13,-0.00271750969915574,2007
2007-12-14,-0.007266050070963814,2007
2007-12-17,-0.02378779787027563,2007
2007-12-18,0.009372107752526615,2007
2007-12-19,0.004642415610748962,2007
2007-12-20,0.019408588316449205,2007
2007-12-21,0.01903898368207191,2007
2007-12-24,0.010676132751682887,2007
2007-12-26,0.0035209304377661343,2007
2007-12-27,-0.01754377065132884,2007
2007-12-28,-0.0008926230454764372,2007
2007-12-29,0.0,2007
2007-12-30,0.0,2007
2008-01-02,0.0,2008
2008-01-03,-0.0009226059370941453,2008
2008-01-04,-0.049861388075501,2008
2008-01-07,-0.013605530170975655,2008
2008-01-08,-0.029556585647535827,2008
2008-01-09,0.021319795535136077,2008
2008-01-10,0.0019880975116752797,2008
2008-01-11,-0.018849178613732143,2008
2008-01-14,0.02831114385653044,2008
2008-01-15,-0.026548483259080546,2008
2008-01-16,-0.026262506004912978,2008
2008-01-17,-0.01970960836742308,2008
2008-01-18,0.004232665053926832,2008
2008-01-22,-0.027397233773155505,2008
2008-01-23,0.003250412977385375,2008
2008-01-24,0.033477161770958386,2008
2008-01-25,-0.015673995323546186,2008
2008-01-28,-0.0010615850905665303,2008
2008-01-29,0.0031880422030023947,2008
2008-01-30,-0.002118574845874077,2008
2008-01-31,0.01804675164609515,2008
2008-02-01,-0.003128108186597922,2008
2008-02-04,-0.011506329282870098,2008
2008-02-05,-0.03174615355324728,2008
2008-02-06,-0.009836094519205085,2008
2008-02-07,-0.002207433275980164,2008
2008-02-08,0.013274307078347647,2008
2008-02-11,0.013100408236563776,2008
2008-02-12,0.0010776993004302238,2008
2008-02-13,0.024758028195345005,2008
2008-02-14,-0.025210407334715024,2008
2008-02-15,0.0,2008
2008-02-19,-0.0064655033844901455,2008
2008-02-20,0.01843832062807582,2008
2008-02-21,-0.006389957194667506,2008
2008-02-22,0.0010719238785481533,2008
2008-02-25,0.010706483222427732,2008
2008-02-26,0.011652599233746175,2008
2008-02-27,0.0031414987437561326,2008
2008-02-28,-0.014613969143901007,2008
2008-02-29,-0.026482914875824104,2008
2008-03-03,-0.005440667715132297,2008
2008-03-04,0.005470430509794788,2008
2008-03-05,0.0054407676007133254,2008
2008-03-06,-0.02056283948072335,2008
2008-03-07,-0.0022099736675571524,2008
2008-03-10,-0.01218167492159572,2008
2008-03-11,0.03026914828368321,2008
2008-03-12,-0.003264460560428062,2008
2008-03-13,0.0032751521655016713,2008
2008-03-14,-0.019586463705824952,2008
2008-03-17,-0.012208816258099775,2008
2008-03-18,0.04157316999211602,2008
2008-03-19,-0.029126099186362997,2008
2008-03-20,0.01888872558474075,2008
2008-03-24,0.02617224377949734,2008
2008-03-25,0.0031880422030023947,2008
2008-03-26,-0.012711838036523426,2008
2008-03-27,-0.027896969922606707,2008
2008-03-28,-0.006622299827940381,2008
2008-03-31,0.00777777653118128,2008
2008-04-01,0.03528109765169174,2008
2008-04-02,-0.006389957194667506,2008
2008-04-03,0.005359127458882229,2008
2008-04-04,-0.004264350383101578,2008
2008-04-07,-0.010706581503849288,2008
2008-04-08,-0.0010823645119549807,2008
2008-04-09,-0.0065005275966356635,2008
2008-04-10,0.015267275675955982,2008
2008-04-11,-0.02900115576707263,2008
2008-04-14,-0.004424633635481179,2008
2008-04-15,0.0,2008
2008-04-16,0.029999878626826737,2008
2008-04-17,0.0010786637284394551,2008
2008-04-18,0.026939712838390806,2008
2008-04-21,0.006295893813104136,2008
2008-04-22,-0.015641402407092664,2008
2008-04-23,0.011652599233746175,2008
2008-04-24,0.009424303990730909,2008
2008-04-25,-0.014523009651789098,2008
2008-04-28,-0.00210538744965294,2008
2008-04-29,0.00949379682639595,2008
2008-04-30,-0.006269483026153044,2008
2008-05-01,0.027339612641202216,2008
2008-05-02,-0.0010234608649066779,2008
2008-05-05,-0.004098413849132565,2008
2008-05-06,0.009259285492353664,2008
2008-05-07,-0.015290625182759254,2008
2008-05-08,0.005175861260919179,2008
2008-05-09,-0.007208780088815092,2008
2008-05-12,0.014522723983210195,2008
2008-05-13,0.003067524682535794,2008
2008-05-14,0.0030580501783730174,2008
2008-05-15,0.017276555111051195,2008
2008-05-16,0.00199775272305569,2008
2008-05-19,-0.003987996930043147,2008
2008-05-20,-0.01401392249518807,2008
2008-05-21,-0.016243680367552193,2008
2008-05-22,0.005159931444689958,2008
2008-05-23,-0.008213565714416005,2008
2008-05-27,0.020704015198034664,2008
2008-05-28,0.007099204717770924,2008
2008-05-29,0.009063656362192862,2008
2008-05-30,0.006985935601062865,2008
2008-06-02,-0.014866125989842383,2008
2008-06-03,-0.003018055602371339,2008
2008-06-04,0.008072480685569428,2008
2008-06-05,0.019019177038459123,2008
2008-06-06,-0.03143423215329777,2008
2008-06-09,-0.004057034203540977,2008
2008-06-10,-0.004073093391648297,2008
2008-06-11,-0.024540009740765867,2008
2008-06-12,0.011530357877745256,2008
2008-06-13,0.023834226660633284,2008
2008-06-16,0.007085206626696872,2008
2008-06-17,-0.008040305592870611,2008
2008-06-18,-0.008105476097671538,2008
2008-06-19,0.012257661331344316,2008
2008-06-20,-0.027245189663326896,2008
2008-06-23,-0.006224146993623836,2008
2008-06-24,-0.008350839510800512,2008
2008-06-25,0.01789477874734624,2008
2008-06-26,-0.037228460010859665,2008
2008-06-27,-0.002148255671215571,2008
2008-06-30,-0.0064586418275810464,2008
2008-07-01,-0.0010834378415579549,2008
2008-07-02,-0.01626879604178999,2008
2008-07-03,-0.0011027525294183826,2008
2008-07-07,-0.002207433275980164,2008
2008-07-08,0.01880535298013908,2008
2008-07-09,-0.029316044672694552,2008
2008-07-10,0.008948663471028295,2008
2008-07-11,-0.007760633241945536,2008
2008-07-14,-0.013407792121478579,2008
2008-07-15,-0.0022650353311413074,2008
2008-07-16,0.02837680026273537,2008
2008-07-17,0.015452742163647226,2008
2008-07-18,-0.010869606429629752,2008
2008-07-21,-0.0054945769927222665,2008
2008-07-22,0.008839793239456384,2008
2008-07-23,0.010952844594640743,2008
2008-07-24,-0.02600220983925461,2008
2008-07-25,0.006674170224015175,2008
2008-07-28,-0.018784573312691455,2008
2008-07-29,0.02139657392250882,2008
2008-07-30,0.0033075491385758937,2008
2008-07-31,-0.009890137713446934,2008
2008-08-01,-0.0011097905060289959,2008
2008-08-04,-0.003333478505167964,2008
2008-08-05,0.022296529090371386,2008
2008-08-06,0.008724114627644663,2008
2008-08-07,0.0010811944802415763,2008
2008-08-08,0.019438201701416302,2008
2008-08-11,0.006356016258581398,2008
2008-08-12,-0.0010526454117453232,2008
2008-08-13,-0.004214825110971154,2008
2008-08-14,0.01164026601659729,2008
2008-08-15,-0.0020922693671504566,2008
2008-08-18,-0.012578589724999367,2008
2008-08-19,-0.014861996374395559,2008
2008-08-20,0.0032329000675503927,2008
2008-08-21,-0.0032224821049355867,2008
2008-08-22,0.011853604219160596,2008
2008-08-25,-0.01703952740613679,2008
2008-08-26,-0.002166776230404066,2008
2008-08-27,0.009771915222226646,2008
2008-08-28,0.010752928033723741,2008
2008-08-29,-0.024468302854194213,2008
2008-09-02,-0.01417664873113389,2008
2008-09-03,-0.018805251437163162,2008
2008-09-04,-0.03607661588938749,2008
2008-09-05,0.0,2008
2008-09-08,0.005848029186249937,2008
2008-09-09,-0.031395434103637876,2008
2008-09-10,0.0072028646161630405,2008
2008-09-11,0.004767533115892286,2008
2008-09-12,0.0,2008
2008-09-15,-0.03795972830467442,2008
2008-09-16,0.006165195873917506,2008
2008-09-17,-0.03921541496618386,2008
2008-09-18,0.038265096444284996,2008
2008-09-19,0.03316940322071371,2008
2008-09-22,-0.030915439251504084,2008
2008-09-23,-0.008588956640619427,2008
2008-09-24,-0.004950559727033066,2008
2008-09-25,0.014925340756994698,2008
2008-09-26,-0.0024509001576824563,2008
2008-09-29,-0.0675674365104425,2008
2008-09-30,0.03557297816431859,2008
2008-10-01,-0.01781170424026801,2008
2008-10-02,-0.04533672657192134,2008
2008-10-03,-0.01356851080678756,2008
2008-10-06,-0.04126556929531988,2008
2008-10-07,-0.0545192929531253,2008
2008-10-08,-0.007587282583599975,2008
2008-10-09,-0.04587173733536409,2008
2008-10-10,-0.004807608852673062,2008
2008-10-13,0.10950106317954611,2008
2008-10-14,-0.027576353917181384,2008
2008-10-15,-0.08208966726353872,2008
2008-10-16,0.042276533435009256,2008
2008-10-17,-0.003120094086141778,2008
2008-10-20,0.03755874547041271,2008
2008-10-21,-0.04977357272172955,2008
2008-10-22,-0.05079386495844751,2008
2008-10-23,-0.021739183827160447,2008
2008-10-24,-0.03247858728195685,2008
2008-10-27,-0.03003524127407675,2008
2008-10-28,0.09107444017898492,2008
2008-10-29,-0.00834712554900685,2008
2008-10-30,0.03198640879938597,2008
2008-10-31,0.016313428674197716,2008
2008-11-03,-0.0016052309207449378,2008
2008-11-04,0.03215446563851021,2008
2008-11-05,-0.04828658576472278,2008
2008-11-06,-0.05237330960789932,2008
2008-11-07,0.01899836283332812,2008
2008-11-10,-0.015254357668327057,2008
2008-11-11,-0.0206539996091214,2008
2008-11-12,-0.043936740605345914,2008
2008-11-13,0.06250005800455716,2008
2008-11-14,-0.050172949107858966,2008
2008-11-17,-0.025500990389381473,2008
2008-11-18,0.016822391902562295,2008
2008-11-19,-0.05698528000423875,2008
2008-11-20,-0.0409356704217857,2008
2008-11-21,0.05894320622981031,2008
2008-11-24,0.057581350531093145,2008
2008-11-25,-0.012704091534964879,2008
2008-11-26,0.04227928970698791,2008
2008-11-28,0.0,2008
2008-12-01,-0.07583769082342007,2008
2008-12-02,0.026717645511047605,2008
2008-12-03,0.020446192906868887,2008
2008-12-04,-0.045537512695986826,2008
2008-12-05,0.03435124600127426,2008
2008-12-08,0.038745384641570846,2008
2008-12-09,-0.012433310148205479,2008
2008-12-10,0.005395670833288291,2008
2008-12-11,-0.032200364978906104,2008
2008-12-12,0.02033272659942109,2008
2008-12-15,-0.01630447616244357,2008
2008-12-16,0.051565376909571636,2008
2008-12-17,-0.0017512560501607988,2008
2008-12-18,-0.017543846935155316,2008
2008-12-19,0.012499835056139608,2008
2008-12-22,-0.015872901518120264,2008
2008-12-23,-0.008960690665755333,2008
2008-12-24,0.001808508121894592,2008
2008-12-26,0.0036101552600391607,2008
2008-12-29,-0.0017985844608675583,2008
2008-12-30,0.027026964444716084,2008
2009-01-02,0.0,2009
2009-01-05,-0.008389295210333825,2009
2009-01-06,0.01692061950191892,2009
2009-01-07,-0.03161400771030887,2009
2009-01-08,0.0034364711031549255,2009
2009-01-09,-0.029109733035754592,2009
2009-01-12,-0.014109290764910964,2009
2009-01-13,0.007155564853638996,2009
2009-01-14,-0.03907632196419475,2009
2009-01-15,0.014787370622914686,2009
2009-01-16,0.007285987138352823,2009
2009-01-20,-0.057866118110768805,2009
2009-01-21,0.044145924216037136,2009
2009-01-22,-0.03492650548402498,2009
2009-01-23,0.009523846991095875,2009
2009-01-26,0.015094277206066264,2009
2009-01-27,0.011152477565286478,2009
2009-01-28,0.029411643113441688,2009
2009-01-29,-0.02678565793842347,2009
2009-01-30,-0.02201830103052782,2009
2009-02-02,0.009380813602033244,2009
2009-02-03,0.007434956606456877,2009
2009-02-04,0.009225128654635428,2009
2009-02-05,0.009140635750653603,2009
2009-02-06,0.03442032916938875,2009
2009-02-09,-0.00875644171621337,2009
2009-02-10,-0.038869278867958656,2009
2009-02-11,0.005514693630053413,2009
2009-02-12,0.0018280935871144433,2009
2009-02-13,-0.0036495992727435533,2009
2009-02-17,-0.04212459015952463,2009
2009-02-18,0.005736213176089633,2009
2009-02-19,-0.02851713448591131,2009
2009-02-20,-0.001956883006114296,2009
2009-02-23,-0.03921574803574779,2009
2009-02-24,0.03265302108096857,2009
2009-02-25,-0.001976038458778917,2009
2009-02-26,-0.013861565031003886,2009
2009-02-27,0.0020080584080672814,2009
2009-03-02,-0.03607224751128346,2009
2009-03-03,-0.004157963490074801,2009
2009-03-04,0.02296452339738697,2009
2009-03-05,-0.0367348009269407,2009
2009-03-06,-0.008474396623816105,2009
2009-03-09,-0.025641065875452673,2009
2009-03-10,0.06359661880920742,2009
2009-03-11,0.016494680678407425,2009
2009-03-12,0.028397752497057338,2009
2009-03-13,0.0,2009
2009-03-16,-0.013806884848085454,2009
2009-03-17,0.034000079127163074,2009
2009-03-18,0.01160530098366963,2009
2009-03-19,-0.003824054359404472,2009
2009-03-20,-0.019193845622024197,2009
2009-03-23,0.0567514035540595,2009
2009-03-24,-0.016666631251984088,2009
2009-03-25,0.003766527827670396,2009
2009-03-26,0.03752334051962425,2009
2009-03-27,-0.030741318185798283,2009
2009-03-30,-0.022388010496467103,2009
2009-03-31,0.019083955758738336,2009
2009-04-01,0.01872657856194948,2009
2009-04-02,0.027573468150267066,2009
2009-04-03,0.010733429386767579,2009
2009-04-06,-0.007079576716860325,2009
2009-04-07,-0.028520545192682434,2009
2009-04-08,0.012843952790833058,2009
2009-04-09,0.03260871101638951,2009
2009-04-13,-0.0017543286107830625,2009
2009-04-14,-0.012302365798624537,2009
2009-04-15,-0.0053379855797131,2009
2009-04-16,0.03041152010635728,2009
2009-04-17,-0.0017362134816669705,2009
2009-04-20,-0.03652166139112312,2009
2009-04-21,0.021660684812774056,2009
2009-04-22,0.0017666453370690505,2009
2009-04-23,0.005290994155322526,2009
2009-04-24,0.024561566812647317,2009
2009-04-27,-0.011986457745370882,2009
2009-04-28,0.0017332842275907812,2009
2009-04-29,0.025951339204179913,2009
2009-04-30,0.008431737400439232,2009
2009-05-01,0.011705763397060753,2009
2009-05-04,0.023140571982071645,2009
2009-05-05,-0.009693253953777514,2009
2009-05-06,0.0,2009
2009-05-07,-0.02936379944484324,2009
2009-05-08,0.00672285540966433,2009
2009-05-11,-0.0050084128677990725,2009
2009-05-12,-0.008389295210333825,2009
2009-05-13,-0.03214878098445406,2009
2009-05-14,0.01923053931158525,2009
2009-05-15,0.0017155248662932276,2009
2009-05-18,0.02910957585279994,2009
2009-05-19,0.008319576198008605,2009
2009-05-20,-0.008250931941020778,2009
2009-05-21,-0.014975160787990771,2009
2009-05-22,-0.010135036127944086,2009
2009-05-26,0.03583617627148583,2009
2009-05-27,-0.008237264428823221,2009
2009-05-28,0.014950285921139894,2009
2009-05-29,0.011456627125525642,2009
2009-06-01,0.03559864829868742,2009
2009-06-02,0.0,2009
2009-06-03,-0.004687417752176626,2009
2009-06-04,0.01726816543476173,2009
2009-06-05,0.00617313375411177,2009
2009-06-08,-0.00613525997367792,2009
2009-06-09,0.0030865314623707008,2009
2009-06-10,-0.0030770340998109713,2009
2009-06-11,0.009259381899001884,2009
2009-06-12,-0.009174432326385484,2009
2009-06-15,-0.012345488385152037,2009
2009-06-16,-0.009374978933800016,2009
2009-06-17,-0.0015773800129902371,2009
2009-06-18,-0.0015796545482718027,2009
2009-06-19,0.011075802858087513,2009
2009-06-22,-0.03442881657398478,2009
2009-06-23,0.0,2009
2009-06-24,0.014586901945165653,2009
2009-06-25,0.01597435492679833,2009
2009-06-26,0.004716898413774873,2009
2009-06-29,0.006259719534397634,2009
2009-06-30,-0.006220779201311921,2009
2009-07-01,0.014084404865874367,2009
2009-07-02,-0.02623441957491468,2009
2009-07-06,-0.009508695343513507,2009
2009-07-07,-0.022399925624142503,2009
2009-07-08,-0.001636832717423986,2009
2009-07-09,0.006557388150412624,2009
2009-07-10,0.0016286859222571781,2009
2009-07-13,0.022764153497712325,2009
2009-07-14,0.004769684287704301,2009
2009-07-15,0.04113904906790111,2009
2009-07-16,0.0167173363587505,2009
2009-07-17,0.005979083396107754,2009
2009-07-20,0.01337279193645613,2009
2009-07-21,0.0029328595892461617,2009
2009-07-22,0.008772044014822011,2009
2009-07-23,0.02028971779474764,2009
2009-07-24,-0.00852277320571071,2009
2009-07-27,-0.004298116265804008,2009
2009-07-28,0.0014389339644944599,2009
2009-07-29,-0.002873403094343807,2009
2009-07-30,0.00864564520792599,2009
2009-07-31,-0.0014287864907388537,2009
2009-08-03,0.017167212325093217,2009
2009-08-04,0.0028131704067049235,2009
2009-08-05,-0.007012649535148574,2009
2009-08-06,-0.011299258127814293,2009
2009-08-07,0.017142684044039402,2009
2009-08-10,-0.0014047060586014348,2009
2009-08-11,-0.011251455113183595,2009
2009-08-12,0.021337010697950243,2009
2009-08-13,0.002785423796854758,2009
2009-08-14,-0.008333251525420082,2009
2009-08-17,-0.025210155878318874,2009
2009-08-18,0.020115074607387484,2009
2009-08-19,0.004225342370513863,2009
2009-08-20,0.011220149135074964,2009
2009-08-21,0.022191435795521075,2009
2009-08-24,-0.0013569943155078423,2009
2009-08-25,0.002717427060038302,2009
2009-08-26,0.0,2009
2009-08-27,0.002709938279156221,2009
2009-08-28,0.0013513692040771907,2009
2009-08-31,-0.010795992120012143,2009
2009-09-01,-0.019099775666190366,2009
2009-09-02,-0.0013907112033003655,2009
2009-09-03,0.008356591010497683,2009
2009-09-04,0.01795578087836125,2009
2009-09-08,0.0040703601863971706,2009
2009-09-09,0.014864937197739847,2009
2009-09-10,0.013315631960816976,2009
2009-09-11,-0.00394211231045527,2009
2009-09-14,0.003957714063787421,2009
2009-09-15,0.010512379910534442,2009
2009-09-16,0.015604827550107947,2009
2009-09-17,-0.0025608528716682954,2009
2009-09-18,0.001283831674878888,2009
2009-09-21,0.007692289586817225,2009
2009-09-22,0.0038167265844040177,2009
2009-09-23,-0.0038022145709714072,2009
2009-09-24,-0.006361405619549121,2009
2009-09-25,-0.011523485317467386,2009
2009-09-28,0.012953296409300208,2009
2009-09-29,-0.003836484055988798,2009
2009-09-30,0.0,2009
2009-10-01,-0.025673982170117404,2009
2009-10-02,-0.0026349597490457066,2009
2009-10-05,0.007926005837157746,2009
2009-10-06,0.014416783610854411,2009
2009-10-07,0.0038761381552747665,2009
2009-10-08,0.005147835160113523,2009
2009-10-09,0.010243293951659904,2009
2009-10-12,0.002534770932889341,2009
2009-10-13,0.0,2009
2009-10-14,0.012642274766941464,2009
2009-10-15,0.0012485703611513355,2009
2009-10-16,-0.012468874740682478,2009
2009-10-19,0.006313097361871911,2009
2009-10-20,-0.0025093277726621066,2009
2009-10-21,-0.00377363370604733,2009
2009-10-22,0.007575624112186263,2009
2009-10-23,-0.005012366998117357,2009
2009-10-26,-0.0012595777622499416,2009
2009-10-27,-0.00756607174421442,2009
2009-10-28,-0.019059617305344556,2009
2009-10-29,0.019429944613950534,2009
2009-10-30,-0.022871902347090134,2009
2009-11-02,0.003901520231485378,2009
2009-11-03,0.0,2009
2009-11-04,0.006476648204650104,2009
2009-11-05,0.02187894920083555,2009
2009-11-06,0.0,2009
2009-11-09,0.017632007680244977,2009
2009-11-10,-0.001237526464866412,2009
2009-11-11,0.006195754164068035,2009
2009-11-12,-0.004926172973153897,2009
2009-11-13,0.006188313969314185,2009
2009-11-16,0.009840000352275391,2009
2009-11-17,0.004872282729922794,2009
2009-11-18,-0.004848658693905272,2009
2009-11-19,-0.01461617733825571,2009
2009-11-20,-0.00741688652796757,2009
2009-11-23,0.01992543010409742,2009
2009-11-24,-0.006104862000058553,2009
2009-11-25,0.0,2009
2009-11-27,-0.01965616179618368,2009
2009-11-30,0.0050127120915446355,2009
2009-12-01,0.012468645825881586,2009
2009-12-02,-0.003694403634171728,2009
2009-12-03,-0.004944326262218746,2009
2009-12-04,0.004968894095790599,2009
2009-12-07,-0.006180663128613095,2009
2009-12-08,-0.004974961355394436,2009
2009-12-09,0.008749883965587513,2009
2009-12-10,0.0024784609131960345,2009
2009-12-11,-0.0012363368663943497,2009
2009-12-14,0.008663253291550044,2009
2009-12-15,-0.004907702794573643,2009
2009-12-16,0.005579677640508152,2009
2009-12-17,-0.011097210051760342,2009
2009-12-18,0.013715586540513636,2009
2009-12-21,0.008609805049895503,2009
2009-12-22,0.007317202143428458,2009
2009-12-23,0.0072637180785306565,2009
2009-12-24,0.008413628753184632,2009
2009-12-28,0.0035758024420560197,2009
2009-12-29,-0.0023754828401152395,2009
2009-12-30,0.0023811391954138283,2009
2009-12-31,0.0,2009
2010-01-04,0.0,2010
2010-01-05,-0.002369421686757467,2010
2010-01-06,-0.008313485242376517,2010
2010-01-07,-0.00718564419188672,2010
2010-01-08,0.006031229329313659,2010
2010-01-11,-0.00479621057880808,2010
2010-01-12,-0.008433681406087246,2010
2010-01-13,0.00729052860186763,2010
2010-01-14,0.007237651379484511,2010
2010-01-15,-0.00838350664640386,2010
2010-01-19,0.01328512987569952,2010
2010-01-20,-0.01311094921261624,2010
2010-01-21,-0.009661712185580318,2010
2010-01-22,-0.03414634580775766,2010
2010-01-25,0.005050555112702915,2010
2010-01-26,-0.0012563224671856554,2010
2010-01-27,0.0075471871433263615,2010
2010-01-28,-0.01997511472798741,2010
2010-01-29,-0.016560471186745418,2010
2010-02-01,0.011658176444247381,2010
2010-02-02,0.00768247514837106,2010
2010-02-03,0.005082409807147581,2010
2010-02-04,-0.02781288339770438,2010
2010-02-05,0.005201730887229861,2010
2010-02-08,-0.0038811096773371245,2010
2010-02-09,0.009090969444962793,2010
2010-02-10,-0.0025739691581890822,2010
2010-02-11,0.010322564078885765,2010
2010-02-12,-0.002554245212903261,2010
2010-02-16,0.01536495029674212,2010
2010-02-17,0.005044070287757663,2010
2010-02-18,0.008782764564733148,2010
2010-02-19,-0.0024873031954131264,2010
2010-02-22,-0.0012470372053253742,2010
2010-02-23,-0.01248446095054534,2010
2010-02-24,0.007585468223698211,2010
2010-02-25,-0.0012547461014678074,2010
2010-02-26,0.0012563224671857665,2010
2010-03-01,0.017565758202236825,2010
2010-03-02,-0.003699145473082921,2010
2010-03-03,0.0,2010
2010-03-04,0.0049504312901422765,2010
2010-03-05,0.01354690546597892,2010
2010-03-08,0.0012149956686524632,2010
2010-03-09,0.004854306549159526,2010
2010-03-10,0.0060387354883035815,2010
2010-03-11,0.004801968523265643,2010
2010-03-12,0.0023894553788921247,2010
2010-03-15,-0.0035755848365521814,2010
2010-03-16,0.002392204218329086,2010
2010-03-17,0.0023866041669549087,2010
2010-03-18,0.0011904065878582948,2010
2010-03-19,-0.0071340557733913235,2010
2010-03-22,0.007185316220054583,2010
2010-03-23,0.007134598493495847,2010
2010-03-24,-0.004722596620906128,2010
2010-03-25,0.0023724485403686657,2010
2010-03-26,-0.0011835787203003933,2010
2010-03-29,0.0,2010
2010-03-30,0.005924365403393361,2010
2010-03-31,-0.007067153766397882,2010
2010-04-01,0.0,2010
2010-04-05,0.008303515748048884,2010
2010-04-06,0.0011765092503375207,2010
2010-04-07,-0.0035251655716517227,2010
2010-04-08,0.003537636325431137,2010
2010-04-09,0.008225779651782839,2010
2010-04-12,0.0023309720746163,2010
2010-04-13,0.0023254451335910087,2010
2010-04-14,0.011601097120587989,2010
2010-04-15,0.0022935482087942383,2010
2010-04-16,-0.01258580602331838,2010
2010-04-19,0.002317467073752688,2010
2010-04-20,0.0023122143700271547,2010
2010-04-21,0.0069203252374923085,2010
2010-04-22,0.004581946884592014,2010
2010-04-23,0.01026217675225749,2010
2010-04-26,-0.003385909391197761,2010
2010-04-27,-0.01812001696690435,2010
2010-04-28,0.0,2010
2010-04-29,0.010380540500701585,2010
2010-04-30,-0.020547888105644452,2010
2010-05-03,0.011654966766438735,2010
2010-05-04,-0.02764993775653668,2010
2010-05-05,-0.00947844385442942,2010
2010-05-06,-0.031100511122362895,2010
2010-05-07,-0.02469126341389749,2010
2010-05-10,0.045569487442351564,2010
2010-05-11,-0.00484266291092017,2010
2010-05-12,0.0231142240481792,2010
2010-05-13,-0.00951236381524423,2010
2010-05-14,-0.02160869397502485,2010
2010-05-17,0.0,2010
2010-05-18,-0.014723849556094737,2010
2010-05-19,-0.004981483138270737,2010
2010-05-20,-0.0350437010875545,2010
2010-05-21,0.009079297392809993,2010
2010-05-24,-0.005141438546791166,2010
2010-05-25,-0.006460041422860274,2010
2010-05-26,-0.010402986947359083,2010
2010-05-27,0.03285150344575771,2010
2010-05-28,-0.010178100794752898,2010
2010-06-01,-0.010282877093582443,2010
2010-06-02,0.018181938889925586,2010
2010-06-03,0.012754935704272219,2010
2010-06-04,-0.030226655943876635,2010
2010-06-07,-0.016883135820740858,2010
2010-06-08,0.0,2010
2010-06-09,-0.007926042097330943,2010
2010-06-10,0.025299639215598635,2010
2010-06-11,0.009090969444962793,2010
2010-06-14,-0.0025739691581890822,2010
2010-06-15,0.024515986623081965,2010
2010-06-16,0.0025189742221904954,2010
2010-06-17,0.005025060508182744,2010
2010-06-18,0.0,2010
2010-06-21,-0.0037498945937640693,2010
2010-06-22,-0.010037739738971596,2010
2010-06-23,-0.003802174469398678,2010
2010-06-24,-0.01781182156495631,2010
2010-06-25,-0.0012953792150226517,2010
2010-06-28,0.0025942371964668975,2010
2010-06-29,-0.03751621262269367,2010
2010-06-30,-0.013440992145766217,2010
2010-07-01,-0.0054494589499070045,2010
2010-07-02,-0.002739877970045601,2010
2010-07-06,0.005494622963560403,2010
2010-07-07,0.0355191014912708,2010
2010-07-08,0.005276976537397449,2010
2010-07-09,0.006561834881882556,2010
2010-07-12,0.009126407323024832,2010
2010-07-13,0.014211760898504178,2010
2010-07-14,0.006369635624281944,2010
2010-07-15,0.0,2010
2010-07-16,-0.029113948331023876,2010
2010-07-19,0.007822702857616992,2010
2010-07-20,0.010349271528762749,2010
2010-07-21,-0.0140846156939054,2010
2010-07-22,0.022078051715965996,2010
2010-07-23,0.006353099252734751,2010
2010-07-26,0.006313222705748522,2010
2010-07-27,0.0025091485937795976,2010
2010-07-28,-0.010012388096687697,2010
2010-07-29,-0.008849385946255062,2010
2010-07-30,-0.002551220012016131,2010
2010-08-02,0.01790293361523676,2010
2010-08-03,-0.0037687380409970883,2010
2010-08-04,0.005044070287757663,2010
2010-08-05,-0.007528362072421357,2010
2010-08-06,-0.002528412471101138,2010
2010-08-09,0.003802290167127742,2010
2010-08-10,-0.010100879706447907,2010
2010-08-11,-0.025510278933077446,2010
2010-08-12,-0.015706722143718155,2010
2010-08-13,-0.00797886206682863,2010
2010-08-16,0.004021395805577699,2010
2010-08-17,0.010680953357125267,2010
2010-08-18,0.003962960754406497,2010
2010-08-19,-0.01447367836294322,2010
2010-08-20,-0.002670253573846093,2010
2010-08-23,-0.008032025451428004,2010
2010-08-24,-0.01619424569931005,2010
2010-08-25,0.004115172745281059,2010
2010-08-26,-0.00956290456499842,2010
2010-08-27,0.012413758803542896,2010
2010-08-30,-0.012261546917550104,2010
2010-08-31,-0.004137940586355193,2010
2010-09-01,0.026315829400280766,2010
2010-09-02,0.006747612640738643,2010
2010-09-03,0.016085827955574894,2010
2010-09-07,-0.009234889584582961,2010
2010-09-08,0.002663081532607192,2010
2010-09-09,0.00132800418288892,2010
2010-09-10,0.0013264245292168297,2010
2010-09-13,0.019867472800246144,2010
2010-09-14,0.00389623137864592,2010
2010-09-15,0.0064682799439155225,2010
2010-09-16,0.006426710183331297,2010
2010-09-17,0.005108607010096744,2010
2010-09-20,0.015247461404910512,2010
2010-09-21,-0.0025028685247402427,2010
2010-09-22,-0.003764238304403311,2010
2010-09-23,-0.001259257172781969,2010
2010-09-24,0.018915321136148577,2010
2010-09-27,-0.0024751026679545873,2010
2010-09-28,0.002481244001602878,2010
2010-09-29,0.0012376643110938446,2010
2010-09-30,-0.0049444247292323995,2010
2010-10-01,-0.0012422767354849373,2010
2010-10-04,-0.011193943001733375,2010
2010-10-05,0.021383543806708927,2010
2010-10-06,-0.0036944777209378943,2010
2010-10-07,0.0012361343916735823,2010
2010-10-08,0.006172703155322923,2010
2010-10-11,0.002454068264988285,2010
2010-10-12,0.006119927928024627,2010
2010-10-13,0.009732345776629181,2010
2010-10-14,0.0,2010
2010-10-15,0.019277080341808084,2010
2010-10-18,0.008274179385314051,2010
2010-10-19,-0.017584929777571534,2010
2010-10-20,0.007159812500864726,2010
2010-10-21,0.0035547274002358797,2010
2010-10-22,0.004722381070728199,2010
2010-10-25,0.0023501461372765764,2010
2010-10-26,0.0023448499343130536,2010
2010-10-27,0.002339044175670102,2010
2010-10-28,-0.0011667929076800698,2010
2010-10-29,0.0,2010
2010-11-01,0.0035046809950076696,2010
2010-11-02,0.010477323309143305,2010
2010-11-03,0.004608340487361584,2010
2010-11-04,0.014908115699766133,2010
2010-11-05,0.0,2010
2010-11-08,-0.0011297742710387748,2010
2010-11-09,-0.003393569370369609,2010
2010-11-10,0.003405124897925438,2010
2010-11-11,-0.014705845906774817,2010
2010-11-12,-0.01377740215525991,2010
2010-11-15,-0.0034924411030476943,2010
2010-11-16,-0.017523511616987286,2010
2010-11-17,0.0011893168369576657,2010
2010-11-18,0.015439391687317006,2010
2010-11-19,0.002339044175670102,2010
2010-11-22,0.004667597700797943,2010
2010-11-23,-0.015098791373615694,2010
2010-11-24,0.01768871986717091,2010
2010-11-26,-0.004635039924449913,2010
2010-11-29,-0.004656517291058426,2010
2010-11-30,-0.014035119187368994,2010
2010-12-01,0.021352361722764224,2010
2010-12-02,0.012775835148352677,2010
2010-12-03,0.0045870964175884765,2010
2010-12-06,0.0011415898642241906,2010
2010-12-07,-0.001140288122860933,2010
2010-12-08,0.007990920635172039,2010
2010-12-09,0.0,2010
2010-12-10,0.0056623889984326325,2010
2010-12-13,-0.0011259574570446906,2010
2010-12-14,0.001127226666315373,2010
2010-12-15,-0.005630506878229746,2010
2010-12-16,0.0,2010
2010-12-17,0.0011325398283399402,2010
2010-12-20,-0.001131258632881993,2010
2010-12-21,0.006794928826772573,2010
2010-12-22,0.0,2010
2010-12-23,-0.0022495871101985143,2010
2010-12-27,0.0033819887435821983,2010
2010-12-28,0.0,2010
2010-12-29,0.001123529816003277,2010
2010-12-30,-0.0011222689134174901,2010
2010-12-31,0.0,2010
2011-01-03,0.0,2011
2011-01-04,0.0,2011
2011-01-05,0.005580233430052539,2011
2011-01-06,0.007769095691932071,2011
2011-01-07,-0.0033039725081820404,2011
2011-01-10,0.0033149249290140848,2011
2011-01-11,0.0033040730428859355,2011
2011-01-12,0.007683814278996337,2011
2011-01-13,-0.0010892608171086948,2011
2011-01-14,0.010905083288312856,2011
2011-01-18,0.005393722649430277,2011
2011-01-19,-0.00751077942738132,2011
2011-01-20,-0.005405286447516255,2011
2011-01-21,-0.005434860801024288,2011
2011-01-24,0.016393480239481395,2011
2011-01-25,0.006451529311922277,2011
2011-01-26,0.005341957863544522,2011
2011-01-27,0.004250838982654548,2011
2011-01-28,-0.022222368193156594,2011
2011-01-31,0.008658095049163705,2011
2011-02-01,0.018240352385558545,2011
2011-02-02,0.0010536790511308514,2011
2011-02-03,0.0,2011
2011-02-04,0.0042105681908046755,2011
2011-02-07,0.008385827283994063,2011
2011-02-08,0.00415785521208889,2011
2011-02-09,0.0,2011
2011-02-10,-0.005175869666967592,2011
2011-02-11,0.0031216602068637744,2011
2011-02-14,0.0020746620778968605,2011
2011-02-15,-0.0031055029004884993,2011
2011-02-16,0.0062304489768061355,2011
2011-02-17,0.003095982523676044,2011
2011-02-18,-0.002057586694704683,2011
2011-02-22,-0.022680496389893445,2011
2011-02-23,-0.014767647064771072,2011
2011-02-24,0.004282599157886535,2011
2011-02-25,0.009594806264053624,2011
2011-02-28,0.0,2011
2011-03-01,-0.014783528046819927,2011
2011-03-02,0.0053591340929239895,2011
2011-03-03,0.018123577009485192,2011
2011-03-04,-0.008376950439045072,2011
2011-03-07,-0.015839528762451982,2011
2011-03-08,0.009656674429852519,2011
2011-03-09,-0.007438749949312817,2011
2011-03-10,-0.020342785812280106,2011
2011-03-11,0.0043715282201410854,2011
2011-03-14,-0.0010880756189709517,2011
2011-03-15,-0.011982565065036921,2011
2011-03-16,-0.026460819697539995,2011
2011-03-17,0.010192444930703148,2011
2011-03-18,0.0022422258927456973,2011
2011-03-21,0.02013437552649977,2011
2011-03-22,-0.0010966269911771853,2011
2011-03-23,0.004390722386962587,2011
2011-03-24,0.015300548301655503,2011
2011-03-25,0.0,2011
2011-03-28,-0.003229286198437209,2011
2011-03-29,0.007559445496736039,2011
2011-03-30,0.004287189865332941,2011
2011-03-31,-0.0010672707942199766,2011
2011-04-01,-0.0021365295745549018,2011
2011-04-04,-0.003212095972521256,2011
2011-04-05,-0.0010741489269492366,2011
2011-04-06,0.007526833275470102,2011
2011-04-07,-0.0010672707942199766,2011
2011-04-08,-0.004273449258129669,2011
2011-04-11,-0.004291790004942397,2011
2011-04-12,-0.01077591888496332,2011
2011-04-13,0.006535863221298399,2011
2011-04-14,-0.0032466621511293425,2011
2011-04-15,-0.005428860987836015,2011
2011-04-18,-0.006550233136797146,2011
2011-04-19,0.002197974384685608,2011
2011-04-20,0.020833210301447247,2011
2011-04-21,0.009666850087441947,2011
2011-04-25,-0.0010637675940692315,2011
2011-04-26,0.009584589683784728,2011
2011-04-27,0.004219451537742058,2011
2011-04-28,-0.004201722572970357,2011
2011-04-29,0.002109773915240698,2011
2011-05-02,-0.004210472100793838,2011
2011-05-03,-0.0052853921672597615,2011
2011-05-04,-0.0010628310069595859,2011
2011-05-05,-0.005319129307098214,2011
2011-05-06,0.0010695538012899242,2011
2011-05-09,0.0032051357072246933,2011
2011-05-10,0.009584589683784728,2011
2011-05-11,-0.008438806782745,2011
2011-05-12,0.007446955831988733,2011
2011-05-13,-0.011615718688735344,2011
2011-05-16,-0.01388885637980386,2011
2011-05-17,-0.0021668192707168243,2011
2011-05-18,0.00868619740366583,2011
2011-05-19,0.0010764614868512545,2011
2011-05-20,-0.00860223539547289,2011
2011-05-23,-0.017353553833055813,2011
2011-05-24,-0.006622431146696139,2011
2011-05-25,0.005555432714573261,2011
2011-05-26,0.005524942127002941,2011
2011-05-27,0.0043956478281472755,2011
2011-05-31,0.016411315287235162,2011
2011-06-01,-0.021528541902209097,2011
2011-06-02,0.0,2011
2011-06-03,-0.01430129580230266,2011
2011-06-06,-0.006696545007009447,2011
2011-06-07,-0.0022471619695145773,2011
2011-06-08,-0.010135158056531646,2011
2011-06-09,0.002275491139905661,2011
2011-06-10,-0.014756128380347788,2011
2011-06-13,-0.0011520062461159997,2011
2011-06-14,0.01499419594795559,2011
2011-06-15,-0.01818189362438194,2011
2011-06-16,-0.00694446058610787,2011
2011-06-17,-0.003496511680608827,2011
2011-06-20,0.003508780171463055,2011
2011-06-21,0.018648097761036597,2011
2011-06-22,-0.0022884043283533106,2011
2011-06-23,0.006880750031902805,2011
2011-06-24,-0.01138947877326002,2011
2011-06-27,0.011520693466955167,2011
2011-06-28,0.01366745770377431,2011
2011-06-29,0.010112382714791979,2011
2011-06-30,0.013348194897698784,2011
2011-07-01,0.015367628557992674,2011
2011-07-05,0.0010811165017261537,2011
2011-07-06,0.0032397482728210303,2011
2011-07-07,0.012917144793748836,2011
2011-07-08,-0.0063763069785002235,2011
2011-07-11,-0.017112275031244573,2011
2011-07-12,-0.013057602747107877,2011
2011-07-13,0.003307615042885015,2011
2011-07-14,-0.008791095028812146,2011
2011-07-15,0.011086532171356023,2011
2011-07-18,-0.006579161384636767,2011
2011-07-19,0.027593916516077455,2011
2011-07-20,-0.002148297853898473,2011
2011-07-21,0.007534935621609007,2011
2011-07-22,0.008546996043514277,2011
2011-07-25,-0.0021186168194908817,2011
2011-07-26,0.0010616058962298336,2011
2011-07-27,-0.028631994243688896,2011
2011-07-28,0.0010917387416871094,2011
2011-07-29,-0.0032715448960902727,2011
2011-08-01,-0.004376410668099018,2011
2011-08-02,-0.021978038513254083,2011
2011-08-03,0.01123601498354132,2011
2011-08-04,-0.045555623399841205,2011
2011-08-05,-0.008148958394106232,2011
2011-08-08,-0.059859075327146516,2011
2011-08-09,0.04369520947171912,2011
2011-08-10,-0.038277455536531724,2011
2011-08-11,0.043532285775402135,2011
2011-08-12,0.0047678453921600195,2011
2011-08-15,0.01779330605597429,2011
2011-08-16,-0.010489428648457366,2011
2011-08-17,-0.0058892589649298666,2011
2011-08-18,-0.05331765472405714,2011
2011-08-19,-0.02377970463709833,2011
2011-08-22,0.007692325697339353,2011
2011-08-23,0.04198471420667316,2011
2011-08-24,0.007326135933376499,2011
2011-08-25,-0.016969697640297543,2011
2011-08-26,0.02466092952500576,2011
2011-08-29,0.030084009021775326,2011
2011-08-30,0.00116836931219777,2011
2011-08-31,-0.0011670058184123366,2011
2011-09-01,-0.014018512191095622,2011
2011-09-02,-0.02606633687075466,2011
2011-09-06,-0.0060828126061943655,2011
2011-09-07,0.03059963964012291,2011
2011-09-08,-0.008313270214782231,2011
2011-09-09,-0.02275457638228917,2011
2011-09-12,0.011029436441798657,2011
2011-09-13,0.013333215307637758,2011
2011-09-14,0.019138836961459127,2011
2011-09-15,0.016431818997562964,2011
2011-09-16,0.01039263416572167,2011
2011-09-19,-0.0022857891621878013,2011
2011-09-20,-0.003436329816139727,2011
2011-09-21,-0.01839077709988668,2011
2011-09-22,-0.03278688875054725,2011
2011-09-23,0.010896019178355365,2011
2011-09-26,0.011975891446571074,2011
2011-09-27,0.015384578820552441,2011
2011-09-28,-0.013986046722435197,2011
2011-09-29,-0.0011819639679029326,2011
2011-09-30,-0.027218853600948556,2011
2011-10-03,-0.026764086729664793,2011
2011-10-04,0.0262500609045504,2011
2011-10-05,0.02314248733093982,2011
2011-10-06,0.017857074936380002,2011
2011-10-07,-0.005847931363545,2011
2011-10-10,0.035294199772430535,2011
2011-10-11,0.002272697802975898,2011
2011-10-12,0.012471649226857284,2011
2011-10-13,0.008958553007182735,2011
2011-10-14,0.022197575473154707,2011
2011-10-17,-0.01954391937933786,2011
2011-10-18,0.005536976086433887,2011
2011-10-19,-0.022026349341608298,2011
2011-10-20,-0.0033782832198535617,2011
2011-10-21,0.014689022295218512,2011
2011-10-24,0.020044693307602612,2011
2011-10-25,-0.017467221927016996,2011
2011-10-26,0.005555432714573261,2011
2011-10-27,0.03204444242708515,2011
2011-10-28,-0.0010707963935780995,2011
2011-10-31,-0.01929264791651364,2011
2011-11-01,-0.028415232727659778,2011
2011-11-02,0.014623238864991617,2011
2011-11-03,0.025498710263485158,2011
2011-11-04,-0.005405286447516255,2011
2011-11-07,0.003260777567898332,2011
2011-11-08,0.011917852142005136,2011
2011-11-09,-0.035332078337024675,2011
2011-11-10,0.0011100155499439435,2011
2011-11-11,0.021064178357687036,2011
2011-11-14,-0.009771811016207832,2011
2011-11-15,0.01644720280542722,2011
2011-11-16,-0.015102482502873271,2011
2011-11-17,-0.017524617090805994,2011
2011-11-18,-0.003344489093265235,2011
2011-11-21,-0.019015668635669725,2011
2011-11-22,-0.002280576245721866,2011
2011-11-23,-0.026285636428489356,2011
2011-11-25,-0.005868522090930806,2011
2011-11-28,0.036599665767894196,2011
2011-11-29,-0.004555749921372865,2011
2011-11-30,0.040045717952652105,2011
2011-12-01,0.0033005385041569024,2011
2011-12-02,0.0,2011
2011-12-05,0.010964668411967748,2011
2011-12-06,-0.002169070468949097,2011
2011-12-07,0.003260777567898332,2011
2011-12-08,-0.018418211053280453,2011
2011-12-09,0.018763806807218897,2011
2011-12-12,-0.01408447361097187,2011
2011-12-13,-0.008791095028812146,2011
2011-12-14,-0.016629848858749186,2011
2011-12-15,-0.0033821949214177804,2011
2011-12-16,0.0,2011
2011-12-19,-0.009049863469305697,2011
2011-12-20,0.0342466574234872,2011
2011-12-21,-0.015452540855554808,2011
2011-12-22,0.010089709503312783,2011
2011-12-23,0.008879009926108461,2011
2011-12-27,0.0022002920533705783,2011
2011-12-28,-0.012074636869582656,2011
2011-12-29,0.009999920885899405,2011
2011-12-30,-0.004400483682640122,2011
2012-01-03,0.0,2012
2012-01-04,0.0010858119514445264,2012
2012-01-05,0.005423171213104316,2012
2012-01-06,-0.002157666100703115,2012
2012-01-09,-0.0021620356293761134,2012
2012-01-10,0.006500457169249518,2012
2012-01-11,0.007534935621609007,2012
2012-01-12,0.0032053307617345705,2012
2012-01-13,-0.008519784842330846,2012
2012-01-17,0.007518650284563666,2012
2012-01-18,0.014925473358692765,2012
2012-01-19,0.004201722170074973,2012
2012-01-20,0.003137986818603,2012
2012-01-23,0.005213839873034143,2012
2012-01-24,0.0020746618814377893,2012
2012-01-25,0.010351927352614476,2012
2012-01-26,-0.004098214227257868,2012
2012-01-27,0.0030861446745480414,2012
2012-01-30,0.0030770241931905584,2012
2012-01-31,0.0,2012
2012-02-01,0.01226996728189178,2012
2012-02-02,0.0030304944308925386,2012
2012-02-03,0.014098598073664759,2012
2012-02-06,0.0,2012
2012-02-07,0.0,2012
2012-02-08,0.0059581237974586365,2012
2012-02-09,0.007897503580005072,2012
2012-02-10,-0.007835621729346043,2012
2012-02-13,0.005923015042464952,2012
2012-02-14,0.001962862473583016,2012
2012-02-15,-0.005876693945026656,2012
2012-02-16,0.014778359236982563,2012
2012-02-17,0.0,2012
2012-02-21,0.0038834448951505784,2012
2012-02-22,-0.004835571755839707,2012
2012-02-23,0.0058308285264283555,2012
2012-02-24,0.004830899979035186,2012
2012-02-27,0.0,2012
2012-02-28,0.006730990186280428,2012
2012-02-29,-0.005730584329183719,2012
2012-03-01,0.00576361320067087,2012
2012-03-02,-0.001910456339420219,2012
2012-03-05,-0.0076554917760484065,2012
2012-03-06,-0.013500309243992148,2012
2012-03-07,0.007820303019676178,2012
2012-03-08,0.012608730221551845,2012
2012-03-09,0.005747227945540612,2012
2012-03-12,0.0009524121674717723,2012
2012-03-13,0.019981016783331418,2012
2012-03-14,0.0037312949870633716,2012
2012-03-15,0.002788110554555967,2012
2012-03-16,-0.0009268990050641523,2012
2012-03-19,0.007421224746809729,2012
2012-03-20,-0.000920588329239802,2012
2012-03-21,-0.0009217731293877929,2012
2012-03-22,-0.0018449945228699027,2012
2012-03-23,0.0009241602261316206,2012
2012-03-26,0.01662053644015349,2012
2012-03-27,0.0,2012
2012-03-28,-0.0027251333858604454,2012
2012-03-29,-0.0027319980648797815,2012
2012-03-30,-0.005479548210920671,2012
2012-04-02,0.010101090539224256,2012
2012-04-03,0.0,2012
2012-04-04,-0.01272727499054982,2012
2012-04-05,0.0027623533842044967,2012
2012-04-09,-0.008264231424968571,2012
2012-04-10,-0.01481470649937533,2012
2012-04-11,0.006578818112035867,2012
2012-04-12,0.013071981215813766,2012
2012-04-13,-0.017511754374215704,2012
2012-04-16,-0.011256891050054896,2012
2012-04-17,0.02182156490888376,2012
2012-04-18,-0.01021363605426584,2012
2012-04-19,-0.0093806569080227,2012
2012-04-20,-0.0028410881196337945,2012
2012-04-23,-0.008547115243492609,2012
2012-04-24,-0.0028732205006993805,2012
2012-04-25,0.027857683028720936,2012
2012-04-26,0.007476453245997217,2012
2012-04-27,-0.0018551791660365025,2012
2012-04-30,-0.008364331663668234,2012
2012-05-01,0.0018743901109816719,2012
2012-05-02,0.001871054132479788,2012
2012-05-03,-0.01400554804455556,2012
2012-05-04,-0.023674149512672882,2012
2012-05-07,-0.005819781732950946,2012
2012-05-08,-0.0029269249307209977,2012
2012-05-09,-0.001956921991885574,2012
2012-05-10,-0.005882187637543557,2012
2012-05-11,-0.0019724508660778906,2012
2012-05-14,-0.009881474978842841,2012
2012-05-15,-0.0019959821623386498,2012
2012-05-16,-0.00799998758517162,2012
2012-05-17,-0.019153299368133148,2012
2012-05-18,-0.013360614534416726,2012
2012-05-21,0.027083265780480925,2012
2012-05-22,-0.005070881896649837,2012
2012-05-23,0.002038523222201105,2012
2012-05-24,-0.00813843303915196,2012
2012-05-25,-0.0030766496884964134,2012
2012-05-29,0.01337435796103903,2012
2012-05-30,-0.007106646122330695,2012
2012-05-31,-0.006134796963011335,2012
2012-06-01,-0.02572034538599255,2012
2012-06-04,0.005279907692708141,2012
2012-06-05,0.00735289393746319,2012
2012-06-06,0.0239834349642154,2012
2012-06-07,-0.0020367263310043793,2012
2012-06-08,0.0071428112339666505,2012
2012-06-11,-0.016210715438839562,2012
2012-06-12,0.00926881626013909,2012
2012-06-13,-0.008163159611120019,2012
2012-06-14,0.0020573984779928,2012
2012-06-15,0.013347085517843693,2012
2012-06-18,0.004052725103634858,2012
2012-06-19,0.011099893607711797,2012
2012-06-20,0.0019958910590403,2012
2012-06-21,-0.025896355116657666,2012
2012-06-22,0.011247438895411799,2012
2012-06-25,-0.02123343431042979,2012
2012-06-26,0.002066088814376865,2012
2012-06-27,0.0072165422878198715,2012
2012-06-28,-0.010235467993735425,2012
2012-06-29,0.0320578253528061,2012
2012-07-02,0.00400805580892305,2012
2012-07-03,0.009980093018289615,2012
2012-07-05,0.0019763491176065795,2012
2012-07-06,-0.015779246828054094,2012
2012-07-09,-0.003005836052690225,2012
2012-07-10,-0.010050395096455333,2012
2012-07-11,-0.004060768529428493,2012
2012-07-12,-0.01121313394447776,2012
2012-07-13,0.014432990466876294,2012
2012-07-16,-0.0020324939272877707,2012
2012-07-17,0.0020366333722490193,2012
2012-07-18,0.01626013695793671,2012
2012-07-19,0.010999811769293766,2012
2012-07-20,-0.011869284553578163,2012
2012-07-23,-0.010010063336058472,2012
2012-07-24,-0.006066748260591059,2012
2012-07-25,-0.00813843303915196,2012
2012-07-26,0.016410421192321722,2012
2012-07-27,0.019172627244716134,2012
2012-07-30,0.001980172247599832,2012
2012-07-31,0.0019763491176065795,2012
2012-08-01,-0.006903397980988157,2012
2012-08-02,-0.0029793338515545775,2012
2012-08-03,0.020916475662636103,2012
2012-08-06,0.005853849861441995,2012
2012-08-07,0.008729052814364202,2012
2012-08-08,0.0009618333502152687,2012
2012-08-09,0.003842145729873625,2012
2012-08-10,0.0028709076899007258,2012
2012-08-13,0.0019083723445323386,2012
2012-08-14,-0.0019047373963616554,2012
2012-08-15,0.0,2012
2012-08-16,0.012404638000694135,2012
2012-08-17,0.00565496918791597,2012
2012-08-20,0.002811713496618351,2012
2012-08-21,-0.006542099209936758,2012
2012-08-22,0.0028221219045367896,2012
2012-08-23,-0.0093806569080227,2012
2012-08-24,0.0047347434579376735,2012
2012-08-27,0.0018849897293053974,2012
2012-08-28,-0.0009407645517512941,2012
2012-08-29,0.0018834727586247713,2012
2012-08-30,-0.012218270807493048,2012
2012-08-31,0.006660281023870729,2012
2012-09-04,0.0,2012
2012-09-05,-0.0018901623035700865,2012
2012-09-06,0.023674149512672882,2012
2012-09-07,-0.00092501516639798,2012
2012-09-10,-0.012037176187941312,2012
2012-09-11,0.002811713496618351,2012
2012-09-12,0.0028037446166080393,2012
2012-09-13,0.014911269726877618,2012
2012-09-14,0.0073463467309011765,2012
2012-09-17,0.0,2012
2012-09-18,0.0,2012
2012-09-19,-0.0009115236258037118,2012
2012-09-20,-0.0036496709057787236,2012
2012-09-21,0.0018315616951651847,2012
2012-09-24,-0.007312769397563312,2012
2012-09-25,-0.014732859590106173,2012
2012-09-26,-0.0074767091866572155,2012
2012-09-27,0.015065805075869632,2012
2012-09-28,-0.005565706858997377,2012
2012-10-01,-0.0009327811695716282,2012
2012-10-02,0.001867389359162086,2012
2012-10-03,0.0027958205362772492,2012
2012-10-04,-0.002788025716722764,2012
2012-10-05,-0.004659899402186363,2012
2012-10-08,-0.009363345979681137,2012
2012-10-09,-0.01417755463541448,2012
2012-10-10,-0.003835128760691253,2012
2012-10-11,-0.0009624075053376036,2012
2012-10-12,-0.0009635984567298861,2012
2012-10-15,0.0057861109042443015,2012
2012-10-16,0.014381448405925923,2012
2012-10-17,-0.006616215171514117,2012
2012-10-18,-0.012369056106105947,2012
2012-10-19,-0.02215810349189895,2012
2012-10-22,0.00985226947014195,2012
2012-10-23,-0.012682896071321337,2012
2012-10-24,-0.004940692387889745,2012
2012-10-25,-0.003972233616541976,2012
2012-10-26,0.0009968595238991629,2012
2012-10-31,-0.0049799703758499625,2012
2012-11-01,0.020019943918352157,2012
2012-11-02,-0.01766432892741132,2012
2012-11-05,0.0059941110360075545,2012
2012-11-06,0.009930357414000612,2012
2012-11-07,-0.02556532838099712,2012
2012-11-08,-0.014127053578419368,2012
2012-11-09,0.0061410752403650015,2012
2012-11-12,-0.0030517963094279787,2012
2012-11-13,-0.006122556005286772,2012
2012-11-14,-0.013346991795550434,2012
2012-11-15,-0.004162277331271391,2012
2012-11-16,0.005224640562127902,2012
2012-11-19,0.025987522732416224,2012
2012-11-20,-0.0060788564358271735,2012
2012-11-21,0.0050967267962933605,2012
2012-11-23,0.015212923434886338,2012
2012-11-26,0.0039962260145276485,2012
2012-11-27,-0.004975286157296033,2012
2012-11-28,0.005000163401049473,2012
2012-11-29,0.00795991286368758,2012
2012-11-30,-0.002961327293170002,2012
2012-12-03,-0.002970303562240262,2012
2012-12-04,-0.0009930810668709045,2012
2012-12-05,-0.008946342091962434,2012
2012-12-06,0.006018067754169687,2012
2012-12-07,-0.004985116731676897,2012
2012-12-10,0.003006018989581083,2012
2012-12-11,0.012987164582755062,2012
2012-12-12,-0.003944811707013551,2012
2012-12-13,0.0,2012
2012-12-14,-0.016831599677120446,2012
2012-12-17,0.01611267038004649,2012
2012-12-18,0.01684828168841812,2012
2012-12-19,-0.0019492925906952063,2012
2012-12-20,0.0019530997535737171,2012
2012-12-21,-0.007797259335010853,2012
2012-12-24,-0.002946961595971964,2012
2012-12-26,-0.006896597622745526,2012
2012-12-27,0.0,2012
2012-12-28,-0.010912603359560458,2012
2012-12-29,0.0,2012
2012-12-30,0.0,2012
2012-12-31,0.0,2012
2013-01-02,0.0,2013
2013-01-03,-0.006692117810666365,2013
2013-01-04,-0.0038499814573577096,2013
2013-01-07,-0.0038646847038023013,2013
2013-01-08,-0.0019399277596048314,2013
2013-01-09,0.0029155475911135653,2013
2013-01-10,0.0048449428979080444,2013
2013-01-11,0.007714549774501922,2013
2013-01-14,-0.006698434606380421,2013
2013-01-15,-0.0038536902778042448,2013
2013-01-16,0.005802633136692714,2013
2013-01-17,0.001923140053222916,2013
2013-01-18,0.0,2013
2013-01-22,0.002879085420810501,2013
2013-01-23,0.011483367692791457,2013
2013-01-24,-0.016083434082758252,2013
2013-01-25,0.00480776235852276,2013
2013-01-28,0.003827789230930412,2013
2013-01-29,-0.0019064660334811023,2013
2013-01-30,-0.002865422946104701,2013
2013-01-31,0.003831455480916235,2013
2013-02-01,0.00858780545909954,2013
2013-02-04,-0.017029366035593352,2013
2013-02-05,0.013474495805743114,2013
2013-02-06,-0.0018992239258522892,2013
2013-02-07,0.0009513320646590273,2013
2013-02-08,0.009505580520714485,2013
2013-02-11,-0.0028246076871688564,2013
2013-02-12,-0.004721416757758168,2013
2013-02-13,0.0,2013
2013-02-14,0.0,2013
2013-02-15,0.0,2013
2013-02-19,0.007589860347054556,2013
2013-02-20,-0.015065806370869517,2013
2013-02-21,-0.021988636438015075,2013
2013-02-22,0.011730233540119261,2013
2013-02-25,-0.016425042289006764,2013
2013-02-26,0.004911483098057889,2013
2013-02-27,0.006842665976120932,2013
2013-02-28,-0.000970905623187579,2013
2013-03-01,0.0,2013
2013-03-04,0.0019436983940757102,2013
2013-03-05,0.013579051613500148,2013
2013-03-06,0.003827789230930412,2013
2013-03-07,0.0009533200381954821,2013
2013-03-08,0.0038096483386820257,2013
2013-03-11,0.001897421782450559,2013
2013-03-12,-0.004734743867230717,2013
2013-03-13,0.0019028378410068658,2013
2013-03-14,0.007597155776066344,2013
2013-03-15,-0.0028273560246249163,2013
2013-03-18,-0.0009451242108398095,2013
2013-03-19,-0.0028381413097802177,2013
2013-03-20,0.006641062847203116,2013
2013-03-21,-0.011309940321984069,2013
2013-03-22,0.0009533200381954821,2013
2013-03-25,-0.0019047372307664512,2013
2013-03-26,0.006679346176309053,2013
2013-03-27,-0.0009477252474161535,2013
2013-03-28,0.0009486242825991198,2013
2013-04-01,-0.01232233180040021,2013
2013-04-02,0.001919448684577496,2013
2013-04-03,-0.008620796691617416,2013
2013-04-04,-0.0019321659547719694,2013
2013-04-05,-0.01452093318697023,2013
2013-04-08,0.003929401689857892,2013
2013-04-09,0.0,2013
2013-04-10,0.019569305743438736,2013
2013-04-11,0.0,2013
2013-04-12,-0.010556617340952923,2013
2013-04-15,-0.021338319948185913,2013
2013-04-16,0.01684818969288182,2013
2013-04-17,-0.022417087223569943,2013
2013-04-18,-0.013958308646202289,2013
2013-04-19,-0.008088783058810667,2013
2013-04-22,0.0030581108051510597,2013
2013-04-23,0.016260044188119327,2013
2013-04-24,0.0030000983144951032,2013
2013-04-25,0.0,2013
2013-04-26,0.0009970415488282924,2013
2013-04-29,0.016932278070540985,2013
2013-04-30,0.012732494150486051,2013
2013-05-01,-0.01160526627338565,2013
2013-05-02,0.012719946014722705,2013
2013-05-03,0.01352666105900191,2013
2013-05-06,0.004766600190977188,2013
2013-05-07,0.0028462192823019983,2013
2013-05-08,0.008514337566521979,2013
2013-05-09,-0.0037522120256267,2013
2013-05-10,0.0018833869642906897,2013
2013-05-13,-0.0046991443442582215,2013
2013-05-14,0.005665475990061841,2013
2013-05-15,0.0009388265328338363,2013
2013-05-16,0.0,2013
2013-05-17,0.012195438378200363,2013
2013-05-20,0.0018535440474536369,2013
2013-05-21,-0.00092501516639798,2013
2013-05-22,-0.01018534844097052,2013
2013-05-23,-0.0009353989761847759,2013
2013-05-24,0.0009362747666428195,2013
2013-05-28,0.008419188539253275,2013
2013-05-29,-0.0009276741063505289,2013
2013-05-30,0.010213551295207512,2013
2013-05-31,-0.008271993891925677,2013
2013-06-03,0.0037070034929604923,2013
2013-06-04,-0.0064635705902522655,2013
2013-06-05,-0.01022304462139545,2013
2013-06-06,0.0,2013
2013-06-07,0.008450895935197433,2013
2013-06-10,0.0009311290860247734,2013
2013-06-11,-0.012093247751977954,2013
2013-06-12,-0.00847442475511928,2013
2013-06-13,0.012345388972468507,2013
2013-06-14,-0.009380572880919091,2013
2013-06-17,0.008522573538857214,2013
2013-06-18,0.007511640831865618,2013
2013-06-19,-0.010251543091191584,2013
2013-06-20,-0.02071562343881994,2013
2013-06-21,-0.007692209114753434,2013
2013-06-24,-0.014534828693723911,2013
2013-06-25,0.005899538734448928,2013
2013-06-26,0.0039101075910912275,2013
2013-06-27,0.011684634594845145,2013
2013-06-28,-0.008662282561051282,2013
2013-07-01,0.01262159584801581,2013
2013-07-02,-0.0009589790308561774,2013
2013-07-03,0.00671789518390975,2013
2013-07-05,0.012392638367811681,2013
2013-07-08,0.0018833869642906897,2013
2013-07-09,0.0018794175126948254,2013
2013-07-10,0.005628789023814251,2013
2013-07-11,0.013992398778681636,2013
2013-07-12,0.002760064207226076,2013
2013-07-15,0.002752299724636087,2013
2013-07-16,-0.0009149429603428905,2013
2013-07-17,0.0018313945055992153,2013
2013-07-18,0.002742320272468124,2013
2013-07-19,-0.007292438647736321,2013
2013-07-22,0.005509569594371433,2013
2013-07-23,-0.005479380565809988,2013
2013-07-24,0.005509569594371433,2013
2013-07-25,0.0036527536457091614,2013
2013-07-26,-0.004549573682527397,2013
2013-07-29,-0.0009139398735537041,2013
2013-07-30,0.007319293127847182,2013
2013-07-31,-0.0036330966239205287,2013
2013-08-01,0.01731986424172871,2013
2013-08-02,0.0008961685359611948,2013
2013-08-05,0.004476340342103979,2013
2013-08-06,-0.0062391440837438195,2013
2013-08-07,-0.004484125038079934,2013
2013-08-08,0.002702708926209496,2013
2013-08-09,-0.0035938439613284467,2013
2013-08-12,0.007213694833800188,2013
2013-08-13,0.007162030134022945,2013
2013-08-14,0.0,2013
2013-08-15,-0.013333363626596983,2013
2013-08-16,0.0009009303884683906,2013
2013-08-19,-0.0009001194435084292,2013
2013-08-20,0.0009009303884683906,2013
2013-08-21,0.000900037278337873,2013
2013-08-22,0.00629484185154916,2013
2013-08-23,0.0008938475843436322,2013
2013-08-26,-0.002678577468667731,2013
2013-08-27,-0.02059096943651839,2013
2013-08-28,0.002742320272468124,2013
2013-08-29,0.003646344144521585,2013
2013-08-30,-0.008174405220237269,2013
2013-09-03,0.006410131553945986,2013
2013-09-04,0.008189116341269953,2013
2013-09-05,0.0036103096622599473,2013
2013-09-06,0.00089931003095578,2013
2013-09-09,0.010781695919037437,2013
2013-09-10,0.006222263406635564,2013
2013-09-11,0.0,2013
2013-09-12,-0.001766842154708792,2013
2013-09-13,0.0008849847056384696,2013
2013-09-16,-0.0008842022002146788,2013
2013-09-17,0.006194650588569273,2013
2013-09-18,0.010554194569162512,2013
2013-09-19,0.0017405419800484712,2013
2013-09-20,0.0,2013
2013-09-23,0.0026065145653921817,2013
2013-09-24,-0.0008666585400948223,2013
2013-09-25,-0.004336418065790659,2013
2013-09-26,0.006097521701975195,2013
2013-09-27,-0.005194738066316873,2013
2013-09-30,-0.004351752189024727,2013
2013-10-01,0.01048969491088858,2013
2013-10-02,0.0008648432151856511,2013
2013-10-03,-0.0077785989353915674,2013
2013-10-04,0.004355304486849398,2013
2013-10-07,-0.007805742531629911,2013
2013-10-08,-0.01573422318621709,2013
2013-10-09,0.0008883717664782687,2013
2013-10-10,0.01685865507889117,2013
2013-10-11,0.010471148721377554,2013
2013-10-14,0.003454265879225371,2013
2013-10-15,-0.009466433053273215,2013
2013-10-16,0.006950705507712485,2013
2013-10-17,-0.005177123777766801,2013
2013-10-18,0.018213399240469608,2013
2013-10-21,0.004258927687648573,2013
2013-10-22,0.0008482816257833203,2013
2013-10-23,-0.005084834399594396,2013
2013-10-24,0.005110822083534972,2013
2013-10-25,0.0,2013
2013-10-28,0.001694815865543653,2013
2013-10-29,0.0067681794472298495,2013
2013-10-30,-0.005041875117894445,2013
2013-10-31,-0.002533789318779678,2013
2013-11-01,0.0033869933857821888,2013
2013-11-04,0.002531419927754186,2013
2013-11-05,-0.00336680648154819,2013
2013-11-06,0.006756745817000143,2013
2013-11-07,-0.007550428727852387,2013
2013-11-08,0.01014364850805305,2013
2013-11-11,0.0008367711176615611,2013
2013-11-12,0.005017039708435922,2013
2013-11-13,0.006655258765495109,2013
2013-11-14,0.0008266242880579089,2013
2013-11-15,0.0016515061881166027,2013
2013-11-18,-0.005770778871523108,2013
2013-11-19,-0.004975135298958877,2013
2013-11-20,-0.0033335181864675434,2013
2013-11-21,0.010869845631308772,2013
2013-11-22,0.0,2013
2013-11-25,-0.000827232281327861,2013
2013-11-26,0.0049667472921153255,2013
2013-11-27,0.0074135265277652795,2013
2013-11-29,0.004905905762004226,2013
2013-12-02,-0.004881955349126943,2013
2013-12-03,0.003270753122628811,2013
2013-12-04,-0.0016301194835696142,2013
2013-12-05,0.003265264148602398,2013
2013-12-06,0.0016275412784712007,2013
2013-12-09,-0.003249422606249164,2013
2013-12-10,-0.0016301194835696142,2013
2013-12-11,-0.004897896222903597,2013
2013-12-12,-0.00574230019107802,2013
2013-12-13,-0.0008251094164378747,2013
2013-12-16,0.012386484861532487,2013
2013-12-17,0.000815612827979928,2013
2013-12-18,0.004889986464153173,2013
2013-12-19,-0.0016220389404840718,2013
2013-12-20,0.00893581947273181,2013
2013-12-23,0.012882353572401417,2013
2013-12-24,0.0015898771484295082,2013
2013-12-26,0.0007934593792919831,2013
2013-12-27,0.0,2013
2013-12-30,-0.0015858777754218512,2013
2013-12-31,0.0,2013
2014-01-02,0.0,2014
2014-01-03,-0.0031949920723074454,2014
2014-01-06,-0.005609011048909873,2014
2014-01-07,0.0096695692905866,2014
2014-01-08,0.0007981107033092627,2014
2014-01-09,-0.003987225562037344,2014
2014-01-10,0.0008005204954588674,2014
2014-01-13,-0.007199870944193831,2014
2014-01-14,0.014504243598852495,2014
2014-01-15,0.009531542155347461,2014
2014-01-16,-0.00472070299173688,2014
2014-01-17,-0.0023716190266988013,2014
2014-01-21,0.006339062596181666,2014
2014-01-22,0.002362282319080533,2014
2014-01-23,-0.0047132867674445356,2014
2014-01-24,-0.02367796315869486,2014
2014-01-27,-0.012125844713827272,2014
2014-01-28,-0.002455146293954935,2014
2014-01-29,-0.009023785077239554,2014
2014-01-30,0.010761411745360716,2014
2014-01-31,-0.0040948394451515435,2014
2014-02-03,-0.020559206266569374,2014
2014-02-04,0.005037794572981147,2014
2014-02-05,0.0016708220507024585,2014
2014-02-06,0.01084226596346638,2014
2014-02-07,0.011551232297898117,2014
2014-02-10,0.0,2014
2014-02-11,0.008156575635065222,2014
2014-02-12,0.008090658028911069,2014
2014-02-13,0.009630840257404572,2014
2014-02-14,0.0007947208245591142,2014
2014-02-18,0.003971536320034996,2014
2014-02-19,-0.00316437161376093,2014
2014-02-20,0.004761697420337274,2014
2014-02-21,-0.002369601608701588,2014
2014-02-24,0.00791755365263791,2014
2014-02-25,-0.0039277150698825425,2014
2014-02-26,0.004731872213245225,2014
2014-02-27,0.0031397485836595074,2014
2014-02-28,0.0007823553546162376,2014
2014-03-03,-0.00625473512390462,2014
2014-03-04,0.01573558087672855,2014
2014-03-05,0.0,2014
2014-03-06,0.001549237394786518,2014
2014-03-07,-0.0015468409709106234,2014
2014-03-10,-0.002323856092179888,2014
2014-03-11,-0.003881902341934085,2014
2014-03-12,0.0015588263230972288,2014
2014-03-13,-0.014007814607869373,2014
2014-03-14,-0.0031569512800505573,2014
2014-03-17,0.011084719667139753,2014
2014-03-18,0.010963124231632815,2014
2014-03-19,-0.0069712854399544,2014
2014-03-20,0.0015600421850103796,2014
2014-03-21,-0.007009432835481388,2014
2014-03-24,-0.0070587686106996506,2014
2014-03-25,0.002369745819614133,2014
2014-03-26,-0.015760452459568808,2014
2014-03-27,-0.007205780762190805,2014
2014-03-28,0.0,2014
2014-03-31,0.012096727885866132,2014
2014-04-01,0.011155452672465094,2014
2014-04-02,0.0023639995306961037,2014
2014-04-03,-0.007861677196076666,2014
2014-04-04,-0.018225058133028993,2014
2014-04-07,-0.010492234468937878,2014
2014-04-08,0.008156575635065222,2014
2014-04-09,0.016181242202234714,2014
2014-04-10,-0.026274017863177845,2014
2014-04-11,-0.014717867665856144,2014
2014-04-14,0.007469048907975173,2014
2014-04-15,0.00576587480381896,2014
2014-04-16,0.01310406937519737,2014
2014-04-17,0.0,2014
2014-04-21,0.004042095829713377,2014
2014-04-22,0.008856678449748578,2014
2014-04-23,-0.006384594212251238,2014
2014-04-24,0.0040159020070345,2014
2014-04-25,-0.01839994607582207,2014
2014-04-28,0.0024449934139776364,2014
2014-04-29,0.008943159483425056,2014
2014-04-30,-0.0008058280900564707,2014
2014-05-01,0.0032256910386199156,2014
2014-05-02,0.0008040316496562561,2014
2014-05-05,0.002409643854579535,2014
2014-05-06,-0.014423181717972633,2014
2014-05-07,-0.0032519905250096848,2014
2014-05-08,0.0008156128887089054,2014
2014-05-09,0.0048898380333217695,2014
2014-05-12,0.018653859152735652,2014
2014-05-13,-0.0039809492384274,2014
2014-05-14,-0.010391662269006119,2014
2014-05-15,-0.009693001970380699,2014
2014-05-16,0.006525349857647411,2014
2014-05-19,0.010534893807373935,2014
2014-05-20,-0.009623262501061491,2014
2014-05-21,0.010526438722440412,2014
2014-05-22,0.002403705137896006,2014
2014-05-23,0.011191121940512527,2014
2014-05-27,0.011067050320754834,2014
2014-05-28,-0.005472919998130044,2014
2014-05-29,0.005503037683116441,2014
2014-05-30,-0.0023454453773236184,2014
2014-06-02,-0.0023511740453278085,2014
2014-06-03,-0.0015709999771965633,2014
2014-06-04,0.003933895219182082,2014
2014-06-05,0.008620613797718057,2014
2014-06-06,0.008547146767453828,2014
2014-06-09,0.001540812002087888,2014
2014-06-10,0.0015384415528787443,2014
2014-06-11,-0.0007681443606593064,2014
2014-06-12,-0.008455030975327738,2014
2014-06-13,0.003100876786710449,2014
2014-06-16,0.0,2014
2014-06-17,0.0061823705123282835,2014
2014-06-18,0.0038401609092764133,2014
2014-06-19,-0.0030604043270588965,2014
2014-06-20,0.0,2014
2014-06-23,0.0053721835478997,2014
2014-06-24,-0.006106791502503706,2014
2014-06-25,0.005376449630595248,2014
2014-06-26,0.0015277941659295191,2014
2014-06-27,0.0038137981898314077,2014
2014-06-30,0.005319114991161333,2014
2014-07-01,0.012849522424289272,2014
2014-07-02,-0.002985104519872883,2014
2014-07-03,0.005988084096648194,2014
2014-07-07,-0.007440312756125,2014
2014-07-08,-0.011993983916097295,2014
2014-07-09,0.003034723327025368,2014
2014-07-10,-0.007564199368389923,2014
2014-07-11,0.003048741032347202,2014
2014-07-14,0.007598894252259347,2014
2014-07-15,-0.0045251033742864655,2014
2014-07-16,0.0007576006431480042,2014
2014-07-17,-0.01362593531374301,2014
2014-07-18,0.02072152960599838,2014
2014-07-21,-0.0007519728477127785,2014
2014-07-22,0.006019485642933198,2014
2014-07-23,0.0,2014
2014-07-24,0.0022437664524723733,2014
2014-07-25,-0.010447559263715545,2014
2014-07-28,0.0,2014
2014-07-29,-0.001508413686601373,2014
2014-07-30,0.0037764897757126548,2014
2014-07-31,-0.017306192941837772,2014
2014-08-01,-0.0022971653336257836,2014
2014-08-04,0.007674497884179843,2014
2014-08-05,-0.0045696291214836204,2014
2014-08-06,0.0015304116941556867,2014
2014-08-07,-0.004583800918684933,2014
2014-08-08,0.008442262933362699,2014
2014-08-11,0.0068490514576431405,2014
2014-08-12,-0.005290971704251524,2014
2014-08-13,0.010638438079985546,2014
2014-08-14,0.0,2014
2014-08-15,-0.0015038770597147755,2014
2014-08-18,0.013554179185199855,2014
2014-08-19,0.008172426798143118,2014
2014-08-20,-0.001473820266041037,2014
2014-08-21,0.005904049842557768,2014
2014-08-22,0.0007336327203140147,2014
2014-08-25,-0.001466390570394549,2014
2014-08-26,0.005139602499158791,2014
2014-08-27,-0.002191318954898991,2014
2014-08-28,-0.004392329585303889,2014
2014-08-29,0.005146891118015029,2014
2014-09-02,0.003657697625788714,2014
2014-09-03,-0.007288735261914869,2014
2014-09-04,0.005139602499158791,2014
2014-09-05,0.005843739481162347,2014
2014-09-08,0.0007259749749113364,2014
2014-09-09,-0.014513603497414707,2014
2014-09-10,0.008100143562929762,2014
2014-09-11,0.0007305507856820714,2014
2014-09-12,-0.005109522610152295,2014
2014-09-15,-0.013939959321358275,2014
2014-09-16,0.011160876658803387,2014
2014-09-17,0.0014717183887349439,2014
2014-09-18,0.009551776146771607,2014
2014-09-19,-0.005822473359948788,2014
2014-09-22,-0.01244516771906734,2014
2014-09-23,-0.0029651888226206458,2014
2014-09-24,0.013382998986289696,2014
2014-09-25,-0.020542921700010708,2014
2014-09-26,0.011985000184964179,2014
2014-09-29,0.0,2014
2014-09-30,0.0029607990583064847,2014
2014-10-01,-0.02140217225810015,2014
2014-10-02,0.002262379580246332,2014
2014-10-03,0.009781767200809366,2014
2014-10-06,-0.004471085179920564,2014
2014-10-07,-0.018712369918988836,2014
2014-10-08,0.019069199840462847,2014
2014-10-09,-0.023203398827732702,2014
2014-10-10,-0.03218391013645394,2014
2014-10-13,-0.011876438894041774,2014
2014-10-14,0.010416494470132376,2014
2014-10-15,0.0023791422520751393,2014
2014-10-16,0.0031645160528523952,2014
2014-10-17,0.007886477685984383,2014
2014-10-20,0.011737116029449046,2014
2014-10-21,0.026295519908005716,2014
2014-10-22,-0.010550319461400393,2014
2014-10-23,0.020563574382016947,2014
2014-10-24,0.0037313976807211713,2014
2014-10-27,-0.0007435187965352252,2014
2014-10-28,0.020089333471076554,2014
2014-10-29,-0.001458770410151633,2014
2014-10-30,0.008765609221743409,2014
2014-10-31,0.01955102737170278,2014
2014-11-03,0.004971558860736192,2014
2014-11-04,0.0014132802539839062,2014
2014-11-05,0.0021173473085427386,2014
2014-11-06,0.003520920322415355,2014
2014-11-07,-0.0021050761026554232,2014
2014-11-10,0.003516096708965133,2014
2014-11-11,0.0,2014
2014-11-12,0.0007006658596608872,2014
2014-11-13,-0.002800892859311732,2014
2014-11-14,0.0035111582097555605,2014
2014-11-17,-0.006298061035826641,2014
2014-11-18,0.007042226358212611,2014
2014-11-19,-0.006293592817375737,2014
2014-11-20,0.0035183779987701946,2014
2014-11-21,0.004908997109526636,2014
2014-11-24,0.007676136109550757,2014
2014-11-25,0.0013850236893480083,2014
2014-11-26,0.006915603389331171,2014
2014-11-28,0.0006868357074567566,2014
2014-12-01,-0.013040357593601115,2014
2014-12-02,0.0055631464574879,2014
2014-12-03,0.004841036005946986,2014
2014-12-04,0.004129333901695009,2014
2014-12-05,0.0041124777589338635,2014
2014-12-08,-0.00955625215011624,2014
2014-12-09,0.006202506456828738,2014
2014-12-10,-0.0136987654635925,2014
2014-12-11,0.0,2014
2014-12-12,-0.017360983885443826,2014
2014-12-15,-0.004240292351023078,2014
2014-12-16,-0.01277504698709242,2014
2014-12-17,0.02084840266110044,2014
2014-12-18,0.02816896971841376,2014
2014-12-19,0.002054799188459411,2014
2014-12-22,0.00820234258694641,2014
2014-12-23,0.002711891134209665,2014
2014-12-24,0.0020283403518448484,2014
2014-12-26,0.0033738679165267182,2014
2014-12-29,-0.0033625232073587474,2014
2014-12-30,-0.005398225624136943,2014
2014-12-31,0.0,2014
2015-01-02,0.0,2015
2015-01-05,-0.017170387888120087,2015
2015-01-06,-0.016072818654495058,2015
2015-01-07,0.007102311222140667,2015
2015-01-08,0.021861656615711267,2015
2015-01-09,-0.006901160208105828,2015
2015-01-12,-0.01181370220206146,2015
2015-01-13,0.002109837771796741,2015
2015-01-14,-0.005614217782323738,2015
2015-01-15,-0.014114272575946218,2015
2015-01-16,0.016463931608405424,2015
2015-01-20,0.005633729295951628,2015
2015-01-21,0.004902056985805148,2015
2015-01-22,0.018815244079277038,2015
2015-01-23,0.0034198970047303323,2015
2015-01-26,0.003408365622910914,2015
2015-01-27,-0.0217392827750148,2015
2015-01-28,-0.0006943404627745009,2015
2015-01-29,0.012508715418794614,2015
2015-01-30,-0.008236182980259299,2015
2015-02-02,0.003460384235566938,2015
2015-02-03,0.009654983634084457,2015
2015-02-04,0.0,2015
2015-02-05,0.00819686544004039,2015
2015-02-06,-0.0033875826486302607,2015
2015-02-09,-0.006798318857351271,2015
2015-02-10,0.01505830027226951,2015
2015-02-11,0.004045924184887362,2015
2015-02-12,0.012760291674669633,2015
2015-02-13,0.006631334899150021,2015
2015-02-17,-0.0006589033099533292,2015
2015-02-18,0.0013185551495078496,2015
2015-02-19,0.004608265021452285,2015
2015-02-20,0.006553054702387762,2015
2015-02-23,-0.0013021258943571867,2015
2015-02-24,0.0026076472737530665,2015
2015-02-25,-0.0013004325674372819,2015
2015-02-26,0.00781239878214679,2015
2015-02-27,-0.008397795372319883,2015
2015-03-02,0.013029027718440611,2015
2015-03-03,-0.009646209003112749,2015
2015-03-04,-0.000649312697115989,2015
2015-03-05,0.005847967091186845,2015
2015-03-06,-0.01162781646469846,2015
2015-03-09,0.005228809800507106,2015
2015-03-10,-0.018205462410317064,2015
2015-03-11,0.0013243651879424334,2015
2015-03-12,0.009920597905613393,2015
2015-03-13,-0.002619422018616313,2015
2015-03-16,0.013132106431348545,2015
2015-03-17,-0.00129621853238715,2015
2015-03-18,0.012329525367535288,2015
2015-03-19,0.0006411051632488896,2015
2015-03-20,0.007046819814229055,2015
2015-03-23,0.0,2015
2015-03-24,0.0012723061515858003,2015
2015-03-25,-0.027318953142123292,2015
2015-03-26,-0.001959686750628631,2015
2015-03-27,0.007853362010207476,2015
2015-03-30,0.00909097052272112,2015
2015-03-31,-0.0077219083817722245,2015
2015-04-01,-0.005836707404154096,2015
2015-04-02,-0.0006522775765619437,2015
2015-04-06,0.007180332381747423,2015
2015-04-07,-0.0006481684272402477,2015
2015-04-08,0.007782000274922041,2015
2015-04-09,0.0032176674237371916,2015
2015-04-10,0.0019241975542279022,2015
2015-04-13,-0.0044816391651058,2015
2015-04-14,-0.0032152464556559623,2015
2015-04-15,0.005161341541255027,2015
2015-04-16,-0.0038512170502102983,2015
2015-04-17,-0.017396890010717758,2015
2015-04-20,0.014426283715256893,2015
2015-04-21,0.003231990879710267,2015
2015-04-22,0.011597965885802974,2015
2015-04-23,0.002547970536990185,2015
2015-04-24,-0.0031768976015693617,2015
2015-04-27,-0.004461296161295536,2015
2015-04-28,0.0,2015
2015-04-29,-0.0012804516353371875,2015
2015-04-30,-0.017307732819013655,2015
2015-05-01,0.014350821248076073,2015
2015-05-04,0.0025726668006695874,2015
2015-05-05,-0.01475311811113622,2015
2015-05-06,0.0,2015
2015-05-07,0.0065105106104539345,2015
2015-05-08,0.011642974754541902,2015
2015-05-11,-0.0006396988465926512,2015
2015-05-12,-0.006397812605017816,2015
2015-05-13,0.0038636165119907417,2015
2015-05-14,0.014752883895622348,2015
2015-05-15,-0.003792676409250406,2015
2015-05-18,0.012055943190755425,2015
2015-05-19,-0.001253959472899746,2015
2015-05-20,-0.0006278242348864982,2015
2015-05-21,0.0025126452225221474,2015
2015-05-22,0.0025062332671836884,2015
2015-05-26,-0.010624834473698552,2015
2015-05-27,0.017056028417871794,2015
2015-05-28,-0.0006209682705171637,2015
2015-05-29,-0.007458064838233525,2015
2015-06-01,0.00438319011551247,2015
2015-06-02,-0.0006235186736330833,2015
2015-06-03,0.004366784375428923,2015
2015-06-04,-0.009937873689429222,2015
2015-06-05,0.003136808344755382,2015
2015-06-08,-0.012507769829449678,2015
2015-06-09,-0.0025332160130608905,2015
2015-06-10,0.01460301356902427,2015
2015-06-11,-0.0018772368663683148,2015
2015-06-12,-0.003134841449959458,2015
2015-06-15,-0.005031496370396349,2015
2015-06-16,0.003792676409250406,2015
2015-06-17,0.0012594871110953587,2015
2015-06-18,0.007547301967862907,2015
2015-06-19,-0.006866583799343351,2015
2015-06-22,0.0037713366252727365,2015
2015-06-23,0.0025045494131776813,2015
2015-06-24,-0.006246072898409061,2015
2015-06-25,-0.01257066307476451,2015
2015-06-26,-0.014003812491785173,2015
2015-06-29,-0.02453205128960667,2015
2015-06-30,0.003309054568438219,2015
2015-07-01,0.004617505563087487,2015
2015-07-02,0.0,2015
2015-07-06,-0.0052527226966277984,2015
2015-07-07,0.0006599067996129193,2015
2015-07-08,-0.016490523557955328,2015
2015-07-09,0.0013412416406579641,2015
2015-07-10,0.0167448677124451,2015
2015-07-13,0.013833842469490376,2015
2015-07-14,0.005847967091186845,2015
2015-07-15,-0.0032297852125018345,2015
2015-07-16,0.009721224865577138,2015
2015-07-17,0.017971760319656305,2015
2015-07-20,0.002522035434200598,2015
2015-07-21,-0.0006290088116349679,2015
2015-07-22,-0.01006921153904039,2015
2015-07-23,-0.0076286368397686655,2015
2015-07-24,-0.0076873972672594215,2015
2015-07-27,-0.010974886762364244,2015
2015-07-28,0.012402197287533223,2015
2015-07-29,0.006447428438582481,2015
2015-07-30,0.002562426769845194,2015
2015-07-31,-0.0012781137486238547,2015
2015-08-03,-0.003838547393304914,2015
2015-08-04,-0.008349486626058611,2015
2015-08-05,0.014896447113586397,2015
2015-08-06,-0.010210577653728348,2015
2015-08-07,0.0012894150606364008,2015
2015-08-10,0.010946501989882895,2015
2015-08-11,-0.009554279005506539,2015
2015-08-12,0.0012864508093708427,2015
2015-08-13,-0.003853573132584165,2015
2015-08-14,0.0038684806055095944,2015
2015-08-17,0.006422582801577148,2015
2015-08-18,-0.008296203571680705,2015
2015-08-19,-0.00193038898201503,2015
2015-08-20,-0.025789949177930205,2015
2015-08-21,-0.032428710605105104,2015
2015-08-24,-0.030779822307965943,2015
2015-08-25,-0.007057136287973109,2015
2015-08-26,0.04406520626728505,2015
2015-08-27,0.022464502733780645,2015
2015-08-28,0.003994621813356636,2015
2015-08-31,-0.00994697208164852,2015
2015-09-01,-0.031480292602755755,2015
2015-09-02,0.020746999557019086,2015
2015-09-03,0.0033875208020852643,2015
2015-09-04,-0.012154038890335617,2015
2015-09-08,0.027341102065061573,2015
2015-09-09,-0.011310717768897138,2015
2015-09-10,0.008748174059472147,2015
2015-09-11,0.0066713334537076285,2015
2015-09-14,-0.0006627121714909423,2015
2015-09-15,0.013262488195840083,2015
2015-09-16,0.005235714071070374,2015
2015-09-17,-0.003255136443894746,2015
2015-09-18,-0.011757047258221354,2015
2015-09-21,0.0066092993919408816,2015
2015-09-22,-0.017728208821920055,2015
2015-09-23,0.0013370032223907202,2015
2015-09-24,-0.0033378317950690795,2015
2015-09-25,0.00133950626342072,2015
2015-09-28,-0.028093589693175658,2015
2015-09-29,0.0,2015
2015-09-30,0.02890565325555028,2015
2015-10-01,-0.002006571579931782,2015
2015-10-02,0.011394107043630974,2015
2015-10-05,0.0178926236898882,2015
2015-10-06,-0.0019532482722020017,2015
2015-10-07,0.009132481541628268,2015
2015-10-08,0.003878483468589655,2015
2015-10-09,0.0012876370502308276,2015
2015-10-12,0.0019295001005021906,2015
2015-10-13,-0.008344127834391424,2015
2015-10-14,-0.0006472113309841099,2015
2015-10-15,0.016839338567903095,2015
2015-10-16,0.001274043412133885,2015
2015-10-19,-0.001908633436345064,2015
2015-10-20,-0.0006371950385825054,2015
2015-10-21,-0.012117335874423762,2015
2015-10-22,0.020658457846604916,2015
2015-10-23,0.0259329367350436,2015
2015-10-26,-0.007398290946165842,2015
2015-10-27,-0.006211156881124502,2015
2015-10-28,0.023125129725265925,2015
2015-10-29,-0.008552397150464963,2015
2015-10-30,-0.007393620318186578,2015
2015-11-02,0.012414601872809072,2015
2015-11-03,0.006131184719108118,2015
2015-11-04,0.0036563156723035117,2015
2015-11-05,0.0024288485710297625,2015
2015-11-06,0.013325027883266838,2015
2015-11-09,-0.009563535207998353,2015
2015-11-10,-0.006638554919109585,2015
2015-11-11,-0.0006074978343262316,2015
2015-11-12,-0.018237123222554774,2015
2015-11-13,-0.013003125864456844,2015
2015-11-16,0.011292487133840012,2015
2015-11-17,-0.0018610462586423626,2015
2015-11-18,0.021131145885457947,2015
2015-11-19,0.0018258210499799699,2015
2015-11-20,0.0006074978343262316,2015
2015-11-23,-0.006678751604424549,2015
2015-11-24,0.001222422264199663,2015
2015-11-25,0.0018315061184142056,2015
2015-11-27,0.004265775788323545,2015
2015-11-30,-0.0012136318945342728,2015
2015-12-01,0.006682919849550828,2015
2015-12-02,-0.006638554919109585,2015
2015-12-03,-0.007898026436193861,2015
2015-12-04,0.018371028157752045,2015
2015-12-07,-0.008418358412973448,2015
2015-12-08,-0.0012128959571093834,2015
2015-12-09,-0.017000609789420307,2015
2015-12-10,0.0055589999844380955,2015
2015-12-11,-0.02027020510530464,2015
2015-12-14,0.0,2015
2015-12-15,0.005015608962439355,2015
2015-12-16,0.009357362549251791,2015
2015-12-17,-0.009270614052508286,2015
2015-12-18,-0.014971848414804034,2015
2015-12-21,0.008866313857936792,2015
2015-12-22,0.007532859343991394,2015
2015-12-23,0.009345930468989128,2015
2015-12-24,0.0006171350777504081,2015
2015-12-28,0.0006169797142296929,2015
2015-12-29,0.012947121714987908,2015
2015-12-30,-0.008521053835774284,2015
2015-12-31,0.0,2015
2016-01-04,0.0,2016
2016-01-05,-0.014621813393167371,2016
2016-01-06,-0.01612885367663286,2016
2016-01-07,-0.02688534320741065,2016
2016-01-08,-0.008760086386594423,2016
2016-01-11,0.0013594154600400365,2016
2016-01-12,0.020366771947644358,2016
2016-01-13,-0.0345976304518717,2016
2016-01-14,0.020675571964160477,2016
2016-01-15,-0.02565837587621911,2016
2016-01-19,-0.002079006813706985,2016
2016-01-20,0.009027629333177023,2016
2016-01-21,-0.0006880653827973093,2016
2016-01-22,0.03236919830958351,2016
2016-01-25,-0.022014786058518032,2016
2016-01-26,0.010914035701227176,2016
2016-01-27,-0.025640941933422146,2016
2016-01-28,0.013850362452123344,2016
2016-01-29,0.03825155829162674,2016
2016-02-01,0.0026315444940496757,2016
2016-02-02,-0.020341271178054843,2016
2016-02-03,-0.0006698142330908707,2016
2016-02-04,0.0013405263698240688,2016
2016-02-05,-0.03145921884543279,2016
2016-02-08,-0.013821773226246004,2016
2016-02-09,-0.0070077460904117705,2016
2016-02-10,0.00494004725716346,2016
2016-02-11,-0.0014044762849669823,2016
2016-02-12,0.013361515005616997,2016
2016-02-16,0.022206639845241627,2016
2016-02-17,0.019008892126608723,2016
2016-02-18,-0.00866075092763352,2016
2016-02-19,0.004704147870729036,2016
2016-02-22,0.01538469241483953,2016
2016-02-23,-0.01119901166301629,2016
2016-02-24,0.00999342209131271,2016
2016-02-25,0.0092349497992954,2016
2016-02-26,0.0013069934711182896,2016
2016-02-29,0.0006527033203018728,2016
2016-03-01,0.03261590342528509,2016
2016-03-02,0.0018949094520459564,2016
2016-03-03,0.001261190678654378,2016
2016-03-04,0.00566774948450699,2016
2016-03-07,-0.0037572809751325043,2016
2016-03-08,-0.012570548322394903,2016
2016-03-09,0.006365347445028924,2016
2016-03-10,-0.007590264958898474,2016
2016-03-11,0.018483192062850096,2016
2016-03-14,-0.0006256313009418424,2016
2016-03-15,-0.0006262516029262866,2016
2016-03-16,0.0062654108619444315,2016
2016-03-17,0.005604112327341815,2016
2016-03-18,0.006191927015004595,2016
2016-03-21,0.000615348593798748,2016
2016-03-22,-0.0006149701727676815,2016
2016-03-23,-0.009230678312562968,2016
2016-03-24,0.0,2016
2016-03-28,0.0006213083945125764,2016
2016-03-29,0.019242481215362872,2016
2016-03-30,0.006699199589582205,2016
2016-03-31,-0.0006049251978018644,2016
2016-04-01,0.004842441345477511,2016
2016-04-04,-0.007228822641270338,2016
2016-04-05,-0.009708722806142989,2016
2016-04-06,0.009803906213992075,2016
2016-04-07,-0.015776771495437103,2016
2016-04-08,0.0012331985699578496,2016
2016-04-11,-0.002463134487592722,2016
2016-04-12,0.005555680775723992,2016
2016-04-13,0.019029858817377177,2016
2016-04-14,-0.0006022644085931228,2016
2016-04-15,-0.0030139070897412523,2016
2016-04-18,0.0024183483196458244,2016
2016-04-19,-0.0036187159730253216,2016
2016-04-20,0.0006052913537937243,2016
2016-04-21,-0.0036298825316335437,2016
2016-04-22,-0.006071733450302985,2016
2016-04-25,-0.005497540644360921,2016
2016-04-26,0.0018425314116279345,2016
2016-04-27,-0.0055180998286228355,2016
2016-04-28,-0.019728700816977196,2016
2016-04-29,-0.013207577500821022,2016
2016-05-02,0.0063734623424291925,2016
2016-05-03,-0.003799766646713776,2016
2016-05-04,-0.005085873368380511,2016
2016-05-05,0.0,2016
2016-05-06,0.006389868790354525,2016
2016-05-09,0.001904766099892985,2016
2016-05-10,0.010773077095288519,2016
2016-05-11,-0.003134841449959458,2016
2016-05-12,-0.008804975117522873,2016
2016-05-13,-0.0038071151256137137,2016
2016-05-16,0.012738804618092958,2016
2016-05-17,-0.012578568689186054,2016
2016-05-18,0.0057323806770570584,2016
2016-05-19,-0.007599648917888002,2016
2016-05-20,0.020421155307456695,2016
2016-05-23,-0.0006253542379994759,2016
2016-05-24,0.023779701920274565,2016
2016-05-25,0.003667489984540584,2016
2016-05-26,0.0030449997503825266,2016
2016-05-27,0.0,2016
2016-05-31,0.011536116194537094,2016
2016-06-01,-0.001800724497918682,2016
2016-06-02,-0.0006012877240254566,2016
2016-06-03,-0.003008576992954315,2016
2016-06-06,0.0030176558428958167,2016
2016-06-07,0.0024067078040979073,2016
2016-06-08,0.0042016539663281005,2016
2016-06-09,0.0,2016
2016-06-10,-0.014345302811997529,2016
2016-06-13,-0.01152234424253129,2016
2016-06-14,0.003067641334618898,2016
2016-06-15,-0.0024465630869350274,2016
2016-06-16,-0.0018391427333712684,2016
2016-06-17,-0.011670973009101582,2016
2016-06-20,0.009944049756445361,2016
2016-06-21,0.003076855320389038,2016
2016-06-22,-0.0018403831885906996,2016
2016-06-23,0.01598040576547355,2016
2016-06-24,-0.04476722584418924,2016
2016-06-27,-0.029765667374558102,2016
2016-06-28,0.020234994646212145,2016
2016-06-29,0.01599488006847749,2016
2016-06-30,0.01385401331457814,2016
2016-07-01,0.0006213083945125764,2016
2016-07-05,-0.01241493904214952,2016
2016-07-06,0.00439983535330013,2016
2016-07-07,0.003754701803168503,2016
2016-07-08,0.01870316994025356,2016
2016-07-11,0.008567988485288502,2016
2016-07-12,0.009708722806142989,2016
2016-07-13,-0.0018029984215945927,2016
2016-07-14,0.006622568966728304,2016
2016-07-15,-0.0011961022397707355,2016
2016-07-18,0.007784302960295975,2016
2016-07-19,-0.006535890991101412,2016
2016-07-20,0.01196178675006121,2016
2016-07-21,-0.0041371971487415005,2016
2016-07-22,0.0023738566963746877,2016
2016-07-25,-0.001776203158208589,2016
2016-07-26,0.0035588356256501807,2016
2016-07-27,0.010638214075728403,2016
2016-07-28,0.0023391511920820562,2016
2016-07-29,0.0005835029713594508,2016
2016-08-01,0.005830881754129491,2016
2016-08-02,-0.011014588959078475,2016
2016-08-03,0.004689378817564593,2016
2016-08-04,0.004667491183278694,2016
2016-08-05,0.012775836502880722,2016
2016-08-08,0.0,2016
2016-08-09,0.0011469312522749409,2016
2016-08-10,-0.004009242316777795,2016
2016-08-11,0.0011498089093602282,2016
2016-08-12,-0.0005741393179727883,2016
2016-08-15,0.007471351564833029,2016
2016-08-16,-0.006275005873932926,2016
2016-08-17,0.0011480383625497304,2016
2016-08-18,0.0017201875079757567,2016
2016-08-19,0.005151805138303045,2016
2016-08-22,0.0,2016
2016-08-23,0.0045556454778952205,2016
2016-08-24,-0.004534985690840432,2016
2016-08-25,0.0028473174123659906,2016
2016-08-26,0.0011356518158298634,2016
2016-08-29,0.0028361160484795533,2016
2016-08-30,-0.0005656810069245566,2016
2016-08-31,-0.0016977969039384533,2016
2016-09-01,0.004535296185786963,2016
2016-09-02,0.002821608040459944,2016
2016-09-06,0.002813771710616475,2016
2016-09-07,0.00280587661437548,2016
2016-09-08,-0.0067151799458375905,2016
2016-09-09,-0.02647896653499271,2016
2016-09-12,0.015625036318742902,2016
2016-09-13,-0.007407389683936838,2016
2016-09-14,0.00459236306100097,2016
2016-09-15,0.01828579166601907,2016
2016-09-16,-0.005050516434156771,2016
2016-09-19,0.0005639827458556734,2016
2016-09-20,0.0,2016
2016-09-21,0.009582919915646748,2016
2016-09-22,0.007816709721890636,2016
2016-09-23,-0.0077560826750409095,2016
2016-09-26,-0.007816913597941344,2016
2016-09-27,0.008441212390705166,2016
2016-09-28,0.003906326808830851,2016
2016-09-29,-0.010005580644267598,2016
2016-09-30,0.008422253405881985,2016
2016-10-03,-0.003341069559041232,2016
2016-10-04,-0.002234302510239816,2016
2016-10-05,0.006158857616706426,2016
2016-10-06,0.002782455504028558,2016
2016-10-07,-0.003884446530198371,2016
2016-10-10,0.006685149563782522,2016
2016-10-11,-0.012174768242425249,2016
2016-10-12,0.0011203823987659955,2016
2016-10-13,-0.008953641371916343,2016
2016-10-14,0.0016939621157414653,2016
2016-10-17,-0.0011273296972130753,2016
2016-10-18,0.006771921115727331,2016
2016-10-19,0.0011212152843871337,2016
2016-10-20,-0.005039306941704846,2016
2016-10-21,0.0022510584649506615,2016
2016-10-24,0.011791052257847712,2016
2016-10-25,-0.003884446530198371,2016
2016-10-26,-0.006128282616231107,2016
2016-10-27,-0.0044843494474771095,2016
2016-10-28,-0.001126060256045558,2016
2016-10-31,-0.0011273296972130753,2016
2016-11-01,-0.007900832212613174,2016
2016-11-02,-0.003981772390836191,2016
2016-11-03,-0.011422002029447431,2016
2016-11-04,-0.0017331062744733172,2016
2016-11-07,0.021412051588991288,2016
2016-11-08,0.003966083787580121,2016
2016-11-09,-0.004514820139229991,2016
2016-11-10,-0.011904686745270898,2016
2016-11-11,0.0034423487242549733,2016
2016-11-14,-0.006860974835263378,2016
2016-11-15,0.011514060121459613,2016
2016-11-16,0.007398957547617213,2016
2016-11-17,0.007344615052639281,2016
2016-11-18,-0.0033651226702100523,2016
2016-11-21,0.009566741623180608,2016
2016-11-22,0.002787108166907748,2016
2016-11-23,-0.0016675967740445996,2016
2016-11-25,0.002227040858596041,2016
2016-11-28,-0.0005554216137918511,2016
2016-11-29,0.0005557302784000573,2016
2016-11-30,-0.013333364438025574,2016
2016-12-01,-0.02139637845287712,2016
2016-12-02,0.0040275923850865425,2016
2016-12-05,0.011461380107228303,2016
2016-12-06,0.0033994412809721375,2016
2016-12-07,0.015810381806401486,2016
2016-12-08,0.007782050622400671,2016
2016-12-09,0.0038610796783971058,2016
2016-12-12,-0.0043956473872034385,2016
2016-12-13,0.00938175132338781,2016
2016-12-14,-0.0043740184561438245,2016
2016-12-15,0.006040684967215437,2016
2016-12-16,-0.0070959537298054265,2016
2016-12-19,0.00604732573627853,2016
2016-12-20,0.006046891015491829,2016
2016-12-21,-0.00198153351971897,2016
2016-12-22,-0.00529454765425752,2016
2016-12-23,0.0006652787048282427,2016
2016-12-27,0.005319190353044068,2016
2016-12-28,-0.008597838480746356,2016
2016-12-29,-0.0006670539452334756,2016
2016-12-30,0.0,2016
2017-01-03,0.0,2017
2017-01-04,0.006693466930669745,2017
2017-01-05,0.001329772499194748,2017
2017-01-06,0.005975979640356455,2017
2017-01-09,0.003960451771361617,2017
2017-01-10,0.0006576030241447484,2017
2017-01-11,0.005913255418503072,2017
2017-01-12,-0.0013063211883022063,2017
2017-01-13,0.003924089686408561,2017
2017-01-17,-0.005863371616203095,2017
2017-01-18,0.004587253446810546,2017
2017-01-19,-0.003913753265092912,2017
2017-01-20,0.008513182528198326,2017
2017-01-23,0.0012986871180884485,2017
2017-01-24,0.012970319269472341,2017
2017-01-25,0.010243260742019977,2017
2017-01-26,-0.003168675552798539,2017
2017-01-27,0.0012715373680893816,2017
2017-01-30,-0.006984097751058793,2017
2017-01-31,-0.0051151290416935336,2017
2017-02-01,0.009640238011889846,2017
2017-02-02,-0.001909829371119054,2017
2017-02-03,0.00892866546952642,2017
2017-02-06,0.0006321517445100344,2017
2017-02-07,0.0031584773752788564,2017
2017-02-08,0.0037784851834028466,2017
2017-02-09,0.005646157490542203,2017
2017-02-10,0.0,2017
2017-02-13,0.013100338113122723,2017
2017-02-14,0.001847408991093591,2017
2017-02-15,0.0036876356148713985,2017
2017-02-16,0.0,2017
2017-02-17,0.0018372273395756977,2017
2017-02-21,0.0073347901047831066,2017
2017-02-22,-0.0006066528287750339,2017
2017-02-23,-0.003035834663100534,2017
2017-02-24,0.001218013320700484,2017
2017-02-27,0.0006082201223509554,2017
2017-02-28,-0.008510727236435423,2017
2017-03-01,0.014715014478900335,2017
2017-03-02,-0.007250675368033477,2017
2017-03-03,0.0048690877533268395,2017
2017-03-06,-0.00302857053998562,2017
2017-03-07,0.001215053529032284,2017
2017-03-08,0.0,2017
2017-03-09,0.0024273401366394776,2017
2017-03-10,-0.003026646265454902,2017
2017-03-13,0.00182151902945904,2017
2017-03-14,-0.0042424226431665435,2017
2017-03-15,0.009738175506653679,2017
2017-03-16,0.0024110645073331938,2017
2017-03-17,0.0024054458195539308,2017
2017-03-20,0.0017995750225363594,2017
2017-03-21,-0.016766461467148108,2017
2017-03-22,0.007308171359780458,2017
2017-03-23,-0.0018138100640769927,2017
2017-03-24,0.004239762319413698,2017
2017-03-27,0.0012063499537726674,2017
2017-03-28,0.007831284110995984,2017
2017-03-29,0.0005978566721638323,2017
2017-03-30,0.001791960233191503,2017
2017-03-31,-0.0029815266745157887,2017
2017-04-03,-0.002990263169379004,2017
2017-04-04,-0.00179975515116082,2017
2017-04-05,-0.008413368925961229,2017
2017-04-06,0.0036362322766434474,2017
2017-04-07,0.00120771621959892,2017
2017-04-10,0.0006031749768862227,2017
2017-04-11,-0.004219317638517905,2017
2017-04-12,-0.005447926924982638,2017
2017-04-13,-0.0048690877533268395,2017
2017-04-17,0.009785823540209515,2017
2017-04-18,-0.0006056413582844478,2017
2017-04-19,0.0,2017
2017-04-20,0.00969695304263074,2017
2017-04-21,-0.0012005570036577318,2017
2017-04-24,0.013822188802253166,2017
2017-04-25,0.0077059460744859365,2017
2017-04-26,-0.008235114888092587,2017
2017-04-27,0.0065240220845934616,2017
2017-04-28,-0.0011784490336718134,2017
2017-05-01,0.010029609363318981,2017
2017-05-02,0.001752185386475702,2017
2017-05-03,-0.006413879928560906,2017
2017-05-04,0.00234730367136593,2017
2017-05-05,0.007025947633576113,2017
2017-05-08,0.0040696783258096225,2017
2017-05-09,0.008106453283462711,2017
2017-05-10,0.006892600916621916,2017
2017-05-11,0.0,2017
2017-05-12,0.0,2017
2017-05-15,0.0079863069368451,2017
2017-05-16,0.009620847849643122,2017
2017-05-17,-0.033632252841856114,2017
2017-05-18,0.008700643369329963,2017
2017-05-19,0.00575054065373326,2017
2017-05-22,0.013722146071057706,2017
2017-05-23,-0.0016921555553560674,2017
2017-05-24,0.002824785195621571,2017
2017-05-25,0.0033804138323505484,2017
2017-05-26,0.002245988655662501,2017
2017-05-30,0.000560175790901285,2017
2017-05-31,-0.0011198924661129928,2017
2017-06-01,0.011210891210012619,2017
2017-06-02,0.009423439846413917,2017
2017-06-05,0.001098285459404602,2017
2017-06-06,0.0005484990972823844,2017
2017-06-07,0.0027414036151134358,2017
2017-06-08,0.00656088875966554,2017
2017-06-09,-0.025529686268692453,2017
2017-06-12,-0.007803871581961719,2017
2017-06-13,0.008427084756684966,2017
2017-06-14,-0.005570968899431539,2017
2017-06-15,-0.005042086780986832,2017
2017-06-16,0.0,2017
2017-06-19,0.012950349301502628,2017
2017-06-20,-0.010561432290821293,2017
2017-06-21,0.006741583458588218,2017
2017-06-22,-0.000558071480570077,2017
2017-06-23,0.010050392796229213,2017
2017-06-26,0.0005527439754642316,2017
2017-06-27,-0.018784489049853637,2017
2017-06-28,0.013513448397390881,2017
2017-06-29,-0.016666649984752757,2017
2017-06-30,-0.003389793128719787,2017
2017-07-03,-0.005102197144124632,2017
2017-07-05,0.007977292063129582,2017
2017-07-06,-0.00904464346185041,2017
2017-07-07,0.013690836361985648,2017
2017-07-10,0.0067528799606009215,2017
2017-07-11,0.0061487449609822775,2017
2017-07-12,0.012222254473922556,2017
2017-07-13,0.0005488825612980364,2017
2017-07-14,0.007679728576951206,2017
2017-07-17,-0.0010888829407930123,2017
2017-07-18,0.003814712826350153,2017
2017-07-19,0.010857888350068512,2017
2017-07-20,0.0010739406396829132,2017
2017-07-21,-0.0026824143227054398,2017
2017-07-24,0.0059172969159679845,2017
2017-07-25,-0.0005348738642662054,2017
2017-07-26,0.003745478109967504,2017
2017-07-27,-0.012793354779905286,2017
2017-07-28,-0.0026997139366834455,2017
2017-07-31,-0.004872753621562698,2017
2017-08-01,0.005440718097024622,2017
2017-08-02,-0.01298703197890283,2017
2017-08-03,-0.004385998847960204,2017
2017-08-04,-0.011013177435333699,2017
2017-08-07,0.01726068118494717,2017
2017-08-08,-0.0010947607374194313,2017
2017-08-09,-0.0021917565700663166,2017
2017-08-10,-0.023613261048709644,2017
2017-08-11,0.011810764313149313,2017
2017-08-14,0.020567131496763036,2017
2017-08-15,-0.004357331790310948,2017
2017-08-16,0.005470398863162362,2017
2017-08-17,-0.021762790702993473,2017
2017-08-18,0.0011123347916461856,2017
2017-08-21,-0.005000070064038575,2017
2017-08-22,0.013400439899586614,2017
2017-08-23,-0.001652915668957311,2017
2017-08-24,0.0011036577388323643,2017
2017-08-25,-0.0005513860423186356,2017
2017-08-28,0.004964384014497947,2017
2017-08-29,0.0016465652814681153,2017
2017-08-30,0.015342542791369151,2017
2017-08-31,0.008094931439233344,2017
2017-09-01,-0.0016062592107733975,2017
2017-09-05,-0.012332265896375372,2017
2017-09-06,0.002714451710586374,2017
2017-09-07,0.0037900910894816953,2017
2017-09-08,-0.011866426479537728,2017
2017-09-11,0.021288344614113663,2017
2017-09-12,0.0048100880649826205,2017
2017-09-13,-0.0005317892836672611,2017
2017-09-14,0.0010643042734053143,2017
2017-09-15,0.007443007316575878,2017
2017-09-18,0.004749089431703268,2017
2017-09-19,0.003151226212827485,2017
2017-09-20,-0.010471011995022983,2017
2017-09-21,-0.004232757494865957,2017
2017-09-22,0.006376204607824398,2017
2017-09-25,-0.020063452393305314,2017
2017-09-26,-0.002155229596706776,2017
2017-09-27,0.02105828753890937,2017
2017-09-28,0.00528838775391427,2017
2017-09-29,0.00683839067756109,2017
2017-10-02,0.010971784006023722,2017
2017-10-03,0.001550254189701672,2017
2017-10-04,0.0,2017
2017-10-05,0.0030962515345878128,2017
2017-10-06,0.004115257801960315,2017
2017-10-09,0.00358591020795318,2017
2017-10-10,0.0010209178174569455,2017
2017-10-11,0.0035696829677467345,2017
2017-10-12,0.0015242589473352108,2017
2017-10-13,0.006088518203359206,2017
2017-10-16,0.0030256091061733326,2017
2017-10-17,0.0,2017
2017-10-18,0.004022228158601315,2017
2017-10-19,-0.007010512686593584,2017
2017-10-20,0.0020168960757558363,2017
2017-10-23,-0.0005031524286643885,2017
2017-10-24,0.003524747202862777,2017
2017-10-25,-0.007024658661960337,2017
2017-10-26,0.002526538593573102,2017
2017-10-27,0.012600856417813722,2017
2017-10-30,0.0004977919217810101,2017
2017-10-31,0.007462491467949084,2017
2017-11-01,-0.006419645809577101,2017
2017-11-02,-0.004473148943136995,2017
2017-11-03,0.005491814073606438,2017
2017-11-06,0.010923488467166065,2017
2017-11-07,-0.008349797300007733,2017
2017-11-08,0.01139191342577095,2017
2017-11-09,-0.012243020531300441,2017
2017-11-10,-0.0009915607542918536,2017
2017-11-13,0.0024813995621060236,2017
2017-11-14,-0.0044553593712907125,2017
2017-11-15,-0.0069616334092704735,2017
2017-11-16,0.017025423408337126,2017
2017-11-17,-0.003939124569168673,2017
2017-11-20,0.011863662615558601,2017
2017-11-21,0.016121306189519347,2017
2017-11-22,-0.007211638751972949,2017
2017-11-24,0.004842634376814869,2017
2017-11-27,-0.006746841149030902,2017
2017-11-28,0.0014554785289964123,2017
2017-11-29,-0.03100770006075315,2017
2017-11-30,0.005499976428458009,2017
2017-12-01,-0.010939858959115312,2017
2017-12-04,-0.01709397902955201,2017
2017-12-05,0.0005113880803493398,2017
2017-12-06,0.0010224836643246693,2017
2017-12-07,0.00561810762370496,2017
2017-12-08,0.0035551790475856215,2017
2017-12-11,0.003542508544941869,2017
2017-12-12,-0.00403432213659094,2017
2017-12-13,0.001518932415755625,2017
2017-12-14,-0.003539078751067848,2017
2017-12-15,0.013191510139138662,2017
2017-12-18,0.008512711704168563,2017
2017-12-19,-0.003972225063282764,2017
2017-12-20,-0.0008688648720903691,2017
2017-12-21,-0.0037265060524355187,2017
2017-12-22,-0.001870560773487906,2017
2017-12-26,-0.01061840346995302,2017
2017-12-27,0.0031567120217506073,2017
2017-12-28,0.0018879153305570995,2017
2017-12-29,-0.0062813947581156215,2017
2017-12-30,0.0,2017
2018-01-02,0.0,2018
2018-01-03,0.009913118981488722,2018
2018-01-04,0.005521506164775536,2018
2018-01-05,0.011592529455018985,2018
2018-01-08,0.0024125111902155716,2018
2018-01-09,-0.006016907599610377,2018
2018-01-10,-0.005447902027705287,2018
2018-01-11,0.009738293545842547,2018
2018-01-12,0.003013712332957663,2018
2018-01-16,-0.0036055740970952765,2018
2018-01-17,0.01688779655298811,2018
2018-01-18,0.008303560328265291,2018
2018-01-19,0.004705816584250622,2018
2018-01-22,0.001171085121047577,2018
2018-01-23,0.0029239708339234838,2018
2018-01-24,-0.01166171429471563,2018
2018-01-25,-0.007079830636778528,2018
2018-01-26,0.014260265776859793,2018
2018-01-29,-0.012302148371870492,2018
2018-01-30,-0.0071174804891619425,2018
2018-01-31,0.001792125540861722,2018
2018-02-01,0.0041740977247028965,2018
2018-02-02,-0.02790966922632121,2018
2018-02-05,-0.037263239649204416,2018
2018-02-06,0.022207998736415657,2018
2018-02-07,-0.017380489622762507,2018
2018-02-08,-0.04169293524904594,2018
2018-02-09,0.01779807468098249,2018
2018-02-12,0.020077948773708165,2018
2018-02-13,0.0006349499517470658,2018
2018-02-14,0.02474618692093844,2018
2018-02-15,0.017956588929159745,2018
2018-02-16,-0.007299313981861566,2018
2018-02-20,0.005514591501367461,2018
2018-02-21,-0.004265522001513866,2018
2018-02-22,-0.003671992667528823,2018
2018-02-23,0.02272721211560902,2018
2018-02-26,0.010810731719966604,2018
2018-02-27,-0.011883518984056263,2018
2018-02-28,-0.007215846709798246,2018
2018-03-01,-0.01393086563397905,2018
2018-03-02,0.014127676395566002,2018
2018-03-05,0.009085458313981443,2018
2018-03-06,0.010203974523218973,2018
2018-03-07,0.008318506284831662,2018
2018-03-08,-0.0005892314278745925,2018
2018-03-09,0.022405630943565846,2018
2018-03-12,0.005190412738872219,2018
2018-03-13,-0.01032701534871161,2018
2018-03-14,-0.004057948803747213,2018
2018-03-15,0.0017460163911571236,2018
2018-03-16,0.0023244080009137136,2018
2018-03-19,-0.01855081287270488,2018
2018-03-20,0.004134649920720657,2018
2018-03-21,0.0,2018
2018-03-22,-0.02529408338557726,2018
2018-03-23,-0.030174956227462357,2018
2018-03-26,0.02924712044493849,2018
2018-03-27,-0.03264817433729017,2018
2018-03-28,-0.014374985819638475,2018
2018-03-29,0.01838920210341488,2018
2018-04-02,-0.022416002601316376,2018
2018-04-03,0.0076433594646605485,2018
2018-04-04,0.007585534135894578,2018
2018-04-05,0.001881917596326721,2018
2018-04-06,-0.020663719363758992,2018
2018-04-09,0.005115094838961554,2018
2018-04-10,0.02290082543750893,2018
2018-04-11,0.0,2018
2018-04-12,0.008706269894366736,2018
2018-04-13,-0.0036989367239199655,2018
2018-04-16,0.005569265689661984,2018
2018-04-17,0.01723082376364271,2018
2018-04-18,-0.005444678672028136,2018
2018-04-19,-0.02007304009017996,2018
2018-04-20,-0.01055234120244708,2018
2018-04-23,-0.007528426995927484,2018
2018-04-24,-0.012642201129863584,2018
2018-04-25,-0.0025607836742358447,2018
2018-04-26,0.017971816498376203,2018
2018-04-27,-0.011349298855770074,2018
2018-04-30,-0.0025510614167632006,2018
2018-05-01,0.01214835988158014,2018
2018-05-02,0.0037902945451224745,2018
2018-05-03,0.0025172710401726306,2018
2018-05-04,0.01883227864991932,2018
2018-05-07,0.006777738047149429,2018
2018-05-08,0.007343911526159763,2018
2018-05-09,0.012758205395793754,2018
2018-05-10,0.013197319514908212,2018
2018-05-11,-0.002960325722944135,2018
2018-05-14,-0.0017814834862389661,2018
2018-05-15,-0.0071386513344220415,2018
2018-05-16,0.010785111643739631,2018
2018-05-17,-0.0059278126279895815,2018
2018-05-18,-0.008348339282135187,2018
2018-05-21,0.008418620784733655,2018
2018-05-22,0.0,2018
2018-05-23,0.0041740977247028965,2018
2018-05-24,-0.0017814834862389661,2018
2018-05-25,-0.0005949832715211878,2018
2018-05-29,0.0,2018
2018-05-30,0.0065476355417557475,2018
2018-05-31,-0.004139469009684094,2018
2018-06-01,0.018408543328757965,2018
2018-06-04,0.005247774948766271,2018
2018-06-05,0.007540812547491171,2018
2018-06-06,0.005181169432614041,2018
2018-06-07,-0.009736576823551446,2018
2018-06-08,-0.0023133738889318245,2018
2018-06-11,0.0017391408916664908,2018
2018-06-12,0.004050694329963189,2018
2018-06-13,-0.002881630635219734,2018
2018-06-14,0.00404636007801451,2018
2018-06-15,-0.0023029965547743947,2018
2018-06-18,-0.0005771303420309959,2018
2018-06-19,-0.008660422288633174,2018
2018-06-20,0.008736080434342153,2018
2018-06-21,-0.008660422288633174,2018
2018-06-22,-0.004659364649334252,2018
2018-06-25,-0.023990550423838575,2018
2018-06-26,0.007793764121050373,2018
2018-06-27,-0.016656661793012506,2018
2018-06-28,0.005444605711509842,2018
2018-06-29,0.0,2018
2018-07-02,0.010830172443757613,2018
2018-07-03,-0.013095055719654858,2018
2018-07-05,0.015078231309094026,2018
2018-07-06,0.011883733964017651,2018
2018-07-09,0.012331041461057346,2018
2018-07-10,0.0029002264188535687,2018
2018-07-11,-0.011567427472432779,2018
2018-07-12,0.014628480792775234,2018
2018-07-13,-0.002306703273452948,2018
2018-07-16,-0.004624351763606649,2018
2018-07-17,0.009872278387632827,2018
2018-07-18,0.004025280043076229,2018
2018-07-19,-0.003436447005290111,2018
2018-07-20,-0.001149339881608702,2018
2018-07-23,0.0005753311918883508,2018
2018-07-24,-0.006900559333679168,2018
2018-07-25,0.006948507924895431,2018
2018-07-26,-0.014376188395950118,2018
2018-07-27,-0.01866965891582284,2018
2018-07-30,-0.012485068833403945,2018
2018-07-31,0.006622531943653032,2018
2018-08-01,0.005980776688048417,2018
2018-08-02,0.01426867058177117,2018
2018-08-03,0.004103213906163861,2018
2018-08-06,0.00642142778641297,2018
2018-08-07,0.0005801432218521807,2018
2018-08-08,-0.0005798068508378051,2018
2018-08-09,-0.003480159773388114,2018
2018-08-10,-0.007567147429574983,2018
2018-08-13,-0.0023458669762422835,2018
2018-08-14,0.000587845751997218,2018
2018-08-15,-0.009988144410728483,2018
2018-08-16,0.005341206574156043,2018
2018-08-17,0.00236124180273678,2018
2018-08-20,-0.001766724091947225,2018
2018-08-21,0.007669401466071868,2018
2018-08-22,0.0017565217649189169,2018
2018-08-23,-0.00058441011478505,2018
2018-08-24,0.008187090123582763,2018
2018-08-27,0.011020972320879396,2018
2018-08-28,0.006310973044544976,2018
2018-08-29,0.001710317794290983,2018
2018-08-30,-0.0028457541921299567,2018
2018-08-31,0.0,2018
2018-09-04,0.0017123391399356258,2018
2018-09-05,-0.012535642529676982,2018
2018-09-06,-0.01269477975062372,2018
2018-09-07,-0.001753441806222722,2018
2018-09-10,-0.0011708732877425687,2018
2018-09-11,0.0035172323743732914,2018
2018-09-12,-0.004672971592610153,2018
2018-09-13,0.011150041517693277,2018
2018-09-14,0.0011608898891215524,2018
2018-09-17,-0.01217384641124164,2018
2018-09-18,0.005281579988160479,2018
2018-09-19,-0.0023351926586747673,2018
2018-09-20,0.010532540044293937,2018
2018-09-21,-0.003474323796698209,2018
2018-09-24,0.0,2018
2018-09-25,-0.0017429731315001806,2018
2018-09-26,-0.0058209204381776125,2018
2018-09-27,0.0046839168175802914,2018
2018-09-28,0.0017483327198895005,2018
2018-10-01,0.0017451410688438251,2018
2018-10-02,-0.0017421008570920327,2018
2018-10-03,0.006399084449911774,2018
2018-10-04,-0.02716777033032247,2018
2018-10-05,-0.014854255410096107,2018
2018-10-08,-0.006031496197017927,2018
2018-10-09,-0.0030339015833853455,2018
2018-10-10,-0.03530129575253138,2018
2018-10-11,-0.008832835750937518,2018
2018-10-12,0.022915403340470597,2018
2018-10-15,-0.0068450691456451995,2018
2018-10-16,0.02568927760170836,2018
2018-10-17,-0.0024434597226614674,2018
2018-10-18,-0.017146557021895714,2018
2018-10-19,-0.0031151086602290157,2018
2018-10-22,0.0043749760205846755,2018
2018-10-23,-0.0012446876565709308,2018
2018-10-24,-0.04423670708007177,2018
2018-10-25,0.021512360036948452,2018
2018-10-26,-0.013401332198154647,2018
2018-10-29,-0.01552387076551942,2018
2018-10-30,0.013797638179435134,2018
2018-10-31,0.024627314518993915,2018
2018-11-01,0.018975293854335495,2018
2018-11-02,-0.01613904212027828,2018
2018-11-05,-0.008201891736337785,2018
2018-11-06,0.004452902050654961,2018
2018-11-07,0.015199509458190485,2018
2018-11-08,-0.0018714270763763308,2018
2018-11-09,-0.015624968200185885,2018
2018-11-12,-0.027936649269864944,2018
2018-11-13,0.0013062386879825194,2018
2018-11-14,-0.011089252607535238,2018
2018-11-15,0.015831072013008596,2018
2018-11-16,0.008441636552273701,2018
2018-11-19,-0.03026393039307662,2018
2018-11-20,-0.01859227567484234,2018
2018-11-21,0.006765804352668825,2018
2018-11-23,-0.0033602895138363786,2018
2018-11-26,0.014160653963504632,2018
2018-11-27,-0.001329928843795014,2018
2018-11-28,0.029294346791358006,2018
2018-11-29,-0.005174571581716525,2018
2018-11-30,0.011053199186638274,2018
2018-12-03,0.018649450500614062,2018
2018-12-04,-0.03850998319694221,2018
2018-12-06,0.001969808361204972,2018
2018-12-07,-0.028178361080492542,2018
2018-12-10,0.004720299312013676,2018
2018-12-11,-0.0020134349329463674,2018
2018-12-12,0.008742433068167355,2018
2018-12-13,-0.0040001849257382815,2018
2018-12-14,-0.016733570542264098,2018
2018-12-17,-0.0245063722544685,2018
2018-12-18,0.00697835343648312,2018
2018-12-19,-0.02316945988742647,2018
2018-12-20,-0.01735534050493237,2018
2018-12-21,-0.030277475976386747,2018
2018-12-24,-0.021682654047364358,2018
2018-12-26,0.05141850334444409,2018
2018-12-27,0.01011796244074481,2018
2018-12-28,0.0,2018
2018-12-29,0.0,2018
2018-12-30,0.0,2018
2019-01-02,0.0,2019
2019-01-03,-0.04115217606178656,2019
2019-01-04,0.038626586176764954,2019
2019-01-07,0.010743707960198856,2019
2019-01-08,0.009811944364049197,2019
2019-01-09,0.011336095718498695,2019
2019-01-10,0.008806981793875623,2019
2019-01-11,0.004761907892023132,2019
2019-01-14,-0.010268555489689413,2019
2019-01-15,0.006384570741889917,2019
2019-01-16,0.00237927127633375,2019
2019-01-17,0.004746756129404339,2019
2019-01-18,0.012598297206177111,2019
2019-01-22,-0.014774411736126813,2019
2019-01-23,0.00157858749308315,2019
2019-01-24,0.014184324259278513,2019
2019-01-25,0.013986023549032112,2019
2019-01-28,-0.008428979015333682,2019
2019-01-29,-0.006955301463202335,2019
2019-01-30,0.01945533285836376,2019
2019-01-31,0.006106926454583661,2019
2019-02-01,0.00834591766801318,2019
2019-02-04,0.011286571460287664,2019
2019-02-05,0.008928731679026303,2019
2019-02-06,0.0058996063696996615,2019
2019-02-07,-0.012463287740999252,2019
2019-02-08,0.009651069219707598,2019
2019-02-11,0.0,2019
2019-02-12,0.013970507577422575,2019
2019-02-13,0.00362598087595023,2019
2019-02-14,0.0014449876872717482,2019
2019-02-15,0.01515148685757417,2019
2019-02-19,0.0,2019
2019-02-20,0.0028429545211894336,2019
2019-02-21,-0.002126189625767716,2019
2019-02-22,0.009943237173732022,2019
2019-02-25,0.0049226348961330935,2019
2019-02-26,0.0006998508506266266,2019
2019-02-27,-0.004895167825379132,2019
2019-02-28,-0.0028111341837671056,2019
2019-03-01,0.0084567390567305,2019
2019-03-04,-0.004891675441161647,2019
2019-03-05,-0.004213340599727666,2019
2019-03-06,-0.009873114608484612,2019
2019-03-07,-0.008546939850585411,2019
2019-03-08,-0.0014370550619970945,2019
2019-03-11,0.020144149165912673,2019
2019-03-12,0.0007049877959575124,2019
2019-03-13,0.0035236959928126588,2019
2019-03-14,0.0,2019
2019-03-15,0.01053382406698411,2019
2019-03-18,0.003474505222585522,2019
2019-03-19,-0.0006925093062883914,2019
2019-03-20,-0.004158006992023622,2019
2019-03-21,0.020180958318146924,2019
2019-03-22,-0.025238679129559793,2019
2019-03-25,-0.004198742862119076,2019
2019-03-26,0.0070273625596999345,2019
2019-03-27,-0.005582673130381077,2019
2019-03-28,0.002105155480436993,2019
2019-03-29,0.010504245545656987,2019
2019-04-01,0.016632171458974998,2019
2019-04-02,-0.0013634448577592995,2019
2019-04-03,0.009556296627650784,2019
2019-04-04,0.0006762613032795795,2019
2019-04-05,0.006080979414655907,2019
2019-04-08,0.004029691659789059,2019
2019-04-09,-0.006688989613687135,2019
2019-04-10,0.007407283467380177,2019
2019-04-11,0.0006684380956705205,2019
2019-04-12,0.008684098072700097,2019
2019-04-15,-0.002649031050576678,2019
2019-04-16,0.002656067054676914,2019
2019-04-17,0.0,2019
2019-04-18,0.0013244812442745335,2019
2019-04-22,-0.0006613646570534648,2019
2019-04-23,0.013897986377793048,2019
2019-04-24,-0.001958124544316764,2019
2019-04-25,-0.007848406955257237,2019
2019-04-26,0.003955177611053573,2019
2019-04-29,0.0,2019
2019-04-30,0.001969967846970677,2019
2019-05-01,-0.006553106266808162,2019
2019-05-02,-0.005277093505229202,2019
2019-05-03,0.008620821042736981,2019
2019-05-06,-0.006574716070458009,2019
2019-05-07,-0.01853087689256694,2019
2019-05-08,-0.0033714883848926513,2019
2019-05-09,-0.004736121327192699,2019
2019-05-10,0.0006799391214842299,2019
2019-05-13,-0.03532619895253197,2019
2019-05-14,0.0140844916392584,2019
2019-05-15,0.010416853144082916,2019
2019-05-16,0.01030917638798301,2019
2019-05-17,-0.010884453777517789,2019
2019-05-20,-0.006877607396931107,2019
2019-05-21,0.01177294498992576,2019
2019-05-22,-0.0034222564939965228,2019
2019-05-23,-0.017170469389399257,2019
2019-05-24,0.009084550440311645,2019
2019-05-28,-0.003462474835685847,2019
2019-05-29,-0.006254310846270927,2019
2019-05-30,0.005594239636691256,2019
2019-05-31,-0.018080512189025177,2019
2019-06-03,-0.009915141696415275,2019
2019-06-04,0.027896977273901946,2019
2019-06-05,0.009046763187279705,2019
2019-06-06,0.006206792850725007,2019
2019-06-07,0.015764244150257678,2019
2019-06-10,0.007422418468731484,2019
2019-06-11,-0.001339631777738326,2019
2019-06-12,-0.0013413593626577791,2019
2019-06-13,0.0026863915775363623,2019
2019-06-14,-0.006698020203275368,2019
2019-06-17,0.0026973303285118266,2019
2019-06-18,0.014122367956047599,2019
2019-06-19,0.005968070606001019,2019
2019-06-20,0.013843292252854189,2019
2019-06-21,-0.0032509883351877766,2019
2019-06-24,-0.00260928689216422,2019
2019-06-25,-0.013080429988590159,2019
2019-06-26,0.004638824935299768,2019
2019-06-27,0.0059365765393673,2019
2019-06-28,0.006557472091894834,2019
2019-07-01,0.011726323905637992,2019
2019-07-02,-0.0006439709783745418,2019
2019-07-03,0.0,2019
2019-07-05,0.006443325789259324,2019
2019-07-08,-0.008322591626187537,2019
2019-07-09,0.003873535961673724,2019
2019-07-10,0.004501465912507552,2019
2019-07-11,-0.0006400616983156526,2019
2019-07-12,0.008327988332101688,2019
2019-07-15,0.0012705610279724056,2019
2019-07-16,-0.0063452035911572,2019
2019-07-17,-0.0031927289290898386,2019
2019-07-18,0.005124834269589984,2019
2019-07-19,-0.005098704255292019,2019
2019-07-22,0.008968459971782528,2019
2019-07-23,0.007619184342626095,2019
2019-07-24,0.008191550065369091,2019
2019-07-25,-0.003750066808337005,2019
2019-07-26,0.008155577733465202,2019
2019-07-29,0.0018668660017595595,2019
2019-07-30,-0.009316807929703907,2019
2019-07-31,-0.011912222490437552,2019
2019-08-01,-0.0006345729117378518,2019
2019-08-02,-0.020952296814794158,2019
2019-08-05,-0.03631653881794439,2019
2019-08-06,0.016823757140412843,2019
2019-08-07,0.006618229047333557,2019
2019-08-08,0.025640868565236508,2019
2019-08-09,-0.01089732146116118,2019
2019-08-12,0.0,2019
2019-08-13,0.005832628716715638,2019
2019-08-14,-0.03286061465080148,2019
2019-08-15,0.001998565083241477,2019
2019-08-16,0.015292504951684993,2019
2019-08-19,0.0111330266751406,2019
2019-08-20,-0.003238220849290374,2019
2019-08-21,0.012345538658733002,2019
2019-08-22,-0.004492931178758819,2019
2019-08-23,-0.029658324054580132,2019
2019-08-26,0.010631327415621117,2019
2019-08-27,-0.0032873920683166302,2019
2019-08-28,0.002638478461941096,2019
2019-08-29,0.015789551832579907,2019
2019-08-30,-0.0006476575803059381,2019
2019-09-03,-0.009073283661943488,2019
2019-09-04,0.015696475360280182,2019
2019-09-05,0.019317462759678383,2019
2019-09-06,-0.0012633374908300743,2019
2019-09-09,-0.008222637559201607,2019
2019-09-10,-0.013392963550715953,2019
2019-09-11,0.00969615908642063,2019
2019-09-12,0.005762013435131719,2019
2019-09-13,-0.005729002843775977,2019
2019-09-16,0.0,2019
2019-09-17,0.001920715331416245,2019
2019-09-18,-0.000638900831252398,2019
2019-09-19,0.0006393092864869221,2019
2019-09-20,-0.009584703213761148,2019
2019-09-23,-0.0032257528020033233,2019
2019-09-24,-0.009061471498057694,2019
2019-09-25,0.01371636366783835,2019
2019-09-26,0.002577477070266676,2019
2019-09-27,-0.014138847498495477,2019
2019-09-30,0.007822555385639918,2019
2019-10-01,-0.010996004101235468,2019
2019-10-02,-0.01896659978493931,2019
2019-10-03,0.012000006625834114,2019
2019-10-04,0.015151398383657089,2019
2019-10-07,-0.0025956739931283224,2019
2019-10-08,-0.017566665521587144,2019
2019-10-09,0.01324501812882839,2019
2019-10-10,0.004575154907299206,2019
2019-10-11,0.011711200157886292,2019
2019-10-14,-0.0006432092258878974,2019
2019-10-15,0.009009126045488092,2019
2019-10-16,-0.0051021536667664735,2019
2019-10-17,0.0006411477347463279,2019
2019-10-18,-0.010249867505206733,2019
2019-10-21,0.0064725179322357995,2019
2019-10-22,-0.017363519937022565,2019
2019-10-23,-0.0006543716879970907,2019
2019-10-24,0.013752430754102374,2019
2019-10-25,0.003875971584456739,2019
2019-10-28,0.011582952678937497,2019
2019-10-29,-0.0012721777421383917,2019
2019-10-30,0.00445859057788911,2019
2019-10-31,-0.0006341048768370161,2019
2019-11-01,0.014593928845194837,2019
2019-11-04,0.0018762708807085193,2019
2019-11-05,-0.0018727570811304384,2019
2019-11-06,0.0,2019
2019-11-07,0.007504565555787046,2019
2019-11-08,0.004965970490407257,2019
2019-11-11,0.0024705558785897974,2019
2019-11-12,0.002464850005256203,2019
2019-11-13,0.0006146178249859524,2019
2019-11-14,0.002456897615254583,2019
2019-11-15,0.0036764092505647827,2019
2019-11-18,-0.0006104272579977588,2019
2019-11-19,0.00427604344965582,2019
2019-11-20,-0.004257836754691269,2019
2019-11-21,-0.005497770149557435,2019
2019-11-22,0.0006141131168762026,2019
2019-11-25,0.014733101011371375,2019
2019-11-26,0.004839541555353488,2019
2019-11-27,0.004816420182018444,2019
2019-11-29,-0.0041941822972817455,2019
2019-12-02,-0.013237030496417446,2019
2019-12-03,-0.007316951227395396,2019
2019-12-04,0.003071137917201927,2019
2019-12-05,0.004898877287790038,2019
2019-12-06,0.007312808370012025,2019
2019-12-09,-0.0036298284011087034,2019
2019-12-10,-0.0024287432759018124,2019
2019-12-11,0.007303528210237609,2019
2019-12-12,0.008459450661169932,2019
2019-12-13,0.0077890893572043485,2019
2019-12-16,0.007728826804247024,2019
2019-12-17,0.0,2019
2019-12-18,0.0005899607000297014,2019
2019-12-19,0.00837233157302042,2019
2019-12-20,0.007326129506762813,2019
2019-12-23,0.0018180767052529134,2019
2019-12-24,0.0,2019
2019-12-26,0.007259529110490437,2019
2019-12-27,-0.0006006651982946032,2019
2019-12-30,-0.0048076138091344145,2019
2019-12-31,0.0,2019
2020-01-02,0.0,2020
2020-01-03,-0.005931130708245802,2020
2020-01-06,0.0017899320081422587,2020
2020-01-07,-0.0017867338759876006,2020
2020-01-08,0.010143224142392882,2020
2020-01-09,0.00945075842102061,2020
2020-01-10,0.002340453406712184,2020
2020-01-13,0.014010625476832406,2020
2020-01-14,-0.004605680034251436,2020
2020-01-15,0.00347024285391484,2020
2020-01-16,0.01152724444243769,2020
2020-01-17,0.0056980536669080095,2020
2020-01-21,-0.002266195562261264,2020
2020-01-22,0.0022713428693921234,2020
2020-01-23,0.003965982684373648,2020
2020-01-24,-0.009593704026810701,2020
2020-01-27,-0.01880340759994359,2020
2020-01-28,0.015098849352628507,2020
2020-01-29,0.001143947329637962,2020
2020-01-30,0.0034286005688837218,2020
2020-01-31,-0.022779010351169582,2020
2020-02-03,0.011072412267994158,2020
2020-02-04,0.021325539382294423,2020
2020-02-05,0.0033861448523737625,2020
2020-02-06,0.006748988984540905,2020
2020-02-07,-0.009497231276006102,2020
2020-02-10,0.009588293517080126,2020
2020-02-11,-0.002234655687420317,2020
2020-02-12,0.00839867157148988,2020
2020-02-13,-0.0005551967050253515,2020
2020-02-14,0.0016667357100108582,2020
2020-02-18,-0.0033279246491687564,2020
2020-02-19,0.00723439560963457,2020
2020-02-20,-0.007182435033164292,2020
2020-02-21,-0.02058988029968345,2020
2020-02-24,-0.035227232393116426,2020
2020-02-25,-0.03945816752983178,2020
2020-02-26,-0.000613125928770275,2020
2020-02-27,-0.044171724130043666,2020
2020-02-28,0.0032092693755383372,2020
2020-03-02,0.047344735592655285,2020
2020-03-03,-0.03176538914577898,2020
2020-03-04,0.04164041482199954,2020
2020-03-05,-0.03452457856952551,2020
2020-03-06,-0.021329917752982763,2020
2020-03-09,0.0,2020
2020-03-10,-0.021794862586412833,2020
2020-03-11,-0.05111405884838194,2020
2020-03-12,-0.10013820487602576,2020
2020-03-13,0.10130477623471124,2020
2020-03-16,-0.13588846321970904,2020
2020-03-17,0.05806435929225495,2020
2020-03-18,-0.06554857956160065,2020
2020-03-19,0.022022696663600794,2020
2020-03-20,-0.04469271665131813,2020
2020-03-23,-0.018379352472621013,2020
2020-03-24,0.10553196157732958,2020
2020-03-25,0.016166341165339215,2020
2020-03-26,0.05303029449397467,2020
2020-03-27,-0.04748205400857597,2020
2020-03-30,0.038519660993491245,2020
2020-03-31,-0.016727052081888738,2020
2020-04-01,-0.0517753494016675,2020
2020-04-02,0.014040601562612443,2020
2020-04-03,-0.024615436717333572,2020
2020-04-06,0.09463731204262094,2020
2020-04-07,-0.007925137721012332,2020
2020-04-08,0.030501056065023402,2020
2020-04-09,0.008456800411166698,2020
2020-04-13,-0.008385882675111866,2020
2020-04-14,0.03735028033621468,2020
2020-04-15,-0.023777170435074546,2020
2020-04-16,0.004871231237265405,2020
2020-04-17,0.024930750775719046,2020
2020-04-20,-0.019594624698715424,2020
2020-04-21,-0.03652663543725054,2020
2020-04-22,0.03290428698795855,2020
2020-04-23,0.002077648400857557,2020
2020-04-24,0.020732516432335313,2020
2020-04-27,0.017603262103165873,2020
2020-04-28,-0.0026613001281401427,2020
2020-04-29,0.04469637084424516,2020
2020-04-30,-0.008301410918194141,2020
2020-05-01,-0.030907923279168248,2020
2020-05-04,0.005315593210556635,2020
2020-05-05,0.01652353639226245,2020
2020-05-06,0.005201539256924903,2020
2020-05-07,0.014877033829165942,2020
2020-05-08,0.013384370525566514,2020
2020-05-11,-0.002515869020648265,2020
2020-05-12,-0.011979675234393694,2020
2020-05-13,-0.02169750256643288,2020
2020-05-14,0.0019568988089140316,2020
2020-05-15,0.005208312487129163,2020
2020-05-18,0.038212499829010316,2020
2020-05-19,-0.002495218395013765,2020
2020-05-20,0.023139466972826428,2020
2020-05-21,-0.01466992635398523,2020
2020-05-22,0.0018610575235626925,2020
2020-05-26,0.010526218198761761,2020
2020-05-27,0.010416571098496252,2020
2020-05-28,-0.0036384190643128367,2020
2020-05-29,0.0048690613691961815,2020
2020-06-01,0.00666268433116346,2020
2020-06-02,0.012635245199145606,2020
2020-06-03,0.016637097982950655,2020
2020-06-04,-0.008766933645631747,2020
2020-06-05,0.03419805032923251,2020
2020-06-08,0.002280521048745765,2020
2020-06-09,-0.003412772543498699,2020
2020-06-10,0.007990707221678273,2020
2020-06-11,-0.060022481802317396,2020
2020-06-12,0.016867369987459524,2020
2020-06-15,0.005924102546750909,2020
2020-06-16,0.02061248341964994,2020
2020-06-17,0.0023082700287999636,2020
2020-06-18,0.0028784929356358013,2020
2020-06-19,-0.007462691664649745,2020
2020-06-22,0.013880742016032732,2020
2020-06-23,0.008556888522651018,2020
2020-06-24,-0.031108687249202682,2020
2020-06-25,0.012259239406649636,2020
2020-06-26,-0.02652825110692114,2020
2020-06-29,0.015402737113014986,2020
2020-06-30,0.014585829638916747,2020
2020-07-01,-0.0028751827209866354,2020
2020-07-02,0.005767060835887072,2020
2020-07-06,0.017775092628001588,2020
2020-07-07,-0.016337886668717938,2020
2020-07-08,0.009163765377438793,2020
2020-07-09,-0.000567485340993712,2020
2020-07-10,0.0028391504328546535,2020
2020-07-13,-0.007927361992952298,2020
2020-07-14,0.015981640831446375,2020
2020-07-15,0.015168498954106102,2020
2020-07-16,-0.007194140382481007,2020
2020-07-17,0.009475943963025202,2020
2020-07-20,0.014908741245378332,2020
2020-07-21,-0.0032642298756716537,2020
2020-07-22,0.0065501646877828,2020
2020-07-23,-0.011388220546311056,2020
2020-07-24,-0.015907813421107253,2020
2020-07-27,0.01616496263059397,2020
2020-07-28,-0.0120681201788303,2020
2020-07-29,0.021654763669213706,2020
2020-07-30,0.0010868577620710695,2020
2020-07-31,0.010315015589122956,2020
2020-08-03,0.01612028540022581,2020
2020-08-04,-0.0005288775755908359,2020
2020-08-05,0.00952378454069125,2020
2020-08-06,0.008909876292600982,2020
2020-08-07,-0.003116806265672789,2020
2020-08-10,-0.005211194115378959,2020
2020-08-11,-0.004190607342512531,2020
2020-08-12,0.01841146489692158,2020
2020-08-13,-0.002066235281620421,2020
2020-08-14,-0.005693475732157616,2020
2020-08-17,0.002602781048632208,2020
2020-08-18,-0.0031151878122369636,2020
2020-08-19,-0.0010417785636965826,2020
2020-08-20,0.0,2020
2020-08-21,0.002606852303391527,2020
2020-08-24,0.004680174980091101,2020
2020-08-25,0.00569368102822132,2020
2020-08-26,0.008749378412606701,2020
2020-08-27,-0.004591824241861331,2020
2020-08-28,0.011788669784696504,2020
2020-08-31,-0.0035459785201868987,2020
2020-09-01,0.007625738328771892,2020
2020-09-02,0.01765912882444942,2020
2020-09-03,-0.0505703722253833,2020
2020-09-04,-0.015143472048213868,2020
2020-09-08,-0.03499467301838599,2020
2020-09-09,0.024725207071293775,2020
2020-09-10,-0.01823060884389327,2020
2020-09-11,-0.0027307169919221774,2020
2020-09-14,0.01861998138914167,2020
2020-09-15,0.012903226494332287,2020
2020-09-16,-0.008492639624606002,2020
2020-09-17,-0.00588854110454573,2020
2020-09-18,-0.00969324033022756,2020
2020-09-21,-0.01033151987597647,2020
2020-09-22,0.015933925477216837,2020
2020-09-23,-0.028123332172110382,2020
2020-09-24,0.0011131961697310455,2020
2020-09-25,0.02001084068438086,2020
2020-09-28,0.016893930330450724,2020
2020-09-29,-0.0010719265248888554,2020
2020-09-30,0.005901283957757464,2020
2020-10-01,0.013866677497364144,2020
2020-10-02,-0.016307082875012258,2020
2020-10-05,0.020855416311350572,2020
2020-10-06,-0.016762533254810252,2020
2020-10-07,0.01811395064647625,2020
2020-10-08,0.006802726030150863,2020
2020-10-09,0.018191368533870822,2020
2020-10-12,0.014803238978531974,2020
2020-10-13,-0.009054003703960478,2020
2020-10-14,-0.0076144262870704305,2020
2020-10-15,0.0,2020
2020-10-16,0.00204615436896205,2020
2020-10-19,-0.018376874435118373,2020
2020-10-20,0.004160201372721994,2020
2020-10-21,-0.0015535608246740606,2020
2020-10-22,0.004149412164895727,2020
2020-10-23,0.003099096832588577,2020
2020-10-26,-0.0200824042760277,2020
2020-10-27,-0.0026274003086976805,2020
2020-10-28,-0.03793467170502118,2020
2020-10-29,0.0076670958806750455,2020
2020-10-30,-0.01250004984844455,2020
2020-11-02,0.012658278966521497,2020
2020-11-03,0.022825953051064385,2020
2020-11-04,0.038788586397861646,2020
2020-11-05,0.02608692123812073,2020
2020-11-06,-0.0014953777346302655,2020
2020-11-09,0.015476863269110464,2020
2020-11-10,-0.009833019723077263,2020
2020-11-11,0.01340621987472801,2020
2020-11-12,-0.0073493510325888245,2020
2020-11-13,0.014313891319711614,2020
2020-11-16,0.010705685473165971,2020
2020-11-17,-0.0014444506189424944,2020
2020-11-18,-0.009161069865935012,2020
2020-11-19,0.0014598179488221064,2020
2020-11-20,-0.002915379973631116,2020
2020-11-23,0.0077973357620919614,2020
2020-11-24,0.009671067848992854,2020
2020-11-25,-0.001436746128564259,2020
2020-11-27,0.0057552533522295946,2020
2020-11-30,-0.001977107504771314,2020
2020-12-01,0.010896296424746987,2020
2020-12-02,0.0034298461481065967,2020
2020-12-03,-0.002441355938093359,2020
2020-12-04,0.014194780519831696,2020
2020-12-07,-0.0009651756535664635,2020
2020-12-08,0.006280026248417281,2020
2020-12-09,-0.01872286833666925,2020
2020-12-10,-0.0024462269978846596,2020
2020-12-11,-0.004904263738820802,2020
2020-12-14,0.002956985014328062,2020
2020-12-15,0.014742087273404758,2020
2020-12-16,0.0029054348586403655,2020
2020-12-17,0.011588717704741569,2020
2020-12-18,0.002863920969990774,2020
2020-12-21,-0.006187639054783034,2020
2020-12-22,0.006705191655834719,2020
2020-12-23,0.0014271462327024587,2020
2020-12-24,0.006650766847704936,2020
2020-12-28,0.00896647172845122,2020
2020-12-29,-0.00982216937470426,2020
2020-12-30,0.006613067586389354,2020
2021-01-04,0.0,2021
2021-01-05,0.012796253437031835,2021
2021-01-06,0.009358900373521717,2021
2021-01-07,0.022253078645147806,2021
2021-01-08,0.0027212233644309247,2021
2021-01-11,-0.007688877113125936,2021
2021-01-12,-0.0009115930852168219,2021
2021-01-13,-0.0009125121253703572,2021
2021-01-14,0.0,2021
2021-01-15,-0.011872094580493098,2021
2021-01-19,0.012476850026363673,2021
2021-01-20,0.015518216049138056,2021
2021-01-21,0.0017976123724845472,2021
2021-01-22,-0.003588945183656045,2021
2021-01-25,-0.0018011083332766242,2021
2021-01-26,-0.004510507113618889,2021
2021-01-27,-0.01993665624518348,2021
2021-01-28,0.011558048828207657,2021
2021-01-29,-0.019652560745558434,2021
2021-02-01,0.0326338033118565,2021
2021-02-02,0.00045156167526627655,2021
2021-02-03,0.00541525829575118,2021
2021-02-04,0.010771924832066793,2021
2021-02-05,0.004440490847163581,2021
2021-02-08,0.017241345770394156,2021
2021-02-09,0.00999566479539471,2021
2021-02-10,-0.004302919826105089,2021
2021-02-11,0.0064823964552813695,2021
2021-02-12,-0.003864469527954606,2021
2021-02-16,-0.0004309596604110677,2021
2021-02-17,-0.006037191535259834,2021
2021-02-18,-0.010412083445073717,2021
2021-02-19,0.006576095635708157,2021
2021-02-22,-0.028310104674784897,2021
2021-02-23,-0.0103092889592874,2021
2021-02-24,0.02219207466381623,2021
2021-02-25,-0.03411617621267404,2021
2021-02-26,0.0036697898260746875,2021
2021-03-01,0.02925044904574614,2021
2021-03-02,-0.013321472541490964,2021
2021-03-03,-0.017101753725550672,2021
2021-03-04,-0.024267478283599764,2021
2021-03-05,0.02252476738645881,2021
2021-03-08,-0.012849894533809914,2021
2021-03-09,0.02463969167164981,2021
2021-03-10,0.0018148272086062622,2021
2021-03-11,0.02490934070599704,2021
2021-03-12,-0.0013255283366238046,2021
2021-03-15,0.014159287390673736,2021
2021-03-16,-0.0008726157177840754,2021
2021-03-17,0.0026200499781989794,2021
2021-03-18,-0.017421577237858865,2021
2021-03-19,-0.0004433550340979808,2021
2021-03-22,0.0008870185283789134,2021
2021-03-23,-0.019937983226599787,2021
2021-03-24,-0.011301929091361962,2021
2021-03-25,0.009144933256631349,2021
2021-03-26,0.023108178324389828,2021
2021-03-29,-0.014171745525067614,2021
2021-03-30,0.0,2021
2021-03-31,0.009883114854994268,2021
2021-04-01,0.01823841659739056,2021
2021-04-05,0.013979900857469474,2021
2021-04-06,-0.0034466864034675693,2021
2021-04-07,-0.002594079424389273,2021
2021-04-08,0.009969584879548687,2021
2021-04-09,0.007725294682664696,2021
2021-04-12,0.00042606490559848886,2021
2021-04-13,-0.0029801253574786024,2021
2021-04-14,0.0012811425343977056,2021
2021-04-15,0.015351673723800863,2021
2021-04-16,0.0020999147708120613,2021
2021-04-19,-0.010058613302547204,2021
2021-04-20,-0.01185440803450133,2021
2021-04-21,0.013710447275247173,2021
2021-04-22,-0.005071940631028227,2021
2021-04-23,0.01699249195799135,2021
2021-04-26,0.007518849268030037,2021
2021-04-27,-0.004975290908769359,2021
2021-04-28,0.002499964526506915,2021
2021-04-29,0.0066500004492706655,2021
2021-04-30,-0.021056878002718715,2021
2021-05-03,-0.000843460153870712,2021
2021-05-04,-0.010553000211184327,2021
2021-05-05,-0.004266286817230847,2021
2021-05-06,0.0025707396028165075,2021
2021-05-07,0.010256427866192741,2021
2021-05-10,-0.02284255702101179,2021
2021-05-11,-0.0038962551260303124,2021
2021-05-12,-0.02781390448282106,2021
2021-05-13,0.014751903192046445,2021
2021-05-14,0.016740045853880003,2021
2021-05-17,-0.0021663331731558433,2021
2021-05-18,-0.004342072722490764,2021
2021-05-19,0.003924890997731412,2021
2021-05-20,0.017376085220981885,2021
2021-05-21,0.0008540677929687046,2021
2021-05-24,0.009812296439270618,2021
2021-05-25,-0.003379703560214664,2021
2021-05-26,0.0033911646915960603,2021
2021-05-27,0.0016898517801073876,2021
2021-05-28,0.000843460153870712,2021
2021-06-01,0.0,2021
2021-06-02,0.0016857405249555146,2021
2021-06-03,-0.009255446558213087,2021
2021-06-04,0.0127389166315377,2021
2021-06-07,-0.0020964730560897316,2021
2021-06-08,0.004621769704920453,2021
2021-06-09,-0.0033457797877741724,2021
2021-06-10,0.007133830309782985,2021
2021-06-11,0.0041667404037026845,2021
2021-06-14,0.0012447558309824913,2021
2021-06-15,-0.004558562724300774,2021
2021-06-16,-0.005828578865543443,2021
2021-06-17,0.0020938394172982377,2021
2021-06-18,-0.0146260110537344,2021
2021-06-21,0.014843106493378277,2021
2021-06-22,0.0037610359458233322,2021
2021-06-23,-0.0024979623709471266,2021
2021-06-24,0.009599341918196336,2021
2021-06-25,0.0037205322096285354,2021
2021-06-28,-0.0037067411597508926,2021
2021-06-29,0.004133933465096495,2021
2021-06-30,-0.0037051363329649867,2021
2021-07-01,0.004958606600080628,2021
2021-07-02,0.006167714508678479,2021
2021-07-06,-0.0012260126723159237,2021
2021-07-07,0.002045862707465096,2021
2021-07-08,-0.011025024652954407,2021
2021-07-09,0.01279948788145946,2021
2021-07-12,0.0032612141771641845,2021
2021-07-13,-0.0008126144378878264,2021
2021-07-14,0.0028466581176671557,2021
2021-07-15,-0.0072992440234938005,2021
2021-07-16,-0.008986930530883175,2021
2021-07-19,-0.02061002747688223,2021
2021-07-20,0.021043739526744654,2021
2021-07-21,0.012366095347509765,2021
2021-07-22,-0.0032573863353982935,2021
2021-07-23,0.01021236421952465,2021
2021-07-26,-0.0024260912498098586,2021
2021-07-27,-0.00810707773113184,2021
2021-07-28,0.008173339630842102,2021
2021-07-29,0.019456784922769588,2021
2021-07-30,-0.009542759811536516,2021
2021-08-02,-0.0080288922766093,2021
2021-08-03,0.002832833772940857,2021
2021-08-04,-0.00524618181034886,2021
2021-08-05,0.003651102614828039,2021
2021-08-06,0.0036378978900069026,2021
2021-08-09,-0.0024164743729818694,2021
2021-08-10,-0.001211163933096726,2021
2021-08-11,-0.002020899720671543,2021
2021-08-12,-0.0016201950898069306,2021
2021-08-13,0.0016228243819020882,2021
2021-08-16,0.0016199626260224864,2021
2021-08-17,-0.006874131508071035,2021
2021-08-18,-0.01058634979387385,2021
2021-08-19,0.0,2021
2021-08-20,0.008641970254269937,2021
2021-08-23,0.010199786108211484,2021
2021-08-24,0.007673803580361405,2021
2021-08-25,-0.0004008853523869149,2021
2021-08-26,-0.01082586735238289,2021
2021-08-27,0.015808565045923206,2021
2021-08-30,0.0011972244425562106,2021
2021-08-31,-0.007572871531499326,2021
2021-09-01,-0.0048192089757364,2021
2021-09-02,-0.0008071939783251825,2021
2021-09-03,-0.0008076915290597952,2021
2021-09-07,-0.008488196416017502,2021
2021-09-08,-0.004076712704844665,2021
2021-09-09,-0.002455961880552082,2021
2021-09-10,-0.009848190928949951,2021
2021-09-13,0.003315354384148872,2021
2021-09-14,-0.009913355438524118,2021
2021-09-15,0.007509440576408233,2021
2021-09-16,0.0008282512664796737,2021
2021-09-17,-0.012825885214442057,2021
2021-09-20,-0.01718339423132975,2021
2021-09-21,-0.001705786850070612,2021
2021-09-22,0.010679139392386183,2021
2021-09-23,0.013524932432344983,2021
2021-09-24,0.002085107656098817,2021
2021-09-27,-0.0045776918630665575,2021
2021-09-28,-0.023829372755446165,2021
2021-09-29,-0.0051392768272888745,2021
2021-09-30,-0.01119245705810834,2021
2021-10-01,0.0148020115596883,2021
2021-10-04,-0.02016304766232091,2021
2021-10-05,0.009194307008133507,2021
2021-10-06,-0.0004337641841759554,2021
2021-10-07,0.016927133609764278,2021
2021-10-08,-0.004694836830821836,2021
2021-10-11,-0.013722122848773166,2021
2021-10-12,-0.0008696637333504009,2021
2021-10-13,0.00609244542262366,2021
2021-10-14,0.024221298954405723,2021
2021-10-15,0.008868238568988662,2021
2021-10-18,0.0020930430343935047,2021
2021-10-19,0.009189562588935996,2021
2021-10-20,0.0012417437817191512,2021
2021-10-21,0.004133933465096495,2021
2021-10-22,-0.004528613732704523,2021
2021-10-25,0.0016541306623967245,2021
2021-10-26,-0.005367402318356973,2021
2021-10-27,-0.015774141849897005,2021
2021-10-28,0.013918262554387661,2021
2021-10-29,0.0033278455502758764,2021
2021-11-01,0.008291781358788608,2021
2021-11-02,0.013980194841973992,2021
2021-11-03,0.012976476920768532,2021
2021-11-04,0.008006470184344305,2021
2021-11-05,0.004368471511365879,2021
2021-11-08,0.0047450424768449295,2021
2021-11-09,-0.0023613166904251637,2021
2021-11-10,-0.01538466066691313,2021
2021-11-11,0.0036058330748320877,2021
2021-11-12,0.009580778230015685,2021
2021-11-15,-0.003954050764934269,2021
2021-11-16,0.00635168689578558,2021
2021-11-17,-0.008678503308362395,2021
2021-11-18,-0.0035813639650773554,2021
2021-11-19,-0.004792416850719516,2021
2021-11-22,-0.01765643006811357,2021
2021-11-23,0.001634093941058845,2021
2021-11-24,-0.0008157530297754345,2021
2021-11-26,-0.028979634737797966,2021
2021-11-29,0.016813843521410465,2021
2021-11-30,-0.02439027862469545,2021
2021-12-01,-0.011864373253719251,2021
2021-12-02,0.021869615343942383,2021
2021-12-03,-0.010071195396878285,2021
2021-12-06,0.01568448137864209,2021
2021-12-07,0.031719453505286044,2021
2021-12-08,0.01618128437498423,2021
2021-12-09,-0.010350349032962058,2021
2021-12-10,0.0036203376118930652,2021
2021-12-13,-0.009218522774283033,2021
2021-12-14,-0.014562977931516508,2021
2021-12-15,0.0155992249277217,2021
2021-12-16,-0.022635345105379012,2021
2021-12-17,0.0016541306623967245,2021
2021-12-20,-0.01734095370861366,2021
2021-12-21,0.031092504525708886,2021
2021-12-22,0.011002404958605494,2021
2021-12-23,0.008867548769050604,2021
2021-12-27,0.015980644123742005,2021
2021-12-28,-0.0023593092580468378,2021
2021-12-29,0.003941657228980766,2021
2021-12-30,-0.0043188823501354445,2021
2021-12-31,0.0,2021
2022-01-03,0.0,2022
2022-01-04,-0.002744772300383058,2022
2022-01-05,-0.025687981917950076,2022
2022-01-06,-0.0037664977028375457,2022
2022-01-07,-0.01606811643701167,2022
2022-01-10,-0.0014408212933705311,2022
2022-01-11,0.013468042981244155,2022
2022-01-12,0.005220612384276624,2022
2022-01-13,-0.013692184815117248,2022
2022-01-14,0.006701747067460184,2022
2022-01-18,-0.02567760086229287,2022
2022-01-19,-0.015129260094626451,2022
2022-01-20,-0.012388557046889792,2022
2022-01-21,-0.022579092518181687,2022
2022-01-24,0.008213595625416348,2022
2022-01-25,-0.02596743416963787,2022
2022-01-26,0.0005228169880506783,2022
2022-01-27,-0.00835958561213579,2022
2022-01-28,0.02634355093991858,2022
2022-01-31,0.03028751798604512,2022
2022-02-01,0.005480896902892107,2022
2022-02-02,0.010406264259983589,2022
2022-02-03,-0.029916570710543877,2022
2022-02-04,0.0020222136400152024,2022
2022-02-07,-0.0025227485136317673,2022
2022-02-08,0.01517452409220299,2022
2022-02-09,0.027404157311385458,2022
2022-02-10,-0.019883621082601777,2022
2022-02-11,-0.03364668036815299,2022
2022-02-14,-0.0010241338490737384,2022
2022-02-15,0.0276781106392332,2022
2022-02-16,0.005486282165644507,2022
2022-02-17,-0.028273783832821198,2022
2022-02-18,-0.009188388103300138,2022
2022-02-22,-0.011849465254120561,2022
2022-02-23,-0.018769690409372153,2022
2022-02-24,0.026567511994875614,2022
2022-02-25,0.016045558154696327,2022
2022-02-28,-0.023942996195642774,2022
2022-03-01,-0.022442503487843823,2022
2022-03-02,0.0261611879721102,2022
2022-03-03,-0.017689977544359636,2022
2022-03-04,-0.02118646610173247,2022
2022-03-07,-0.035714187357008376,2022
2022-03-08,0.011784607946249581,2022
2022-03-09,0.028840650206032548,2022
2022-03-10,-0.00592974036499061,2022
2022-03-11,-0.010303706996551032,2022
2022-03-14,-0.01260272577630972,2022
2022-03-15,0.02441721146146758,2022
2022-03-16,0.04062838675870606,2022
2022-03-17,0.006246821850117046,2022
2022-03-18,0.012415912779287108,2022
2022-03-21,-0.005620929727262913,2022
2022-03-22,0.011305321984225847,2022
2022-03-23,-0.02083334723696939,2022
2022-03-24,0.013492524027826303,2022
2022-03-25,-0.0010241338490737384,2022
2022-03-28,0.0020501992515309375,2022
2022-03-29,0.02250638578639874,2022
2022-03-30,-0.015507681239346427,2022
2022-03-31,-0.01117894046285095,2022
2022-04-01,0.0020555514357349924,2022
2022-04-04,0.00871798351725328,2022
2022-04-05,-0.01982717730414052,2022
2022-04-06,-0.011410868941012065,2022
2022-04-07,0.0,2022
2022-04-08,-0.0015737806473130611,2022
2022-04-11,-0.013137294079241135,2022
2022-04-12,-0.006389853443543925,2022
2022-04-13,0.01446958506609941,2022
2022-04-14,-0.010036997720815566,2022
2022-04-18,0.002134438994458865,2022
2022-04-19,0.019701858708306208,2022
2022-04-20,-0.0026110117207472916,2022
2022-04-21,-0.018324498873473094,2022
2022-04-22,-0.02880016909496974,2022
2022-04-25,0.007139006191916986,2022
2022-04-26,-0.03271541254123933,2022
2022-04-27,-0.0033821355021596,2022
2022-04-28,0.031674187136046195,2022
2022-04-29,-0.03179829910548493,2022
2022-05-02,0.003963699477636196,2022
2022-05-03,0.0073324643430483505,2022
2022-05-04,0.03247476213596956,2022
2022-05-05,-0.03036891902467398,2022
2022-05-06,-0.008389317514829409,2022
2022-05-09,-0.0406089833545179,2022
2022-05-10,0.007054565459730933,2022
2022-05-11,-0.020431870985376466,2022
2022-05-12,0.004767507219308076,2022
2022-05-13,0.03499411806691666,2022
2022-05-16,-0.00802298776606325,2022
2022-05-17,0.027729781683476507,2022
2022-05-18,-0.035413253678275525,2022
2022-05-19,0.005244770632652163,2022
2022-05-20,0.002898506310377913,2022
2022-05-23,0.010404655105706873,2022
2022-05-24,-0.013730048685897778,2022
2022-05-25,0.011601132230281141,2022
2022-05-26,0.023508999641151496,2022
2022-05-27,0.029131667758248492,2022
2022-05-31,-0.010887239262948323,2022
2022-06-01,-0.00990655808344365,2022
2022-06-02,0.024458115788132728,2022
2022-06-03,-0.016820411041089445,2022
2022-06-06,0.006622505755834895,2022
2022-06-07,0.0065791167251147975,2022
2022-06-08,-0.013616704769785604,2022
2022-06-09,-0.021535096188277203,2022
2022-06-10,-0.027652503373120862,2022
2022-06-13,-0.0429481716543344,2022
2022-06-14,0.0,2022
2022-06-15,0.014554151728960685,2022
2022-06-16,-0.03944998026573643,2022
2022-06-17,0.010578658158897802,2022
2022-06-21,0.02093594428188217,2022
2022-06-22,0.004222087819901965,2022
2022-06-23,0.014414291293811443,2022
2022-06-24,0.021314450746588998,2022
2022-06-27,0.0046377052700183885,2022
2022-06-28,-0.025389582000148736,2022
2022-06-29,-0.00414440093251689,2022
2022-06-30,-0.007134352130491295,2022
2022-07-01,0.0017962813280134604,2022
2022-07-05,0.0023910744212345403,2022
2022-07-06,0.0029814687838114473,2022
2022-07-07,0.014863225471315022,2022
2022-07-08,0.002929262968699442,2022
2022-07-11,-0.010514048154992683,2022
2022-07-12,-0.008264626203915326,2022
2022-07-13,-0.005357158911587945,2022
2022-07-14,-0.0035905113430487745,2022
2022-07-15,0.022222077604371115,2022
2022-07-18,-0.004112745778930171,2022
2022-07-19,0.029498557931146197,2022
2022-07-20,-0.003438436768684161,2022
2022-07-21,0.00805066948402966,2022
2022-07-22,-0.007986373827964854,2022
2022-07-25,0.003450300408471607,2022
2022-07-26,-0.0057306652260739055,2022
2022-07-27,0.015562099600806123,2022
2022-07-28,0.014755730906513165,2022
2022-07-29,0.008948684926480599,2022
2022-08-01,-0.0011086303991697521,2022
2022-08-02,-0.0016649734501648084,2022
2022-08-03,-0.005002703078589299,2022
2022-08-04,0.0067039913668249795,2022
2022-08-05,0.004994373710784483,2022
2022-08-08,-0.0033132172420013983,2022
2022-08-09,-0.0038780574367620613,2022
2022-08-10,0.015016821458785135,2022
2022-08-11,-0.00273977384091717,2022
2022-08-12,0.01483520795540949,2022
2022-08-15,0.0005412324170575022,2022
2022-08-16,-0.0016232631231166694,2022
2022-08-17,-0.006504054478408072,2022
2022-08-18,0.0038189072361476395,2022
2022-08-19,-0.008152138029046685,2022
2022-08-22,-0.01534249961722689,2022
2022-08-23,-0.008347300011557035,2022
2022-08-24,0.0005612507748060658,2022
2022-08-25,0.01177790545853652,2022
2022-08-26,-0.027161899807732426,2022
2022-08-29,-0.0034188445153069402,2022
2022-08-30,-0.005717559273999195,2022
2022-08-31,-0.0028752660749284953,2022
2022-09-01,-0.0005765977984188986,2022
2022-09-02,-0.00865556730784256,2022
2022-09-06,0.0029102208247351324,2022
2022-09-07,0.019152731713303783,2022
2022-09-08,0.00740335672565684,2022
2022-09-09,0.005652916967706645,2022
2022-09-12,0.008993770427173864,2022
2022-09-13,-0.0267409934940398,2022
2022-09-14,-0.002289604309312687,2022
2022-09-15,-0.007458478920531086,2022
2022-09-16,-0.006358284355504007,2022
2022-09-19,0.0011633537365134394,2022
2022-09-20,-0.00987782715085539,2022
2022-09-21,-0.012910888135760468,2022
2022-09-22,-0.012485043023482412,2022
2022-09-23,-0.010234838183718287,2022
2022-09-26,-0.011557199604783741,2022
2022-09-27,-0.0018462265257510602,2022
2022-09-28,0.014180111587809963,2022
2022-09-29,-0.010942180865200712,2022
2022-09-30,-0.009219481726421508,2022
2022-10-03,0.017990001469623262,2022
2022-10-04,0.02498478312806074,2022
2022-10-05,-0.0011891400271677455,2022
2022-10-06,-0.010119088802189258,2022
2022-10-07,-0.019843650522479606,2022
2022-10-10,-0.007361851223767313,2022
2022-10-11,-0.003708225012731603,2022
2022-10-12,-0.005583142535225405,2022
2022-10-13,0.019338647604578485,2022
2022-10-14,-0.008567800606982146,2022
2022-10-17,0.014197514849650927,2022
2022-10-18,0.008520867051231784,2022
2022-10-19,-0.007241893121142762,2022
2022-10-20,0.0,2022
2022-10-21,0.015197534413941671,2022
2022-10-24,0.010179681219049108,2022
2022-10-25,0.013633654236826276,2022
2022-10-26,0.008187008737712054,2022
2022-10-27,-0.0017401126973660697,2022
2022-10-28,0.01336450066494832,2022
2022-10-31,-0.00688081599055923,2022
2022-11-01,-0.0011548114679992283,2022
2022-11-02,-0.01676293946121077,2022
2022-11-03,-0.015285181378155488,2022
2022-11-04,0.0023881212018801445,2022
2022-11-07,0.008338364160718204,2022
2022-11-08,0.008859875204393353,2022
2022-11-09,-0.017564326611581138,2022
2022-11-10,0.03635273174308806,2022
2022-11-11,-0.008625703817572772,2022
2022-11-14,-0.004060262960520866,2022
2022-11-15,0.0,2022
2022-11-16,-0.005241716066318736,2022
2022-11-17,-0.002927355728365666,2022
2022-11-18,0.010569517480352175,2022
2022-11-21,-0.00697258387119204,2022
2022-11-22,0.011117633886693401,2022
2022-11-23,0.004050863576810837,2022
2022-11-25,0.005763695032771965,2022
2022-11-28,-0.009169007912158467,2022
2022-11-29,-0.0023135353640473255,2022
2022-11-30,0.039480977499482206,2022
2022-12-01,-0.001328057361090984,2022
2022-12-02,-0.001329731762555575,2022
2022-12-05,-0.007323629878713378,2022
2022-12-06,-0.006706813340715656,2022
2022-12-07,0.0013503824392187003,2022
2022-12-08,0.005394431419694534,2022
2022-12-09,-0.005365487664455548,2022
2022-12-12,0.012137610162187285,2022
2022-12-13,-0.0013325730703572791,2022
2022-12-14,0.0,2022
2022-12-15,-0.019346160557605407,2022
2022-12-16,-0.005442231109330953,2022
2022-12-19,-0.008207875116029939,2022
2022-12-20,0.0034482270030951057,2022
2022-12-21,0.01168393021294345,2022
2022-12-22,-0.00679356913424245,2022
2022-12-23,0.0034201130147264447,2022
2022-12-27,-0.0013633634858642996,2022
2022-12-28,-0.00887372579020207,2022
2022-12-29,0.012396651049576324,2022
2022-12-30,-0.002721068654244041,2022
2022-12-31,0.0,2022
2023-01-03,0.0,2023
2023-01-04,0.0,2023
2023-01-05,-0.01644959744299035,2023
2023-01-06,0.01324034513125949,2023
2023-01-09,0.0006878240445002959,2023
2023-01-10,0.005498241535027093,2023
2023-01-11,0.017088121254813515,2023
2023-01-12,0.004032275252594086,2023
2023-01-13,0.0033466728934354872,2023
2023-01-17,0.0,2023
2023-01-18,-0.010006530097272592,2023
2023-01-19,0.0013476525442517318,2023
2023-01-20,0.0107671745234863,2023
2023-01-23,0.006657695122142648,2023
2023-01-24,-0.00727510266079523,2023
2023-01-25,0.0026648707947836137,2023
2023-01-26,0.003322303880586963,2023
2023-01-27,-0.0033113027266882256,2023
2023-01-30,-0.005980092013396554,2023
2023-01-31,0.017379784623064554,2023
2023-02-01,0.01116950028560404,2023
2023-02-02,-0.0019493259473318814,2023
2023-02-03,-0.010416680693281943,2023
2023-02-06,-0.002631559849412657,2023
2023-02-07,0.007915509685714417,2023
2023-02-08,0.0026177821486190744,2023
2023-02-09,-0.0026109472574973314,2023
2023-02-10,0.0032722953660320186,2023
2023-02-13,0.00782782174139074,2023
2023-02-14,0.0,2023
2023-02-15,0.0019416664703224562,2023
2023-02-16,-0.010335931813153176,2023
2023-02-17,0.0006528043179230281,2023
2023-02-21,-0.018917175911018158,2023
2023-02-22,0.0,2023
2023-02-23,0.004654244529640028,2023
2023-02-24,-0.017868854538447776,2023
2023-02-27,0.0026953050885032415,2023
2023-02-28,-0.006048320212731828,2023
2023-03-01,0.0006761975119511376,2023
2023-03-02,0.004729625042705354,2023
2023-03-03,0.010087467060527766,2023
2023-03-06,-0.0006658429541505084,2023
2023-03-07,-0.010659483179134233,2023
2023-03-08,0.0,2023
2023-03-09,-0.014141380376557544,2023
2023-03-10,-0.015027447470051913,2023
2023-03-13,0.002080452713854264,2023
2023-03-14,0.008996546330066524,2023
2023-03-15,-0.006858708227281629,2023
2023-03-16,0.015884077203905722,2023
2023-03-17,-0.00883762471014149,2023
2023-03-20,0.008916424725622818,2023
2023-03-21,0.012916312106198813,2023
2023-03-22,-0.01275160835285738,2023
2023-03-23,-0.002039437435098823,2023
2023-03-24,0.004087116551624526,2023
2023-03-27,0.006105860357455306,2023
2023-03-28,-0.009440301473757073,2023
2023-03-29,0.004084428288453346,2023
2023-03-30,0.006101720393297372,2023
2023-03-31,0.010781592017704567,2023
2023-04-03,0.00733330305942359,2023
2023-04-04,-0.005294559914745367,2023
2023-04-05,0.004657433205415229,2023
2023-04-06,0.001324448037832715,2023
2023-04-10,0.0033069228791695604,2023
2023-04-11,0.0032960231846899113,2023
2023-04-12,-0.0026281017267160145,2023
2023-04-13,0.012516400223962387,2023
2023-04-14,-0.009108721803202657,2023
2023-04-17,0.001313233482320264,2023
2023-04-18,-0.0019671311161244542,2023
2023-04-19,-0.01839689327917504,2023
2023-04-20,-0.0026773567735493,2023
2023-04-21,-0.0006711129286315343,2023
2023-04-24,0.004029474345889961,2023
2023-04-25,-0.01204000076737255,2023
2023-04-26,-0.008801630224731016,2023
2023-04-27,0.015027259099521073,2023
2023-04-28,0.007402391888889914,2023
2023-05-01,0.002004016507046291,2023
2023-05-02,-0.01933326187710127,2023
2023-05-03,-0.0074779685077189795,2023
2023-05-04,-0.0006849029151062558,2023
2023-05-05,0.015078852785766372,2023
2023-05-08,-0.0013504755433580984,2023
2023-05-09,-0.006085218227294131,2023
2023-05-10,0.005442137308488082,2023
2023-05-11,-0.0020296853138795923,2023
2023-05-12,-0.0006780312545018319,2023
2023-05-15,0.0027136845323256775,2023
2023-05-16,-0.0060892425278967766,2023
2023-05-17,0.014295405144892914,2023
2023-05-18,0.0006711129286314232,2023
2023-05-19,0.004694824826325439,2023
2023-05-22,0.004005357536196019,2023
2023-05-23,-0.011968044264738742,2023
2023-05-24,-0.006729472478319898,2023
2023-05-25,0.005420108125640644,2023
2023-05-26,0.010781592017704567,2023
2023-05-30,-0.002000008457084035,2023
2023-05-31,-0.0013360417077127318,2023
2023-06-01,0.0120401852319163,2023
2023-06-02,0.008592206828307303,2023
2023-06-05,0.0006552806384811927,2023
2023-06-06,-0.00654878616785981,2023
2023-06-07,-0.007910382927505233,2023
2023-06-08,0.007309031889517925,2023
2023-06-09,0.0006596030684822285,2023
2023-06-12,0.013183910949383204,2023
2023-06-13,0.004554316045634277,2023
2023-06-14,-0.014896376932285627,2023
2023-06-15,0.011176935171781643,2023
2023-06-16,-0.007802373345913494,2023
2023-06-20,-0.0032765839096254856,2023
2023-06-21,-0.0019723043360960757,2023
2023-06-22,0.005270053690636267,2023
2023-06-23,-0.007863729096213357,2023
2023-06-26,0.0,2023
2023-06-27,0.007926057464918479,2023
2023-06-28,-0.001310651635572202,2023
2023-06-29,0.005249305836348972,2023
2023-06-30,0.00913845040833805,2023
2023-07-03,-0.005174606628933542,2023
2023-07-05,-0.003251018778663406,2023
2023-07-06,-0.009132488680294037,2023
2023-07-07,-0.0039498932803522235,2023
2023-07-10,0.011235941744327294,2023
2023-07-11,0.0065359453562776615,2023
2023-07-12,-0.0019480602040766737,2023
2023-07-13,0.009108721803202657,2023
2023-07-14,0.004513206503156564,2023
2023-07-17,0.004492928986834954,2023
2023-07-18,0.005111783816778681,2023
2023-07-19,0.006357276799739742,2023
2023-07-20,-0.0069488027197670554,2023
2023-07-21,0.0006361057556518723,2023
2023-07-24,-0.002542893188142381,2023
2023-07-25,0.005098751957906433,2023
2023-07-26,-0.00760932985138163,2023
2023-07-27,-0.008306714782410407,2023
2023-07-28,-0.0006443029915667031,2023
2023-07-31,0.007092168947510524,2023
2023-08-01,0.0076824024370554245,2023
2023-08-02,-0.010800495903504848,2023
2023-08-03,-0.003853492368600886,2023
2023-08-04,-0.01225027164051673,2023
2023-08-07,0.011749397665835382,2023
2023-08-08,-0.0064516106074964386,2023
2023-08-09,-0.005194857056594504,2023
2023-08-10,0.00913845040833805,2023
2023-08-11,-0.0019404997832690452,2023
2023-08-14,0.0051847568381302445,2023
2023-08-15,-0.007092257849659722,2023
2023-08-16,-0.007792240816306806,2023
2023-08-17,-0.009162282640338582,2023
2023-08-18,0.0039630287324592395,2023
2023-08-21,0.009868462829409896,2023
2023-08-22,-0.001302967000934685,2023
2023-08-23,0.008480110237835348,2023
2023-08-24,-0.01358349848288365,2023
2023-08-25,0.005901664601974721,2023
2023-08-28,0.008474672252628102,2023
2023-08-29,0.011635382665587501,2023
2023-08-30,0.004472832866396326,2023
2023-08-31,-0.006361320700102313,2023
2023-09-01,0.0032010672225000203,2023
2023-09-05,-0.0038290765013671013,2023
2023-09-06,-0.004484206301226257,2023
2023-09-07,-0.0012870362310680727,2023
2023-09-08,-0.0006443029915667031,2023
2023-09-11,0.0006447183855511351,2023
2023-09-12,-0.0070876882867102475,2023
2023-09-13,-0.0006489022081466178,2023
2023-09-14,0.004545533500958765,2023
2023-09-15,-0.010342611887198427,2023
2023-09-18,0.0,2023
2023-09-19,0.0,2023
2023-09-20,0.0006530505050941215,2023
2023-09-21,-0.010443789029989325,2023
2023-09-22,0.0,2023
2023-09-25,0.005277006457143019,2023
2023-09-26,-0.017716520294170257,2023
2023-09-27,0.0026719913063797396,2023
2023-09-28,0.009993380309921918,2023
2023-09-29,-0.008575294663481947,2023
2023-10-02,0.005322741488466676,2023
2023-10-03,-0.01588349723299265,2023
2023-10-04,0.010087467060527766,2023
2023-10-05,0.000665659349309955,2023
2023-10-06,0.01463742441659388,2023
2023-10-09,0.0019672215339916477,2023
2023-10-10,0.005890077514650871,2023
2023-10-11,-0.0032531341537010983,2023
2023-10-12,-0.008485646090415022,2023
2023-10-13,-0.0006582096425398198,2023
2023-10-16,0.01515142706928052,2023
2023-10-17,0.003244689998870731,2023
2023-10-18,-0.012936605762009834,2023
2023-10-19,-0.007863729096213357,2023
2023-10-20,-0.015191549424562134,2023
2023-10-23,-0.00938955717294343,2023
2023-10-24,0.006770384250720518,2023
2023-10-25,-0.018829814875019668,2023
2023-10-26,-0.010281057469395893,2023
2023-10-27,-0.0027701584891607345,2023
2023-10-30,0.0013889267919238169,2023
2023-10-31,0.017337074074711634,2023
2023-11-01,0.0034083620386933244,2023
2023-11-02,0.01358685724830666,2023
2023-11-03,0.004021464941104558,2023
2023-11-06,0.0033377365817899296,2023
2023-11-07,0.003326724897960709,2023
2023-11-08,-0.001989398409285914,2023
2023-11-09,0.0006645157477771502,2023
2023-11-10,0.007304086589523084,2023
2023-11-13,0.0006592591737508702,2023
2023-11-14,0.021080305597349636,2023
2023-11-15,0.000645223332407241,2023
2023-11-16,-0.0038684881176054287,2023
2023-11-17,0.005177955748996377,2023
2023-11-20,0.00837090087336878,2023
2023-11-21,-0.0012770859055114547,2023
2023-11-22,0.00767257812625366,2023
2023-11-24,0.002538052634954324,2023
2023-11-27,-0.003164512222133209,2023
2023-11-28,-0.003809539818200758,2023
2023-11-29,-0.004461429933728889,2023
2023-11-30,0.011676012308157402,2023
2023-12-01,0.010752712566546752,2023
2023-12-04,-0.0021277506791069767,2023
2023-12-05,-0.0021322011425435328,2023
2023-12-06,-0.006410184717738909,2023
2023-12-07,0.006451540282664592,2023
2023-12-08,0.006410271415667079,2023
2023-12-11,0.007784901740909955,2023
2023-12-12,0.00842690002092561,2023
2023-12-13,0.012534848338049187,2023
2023-12-14,0.0027510101031664735,2023
2023-12-15,-0.004115152470443917,2023
2023-12-18,0.0027547992281096167,2023
2023-12-19,0.0054945459172421884,2023
2023-12-20,-0.01571044549692735,2023
2023-12-21,0.013879226251678034,2023
2023-12-22,0.004106785761121001,2023
2023-12-26,0.004089989052317611,2023
2023-12-27,0.0,2023
2023-12-28,0.0013578039390940155,2023
2023-12-29,-0.0033898657562985157,2023
2023-12-30,0.0,2023
2023-12-31,0.0,2023
2024-01-02,0.0,2024
2024-01-03,-0.010921498814002284,2024
2024-01-04,0.0020703980706975322,2024
2024-01-05,-0.001377441529992085,2024
2024-01-08,0.017931103609188703,2024
2024-01-09,-0.00271008811373763,2024
2024-01-10,0.004755418097976749,2024
2024-01-11,0.004732911126748451,2024
2024-01-12,-0.002691768983131282,2024
2024-01-16,-0.002024296153393834,2024
2024-01-17,-0.00473291112674834,2024
2024-01-18,0.012228206152960386,2024
2024-01-19,0.0,2024
2024-01-22,0.01140944992401649,2024
2024-01-23,-0.0026543399492054975,2024
2024-01-24,-0.0006652295742570757,2024
2024-01-25,-0.005326270646967335,2024
2024-01-26,0.0033466735323064434,2024
2024-01-29,0.008005355526329527,2024
2024-01-30,-0.0006617880441525115,2024
2024-01-31,-0.01788075492991803,2024
2024-02-01,0.01146322116678955,2024
2024-02-02,0.012000027266149793,2024
2024-02-05,-0.007905156088824139,2024
2024-02-06,0.00464805794638723,2024
2024-02-07,0.011896920707549663,2024
2024-02-08,0.01306333370621715,2024
2024-02-09,0.0038684022771078297,2024
2024-02-12,-0.0025690229972941125,2024
2024-02-13,-0.018029557507405092,2024
2024-02-14,0.015081868289970934,2024
2024-02-15,0.014211972252613947,2024
2024-02-16,-0.009554161855859666,2024
2024-02-20,-0.004501670239582367,2024
2024-02-21,-0.005813888570425196,2024
2024-02-22,0.014944750880876656,2024
2024-02-23,0.003201057704214305,2024
2024-02-26,-0.0019144906418647745,2024
2024-02-27,-0.003196964187650253,2024
2024-02-28,-0.007055847372766766,2024
2024-02-29,0.0019380677008165037,2024
2024-03-01,0.007092162402419833,2024
2024-03-04,-0.001920619036883453,2024
2024-03-05,-0.016677343858272464,2024
2024-03-06,0.011741710011777817,2024
2024-03-07,0.010960643160432326,2024
2024-03-08,-0.005102000813096974,2024
2024-03-11,0.0006410010821720213,2024
2024-03-12,0.0070468070054940934,2024
2024-03-13,-0.003816879896395342,2024
2024-03-14,-0.0025542584628807097,2024
2024-03-15,-0.007682476147534034,2024
2024-03-18,0.007096816904573977,2024
2024-03-19,0.004484289197235203,2024
2024-03-20,0.006377539831386114,2024
2024-03-21,0.006337201705121753,2024
2024-03-22,-0.001259474226424806,2024
2024-03-25,-0.0037831107574518574,2024
2024-03-26,0.0025316256756349187,2024
2024-03-27,0.00568183128054911,2024
2024-03-28,-0.0012555211295243174,2024
2024-04-01,0.0012570994444387473,2024
2024-04-02,-0.01757691375469206,2024
2024-04-03,0.007028718359469943,2024
2024-04-04,-0.012055840062839218,2024
2024-04-05,0.014772058136018673,2024
2024-04-08,-0.003164589874868562,2024
2024-04-09,0.0031746362967497443,2024
2024-04-10,-0.011392431101007183,2024
2024-04-11,0.001920619036883453,2024
2024-04-12,-0.02108631063609323,2024
2024-04-15,-0.01697118695335975,2024
2024-04-16,0.0,2024
2024-04-17,-0.003320006750583415,2024
2024-04-18,-0.0033312281022720436,2024
2024-04-19,-0.002005270904816947,2024
2024-04-22,0.004688529949741005,2024
2024-04-23,0.012000027266149793,2024
2024-04-24,0.0006586560913901529,2024
2024-04-25,-0.002633290867534721,2024
2024-04-26,0.005280486792716976,2024
2024-04-29,0.000656653657475248,2024
2024-04-30,-0.013123336729727986,2024
2024-05-01,-0.006648924439169757,2024
2024-05-02,0.006024028653182967,2024
2024-05-03,0.010645373921138068,2024
2024-05-06,0.010533323738595168,2024
2024-05-07,0.007166087202831184,2024
2024-05-08,0.002587301852250201,2024
2024-05-09,0.004516113376615172,2024
2024-05-10,0.008349461553543991,2024
2024-05-13,-0.0012739140911598446,2024
2024-05-14,0.004464270118967217,2024
2024-05-15,0.014603156938029827,2024
2024-05-16,-0.003754702137526378,2024
2024-05-17,-0.0006281166897830204,2024
2024-05-20,0.0018856109127647347,2024
2024-05-21,-0.0012547335052486286,2024
2024-05-22,0.0012563098392970318,2024
2024-05-23,-0.009410234016084207,2024
2024-05-24,-0.004433169888764854,2024
2024-05-28,-0.00763360492780385,2024
2024-05-29,-0.008974405291056198,2024
2024-05-30,-0.01487716280357354,2024
2024-05-31,0.01378860787426528,2024
2024-06-03,0.0019430885624085459,2024
2024-06-04,-0.0032320955737829005,2024
2024-06-05,0.012970145677914102,2024
2024-06-06,0.0006402582977780291,2024
2024-06-07,-0.003199009511829609,2024
2024-06-10,0.00449292392022782,2024
2024-06-11,0.0012779841466499242,2024
2024-06-12,0.008934315555224837,2024
2024-06-13,0.0025299472691544533,2024
2024-06-14,-0.0018927488886839594,2024
2024-06-17,0.00821751674492166,2024
2024-06-18,-0.0018809583172402222,2024
2024-06-20,0.003140812828107853,2024
2024-06-21,0.0025046002784481214,2024
2024-06-24,-0.002498342928054842,2024
2024-06-25,-0.003130979009071555,2024
2024-06-26,-0.003140659908645871,2024
2024-06-27,0.00945181758996827,2024
2024-06-28,0.0012484676239543635,2024
2024-07-01,-0.004364074304688326,2024
2024-07-02,0.003756976638009446,2024
2024-07-03,0.0037429905303676403,2024
2024-07-05,0.001864516397962479,2024
2024-07-08,0.0,2024
2024-07-09,-0.004962740182859138,2024
2024-07-10,0.006857820209123844,2024
2024-07-11,0.0018575893862198267,2024
2024-07-12,0.008652627193371565,2024
2024-07-15,0.0,2024
2024-07-16,0.01715687755255635,2024
2024-07-17,-0.017469870771763207,2024
2024-07-18,-0.012875565948896273,2024
2024-07-19,-0.0055900750726411985,2024
2024-07-22,0.011242999355722594,2024
2024-07-23,0.0006177167726493238,2024
2024-07-24,-0.014197512775372068,2024
2024-07-25,0.008140179565967909,2024
2024-07-26,0.011801320001064486,2024
2024-07-29,0.0006137752874073588,2024
2024-07-30,0.001840495104085793,2024
2024-07-31,0.005511341714814488,2024
2024-08-01,-0.010962192500770573,2024
2024-08-02,-0.025246312849417474,2024
2024-08-05,-0.02779533747543128,2024
2024-08-06,0.006497714335474969,2024
2024-08-07,0.0025822909268475858,2024
2024-08-08,0.013522246510392355,2024
2024-08-09,0.004447329865929772,2024
2024-08-12,-0.0006325638089887953,2024
2024-08-13,0.01835442096911155,2024
2024-08-14,0.0,2024
2024-08-15,0.02050960472570096,2024
2024-08-16,0.003045098775007027,2024
2024-08-19,0.0036429955959900173,2024
2024-08-20,0.0,2024
2024-08-21,0.006654533551940567,2024
2024-08-22,-0.00661054346863188,2024
2024-08-23,0.012704129591385449,2024
2024-08-26,-0.0023893948679346577,2024
2024-08-27,0.0005987065489487797,2024
2024-08-28,-0.004189093801697186,2024
2024-08-29,0.004206716130163546,2024
2024-08-30,0.00658292412689887,2024
2024-09-03,-0.018430458066085342,2024
2024-09-04,-0.004239839852356542,2024
2024-09-05,-0.003649643413430992,2024
2024-09-06,-0.01831498619459404,2024
2024-09-09,0.0006218667265798228,2024
2024-09-10,0.004350513044617088,2024
2024-09-11,0.010519776064202624,2024
2024-09-12,0.007960802074717721,2024
2024-09-13,0.009720606693763845,2024
2024-09-16,0.0036101164997162094,2024
2024-09-17,-0.007194260879528014,2024
2024-09-18,-0.0006039151134682452,2024
2024-09-19,0.01691844389061914,2024
2024-09-20,0.0,2024
2024-09-23,0.0,2024
2024-09-24,0.004753379302483873,2024
2024-09-25,-0.00354813269358345,2024
2024-09-26,0.002967389918445029,2024
2024-09-27,-0.0005917653290340441,2024
2024-09-30,0.002368318753132259,2024
2024-10-01,-0.015357412373185664,2024
2024-10-02,0.0,2024
2024-10-03,-0.004199145537738813,2024
2024-10-04,0.007831318851906133,2024
2024-10-07,-0.009563655881260957,2024
2024-10-08,0.01025947977106223,2024
2024-10-09,0.008363172895332838,2024
2024-10-10,-0.0017771832600802506,2024
2024-10-11,0.009495618843146314,2024
2024-10-14,0.007642413178352125,2024
2024-10-15,-0.016335928973468472,2024
2024-10-16,0.01067618047795893,2024
2024-10-17,-0.005281773271136991,2024
2024-10-18,-0.0029498114105622752,2024
2024-10-21,-0.007692301043757066,2024
2024-10-22,-0.005366738372701962,2024
2024-10-23,-0.010191893904647475,2024
2024-10-24,0.01090250852951935,2024
2024-10-25,0.0,2024
2024-10-28,-0.0017974876306945387,2024
2024-10-29,0.009603839168408124,2024
2024-10-30,-0.006539872641500244,2024
2024-10-31,-0.022142384171086493,2024
2024-11-01,0.010403890873420307,2024
2024-11-04,0.0,2024
2024-11-05,0.009691094117116217,2024
2024-11-06,0.02219566089024627,2024
2024-11-07,0.02053976109689204,2024
2024-11-08,0.0005750911476771758,2024
2024-11-11,0.008620709556521389,2024
2024-11-12,-0.007977249355088811,2024
2024-11-13,-0.005743815468540525,2024
2024-11-14,-0.016753313776408763,2024
2024-11-15,-0.021151563762183523,2024
2024-11-18,-0.001800724410548793,2024
2024-11-19,0.0006012998910560619,2024
2024-11-20,0.01201928299509225,2024
2024-11-21,0.013064066228200444,2024
2024-11-22,0.0017585035125120552,2024
2024-11-25,0.007606781551986019,2024
2024-11-26,0.003484399372832181,2024
2024-11-27,-0.01273155714147245,2024
2024-11-29,0.0036507177927933565,2024
2024-12-02,0.011097436375750336,2024
2024-12-03,0.004268279049517876,2024
2024-12-04,0.012750554843768525,2024
2024-12-05,-0.008393257852174374,2024
2024-12-06,0.002418292014338075,2024
2024-12-09,-0.00422194057096692,2024
2024-12-10,-0.006056925588018958,2024
2024-12-11,0.005484473026892145,2024
2024-12-12,-0.006060666203658305,2024
2024-12-13,0.0006098043718325563,2024
2024-12-16,0.001828157675630715,2024
2024-12-17,-0.010948929683942565,2024
2024-12-18,-0.0264452299105139,2024
2024-12-19,0.0012634509817803785,2024
2024-12-20,0.009463670531219437,2024
2024-12-23,0.008749971713142957,2024
2024-12-24,0.006195777215217468,2024
2024-12-26,-0.0012315535886988638,2024
2024-12-27,-0.009247792555528433,2024
2024-12-30,-0.00995643927761014,2024
2024-12-31,0.0,2024
2025-01-02,0.0,2025
2025-01-03,0.014520186256842482,2025
2025-01-06,0.01120102109524912,2025
2025-01-07,-0.00861535666818758,2025
2025-01-08,0.0,2025
2025-01-10,-0.00931100762445447,2025
2025-01-13,-0.003759406916242325,2025
2025-01-14,0.004402501446988838,2025
2025-01-15,0.015028139629168491,2025
2025-01-16,0.0030845465370874514,2025
2025-01-17,0.004305029181241649,2025
2025-01-21,0.017758790353376686,2025
2025-01-22,0.01083021019488406,2025
2025-01-23,0.006547657206300794,2025
2025-01-24,-0.0017741022396224881,2025
2025-01-27,-0.01954973968268714,2025
2025-01-28,0.018126929474281406,2025
2025-01-29,-0.00830871515883047,2025
2025-01-30,0.008378328302200533,2025
2025-01-31,0.0017803509774172444,2025
2025-02-03,-0.007701348431042976,2025
2025-02-04,0.007164195051041045,2025
2025-02-05,0.008891474713185632,2025
2025-02-06,-0.00940063595008167,2025
2025-02-07,-0.0029656967311610938,2025
2025-02-10,0.00654376180147298,2025
2025-02-11,-0.008865200014584018,2025
2025-02-12,-0.008944563508945014,2025
2025-02-13,0.004813511550998406,2025
2025-02-14,-0.0017964801610742542,2025
2025-02-18,0.004199146599162207,2025
2025-02-19,-0.008363175000463241,2025
2025-02-20,-0.013855406496827816,2025
2025-02-21,-0.031765401493233036,2025
2025-02-24,-0.008832851313051227,2025
2025-02-25,-0.0025461302145702858,2025
2025-02-26,0.002552629541773266,2025
2025-02-27,-0.0210057027180669,2025
2025-02-28,0.006501865082063629,2025
2025-03-03,-0.021317804194509238,2025
2025-03-04,-0.0006600421431428583,2025
2025-03-05,0.013210018703136983,2025
2025-03-06,-0.025423711613837385,2025
2025-03-07,0.0,2025
2025-03-10,-0.03478258455058114,2025
2025-03-11,0.003464957944803171,2025
2025-03-12,0.0041436558680820745,2025
2025-03-13,-0.023383795639239646,2025
2025-03-14,0.023943689992882433,2025
2025-03-17,0.012379670509893081,2025
2025-03-18,-0.007472868979760183,2025
2025-03-19,0.009582525995935454,2025
2025-03-20,-0.006101708589414834,2025
2025-03-21,-0.0027284928940729536,2025
2025-03-24,0.01983583305932224,2025
2025-03-25,0.0033534100207108786,2025
2025-03-26,-0.01336896314189362,2025
2025-03-27,-0.02100273156913468,2025
2025-03-28,-0.021453229874524915,2025
2025-03-31,-0.001414457492555421,2025
2025-04-01,0.0049574910616776435,2025
2025-04-02,0.007047205297117776,2025
2025-04-03,-0.05318405879056898,2025
2025-04-04,-0.052475958014733703,2025
2025-04-07,0.004680197871793412,2025
2025-04-08,-0.013975186975041964,2025
2025-04-09,0.09763780800117083,2025
2025-04-10,-0.040172120499238795,2025
2025-04-11,0.00971598706465504,2025
2025-04-14,0.007401912686398449,2025
2025-04-15,0.0007347272761315526,2025
2025-04-16,-0.018355373502405348,2025
2025-04-17,-0.0029917507576402436,2025
2025-04-21,-0.031507862238298046,2025
2025-04-22,0.02478698337265861,2025
2025-04-23,0.03401359536272852,2025
2025-04-24,0.02850875252081453,2025
2025-04-25,0.012793206328991058,2025
2025-04-28,0.001403538924880321,2025
2025-04-29,0.009109933648970392,2025
2025-04-30,0.0034722569774452428,2025
2025-05-01,0.011764759394590873,2025
2025-05-02,0.019151784422068108,2025
2025-05-05,0.0,2025
2025-05-06,-0.006040204935137683,2025
2025-05-07,0.0,2025
2025-05-08,0.012153899301735382,2025
2025-05-09,-0.00400260065579483,2025
2025-05-12,0.040857321707646,2025
2025-05-13,0.009652456937772058,2025
2025-05-14,-0.0012746511686017037,2025
2025-05-15,0.003190768530682009,2025
2025-05-16,-0.001272291974760753,2025
2025-05-19,-0.0019107589773208478,2025
2025-05-20,-0.0012763515639556688,2025
2025-05-21,-0.017891389667872626,2025
2025-05-22,0.013663010923416596,2025
2025-05-23,-0.01219512465894701,2025
2025-05-27,0.021442468399096137,2025
2025-05-28,-0.007633531792298864,2025
2025-05-29,-0.005128241138725453,2025
2025-05-30,-0.0025773749276623015,2025
2025-06-02,0.0012920174772832471,2025
2025-06-03,0.01419355597040517,2025
2025-06-04,0.004452911883529698,2025
2025-06-05,0.0006333623566601165,2025
2025-06-06,0.015822722915117104,2025
2025-06-09,0.0024922654635588515,2025
2025-06-10,0.003107479399986568,2025
2025-06-11,-0.005576220926685305,2025
2025-06-12,0.0018691631757108418,2025
2025-06-13,-0.018034819448866535,2025
2025-06-16,0.01836604780501938,2025
2025-06-17,-0.008706439833977342,2025
2025-06-18,-0.003764123964782762,2025
2025-06-20,-0.00881609255662763,2025
2025-06-23,0.012706460012152254,2025
2025-06-24,0.0,2025
2025-06-25,0.023212001329893095,2025
2025-06-26,0.009809931646430625,2025
2025-06-27,0.0030359230709990914,2025
2025-06-30,0.0054479539303744495,2025
2025-07-01,-0.0018062142712448326,2025
2025-07-02,0.0,2025
2025-07-03,0.006634537652093098,2025
2025-07-07,-0.011384064713696684,2025
2025-07-08,0.0036363018838494465,2025
2025-07-09,0.0036232663626145634,2025
2025-07-10,-0.009025360175603403,2025
2025-07-11,-0.009107419153836949,2025
2025-07-14,0.003063755968961468,2025
2025-07-15,-0.01343929501884189,2025
2025-07-16,0.0018576608267468764,2025
2025-07-17,0.00741650895351742,2025
2025-07-18,-0.0018404242653318192,2025
2025-07-21,0.0006146058907054996,2025
2025-07-22,-0.0030712835694545193,2025
2025-07-23,0.012322910601758386,2025
2025-07-24,-0.00608648758208874,2025
2025-07-25,0.0012247660763875512,2025
2025-07-28,0.005504599578834757,2025
2025-07-29,-0.0036497133675670312,2025
2025-07-30,0.014652119086402404,2025
2025-07-31,-0.004211848624604886,2025
2025-08-01,-0.019939622421709546,2025
2025-08-04,0.015413082380454135,2025
2025-08-05,-0.009107419153836949,2025
2025-08-06,0.014093122015519377,2025
2025-08-07,0.001208485189420072,2025
2025-08-08,0.004224488421174621,2025
2025-08-11,-0.010216392379318262,2025
2025-08-12,0.020643618771572392,2025
2025-08-13,0.008328417874986727,2025
2025-08-14,-0.007669679089976178,2025
2025-08-15,-0.004756207842539606,2025
2025-08-18,0.0035841686554796137,2025
2025-08-19,-0.002976083027225518,2025
2025-08-20,-0.0035820975255205223,2025
2025-08-21,-0.004793254043155226,2025
2025-08-22,0.021673599350879202,2025
2025-08-25,-0.0017677616696324394,2025
2025-08-26,-0.0011806628593210577,2025
2025-08-27,0.004728097587803459,2025
2025-08-28,0.00823526770419436,2025
2025-08-29,-0.0029171147467311753,2025
2025-09-02,-0.004681065710616772,2025
2025-09-03,0.008818294089470768,2025
2025-09-04,0.007575819681770124,2025
2025-09-05,0.013302472097807438,2025
2025-09-08,0.0017122667829589933,2025
2025-09-09,-0.0005697142755771711,2025
2025-09-10,0.002280484844134012,2025
2025-09-11,0.007963503435146846,2025
2025-09-12,-0.014108298125003915,2025
2025-09-15,0.01144817884942917,2025
2025-09-16,-0.0011318862504240412,2025
2025-09-17,0.0005666170999201192,2025
2025-09-18,0.01868627371859244,2025
2025-09-19,0.001111752645195807,2025
2025-09-22,0.011104924137437466,2025
2025-09-23,-0.0010982579276219706,2025
2025-09-24,-0.0054975172962633545,2025
2025-09-25,-0.004422363894020842,2025
2025-09-26,0.0072182070918596075,2025
2025-09-29,0.0,2025
2025-09-30,0.0016538074981293782,2025
2025-10-01,0.008805722497990498,2025
2025-10-02,0.004364397841995382,2025
2025-10-03,-0.003259043166773057,2025
2025-10-06,0.010899102257577287,2025
2025-10-07,-0.021024183228082638,2025
2025-10-08,0.018722424303073026,2025
2025-10-09,-0.006486501310788317,2025
2025-10-10,-0.03645266614603826,2025
2025-10-13,0.021456875131155684,2025
2025-10-14,-0.008291892462469974,2025
2025-10-15,0.011705647677089148,2025
2025-10-16,0.0005510078017190168,2025
2025-10-17,0.0005506408629112336,2025
2025-10-20,0.013758953302134724,2025
2025-10-21,0.00488600449644383,2025
2025-10-22,-0.005942767750199973,2025
2025-10-23,0.014130425178026318,2025
2025-10-24,0.005894996563270638,2025
2025-10-27,0.013851942995465105,2025
2025-10-28,-0.0042039180499259254,2025
2025-10-29,0.016886540645678405,2025
2025-10-30,-0.007784077945138468,2025
2025-10-31,-0.002092094998843552,2025
2025-11-03,0.0015723305598824844,2025
2025-11-04,-0.024071200555705996,2025
2025-11-05,0.008042851847718469,2025
2025-11-06,-0.014361612637527221,2025
2025-11-07,-0.0026984159975128597,2025
2025-11-10,0.012445874581589633,2025
2025-11-11,-0.009085968616344031,2025
2025-11-12,-0.0010787717985604184,2025
2025-11-13,-0.02051836343967184,2025
2025-11-14,-0.001102495954474203,2025
2025-11-17,-0.014348775406346603,2025
2025-11-18,-0.007278894563041982,2025
2025-11-19,0.005640149084170876,2025
2025-11-20,-0.024677523090190667,2025
2025-11-21,0.017251333502153354,2025
2025-11-24,0.019219919950841158,2025
2025-11-25,0.017193583446393657,2025
2025-11-26,0.007633499955737255,2025
2025-11-28,0.012169643467184077,2025
2025-12-01,-0.009049795792255844,2025
2025-12-02,0.010437041631336852,2025
2025-12-03,0.006455802643469566,2025
2025-12-04,0.005131489603787731,2025
2025-12-05,0.01148693709632398,2025
2025-12-08,-0.0012618585036158203,2025
2025-12-09,0.0,2025
2025-12-10,0.008212262480572496,2025
2025-12-11,-0.001253161511019285,2025
2025-12-12,-0.02321203860095611,2025
2025-12-15,-0.009633887056538337,2025
2025-12-16,-0.002594031235740535,2025
2025-12-17,-0.016254876341988078,2025
2025-12-18,0.01255780429254294,2025
2025-12-19,0.0143603310320648,2025
2025-12-22,0.0025740001255609712,2025
2025-12-23,0.0,2025
2025-12-24,0.0012837264352767441,2025
2025-12-26,0.0038461195176413554,2025
2025-12-29,-0.003192860231293393,2025
2025-12-30,-0.0025624575741689526,2025
2025-12-31,0.0,2025
2026-01-01,0.0,2025
2026-01-02,0.0,2025
