Date,Daily_Return,Year
1999-01-04,0.0,1999
1999-01-05,0.012370064288463878,1999
1999-01-06,0.026366309171170332,1999
1999-01-07,-0.0006267085798224992,1999
1999-01-08,0.00564303820551193,1999
1999-01-11,0.0012467920121179699,1999
1999-01-12,-0.012453513276939998,1999
1999-01-13,-0.005674367672139802,1999
1999-01-14,-0.0038046686940679253,1999
1999-01-15,0.02164202451118924,1999
1999-01-19,0.014953367391670414,1999
1999-01-20,0.006752669708565362,1999
1999-01-21,-0.020731721048049323,1999
1999-01-22,-0.015566611920712847,1999
1999-01-25,0.005060036200386309,1999
1999-01-26,0.011957341816543732,1999
1999-01-27,-0.00248756728458277,1999
1999-01-28,0.017456208266288353,1999
1999-01-29,0.01041682721158721,1999
1999-02-01,-0.002425838567364891,1999
1999-02-02,0.0,1999
1999-02-03,-0.01762935409477495,1999
1999-02-04,-0.01608905402519123,1999
1999-02-05,-0.026414997925896744,1999
1999-02-08,0.009689863125202702,1999
1999-02-09,-0.028150927332440956,1999
1999-02-10,-0.007241605714327748,1999
1999-02-11,0.0444297887206202,1999
1999-02-12,-0.013968315088350725,1999
1999-02-16,-0.005795070854102247,1999
1999-02-17,-0.020077744281937204,1999
1999-02-18,0.006609167838848906,1999
1999-02-19,0.009192502393088997,1999
1999-02-22,0.022121094481084347,1999
1999-02-23,0.009547744568034977,1999
1999-02-24,-0.0037828908034764908,1999
1999-02-25,-0.013924112126459831,1999
1999-02-26,-0.020539198156366734,1999
1999-03-01,-0.0032764983113537927,1999
1999-03-02,-0.005917058027750111,1999
1999-03-03,-0.007275263167831558,1999
1999-03-04,0.005996032746136359,1999
1999-03-05,0.02052976415889729,1999
1999-03-08,0.02141473019476381,1999
1999-03-09,0.003811984137965796,1999
1999-03-10,0.005696167386763262,1999
1999-03-11,-0.0031465928598541915,1999
1999-03-12,-0.012626037624232311,1999
1999-03-15,0.00831186087185154,1999
1999-03-16,0.012682271175558535,1999
1999-03-17,0.0062615977214872665,1999
1999-03-18,-0.009334230636527274,1999
1999-03-19,-0.0075375178379833985,1999
1999-03-22,-0.005063554705867057,1999
1999-03-23,-0.026080995784166783,1999
1999-03-24,0.0032654708920119013,1999
1999-03-25,0.03190113254059912,1999
1999-03-26,0.0031545340042367087,1999
1999-03-29,0.03270454022705649,1999
1999-03-30,-0.0012179990312904954,1999
1999-03-31,-0.0006097117502190663,1999
1999-04-01,0.01037215411745307,1999
1999-04-05,-0.003019284835798164,1999
1999-04-06,-0.0012113593184225335,1999
1999-04-07,-0.00849016260327462,1999
1999-04-08,0.006727767325046319,1999
1999-04-09,0.009113128057571362,1999
1999-04-12,-0.013847154888965374,1999
1999-04-13,-0.0024419469374692415,1999
1999-04-14,-0.0006121338726577941,1999
1999-04-15,-0.0018370985724773803,1999
1999-04-16,0.0024541158352227033,1999
1999-04-19,-0.023255956011880352,1999
1999-04-20,-0.006265709928674923,1999
1999-04-21,0.026482060705991906,1999
1999-04-22,0.017198929376256666,1999
1999-04-23,0.012077079069604757,1999
1999-04-26,0.012529876926181016,1999
1999-04-27,-0.0005893500562882403,1999
1999-04-28,-0.01120260643982729,1999
1999-04-29,-0.008348586023266602,1999
1999-04-30,-0.000600859244925589,1999
1999-05-03,0.001203101603500789,1999
1999-05-04,0.004206965297320009,1999
1999-05-05,-0.0023940797418503523,1999
1999-05-06,-0.0041987958123052005,1999
1999-05-07,0.007228629364806505,1999
1999-05-10,0.004784699849182061,1999
1999-05-11,0.009523712200401935,1999
1999-05-12,0.005306572126724918,1999
1999-05-13,0.008797835935147269,1999
1999-05-14,-0.011627990649140107,1999
1999-05-17,-0.004705775701456916,1999
1999-05-18,0.01654844048569082,1999
1999-05-19,0.013953403080231297,1999
1999-05-20,-0.002293526000048063,1999
1999-05-21,0.0028735839880553726,1999
1999-05-24,-0.018911059402791808,1999
1999-05-25,-0.015770929959216584,1999
1999-05-26,0.005934641111366545,1999
1999-05-27,0.0023598280176844177,1999
1999-05-28,0.007062934515815522,1999
1999-06-01,-0.0075978103894728255,1999
1999-06-02,0.0076559790667678485,1999
1999-06-03,-0.003506933012189184,1999
1999-06-04,0.02346058360625336,1999
1999-06-07,0.02005733674699761,1999
1999-06-08,-0.0005616447758288734,1999
1999-06-09,0.014614673360518582,1999
1999-06-10,0.0011080634481621665,1999
1999-06-11,0.0,1999
1999-06-14,-0.008301001334523495,1999
1999-06-15,0.003906411875973292,1999
1999-06-16,0.025013740246588645,1999
1999-06-17,0.008134548887674287,1999
1999-06-18,0.006993035528512159,1999
1999-06-21,0.016559691091364126,1999
1999-06-22,-0.008407586465241867,1999
1999-06-23,-0.001589920986354021,1999
1999-06-24,-0.014861975056905119,1999
1999-06-25,0.0005387539285262033,1999
1999-06-28,0.011847279231173902,1999
1999-06-29,0.014901413499377458,1999
1999-06-30,0.009438536613859405,1999
1999-07-01,0.016623625184758017,1999
1999-07-02,0.0158407479095104,1999
1999-07-06,0.01006033267470774,1999
1999-07-07,-0.011952216187928522,1999
1999-07-08,0.006048349567880917,1999
1999-07-09,0.006012086982186027,1999
1999-07-12,0.011454244460872287,1999
1999-07-13,-0.005908677199376489,1999
1999-07-14,0.018325958173425638,1999
1999-07-15,0.01459164218916098,1999
1999-07-16,0.007670102066742679,1999
1999-07-19,-0.0019030010777151274,1999
1999-07-20,-0.024785516086840653,1999
1999-07-21,0.0004888205949384883,1999
1999-07-22,-0.020029414377703336,1999
1999-07-23,-0.00648038608452528,1999
1999-07-26,-0.017561488447527918,1999
1999-07-27,0.020939637467558114,1999
1999-07-28,0.013506570336155876,1999
1999-07-29,-0.011845931163458001,1999
1999-07-30,0.011987939469201736,1999
1999-08-02,0.0,1999
1999-08-03,-0.003455030411953164,1999
1999-08-04,-0.017335144041791928,1999
1999-08-05,-0.009576821797160351,1999
1999-08-06,-0.005088892566480374,1999
1999-08-09,0.0015346195110599314,1999
1999-08-10,-0.008682410553635167,1999
1999-08-11,0.023183885594583398,1999
1999-08-12,0.002517641432254303,1999
1999-08-13,0.017578931030624245,1999
1999-08-16,0.007403706977161306,1999
1999-08-17,0.0068597657889049035,1999
1999-08-18,-0.004379728673642447,1999
1999-08-19,-0.0117302307438103,1999
1999-08-20,0.004451208784655991,1999
1999-08-23,0.0068930471927517445,1999
1999-08-24,0.009290961182723878,1999
1999-08-25,0.013565678543131732,1999
1999-08-26,-0.007170129207369591,1999
1999-08-27,-0.003851621921701187,1999
1999-08-30,-0.0053164812462382915,1999
1999-08-31,0.004372956693741381,1999
1999-09-01,0.017416634586764124,1999
1999-09-02,-0.004279669495795391,1999
1999-09-03,0.0267432326110979,1999
1999-09-07,0.004186206428462791,1999
1999-09-08,-0.0009265646862999244,1999
1999-09-09,0.01483526724822637,1999
1999-09-10,0.012334599365135812,1999
1999-09-13,-0.0031587952923185503,1999
1999-09-14,0.010864577216450844,1999
1999-09-15,-0.008956446100496063,1999
1999-09-16,-0.015815566037906015,1999
1999-09-17,0.017906039532750384,1999
1999-09-20,0.004961750025369804,1999
1999-09-21,-0.016157979898149488,1999
1999-09-22,-0.0027372094925143253,1999
1999-09-23,-0.02104284108353338,1999
1999-09-24,-0.006542325724313902,1999
1999-09-27,0.007996407855956011,1999
1999-09-28,0.004666388699168023,1999
1999-09-29,-0.006038017787771799,1999
1999-09-30,0.0018689294192064665,1999
1999-10-01,0.007462889461862243,1999
1999-10-04,0.013888801603811007,1999
1999-10-05,0.006392775977192677,1999
1999-10-06,0.011342911280505463,1999
1999-10-07,-0.004486527833515552,1999
1999-10-08,-0.005858339907322763,1999
1999-10-11,0.0,1999
1999-10-12,0.014052648634375275,1999
1999-10-13,-0.021904349368745968,1999
1999-10-14,0.002285117023519634,1999
1999-10-15,-0.013679807128191723,1999
1999-10-18,-0.0332871722908229,1999
1999-10-19,0.01147769170697055,1999
1999-10-20,0.023167866059627062,1999
1999-10-21,-0.0027726264574946535,1999
1999-10-22,0.020389341295684815,1999
1999-10-25,0.003632887362632342,1999
1999-10-26,0.005429922047337055,1999
1999-10-27,-0.010351002434145329,1999
1999-10-28,0.02091889577236472,1999
1999-10-29,0.039198205588196755,1999
1999-11-01,0.009858345906582633,1999
1999-11-02,0.010611111854860633,1999
1999-11-03,0.013859638752961256,1999
1999-11-04,0.014913166338132555,1999
1999-11-05,0.015102002437557438,1999
1999-11-08,0.0,1999
1999-11-09,0.015279547237951219,1999
1999-11-10,0.020594221752606723,1999
1999-11-11,0.017461899458166563,1999
1999-11-12,0.0019070311648239358,1999
1999-11-15,0.006471321316757317,1999
1999-11-16,0.01475013514778678,1999
1999-11-17,0.004845194113565432,1999
1999-11-18,0.01632077381508612,1999
1999-11-19,0.012663218040257052,1999
1999-11-22,0.004748742559877561,1999
1999-11-23,-0.011027910688888864,1999
1999-11-24,0.009557857154028016,1999
1999-11-26,0.018145982578801068,1999
1999-11-29,-0.001162118241903487,1999
1999-11-30,-0.010085548708349101,1999
1999-12-01,0.0027429691246243504,1999
1999-12-02,0.02618219397389021,1999
1999-12-03,0.02170574665247016,1999
1999-12-06,0.018263154795515435,1999
1999-12-07,0.005124493529865992,1999
1999-12-08,0.011289222256385179,1999
1999-12-09,-0.002160716197155188,1999
1999-12-10,0.004330724392337615,1999
1999-12-13,0.0025152264553063297,1999
1999-12-14,-0.0265230772438807,1999
1999-12-15,-0.0003684305121244291,1999
1999-12-16,0.02246794648369055,1999
1999-12-17,0.003962652072978745,1999
1999-12-20,0.013634495885828102,1999
1999-12-21,0.016637101553140132,1999
1999-12-22,0.013231288449697232,1999
1999-12-23,0.001030793414792619,1999
1999-12-27,0.00858230640988955,1999
1999-12-28,0.0068074341247441605,1999
1999-12-29,0.017917490056629015,1999
1999-12-30,-0.002324888284118476,1999
1999-12-31,0.0,1999
2000-01-03,0.0,2000
2000-01-04,-0.04201968710507642,2000
2000-01-05,-0.03536212862161381,2000
2000-01-06,-0.03842075164047909,2000
2000-01-07,0.017228535356901276,2000
2000-01-10,0.04360358063186154,2000
2000-01-11,0.0024174610142977393,2000
2000-01-12,-0.0034450976623500162,2000
2000-01-13,0.019702993984580974,2000
2000-01-14,0.029152478905479118,2000
2000-01-18,0.012845732106964602,2000
2000-01-19,-0.003577223120837414,2000
2000-01-20,0.01599247714406804,2000
2000-01-21,-0.006746133115236863,2000
2000-01-24,0.0,2000
2000-01-25,-0.000323157517063688,2000
2000-01-26,-0.0055001591018304374,2000
2000-01-27,-0.012687115075320388,2000
2000-01-28,-0.0214164513454268,2000
2000-01-31,-0.004377349047446466,2000
2000-02-01,0.028068937794726967,2000
2000-02-02,0.026973778441872875,2000
2000-02-03,0.03555421385194846,2000
2000-02-04,0.01360971215800122,2000
2000-02-07,0.010680308642112335,2000
2000-02-08,0.01811588673824338,2000
2000-02-09,0.001482911898944561,2000
2000-02-10,0.021616711160650226,2000
2000-02-11,-0.006376894321249438,2000
2000-02-14,-0.005542310835270237,2000
2000-02-15,-0.008213618505013898,2000
2000-02-16,0.003253248220473237,2000
2000-02-17,0.010023745131797712,2000
2000-02-18,-0.01955624386220689,2000
2000-02-22,-0.002977085147644609,2000
2000-02-23,0.0158254919198344,2000
2000-02-24,0.01616690280363131,2000
2000-02-25,0.009256882945642753,2000
2000-02-28,-0.001146796998276578,2000
2000-02-29,0.024677452994793514,2000
2000-03-01,0.027723324945809535,2000
2000-03-02,-0.0038149428253958506,2000
2000-03-03,0.03282285896148074,2000
2000-03-06,0.006355777967714804,2000
2000-03-07,-0.003157675059352383,2000
2000-03-08,-0.003959980905623661,2000
2000-03-09,0.02332372473768296,2000
2000-03-10,0.01605783721999665,2000
2000-03-13,-0.03007887384568786,2000
2000-03-14,-0.021550616944176926,2000
2000-03-15,-0.0410958569636537,2000
2000-03-16,0.010644329883781944,2000
2000-03-17,0.025775865483291582,2000
2000-03-20,-0.01350980536444657,2000
2000-03-21,0.007669194647916822,2000
2000-03-22,0.018483278638491862,2000
2000-03-23,0.014144438474293253,2000
2000-03-24,0.006052688966040387,2000
2000-03-27,-0.0023541033264086186,2000
2000-03-28,-0.01442059956540187,2000
2000-03-29,-0.026070688926356,2000
2000-03-30,-0.03496307078784311,2000
2000-03-31,0.022077557719771157,2000
2000-04-03,-0.06452519161574077,2000
2000-04-04,-0.02457076298146843,2000
2000-04-05,0.010925766957213368,2000
2000-04-06,0.03872702747517187,2000
2000-04-07,0.043641730481628116,2000
2000-04-10,-0.030462565337450842,2000
2000-04-11,-0.027420799319016087,2000
2000-04-12,-0.05168872502483346,2000
2000-04-13,-0.011148749691454185,2000
2000-04-14,-0.07579096775751104,2000
2000-04-17,0.03253148328294819,2000
2000-04-18,0.06530994138368729,2000
2000-04-19,0.004313036644176815,2000
2000-04-20,-0.007361896952180924,2000
2000-04-24,-0.030593216339574014,2000
2000-04-25,0.042397365958871225,2000
2000-04-26,-0.011009516265139796,2000
2000-04-27,0.023809553256483262,2000
2000-04-28,0.021141824341271986,2000
2000-05-01,0.006506926622529274,2000
2000-05-02,-0.013517503066331593,2000
2000-05-03,-0.02859691646608664,2000
2000-05-04,0.01073293537202269,2000
2000-05-05,0.008798591184000504,2000
2000-05-08,-0.027067855490399584,2000
2000-05-09,-0.03307556477727558,2000
2000-05-10,-0.05083131252978024,2000
2000-05-11,0.02222956493006789,2000
2000-05-12,0.02207580337974968,2000
2000-05-15,0.0009671678685054808,2000
2000-05-16,0.02995182885806824,2000
2000-05-17,-0.010006464953154715,2000
2000-05-18,-0.01674000523250785,2000
2000-05-19,-0.040475455445164066,2000
2000-05-22,-0.025443818063307422,2000
2000-05-23,-0.03710062744447529,2000
2000-05-24,0.006065156161069396,2000
2000-05-25,0.0035459801812702807,2000
2000-05-26,0.004240115065526684,2000
2000-05-30,0.06896563856564542,2000
2000-05-31,0.009545686140999488,2000
2000-06-01,0.03749580015644649,2000
2000-06-02,0.05719697926285683,2000
2000-06-05,-0.006837269822040359,2000
2000-06-06,-0.018557222756108493,2000
2000-06-07,0.00030494975592376683,2000
2000-06-08,-0.0018291407395204518,2000
2000-06-09,0.01466094055293965,2000
2000-06-12,-0.028898425133245587,2000
2000-06-13,0.0034098960360986474,2000
2000-06-14,-0.009267868076942687,2000
2000-06-15,-0.0062363766338827675,2000
2000-06-16,-0.000627505672936568,2000
2000-06-19,0.019152081984062486,2000
2000-06-20,0.014787522203406844,2000
2000-06-21,-0.0021249278766363178,2000
2000-06-22,-0.02372984777122622,2000
2000-06-23,-0.01246497878954822,2000
2000-06-26,0.004733253642592805,2000
2000-06-27,-0.020100244272612366,2000
2000-06-28,0.020192294245157782,2000
2000-06-29,-0.023248710112176774,2000
2000-06-30,0.015439141293229541,2000
2000-07-03,0.01552101756712121,2000
2000-07-05,-0.047410972863572765,2000
2000-07-06,0.019973599511470708,2000
2000-07-07,0.025361372743087474,2000
2000-07-10,0.004069960840672238,2000
2000-07-11,-0.007795584172773595,2000
2000-07-12,0.026084465408898527,2000
2000-07-13,0.013476213327494824,2000
2000-07-14,0.016621384699658348,2000
2000-07-17,0.011593288372685251,2000
2000-07-18,-0.029679653694455466,2000
2000-07-19,-0.02543900354294959,2000
2000-07-20,0.011808428790618608,2000
2000-07-21,-0.02180593827212196,2000
2000-07-24,-0.010047194081851396,2000
2000-07-25,0.004440252352746699,2000
2000-07-26,-0.01578774485046086,2000
2000-07-27,-0.04363180309525461,2000
2000-07-28,0.0,2000
2000-07-31,-0.013753730794390684,2000
2000-08-01,-0.011564561950444197,2000
2000-08-02,-0.0010321497311549521,2000
2000-08-03,-0.02928032404584857,2000
2000-08-04,0.0024840516952171487,2000
2000-08-07,0.015575294092131875,2000
2000-08-08,-0.005228381352522682,2000
2000-08-09,0.012613951731974549,2000
2000-08-10,-0.007266432307428183,2000
2000-08-11,0.0020912384769122827,2000
2000-08-14,0.026434711079740048,2000
2000-08-15,0.013893860320867368,2000
2000-08-16,0.00969232218215188,2000
2000-08-17,0.0172128474931601,2000
2000-08-18,0.009762595016008735,2000
2000-08-21,-0.0029002163854374707,2000
2000-08-22,0.0006461320920576608,2000
2000-08-23,0.004522000696686179,2000
2000-08-24,0.011575573152040608,2000
2000-08-25,0.0028606914572455455,2000
2000-08-28,0.010142615037360914,2000
2000-08-29,0.0034516234769723653,2000
2000-08-30,0.000312446205927408,2000
2000-08-31,0.022819748707129106,2000
2000-09-01,0.016503517703311932,2000
2000-09-05,-0.01443151167753487,2000
2000-09-06,-0.034167342475077134,2000
2000-09-07,0.015477243529595341,2000
2000-09-08,-0.028616011910605366,2000
2000-09-11,-0.012167986653392138,2000
2000-09-12,-0.013290014308714682,2000
2000-09-13,-0.010512229288056951,2000
2000-09-14,0.01859232585335402,2000
2000-09-15,-0.02086069600442786,2000
2000-09-18,-0.019307635734392536,2000
2000-09-19,0.023761227771020632,2000
2000-09-20,-0.00795754625053624,2000
2000-09-21,-0.027740708445873064,2000
2000-09-22,-0.019938168634372033,2000
2000-09-25,0.0007015230722080545,2000
2000-09-26,-0.012618308189308425,2000
2000-09-27,-0.006744874224091646,2000
2000-09-28,0.020014331316968503,2000
2000-09-29,-0.022424760611065242,2000
2000-10-02,-0.009318869172220579,2000
2000-10-03,-0.022069307100017976,2000
2000-10-04,0.009248941603583472,2000
2000-10-05,-0.00953079257060685,2000
2000-10-06,-0.031088266629381467,2000
2000-10-09,-0.01413298316673961,2000
2000-10-10,-0.040294472830181616,2000
2000-10-11,-0.01816690114711439,2000
2000-10-12,-0.025904665448749364,2000
2000-10-13,0.05360898495204558,2000
2000-10-16,-0.004807576045840589,2000
2000-10-17,-0.030998423254475105,2000
2000-10-18,-0.020357231580258484,2000
2000-10-19,0.06658190634395544,2000
2000-10-20,0.024254442089928885,2000
2000-10-23,0.006599271126542572,2000
2000-10-24,-0.012340618688428506,2000
2000-10-25,-0.05193303709668973,2000
2000-10-26,0.018533827053555996,2000
2000-10-27,0.002830445985833485,2000
2000-10-30,-0.007661269364577339,2000
2000-10-31,0.03900854611447446,2000
2000-11-01,-0.0070395772158247105,2000
2000-11-02,0.021268237746046914,2000
2000-11-03,0.004242035088673823,2000
2000-11-06,0.006144664147082146,2000
2000-11-07,-0.014504122751735737,2000
2000-11-08,-0.02943447279595457,2000
2000-11-09,-0.02474056981742323,2000
2000-11-10,-0.04828141709519407,2000
2000-11-13,-0.015477463777246236,2000
2000-11-14,0.0,2000
2000-11-15,0.07161598539204306,2000
2000-11-16,-0.036267161043302854,2000
2000-11-17,-0.007475856578617712,2000
2000-11-20,-0.0352563983406603,2000
2000-11-21,-0.015503824314129444,2000
2000-11-22,0.0,2000
2000-11-24,0.003374665778998809,2000
2000-11-27,0.008968625172471212,2000
2000-11-28,-0.000555798146678943,2000
2000-11-29,-0.0650359346014674,2000
2000-11-30,-0.04161719422236554,2000
2000-12-01,0.0,2000
2000-12-04,0.05086848791467191,2000
2000-12-05,0.07674132154097357,2000
2000-12-06,0.0010966523011255447,2000
2000-12-07,-0.015334169717085233,2000
2000-12-08,0.06006677159014884,2000
2000-12-11,0.0,2000
2000-12-12,-0.008919142731387053,2000
2000-12-13,-0.038115549019412165,2000
2000-12-14,-0.025316504180356803,2000
2000-12-15,-0.02258607205186136,2000
2000-12-18,-0.0086653604367114,2000
2000-12-19,-0.0134031181985379,2000
2000-12-20,-0.06142960083764093,2000
2000-12-21,-0.018879833069828322,2000
2000-12-22,0.060936425094930025,2000
2000-12-26,-0.0060456978916541,2000
2000-12-27,0.025547223483150416,2000
2000-12-28,0.019572990767367848,2000
2000-12-29,-0.014543281791435714,2000
2001-01-02,0.0,2001
2001-01-03,0.0571074946499186,2001
2001-01-04,0.008220716406270645,2001
2001-01-05,-0.030867765562723637,2001
2001-01-08,-0.006610501885273012,2001
2001-01-09,0.007259365438378795,2001
2001-01-10,0.019219256039304522,2001
2001-01-11,0.04596363677374593,2001
2001-01-12,0.00901385491474782,2001
2001-01-16,-0.012283664290549057,2001
2001-01-17,0.036743995398978546,2001
2001-01-18,0.03435113115790145,2001
2001-01-19,0.00527156779059923,2001
2001-01-22,-0.008914617730167218,2001
2001-01-23,0.006349218526148892,2001
2001-01-24,0.0,2001
2001-01-25,-0.017875725459288283,2001
2001-01-26,-0.0053536386720020035,2001
2001-01-29,0.018299283629610086,2001
2001-01-30,0.013742175895989028,2001
2001-01-31,0.008863642909459957,2001
2001-02-01,-0.010336084212463459,2001
2001-02-02,-0.032375962229999944,2001
2001-02-05,-0.017269402363890518,2001
2001-02-06,0.00439319894966439,2001
2001-02-07,-0.028430732067449838,2001
2001-02-08,-0.009566784190564781,2001
2001-02-09,-0.016477303947861954,2001
2001-02-12,0.008087826095405592,2001
2001-02-13,-0.009168988874507011,2001
2001-02-14,0.00404859046510353,2001
2001-02-15,0.03513814637226398,2001
2001-02-16,-0.03951021007537181,2001
2001-02-20,-0.03244510340888085,2001
2001-02-21,-0.017365130495685555,2001
2001-02-22,-0.013406395995884779,2001
2001-02-23,-0.004941420209859659,2001
2001-02-26,0.010552471837484978,2001
2001-02-27,-0.033783846968751696,2001
2001-02-28,-0.02797189776715925,2001
2001-03-01,0.0006541182423507319,2001
2001-03-02,-0.0019609771888686733,2001
2001-03-05,0.015717122185128884,2001
2001-03-06,0.04126368450440476,2001
2001-03-07,0.001238571982884018,2001
2001-03-08,-0.021026807610538656,2001
2001-03-09,-0.040429458697756826,2001
2001-03-12,-0.04542460839110374,2001
2001-03-13,0.019310379584010384,2001
2001-03-14,-0.01014886771774226,2001
2001-03-15,-0.019138790122348315,2001
2001-03-16,-0.045296249627545304,2001
2001-03-19,0.01678835314945526,2001
2001-03-20,-0.017946806782157654,2001
2001-03-21,-0.01461990938284674,2001
2001-03-22,0.025964224047849482,2001
2001-03-23,0.035430399562532244,2001
2001-03-26,0.01117310347020184,2001
2001-03-27,0.006215481438217152,2001
2001-03-28,-0.041866829337709244,2001
2001-03-29,-0.02220624137818572,2001
2001-03-30,-0.003662904057066707,2001
2001-04-02,-0.03455888247896777,2001
2001-04-03,-0.04493545257734177,2001
2001-04-04,-0.007974381710524447,2001
2001-04-05,0.08199372203623101,2001
2001-04-06,-0.018573690994604708,2001
2001-04-09,-0.006812923393027304,2001
2001-04-10,0.05564023177314947,2001
2001-04-11,0.041154993840245124,2001
2001-04-12,0.02843299059047477,2001
2001-04-16,0.0,2001
2001-04-17,-0.028995330865067337,2001
2001-04-18,0.08472237577154762,2001
2001-04-19,0.050575990411670046,2001
2001-04-20,-0.012797010343563842,2001
2001-04-23,-0.03641972877763777,2001
2001-04-24,-0.016015495906725796,2001
2001-04-25,0.017578158185771686,2001
2001-04-26,0.012156132597884284,2001
2001-04-27,0.018331168246749074,2001
2001-04-30,0.021104943674969956,2001
2001-05-01,0.009726549912459026,2001
2001-05-02,0.016857257009206705,2001
2001-05-03,-0.02545898313092987,2001
2001-05-04,0.004252918315357679,2001
2001-05-07,-0.0024200223827949285,2001
2001-05-08,0.010915815530481376,2001
2001-05-09,-0.017396552470941407,2001
2001-05-10,-0.0030525087266697337,2001
2001-05-11,-0.0067360811451524505,2001
2001-05-14,-0.016646147154268598,2001
2001-05-15,0.00877744622293819,2001
2001-05-16,0.016780640828918836,2001
2001-05-17,0.022616090385662257,2001
2001-05-18,-0.0035862919599235488,2001
2001-05-21,0.043791147782979545,2001
2001-05-22,0.004023079544065444,2001
2001-05-23,-0.03033777720161368,2001
2001-05-24,-0.0017709596511181758,2001
2001-05-25,-0.007687773224365868,2001
2001-05-29,-0.03218114282514761,2001
2001-05-30,-0.0431034398096477,2001
2001-05-31,0.007722022131537054,2001
2001-06-01,0.007024278652033367,2001
2001-06-04,-0.0019023497250828525,2001
2001-06-05,0.03240149235555578,2001
2001-06-06,-0.00246154307379165,2001
2001-06-07,0.022825369838468834,2001
2001-06-08,-0.010856474445055775,2001
2001-06-11,-0.030487775767748748,2001
2001-06-12,-0.0050313649867516075,2001
2001-06-13,-0.01327426896479289,2001
2001-06-14,-0.03779625825198463,2001
2001-06-15,-0.014647259132781087,2001
2001-06-18,0.0,2001
2001-06-19,-0.012162184800433296,2001
2001-06-20,-0.0020519874506552682,2001
2001-06-21,0.0006854022537083893,2001
2001-06-22,-0.013698556675681539,2001
2001-06-25,0.007638902733500208,2001
2001-06-26,-0.00758099227091924,2001
2001-06-27,-0.004861119921318324,2001
2001-06-28,0.01605027347417387,2001
2001-06-29,0.0,2001
2001-07-02,0.02541193429923516,2001
2001-07-03,-0.009376917086497571,2001
2001-07-05,-0.0256931792058247,2001
2001-07-06,-0.042331593778493826,2001
2001-07-09,0.004347728786868954,2001
2001-07-10,-0.010101029121192262,2001
2001-07-11,-0.011661618406482943,2001
2001-07-12,0.05088482895573665,2001
2001-07-13,-0.0070176584599815905,2001
2001-07-16,-0.01766777645299289,2001
2001-07-17,0.004316554867248801,2001
2001-07-18,-0.025787806103616084,2001
2001-07-19,0.0205880571912036,2001
2001-07-20,-0.003602416709129752,2001
2001-07-23,-0.013015000631124374,2001
2001-07-24,-0.01684995349671159,2001
2001-07-25,0.00596126345595116,2001
2001-07-26,0.028148202564469482,2001
2001-07-27,0.008645549397274799,2001
2001-07-30,0.0007142870458343165,2001
2001-07-31,0.004996543919134622,2001
2001-08-01,0.017045381408777427,2001
2001-08-02,0.014664831196034678,2001
2001-08-03,-0.009635254746304445,2001
2001-08-06,-0.013203637567237081,2001
2001-08-07,-0.0063379377115257984,2001
2001-08-08,-0.022678990715860103,2001
2001-08-09,-0.005076256347160468,2001
2001-08-10,-0.002186487402176085,2001
2001-08-13,0.0014608171001493364,2001
2001-08-14,0.0,2001
2001-08-15,-0.01531731581006257,2001
2001-08-16,-0.007407529128125923,2001
2001-08-17,-0.02537275368290348,2001
2001-08-20,-0.0007659200971815716,2001
2001-08-21,-0.013026844528034265,2001
2001-08-22,0.013198783022426719,2001
2001-08-23,-0.01149427458355956,2001
2001-08-24,0.03100781118549345,2001
2001-08-27,0.01203020649857689,2001
2001-08-28,-0.017830747663611812,2001
2001-08-29,-0.009833384460337435,2001
2001-08-30,-0.022918407054905332,2001
2001-08-31,0.0054730357283954145,2001
2001-09-04,-0.025661010520742544,2001
2001-09-05,-0.01995226757927193,2001
2001-09-06,-0.03257323721273242,2001
2001-09-07,-0.002525135410233803,2001
2001-09-10,-0.0042194170266967035,2001
2001-09-17,-0.0703388055089148,2001
2001-09-18,-0.019143347475775285,2001
2001-09-19,-0.013940546744861115,2001
2001-09-20,-0.03581533713516383,2001
2001-09-21,-0.019550097461355942,2001
2001-09-24,0.032901208627922784,2001
2001-09-25,0.0009651827451384598,2001
2001-09-26,-0.03278673740598226,2001
2001-09-27,-0.011964200709515427,2001
2001-09-28,0.020181525313886617,2001
2001-10-01,-0.026706283159398048,2001
2001-10-02,0.0050813845949710945,2001
2001-10-03,0.036400473822480794,2001
2001-10-04,0.030243887327545682,2001
2001-10-05,0.0018940115554682002,2001
2001-10-08,0.011341969652513884,2001
2001-10-09,-0.01401851587490699,2001
2001-10-10,0.028435932329547775,2001
2001-10-11,0.04055307126026175,2001
2001-10-12,0.007085929480515452,2001
2001-10-15,-0.010553981031322213,2001
2001-10-16,0.010666555657399934,2001
2001-10-17,-0.02110834462421296,2001
2001-10-18,-0.0026951625161242276,2001
2001-10-19,0.016215982508098303,2001
2001-10-22,0.007092147986818675,2001
2001-10-23,0.004401544790848977,2001
2001-10-24,0.019281304155144063,2001
2001-10-25,0.01547736771424102,2001
2001-10-26,0.004233646146024839,2001
2001-10-29,-0.026981498081713795,2001
2001-10-30,-0.027729686566617562,2001
2001-10-31,0.006238935482885122,2001
2001-11-01,0.027457848312873123,2001
2001-11-02,0.003448344823232974,2001
2001-11-05,0.02233687238445836,2001
2001-11-06,0.018487304652280434,2001
2001-11-07,-0.004950503932876438,2001
2001-11-08,-0.006633511133456893,2001
2001-11-09,-0.001669391598833836,2001
2001-11-12,0.0033443662545964425,2001
2001-11-13,0.024166772338815257,2001
2001-11-14,0.0065092507454227455,2001
2001-11-15,0.00889249848767637,2001
2001-11-16,0.01842952143726828,2001
2001-11-19,0.00708093740057536,2001
2001-11-20,-0.026562437876232914,2001
2001-11-21,-0.007223127412974706,2001
2001-11-23,0.013742834996547604,2001
2001-11-26,0.02392349199966093,2001
2001-11-27,0.0,2001
2001-11-28,-0.02180678252309154,2001
2001-11-29,0.014331352099642869,2001
2001-11-30,0.0007847030812142552,2001
2001-12-03,-0.003137147248619354,2001
2001-12-04,0.02832420590707052,2001
2001-12-05,0.048201852976189175,2001
2001-12-06,0.007299389810762502,2001
2001-12-07,-0.014492674443148501,2001
2001-12-10,-0.012500021322179866,2001
2001-12-11,0.008190524207152272,2001
2001-12-12,0.0081240915986589,2001
2001-12-13,-0.03296698627674999,2001
2001-12-14,-0.0007576869305265799,2001
2001-12-17,0.009097818365932264,2001
2001-12-18,0.0015027413182511218,2001
2001-12-19,-0.007501997294882323,2001
2001-12-20,-0.020408091694709585,2001
2001-12-21,0.0007716063194525002,2001
2001-12-24,-0.0015421345937511877,2001
2001-12-26,0.009266538865721374,2001
2001-12-27,0.006886010692047861,2001
2001-12-28,0.010638206450196863,2001
2001-12-29,0.0,2001
2001-12-30,0.0,2001
2001-12-31,0.0,2001
2002-01-01,0.0,2001
2002-01-02,0.0,2001
2002-01-02,0.0,2002
2002-01-03,0.02097371061068931,2002
2002-01-04,0.016140788550170315,2002
2002-01-07,-0.0028879873982537996,2002
2002-01-08,-0.0028964570161494896,2002
2002-01-09,0.009440724966811143,2002
2002-01-10,-0.00719425811208152,2002
2002-01-11,-0.013768036914250104,2002
2002-01-14,-0.012490838198321086,2002
2002-01-15,-0.004464293901613958,2002
2002-01-16,-0.03811644541837067,2002
2002-01-17,0.01787082275474905,2002
2002-01-18,-0.012976791613729333,2002
2002-01-22,-0.015468152652328038,2002
2002-01-23,0.016496495105562614,2002
2002-01-24,0.0077279891250150445,2002
2002-01-25,0.0,2002
2002-01-28,0.003067490119719629,2002
2002-01-29,-0.022935931344401972,2002
2002-01-30,0.0,2002
2002-01-31,0.013302060084074308,2002
2002-02-01,-0.00926631494162633,2002
2002-02-04,-0.030397560808852253,2002
2002-02-05,-0.01607708384713391,2002
2002-02-06,-0.004902087950918288,2002
2002-02-07,-0.016420452042906764,2002
2002-02-08,0.015025253281673923,2002
2002-02-11,0.01644739783780036,2002
2002-02-12,-0.0032364862621774293,2002
2002-02-13,0.010552086850470044,2002
2002-02-14,0.00321285739224475,2002
2002-02-15,-0.015212081904852348,2002
2002-02-19,-0.02113813087956984,2002
2002-02-20,-0.00498369816668498,2002
2002-02-21,-0.024207060026399718,2002
2002-02-22,0.0017111775621601044,2002
2002-02-25,0.022203097850978404,2002
2002-02-26,0.00835417400125138,2002
2002-02-27,0.0074566381846328245,2002
2002-02-28,-0.010690927830454222,2002
2002-03-01,0.03740667644923068,2002
2002-03-04,0.0504805086668616,2002
2002-03-05,0.005339556770337817,2002
2002-03-06,0.0015173435124682388,2002
2002-03-07,0.0030304188632233053,2002
2002-03-08,0.02039267769947717,2002
2002-03-11,0.004441270600694658,2002
2002-03-12,-0.011053815214357776,2002
2002-03-13,-0.01937399609778001,2002
2002-03-14,-0.007598797589714712,2002
2002-03-15,0.0030626815577210476,2002
2002-03-18,0.011450513904013526,2002
2002-03-19,0.0030186543559787005,2002
2002-03-20,-0.006772022327937943,2002
2002-03-21,0.00833345965112997,2002
2002-03-22,-0.004507788219684561,2002
2002-03-25,-0.011320883964769268,2002
2002-03-26,0.0015267204298634596,2002
2002-03-27,0.006097461919734037,2002
2002-03-28,0.012878923183621493,2002
2002-04-01,-0.0067316092617157874,2002
2002-04-02,-0.01581328408884708,2002
2002-04-03,-0.00918123869234877,2002
2002-04-04,-0.006177394011687487,2002
2002-04-05,-0.008547248306299937,2002
2002-04-08,-0.002350988091092021,2002
2002-04-09,-0.0204242320354584,2002
2002-04-10,-0.002405778332833175,2002
2002-04-11,-0.02170410398687528,2002
2002-04-12,0.014790494796413478,2002
2002-04-15,0.008906780874828879,2002
2002-04-16,0.02969507936445126,2002
2002-04-17,0.008573670997368499,2002
2002-04-18,-0.013910492473586222,2002
2002-04-19,0.0023512153494864574,2002
2002-04-22,-0.017982945041670417,2002
2002-04-23,-0.007961683625556493,2002
2002-04-24,-0.012038429323246502,2002
2002-04-25,-0.012185236800298482,2002
2002-04-26,-0.016447278601916304,2002
2002-04-29,-0.01337807035643257,2002
2002-04-30,0.011016969457924741,2002
2002-05-01,-0.0016762666888345823,2002
2002-05-02,-0.015113496703041629,2002
2002-05-03,-0.015345481455789622,2002
2002-05-06,-0.019913208843714836,2002
2002-05-07,0.0,2002
2002-05-08,0.05388689433984983,2002
2002-05-09,-0.015926386947372806,2002
2002-05-10,-0.02044284704748467,2002
2002-05-13,0.009565235480899936,2002
2002-05-14,0.028423700970676924,2002
2002-05-15,0.014237822893060637,2002
2002-05-16,-0.003303001987308707,2002
2002-05-17,0.0124276502243994,2002
2002-05-20,-0.014729858465453605,2002
2002-05-21,-0.01993370884831769,2002
2002-05-22,-0.0025423775672134274,2002
2002-05-23,0.0025488577259178413,2002
2002-05-24,-0.004237295945355601,2002
2002-05-28,-0.009361596059210608,2002
2002-05-29,-0.014604961028109487,2002
2002-05-30,0.0034876177560827504,2002
2002-05-31,-0.006081930012896697,2002
2002-06-03,-0.018356678254528136,2002
2002-06-04,0.002671421024009968,2002
2002-06-05,0.0,2002
2002-06-06,-0.015097720102492773,2002
2002-06-07,-0.009016954125101062,2002
2002-06-10,0.006369372130980766,2002
2002-06-11,-0.011754024741258196,2002
2002-06-12,-0.00548948833026075,2002
2002-06-13,-0.010119413359338303,2002
2002-06-14,-0.006505721477504833,2002
2002-06-17,0.013096239190113046,2002
2002-06-18,-0.0036933841198473205,2002
2002-06-19,-0.025949799172907184,2002
2002-06-20,-0.013320807009774782,2002
2002-06-21,-0.026036691490813446,2002
2002-06-24,-0.001980345270577999,2002
2002-06-25,-0.022817362426249543,2002
2002-06-26,-0.012182764429460202,2002
2002-06-27,0.018499596469435442,2002
2002-06-28,0.018163431305541655,2002
2002-07-01,-0.033696720534095115,2002
2002-07-02,-0.0164100638517376,2002
2002-07-03,0.012512752841910668,2002
2002-07-05,0.03398572250691134,2002
2002-07-08,-0.006972124139595248,2002
2002-07-09,-0.017051329883753574,2002
2002-07-10,-0.021428244353696946,2002
2002-07-11,-0.0031283394000676257,2002
2002-07-12,0.007322112671068526,2002
2002-07-15,0.0,2002
2002-07-16,0.0,2002
2002-07-17,0.0010384234753264554,2002
2002-07-18,-0.0186721576682104,2002
2002-07-19,-0.02325585494357041,2002
2002-07-22,-0.025973915928694913,2002
2002-07-23,-0.027777905315999885,2002
2002-07-24,0.008000014581935888,2002
2002-07-25,-0.0317461713459638,2002
2002-07-26,-0.009367530010263914,2002
2002-07-29,0.03427893580496444,2002
2002-07-30,0.017142888389862554,2002
2002-07-31,-0.008988780153002751,2002
2002-08-01,-0.02721085136417145,2002
2002-08-02,-0.019813554969903002,2002
2002-08-05,-0.03448273484097941,2002
2002-08-06,0.018472760829047585,2002
2002-08-07,0.01692877810753801,2002
2002-08-08,0.010701651352548192,2002
2002-08-09,0.00588227768642402,2002
2002-08-12,-0.004678370903341222,2002
2002-08-13,-0.011750902337938851,2002
2002-08-14,0.03329384444931205,2002
2002-08-15,0.010356498883871135,2002
2002-08-16,0.01594552571527519,2002
2002-08-19,0.021300159693087517,2002
2002-08-20,-0.0065859434142515605,2002
2002-08-21,0.016574294423348235,2002
2002-08-22,0.016304617628337015,2002
2002-08-23,-0.023529531260140124,2002
2002-08-26,0.006571674631635105,2002
2002-08-27,-0.023938953640868066,2002
2002-08-28,-0.024526163210068175,2002
2002-08-29,0.008000014581935888,2002
2002-08-30,-0.006802651195278453,2002
2002-09-03,-0.03196360862639147,2002
2002-09-04,0.00825481799630512,2002
2002-09-05,-0.016374298161694334,2002
2002-09-06,0.016646879123931146,2002
2002-09-09,0.004678370903341333,2002
2002-09-10,0.016297796654155094,2002
2002-09-11,0.004582159746051806,2002
2002-09-12,-0.014823286849472539,2002
2002-09-13,-0.006944456680842759,2002
2002-09-16,-0.015151373048823413,2002
2002-09-17,-0.0035503874386138,2002
2002-09-18,-0.00950146230651816,2002
2002-09-19,-0.03477190407341757,2002
2002-09-20,-0.0062113708648234844,2002
2002-09-23,-0.028749964092109392,2002
2002-09-24,-0.009009025820126637,2002
2002-09-25,0.012986943291631192,2002
2002-09-26,0.0,2002
2002-09-27,-0.005128122194577922,2002
2002-09-30,0.0,2002
2002-10-01,-0.01417519079562235,2002
2002-10-02,-0.023529359365095592,2002
2002-10-03,-0.018741762987548594,2002
2002-10-04,-0.009549813306975241,2002
2002-10-07,-0.026170748695007462,2002
2002-10-08,0.008486681145243091,2002
2002-10-09,-0.011220215747569595,2002
2002-10-10,0.03829793928956349,2002
2002-10-11,0.03825113340928188,2002
2002-10-14,0.009210543887395506,2002
2002-10-15,0.0365058415055306,2002
2002-10-16,-0.02012582470386981,2002
2002-10-17,0.03337637458639686,2002
2002-10-18,0.011180143353598071,2002
2002-10-21,0.018427460549004016,2002
2002-10-22,-0.027744231280136145,2002
2002-10-23,0.019850970660495237,2002
2002-10-24,-0.007299195397828306,2002
2002-10-25,0.018382207918987037,2002
2002-10-28,0.0024069179655357154,2002
2002-10-29,-0.014405787379392576,2002
2002-10-30,0.017052228664493185,2002
2002-10-31,0.0023952141558303275,2002
2002-11-01,0.020310585302258266,2002
2002-11-04,0.030445278981342527,2002
2002-11-05,0.020454414393633602,2002
2002-11-06,0.006681526343365052,2002
2002-11-07,-0.018805423106181607,2002
2002-11-08,-0.007891539653239743,2002
2002-11-11,-0.021591027045729794,2002
2002-11-12,0.01626010715344517,2002
2002-11-13,0.0022858013038902225,2002
2002-11-14,0.027365902703880618,2002
2002-11-15,0.01664811904955199,2002
2002-11-18,-0.009825425317048775,2002
2002-11-19,-0.0066150683555198375,2002
2002-11-20,0.021087477996915238,2002
2002-11-21,0.03152196131044649,2002
2002-11-22,0.002107638206140905,2002
2002-11-25,0.007360380397363198,2002
2002-11-26,-0.024008170946343887,2002
2002-11-27,0.01925113862387562,2002
2002-11-29,0.0,2002
2002-12-02,0.009443880168475527,2002
2002-12-03,-0.011434232402261935,2002
2002-12-04,-0.027339840793677572,2002
2002-12-05,-0.014054002115769126,2002
2002-12-06,0.00438589344047613,2002
2002-12-09,-0.026200685699090176,2002
2002-12-10,0.012331615793499173,2002
2002-12-11,0.005537109229173609,2002
2002-12-12,0.0022025675516856857,2002
2002-12-13,-0.018681116891714478,2002
2002-12-16,0.01679718006627695,2002
2002-12-17,0.0,2002
2002-12-18,-0.015418451906470065,2002
2002-12-19,-0.008948562551183703,2002
2002-12-20,0.009029362365105209,2002
2002-12-23,0.006711584095542067,2002
2002-12-24,0.002221984329875415,2002
2002-12-26,0.0022174599209590085,2002
2002-12-27,-0.008849573135123578,2002
2002-12-30,-0.008928587321619608,2002
2002-12-31,0.0,2002
2003-01-02,0.0,2003
2003-01-03,0.0011026978050110436,2003
2003-01-06,0.02092506704628283,2003
2003-01-07,0.0032362517757271725,2003
2003-01-08,-0.011828134099685306,2003
2003-01-09,0.018498640927607113,2003
2003-01-10,0.004273279198262703,2003
2003-01-13,0.0010637547155769589,2003
2003-01-14,0.013815195042760742,2003
2003-01-15,-0.008385684174818553,2003
2003-01-16,-0.009513759569625524,2003
2003-01-17,-0.02668094602116189,2003
2003-01-21,-0.009868439879352375,2003
2003-01-22,-0.011074138175481973,2003
2003-01-23,0.02463594186695106,2003
2003-01-24,-0.02185772910239958,2003
2003-01-27,-0.015642404975113378,2003
2003-01-28,0.01021543480831455,2003
2003-01-29,-0.005617988510859151,2003
2003-01-30,-0.016949103948289523,2003
2003-01-31,-0.001149344162205801,2003
2003-02-03,0.009206000785519919,2003
2003-02-04,-0.011402529288314867,2003
2003-02-05,0.0,2003
2003-02-06,-0.006920427955438457,2003
2003-02-07,-0.012775949908947148,2003
2003-02-10,-0.003529248110662464,2003
2003-02-11,0.002361279332720345,2003
2003-02-12,-0.0070672358709718,2003
2003-02-13,-0.00830352105893195,2003
2003-02-14,0.02033479006334149,2003
2003-02-18,0.0316531336210486,2003
2003-02-19,-0.006818193613664869,2003
2003-02-20,0.003432417311473479,2003
2003-02-21,0.0011403355917958269,2003
2003-02-24,-0.012528578096592469,2003
2003-02-25,-0.0023068093184794858,2003
2003-02-26,-0.015028845634870502,2003
2003-02-27,0.002347336946362022,2003
2003-02-28,0.003512972011842974,2003
2003-03-03,-0.0023338110248356525,2003
2003-03-04,-0.014035113900060403,2003
2003-03-05,0.0035587255940670026,2003
2003-03-06,-0.004728141301294619,2003
2003-03-07,-0.001187822903836122,2003
2003-03-10,-0.022591854133317435,2003
2003-03-11,-0.007299282948019958,2003
2003-03-12,0.007352954241532705,2003
2003-03-13,0.03163004972021355,2003
2003-03-14,0.004717075493554379,2003
2003-03-17,0.029342690347482048,2003
2003-03-18,0.007981770501820362,2003
2003-03-19,-0.004524813033167319,2003
2003-03-20,0.010227290420497193,2003
2003-03-21,0.008998809003946562,2003
2003-03-24,-0.028985558783680476,2003
2003-03-25,0.00688864636817077,2003
2003-03-26,0.0011403355917958269,2003
2003-03-27,-0.0011390367076975494,2003
2003-03-28,-0.009122023430651938,2003
2003-03-31,-0.021864335289569548,2003
2003-04-01,0.0011766434735307474,2003
2003-04-02,0.02820208042254868,2003
2003-04-03,0.0,2003
2003-04-04,-0.01028581588582611,2003
2003-04-07,0.00923806050120124,2003
2003-04-08,-0.006865083463041266,2003
2003-04-09,-0.01497698604463149,2003
2003-04-10,-0.014035113900060403,2003
2003-04-11,0.0,2003
2003-04-14,0.013048660511578714,2003
2003-04-15,0.008196736619373812,2003
2003-04-16,0.009291538698073198,2003
2003-04-17,0.01726125147285007,2003
2003-04-21,0.0011310597436056113,2003
2003-04-22,0.012429484882695796,2003
2003-04-23,0.005580367527520114,2003
2003-04-24,-0.008879039738997174,2003
2003-04-25,-0.020156731370523095,2003
2003-04-28,0.01600011201578022,2003
2003-04-29,0.0101236703228329,2003
2003-04-30,0.005567777159745768,2003
2003-05-01,0.004429687383338932,2003
2003-05-02,0.019845762981996584,2003
2003-05-05,0.004324488866153553,2003
2003-05-06,0.01184039617296051,2003
2003-05-07,-0.0010637547155769589,2003
2003-05-08,-0.018104477098008998,2003
2003-05-09,0.010846165561792853,2003
2003-05-12,0.01394836723907189,2003
2003-05-13,0.0010582798024287854,2003
2003-05-14,-0.0021140155259750104,2003
2003-05-15,0.008474513793096605,2003
2003-05-16,-0.0042019926339480485,2003
2003-05-19,-0.030590627517601,2003
2003-05-20,-0.0010880625426521462,2003
2003-05-21,-0.0010892477122875777,2003
2003-05-22,0.018538667847253665,2003
2003-05-23,0.001070743424261611,2003
2003-05-27,0.013903457969366873,2003
2003-05-28,0.005274501909314111,2003
2003-05-29,0.005246675366117115,2003
2003-05-30,0.006262831896377774,2003
2003-06-02,0.009336268245121682,2003
2003-06-03,0.0,2003
2003-06-04,0.019527121258383406,2003
2003-06-05,0.009072524803739768,2003
2003-06-06,-0.000999002952468686,2003
2003-06-09,-0.008999872625530037,2003
2003-06-10,0.004036261170494493,2003
2003-06-11,0.00603008931727822,2003
2003-06-12,0.0,2003
2003-06-13,-0.010988815208136105,2003
2003-06-16,0.013131189753746941,2003
2003-06-17,0.009969963909855384,2003
2003-06-18,0.006910324795284417,2003
2003-06-19,-0.010784191506180485,2003
2003-06-20,-0.0029733896570240947,2003
2003-06-23,-0.013916527068537299,2003
2003-06-24,-0.007056465020737979,2003
2003-06-25,-0.0010151567697038733,2003
2003-06-26,0.00406497446341425,2003
2003-06-27,0.004048590719734291,2003
2003-06-30,-0.0020159867029357903,2003
2003-07-01,0.010100808170101505,2003
2003-07-02,0.026000050891791693,2003
2003-07-03,-0.003898501598679549,2003
2003-07-07,0.03131106825542762,2003
2003-07-08,0.012333988749728464,2003
2003-07-09,0.0009371408988250174,2003
2003-07-10,-0.017790228105363237,2003
2003-07-11,-0.004766384017447556,2003
2003-07-14,0.02011477052491828,2003
2003-07-15,0.0028169750399933413,2003
2003-07-16,-0.015917497490490762,2003
2003-07-17,-0.03520456123786586,2003
2003-07-18,0.003944708731786983,2003
2003-07-21,-0.01768183283239333,2003
2003-07-22,0.009000235102678555,2003
2003-07-23,0.01090175815386596,2003
2003-07-24,-0.006862899927746247,2003
2003-07-25,0.010858928467403661,2003
2003-07-28,0.003906257466798735,2003
2003-07-29,-0.0019455289962310163,2003
2003-07-30,-0.01461976961575373,2003
2003-07-31,0.0029673643699290597,2003
2003-08-01,-0.001972390113140765,2003
2003-08-04,-0.0039527195201720655,2003
2003-08-05,-0.010912647683364751,2003
2003-08-06,-0.01003010923322678,2003
2003-08-07,0.0050658658039881566,2003
2003-08-08,-0.003023980054403741,2003
2003-08-11,0.014155516801745982,2003
2003-08-12,0.012961068728553071,2003
2003-08-13,0.0059056658958318575,2003
2003-08-14,0.006849327214871526,2003
2003-08-15,0.0,2003
2003-08-18,0.024295334345826758,2003
2003-08-19,0.012333988749728464,2003
2003-08-20,0.002811490639699654,2003
2003-08-21,0.012149759840255347,2003
2003-08-22,-0.003693584443702491,2003
2003-08-25,-0.003706941648506934,2003
2003-08-26,-0.0009305038768184781,2003
2003-08-27,0.007448804152786703,2003
2003-08-28,0.008318213927041906,2003
2003-08-29,0.011915693488350865,2003
2003-09-02,0.025362032146065694,2003
2003-09-03,0.007067215428871343,2003
2003-09-04,-0.0026315202080033906,2003
2003-09-05,-0.007915708934406629,2003
2003-09-08,0.010638382652718326,2003
2003-09-09,0.0008773217851094639,2003
2003-09-10,-0.02541634509137758,2003
2003-09-11,0.0,2003
2003-09-12,0.0044963455986839485,2003
2003-09-15,-0.004476218971214085,2003
2003-09-16,0.018884860134373405,2003
2003-09-17,0.0008824861436493858,2003
2003-09-18,0.011463994641219832,2003
2003-09-19,0.0008717147156847016,2003
2003-09-22,-0.02526130874955368,2003
2003-09-23,0.010724075095411845,2003
2003-09-24,-0.020335955645885972,2003
2003-09-25,-0.018050701900132027,2003
2003-09-26,-0.009191259637876037,2003
2003-09-29,0.013914817472930663,2003
2003-09-30,-0.008234497257245788,2003
2003-10-01,0.015682688291171587,2003
2003-10-02,0.005449536200438754,2003
2003-10-03,0.018970293702124552,2003
2003-10-06,-0.0008863337249885861,2003
2003-10-07,0.00976044286142419,2003
2003-10-08,-0.01230230587012171,2003
2003-10-09,-0.000889810260023105,2003
2003-10-10,0.008904800726994289,2003
2003-10-13,0.00529574867163185,2003
2003-10-14,0.00702365342635658,2003
2003-10-15,0.005230983542213297,2003
2003-10-16,0.009540284095278295,2003
2003-10-17,-0.006013570096908394,2003
2003-10-20,0.01123584874863326,2003
2003-10-21,0.007692135628889485,2003
2003-10-22,-0.014418966034384306,2003
2003-10-23,-0.023235720506292634,2003
2003-10-24,0.0008809950280914691,2003
2003-10-27,0.007922678011690332,2003
2003-10-28,0.025327429188439998,2003
2003-10-29,0.013628645349554436,2003
2003-10-30,-0.0008400939881801905,2003
2003-10-31,-0.0067286586704258244,2003
2003-11-03,0.011007641607168939,2003
2003-11-04,0.007537824062591403,2003
2003-11-05,0.0,2003
2003-11-06,0.000831015599289664,2003
2003-11-07,0.002491879939616748,2003
2003-11-10,-0.011599026699456005,2003
2003-11-11,-0.011735264470341011,2003
2003-11-12,0.017811739881722355,2003
2003-11-13,0.0025001860715985202,2003
2003-11-14,-0.02078147646342665,2003
2003-11-17,-0.019524407879181527,2003
2003-11-18,-0.00779253434148186,2003
2003-11-19,-0.006107961383594929,2003
2003-11-20,-0.005267851454290429,2003
2003-11-21,0.007943527029401487,2003
2003-11-24,0.01488600063988943,2003
2003-11-25,0.006039701098659256,2003
2003-11-26,0.011149187445010478,2003
2003-11-28,0.0033930198029969993,2003
2003-12-01,0.0211323807203887,2003
2003-12-02,0.002483508639649079,2003
2003-12-03,-0.007431709128473241,2003
2003-12-04,0.001663655171760814,2003
2003-12-05,-0.014119388535955402,2003
2003-12-08,-0.0033697237521550516,2003
2003-12-09,-0.013525081542013484,2003
2003-12-10,-0.007712096155636949,2003
2003-12-11,0.017271125919597896,2003
2003-12-12,0.006791184015165763,2003
2003-12-15,-0.005059092325546688,2003
2003-12-16,-0.01186442937590837,2003
2003-12-17,-0.0034305383444543924,2003
2003-12-18,0.01204821607281037,2003
2003-12-19,-0.0034011821069698245,2003
2003-12-22,0.0034127896259805723,2003
2003-12-23,0.006802857380105332,2003
2003-12-24,-0.0008444736358232952,2003
2003-12-26,0.002535745965795977,2003
2003-12-29,0.015176910220717321,2003
2003-12-30,0.0058140252528564584,2003
2003-12-31,0.0,2003
2004-01-02,0.0,2004
2004-01-05,0.019785693239756652,2004
2004-01-06,0.005658979885655224,2004
2004-01-07,0.004019066527130466,2004
2004-01-08,0.012009863557678635,2004
2004-01-09,0.0031644476990908554,2004
2004-01-12,0.005520514831831136,2004
2004-01-13,-0.01176461356984615,2004
2004-01-14,0.010317247982067235,2004
2004-01-15,-0.0015708671569399923,2004
2004-01-16,0.011014967707315249,2004
2004-01-20,0.011673058674456671,2004
2004-01-21,-0.011538370597464875,2004
2004-01-22,-0.0007783242671757229,2004
2004-01-23,0.002336452819484691,2004
2004-01-26,0.006993019598097172,2004
2004-01-27,-0.013117307430690839,2004
2004-01-28,0.0,2004
2004-01-29,-0.01016420920987704,2004
2004-01-30,0.0007898908628971579,2004
2004-02-02,-0.003157069711069993,2004
2004-02-03,-0.004750602550025018,2004
2004-02-04,-0.02068420682914951,2004
2004-02-05,0.0056864445099056304,2004
2004-02-06,0.016155002008556574,2004
2004-02-09,0.0023849728614684373,2004
2004-02-10,0.003964998915730877,2004
2004-02-11,0.010268581217661943,2004
2004-02-12,-0.014855269328701515,2004
2004-02-13,-0.004762028053423406,2004
2004-02-17,0.013556759521701434,2004
2004-02-18,-0.003934031114505965,2004
2004-02-19,-0.013428259195981118,2004
2004-02-20,-0.006405020653942439,2004
2004-02-23,-0.01208693235236491,2004
2004-02-24,-0.008972283453057228,2004
2004-02-25,0.009053514148241515,2004
2004-02-26,0.004893972792576751,2004
2004-02-27,0.0040583310354875834,2004
2004-03-01,0.015359770115077165,2004
2004-03-02,-0.007165849207675823,2004
2004-03-03,-0.004811325241051656,2004
2004-03-04,0.012087049186246146,2004
2004-03-05,0.0,2004
2004-03-08,-0.01990449536260175,2004
2004-03-09,-0.006498675942625987,2004
2004-03-10,-0.01880624767042527,2004
2004-03-11,-0.012499962241969143,2004
2004-03-12,0.019409072425123464,2004
2004-03-15,-0.020695165172858743,2004
2004-03-16,0.004226488918281923,2004
2004-03-17,0.02020217923186829,2004
2004-03-18,-0.0008253231488847268,2004
2004-03-19,-0.014037892299932131,2004
2004-03-22,-0.022613106516172543,2004
2004-03-23,0.005998297382561191,2004
2004-03-24,0.006814322674777218,2004
2004-03-25,0.02791883309603649,2004
2004-03-26,0.004115114369725337,2004
2004-03-29,0.01967228739943927,2004
2004-03-30,0.0016076033004295276,2004
2004-03-31,-0.0008026860775973699,2004
2004-04-01,0.009638689757752283,2004
2004-04-02,0.01670635939988796,2004
2004-04-05,0.011737338741635961,2004
2004-04-06,-0.010054154575688257,2004
2004-04-07,-0.0015627292030205853,2004
2004-04-08,0.0,2004
2004-04-12,0.005477545760895097,2004
2004-04-13,-0.016342440110892587,2004
2004-04-14,-0.005538098920219836,2004
2004-04-15,-0.015910928330114982,2004
2004-04-16,0.0024252268602753535,2004
2004-04-19,0.00887098433818223,2004
2004-04-20,-0.014388515890637277,2004
2004-04-21,0.012976386952705088,2004
2004-04-22,0.012009863557678635,2004
2004-04-23,0.006329124814044018,2004
2004-04-26,-0.008647813528122605,2004
2004-04-27,-0.013481387248304055,2004
2004-04-28,-0.020900358083058013,2004
2004-04-29,-0.01806242962498439,2004
2004-04-30,-0.020066986737581227,2004
2004-05-03,0.005119525597844454,2004
2004-05-04,0.015280164034122912,2004
2004-05-05,0.005016610300871749,2004
2004-05-06,-0.01414294120102122,2004
2004-05-07,-0.008438833537126045,2004
2004-05-10,-0.01787249580004735,2004
2004-05-11,0.015597950653479797,2004
2004-05-12,-0.005119340029345776,2004
2004-05-13,-0.003430537917870624,2004
2004-05-14,-0.014629912445872528,2004
2004-05-17,-0.016594105825073147,2004
2004-05-18,0.010657279259294938,2004
2004-05-19,0.007908499305177896,2004
2004-05-20,0.0008720309580154684,2004
2004-05-21,0.011323873101944493,2004
2004-05-24,0.0051680938671612164,2004
2004-05-25,0.01799489214768335,2004
2004-05-26,0.005050514296426556,2004
2004-05-27,0.007537762888489619,2004
2004-05-28,0.0024936494197684844,2004
2004-06-01,-0.004975073536868324,2004
2004-06-02,-0.0016667905130077765,2004
2004-06-03,-0.014190284160293554,2004
2004-06-04,0.012701186316129265,2004
2004-06-07,0.02508365765335241,2004
2004-06-08,0.0008156621320960511,2004
2004-06-09,-0.017115003845152188,2004
2004-06-10,0.002487626936870546,2004
2004-06-14,-0.021505355066848142,2004
2004-06-15,0.010988969237124557,2004
2004-06-16,-0.0016722438435567977,2004
2004-06-17,-0.006700179708495568,2004
2004-06-18,0.0008431107406061678,2004
2004-06-21,-0.005054769469128861,2004
2004-06-22,0.008467539390460077,2004
2004-06-23,0.011754848625493697,2004
2004-06-24,0.004149264508453099,2004
2004-06-25,0.003305911091014746,2004
2004-06-28,-0.004118682993621059,2004
2004-06-29,0.008271313473066533,2004
2004-06-30,0.004922076049892921,2004
2004-07-01,-0.02122470501762974,2004
2004-07-02,-0.007506330653058058,2004
2004-07-06,-0.03361321039894061,2004
2004-07-07,-0.0017391336141658886,2004
2004-07-08,-0.01655061610687847,2004
2004-07-09,0.008857734048501653,2004
2004-07-12,-0.00877996346715404,2004
2004-07-13,-0.0017712899614188427,2004
2004-07-14,-0.012422510475651571,2004
2004-07-15,-0.0026952926108794184,2004
2004-07-16,-0.014414505144006884,2004
2004-07-19,-0.0009140122120990801,2004
2004-07-20,0.019213076501900517,2004
2004-07-21,-0.024236769275892356,2004
2004-07-22,0.008279482538843919,2004
2004-07-23,-0.019160553282944637,2004
2004-07-26,-0.010232441895932642,2004
2004-07-27,0.01033822720511579,2004
2004-07-28,-0.0018605359414420874,2004
2004-07-29,0.018639431808830542,2004
2004-07-30,0.0036597915408527193,2004
2004-08-02,-0.004558157012100161,2004
2004-08-03,-0.021062311612300322,2004
2004-08-04,-0.0009353199025319281,2004
2004-08-05,-0.013108434618192444,2004
2004-08-06,-0.01992420034264053,2004
2004-08-09,0.0,2004
2004-08-10,0.015488824372102306,2004
2004-08-11,-0.0219254755395345,2004
2004-08-12,-0.02339206285535378,2004
2004-08-13,0.001996084089482819,2004
2004-08-16,0.013944248279190496,2004
2004-08-17,0.010805520219776543,2004
2004-08-18,0.02138001822037361,2004
2004-08-19,-0.005708858560070085,2004
2004-08-20,0.010526334045684704,2004
2004-08-23,0.0018937366915825482,2004
2004-08-24,-0.007561382659093896,2004
2004-08-25,0.009524034407570436,2004
2004-08-26,-0.005660386649464777,2004
2004-08-27,0.0056926090175482,2004
2004-08-30,-0.012264307857626666,2004
2004-08-31,0.0,2004
2004-09-01,0.005730807824686046,2004
2004-09-02,0.007597215790807965,2004
2004-09-03,-0.01979275193421326,2004
2004-09-07,0.009615402712430221,2004
2004-09-08,-0.0009523136845190905,2004
2004-09-09,0.009532905594241248,2004
2004-09-10,0.018885911792450916,2004
2004-09-13,0.010194506716138196,2004
2004-09-14,0.002752231827827467,2004
2004-09-15,-0.01646846499078225,2004
2004-09-16,0.005581472949126587,2004
2004-09-17,0.0037003510360742453,2004
2004-09-20,0.0,2004
2004-09-21,0.006451356415827059,2004
2004-09-22,-0.01556766276401833,2004
2004-09-23,0.0018605359414420874,2004
2004-09-24,-0.0074282557912864755,2004
2004-09-27,-0.009354351899329427,2004
2004-09-28,0.0028326608624695826,2004
2004-09-29,0.012241215372936098,2004
2004-09-30,0.005581472949126587,2004
2004-10-01,0.025901853682928078,2004
2004-10-04,0.00991879859203304,2004
2004-10-05,0.0,2004
2004-10-06,0.007142870550811864,2004
2004-10-07,-0.009751855493999484,2004
2004-10-08,-0.014323980449469031,2004
2004-10-11,0.0027248665089985025,2004
2004-10-12,-0.00724645532545487,2004
2004-10-13,-0.002737165201456615,2004
2004-10-14,-0.005489355676248642,2004
2004-10-15,0.002759827512947899,2004
2004-10-18,0.01284399239822398,2004
2004-10-19,-0.0009059300396906389,2004
2004-10-20,0.0009067514931067056,2004
2004-10-21,0.025362101143056925,2004
2004-10-22,-0.017667751515119345,2004
2004-10-25,-0.0008992170820083523,2004
2004-10-26,0.005400419416348612,2004
2004-10-27,0.02685757692108992,2004
2004-10-28,0.003487491788169761,2004
2004-10-29,0.0,2004
2004-11-01,0.005212994203389387,2004
2004-11-02,-0.0025931052286299883,2004
2004-11-03,0.005199442526484521,2004
2004-11-04,0.01465519897461487,2004
2004-11-05,0.008496068709641369,2004
2004-11-08,-0.0008424005036935522,2004
2004-11-09,-0.003372687466373092,2004
2004-11-10,-0.005922115384497384,2004
2004-11-11,0.013617045640831993,2004
2004-11-12,0.011754848625493697,2004
2004-11-15,0.006638835245958985,2004
2004-11-16,-0.007419634964908717,2004
2004-11-17,0.010797483421186804,2004
2004-11-18,0.0024649633281603744,2004
2004-11-19,-0.013934274458649365,2004
2004-11-22,0.0041560421914874635,2004
2004-11-23,-0.0016555123923678305,2004
2004-11-24,0.00829176919068364,2004
2004-11-26,-0.0008221911851160613,2004
2004-11-29,0.0016460934814983563,2004
2004-11-30,0.0,2004
2004-12-01,0.01889884643528661,2004
2004-12-02,0.0040321486801624395,2004
2004-12-03,0.0048194031081383315,2004
2004-12-06,0.003996809969621484,2004
2004-12-07,-0.019108200109528073,2004
2004-12-08,0.000811572057206833,2004
2004-12-09,-0.0032442437280875147,2004
2004-12-10,-0.0024407778966437643,2004
2004-12-13,0.010603489453927306,2004
2004-12-14,0.0032284160528155414,2004
2004-12-15,0.008849574038356733,2004
2004-12-16,-0.010366845334543795,2004
2004-12-17,-0.004028899561534072,2004
2004-12-20,-0.003236251649182731,2004
2004-12-21,0.011363538736619105,2004
2004-12-22,0.003210395215255568,2004
2004-12-23,0.000799885399249689,2004
2004-12-27,-0.0007992460939686419,2004
2004-12-28,0.00800001391911942,2004
2004-12-29,0.0,2004
2004-12-30,0.003174608654226141,2004
2004-12-31,0.0,2004
2005-01-03,0.0,2005
2005-01-04,-0.023144496162602612,2005
2005-01-05,-0.0073528958842499215,2005
2005-01-06,-0.002469140369573908,2005
2005-01-07,-0.0016501680763297832,2005
2005-01-10,0.002479223620758031,2005
2005-01-11,-0.010716952318386541,2005
2005-01-12,0.005000008457797911,2005
2005-01-13,-0.008292068256772755,2005
2005-01-14,0.01170570761443801,2005
2005-01-18,0.005785074798200673,2005
2005-01-19,-0.01807721400256601,2005
2005-01-20,-0.005020687282100478,2005
2005-01-21,-0.006728415193695936,2005
2005-01-24,-0.011854442470992321,2005
2005-01-25,0.0034275361702129636,2005
2005-01-26,0.012809650174608,2005
2005-01-27,0.004215736823300897,2005
2005-01-28,-0.004198038995721021,2005
2005-01-31,0.012647516099819844,2005
2005-02-01,0.004995725124413264,2005
2005-02-02,0.0033139479640196257,2005
2005-02-03,-0.011560656615842602,2005
2005-02-04,0.014202381314324608,2005
2005-02-07,-0.0024714128311029704,2005
2005-02-08,-0.0016512914692872194,2005
2005-02-09,-0.013233980837105586,2005
2005-02-10,-0.0016766917544526194,2005
2005-02-11,0.011754910925888318,2005
2005-02-14,0.005809078953226354,2005
2005-02-15,0.007425816158188825,2005
2005-02-16,-0.004914073040706013,2005
2005-02-17,-0.008230408231565733,2005
2005-02-18,0.0,2005
2005-02-22,-0.011618338392972105,2005
2005-02-23,0.0,2005
2005-02-24,0.009236136223955027,2005
2005-02-25,0.010815145147632599,2005
2005-02-28,-0.002469140369573908,2005
2005-03-01,0.007425816158188825,2005
2005-03-02,0.001637767060409967,2005
2005-03-03,-0.007358671840971498,2005
2005-03-04,0.005766012872295168,2005
2005-03-07,0.009827908586188538,2005
2005-03-08,-0.008110432932325273,2005
2005-03-09,-0.004905860262946815,2005
2005-03-10,0.0008216942532512927,2005
2005-03-11,-0.004105157650767244,2005
2005-03-14,-0.0024730922719811144,2005
2005-03-15,-0.007437970430135721,2005
2005-03-16,-0.0099915106113736,2005
2005-03-17,0.0033641771109744756,2005
2005-03-18,-0.005029589124838196,2005
2005-03-21,0.0,2005
2005-03-22,-0.010952061590940532,2005
2005-03-23,-0.0034070382565922763,2005
2005-03-24,0.002563983406603354,2005
2005-03-28,0.0017051568169499376,2005
2005-03-29,-0.013617046480979722,2005
2005-03-30,0.01898204165127937,2005
2005-03-31,-0.0016934830123176425,2005
2005-04-01,-0.0025446566207741883,2005
2005-04-04,0.0,2005
2005-04-05,-0.0008503417086505038,2005
2005-04-06,-0.0017022542065854296,2005
2005-04-07,0.01193529427397344,2005
2005-04-08,-0.005054586245645143,2005
2005-04-11,-0.0016934830123176425,2005
2005-04-12,0.004240704938259565,2005
2005-04-13,-0.01520279278829717,2005
2005-04-14,-0.016295058149294883,2005
2005-04-15,-0.028770448358032108,2005
2005-04-18,0.0008974724154620084,2005
2005-04-19,0.012556143321187818,2005
2005-04-20,-0.006200188693577857,2005
2005-04-21,0.023172819721132942,2005
2005-04-22,-0.01219495637675927,2005
2005-04-25,0.007936394285059656,2005
2005-04-26,-0.011373473092843867,2005
2005-04-27,0.0,2005
2005-04-28,-0.015929232154194284,2005
2005-04-29,0.00899275697735824,2005
2005-05-02,0.004456207110508759,2005
2005-05-03,0.0044367590566383175,2005
2005-05-04,0.014134108837908776,2005
2005-05-05,-0.0026131192352161214,2005
2005-05-06,0.006113548343144037,2005
2005-05-09,0.002604171419196666,2005
2005-05-10,-0.009523889625943083,2005
2005-05-11,0.006993083657566679,2005
2005-05-12,-0.00607639997812548,2005
2005-05-13,0.006986849077386559,2005
2005-05-16,0.00954028469512802,2005
2005-05-17,0.0077319114098399755,2005
2005-05-18,0.01875542711428002,2005
2005-05-19,0.009205220228662103,2005
2005-05-20,0.0008289483428727262,2005
2005-05-23,0.004970951977275151,2005
2005-05-24,0.003297675502443198,2005
2005-05-25,-0.009038398509918166,2005
2005-05-26,0.01160840263878482,2005
2005-05-27,-0.0008196736897699841,2005
2005-05-31,-0.0016406922117789824,2005
2005-06-01,0.005751859772758605,2005
2005-06-02,0.0,2005
2005-06-03,-0.008169772440177026,2005
2005-06-06,0.0,2005
2005-06-07,-0.0016475687432979669,2005
2005-06-08,0.0024752521144946193,2005
2005-06-09,0.008230408231565844,2005
2005-06-10,-0.008163221585432923,2005
2005-06-13,0.003292127492418029,2005
2005-06-14,-0.0032813249523307997,2005
2005-06-15,0.005761267861991826,2005
2005-06-16,0.005728206463174734,2005
2005-06-17,-0.0008134353326578747,2005
2005-06-20,-0.002443119140076888,2005
2005-06-21,0.005714296535760166,2005
2005-06-22,0.0040586845752332845,2005
2005-06-23,-0.012126365882032308,2005
2005-06-24,-0.014729741562707122,2005
2005-06-27,-0.00830596290402641,2005
2005-06-28,0.012563082107513779,2005
2005-06-29,0.0024812739668849115,2005
2005-06-30,-0.005775528452449441,2005
2005-07-01,0.0024895107251106108,2005
2005-07-05,0.010761730096164435,2005
2005-07-06,0.003275890363655165,2005
2005-07-07,0.0024491025894892715,2005
2005-07-08,0.016286673795776085,2005
2005-07-11,0.015224153148421182,2005
2005-07-12,0.006314140144707103,2005
2005-07-13,0.0023529457252033925,2005
2005-07-14,-0.0023474223677778516,2005
2005-07-15,-0.0023529457252032815,2005
2005-07-18,-0.003930825227086765,2005
2005-07-19,0.01420692976194271,2005
2005-07-20,0.0038909447749646553,2005
2005-07-21,-0.006201449841088946,2005
2005-07-22,-0.003900276161176386,2005
2005-07-25,-0.006264694942419213,2005
2005-07-26,0.0015760471904679996,2005
2005-07-27,0.00865473353509616,2005
2005-07-28,0.0039001630637989226,2005
2005-07-29,-0.0062161300785237295,2005
2005-08-01,0.0015636113084251946,2005
2005-08-02,0.007025888623694909,2005
2005-08-03,0.00542647935347107,2005
2005-08-04,-0.010794047841162446,2005
2005-08-05,-0.0023382736441267538,2005
2005-08-08,-0.0015627292030205853,2005
2005-08-09,0.007824741225926024,2005
2005-08-10,-0.003881769865519913,2005
2005-08-11,0.008573670028464653,2005
2005-08-12,-0.004637017052556258,2005
2005-08-15,0.0015527980026384114,2005
2005-08-16,-0.012403236870207168,2005
2005-08-17,0.004709927208663922,2005
2005-08-18,-0.004687847786822741,2005
2005-08-19,0.0015699757362213074,2005
2005-08-22,0.003135029552113533,2005
2005-08-23,-0.0031252318578818272,2005
2005-08-24,-0.005485904014008169,2005
2005-08-25,0.0007879093392393344,2005
2005-08-26,-0.0023620954126714055,2005
2005-08-29,0.0,2005
2005-08-30,-0.003945994281386644,2005
2005-08-31,0.011885569852941202,2005
2005-09-01,0.0023494876838385803,2005
2005-09-02,0.0023437539822919184,2005
2005-09-06,0.008573670028464653,2005
2005-09-07,0.0030910832550954392,2005
2005-09-08,0.0015409465064246675,2005
2005-09-09,0.009230673142179624,2005
2005-09-12,0.0030486753672953615,2005
2005-09-13,-0.0007598798426915465,2005
2005-09-14,-0.0076043564732845015,2005
2005-09-15,-0.0045979310199243395,2005
2005-09-16,0.0030795208403977536,2005
2005-09-19,-0.006140021738607948,2005
2005-09-20,0.003088921275780754,2005
2005-09-21,-0.01539648802915805,2005
2005-09-22,-0.003127449342190447,2005
2005-09-23,0.0,2005
2005-09-26,0.005490320410459493,2005
2005-09-27,-0.0007802588075148664,2005
2005-09-28,0.005464605193027383,2005
2005-09-29,0.01708089059956075,2005
2005-09-30,0.008396850754848861,2005
2005-10-03,0.0037850184174594848,2005
2005-10-04,-0.009049571888833818,2005
2005-10-05,-0.012176690618840413,2005
2005-10-06,-0.011556149320453235,2005
2005-10-07,0.003896896721783616,2005
2005-10-10,-0.00621096686947753,2005
2005-10-11,-0.006250237167604311,2005
2005-10-12,-0.012578412753632806,2005
2005-10-13,0.0007960642840378895,2005
2005-10-14,0.009546441651336224,2005
2005-10-17,-0.0007879093392393344,2005
2005-10-18,-0.0086750947357348,2005
2005-10-19,0.004773278499034417,2005
2005-10-20,-0.007126018623803909,2005
2005-10-21,0.007974612955916172,2005
2005-10-24,0.018196235927629312,2005
2005-10-25,-0.002331119190692066,2005
2005-10-26,-0.003115044935308009,2005
2005-10-27,-0.023437766371077973,2005
2005-10-28,0.007200246182883507,2005
2005-10-31,0.022239796169846837,2005
2005-11-01,-0.002331119190692066,2005
2005-11-02,-0.004672906166639401,2005
2005-11-03,0.006259792980740864,2005
2005-11-04,0.005443245269616925,2005
2005-11-07,0.004640380075632944,2005
2005-11-08,-0.003079409223114671,2005
2005-11-09,0.007722359170482029,2005
2005-11-10,0.004597486603626244,2005
2005-11-11,0.0030511117623963635,2005
2005-11-14,0.0022813730975050905,2005
2005-11-15,-0.0022761802810468135,2005
2005-11-16,-0.001520915398336764,2005
2005-11-17,0.012947362469610368,2005
2005-11-18,0.009774673301797376,2005
2005-11-21,0.0007443870035104272,2005
2005-11-22,0.0022321471916111335,2005
2005-11-23,0.0,2005
2005-11-25,-0.002227175807387516,2005
2005-11-28,-0.0029760883753795486,2005
2005-11-29,-0.0029848637134772815,2005
2005-11-30,0.002245404111422822,2005
2005-12-01,0.021657882936853667,2005
2005-12-02,0.002923875889115468,2005
2005-12-05,-0.004373080482815261,2005
2005-12-06,0.002196197227872787,2005
2005-12-07,0.0,2005
2005-12-08,-0.0036522016154245662,2005
2005-12-09,0.009530701700304345,2005
2005-12-12,0.002904765554978983,2005
2005-12-13,0.0,2005
2005-12-14,0.0028965623100014604,2005
2005-12-15,-0.004332242360186922,2005
2005-12-16,-0.0007251645341236346,2005
2005-12-19,-0.012336743248771431,2005
2005-12-20,-0.002204265799235716,2005
2005-12-21,0.009572812954964816,2005
2005-12-22,0.008023356749023547,2005
2005-12-23,0.0014472858014391576,2005
2005-12-27,-0.010115626011609757,2005
2005-12-28,0.0029197135912095717,2005
2005-12-29,0.0014556068405291445,2005
2005-12-30,-0.005813859144339073,2005
2006-01-03,0.0,2006
2006-01-04,0.014336841938965339,2006
2006-01-05,0.010600728438243445,2006
2006-01-06,0.020280065580485562,2006
2006-01-09,0.006853921797973728,2006
2006-01-10,-0.0034037807174035484,2006
2006-01-11,0.011612043708402409,2006
2006-01-12,-0.004726544916127562,2006
2006-01-13,0.0027138076435750946,2006
2006-01-17,-0.009472374635904335,2006
2006-01-18,-0.005464293081965721,2006
2006-01-19,0.016483345225037027,2006
2006-01-20,-0.02364859470072178,2006
2006-01-23,0.004152356974064242,2006
2006-01-24,0.004824267326702936,2006
2006-01-25,0.0034291621887407864,2006
2006-01-26,0.014354094014325858,2006
2006-01-27,0.009433979776903634,2006
2006-01-30,-0.002002770699499501,2006
2006-01-31,-0.0033443911087145395,2006
2006-02-01,0.004698092572469337,2006
2006-02-02,-0.012024262767159177,2006
2006-02-03,-0.005409070781126291,2006
2006-02-06,0.0,2006
2006-02-07,-0.00883724721592416,2006
2006-02-08,0.009601912685493597,2006
2006-02-09,-0.0033964503242791544,2006
2006-02-10,0.0027263611099634932,2006
2006-02-13,-0.010196869202768077,2006
2006-02-14,0.006181229563986923,2006
2006-02-15,0.005460562641631972,2006
2006-02-16,0.006110090094151532,2006
2006-02-17,-0.005398120695584319,2006
2006-02-21,-0.008141029468455074,2006
2006-02-22,0.006839759144637414,2006
2006-02-23,-0.00203785049472216,2006
2006-02-24,0.004084517120811704,2006
2006-02-27,0.007457344684361322,2006
2006-02-28,-0.008748334702908256,2006
2006-03-01,0.019008862947806904,2006
2006-03-02,0.0006664169977581569,2006
2006-03-03,-0.005326240945795813,2006
2006-03-06,-0.002008035636300143,2006
2006-03-07,-0.011401860997651614,2006
2006-03-08,0.0,2006
2006-03-09,-0.0027138076435750946,2006
2006-03-10,0.0027211924364087814,2006
2006-03-13,0.0020353803240731327,2006
2006-03-14,0.009478689734442991,2006
2006-03-15,0.008048303826095005,2006
2006-03-16,-0.006653467967397408,2006
2006-03-17,0.007367632488903375,2006
2006-03-20,0.0013296933944710876,2006
2006-03-21,-0.006639734564658162,2006
2006-03-22,0.002673510439871629,2006
2006-03-23,-0.0059998182781272336,2006
2006-03-24,0.002682573453997694,2006
2006-03-27,0.000669188570065149,2006
2006-03-28,-0.008021597428545246,2006
2006-03-29,0.016172341354955044,2006
2006-03-30,0.008620803209028693,2006
2006-03-31,0.0013149268987773244,2006
2006-04-03,0.003939790811426036,2006
2006-04-04,0.004578068644478073,2006
2006-04-05,0.010416779744100602,2006
2006-04-06,0.0012885685388979162,2006
2006-04-07,-0.00965262006551837,2006
2006-04-10,-0.0032486805974075716,2006
2006-04-11,-0.007822888134004002,2006
2006-04-12,-0.0019711896889974545,2006
2006-04-13,0.0032917412858961548,2006
2006-04-17,-0.005905523047837091,2006
2006-04-18,0.02244247858753079,2006
2006-04-19,0.0071012740752389725,2006
2006-04-20,0.0012819606032028474,2006
2006-04-21,-0.0012803192843207079,2006
2006-04-24,-0.0032051338651089,2006
2006-04-25,-0.005787978087456236,2006
2006-04-26,0.0025876085708167462,2006
2006-04-27,0.007096692600379484,2006
2006-04-28,-0.0044843128465592574,2006
2006-05-01,0.000643501784254985,2006
2006-05-02,0.00771696223040097,2006
2006-05-03,0.006381725268906235,2006
2006-05-04,0.00824342277652379,2006
2006-05-05,0.004402523752508936,2006
2006-05-08,-0.0037570512803635214,2006
2006-05-09,-0.003142683289245274,2006
2006-05-10,-0.009457772651802032,2006
2006-05-11,-0.020369229196005922,2006
2006-05-12,-0.009746607058689682,2006
2006-05-15,-0.009186274047170317,2006
2006-05-16,-0.006622624658755405,2006
2006-05-17,-0.013333262448914862,2006
2006-05-18,-0.007432348300143943,2006
2006-05-19,0.006126627630673065,2006
2006-05-22,-0.021650917797850222,2006
2006-05-23,-0.008990334345261086,2006
2006-05-24,0.0041870278628279856,2006
2006-05-25,0.008339240274203075,2006
2006-05-26,0.005513448373374752,2006
2006-05-30,-0.020562063524463547,2006
2006-05-31,0.007697602507194645,2006
2006-06-01,0.017361142576136857,2006
2006-06-02,-0.0013652891151867408,2006
2006-06-05,-0.023923688234195772,2006
2006-06-06,-0.004901666633668089,2006
2006-06-07,-0.011259798998410231,2006
2006-06-08,-0.01138771629179225,2006
2006-06-09,-0.005759549457427404,2006
2006-06-12,-0.018826865615229393,2006
2006-06-13,-0.01697430580694137,2006
2006-06-14,0.010510529960039428,2006
2006-06-15,0.032689294645410705,2006
2006-06-16,-0.0035969208113104667,2006
2006-06-19,-0.008664380033851393,2006
2006-06-20,-0.005826668031037929,2006
2006-06-21,0.016849955286520446,2006
2006-06-22,-0.0079251905798996,2006
2006-06-23,-0.0021783374824724255,2006
2006-06-26,0.0050944112798203545,2006
2006-06-27,-0.017378847086639615,2006
2006-06-28,0.0007371347862550337,2006
2006-06-29,0.03019129606634996,2006
2006-06-30,0.0021444964884542728,2006
2006-07-03,0.00784594817332751,2006
2006-07-05,-0.01769288295125393,2006
2006-07-06,0.0007204623745131755,2006
2006-07-07,-0.01295898627921166,2006
2006-07-10,-0.013858522362536263,2006
2006-07-11,0.010355155705898955,2006
2006-07-12,-0.01976587909548655,2006
2006-07-13,-0.015683374650489745,2006
2006-07-14,-0.004552140545634242,2006
2006-07-17,-0.003048785541674981,2006
2006-07-18,-0.0015292762286780448,2006
2006-07-19,0.020673741169130233,2006
2006-07-20,-0.009002159417504374,2006
2006-07-21,-0.019681986012389574,2006
2006-07-24,0.02239375054791415,2006
2006-07-25,0.006042307321238338,2006
2006-07-26,0.01576579494005892,2006
2006-07-27,0.0014783064555536907,2006
2006-07-28,0.017711993437640405,2006
2006-07-31,0.0007252696761468336,2006
2006-08-01,-0.017391335410764763,2006
2006-08-02,0.008849573608245676,2006
2006-08-03,0.0021929864074270444,2006
2006-08-04,-0.008023355051994696,2006
2006-08-07,-0.007352741281013264,2006
2006-08-08,-0.008148376076086872,2006
2006-08-09,0.002987417740165643,2006
2006-08-10,0.009679730055799363,2006
2006-08-11,-0.008849680533643323,2006
2006-08-14,0.009672637830315356,2006
2006-08-15,0.03168760700020545,2006
2006-08-16,0.023571472512531777,2006
2006-08-17,0.006978278591449838,2006
2006-08-18,0.0,2006
2006-08-21,-0.013167038304111478,2006
2006-08-22,-0.0021066438292491885,2006
2006-08-23,-0.006333681576643269,2006
2006-08-24,0.0021245473528128667,2006
2006-08-25,0.0,2006
2006-08-28,0.007773969988426277,2006
2006-08-29,0.009817792452198937,2006
2006-08-30,0.008333549812710173,2006
2006-08-31,-0.0013775125249290143,2006
2006-09-01,0.002758425391672814,2006
2006-09-05,0.0068775921227886005,2006
2006-09-06,-0.023906950736487187,2006
2006-09-07,-0.0055984316233818054,2006
2006-09-08,0.005629950516390814,2006
2006-09-11,0.006997811237164475,2006
2006-09-12,0.02362736044631797,2006
2006-09-13,0.002715748714399613,2006
2006-09-14,0.0020310496344748685,2006
2006-09-15,0.0020272267336471916,2006
2006-09-18,0.0026971420481776143,2006
2006-09-19,-0.006724961365842885,2006
2006-09-20,0.01218669046990084,2006
2006-09-21,-0.008695572056818923,2006
2006-09-22,-0.006747748704058698,2006
2006-09-25,0.013587081787059585,2006
2006-09-26,0.002681164455280882,2006
2006-09-27,0.0013367067604390659,2006
2006-09-28,0.0026703286694611528,2006
2006-09-29,-0.003994584177504312,2006
2006-10-02,-0.007353147129332105,2006
2006-10-03,0.0013469014821871905,2006
2006-10-04,0.014122126351464148,2006
2006-10-05,0.00397888402220814,2006
2006-10-06,-0.001320910726431035,2006
2006-10-09,0.0,2006
2006-10-10,0.00198403470574382,2006
2006-10-11,0.0026401733765211155,2006
2006-10-12,0.011849925003736939,2006
2006-10-13,0.005855574384557638,2006
2006-10-16,0.006468505612206021,2006
2006-10-17,-0.0077122822796323875,2006
2006-10-18,-0.00777184824001842,2006
2006-10-19,0.001958038781262994,2006
2006-10-20,-0.001302934180571147,2006
2006-10-23,0.0026092680656912837,2006
2006-10-24,-0.009108576931189605,2006
2006-10-25,0.007879105618743054,2006
2006-10-26,0.009120822633763348,2006
2006-10-27,-0.008392619040598848,2006
2006-10-30,0.005859291113751386,2006
2006-10-31,-0.0019417512172896778,2006
2006-11-01,-0.009727550724700329,2006
2006-11-02,0.004584255153488925,2006
2006-11-03,0.0013036886648178925,2006
2006-11-06,0.01236981385196767,2006
2006-11-07,0.0012861759120157412,2006
2006-11-08,0.0,2006
2006-11-09,-0.0025689544549992727,2006
2006-11-10,0.007082890215061699,2006
2006-11-13,0.007033261122206813,2006
2006-11-14,0.013968279685954377,2006
2006-11-15,0.0,2006
2006-11-16,0.0037570512803635214,2006
2006-11-17,-0.0006238314466585626,2006
2006-11-20,0.0031211042762884222,2006
2006-11-21,0.0018667457514842667,2006
2006-11-22,0.009316697749643055,2006
2006-11-24,-0.0006152073730663066,2006
2006-11-27,-0.02339905655963892,2006
2006-11-28,0.004413718656701038,2006
2006-11-29,0.010043777581705937,2006
2006-11-30,0.011808779326629715,2006
2006-12-01,-0.009213952926254043,2006
2006-12-04,0.01115944139421332,2006
2006-12-05,0.003065609374426348,2006
2006-12-06,-0.0006113366524063135,2006
2006-12-07,-0.006727752595779513,2006
2006-12-08,0.0006155860861651874,2006
2006-12-11,0.0006154750485005689,2006
2006-12-12,-0.006149983846806872,2006
2006-12-13,0.0006187232695578082,2006
2006-12-14,0.008658114627595026,2006
2006-12-15,0.0018392767277621846,2006
2006-12-18,-0.009179943666530965,2006
2006-12-19,0.0006177559428783841,2006
2006-12-20,0.00432099538893338,2006
2006-12-21,-0.004917123078860275,2006
2006-12-22,-0.0049412415407825705,2006
2006-12-26,0.004345135071429418,2006
2006-12-27,0.0067985288717258285,2006
2006-12-28,-0.0018417129104947305,2006
2006-12-29,-0.002460029206827863,2006
2006-12-30,0.0,2006
2007-01-03,0.0,2007
2007-01-04,0.014778443430262245,2007
2007-01-05,-0.008495073346627136,2007
2007-01-08,0.0024478960268430328,2007
2007-01-09,0.0012208264566688776,2007
2007-01-10,0.007317353276532934,2007
2007-01-11,0.0006053279390658695,2007
2007-01-12,0.0018147097889686936,2007
2007-01-16,-0.007850081557355892,2007
2007-01-17,-0.0006087320485598235,2007
2007-01-18,-0.02131550846620256,2007
2007-01-19,-0.0018667459199105396,2007
2007-01-22,-0.007481129496704653,2007
2007-01-23,0.0018841519758732161,2007
2007-01-24,0.020689876475066038,2007
2007-01-25,-0.00982802645850922,2007
2007-01-26,0.004962697692784124,2007
2007-01-29,-0.0006173745560774657,2007
2007-01-30,0.0049413310965875645,2007
2007-01-31,0.0,2007
2007-02-01,0.007990002671681262,2007
2007-02-02,0.0030487866872210834,2007
2007-02-05,0.0018238881844516719,2007
2007-02-06,0.001213506495334693,2007
2007-02-07,0.0060607935235308386,2007
2007-02-08,0.001204734037907329,2007
2007-02-09,-0.010830257512283392,2007
2007-02-12,-0.0060827357900166135,2007
2007-02-13,0.0030598922169737808,2007
2007-02-14,0.015863272306253284,2007
2007-02-15,0.004804988173013447,2007
2007-02-16,0.0017931890017395258,2007
2007-02-20,0.00238655246418662,2007
2007-02-21,-0.0011903920440075044,2007
2007-02-22,0.005959313051092652,2007
2007-02-23,0.0029621768005363425,2007
2007-02-26,-0.0029534282239692677,2007
2007-02-27,-0.03376766453240365,2007
2007-02-28,0.0,2007
2007-03-01,-0.00490506389597567,2007
2007-03-02,-0.019100199127910833,2007
2007-03-05,-0.011934966155756177,2007
2007-03-06,0.020343332448455875,2007
2007-03-07,-0.002492126228944236,2007
2007-03-08,0.009993772005031376,2007
2007-03-09,0.0018552908967186532,2007
2007-03-12,0.008641990777866981,2007
2007-03-13,-0.014687908563137286,2007
2007-03-14,0.006832220386071786,2007
2007-03-15,0.004318509025389661,2007
2007-03-16,-0.0006144297750585448,2007
2007-03-19,0.005531931048163408,2007
2007-03-20,0.004889806100497163,2007
2007-03-21,0.017639933791048,2007
2007-03-22,0.0005976430020779855,2007
2007-03-23,0.0,2007
2007-03-26,-0.0005972860382569278,2007
2007-03-27,-0.004184194335893898,2007
2007-03-28,-0.011404495638569379,2007
2007-03-29,-0.0006073416771873452,2007
2007-03-30,0.0012151572701550872,2007
2007-04-02,0.0,2007
2007-04-03,0.010922350276938664,2007
2007-04-04,0.005402170737419443,2007
2007-04-05,0.004776128084993836,2007
2007-04-09,-0.0005943504401846322,2007
2007-04-10,0.0,2007
2007-04-11,-0.008323354795486626,2007
2007-04-12,0.008992909877753918,2007
2007-04-13,0.0029708045483876067,2007
2007-04-16,0.009478690897546604,2007
2007-04-17,-0.0029342777932733766,2007
2007-04-18,-0.005297158273255387,2007
2007-04-19,-0.0029586710054102516,2007
2007-04-20,0.007715062088351932,2007
2007-04-23,-0.0011777732255846551,2007
2007-04-24,0.007665023266072657,2007
2007-04-25,0.0040960553832840585,2007
2007-04-26,0.005827601153505224,2007
2007-04-27,0.0017381258935396104,2007
2007-04-30,-0.00983220644681726,2007
2007-05-01,-0.0011683109687250504,2007
2007-05-02,0.00877186065380342,2007
2007-05-03,0.0052174009521317455,2007
2007-05-04,0.003460046744913736,2007
2007-05-07,0.0028738189494061928,2007
2007-05-08,-0.002292433788629422,2007
2007-05-09,0.0011489338383667835,2007
2007-05-10,-0.013195745937470083,2007
2007-05-11,0.012209240671145816,2007
2007-05-14,-0.005744002950118343,2007
2007-05-15,-0.00924306384909157,2007
2007-05-16,0.006414175726552118,2007
2007-05-17,-0.0017382098974975113,2007
2007-05-18,0.008125377781933008,2007
2007-05-21,0.008059888145867555,2007
2007-05-22,0.002284413070704705,2007
2007-05-23,-0.00284909064306782,2007
2007-05-24,-0.020000038111881113,2007
2007-05-25,0.01166208388469303,2007
2007-05-29,0.005763614825833541,2007
2007-05-30,0.0051574359439658934,2007
2007-05-31,0.010832651708250873,2007
2007-06-01,0.003383773181050209,2007
2007-06-04,0.0022485400871199435,2007
2007-06-05,-0.0005609348632483746,2007
2007-06-06,-0.007856193802820544,2007
2007-06-07,-0.015271602773655024,2007
2007-06-08,0.013785207335254679,2007
2007-06-11,-0.002832620098836891,2007
2007-06-12,-0.009090924069299011,2007
2007-06-13,0.010894430390607335,2007
2007-06-14,0.00850815707037933,2007
2007-06-15,0.006749168463694,2007
2007-06-18,0.0,2007
2007-06-19,0.002793301067067766,2007
2007-06-20,-0.007799456756908074,2007
2007-06-21,0.011791149697542247,2007
2007-06-22,-0.009434059424677677,2007
2007-06-25,-0.007282845544053562,2007
2007-06-26,-0.0011286702032866636,2007
2007-06-27,0.013559346469776301,2007
2007-06-28,-0.0016724054157066792,2007
2007-06-29,-0.001116534843181194,2007
2007-07-02,0.008943316688428737,2007
2007-07-03,0.0038783651135105845,2007
2007-07-05,0.004415098826614505,2007
2007-07-06,0.006593178628130358,2007
2007-07-09,0.0,2007
2007-07-10,-0.0070960042041015026,2007
2007-07-11,0.003298521715148439,2007
2007-07-12,0.018082145375046377,2007
2007-07-13,-0.001076272208844209,2007
2007-07-16,-0.0037717925662517082,2007
2007-07-17,0.009194255444881172,2007
2007-07-18,-0.0075026158182370795,2007
2007-07-19,0.011339191579007313,2007
2007-07-20,-0.0074748845782481865,2007
2007-07-23,0.002151698654868639,2007
2007-07-24,-0.012882472729966898,2007
2007-07-25,0.0005438537041420055,2007
2007-07-26,-0.012499944840437593,2007
2007-07-27,-0.017611479763603444,2007
2007-07-30,0.010083971225368416,2007
2007-07-31,-0.012756461119813545,2007
2007-08-01,0.001685396415972873,2007
2007-08-02,0.008412640534594118,2007
2007-08-03,-0.03337023692298091,2007
2007-08-06,0.006904417165180421,2007
2007-08-07,0.0017143718329337698,2007
2007-08-08,0.013690840656556347,2007
2007-08-09,-0.023635219701912846,2007
2007-08-10,0.010374489972861278,2007
2007-08-13,0.006274885924135498,2007
2007-08-14,-0.018140459474687676,2007
2007-08-15,-0.015011573733990202,2007
2007-08-16,-0.00879268273923206,2007
2007-08-17,0.013601446101640713,2007
2007-08-20,0.0052509699541554156,2007
2007-08-21,0.008125377781933008,2007
2007-08-22,0.013817034579188814,2007
2007-08-23,0.0005677778183961202,2007
2007-08-24,0.01418853022079758,2007
2007-08-27,-0.003917348577897273,2007
2007-08-28,-0.020224512625078073,2007
2007-08-29,0.025229067200250643,2007
2007-08-30,-0.0016777745233222952,2007
2007-08-31,0.014005628406574155,2007
2007-09-04,0.012707205732473303,2007
2007-09-05,-0.006001260225888316,2007
2007-09-06,0.002744481295183787,2007
2007-09-07,-0.014231083954451496,2007
2007-09-10,-0.0027763210710741726,2007
2007-09-11,0.012806341622354056,2007
2007-09-12,-0.004947782572722548,2007
2007-09-13,0.0011050545169573045,2007
2007-09-14,-0.004415098826614505,2007
2007-09-17,-0.0044346783698817616,2007
2007-09-18,0.023942059199540733,2007
2007-09-19,0.003806502875612683,2007
2007-09-20,-0.0016251384913945621,2007
2007-09-21,0.005968540840570968,2007
2007-09-24,-0.0005393753381359723,2007
2007-09-25,0.010793484910975426,2007
2007-09-26,0.005872941128384657,2007
2007-09-27,0.0031844878907267837,2007
2007-09-28,-0.0010582798024288964,2007
2007-10-01,0.010063579415904966,2007
2007-10-02,0.0036708462607981662,2007
2007-10-03,-0.005224594143066974,2007
2007-10-04,0.002626131170248902,2007
2007-10-05,0.011000238410779017,2007
2007-10-08,0.005181507520292783,2007
2007-10-09,0.006700893472392888,2007
2007-10-10,0.004608378066068397,2007
2007-10-11,-0.010193698751149949,2007
2007-10-12,0.014418152555306873,2007
2007-10-15,-0.007614153608597629,2007
2007-10-16,-0.009207325841720015,2007
2007-10-17,0.01084152858539289,2007
2007-10-18,0.0020429789030160794,2007
2007-10-19,-0.021916452314972412,2007
2007-10-22,0.007295555724463831,2007
2007-10-23,0.0139679506494097,2007
2007-10-24,-0.009183763748977669,2007
2007-10-25,-0.014418077894726933,2007
2007-10-26,0.018286268882708567,2007
2007-10-29,0.009235522563670218,2007
2007-10-30,-0.0045755778220473164,2007
2007-10-31,0.011746554801063347,2007
2007-11-01,-0.0171628645658628,2007
2007-11-02,0.006163116265083479,2007
2007-11-05,-0.007146222077321851,2007
2007-11-06,0.0066836674943444585,2007
2007-11-07,-0.018896721784912973,2007
2007-11-08,-0.02186365230638454,2007
2007-11-09,-0.02554547307178956,2007
2007-11-12,-0.01802312948355067,2007
2007-11-13,0.03058968624637437,2007
2007-11-14,-0.004856841294958447,2007
2007-11-15,-0.010303784087587031,2007
2007-11-16,0.008219113653910703,2007
2007-11-19,-0.016304299861250038,2007
2007-11-20,-0.002762596239674564,2007
2007-11-21,-0.0144043807323605,2007
2007-11-23,0.007307653406482428,2007
2007-11-26,-0.011718932679752658,2007
2007-11-27,0.014116346200842456,2007
2007-11-28,0.027839697592344503,2007
2007-11-29,0.001083268574419538,2007
2007-11-30,-0.0021641927468473154,2007
2007-12-03,-0.009761405171832216,2007
2007-12-04,-0.002738468623698753,2007
2007-12-05,0.021966235361974062,2007
2007-12-06,0.013433660854697882,2007
2007-12-07,0.0031811877869449834,2007
2007-12-10,0.002114245426887651,2007
2007-12-11,-0.018459871608172418,2007
2007-12-12,0.013433660854697882,2007
2007-12-13,-0.00689290667388287,2007
2007-12-14,-0.010678229600902145,2007
2007-12-17,-0.02158673508231579,2007
2007-12-18,0.0022064522774523088,2007
2007-12-19,0.0027516341194013805,2007
2007-12-20,0.010428360467660047,2007
2007-12-21,0.015752414577681728,2007
2007-12-24,0.00962529644612009,2007
2007-12-26,0.0021188018901032724,2007
2007-12-27,-0.013213401690538085,2007
2007-12-28,0.002677942453631399,2007
2007-12-29,0.0,2007
2007-12-30,0.0,2007
2008-01-02,0.0,2008
2008-01-03,-0.0032840785045705756,2008
2008-01-04,-0.03734195220747971,2008
2008-01-07,-0.013691087654523204,2008
2008-01-08,-0.02082124202581681,2008
2008-01-09,0.011222960660288273,2008
2008-01-10,0.0011680568960243942,2008
2008-01-11,-0.016919433476609735,2008
2008-01-14,0.017804186474910555,2008
2008-01-15,-0.02448975485474114,2008
2008-01-16,-0.008966031673865782,2008
2008-01-17,-0.026537958873496414,2008
2008-01-18,0.002478319198673251,2008
2008-01-22,-0.030284355883142045,2008
2008-01-23,0.008285270270232736,2008
2008-01-24,0.04614440193598579,2008
2008-01-25,-0.015105855580009764,2008
2008-01-28,0.006135070282317745,2008
2008-01-29,0.004268389016448326,2008
2008-01-30,-0.0006071656106045875,2008
2008-01-31,0.0,2008
2008-02-01,0.02733887563574422,2008
2008-02-04,-0.0029568358555253083,2008
2008-02-05,-0.03736661873770242,2008
2008-02-06,-0.019100379504420673,2008
2008-02-07,0.0018843346399814997,2008
2008-02-08,0.010031549830542552,2008
2008-02-11,0.00993164730560503,2008
2008-02-12,-0.0006144510692874805,2008
2008-02-13,0.022755176934724508,2008
2008-02-14,-0.013830538242050272,2008
2008-02-15,-0.0030486977390887793,2008
2008-02-19,-0.0006114445210535502,2008
2008-02-20,0.010403755918535484,2008
2008-02-21,-0.001211476985845228,2008
2008-02-22,0.0,2008
2008-02-25,0.012735102344719085,2008
2008-02-26,0.01017957157381022,2008
2008-02-27,0.006520376326425437,2008
2008-02-28,-0.012956529045475174,2008
2008-02-29,-0.024462796304532408,2008
2008-03-03,-0.0055045082394254985,2008
2008-03-04,0.0,2008
2008-03-05,0.007994825985600862,2008
2008-03-06,-0.015253055932235915,2008
2008-03-07,-0.006815467629583072,2008
2008-03-10,-0.016219438180803514,2008
2008-03-11,0.025998685244861708,2008
2008-03-12,-0.0024721923169911397,2008
2008-03-13,0.007435047429251496,2008
2008-03-14,-0.020910422869386158,2008
2008-03-17,-0.023869301310755597,2008
2008-03-18,0.029601084837558966,2008
2008-03-19,-0.028125050973341614,2008
2008-03-20,0.02186499254299501,2008
2008-03-24,0.03335418926350586,2008
2008-03-25,0.007917277859348593,2008
2008-03-26,-0.007855086953329815,2008
2008-03-27,-0.02375148037254704,2008
2008-03-28,0.0018714945092517254,2008
2008-03-31,-0.0006227564674631259,2008
2008-04-01,0.02928354729498084,2008
2008-04-02,0.0012110071580897497,2008
2008-04-03,0.007859395737235264,2008
2008-04-04,0.0,2008
2008-04-07,-0.0065986928904991915,2008
2008-04-08,-0.006038483864951871,2008
2008-04-09,-0.010935708810492106,2008
2008-04-10,0.011670872559012668,2008
2008-04-11,-0.02307229320297599,2008
2008-04-14,-0.0043506262315547994,2008
2008-04-15,0.0024968836470140587,2008
2008-04-16,0.02988824780543342,2008
2008-04-17,-0.001813962947573633,2008
2008-04-18,0.027861687354279185,2008
2008-04-21,0.0023571053980173673,2008
2008-04-22,-0.017048828250527115,2008
2008-04-23,0.01435409561471146,2008
2008-04-24,0.01356143290979639,2008
2008-04-25,-0.0029086732274953286,2008
2008-04-28,-0.003500505353156713,2008
2008-04-29,0.009367613309105849,2008
2008-04-30,-0.008700712153983603,2008
2008-05-01,0.026916290735407244,2008
2008-05-02,-0.0005697190366460436,2008
2008-05-05,-0.010262276359483402,2008
2008-05-06,0.012672834345457407,2008
2008-05-07,-0.01194533169087364,2008
2008-05-08,0.009211299969248854,2008
2008-05-09,0.0,2008
2008-05-12,0.009697595286185301,2008
2008-05-13,0.007344564088735073,2008
2008-05-14,0.0033652025870984925,2008
2008-05-15,0.01621012113826148,2008
2008-05-16,0.004950424377346829,2008
2008-05-19,-0.004378771339427434,2008
2008-05-20,-0.008795899189988132,2008
2008-05-21,-0.011647436014452173,2008
2008-05-22,0.009539942866116258,2008
2008-05-23,-0.007782034997678822,2008
2008-05-27,0.009523907770233375,2008
2008-05-28,0.004439438694026965,2008
2008-05-29,0.008839714478608096,2008
2008-05-30,0.01697695050595538,2008
2008-06-02,-0.014001103242149981,2008
2008-06-03,0.0016384520488490484,2008
2008-06-04,0.005452731164352409,2008
2008-06-05,0.014641793244025036,2008
2008-06-06,-0.021913381944150045,2008
2008-06-09,-0.008196658317147332,2008
2008-06-10,-0.01542694693758151,2008
2008-06-11,-0.015668666626206584,2008
2008-06-12,0.0034110351793603666,2008
2008-06-13,0.018130262232975536,2008
2008-06-16,0.00445187247970491,2008
2008-06-17,-0.0027700078929641103,2008
2008-06-18,-0.008888985191441878,2008
2008-06-19,0.011210783287854298,2008
2008-06-20,-0.02272747548356735,2008
2008-06-23,-0.00623896634254395,2008
2008-06-24,-0.009132600721445172,2008
2008-06-25,0.015552773409214016,2008
2008-06-26,-0.02722604578882515,2008
2008-06-27,-0.006413921013728507,2008
2008-06-30,-0.008216146600016239,2008
2008-07-01,0.0065088022314521154,2008
2008-07-02,-0.017048828250527115,2008
2008-07-03,-0.004186524503933087,2008
2008-07-07,0.0024024940865066124,2008
2008-07-08,0.0119832453484785,2008
2008-07-09,-0.022498474548742875,2008
2008-07-10,0.008479548520860858,2008
2008-07-11,-0.01141125911014973,2008
2008-07-14,-0.013365758662321259,2008
2008-07-15,-0.0018474724990599212,2008
2008-07-16,0.014188800283362779,2008
2008-07-17,0.01642330133597958,2008
2008-07-18,-0.005984278860036829,2008
2008-07-21,-0.007224576759425894,2008
2008-07-22,0.0030324100696272893,2008
2008-07-23,0.013300670955028293,2008
2008-07-24,-0.021479583322555618,2008
2008-07-25,0.004878057837024885,2008
2008-07-28,-0.013349363267607939,2008
2008-07-29,0.01844994825004731,2008
2008-07-30,0.004830839624879957,2008
2008-07-31,-0.002403763837413253,2008
2008-08-01,0.0066264314134738544,2008
2008-08-04,-0.008976591827894898,2008
2008-08-05,0.025966233591123933,2008
2008-08-06,0.014125982965836892,2008
2008-08-07,-0.006964525377142428,2008
2008-08-08,0.018702461691828542,2008
2008-08-11,0.004589796121915013,2008
2008-08-12,-0.004568826141409521,2008
2008-08-13,-0.0011475322151265344,2008
2008-08-14,0.005743919669903841,2008
2008-08-15,-0.0017134754122115625,2008
2008-08-18,-0.011441421534229002,2008
2008-08-19,-0.010995473651398524,2008
2008-08-20,0.011117718229251894,2008
2008-08-21,-0.010416685021264027,2008
2008-08-22,0.00935665701672117,2008
2008-08-25,-0.018539759076628415,2008
2008-08-26,0.001180297101065264,2008
2008-08-27,0.012382185308065896,2008
2008-08-28,0.008153687255676223,2008
2008-08-29,-0.01733105591872608,2008
2008-09-02,-0.008230298333397834,2008
2008-09-03,-0.01719030962720247,2008
2008-09-04,-0.0289504210899586,2008
2008-09-05,0.001242148093987483,2008
2008-09-08,0.009305137712512401,2008
2008-09-09,-0.030116746594319177,2008
2008-09-10,0.008238199555545167,2008
2008-09-11,0.0043998481378015875,2008
2008-09-12,-0.010012806011875486,2008
2008-09-15,-0.03476582552097962,2008
2008-09-16,-0.0013097600577304247,2008
2008-09-17,-0.03934423829229883,2008
2008-09-18,0.031399076433130446,2008
2008-09-19,0.04169432624154301,2008
2008-09-22,-0.04002549038735492,2008
2008-09-23,-0.007941488556276743,2008
2008-09-24,0.0,2008
2008-09-25,0.012007832793365925,2008
2008-09-26,-0.013843042288488983,2008
2008-09-29,-0.07687179931018862,2008
2008-09-30,0.04779165579147682,2008
2008-10-01,-0.014512911449075738,2008
2008-10-02,-0.0448807704403299,2008
2008-10-03,-0.016886856887853297,2008
2008-10-06,-0.04555625265699237,2008
2008-10-07,-0.04851332786724738,2008
2008-10-08,-0.005756588900034165,2008
2008-10-09,-0.032258360463148006,2008
2008-10-10,-0.014529634430300864,2008
2008-10-13,0.11014725812027248,2008
2008-10-14,-0.03359381469013356,2008
2008-10-15,-0.07841550185592994,2008
2008-10-16,0.04210534616282002,2008
2008-10-17,0.0008419355033590925,2008
2008-10-20,0.04121105017865334,2008
2008-10-21,-0.05169649226424733,2008
2008-10-22,-0.03833050802871463,2008
2008-10-23,-0.023029082611723428,2008
2008-10-24,-0.031731502198458106,2008
2008-10-27,-0.027153807770544103,2008
2008-10-28,0.08950917873074804,2008
2008-10-29,-0.003533447609693874,2008
2008-10-30,0.0212767625705641,2008
2008-10-31,0.02170098388600805,2008
2008-11-03,0.005947520572966436,2008
2008-11-04,0.03125017986089462,2008
2008-11-05,-0.04750224522020141,2008
2008-11-06,-0.055889919657866494,2008
2008-11-07,0.032786813809044135,2008
2008-11-10,-0.014991082551066737,2008
2008-11-11,-0.03312443575912827,2008
2008-11-12,-0.04074094882944401,2008
2008-11-13,0.061776257115276456,2008
2008-11-14,-0.04181819308193324,2008
2008-11-17,-0.010436314456529483,2008
2008-11-18,0.004793802677770742,2008
2008-11-19,-0.059160411746305375,2008
2008-11-20,-0.04361041046086944,2008
2008-11-21,0.050901314826988564,2008
2008-11-24,0.056508607386383636,2008
2008-11-25,-0.02387778892713155,2008
2008-11-26,0.04403125049211054,2008
2008-11-28,0.0009374127354146999,2008
2008-12-01,-0.07116123732832147,2008
2008-12-02,0.021169321982147604,2008
2008-12-03,0.015794771383556894,2008
2008-12-04,-0.0320701000422714,2008
2008-12-05,0.03714866738332323,2008
2008-12-08,0.03969022767984809,2008
2008-12-09,-0.002793301368746004,2008
2008-12-10,0.012138211614349137,2008
2008-12-11,-0.03597792714985715,2008
2008-12-12,0.02200982025157372,2008
2008-12-15,-0.01217250893923394,2008
2008-12-16,0.05118479517327512,2008
2008-12-17,-0.004508509747595646,2008
2008-12-18,-0.01449258422356381,2008
2008-12-19,0.01562509370098808,2008
2008-12-22,-0.020814513777243637,2008
2008-12-23,-0.008318278699019577,2008
2008-12-24,0.0,2008
2008-12-26,0.0018640718030458192,2008
2008-12-29,-0.007441874517230995,2008
2008-12-30,0.025304640454621774,2008
2009-01-02,0.0,2009
2009-01-05,-0.002610655692452779,2009
2009-01-06,0.023560121655643362,2009
2009-01-07,-0.026428131829664303,2009
2009-01-08,0.00612954539019861,2009
2009-01-09,-0.019147058777136516,2009
2009-01-12,-0.008873002934295826,2009
2009-01-13,-0.002685770323866965,2009
2009-01-14,-0.018850891628588107,2009
2009-01-15,0.003659592317104554,2009
2009-01-16,0.0054696040990243056,2009
2009-01-20,-0.04261126221076028,2009
2009-01-21,0.03977245773966542,2009
2009-01-22,-0.021857639553723884,2009
2009-01-23,0.018622007867980628,2009
2009-01-26,0.0045702595567880255,2009
2009-01-27,0.016378623229394762,2009
2009-01-28,0.02506705988562996,2009
2009-01-29,-0.015720553877713872,2009
2009-01-30,-0.016858692709957546,2009
2009-02-02,0.0018049917932316806,2009
2009-02-03,0.015315146388817258,2009
2009-02-04,0.003549509938627793,2009
2009-02-05,0.019451524480372573,2009
2009-02-06,0.02775386588320461,2009
2009-02-09,0.005063116589575811,2009
2009-02-10,-0.03610418451407549,2009
2009-02-11,0.009582216642627817,2009
2009-02-12,0.009490893944719136,2009
2009-02-13,0.0017094666369910083,2009
2009-02-17,-0.037542724816644446,2009
2009-02-18,-0.0026598361590798314,2009
2009-02-19,-0.014222121752502703,2009
2009-02-20,-0.00541002830720827,2009
2009-02-23,-0.03354512990250191,2009
2009-02-24,0.03283308315837408,2009
2009-02-25,-0.002725064044206804,2009
2009-02-26,-0.016393081109061347,2009
2009-02-27,0.005555363875293429,2009
2009-03-02,-0.03130741098866474,2009
2009-03-03,0.0,2009
2009-03-04,0.027566520403256467,2009
2009-03-05,-0.022201638262344447,2009
2009-03-06,-0.0028383636145158375,2009
2009-03-09,-0.02371907320304878,2009
2009-03-10,0.055393476116669005,2009
2009-03-11,0.011970557243518254,2009
2009-03-12,0.027297661405723872,2009
2009-03-13,0.0035429647402576148,2009
2009-03-16,-0.0026479703138623245,2009
2009-03-17,0.029203788495553162,2009
2009-03-18,0.019776286520809316,2009
2009-03-19,-0.005902325318127177,2009
2009-03-20,-0.01526708263507548,2009
2009-03-23,0.05340221460094052,2009
2009-03-24,-0.017170686714842787,2009
2009-03-25,0.009151188514604058,2009
2009-03-26,0.03792257870953364,2009
2009-03-27,-0.027799777204698617,2009
2009-03-30,-0.022875798412042347,2009
2009-03-31,0.016722316192147924,2009
2009-04-01,0.016447219964523807,2009
2009-04-02,0.03155346098238354,2009
2009-04-03,0.009411896619131666,2009
2009-04-06,-0.009324138788789127,2009
2009-04-07,-0.019607881043360975,2009
2009-04-08,0.02480028088789621,2009
2009-04-09,0.030444677003233167,2009
2009-04-13,-0.009848394478835787,2009
2009-04-14,-0.005355786687954223,2009
2009-04-15,-0.002307696683155891,2009
2009-04-16,0.022359221373417837,2009
2009-04-17,0.0,2009
2009-04-20,-0.021116070979477763,2009
2009-04-21,0.01078595653022374,2009
2009-04-22,0.004573178817900425,2009
2009-04-23,0.0022760700224306873,2009
2009-04-24,0.019682095770789276,2009
2009-04-27,-0.011135985478096244,2009
2009-04-28,-0.009759561178414256,2009
2009-04-29,0.013646616123969668,2009
2009-04-30,0.008975334422409498,2009
2009-05-01,0.013343349058408727,2009
2009-05-04,0.016825087081996593,2009
2009-05-05,-0.00647462300558066,2009
2009-05-06,-0.0007244290711496681,2009
2009-05-07,-0.0340579303585834,2009
2009-05-08,0.0067518091768217214,2009
2009-05-11,-0.0007451577709788326,2009
2009-05-12,-0.009694274786916979,2009
2009-05-13,-0.02183738754476372,2009
2009-05-14,0.013856726062309033,2009
2009-05-15,0.0015187158192611072,2009
2009-05-18,0.02274443348982591,2009
2009-05-19,0.014084640257195913,2009
2009-05-20,-0.004386184324881137,2009
2009-05-21,-0.0176210726853413,2009
2009-05-22,-0.0014948794284109779,2009
2009-05-26,0.02694605189674304,2009
2009-05-27,-0.00947513200562422,2009
2009-05-28,0.008094202446280674,2009
2009-05-29,0.010948925967036116,2009
2009-06-01,0.023826759699495215,2009
2009-06-02,-0.0028209819131592706,2009
2009-06-03,-0.011315541840782983,2009
2009-06-04,0.008583812505017052,2009
2009-06-05,0.003546209049465565,2009
2009-06-08,-0.006360333292449005,2009
2009-06-09,0.00853476247954954,2009
2009-06-10,0.0007053221659709674,2009
2009-06-11,0.007047024234414723,2009
2009-06-12,0.0027992671113052925,2009
2009-06-15,-0.020237301337001745,2009
2009-06-16,-0.011395929309734099,2009
2009-06-17,0.007925086119645153,2009
2009-06-18,-0.002144392627293934,2009
2009-06-19,0.01002846327894269,2009
2009-06-22,-0.026950407264926368,2009
2009-06-23,-0.002915140713530495,2009
2009-06-24,0.01461980184587719,2009
2009-06-25,0.01440914303000973,2009
2009-06-26,0.001420354201923324,2009
2009-06-29,0.008510757756162501,2009
2009-06-30,-0.004922653197812821,2009
2009-07-01,0.008480581012634492,2009
2009-07-02,-0.019621518022605366,2009
2009-07-06,-0.005718483978357725,2009
2009-07-07,-0.018691519619784214,2009
2009-07-08,0.000732602055492082,2009
2009-07-09,0.006588591683618583,2009
2009-07-10,0.005090812769063424,2009
2009-07-13,0.014471807358149125,2009
2009-07-14,0.005706041299018638,2009
2009-07-15,0.033333398459250985,2009
2009-07-16,0.010981390021405302,2009
2009-07-17,0.006110090094151532,2009
2009-07-20,0.010121378469642117,2009
2009-07-21,0.009352055523846436,2009
2009-07-22,0.007279865069266034,2009
2009-07-23,0.016425978971751798,2009
2009-07-24,-0.004524894935536761,2009
2009-07-27,-0.0038962050155342265,2009
2009-07-28,0.007822795094658996,2009
2009-07-29,-0.002587420516465655,2009
2009-07-30,-0.0025939445728759836,2009
2009-07-31,0.0006501962231302283,2009
2009-08-03,0.01104624783691377,2009
2009-08-04,0.0006423950545084711,2009
2009-08-05,-0.008991481949988334,2009
2009-08-06,-0.003888629749225103,2009
2009-08-07,0.011060434016004095,2009
2009-08-10,-0.00643492574163429,2009
2009-08-11,-0.009715044152718177,2009
2009-08-12,0.017004705232842143,2009
2009-08-13,0.009003044900723678,2009
2009-08-14,-0.00892271331213823,2009
2009-08-17,-0.02572370472369878,2009
2009-08-18,0.011221240367677687,2009
2009-08-19,0.006527427498896454,2009
2009-08-20,0.006485190529446072,2009
2009-08-21,0.015464038396412638,2009
2009-08-24,-0.003172870083997137,2009
2009-08-25,-0.0006364461790433484,2009
2009-08-26,-0.0019106468530983856,2009
2009-08-27,0.0038287013532445346,2009
2009-08-28,-0.0006357291390142183,2009
2009-08-31,-0.008905869667055089,2009
2009-09-01,-0.01604605832857553,2009
2009-09-02,0.00195676151948887,2009
2009-09-03,0.007812609881788113,2009
2009-09-04,0.019379693938183618,2009
2009-09-08,0.009505906402421882,2009
2009-09-09,0.00564981881606097,2009
2009-09-10,0.011860014164209787,2009
2009-09-11,-0.0024675277745577207,2009
2009-09-14,0.0018552908967186532,2009
2009-09-15,0.003703620832856025,2009
2009-09-16,0.015375271712936733,2009
2009-09-17,-0.0006057824029257475,2009
2009-09-18,-0.004242432071130953,2009
2009-09-21,0.003043219273280773,2009
2009-09-22,0.004854377900861628,2009
2009-09-23,-0.0006039533994529611,2009
2009-09-24,-0.005438076946427728,2009
2009-09-25,-0.0036451194633048134,2009
2009-09-28,0.013414482233714775,2009
2009-09-29,-0.0024066564591468387,2009
2009-09-30,0.004825274651855782,2009
2009-10-01,-0.024009732661629535,2009
2009-10-02,-0.006150162187332331,2009
2009-10-05,0.010520002189218447,2009
2009-10-06,0.01775849144185604,2009
2009-10-07,0.0024070054143008335,2009
2009-10-08,0.008403288942003817,2009
2009-10-09,0.008333262132475205,2009
2009-10-12,-0.0005902342928862936,2009
2009-10-13,0.0005905828751520126,2009
2009-10-14,0.015938551269243373,2009
2009-10-15,0.0005812271466691943,2009
2009-10-16,-0.007549458755623295,2009
2009-10-19,0.008777078991844434,2009
2009-10-20,-0.006960653824604424,2009
2009-10-21,-0.002336283767434999,2009
2009-10-22,0.008196735923558851,2009
2009-10-23,-0.0052265742766898216,2009
2009-10-26,-0.0058375532045727985,2009
2009-10-27,-0.01056977136318027,2009
2009-10-28,-0.023738831294584095,2009
2009-10-29,0.024316066289990168,2009
2009-10-30,-0.020771466626763324,2009
2009-11-02,0.0018181851733418686,2009
2009-11-03,-0.00544456841322305,2009
2009-11-04,0.007907556527021464,2009
2009-11-05,0.025346794525769267,2009
2009-11-06,-0.0005884119959241874,2009
2009-11-09,0.020023422253360845,2009
2009-11-10,-0.005196147428911169,2009
2009-11-11,0.009866276882840141,2009
2009-11-12,-0.008620540239298258,2009
2009-11-13,0.009275379470456535,2009
2009-11-16,0.011487588542475669,2009
2009-11-17,0.0005678602462753091,2009
2009-11-18,-0.005107594813277383,2009
2009-11-19,-0.01540235861100292,2009
2009-11-20,-0.0023174173821004507,2009
2009-11-23,0.012775780435045014,2009
2009-11-24,-0.0022937484505350936,2009
2009-11-25,0.002873902277489959,2009
2009-11-27,-0.01719233800392095,2009
2009-11-30,0.002915542353354894,2009
2009-12-01,0.01918633660116309,2009
2009-12-02,0.0017110239585536036,2009
2009-12-03,-0.004555487408749004,2009
2009-12-04,0.008581001093569185,2009
2009-12-07,-0.0028359157549705527,2009
2009-12-08,-0.00853243798611203,2009
2009-12-09,0.004589712555473691,2009
2009-12-10,0.0005711032676762873,2009
2009-12-11,-0.0011417201044530145,2009
2009-12-14,0.008000264463335682,2009
2009-12-15,-0.0028346364013934755,2009
2009-12-16,0.006821823637052971,2009
2009-12-17,-0.01129275133179164,2009
2009-12-18,0.01256402347510166,2009
2009-12-21,0.007896482568875207,2009
2009-12-22,0.00503613939144576,2009
2009-12-23,0.00890886540851299,2009
2009-12-24,0.008829958308731456,2009
2009-12-28,0.002188187972866018,2009
2009-12-29,-0.0010917051303968028,2009
2009-12-30,0.002185717276079746,2009
2009-12-31,0.0,2009
2010-01-04,0.0,2010
2010-01-05,0.0,2010
2010-01-06,-0.003779938408658645,2010
2010-01-07,-0.004878214769073241,2010
2010-01-08,0.00762560326978079,2010
2010-01-11,-0.0005406981770108565,2010
2010-01-12,-0.008112586286799561,2010
2010-01-13,0.008178938632187549,2010
2010-01-14,0.00919417558711877,2010
2010-01-15,-0.010182303829770478,2010
2010-01-19,0.008121371549058898,2010
2010-01-20,-0.01288954509397966,2010
2010-01-21,-0.007616832224195291,2010
2010-01-22,-0.025767590970027676,2010
2010-01-25,0.00562771735449874,2010
2010-01-26,-0.0039174293964934215,2010
2010-01-27,0.002247276676829335,2010
2010-01-28,-0.01849787219448018,2010
2010-01-29,-0.014848437775325296,2010
2010-02-01,0.0110143431642713,2010
2010-02-02,0.009174245569590456,2010
2010-02-03,0.0,2010
2010-02-04,-0.02386343443616723,2010
2010-02-05,0.003492101376096235,2010
2010-02-08,-0.004640212393119736,2010
2010-02-09,0.010489614481509868,2010
2010-02-10,-0.0017304413097772864,2010
2010-02-11,0.010398886577261957,2010
2010-02-12,-0.0005717563314946439,2010
2010-02-16,0.010297501628658612,2010
2010-02-17,0.006228694721216899,2010
2010-02-18,0.003939312395795369,2010
2010-02-19,-0.002242237748233844,2010
2010-02-22,-0.0005617173497921568,2010
2010-02-23,-0.011242372597758954,2010
2010-02-24,0.007390576831137974,2010
2010-02-25,-0.0028216757390953084,2010
2010-02-26,0.0016978781282575017,2010
2010-03-01,0.012429319014901186,2010
2010-03-02,0.0033483014265820454,2010
2010-03-03,0.003337047077023536,2010
2010-03-04,0.00166273300002584,2010
2010-03-05,0.012175140621883296,2010
2010-03-08,0.0027335805021344584,2010
2010-03-09,0.004907473859351308,2010
2010-03-10,0.007596087497676152,2010
2010-03-11,0.0026926762204997345,2010
2010-03-12,0.0,2010
2010-03-15,-0.0037594052292166946,2010
2010-03-16,0.004851760743703748,2010
2010-03-17,0.0021459265859442578,2010
2010-03-18,0.0005351776250268614,2010
2010-03-19,-0.00535038758872064,2010
2010-03-22,0.005379168223621944,2010
2010-03-23,0.006955682291752252,2010
2010-03-24,-0.007438831506310084,2010
2010-03-25,0.0010707433411523137,2010
2010-03-26,0.0010692879353368934,2010
2010-03-29,0.0016027995627658775,2010
2010-03-30,0.0037331850276987044,2010
2010-03-31,-0.004250881924911409,2010
2010-04-01,0.007470742833648902,2010
2010-04-05,0.011652487053730676,2010
2010-04-06,0.0005234852915891874,2010
2010-04-07,-0.0020930732076386294,2010
2010-04-08,0.001573154537134025,2010
2010-04-09,0.010471375883466916,2010
2010-04-12,0.0,2010
2010-04-13,-0.0010362712205905789,2010
2010-04-14,0.016597238270689596,2010
2010-04-15,0.0,2010
2010-04-16,-0.012244922416201787,2010
2010-04-19,-0.0036153353307023517,2010
2010-04-20,0.010367782845399187,2010
2010-04-21,0.004617836017796861,2010
2010-04-22,0.0020429047012504586,2010
2010-04-23,0.009174328876034865,2010
2010-04-26,-0.0010101028592852668,2010
2010-04-27,-0.01870587097823595,2010
2010-04-28,0.0010305481020427276,2010
2010-04-29,0.012351980438251475,2010
2010-04-30,-0.020335721247254468,2010
2010-05-03,0.007265269035939381,2010
2010-05-04,-0.027305416256350967,2010
2010-05-05,-0.008474668686708542,2010
2010-05-06,-0.029914510385938287,2010
2010-05-07,-0.017070437450818043,2010
2010-05-10,0.04481776721894226,2010
2010-05-11,-0.005897979760207672,2010
2010-05-12,0.017259932616011886,2010
2010-05-13,-0.005832230206115341,2010
2010-05-14,-0.016533593445579697,2010
2010-05-17,-0.0005420645298965798,2010
2010-05-18,-0.012479674339432312,2010
2010-05-19,-0.004945302607811453,2010
2010-05-20,-0.033130773114354195,2010
2010-05-21,0.010279859669391156,2010
2010-05-24,-0.005087629715173736,2010
2010-05-25,-0.010795392619158406,2010
2010-05-26,-0.002872084516085782,2010
2010-05-27,0.03859471444817286,2010
2010-05-28,-0.011647516430887017,2010
2010-06-01,-0.01459021487370371,2010
2010-06-02,0.021640049643678383,2010
2010-06-03,0.01616526824035902,2010
2010-06-04,-0.03346146290406349,2010
2010-06-07,-0.02043136502373344,2010
2010-06-08,0.0005792913425513024,2010
2010-06-09,-0.0046323193096587945,2010
2010-06-10,0.027923265339172332,2010
2010-06-11,0.010752626410358124,2010
2010-06-14,0.0011199853742704935,2010
2010-06-15,0.025726953066272262,2010
2010-06-16,-0.00109059366717279,2010
2010-06-17,0.0027293421854792665,2010
2010-06-18,0.0005442879169423875,2010
2010-06-21,-0.003808652767475551,2010
2010-06-22,-0.01256123113178409,2010
2010-06-23,-0.0027653316601645717,2010
2010-06-24,-0.017748228848125436,2010
2010-06-25,-0.003388086272413271,2010
2010-06-28,0.0,2010
2010-06-29,-0.03512738371342705,2010
2010-06-30,-0.009982402725657646,2010
2010-07-01,-0.0029655186647770115,2010
2010-07-02,-0.0011895976448175194,2010
2010-07-06,0.0053599969050204255,2010
2010-07-07,0.030805576272966873,2010
2010-07-08,0.004597960711638649,2010
2010-07-09,0.005148584920919408,2010
2010-07-12,0.0034149185447605035,2010
2010-07-13,0.02155437605530608,2010
2010-07-14,0.00721806387727697,2010
2010-07-15,-0.0011023780897878588,2010
2010-07-16,-0.025386358155198074,2010
2010-07-19,0.007927452036439853,2010
2010-07-20,0.007303384469215857,2010
2010-07-21,-0.013385412513914785,2010
2010-07-22,0.022611769585034303,2010
2010-07-23,0.007739176161936312,2010
2010-07-26,0.004936607278491323,2010
2010-07-27,-0.0010914677863465005,2010
2010-07-28,-0.009289712908652326,2010
2010-07-29,-0.01213460588322135,2010
2010-07-30,0.0,2010
2010-08-02,0.017308798280899262,2010
2010-08-03,-0.004390866977587948,2010
2010-08-04,0.006615547399620114,2010
2010-08-05,-0.0038336807766171654,2010
2010-08-06,0.0010995071507420295,2010
2010-08-09,0.002196519503496086,2010
2010-08-10,-0.013698496274172411,2010
2010-08-11,-0.032777913773797684,2010
2010-08-12,-0.010913288231548912,2010
2010-08-13,-0.001161442337259122,2010
2010-08-16,0.002325417114213524,2010
2010-08-17,0.0121812513687507,2010
2010-08-18,0.0034382352364439317,2010
2010-08-19,0.009708839159023208,2010
2010-08-20,0.003393671281169519,2010
2010-08-23,-0.005073453305758369,2010
2010-08-24,-0.013031105016839906,2010
2010-08-25,0.0022963821119907912,2010
2010-08-26,-0.004009419919597357,2010
2010-08-27,0.014376190348744267,2010
2010-08-30,-0.01190462002164172,2010
2010-08-31,-0.0034424299897266586,2010
2010-09-01,0.027058195918269856,2010
2010-09-02,0.008408249328320183,2010
2010-09-03,0.010005332986021687,2010
2010-09-07,-0.011557533594864777,2010
2010-09-08,0.007795276156295827,2010
2010-09-09,0.001657301140885581,2010
2010-09-10,-0.0011033059351557295,2010
2010-09-13,0.020983084505736382,2010
2010-09-14,0.0010815893003193189,2010
2010-09-15,0.0037816683785927285,2010
2010-09-16,0.001614642547200562,2010
2010-09-17,0.0032241572688802567,2010
2010-09-20,0.012854793648205076,2010
2010-09-21,-0.0010575668127207338,2010
2010-09-22,-0.007940800753184818,2010
2010-09-23,-0.0010672379234183405,2010
2010-09-24,0.02350431901582195,2010
2010-09-27,0.0005220730028929754,2010
2010-09-28,0.004694919482062909,2010
2010-09-29,0.001557634978469613,2010
2010-09-30,-0.00362905471625663,2010
2010-10-01,0.004162489630174404,2010
2010-10-04,-0.011399058551277208,2010
2010-10-05,0.01624718111362089,2010
2010-10-06,-0.008251318900946769,2010
2010-10-07,0.004159947112658324,2010
2010-10-08,0.0015535270018611769,2010
2010-10-11,0.004136737624722775,2010
2010-10-12,0.006179132654733577,2010
2010-10-13,0.009211889485819746,2010
2010-10-14,0.0015212273341538296,2010
2010-10-15,0.006582143735478052,2010
2010-10-18,0.0005029461661623102,2010
2010-10-19,-0.016088155033074925,2010
2010-10-20,0.009197619157340409,2010
2010-10-21,0.0005064034562880515,2010
2010-10-22,0.011639696611088768,2010
2010-10-25,0.005002582490460705,2010
2010-10-26,-0.0004979052471664192,2010
2010-10-27,0.0029879809960913217,2010
2010-10-28,0.0034756768135302263,2010
2010-10-29,0.0014844164254756986,2010
2010-11-01,0.0014822161994030303,2010
2010-11-02,0.007400183960264428,2010
2010-11-03,0.002938301004235422,2010
2010-11-04,0.01123020544167308,2010
2010-11-05,-0.00048285950279680634,2010
2010-11-08,0.0009662555813605422,2010
2010-11-09,-0.005791307210160301,2010
2010-11-10,0.003883361211222347,2010
2010-11-11,-0.010154898324465256,2010
2010-11-12,-0.011724215600791288,2010
2010-11-15,-0.0024718679793581666,2010
2010-11-16,-0.015361560762853221,2010
2010-11-17,0.0015098166540707947,2010
2010-11-18,0.014070159833833307,2010
2010-11-19,0.002477993251529753,2010
2010-11-22,0.007414457198891666,2010
2010-11-23,-0.013248238819748681,2010
2010-11-24,0.01442085953557215,2010
2010-11-26,-0.007352883690193268,2010
2010-11-29,-0.003457082712796433,2010
2010-11-30,-0.009414923010059528,2010
2010-12-01,0.024011685143749517,2010
2010-12-02,0.0073279534895911436,2010
2010-12-03,0.00484959941531149,2010
2010-12-06,0.0,2010
2010-12-07,0.0,2010
2010-12-08,0.005309030663327663,2010
2010-12-09,0.0,2010
2010-12-10,0.003840621448968795,2010
2010-12-13,-0.0009565512178572044,2010
2010-12-14,0.0019147259478646816,2010
2010-12-15,-0.004299917570654288,2010
2010-12-16,0.0062378064027230895,2010
2010-12-17,0.0,2010
2010-12-20,-0.0005758149427019799,2010
2010-12-21,0.00480288283661201,2010
2010-12-22,-0.001433826151832296,2010
2010-12-23,-0.0009573715575907915,2010
2010-12-27,0.0019167160247040016,2010
2010-12-28,-0.00191304925254554,2010
2010-12-29,0.003354045994835131,2010
2010-12-30,-0.0009552919514727032,2010
2010-12-31,0.0,2010
2011-01-03,0.0,2011
2011-01-04,-0.0009492613453342402,2011
2011-01-05,0.0061759930150748765,2011
2011-01-06,0.0033048188769382314,2011
2011-01-07,-0.0042352891416523875,2011
2011-01-10,-0.0004724077137236993,2011
2011-01-11,0.004255245250535333,2011
2011-01-12,0.009416228933701865,2011
2011-01-13,0.0,2011
2011-01-14,0.012126894436764513,2011
2011-01-18,0.0036866088435734135,2011
2011-01-19,-0.008264518011463107,2011
2011-01-20,-0.007870204803503644,2011
2011-01-21,-0.005133163007566277,2011
2011-01-24,0.009849961328985746,2011
2011-01-25,0.002322248663512827,2011
2011-01-26,0.004634003620140215,2011
2011-01-27,0.005073904837858745,2011
2011-01-28,-0.019733684855962053,2011
2011-01-31,0.0,2011
2011-02-01,0.024812201091077624,2011
2011-02-02,-0.0009132415284001105,2011
2011-02-03,-0.0013719377060853466,2011
2011-02-04,0.003662977089394337,2011
2011-02-07,0.007755574456721481,2011
2011-02-08,0.0004527798655888926,2011
2011-02-09,-0.003167698766531224,2011
2011-02-10,-0.0009075031945681156,2011
2011-02-11,0.0036345534065160834,2011
2011-02-14,0.00407436674556183,2011
2011-02-15,-0.00811560234633002,2011
2011-02-16,0.006818173187884247,2011
2011-02-17,0.002708865234068325,2011
2011-02-18,0.0013508708317804263,2011
2011-02-22,-0.029226749137156283,2011
2011-02-23,-0.015748166501070027,2011
2011-02-24,0.0023530513819931542,2011
2011-02-25,0.01877940875847206,2011
2011-02-28,0.0018432712336118318,2011
2011-03-01,-0.015179505553992279,2011
2011-03-02,0.00653917209641075,2011
2011-03-03,0.01809735636218024,2011
2011-03-04,-0.008204051540713353,2011
2011-03-07,-0.015625132386645313,2011
2011-03-08,0.009337101060565844,2011
2011-03-09,-0.007400567552505621,2011
2011-03-10,-0.022833304986877634,2011
2011-03-11,0.0028614330491361084,2011
2011-03-14,-0.01046118584854383,2011
2011-03-15,-0.014896824479450399,2011
2011-03-16,-0.021951261497904273,2011
2011-03-17,0.013466317396241934,2011
2011-03-18,0.008366320477680045,2011
2011-03-21,0.020497774988429196,2011
2011-03-22,-0.0057388730118668185,2011
2011-03-23,0.004810021239000761,2011
2011-03-24,0.015318220721685094,2011
2011-03-25,-0.00047149774726218396,2011
2011-03-28,-0.003773421588871506,2011
2011-03-29,0.005681673646056984,2011
2011-03-30,0.008474565352001973,2011
2011-03-31,0.0023343088871512485,2011
2011-04-01,0.004192024312479781,2011
2011-04-04,-0.0027830609408039386,2011
2011-04-05,-0.0018604849963016479,2011
2011-04-06,0.0027958957195868273,2011
2011-04-07,-0.00604077282375759,2011
2011-04-08,-0.002337582493652568,2011
2011-04-11,0.0014058762508968314,2011
2011-04-12,-0.011230681090553696,2011
2011-04-13,0.007572115810658531,2011
2011-04-14,0.0,2011
2011-04-15,-0.0018790392341281326,2011
2011-04-18,-0.012235053802623241,2011
2011-04-19,0.0019056209160732696,2011
2011-04-20,0.02615296462135963,2011
2011-04-21,0.0027804822666330775,2011
2011-04-25,0.0009241244197348841,2011
2011-04-26,0.00738683460750833,2011
2011-04-27,0.008249368585226291,2011
2011-04-28,0.0,2011
2011-04-29,-0.0009090024634202942,2011
2011-05-02,-0.004094953591749162,2011
2011-05-03,-0.0073089590382321434,2011
2011-05-04,-0.0023010074944809222,2011
2011-05-05,-0.0009225523114598788,2011
2011-05-06,0.005078523603962992,2011
2011-05-09,0.0073495761106852076,2011
2011-05-10,0.009575845133438454,2011
2011-05-11,-0.009936775437358603,2011
2011-05-12,0.010948957389844693,2011
2011-05-13,-0.011281595692522961,2011
2011-05-16,-0.015518030487919554,2011
2011-05-17,-0.0032451993946586155,2011
2011-05-18,0.011162775990196883,2011
2011-05-19,-0.004599765844316983,2011
2011-05-20,-0.00323483483139686,2011
2011-05-23,-0.01715345436644522,2011
2011-05-24,-0.0047168619133833856,2011
2011-05-25,0.0028433931572477977,2011
2011-05-26,0.010869801983567795,2011
2011-05-27,0.004675164987305136,2011
2011-05-31,0.015355688439258497,2011
2011-06-01,-0.02062305840080847,2011
2011-06-02,0.00046783270987083014,2011
2011-06-03,-0.01403198894380353,2011
2011-06-06,-0.01043623854282949,2011
2011-06-07,0.0014382262856309502,2011
2011-06-08,-0.010052918480139339,2011
2011-06-09,0.003868583636468692,2011
2011-06-10,-0.016859300711566272,2011
2011-06-13,-0.003429639842650656,2011
2011-06-14,0.018190543814945226,2011
2011-06-15,-0.018348510277203522,2011
2011-06-16,-0.00885375769627439,2011
2011-06-17,-0.0034741073175418302,2011
2011-06-20,0.0014940220467958287,2011
2011-06-21,0.021382537395105983,2011
2011-06-22,-0.0034082134704865874,2011
2011-06-23,0.00977064247619297,2011
2011-06-24,-0.010643592367993615,2011
2011-06-27,0.010758097168914738,2011
2011-06-28,0.010643453000143799,2011
2011-06-29,0.005744367245660964,2011
2011-06-30,0.011898964821253744,2011
2011-07-01,0.013170549740490145,2011
2011-07-05,0.0004640735210146296,2011
2011-07-06,0.0009279838668225793,2011
2011-07-07,0.012981131460624962,2011
2011-07-08,-0.004576674576268536,2011
2011-07-11,-0.0188505926463417,2011
2011-07-12,-0.015463896302772895,2011
2011-07-13,0.00428366846939876,2011
2011-07-14,-0.011374460058732883,2011
2011-07-15,0.004314402659997052,2011
2011-07-18,-0.009546504428870506,2011
2011-07-19,0.025060231630428698,2011
2011-07-20,-0.0032910385546327525,2011
2011-07-21,0.002358396985774114,2011
2011-07-22,0.014117833818110048,2011
2011-07-25,-0.0051044459744489235,2011
2011-07-26,0.002332265621110885,2011
2011-07-27,-0.026058838673112095,2011
2011-07-28,-0.0028666948362882083,2011
2011-07-29,-0.011020497518041461,2011
2011-08-01,-0.007752159782448809,2011
2011-08-02,-0.023437331866334454,2011
2011-08-03,0.008500036585316728,2011
2011-08-04,-0.05304912857454824,2011
2011-08-05,-0.010994749749839938,2011
2011-08-08,-0.06352566563589068,2011
2011-08-09,0.05031073328103819,2011
2011-08-10,-0.036598501181054455,2011
2011-08-11,0.044134213883078255,2011
2011-08-12,0.004280178402034318,2011
2011-08-15,0.015983087005233543,2011
2011-08-16,-0.013109604898365435,2011
2011-08-17,-0.00531343861583955,2011
2011-08-18,-0.05235041016985176,2011
2011-08-19,-0.018038199275156153,2011
2011-08-22,0.005166385084085734,2011
2011-08-23,0.04397494831213855,2011
2011-08-24,0.0038291060121675713,2011
2011-08-25,-0.021253301364251187,2011
2011-08-26,0.023942008073432497,2011
2011-08-29,0.030995067193626324,2011
2011-08-30,0.001582428495199295,2011
2011-08-31,0.003686095007168433,2011
2011-09-01,-0.014165773679525206,2011
2011-09-02,-0.026077768463218298,2011
2011-09-06,-0.010382369405158354,2011
2011-09-07,0.03423515453957693,2011
2011-09-08,-0.008542382620486344,2011
2011-09-09,-0.020463135686888956,2011
2011-09-12,0.011544868176747602,2011
2011-09-13,0.01739117501433518,2011
2011-09-14,0.01976495705944803,2011
2011-09-15,0.017286439395036934,2011
2011-09-16,0.005664306230032334,2011
2011-09-19,-0.011776861866009014,2011
2011-09-20,-0.009326339567510722,2011
2011-09-21,-0.012552059811388738,2011
2011-09-22,-0.03601717576149843,2011
2011-09-23,0.010439573876143804,2011
2011-09-26,0.015225908120411136,2011
2011-09-27,0.019282165113997163,2011
2011-09-28,-0.01839203754974772,2011
2011-09-29,-0.006424205440715647,2011
2011-09-30,-0.026400547463665602,2011
2011-10-03,-0.03375782566653618,2011
2011-10-04,0.03150064375163297,2011
2011-10-05,0.01998902889922949,2011
2011-10-06,0.02123023622091691,2011
2011-10-07,-0.009061948897539751,2011
2011-10-10,0.030661528970744367,2011
2011-10-11,0.004697205304549978,2011
2011-10-12,0.00831185378021182,2011
2011-10-13,0.010304151915150106,2011
2011-10-14,0.012238709519619029,2011
2011-10-17,-0.01863993984855039,2011
2011-10-18,0.01591376077474571,2011
2011-10-19,-0.018696455693328118,2011
2011-10-20,-0.006179263388014666,2011
2011-10-21,0.01709857529037584,2011
2011-10-24,0.023942962938178214,2011
2011-10-25,-0.016417960930657616,2011
2011-10-26,0.00708162203241236,2011
2011-10-27,0.030637706253311192,2011
2011-10-28,0.005848086214242709,2011
2011-10-31,-0.023255921065670426,2011
2011-11-01,-0.030753976334257693,2011
2011-11-02,0.01637676518658271,2011
2011-11-03,0.027693770486334035,2011
2011-11-04,-0.004409668002140599,2011
2011-11-07,0.0004921490076637003,2011
2011-11-08,0.012297247808081169,2011
2011-11-09,-0.03741496027303415,2011
2011-11-10,0.0030286236710781456,2011
2011-11-11,0.022647178388609968,2011
2011-11-14,-0.006397582678623226,2011
2011-11-15,0.007429482305460144,2011
2011-11-16,-0.016224308590300884,2011
2011-11-17,-0.025986998690568974,2011
2011-11-18,-0.0066698819342509985,2011
2011-11-21,-0.016012547260171095,2011
2011-11-22,-0.006299053282006417,2011
2011-11-23,-0.023771908619730775,2011
2011-11-25,-0.005952269142829758,2011
2011-11-28,0.03756110875144669,2011
2011-11-29,-0.0052466836044537946,2011
2011-11-30,0.044831422365435136,2011
2011-12-01,0.0005046736664173768,2011
2011-12-02,-0.002522749548468206,2011
2011-12-05,0.015680328587262204,2011
2011-12-06,-0.004980025668371857,2011
2011-12-07,0.0005003797003142463,2011
2011-12-08,-0.02101026436247333,2011
2011-12-09,0.020439296382714467,2011
2011-12-12,-0.017025540655094984,2011
2011-12-13,-0.011716500573211719,2011
2011-12-14,-0.015979604410016224,2011
2011-12-15,0.002095209380598595,2011
2011-12-16,0.0026138181720711806,2011
2011-12-19,-0.016162598343713253,2011
2011-12-20,0.0355059946583538,2011
2011-12-21,-0.020470680056624002,2011
2011-12-22,0.01462882751669281,2011
2011-12-23,0.005664306230032334,2011
2011-12-27,-0.0005120567119586417,2011
2011-12-28,-0.014343974093465328,2011
2011-12-29,0.008835495842064667,2011
2011-12-30,-0.001030370667035374,2011
2012-01-03,0.0,2012
2012-01-04,-0.00357115456577195,2012
2012-01-05,0.00972833714222876,2012
2012-01-06,0.0010142461928881463,2012
2012-01-09,0.004052801192454547,2012
2012-01-10,0.009586068994435815,2012
2012-01-11,0.005497436600279126,2012
2012-01-12,0.004970267380598026,2012
2012-01-13,-0.007418528998205054,2012
2012-01-17,0.008968454101783374,2012
2012-01-18,0.01876545682715114,2012
2012-01-19,0.011149124479612471,2012
2012-01-20,0.0047936032812183615,2012
2012-01-23,0.0004771215312309174,2012
2012-01-24,0.0066761724926196475,2012
2012-01-25,0.009000484989480029,2012
2012-01-26,0.0028168977891991354,2012
2012-01-27,0.006554411106739266,2012
2012-01-30,-0.0027907608043918897,2012
2012-01-31,0.004664262517066531,2012
2012-02-01,0.015320112139971087,2012
2012-02-02,0.007773437577180076,2012
2012-02-03,0.011796694724408585,2012
2012-02-06,-0.00403599805918653,2012
2012-02-07,0.0036022143647320704,2012
2012-02-08,0.008523752187932443,2012
2012-02-09,0.006672589599089784,2012
2012-02-10,-0.012372898594983472,2012
2012-02-13,0.006711465191455934,2012
2012-02-14,0.005777663316629544,2012
2012-02-15,-0.005302625363162838,2012
2012-02-16,0.01688140674507621,2012
2012-02-17,-0.008737218632142385,2012
2012-02-21,-0.003966562421542363,2012
2012-02-22,-0.003982486161964727,2012
2012-02-23,0.005775224832564652,2012
2012-02-24,0.004416912909593229,2012
2012-02-27,-0.00043977429437858095,2012
2012-02-28,0.007479135432576722,2012
2012-02-29,-0.008296953586284017,2012
2012-03-01,0.007926077148360244,2012
2012-03-02,-0.005242582881658686,2012
2012-03-05,-0.014492799461756967,2012
2012-03-06,-0.013368904323553199,2012
2012-03-07,0.011291722255354353,2012
2012-03-08,0.014738833922850247,2012
2012-03-09,0.008362623012054371,2012
2012-03-12,-0.0021821150685331636,2012
2012-03-13,0.019247353704668457,2012
2012-03-14,-0.0038627175888877874,2012
2012-03-15,0.009047874667601707,2012
2012-03-16,-0.002134904067080501,2012
2012-03-19,0.005990495921302852,2012
2012-03-20,-0.0029774117874824535,2012
2012-03-21,0.00042664108417844737,2012
2012-03-22,-0.003411488844834998,2012
2012-03-23,0.002139471633772816,2012
2012-03-26,0.01750660696012063,2012
2012-03-27,0.0,2012
2012-03-28,-0.00587509973163125,2012
2012-03-29,-0.0004220779220779347,2012
2012-03-30,-0.0004224994522592507,2012
2012-04-02,0.009294413688488268,2012
2012-04-03,-0.005022956038357562,2012
2012-04-04,-0.016407155200115597,2012
2012-04-05,-0.00513258521328519,2012
2012-04-09,-0.01117801447847322,2012
2012-04-10,-0.01695643716862949,2012
2012-04-11,0.00796094077034848,2012
2012-04-12,0.014480206710036914,2012
2012-04-13,-0.012543338715187868,2012
2012-04-16,-0.005256297914042252,2012
2012-04-17,0.017613448396937015,2012
2012-04-18,-0.005192550430290099,2012
2012-04-19,-0.010439370143069282,2012
2012-04-20,-0.0039560388631877386,2012
2012-04-23,-0.012356707809502598,2012
2012-04-24,-0.011170503547949795,2012
2012-04-25,0.0203344905299625,2012
2012-04-26,0.014171664147832441,2012
2012-04-27,-0.00436689050639083,2012
2012-04-30,-0.0061402592749053575,2012
2012-05-01,0.005736931674042545,2012
2012-05-02,-0.002632730382710946,2012
2012-05-03,-0.014518366452795695,2012
2012-05-04,-0.019196235291938923,2012
2012-05-07,-0.002275740230205603,2012
2012-05-08,-0.0050182848373742095,2012
2012-05-09,-0.0032095544723123037,2012
2012-05-10,-0.010579540246060226,2012
2012-05-11,0.0004649217136252215,2012
2012-05-14,-0.0065057454031420825,2012
2012-05-15,-0.004677217679998735,2012
2012-05-16,-0.017387285540679698,2012
2012-05-17,-0.016260096517673572,2012
2012-05-18,-0.015556732248056204,2012
2012-05-21,0.024197880960532103,2012
2012-05-22,-0.001446686334081848,2012
2012-05-23,-0.005311482971331327,2012
2012-05-24,-0.009223312239650228,2012
2012-05-25,0.003429710414275977,2012
2012-05-29,0.014160184547001853,2012
2012-05-30,-0.01588834847972298,2012
2012-05-31,-0.0029354169513282624,2012
2012-06-01,-0.02993136065266855,2012
2012-06-04,0.0,2012
2012-06-05,0.016691936837468502,2012
2012-06-06,0.02636817485510523,2012
2012-06-07,-0.008240462944971605,2012
2012-06-08,0.006842728888644123,2012
2012-06-11,-0.01699038562116728,2012
2012-06-12,0.012345616664498404,2012
2012-06-13,-0.011219265113473154,2012
2012-06-14,0.0009866547571717454,2012
2012-06-15,0.017249829448933607,2012
2012-06-18,0.0033914916331365674,2012
2012-06-19,0.009657064731377396,2012
2012-06-20,0.007173798905486528,2012
2012-06-21,-0.02896470670790241,2012
2012-06-22,0.011246902331745412,2012
2012-06-25,-0.026596005128206146,2012
2012-06-26,0.0029806936457710265,2012
2012-06-27,0.00841997471260969,2012
2012-06-28,-0.009823216902266174,2012
2012-06-29,0.03521818486051509,2012
2012-07-02,-0.0038330877623812265,2012
2012-07-03,0.015391901688700083,2012
2012-07-05,-0.0033157095925570035,2012
2012-07-06,-0.027091555625291974,2012
2012-07-09,-0.00977021960002411,2012
2012-07-10,-0.01332030110557203,2012
2012-07-11,-0.0044997062011612465,2012
2012-07-12,-0.010045597618613344,2012
2012-07-13,0.013191525993984765,2012
2012-07-16,-0.004006267794965934,2012
2012-07-17,0.0015086559615553607,2012
2012-07-18,0.015562104852755443,2012
2012-07-19,0.01186341022741555,2012
2012-07-20,-0.017586690812105177,2012
2012-07-23,-0.017404087748500885,2012
2012-07-24,-0.010627588022184886,2012
2012-07-25,0.007672550042982618,2012
2012-07-26,0.018274014955395046,2012
2012-07-27,0.021934147224464517,2012
2012-07-30,-0.00682909651112884,2012
2012-07-31,0.0009822933922534194,2012
2012-08-01,-0.006378888716676245,2012
2012-08-02,-0.0009874871585058287,2012
2012-08-03,0.02174968034965241,2012
2012-08-06,0.006773069861145675,2012
2012-08-07,0.012013741143403589,2012
2012-08-08,0.0028490671505640996,2012
2012-08-09,0.0018936864886658356,2012
2012-08-10,0.005198594675638768,2012
2012-08-13,-0.004701473657066191,2012
2012-08-14,-0.008975043280743278,2012
2012-08-15,0.005243196480396728,2012
2012-08-16,0.014698843827362529,2012
2012-08-17,0.0028036673624849406,2012
2012-08-20,-0.003261900931345596,2012
2012-08-21,0.00046759739917812126,2012
2012-08-22,-0.0028038019762102184,2012
2012-08-23,-0.0018743669286888087,2012
2012-08-24,0.004225279060940279,2012
2012-08-27,-0.0028049110117167597,2012
2012-08-28,0.0,2012
2012-08-29,0.0023440230653166694,2012
2012-08-30,-0.014499469125755171,2012
2012-08-31,0.006644418342685254,2012
2012-09-04,0.002357556806212635,2012
2012-09-05,-0.0028221973654704025,2012
2012-09-06,0.024999942249447793,2012
2012-09-07,-0.00046028104055062524,2012
2012-09-10,-0.007826789379031474,2012
2012-09-11,0.004640320364306616,2012
2012-09-12,0.006928264341978796,2012
2012-09-13,0.010550754735817902,2012
2012-09-14,0.007716586060402486,2012
2012-09-17,-0.00450458516785468,2012
2012-09-18,-0.004524903097844812,2012
2012-09-19,-0.002272637249789433,2012
2012-09-20,-0.006378036393444697,2012
2012-09-21,-0.00229236908760333,2012
2012-09-24,-0.011029527116289572,2012
2012-09-25,-0.016728801443579355,2012
2012-09-26,-0.008979149463323788,2012
2012-09-27,0.015259920964591167,2012
2012-09-28,-0.006575758254353858,2012
2012-10-01,-0.008510762331258359,2012
2012-10-02,0.0038148772106145756,2012
2012-10-03,-0.0023752028060675112,2012
2012-10-04,0.0038094273931301714,2012
2012-10-05,-0.0014231481871840312,2012
2012-10-08,-0.00760096373894914,2012
2012-10-09,-0.013882131781791207,2012
2012-10-10,-0.009708771806175243,2012
2012-10-11,0.001470656972526685,2012
2012-10-12,-0.004894709045552892,2012
2012-10-15,0.00737817760097248,2012
2012-10-16,0.01611311943510607,2012
2012-10-17,-0.008168978521572945,2012
2012-10-18,-0.005814085349968967,2012
2012-10-19,-0.020467811833316918,2012
2012-10-22,0.004477749805675835,2012
2012-10-23,-0.00544835321988324,2012
2012-10-24,-0.0034860753529974975,2012
2012-10-25,0.007496314683256289,2012
2012-10-26,-0.001488093324342521,2012
2012-10-31,-0.002980550539275373,2012
2012-11-01,0.028400559180953078,2012
2012-11-02,-0.01405041549069852,2012
2012-11-05,0.004422598683709866,2012
2012-11-06,0.008317202610220953,2012
2012-11-07,-0.027656716396005643,2012
2012-11-08,-0.010479029112159699,2012
2012-11-09,0.004034625462825847,2012
2012-11-12,-0.001507139869857732,2012
2012-11-13,-0.0070421484131546475,2012
2012-11-14,-0.011651356505970711,2012
2012-11-15,-0.0005126553672817336,2012
2012-11-16,0.0010256150403251674,2012
2012-11-19,0.023565567646586016,2012
2012-11-20,-0.006506594184060965,2012
2012-11-21,0.006549207217653619,2012
2012-11-23,0.017017235236708173,2012
2012-11-26,0.004428914508006976,2012
2012-11-27,-0.005389343303504379,2012
2012-11-28,0.006896376051769293,2012
2012-11-29,0.006849353198463692,2012
2012-11-30,0.0,2012
2012-12-03,-0.0019437953189758161,2012
2012-12-04,0.0029212663392952365,2012
2012-12-05,-0.002427227911904417,2012
2012-12-06,0.006326329809118736,2012
2012-12-07,-0.000967302217934507,2012
2012-12-10,0.004356237976754551,2012
2012-12-11,0.012048130046446559,2012
2012-12-12,-0.007618786197362226,2012
2012-12-13,-0.007198100153851028,2012
2012-12-14,-0.005316409449643289,2012
2012-12-17,0.00874641404303067,2012
2012-12-18,0.015414074908506104,2012
2012-12-19,-0.0033204285652106424,2012
2012-12-20,0.0023797928011011216,2012
2012-12-21,-0.008547133058213752,2012
2012-12-24,-0.0009576232070692692,2012
2012-12-26,-0.006711583177541058,2012
2012-12-27,-0.002413309489424087,2012
2012-12-28,-0.006772791125387978,2012
2012-12-29,0.0,2012
2012-12-30,0.0,2012
2012-12-31,0.0,2012
2013-01-02,0.0,2013
2013-01-03,-0.010223123656223798,2013
2013-01-04,-0.0004693702601025196,2013
2013-01-07,-0.00375774019518893,2013
2013-01-08,-0.0051862035806801154,2013
2013-01-09,0.004739489520341422,2013
2013-01-10,0.008018765531075722,2013
2013-01-11,0.0037434707473777973,2013
2013-01-14,0.0013984653142526948,2013
2013-01-15,0.001397048789752997,2013
2013-01-16,0.0023242734435722223,2013
2013-01-17,0.008812559838524026,2013
2013-01-18,-0.0032183426058747244,2013
2013-01-22,-0.0004611432805591287,2013
2013-01-23,0.0069219357145799965,2013
2013-01-24,-0.005041217792503883,2013
2013-01-25,0.01612135969029782,2013
2013-01-28,0.0004533304081997258,2013
2013-01-29,-0.00770273329720772,2013
2013-01-30,-0.0022830146263681517,2013
2013-01-31,0.001830683256001775,2013
2013-02-01,0.01279123425227957,2013
2013-02-04,-0.012178733870100045,2013
2013-02-05,0.011872110140328518,2013
2013-02-06,0.0027076431168164827,2013
2013-02-07,-0.0027003315825938623,2013
2013-02-08,-0.00045115468885958965,2013
2013-02-11,-0.002708540094808032,2013
2013-02-12,-0.0009057551674209741,2013
2013-02-13,-0.002718554166449394,2013
2013-02-14,0.00272596484954879,2013
2013-02-15,-0.0013592444514377577,2013
2013-02-19,0.006805995377232366,2013
2013-02-20,-0.012167561059312826,2013
2013-02-21,-0.015054984943175143,2013
2013-02-22,0.010653178053904755,2013
2013-02-25,-0.016040418461541694,2013
2013-02-26,0.004657745470861174,2013
2013-02-27,0.010662854535906652,2013
2013-02-28,-0.002293553128926318,2013
2013-03-01,0.0,2013
2013-03-04,0.0013793748330748201,2013
2013-03-05,0.013773954199773675,2013
2013-03-06,0.001811548586359235,2013
2013-03-07,0.0036169363209272998,2013
2013-03-08,0.002702504200745137,2013
2013-03-11,0.002695414475946789,2013
2013-03-12,0.0,2013
2013-03-13,-0.0004479205702149214,2013
2013-03-14,0.007171619286066244,2013
2013-03-15,-0.008455729262819345,2013
2013-03-18,-0.007630130329284834,2013
2013-03-19,-0.004522921311540307,2013
2013-03-20,0.009995727980185443,2013
2013-03-21,-0.008996880890365544,2013
2013-03-22,0.0013614504930035132,2013
2013-03-25,-0.002266456161519659,2013
2013-03-26,0.004543471073687799,2013
2013-03-27,-0.0009043497385320398,2013
2013-03-28,0.004526819703275287,2013
2013-04-01,-0.01306916960295279,2013
2013-04-02,0.0036532048692561325,2013
2013-04-03,-0.010919263908401589,2013
2013-04-04,0.00046006940131015917,2013
2013-04-05,-0.010574611039674053,2013
2013-04-08,0.002323394601797091,2013
2013-04-09,0.0060267698548921445,2013
2013-04-10,0.017050626244349276,2013
2013-04-11,-0.002265298646439984,2013
2013-04-12,-0.0036331648828119567,2013
2013-04-15,-0.02142207674122565,2013
2013-04-16,0.0163019078857507,2013
2013-04-17,-0.02199813729283262,2013
2013-04-18,-0.011715027959246616,2013
2013-04-19,0.0009481560199164907,2013
2013-04-22,0.009948015787130782,2013
2013-04-23,0.015478334844187147,2013
2013-04-24,0.0069283308716254766,2013
2013-04-25,0.008715541533047322,2013
2013-04-26,-0.002273670784889381,2013
2013-04-29,0.009571546648126983,2013
2013-04-30,-0.002708540094808032,2013
2013-05-01,-0.008601511674141471,2013
2013-05-02,0.008676139590112264,2013
2013-05-03,0.011769861637437984,2013
2013-05-06,0.00492160763493632,2013
2013-05-07,0.00044525679029439047,2013
2013-05-08,0.005340318888382933,2013
2013-05-09,-0.0022132811919174378,2013
2013-05-10,0.005767538576465059,2013
2013-05-13,-0.006175469985631232,2013
2013-05-14,0.00665758888223511,2013
2013-05-15,0.003086500902515832,2013
2013-05-16,0.007033042841388726,2013
2013-05-17,0.0061107768487589365,2013
2013-05-20,0.0030369560052556643,2013
2013-05-21,0.0017301223452113046,2013
2013-05-22,-0.012089877150265327,2013
2013-05-23,-0.006992956366387304,2013
2013-05-24,-0.002200743652796988,2013
2013-05-28,0.008822453967187949,2013
2013-05-29,-0.0021862460166336417,2013
2013-05-30,0.013584449443858837,2013
2013-05-31,-0.009511526981812013,2013
2013-06-03,0.002182492155313076,2013
2013-06-04,-0.005662034239576674,2013
2013-06-05,-0.009198221667470308,2013
2013-06-06,0.006189118724917675,2013
2013-06-07,0.01054467376960666,2013
2013-06-10,0.0,2013
2013-06-11,-0.013478264300306741,2013
2013-06-12,-0.006610896727726412,2013
2013-06-13,0.011534949347521417,2013
2013-06-14,-0.00570164261232553,2013
2013-06-17,0.009704464279757685,2013
2013-06-18,0.00873753380992337,2013
2013-06-19,-0.009527817325310606,2013
2013-06-20,-0.01967659203338068,2013
2013-06-21,-0.0008918453457166242,2013
2013-06-24,-0.016071725624062894,2013
2013-06-25,0.010889344264437772,2013
2013-06-26,0.006732551600271641,2013
2013-06-27,0.008025148560705686,2013
2013-06-28,-0.003096246618785714,2013
2013-07-01,0.003992960478094387,2013
2013-07-02,-0.001325353925763495,2013
2013-07-03,0.003981975790117387,2013
2013-07-05,0.011899563325707518,2013
2013-07-08,-0.007839710762300278,2013
2013-07-09,0.008779535106759218,2013
2013-07-10,0.011314339210047208,2013
2013-07-11,0.01592063852125647,2013
2013-07-12,0.006776862569590314,2013
2013-07-15,0.0,2013
2013-07-16,0.0004205968221033807,2013
2013-07-17,0.0033642685161512365,2013
2013-07-18,0.0012572724642903044,2013
2013-07-19,-0.0012556937151585457,2013
2013-07-22,-0.0020954138621971374,2013
2013-07-23,-0.0033600893087830652,2013
2013-07-24,-0.0033713568747838485,2013
2013-07-25,0.002959786779391571,2013
2013-07-26,-0.003794019246024849,2013
2013-07-29,-0.005078405202533998,2013
2013-07-30,0.007656368033044592,2013
2013-07-31,0.0067538551701114,2013
2013-08-01,0.015513627290175913,2013
2013-08-02,-0.0012386441758508449,2013
2013-08-05,0.002066887804766493,2013
2013-08-06,-0.006187992615623306,2013
2013-08-07,-0.003735865540888561,2013
2013-08-08,0.004166560639676353,2013
2013-08-09,-0.0020745465728264634,2013
2013-08-12,0.006236877242075778,2013
2013-08-13,0.008677674243313449,2013
2013-08-14,-0.004916129464724084,2013
2013-08-15,-0.01729098579332078,2013
2013-08-16,-0.0012567457231151824,2013
2013-08-19,-0.004194645267392216,2013
2013-08-20,0.003791064787200371,2013
2013-08-21,-0.005035662526715279,2013
2013-08-22,0.008013445043264067,2013
2013-08-23,0.002928826290853559,2013
2013-08-26,-0.004171836193806677,2013
2013-08-27,-0.02052785251319278,2013
2013-08-28,0.00598787233298026,2013
2013-08-29,0.008078426026648877,2013
2013-08-30,-0.00506108801455063,2013
2013-09-03,0.00508683292369283,2013
2013-09-04,0.01012229752777527,2013
2013-09-05,0.0033402076016606497,2013
2013-09-06,-0.002496875758432937,2013
2013-09-09,0.01293283641776366,2013
2013-09-10,0.00864920160485827,2013
2013-09-11,-0.002449976221303385,2013
2013-09-12,-0.003274579183557891,2013
2013-09-13,0.0,2013
2013-09-16,0.0016426686403139268,2013
2013-09-17,0.006149934672667667,2013
2013-09-18,0.008557563551933045,2013
2013-09-19,-0.0016162369543512023,2013
2013-09-20,-0.003237823391790462,2013
2013-09-23,-0.005683807173017086,2013
2013-09-24,-0.00040829016055998757,2013
2013-09-25,0.0008169138590106151,2013
2013-09-26,0.0024490939093295694,2013
2013-09-27,-0.0008144874611274444,2013
2013-09-30,-0.0028523255351221577,2013
2013-10-01,0.006947076091032178,2013
2013-10-02,-0.0008114924446206428,2013
2013-10-03,-0.009342023896513618,2013
2013-10-04,0.008610073897484583,2013
2013-10-07,-0.006910598429040071,2013
2013-10-08,-0.016373426548193848,2013
2013-10-09,-0.0016645438787132871,2013
2013-10-10,0.017507331971659212,2013
2013-10-11,0.006964388892665374,2013
2013-10-14,0.006102514031856021,2013
2013-10-15,-0.01010912656694496,2013
2013-10-16,0.007352930793204315,2013
2013-10-17,0.0028385621098276914,2013
2013-10-18,0.012939537561305947,2013
2013-10-21,0.004391250848120309,2013
2013-10-22,-0.003974634426718415,2013
2013-10-23,-0.014764280412466912,2013
2013-10-24,-0.0060754423133421165,2013
2013-10-25,0.0012226096982590473,2013
2013-10-28,0.0,2013
2013-10-29,0.005290958764827769,2013
2013-10-30,-0.004453474112177114,2013
2013-10-31,0.0,2013
2013-11-01,0.0,2013
2013-11-04,0.003660019540722814,2013
2013-11-05,-0.002836378763717007,2013
2013-11-06,0.007720507243272223,2013
2013-11-07,-0.01370985296874705,2013
2013-11-08,0.009812162233621802,2013
2013-11-11,0.0012145732461492642,2013
2013-11-12,0.004447955116004598,2013
2013-11-13,0.006843830248702165,2013
2013-11-14,-0.005197990835097199,2013
2013-11-15,0.007234601967791354,2013
2013-11-18,-0.006384401456184685,2013
2013-11-19,-0.009236973531496995,2013
2013-11-20,-0.004053461837170036,2013
2013-11-21,0.011803034278734525,2013
2013-11-22,0.009251835540485809,2013
2013-11-25,-0.0007972822595052609,2013
2013-11-26,0.0,2013
2013-11-27,0.005185435598652477,2013
2013-11-29,0.0,2013
2013-12-02,-0.004761784459149654,2013
2013-12-03,0.0015948558461660323,2013
2013-12-04,-0.0003980504130676188,2013
2013-12-05,0.0023894829708610565,2013
2013-12-06,0.004370314229999561,2013
2013-12-09,0.001977769352847991,2013
2013-12-10,-0.0007896144377411707,2013
2013-12-11,-0.010667592689970196,2013
2013-12-12,-0.006389959033532344,2013
2013-12-13,0.0028134627533147327,2013
2013-12-16,0.010821745835665197,2013
2013-12-17,0.007137183464816843,2013
2013-12-18,0.006692829173168269,2013
2013-12-19,-0.002762327615051907,2013
2013-12-20,0.011240677063851345,2013
2013-12-23,0.010321644384713169,2013
2013-12-24,0.0027504591378126886,2013
2013-12-26,0.00039168744841311387,2013
2013-12-27,0.001175043185041691,2013
2013-12-30,0.0031299176772636716,2013
2013-12-31,0.0,2013
2014-01-02,0.0,2014
2014-01-03,0.0003914478879767369,2014
2014-01-06,-0.003521322148954509,2014
2014-01-07,0.0098155001527509,2014
2014-01-08,0.006609645449729307,2014
2014-01-09,-0.0034761130273694985,2014
2014-01-10,0.0038761114670007313,2014
2014-01-13,-0.008494280483038685,2014
2014-01-14,0.019859818460961964,2014
2014-01-15,0.012218293442555428,2014
2014-01-16,-0.0030175429582685043,2014
2014-01-17,-0.002648581143103179,2014
2014-01-21,0.004552177411933478,2014
2014-01-22,0.007552935910251524,2014
2014-01-23,-0.0059968424125925734,2014
2014-01-24,-0.020362057691789337,2014
2014-01-27,-0.010007892187903877,2014
2014-01-28,0.004665670699189661,2014
2014-01-29,-0.00851389715975448,2014
2014-01-30,0.010929166426844938,2014
2014-01-31,-0.004633352554309078,2014
2014-02-03,-0.02754058468848508,2014
2014-02-04,0.008775390919441461,2014
2014-02-05,0.00276774909658406,2014
2014-02-06,0.009069423647171115,2014
2014-02-07,0.017194254952642263,2014
2014-02-10,0.0026889575975648228,2014
2014-02-11,0.00881239236004161,2014
2014-02-12,0.006076878384623674,2014
2014-02-13,0.006794968863209405,2014
2014-02-14,0.002624641728595778,2014
2014-02-18,0.002243848832721884,2014
2014-02-19,-0.005597115621080007,2014
2014-02-20,0.0045028534861950575,2014
2014-02-21,-0.001867726057453889,2014
2014-02-24,0.004865153498678776,2014
2014-02-25,-0.004096712903298827,2014
2014-02-26,0.00560967470243301,2014
2014-02-27,0.005206231528537053,2014
2014-02-28,-0.0029594919410429466,2014
2014-03-03,-0.007421213434704033,2014
2014-03-04,0.017196198718409272,2014
2014-03-05,0.0025724506902995437,2014
2014-03-06,0.0010998711246485993,2014
2014-03-07,-0.0025632372527248926,2014
2014-03-10,-0.002936883048457295,2014
2014-03-11,-0.006627243679608652,2014
2014-03-12,0.004818373047317692,2014
2014-03-13,-0.01217268236861202,2014
2014-03-14,0.00037336367040130547,2014
2014-03-17,0.011944859021419063,2014
2014-03-18,0.012910216229772509,2014
2014-03-19,-0.004369825819808604,2014
2014-03-20,0.009509751022780177,2014
2014-03-21,-0.005797355615429933,2014
2014-03-24,-0.006195031606393675,2014
2014-03-25,0.004400374766093673,2014
2014-03-26,-0.016064088264279963,2014
2014-03-27,-0.004452936903187266,2014
2014-03-28,0.0014909863763807873,2014
2014-03-31,0.010420633394538692,2014
2014-04-01,0.014732780039118154,2014
2014-04-02,0.003992826416292061,2014
2014-04-03,-0.003976947156628774,2014
2014-04-04,-0.023230386462164132,2014
2014-04-07,-0.010776599062200631,2014
2014-04-08,0.009391356856337518,2014
2014-04-09,0.013397957221549905,2014
2014-04-10,-0.031215785536690466,2014
2014-04-11,-0.014025739778885327,2014
2014-04-14,0.006151533777444929,2014
2014-04-15,0.005349468230791299,2014
2014-04-16,0.0060813915579298605,2014
2014-04-17,0.007555896046281818,2014
2014-04-21,0.007499021589192356,2014
2014-04-22,0.008931971481033196,2014
2014-04-23,-0.007008699681609554,2014
2014-04-24,0.011144124078579676,2014
2014-04-25,-0.0227772595869834,2014
2014-04-28,-0.005639093767099146,2014
2014-04-29,-0.0003780219144187136,2014
2014-04-30,0.008698962776677366,2014
2014-05-01,0.0007498071931897332,2014
2014-05-02,-0.0007492454035966656,2014
2014-05-05,0.0011249218247391113,2014
2014-05-06,-0.011985226445345831,2014
2014-05-07,-0.0030325203052554706,2014
2014-05-08,0.0015210327314687522,2014
2014-05-09,0.001898109572183948,2014
2014-05-12,0.017809877895262227,2014
2014-05-13,-0.005212256246163394,2014
2014-05-14,-0.005988075666122916,2014
2014-05-15,-0.0060240427700150034,2014
2014-05-16,0.006439502837549238,2014
2014-05-19,0.00940902936789434,2014
2014-05-20,-0.006338660319262446,2014
2014-05-21,0.006754174632616072,2014
2014-05-22,0.006336193880463359,2014
2014-05-23,0.009629818166202897,2014
2014-05-27,0.010271548024633148,2014
2014-05-28,0.004720089071857503,2014
2014-05-29,0.0050597775853988836,2014
2014-05-30,-0.0032362233584066757,2014
2014-06-02,0.0018037166084767797,2014
2014-06-03,0.004321146041582624,2014
2014-06-04,0.003944150848205874,2014
2014-06-05,0.0071429188818894485,2014
2014-06-06,0.007092259447963434,2014
2014-06-09,0.002464562012094218,2014
2014-06-10,0.0024588982641222668,2014
2014-06-11,0.015066357366420036,2014
2014-06-12,-0.007593838163840405,2014
2014-06-13,0.001391316264079956,2014
2014-06-16,0.004862743426748306,2014
2014-06-17,0.007950244484852265,2014
2014-06-18,0.001714644114597652,2014
2014-06-19,-0.0010269098750983474,2014
2014-06-20,0.0,2014
2014-06-23,0.0,2014
2014-06-24,-0.01062394969633118,2014
2014-06-25,0.006581332340370949,2014
2014-06-26,-0.0030972125571182563,2014
2014-06-27,0.004487488779092441,2014
2014-06-30,0.007903897212877986,2014
2014-07-01,0.011592229987816616,2014
2014-07-02,0.00033709109920154745,2014
2014-07-03,0.006401529654115334,2014
2014-07-07,-0.00636081073556749,2014
2014-07-08,-0.008423299880208956,2014
2014-07-09,0.002718338168612,2014
2014-07-10,-0.0050829235283257335,2014
2014-07-11,0.0013623135924543117,2014
2014-07-14,0.006462688567271613,2014
2014-07-15,-0.005069465968508657,2014
2014-07-16,0.003736493339857594,2014
2014-07-17,-0.012182750881814974,2014
2014-07-18,0.016786667382657106,2014
2014-07-21,0.0013475307627088817,2014
2014-07-22,0.00672962841270297,2014
2014-07-23,-0.008021364974222567,2014
2014-07-24,-0.0033693958052084527,2014
2014-07-25,-0.008789703745408883,2014
2014-07-28,0.0020463064169173872,2014
2014-07-29,-0.0027228687256779516,2014
2014-07-30,0.0034129987854969457,2014
2014-07-31,-0.019387682824105967,2014
2014-08-01,0.0,2014
2014-08-04,0.007977722622718453,2014
2014-08-05,-0.0061942314355598604,2014
2014-08-06,0.00346282913052276,2014
2014-08-07,-0.011387309422113412,2014
2014-08-08,0.006631869414732039,2014
2014-08-11,0.00866854159645114,2014
2014-08-12,-0.005500218969776927,2014
2014-08-13,0.006567584811443705,2014
2014-08-14,0.002403818509286504,2014
2014-08-15,0.0030833224954609495,2014
2014-08-18,0.007855114282114162,2014
2014-08-19,0.006777326733730771,2014
2014-08-20,0.003029356684632445,2014
2014-08-21,0.007382519343275273,2014
2014-08-22,0.00033316100328906195,2014
2014-08-25,-0.0019980191300421613,2014
2014-08-26,0.0016683023861221447,2014
2014-08-27,0.000999108039688723,2014
2014-08-28,0.002329892950788448,2014
2014-08-29,0.008963798363307962,2014
2014-09-02,0.003619874892026864,2014
2014-09-03,-0.004590202898427709,2014
2014-09-04,-0.00032952261211049994,2014
2014-09-05,0.008237350065309679,2014
2014-09-08,0.0009802625933945652,2014
2014-09-09,-0.008488391878338941,2014
2014-09-10,0.004280716086141112,2014
2014-09-11,0.003934090558265657,2014
2014-09-12,-0.008490889528368517,2014
2014-09-15,-0.009552077271615778,2014
2014-09-16,0.008978891808480771,2014
2014-09-17,0.002636991622009477,2014
2014-09-18,0.011505547586856402,2014
2014-09-19,-0.00552486339432523,2014
2014-09-22,-0.012091652667185149,2014
2014-09-23,-0.007277509121322856,2014
2014-09-24,0.010663111014753257,2014
2014-09-25,-0.014177365946931753,2014
2014-09-26,0.006354523014063362,2014
2014-09-29,-0.0013295438465622533,2014
2014-09-30,-0.003327348227079696,2014
2014-10-01,-0.02003365141534863,2014
2014-10-02,0.0020443107544112493,2014
2014-10-03,0.006120515909236346,2014
2014-10-06,-0.0033796439790058086,2014
2014-10-07,-0.017633248247167388,2014
2014-10-08,0.018294802834045942,2014
2014-10-09,-0.024067578559904157,2014
2014-10-10,-0.0503647008696303,2014
2014-10-13,-0.012070381359656879,2014
2014-10-14,0.008145306483071435,2014
2014-10-15,0.0055084187861678124,2014
2014-10-16,0.002191194151991649,2014
2014-10-17,0.005831160928986057,2014
2014-10-20,0.014492777266551515,2014
2014-10-21,0.020714062735873506,2014
2014-10-22,-0.0076974635117837975,2014
2014-10-23,0.019746093306180157,2014
2014-10-24,0.000345833114795413,2014
2014-10-27,-0.0020740867846080757,2014
2014-10-28,0.017319069897108408,2014
2014-10-29,0.001361945756155336,2014
2014-10-30,0.001020022193616077,2014
2014-10-31,0.024117009815022072,2014
2014-11-03,0.004643395738413991,2014
2014-11-04,-0.000330191251715628,2014
2014-11-05,0.005944383337956882,2014
2014-11-06,-0.0003281637078655919,2014
2014-11-07,-0.001642096523261749,2014
2014-11-10,0.0055922002090988965,2014
2014-11-11,-0.000654333866398793,2014
2014-11-12,0.002618680733186496,2014
2014-11-13,-0.00326470956818814,2014
2014-11-14,0.008843698190997618,2014
2014-11-17,-0.008116907887253055,2014
2014-11-18,0.009820144865698266,2014
2014-11-19,-0.006807326169852135,2014
2014-11-20,0.005548305360049355,2014
2014-11-21,0.004544018864039989,2014
2014-11-24,0.009693137480522473,2014
2014-11-25,0.0015998786808195664,2014
2014-11-26,0.010223911152652976,2014
2014-11-28,-0.001897727248454828,2014
2014-12-01,-0.01299110662218117,2014
2014-12-02,0.012841021597413294,2014
2014-12-03,0.013946238558869117,2014
2014-12-04,0.005626718653247043,2014
2014-12-05,0.006528008414635744,2014
2014-12-08,-0.014515298619797279,2014
2014-12-09,0.004074125322412581,2014
2014-12-10,-0.01810270033739947,2014
2014-12-11,0.008900358191582969,2014
2014-12-12,-0.013547646220596787,2014
2014-12-15,-0.005429487488306628,2014
2014-12-16,-0.011239704942495155,2014
2014-12-17,0.021760273229522564,2014
2014-12-18,0.02474136596198684,2014
2014-12-19,0.0,2014
2014-12-22,0.011530401799891399,2014
2014-12-23,0.00034536048489242077,2014
2014-12-24,0.0024171201013398758,2014
2014-12-26,0.002066969003984731,2014
2014-12-29,-0.004469023390811899,2014
2014-12-30,-0.005524808974271211,2014
2014-12-31,0.0,2014
2015-01-02,0.0,2015
2015-01-05,-0.01753776714080868,2015
2015-01-06,-0.017136572854895782,2015
2015-01-07,0.007991283819801076,2015
2015-01-08,0.022342158489087494,2015
2015-01-09,-0.001057087199919149,2015
2015-01-12,-0.012703141973860577,2015
2015-01-13,-0.00464604717228112,2015
2015-01-14,-0.007181370258012576,2015
2015-01-15,-0.01157348530689617,2015
2015-01-16,0.016099896804674607,2015
2015-01-20,0.0068416625935523445,2015
2015-01-21,0.008226153456576624,2015
2015-01-22,0.01312523230440843,2015
2015-01-23,0.004551781799293497,2015
2015-01-26,0.00487973429055244,2015
2015-01-27,-0.013874345096041019,2015
2015-01-28,-0.0038692407356504255,2015
2015-01-29,0.008474626360334803,2015
2015-01-30,-0.003501377343717138,2015
2015-02-02,-0.0007027886823458562,2015
2015-02-03,0.017932397344496476,2015
2015-02-04,-0.0006908935637300884,2015
2015-02-05,0.005530710751384005,2015
2015-02-06,-0.0017187494498206446,2015
2015-02-09,-0.006542802521490643,2015
2015-02-10,0.01733099581610964,2015
2015-02-11,0.0037480419009157107,2015
2015-02-12,0.009843680050759751,2015
2015-02-13,0.011092440362072464,2015
2015-02-17,-0.0009972425707214239,2015
2015-02-18,0.00199664238842856,2015
2015-02-19,0.005978240171573557,2015
2015-02-20,0.004952054805819062,2015
2015-02-23,-0.0019711431924690492,2015
2015-02-24,0.009545748236286844,2015
2015-02-25,-0.0013042137401944043,2015
2015-02-26,0.007182665488125073,2015
2015-02-27,-0.003565802342373914,2015
2015-03-02,0.01138594456722375,2015
2015-03-03,-0.0109361758685258,2015
2015-03-04,-0.0029268669978826933,2015
2015-03-05,0.002935458695060955,2015
2015-03-06,-0.009756033753580806,2015
2015-03-09,0.0036123981831104324,2015
2015-03-10,-0.016033984037874704,2015
2015-03-11,-0.00033274627087387376,2015
2015-03-12,0.005988102085795921,2015
2015-03-13,-0.0013225940688732507,2015
2015-03-16,0.01423839081870848,2015
2015-03-17,-0.0032646699919113287,2015
2015-03-18,0.00884354548671995,2015
2015-03-19,0.004220824833984782,2015
2015-03-20,0.007436008695011598,2015
2015-03-23,-0.001283464340288698,2015
2015-03-24,-0.0041774224430085605,2015
2015-03-25,-0.03549557098424927,2015
2015-03-26,-0.0030108291891456362,2015
2015-03-27,0.011409338132299718,2015
2015-03-30,0.008958311091247007,2015
2015-03-31,-0.010851778026010006,2015
2015-04-01,-0.004986711184199577,2015
2015-04-02,0.00033421927037857735,2015
2015-04-06,0.009018068262255818,2015
2015-04-07,-0.0009931164928375091,2015
2015-04-08,0.008283618487995525,2015
2015-04-09,0.008215645990869103,2015
2015-04-10,0.0026075772177780454,2015
2015-04-13,-0.0032511161320708526,2015
2015-04-14,-0.006197016090958241,2015
2015-04-15,0.011814970860849261,2015
2015-04-16,-0.0019460463412667162,2015
2015-04-17,-0.01754970409348844,2015
2015-04-20,0.013893524930619128,2015
2015-04-21,0.010440355659715017,2015
2015-04-22,0.008718308043550005,2015
2015-04-23,-0.002240790088830269,2015
2015-04-24,-0.014757827076155472,2015
2015-04-27,-0.0016281641980896433,2015
2015-04-28,0.002283179809454694,2015
2015-04-29,-0.00520666925845692,2015
2015-04-30,-0.013084637931589649,2015
2015-05-01,0.017898472585723413,2015
2015-05-04,-0.0009767846270841707,2015
2015-05-05,-0.014993609717626422,2015
2015-05-06,0.0016546466760987144,2015
2015-05-07,0.010571420058659964,2015
2015-05-08,0.012095548808310541,2015
2015-05-11,0.0029068526531617067,2015
2015-05-12,-0.006440940730889966,2015
2015-05-13,0.004862001295227181,2015
2015-05-14,0.014193633032841824,2015
2015-05-15,0.0009542636809578564,2015
2015-05-18,0.011439453292921398,2015
2015-05-19,-0.000942649916852889,2015
2015-05-20,-0.00031440836429952324,2015
2015-05-21,0.006291323772952273,2015
2015-05-22,0.0015629390470170978,2015
2015-05-26,-0.009675365611843012,2015
2015-05-27,0.03214614746913358,2015
2015-05-28,-0.0021373982678064563,2015
2015-05-29,-0.0012239210593086858,2015
2015-06-01,0.0012254208777273679,2015
2015-06-02,-0.003366050478602056,2015
2015-06-03,0.006447709336545149,2015
2015-06-04,-0.00915178612257539,2015
2015-06-05,0.007697108559620913,2015
2015-06-08,-0.014054580115526183,2015
2015-06-09,-0.0015493004960904777,2015
2015-06-10,0.014276736411438895,2015
2015-06-11,0.0006121898715143459,2015
2015-06-12,-0.004281484862345808,2015
2015-06-15,-0.003992671763878408,2015
2015-06-16,0.006167088865813852,2015
2015-06-17,0.000919309128509127,2015
2015-06-18,0.00857323033554458,2015
2015-06-19,-0.005464400057064944,2015
2015-06-22,0.0015262796700448167,2015
2015-06-23,-0.0021334133356988305,2015
2015-06-24,-0.00885750832492238,2015
2015-06-25,0.00030787945045163134,2015
2015-06-26,-0.014787364957446925,2015
2015-06-29,-0.023139403341327913,2015
2015-06-30,0.00800254755921026,2015
2015-07-01,0.0009525897954918428,2015
2015-07-02,0.005393452891759187,2015
2015-07-06,-0.011991274486307879,2015
2015-07-07,-0.0015967240466513433,2015
2015-07-08,-0.015994934355370694,2015
2015-07-09,-0.0019507184106541953,2015
2015-07-10,0.014658169851507585,2015
2015-07-13,0.008346557330821236,2015
2015-07-14,0.009551115393098497,2015
2015-07-15,-0.0040996971080495825,2015
2015-07-16,0.0006333555606379271,2015
2015-07-17,-0.0015825448082655846,2015
2015-07-20,-0.004437151297396635,2015
2015-07-21,-0.002865286894963237,2015
2015-07-22,-0.01181362734962177,2015
2015-07-23,0.005169659417083805,2015
2015-07-24,-0.009964680933863712,2015
2015-07-27,-0.010389510525132373,2015
2015-07-28,0.013451379514127115,2015
2015-07-29,0.0019423473205901765,2015
2015-07-30,-0.0003231238936760583,2015
2015-07-31,-0.008080143186196431,2015
2015-08-03,-0.008145800931037006,2015
2015-08-04,-0.009527014272465384,2015
2015-08-05,0.01094527610534124,2015
2015-08-06,-0.016076148884741404,2015
2015-08-07,0.004668208796672069,2015
2015-08-10,0.018586071524103964,2015
2015-08-11,-0.01726943010327109,2015
2015-08-12,0.003978969240294061,2015
2015-08-13,-0.004953937857918311,2015
2015-08-14,-0.00033183490773880386,2015
2015-08-17,0.01095617761200618,2015
2015-08-18,-0.015435209925057647,2015
2015-08-19,-0.004669682678741349,2015
2015-08-20,-0.03284205739117507,2015
2015-08-21,-0.021482849610616972,2015
2015-08-24,-0.03186974458537861,2015
2015-08-25,-0.00036588086045596935,2015
2015-08-26,0.04134678081135523,2015
2015-08-27,0.026352819933004312,2015
2015-08-28,0.003423376652256449,2015
2015-08-31,-0.00852958376800661,2015
2015-09-01,-0.0302821838041899,2015
2015-09-02,0.020936937761188767,2015
2015-09-03,0.004866165258925026,2015
2015-09-04,-0.013490026946351485,2015
2015-09-08,0.03401108833853361,2015
2015-09-09,-0.013902951870715441,2015
2015-09-10,0.00790915477233578,2015
2015-09-11,0.0017059338010061431,2015
2015-09-14,0.001362320727399391,2015
2015-09-15,0.011904726498054297,2015
2015-09-16,0.0026890917198447717,2015
2015-09-17,-0.006034104145582364,2015
2015-09-18,-0.016863379126740297,2015
2015-09-21,-0.002401364832959496,2015
2015-09-22,0.0,2015
2015-09-23,-0.02338373369803204,2015
2015-09-24,-0.006690245663519501,2015
2015-09-25,-0.001417856723142652,2015
2015-09-28,-0.027689147999131913,2015
2015-09-29,0.0010952739676235446,2015
2015-09-30,0.03865800796776453,2015
2015-10-01,-0.006671453315046372,2015
2015-10-02,0.014492862411195295,2015
2015-10-05,0.014285732939002704,2015
2015-10-06,-0.000343633852465941,2015
2015-10-07,0.011683875585479342,2015
2015-10-08,0.0030571894529085597,2015
2015-10-09,0.0016932243614495857,2015
2015-10-12,-0.0020285359895797495,2015
2015-10-13,-0.012533801487603968,2015
2015-10-14,0.014065026686783222,2015
2015-10-15,0.01725312705532711,2015
2015-10-16,0.0019953144672428813,2015
2015-10-19,-0.0036506814887364847,2015
2015-10-20,0.0033310070266887593,2015
2015-10-21,-0.006308200287121646,2015
2015-10-22,0.01670570482411793,2015
2015-10-23,0.01807419130044141,2015
2015-10-26,-0.014848176819460934,2015
2015-10-27,-0.00622536031919918,2015
2015-10-28,0.02670599583040567,2015
2015-10-29,-0.016056335406636868,2015
2015-10-30,0.004242865135823726,2015
2015-11-02,0.011049585146296836,2015
2015-11-03,0.006107297011735957,2015
2015-11-04,0.00638989468199469,2015
2015-11-05,-0.007936495347456773,2015
2015-11-06,0.02335999782548215,2015
2015-11-09,-0.009693596117530623,2015
2015-11-10,-0.009788402820496311,2015
2015-11-11,0.0006377986942891489,2015
2015-11-12,-0.013065822882362799,2015
2015-11-13,-0.012592887539828013,2015
2015-11-16,0.01406170664446682,2015
2015-11-17,0.006449570209922317,2015
2015-11-18,0.017622479389650225,2015
2015-11-19,-0.0006298446296718607,2015
2015-11-20,0.00031508143631175933,2015
2015-11-23,-0.004409357245121481,2015
2015-11-24,0.006327070018236514,2015
2015-11-25,0.00408673057783937,2015
2015-11-27,0.005322452833686375,2015
2015-11-30,0.0031143522325527417,2015
2015-12-01,0.007451379186538487,2015
2015-12-02,-0.004930844532040957,2015
2015-12-03,-0.016413788557257836,2015
2015-12-04,0.018262033143498835,2015
2015-12-07,-0.011131790342668424,2015
2015-12-08,-0.0009379941861078489,2015
2015-12-09,-0.015962514442423914,2015
2015-12-10,0.009859930079465506,2015
2015-12-11,-0.019212654682969954,2015
2015-12-14,-0.006912197275973142,2015
2015-12-15,0.009443680250592834,2015
2015-12-16,0.00831613476760884,2015
2015-12-17,-0.0106528699577908,2015
2015-12-18,-0.012504289035720428,2015
2015-12-21,0.011959160481655129,2015
2015-12-22,0.004170913525917586,2015
2015-12-23,0.011422730240230772,2015
2015-12-24,0.002395681765437585,2015
2015-12-28,0.0020482747809311697,2015
2015-12-29,0.010903035157761476,2015
2015-12-30,-0.008089178142676845,2015
2015-12-31,0.0,2015
2016-01-04,0.0,2016
2016-01-05,-0.013995634879939045,2016
2016-01-06,-0.023775944877143074,2016
2016-01-07,-0.023991134718576945,2016
2016-01-08,-0.014525271052055921,2016
2016-01-11,0.002645658981549115,2016
2016-01-12,0.008292390832524754,2016
2016-01-13,-0.03177568996011293,2016
2016-01-14,0.017374600353782466,2016
2016-01-15,-0.030740059539811626,2016
2016-01-19,-0.0058733185968316,2016
2016-01-20,0.019692878748445386,2016
2016-01-21,-0.005793740897098498,2016
2016-01-22,0.026418125561605166,2016
2016-01-25,-0.021574713029539394,2016
2016-01-26,0.01160541274992477,2016
2016-01-27,-0.0198854309614096,2016
2016-01-28,0.004292061308673212,2016
2016-01-29,0.0384614901447311,2016
2016-02-01,0.008604579062481799,2016
2016-02-02,-0.024851607674550746,2016
2016-02-03,-0.0019018632250392686,2016
2016-02-04,0.009908568654136918,2016
2016-02-05,-0.03245285373772688,2016
2016-02-08,-0.02613110883265779,2016
2016-02-09,-0.009611401853702128,2016
2016-02-10,0.006874220435869383,2016
2016-02-11,-0.00763057491214858,2016
2016-02-12,0.02347219619299823,2016
2016-02-16,0.03202859000465863,2016
2016-02-17,0.019540258365736696,2016
2016-02-18,-0.009019127563672513,2016
2016-02-19,0.015927165775026397,2016
2016-02-22,0.008585306857839425,2016
2016-02-23,-0.01295353352166384,2016
2016-02-24,0.014623307121145901,2016
2016-02-25,0.014412377297112977,2016
2016-02-26,0.007285972046880973,2016
2016-02-29,0.0,2016
2016-03-01,0.03074140021658378,2016
2016-03-02,-0.0056139036015145916,2016
2016-03-03,0.005998488030896532,2016
2016-03-04,0.007716490703674195,2016
2016-03-07,-0.0031325006367100006,2016
2016-03-08,-0.0192040647810775,2016
2016-03-09,0.00783211500159231,2016
2016-03-10,-0.0021195874848720653,2016
2016-03-11,0.019115171935984332,2016
2016-03-14,-0.0041679362293642885,2016
2016-03-15,-0.0013953954126526558,2016
2016-03-16,0.009780045383670055,2016
2016-03-17,0.0058801403992272405,2016
2016-03-18,0.011004188164723594,2016
2016-03-21,-0.0006801776757956457,2016
2016-03-22,0.00408455132079899,2016
2016-03-23,-0.0176274078816967,2016
2016-03-24,0.0003452567799482331,2016
2016-03-28,-0.002414608913744676,2016
2016-03-29,0.02143850657220936,2016
2016-03-30,0.006770321363127829,2016
2016-03-31,0.0006725568982359764,2016
2016-04-01,0.0013440545184151276,2016
2016-04-04,-0.005033710498633881,2016
2016-04-05,-0.011467083411685897,2016
2016-04-06,0.012282684242627795,2016
2016-04-07,-0.016515038851221964,2016
2016-04-08,0.003427161964312031,2016
2016-04-11,-0.004781623521198708,2016
2016-04-12,-0.0010293697327729001,2016
2016-04-13,0.024390265189645044,2016
2016-04-14,-0.0016768811837898356,2016
2016-04-15,-0.007389972227185404,2016
2016-04-18,0.003045809385857634,2016
2016-04-19,-0.00775987419874169,2016
2016-04-20,0.0034000457695448905,2016
2016-04-21,-0.0064383063732188495,2016
2016-04-22,-0.0003412530509535605,2016
2016-04-25,-0.006141184517646114,2016
2016-04-26,0.0051495671467971516,2016
2016-04-27,0.004439746550367385,2016
2016-04-28,-0.026861571001145168,2016
2016-04-29,-0.01921748449721261,2016
2016-05-02,0.003206400953165378,2016
2016-05-03,-0.009588048317615283,2016
2016-05-04,-0.01147362553465725,2016
2016-05-05,0.000725325365980245,2016
2016-05-06,0.0025372173486464256,2016
2016-05-09,-0.0007231323353884545,2016
2016-05-10,0.015195514872627491,2016
2016-05-11,-0.006771415563744498,2016
2016-05-12,-0.015069864762213836,2016
2016-05-13,-0.0018214930117201877,2016
2016-05-16,0.009489081613351269,2016
2016-05-17,-0.009761367999373438,2016
2016-05-18,0.011317775632718963,2016
2016-05-19,-0.003970985060110954,2016
2016-05-20,0.021747170661101434,2016
2016-05-23,0.0035472736586232845,2016
2016-05-24,0.022976226447720682,2016
2016-05-25,0.0058743644983911825,2016
2016-05-26,0.0020610988829981025,2016
2016-05-27,0.007884667643431431,2016
2016-05-31,0.0040818516607750155,2016
2016-06-01,0.004065023157448389,2016
2016-06-02,0.004723391522129861,2016
2016-06-03,-0.0003359818141699389,2016
2016-06-06,0.0026872837873934685,2016
2016-06-07,0.007370089121980561,2016
2016-06-08,0.0023281161308261744,2016
2016-06-09,-0.002654447477359101,2016
2016-06-10,-0.016300620041167058,2016
2016-06-13,-0.0067636873417903365,2016
2016-06-14,0.0013619807237144066,2016
2016-06-15,0.003060308207779805,2016
2016-06-16,-0.002711957085968497,2016
2016-06-17,-0.009517425768318377,2016
2016-06-20,0.010638485064508707,2016
2016-06-21,0.0030559943557511016,2016
2016-06-22,-0.0050779364929938176,2016
2016-06-23,0.022456641214067208,2016
2016-06-24,-0.055906892711575784,2016
2016-06-27,-0.040183165800692144,2016
2016-06-28,0.024237911240725385,2016
2016-06-29,0.01972032235499044,2016
2016-06-30,0.01652599727434856,2016
2016-07-01,-0.004150875322105119,2016
2016-07-05,-0.014240923449019616,2016
2016-07-06,0.004580623581373233,2016
2016-07-07,0.012276470884647672,2016
2016-07-08,0.023215417145949546,2016
2016-07-11,0.011513758012807296,2016
2016-07-12,0.011717360576283697,2016
2016-07-13,-0.0013235193523720712,2016
2016-07-14,0.005632851902288127,2016
2016-07-15,0.0003295957083608858,2016
2016-07-18,0.008563850052705657,2016
2016-07-19,-0.00228622229919484,2016
2016-07-20,0.012765998948206514,2016
2016-07-21,-0.01034250544592863,2016
2016-07-22,0.005551909330153926,2016
2016-07-25,0.0029229207092964504,2016
2016-07-26,0.008743655201057798,2016
2016-07-27,0.006420617037068421,2016
2016-07-28,0.0009568046922698858,2016
2016-07-29,-0.007010817522664414,2016
2016-08-01,0.00834376062510822,2016
2016-08-02,-0.015913134790373595,2016
2016-08-03,-0.0006469647076681184,2016
2016-08-04,0.005501601528665301,2016
2016-08-05,0.014483494771920347,2016
2016-08-08,-0.0028552996342613435,2016
2016-08-09,0.0034998689735359356,2016
2016-08-10,-0.008560613095145664,2016
2016-08-11,0.004796706676522877,2016
2016-08-12,0.0009551144714947668,2016
2016-08-15,0.0108108501110189,2016
2016-08-16,-0.004718753280796961,2016
2016-08-17,-0.0012641930636986265,2016
2016-08-18,0.00917740321465299,2016
2016-08-19,0.005644342403545943,2016
2016-08-22,0.0012472423542126965,2016
2016-08-23,0.008097048340748092,2016
2016-08-24,-0.005560646162895866,2016
2016-08-25,0.0049704433942892035,2016
2016-08-26,0.0021638183329324434,2016
2016-08-29,0.0037018313453589524,2016
2016-08-30,0.0,2016
2016-08-31,-0.004917192549654059,2016
2016-09-01,0.007411808234262907,2016
2016-09-02,0.003372120925637212,2016
2016-09-06,-0.0027497420043943732,2016
2016-09-07,0.000919131565379594,2016
2016-09-08,-0.004285176885057584,2016
2016-09-09,-0.03135578791374216,2016
2016-09-12,0.016819994292865514,2016
2016-09-13,-0.007178467826039481,2016
2016-09-14,0.007230370810271225,2016
2016-09-15,0.02091148663704212,2016
2016-09-16,-0.005196889224117873,2016
2016-09-19,0.0006144716193539068,2016
2016-09-20,-0.004300007717853438,2016
2016-09-21,0.012646682956500843,2016
2016-09-22,0.0067010307102490785,2016
2016-09-23,-0.010589873139422057,2016
2016-09-26,-0.00795102514889856,2016
2016-09-27,0.011713942984763248,2016
2016-09-28,0.0024373400438417736,2016
2016-09-29,-0.003951310786487361,2016
2016-09-30,0.012206282968202364,2016
2016-10-03,-0.004220791632393417,2016
2016-10-04,-0.0006054261369973224,2016
2016-10-05,0.009088292880785831,2016
2016-10-06,0.007505181528401517,2016
2016-10-07,-0.00029800121705625404,2016
2016-10-10,0.004471075351932141,2016
2016-10-11,-0.018397741913065757,2016
2016-10-12,-0.005441436482257256,2016
2016-10-13,-0.012158052150647136,2016
2016-10-14,0.004000368696265744,2016
2016-10-17,-0.004903771674139246,2016
2016-10-18,0.009239295315941698,2016
2016-10-19,0.004882611861501074,2016
2016-10-20,-0.000911177356734183,2016
2016-10-21,0.0015198969250134198,2016
2016-10-24,0.013657191552215897,2016
2016-10-25,-0.006886445498338278,2016
2016-10-26,-0.0012058807821332396,2016
2016-10-27,-0.003320141029306445,2016
2016-10-28,-0.009388343664062382,2016
2016-10-31,0.004279936501059289,2016
2016-11-01,-0.0036529532040207036,2016
2016-11-02,-0.006416088199495573,2016
2016-11-03,-0.0018449753381832856,2016
2016-11-04,-0.004004942120634847,2016
2016-11-07,0.02257979778106267,2016
2016-11-08,0.0006048067077724095,2016
2016-11-09,0.0018138819818380725,2016
2016-11-10,-0.01659632151544088,2016
2016-11-11,0.014114641133690098,2016
2016-11-14,-0.003933517227325267,2016
2016-11-15,0.014581164937036206,2016
2016-11-16,0.004490808333744267,2016
2016-11-17,0.006557568003771497,2016
2016-11-18,0.0005921592857867086,2016
2016-11-21,0.007990376305117008,2016
2016-11-22,0.002349012699248254,2016
2016-11-23,-0.0005857416359809076,2016
2016-11-25,0.0020513649490208063,2016
2016-11-28,-0.005849526717961573,2016
2016-11-29,-0.0002942991782522997,2016
2016-11-30,-0.009711673189466086,2016
2016-12-01,-0.03684995677154701,2016
2016-12-02,0.007713738016255078,2016
2016-12-05,0.01408453094725659,2016
2016-12-06,0.006340675219182579,2016
2016-12-07,0.02010191840747999,2016
2016-12-08,0.00970596057441786,2016
2016-12-09,-0.0011652015474393762,2016
2016-12-12,-0.007873999306489354,2016
2016-12-13,0.009150873038476615,2016
2016-12-14,-0.00535269866149235,2016
2016-12-15,0.00949681991876905,2016
2016-12-16,-0.008466570103425552,2016
2016-12-19,0.008538865002573504,2016
2016-12-20,0.0,2016
2016-12-21,-0.0015679801331114351,2016
2016-12-22,-0.0034546112439982624,2016
2016-12-23,0.002206052732606434,2016
2016-12-27,0.006603590329328224,2016
2016-12-28,-0.011871163205515067,2016
2016-12-29,-0.0009484403762687332,2016
2016-12-30,-0.00854433739192284,2016
2017-01-03,0.0,2017
2017-01-04,0.008549816713283143,2017
2017-01-05,-0.0031398314823603,2017
2017-01-06,0.006299307556672407,2017
2017-01-09,0.0046947722583037255,2017
2017-01-10,0.004672900928802459,2017
2017-01-11,0.00465129899668848,2017
2017-01-12,-0.005555664734982146,2017
2017-01-13,0.010242067013639389,2017
2017-01-17,-0.011059929674903657,2017
2017-01-18,0.009940899430261663,2017
2017-01-19,-0.001538011580600851,2017
2017-01-20,0.013863294684814287,2017
2017-01-23,-0.0009114868903397078,2017
2017-01-24,0.017639998058260886,2017
2017-01-25,0.014942991303290576,2017
2017-01-26,-0.005005751013969717,2017
2017-01-27,0.007694560298780351,2017
2017-01-30,-0.004992644881895769,2017
2017-01-31,-0.004722482196328537,2017
2017-02-01,0.008303573086264393,2017
2017-02-02,-0.0017647826628234276,2017
2017-02-03,0.01237487770202117,2017
2017-02-06,-0.0011641742521544263,2017
2017-02-07,0.0020396950480958687,2017
2017-02-08,0.0005814239942212307,2017
2017-02-09,0.0040686585746374515,2017
2017-02-10,0.0026047245465758984,2017
2017-02-13,0.006062312245165069,2017
2017-02-14,-0.000573504461734764,2017
2017-02-15,0.004593735779154118,2017
2017-02-16,0.0022861817357540115,2017
2017-02-17,0.005988102025599629,2017
2017-02-21,0.006519093543178256,2017
2017-02-22,-0.0008446888159903132,2017
2017-02-23,-0.007891671835761338,2017
2017-02-24,-0.0022727247894841485,2017
2017-02-27,0.003701491614728214,2017
2017-02-28,-0.009645486574082263,2017
2017-03-01,0.010598818202422366,2017
2017-03-02,-0.009637223709199505,2017
2017-03-03,0.0028621534012218675,2017
2017-03-06,-0.0014269009613653294,2017
2017-03-07,-0.00028597118084661144,2017
2017-03-08,0.001715401653390014,2017
2017-03-09,0.0005706384271990661,2017
2017-03-10,0.007130801569475986,2017
2017-03-13,0.004531349656350159,2017
2017-03-14,-0.003947128335223704,2017
2017-03-15,0.00905756968941862,2017
2017-03-16,0.002243677053150206,2017
2017-03-17,0.001119715825165457,2017
2017-03-20,0.0019568331881394396,2017
2017-03-21,-0.02092623859791909,2017
2017-03-22,0.007694652026250415,2017
2017-03-23,0.0005654138231563355,2017
2017-03-24,0.0067834266541162425,2017
2017-03-27,0.0022459872518239,2017
2017-03-28,0.005042116793677165,2017
2017-03-29,0.002508291594972123,2017
2017-03-30,0.004170263957915754,2017
2017-03-31,-0.0022151327772331753,2017
2017-04-03,-0.004439270953586538,2017
2017-04-04,0.000557517234381022,2017
2017-04-05,-0.0044568789241639095,2017
2017-04-06,0.00587566588558408,2017
2017-04-07,0.004728896754402134,2017
2017-04-10,-0.0013843544638362237,2017
2017-04-11,-0.0038814711820728265,2017
2017-04-12,-0.011411000098479396,2017
2017-04-13,-0.003941452686566649,2017
2017-04-17,0.0115885098818731,2017
2017-04-18,0.0,2017
2017-04-19,0.007544036531180742,2017
2017-04-20,0.010815244918569888,2017
2017-04-21,-0.003566430811711263,2017
2017-04-24,0.013491050128036752,2017
2017-04-25,0.008421624053928545,2017
2017-04-26,-0.004040721502316269,2017
2017-04-27,0.007573497428859932,2017
2017-04-28,-0.005906106422113533,2017
2017-05-01,0.007561574328014853,2017
2017-05-02,0.00026801722915537063,2017
2017-05-03,-0.0016077869975937853,2017
2017-05-04,0.0005368685071283075,2017
2017-05-05,0.0069742847179921075,2017
2017-05-08,-0.0005329779236491472,2017
2017-05-09,0.0069297882145193945,2017
2017-05-10,0.006087821585575526,2017
2017-05-11,0.0,2017
2017-05-12,0.00026308138456365704,2017
2017-05-15,0.009994912849674131,2017
2017-05-16,0.0075519845089779825,2017
2017-05-17,-0.03308334008010638,2017
2017-05-18,0.010157657184267643,2017
2017-05-19,0.005821483989901344,2017
2017-05-22,0.009734348512679514,2017
2017-05-23,0.0013028370805627798,2017
2017-05-24,0.005204234020952159,2017
2017-05-25,0.005177400814697863,2017
2017-05-26,0.0007723568869901776,2017
2017-05-30,0.007462810487193439,2017
2017-05-31,-0.004853103591456076,2017
2017-06-01,0.005390103843491367,2017
2017-06-02,0.011743683254938908,2017
2017-06-05,-0.0010094162218502456,2017
2017-06-06,0.0022733464618434063,2017
2017-06-07,0.004788281617429169,2017
2017-06-08,0.007775376164087744,2017
2017-06-09,-0.03484330192533147,2017
2017-06-12,-0.006962379546547215,2017
2017-06-13,0.0062321972295895645,2017
2017-06-14,-0.01032262575361853,2017
2017-06-15,-0.008865688419669504,2017
2017-06-16,-0.0031569766147632183,2017
2017-06-19,0.01847435731730185,2017
2017-06-20,-0.010106187949936118,2017
2017-06-21,0.010471250458801595,2017
2017-06-22,0.0012954116455303755,2017
2017-06-23,0.008020697118013231,2017
2017-06-26,-0.008726986266044845,2017
2017-06-27,-0.021232598566169436,2017
2017-06-28,0.015344057347488782,2017
2017-06-29,-0.023710387812544198,2017
2017-06-30,-0.007205565734991648,2017
2017-07-03,-0.011559163068943223,2017
2017-07-05,0.013869966118572385,2017
2017-07-06,-0.0056330055771810494,2017
2017-07-07,0.015915623287749314,2017
2017-07-10,0.009293764452891429,2017
2017-07-11,0.00841905401780374,2017
2017-07-12,0.015653433257483362,2017
2017-07-13,-0.0005138381182701046,2017
2017-07-14,0.007453220096841351,2017
2017-07-17,-0.0025510585077708203,2017
2017-07-18,0.0043478146823912045,2017
2017-07-19,0.011459137585716705,2017
2017-07-20,0.0012588843278853457,2017
2017-07-21,-0.004526221039003242,2017
2017-07-24,0.002020764403977582,2017
2017-07-25,-0.0022686541053321685,2017
2017-07-26,0.005810962389563246,2017
2017-07-27,-0.013062004994097154,2017
2017-07-28,-0.008399068317070157,2017
2017-07-31,-0.006673545472125175,2017
2017-08-01,0.0018088458203249225,2017
2017-08-02,-0.009285602801982984,2017
2017-08-03,-0.005207055614874112,2017
2017-08-04,-0.008374651494225671,2017
2017-08-07,0.014515638967593336,2017
2017-08-08,-0.0013008035722127387,2017
2017-08-09,-0.003125727722399718,2017
2017-08-10,-0.02639148011686321,2017
2017-08-11,0.012345796535208287,2017
2017-08-14,0.020148356270304202,2017
2017-08-15,0.004937604453916666,2017
2017-08-16,0.007758069096908793,2017
2017-08-17,-0.02283810491518312,2017
2017-08-18,0.0023632676453633206,2017
2017-08-21,-0.004453636834465091,2017
2017-08-22,0.0189475189957633,2017
2017-08-23,-0.00103324985221942,2017
2017-08-24,-0.0020681952013894556,2017
2017-08-25,-0.0025906018720973645,2017
2017-08-28,0.005194772039847972,2017
2017-08-29,0.003876082411638393,2017
2017-08-30,0.013127267795405073,2017
2017-08-31,0.006097500731502503,2017
2017-09-01,0.004293134438140278,2017
2017-09-05,-0.009806436167475008,2017
2017-09-06,0.0027932184908894264,2017
2017-09-07,0.0012661082516063349,2017
2017-09-08,-0.009610471244024366,2017
2017-09-11,0.01864149981437624,2017
2017-09-12,0.006768533011717093,2017
2017-09-13,0.0004981005990827292,2017
2017-09-14,0.0009955988807515137,2017
2017-09-15,0.005221350096507038,2017
2017-09-18,0.004699138050947349,2017
2017-09-19,0.001969629288457009,2017
2017-09-20,-0.012530680180225628,2017
2017-09-21,-0.0039811919992097655,2017
2017-09-22,0.004496716709302628,2017
2017-09-25,-0.01964694670787226,2017
2017-09-26,-0.0012683566163497195,2017
2017-09-27,0.025654101044900957,2017
2017-09-28,0.00321922045738976,2017
2017-09-29,0.009380458101559297,2017
2017-10-02,0.004646798189563928,2017
2017-10-03,0.0007302620923133052,2017
2017-10-04,0.0007296252487134502,2017
2017-10-05,0.0004863391872007572,2017
2017-10-06,0.004615899900619835,2017
2017-10-09,0.0012093631703544716,2017
2017-10-10,0.0019323134943298736,2017
2017-10-11,0.0033752330504568384,2017
2017-10-12,-0.002402624158426958,2017
2017-10-13,0.0033715690826352507,2017
2017-10-16,0.0016804276340589563,2017
2017-10-17,-0.000479463017804993,2017
2017-10-18,0.008151707577008338,2017
2017-10-19,-0.0047562122375742755,2017
2017-10-20,0.007646245772054305,2017
2017-10-23,-0.0030826749714457646,2017
2017-10-24,0.004043655623258147,2017
2017-10-25,-0.006870422447659119,2017
2017-10-26,0.003578247363207554,2017
2017-10-27,0.005704823288827265,2017
2017-10-30,0.004726985074156476,2017
2017-10-31,0.012467812636496323,2017
2017-11-01,-0.006041220694941396,2017
2017-11-02,0.00046789490744747475,2017
2017-11-03,0.006541873833493028,2017
2017-11-06,0.0129992077174097,2017
2017-11-07,-0.0020624666325370633,2017
2017-11-08,0.01216997537626896,2017
2017-11-09,-0.01361162562581153,2017
2017-11-10,0.004139817950618685,2017
2017-11-13,0.0009161450300649854,2017
2017-11-14,-0.005263110029519624,2017
2017-11-15,-0.007821564171272777,2017
2017-11-16,0.01669384968282528,2017
2017-11-17,-0.002280535825053387,2017
2017-11-20,0.012114145014194388,2017
2017-11-21,0.01422763560715179,2017
2017-11-22,-0.003340016347534447,2017
2017-11-24,0.0060322915633366225,2017
2017-11-27,-0.011103780546689701,2017
2017-11-28,0.001796683936789556,2017
2017-11-29,-0.03653902709351353,2017
2017-11-30,0.0006979797760857664,2017
2017-12-01,-0.007672720415220935,2017
2017-12-04,-0.02296154302498299,2017
2017-12-05,0.0007196095866917052,2017
2017-12-06,0.003594436549541724,2017
2017-12-07,0.009551242419663097,2017
2017-12-08,0.0016554820470811027,2017
2017-12-11,0.002987233120225641,2017
2017-12-12,-0.0060574793521545045,2017
2017-12-13,0.0025391798507790053,2017
2017-12-14,-0.0027861649685086975,2017
2017-12-15,0.00914401839090151,2017
2017-12-18,0.011578275280931472,2017
2017-12-19,-0.0029859823368141303,2017
2017-12-20,0.003743681281951794,2017
2017-12-21,-0.007210484994211286,2017
2017-12-22,-0.0017531232686635034,2017
2017-12-26,-0.010536712644055202,2017
2017-12-27,0.0038030764392087413,2017
2017-12-28,0.0,2017
2017-12-29,-0.00707221353950882,2017
2017-12-30,0.0,2017
2018-01-02,0.0,2018
2018-01-03,0.01392682664014755,2018
2018-01-04,0.00760361851367497,2018
2018-01-05,0.0048683978164303365,2018
2018-01-08,0.006540794655663484,2018
2018-01-09,-0.008904858915584235,2018
2018-01-10,-0.00995629914507079,2018
2018-01-11,0.007358318420443322,2018
2018-01-12,0.009252538275396516,2018
2018-01-16,-0.004584049155269998,2018
2018-01-17,0.019874090155205026,2018
2018-01-18,0.00047523254140857674,2018
2018-01-19,0.00023764542053483773,2018
2018-01-22,0.005936978913459345,2018
2018-01-23,0.0063738421792789435,2018
2018-01-24,-0.013370739250902375,2018
2018-01-25,-0.008559388517087263,2018
2018-01-26,0.01774565353458235,2018
2018-01-29,-0.009896168513715997,2018
2018-01-30,-0.015468865387926356,2018
2018-01-31,0.008702054011180849,2018
2018-02-01,-0.0004794094180309294,2018
2018-02-02,-0.027811055539160856,2018
2018-02-05,-0.03773119564215177,2018
2018-02-06,0.03126602842239912,2018
2018-02-07,-0.01863803848951029,2018
2018-02-08,-0.03925038091118904,2018
2018-02-09,0.01713204189191253,2018
2018-02-12,0.023322311824985897,2018
2018-02-13,-0.0007599550426383717,2018
2018-02-14,0.021287550370538977,2018
2018-02-15,0.018114065996562845,2018
2018-02-16,-0.00048739424773758255,2018
2018-02-20,0.010972933075362512,2018
2018-02-21,-0.006753422354102034,2018
2018-02-22,-0.002914100156149124,2018
2018-02-23,0.019970698109958107,2018
2018-02-26,0.015520577654712042,2018
2018-02-27,-0.010815821654923896,2018
2018-02-28,-0.004041052339259665,2018
2018-03-01,-0.011216941605882491,2018
2018-03-02,0.017861396738923396,2018
2018-03-05,0.012805215965908445,2018
2018-03-06,0.016389749313811874,2018
2018-03-07,0.005298144106948621,2018
2018-03-08,0.009624319963289274,2018
2018-03-09,0.018837715163715574,2018
2018-03-12,0.014034485471459357,2018
2018-03-13,-0.013400750983563303,2018
2018-03-14,0.0,2018
2018-03-15,-0.001113258893001956,2018
2018-03-16,0.001337435085261962,2018
2018-03-19,-0.01847724330334366,2018
2018-03-20,0.0022681983386616533,2018
2018-03-21,0.003394191979986916,2018
2018-03-22,-0.026838021129242162,2018
2018-03-23,-0.03615292438803053,2018
2018-03-26,0.03390250744512624,2018
2018-03-27,-0.0339535246751268,2018
2018-03-28,-0.017573442656425242,2018
2018-03-29,0.019357857727285932,2018
2018-04-02,-0.029086529363489655,2018
2018-04-03,0.014360177136911512,2018
2018-04-04,0.013912584604080847,2018
2018-04-05,-0.008907193845317685,2018
2018-04-06,-0.024775289830082148,2018
2018-04-09,0.0037360230475451672,2018
2018-04-10,0.027543488742999056,2018
2018-04-11,0.0031393272595137134,2018
2018-04-12,0.01227725778259181,2018
2018-04-13,-0.004042879739921013,2018
2018-04-16,0.004059290965122253,2018
2018-04-17,0.021165352264690407,2018
2018-04-18,-0.005123509970997975,2018
2018-04-19,-0.02528089809012346,2018
2018-04-20,-0.010326566155662298,2018
2018-04-23,-0.010191732518116003,2018
2018-04-24,-0.017161024712934903,2018
2018-04-25,-0.006485484590846968,2018
2018-04-26,0.016068312293807008,2018
2018-04-27,-0.012848979771937885,2018
2018-04-30,-0.008510593293056257,2018
2018-05-01,0.01716729041275933,2018
2018-05-02,-0.0062049694762474905,2018
2018-05-03,0.0014985345659948024,2018
2018-05-04,0.01745641239736795,2018
2018-05-07,0.0085783105693098,2018
2018-05-08,0.0053462830532038375,2018
2018-05-09,0.01571191082140988,2018
2018-05-10,0.008567348249387985,2018
2018-05-11,-0.007786722617452391,2018
2018-05-14,0.004280618131192293,2018
2018-05-15,-0.006156644975364278,2018
2018-05-16,0.0133427141031226,2018
2018-05-17,-0.005642919213723285,2018
2018-05-18,-0.011586839607778732,2018
2018-05-21,0.010287134425911892,2018
2018-05-22,0.005920014301667109,2018
2018-05-23,0.006826689226500315,2018
2018-05-24,0.001870449167817867,2018
2018-05-25,0.004434185947626679,2018
2018-05-29,-0.005576145691415624,2018
2018-05-30,0.006308316843725681,2018
2018-05-31,-0.010215905943255499,2018
2018-06-01,0.018765917017993905,2018
2018-06-04,0.005756532830941907,2018
2018-06-05,0.0036628716278430673,2018
2018-06-06,0.0031933500635223933,2018
2018-06-07,-0.013187442035026975,2018
2018-06-08,0.002765037566708095,2018
2018-06-11,0.000918832438008943,2018
2018-06-12,0.004591317391022587,2018
2018-06-13,-0.0013710545178168276,2018
2018-06-14,0.0034326158616169167,2018
2018-06-15,-0.0041050843414848215,2018
2018-06-18,-0.0025188411067273986,2018
2018-06-19,-0.0078052853177768,2018
2018-06-20,0.004858738471067436,2018
2018-06-21,-0.008749570125465955,2018
2018-06-22,-0.00511032621441887,2018
2018-06-25,-0.0270838901765047,2018
2018-06-26,0.005279567005293639,2018
2018-06-27,-0.02029113344694733,2018
2018-06-28,0.00925910727683732,2018
2018-06-29,0.00048290131885564413,2018
2018-07-02,0.00868725878010368,2018
2018-07-03,-0.014593354567231986,2018
2018-07-05,0.017965569781456914,2018
2018-07-06,0.010493659039261694,2018
2018-07-09,0.010620816729291604,2018
2018-07-10,0.005137868559966119,2018
2018-07-11,-0.015567087348780317,2018
2018-07-12,0.007080450410082539,2018
2018-07-13,-0.0004685681040759171,2018
2018-07-16,-0.0042204917449054635,2018
2018-07-17,0.012950338998115374,2018
2018-07-18,0.0037194371561237727,2018
2018-07-19,-0.008105766643388801,2018
2018-07-20,-0.002334925625606332,2018
2018-07-23,0.0014042901277955266,2018
2018-07-24,-0.005842537830013317,2018
2018-07-25,0.01140237179452952,2018
2018-07-26,0.002789504680874133,2018
2018-07-27,-0.008113161127520474,2018
2018-07-30,-0.015190489332334689,2018
2018-07-31,0.003559649163127343,2018
2018-08-01,-0.0021281949547963253,2018
2018-08-02,0.01184827991078441,2018
2018-08-03,0.002342039069266333,2018
2018-08-06,0.0063083204664788894,2018
2018-08-07,0.0041791216589674995,2018
2018-08-08,0.003237084858012107,2018
2018-08-09,-0.002304611602217621,2018
2018-08-10,-0.017094164242186127,2018
2018-08-13,-0.003055234381381111,2018
2018-08-14,0.000471462075489093,2018
2018-08-15,-0.014608812655749537,2018
2018-08-16,0.00430422659345675,2018
2018-08-17,-0.004285779626813424,2018
2018-08-20,0.0,2018
2018-08-21,0.010760375879329098,2018
2018-08-22,0.0011829320610794447,2018
2018-08-23,0.00047267026017872027,2018
2018-08-24,0.011100479459759338,2018
2018-08-27,0.011679641460003998,2018
2018-08-28,0.0006926605314629963,2018
2018-08-29,0.004845267594614233,2018
2018-08-30,-0.003444034237725213,2018
2018-08-31,0.0,2018
2018-09-04,0.0032256204165197477,2018
2018-09-05,-0.014010156800725815,2018
2018-09-06,-0.021430171558162736,2018
2018-09-07,0.0019043480859513018,2018
2018-09-10,0.0023757921832365803,2018
2018-09-11,-0.0014220967037094079,2018
2018-09-12,-0.00759550623022609,2018
2018-09-13,0.011958895122928137,2018
2018-09-14,0.003072376046167724,2018
2018-09-17,-0.013666145028447207,2018
2018-09-18,0.00931668916821704,2018
2018-09-19,-0.00047345335975013114,2018
2018-09-20,0.014444855298517023,2018
2018-09-21,-0.003034644854263302,2018
2018-09-24,0.00023413040942488195,2018
2018-09-25,-0.005617907819365997,2018
2018-09-26,-0.00753292523498994,2018
2018-09-27,0.0061668033622190865,2018
2018-09-28,0.004479077625507255,2018
2018-10-01,-0.0011733994415386029,2018
2018-10-02,-0.0014097335103600006,2018
2018-10-03,0.005176413880542796,2018
2018-10-04,-0.018258456972490955,2018
2018-10-05,-0.017882741421665682,2018
2018-10-08,-0.011167629587987116,2018
2018-10-09,-0.0036827799215104484,2018
2018-10-10,-0.039428223918361094,2018
2018-10-11,-0.00795287129818334,2018
2018-10-12,0.022756615891538212,2018
2018-10-15,-0.007332479256318081,2018
2018-10-16,0.02903736008494895,2018
2018-10-17,0.0002474188726537818,2018
2018-10-18,-0.021529388419005757,2018
2018-10-19,-0.004299520384998368,2018
2018-10-22,0.0015241613898213657,2018
2018-10-23,-0.002536066166158313,2018
2018-10-24,-0.04805503747649642,2018
2018-10-25,0.028044801936220942,2018
2018-10-26,-0.02805925101535911,2018
2018-10-29,-0.016840355146322206,2018
2018-10-30,0.02446997682147556,2018
2018-10-31,0.022292871688187388,2018
2018-11-01,0.030373776416202425,2018
2018-11-02,-0.013857394329071293,2018
2018-11-05,-0.010219631137320606,2018
2018-11-06,0.009550779519943653,2018
2018-11-07,0.01917663373342915,2018
2018-11-08,-0.0002508707986390579,2018
2018-11-09,-0.016562127606163046,2018
2018-11-12,-0.03955097987848333,2018
2018-11-13,0.0042509918045554596,2018
2018-11-14,-0.001851903399050392,2018
2018-11-15,0.02491387735493089,2018
2018-11-16,0.0015515452840659805,2018
2018-11-19,-0.03821329440206622,2018
2018-11-20,-0.008053778737587614,2018
2018-11-21,0.011637442815102483,2018
2018-11-23,-0.0013374682825751938,2018
2018-11-26,0.019287301270396018,2018
2018-11-27,-0.00289074435986425,2018
2018-11-28,0.029783734814207152,2018
2018-11-29,-0.008958223587435143,2018
2018-11-30,0.009555609697903256,2018
2018-12-03,0.020977236358408646,2018
2018-12-04,-0.04234514903518771,2018
2018-12-06,-0.002616563623571433,2018
2018-12-07,-0.03252875059398819,2018
2018-12-10,0.007466071343468217,2018
2018-12-11,0.0033272019623820093,2018
2018-12-12,0.013265101245877764,2018
2018-12-13,-0.006545826483000727,2018
2018-12-14,-0.017969215566968955,2018
2018-12-17,-0.02195792270558572,2018
2018-12-18,0.009666297335730656,2018
2018-12-19,-0.027486212593075154,2018
2018-12-20,-0.013972572657681925,2018
2018-12-21,-0.025442820381712528,2018
2018-12-24,-0.022802526198350437,2018
2018-12-26,0.05782897487667449,2018
2018-12-27,0.010549953019111546,2018
2018-12-28,0.0028470892724821173,2018
2018-12-29,0.0,2018
2018-12-30,0.0,2018
2019-01-02,0.0,2019
2019-01-03,-0.04696723052815932,2019
2019-01-04,0.04112261658844263,2019
2019-01-07,0.01661441612479031,2019
2019-01-08,0.0040086846267781695,2019
2019-01-09,0.02272719846771043,2019
2019-01-10,0.00720728204063259,2019
2019-01-11,0.0029814219917458917,2019
2019-01-14,-0.01545777343083321,2019
2019-01-15,0.01177529724126658,2019
2019-01-16,-0.005669858601174527,2019
2019-01-17,0.007803219820633922,2019
2019-01-18,0.019952302115187726,2019
2019-01-22,-0.022189733710977766,2019
2019-01-23,0.0020900476121699096,2019
2019-01-24,0.034266979530497066,2019
2019-01-25,0.026793479943305165,2019
2019-01-28,-0.008417545772525736,2019
2019-01-29,-0.008488801645520017,2019
2019-01-30,0.025113838464097427,2019
2019-01-31,0.0036192987406300503,2019
2019-02-01,0.011927960845565577,2019
2019-02-04,0.011238899771069066,2019
2019-02-05,0.0051505571126502225,2019
2019-02-06,0.010517836261420666,2019
2019-02-07,-0.01788111604648779,2019
2019-02-08,0.005163249956515292,2019
2019-02-11,0.0027033491790871,2019
2019-02-12,0.0186032783556076,2019
2019-02-13,0.004764522270262583,2019
2019-02-14,0.001844026504132401,2019
2019-02-15,-0.0007888823905038977,2019
2019-02-19,0.0018420855181600082,2019
2019-02-20,0.004202765993458479,2019
2019-02-21,-0.005492916840322382,2019
2019-02-22,0.011835787610972703,2019
2019-02-25,0.005978738963396957,2019
2019-02-26,-0.002325582460861897,2019
2019-02-27,-0.006475080885698592,2019
2019-02-28,-0.0018247055029967374,2019
2019-03-01,0.009140576159891056,2019
2019-03-04,-0.0018114831401194742,2019
2019-03-05,-0.00518549220663711,2019
2019-03-06,-0.013812688038815857,2019
2019-03-07,-0.010042495844835075,2019
2019-03-08,0.0002671514395553576,2019
2019-03-11,0.022417881153903307,2019
2019-03-12,0.003654358992682516,2019
2019-03-13,0.0015603459987474366,2019
2019-03-14,-0.00025959112785856053,2019
2019-03-15,0.017922149600527515,2019
2019-03-18,-0.004848188046499113,2019
2019-03-19,0.005128137047841763,2019
2019-03-20,-0.007142780893504397,2019
2019-03-21,0.030575575293744883,2019
2019-03-22,-0.028671236610642636,2019
2019-03-25,-0.004876809540917404,2019
2019-03-26,0.006706209800083185,2019
2019-03-27,-0.008967365132899974,2019
2019-03-28,0.0020681514486824426,2019
2019-03-29,0.014964021115322135,2019
2019-04-01,0.020589739628057657,2019
2019-04-02,0.0007469627973311077,2019
2019-04-03,0.014932871186356333,2019
2019-04-04,-0.005149528240358303,2019
2019-04-05,0.007641157128717824,2019
2019-04-08,0.0002445414089540243,2019
2019-04-09,-0.006847653605184689,2019
2019-04-10,0.00960366804109336,2019
2019-04-11,0.0014633864920579054,2019
2019-04-12,0.01169024407222441,2019
2019-04-15,0.00312946774888756,2019
2019-04-16,0.007199541192859371,2019
2019-04-17,0.0,2019
2019-04-18,-0.0011915435389519002,2019
2019-04-22,0.001192965008700142,2019
2019-04-23,0.006433169084185231,2019
2019-04-24,0.0040244455515252575,2019
2019-04-25,0.0,2019
2019-04-26,0.0011789307293115225,2019
2019-04-29,0.0011777095274370097,2019
2019-04-30,-0.0021172333282891698,2019
2019-05-01,-0.0070720839942477465,2019
2019-05-02,0.0,2019
2019-05-03,0.005935406890719808,2019
2019-05-06,-0.01014867679684639,2019
2019-05-07,-0.02026692691598475,2019
2019-05-08,-0.003407204279239351,2019
2019-05-09,-0.005860952730648572,2019
2019-05-10,-0.00024547549378428624,2019
2019-05-13,-0.04054067359226232,2019
2019-05-14,0.017413632458684658,2019
2019-05-15,0.012836713240866882,2019
2019-05-16,-0.0009940753812296421,2019
2019-05-17,-0.014925527181317344,2019
2019-05-20,-0.027272654817385167,2019
2019-05-21,0.013759083560006102,2019
2019-05-22,-0.007426400742485684,2019
2019-05-23,-0.017543829151693613,2019
2019-05-24,-0.003676431215078324,2019
2019-05-28,-0.006853012243690837,2019
2019-05-29,-0.002388442340876762,2019
2019-05-30,0.003458504595820422,2019
2019-05-31,-0.014846355753901808,2019
2019-06-03,-0.010226075710522142,2019
2019-06-04,0.035617158714814634,2019
2019-06-05,0.0028879193285584748,2019
2019-06-06,0.0060209042542822555,2019
2019-06-07,0.009888134229696588,2019
2019-06-10,0.014944559033032156,2019
2019-06-11,0.0005077633779444479,2019
2019-06-12,-0.014209709267629655,2019
2019-06-13,0.0038611585794259273,2019
2019-06-14,-0.016153945406622405,2019
2019-06-17,-0.0018242300973566605,2019
2019-06-18,0.022715292695882905,2019
2019-06-19,0.004340229838437404,2019
2019-06-20,0.012455471423737263,2019
2019-06-21,-0.004770285868137214,2019
2019-06-24,-0.0017659634959062975,2019
2019-06-25,-0.014657437776778415,2019
2019-06-26,0.015132142254906888,2019
2019-06-27,0.011116630272456574,2019
2019-06-28,0.008745621473807752,2019
2019-07-01,0.01808266526913571,2019
2019-07-02,-0.004136331997870224,2019
2019-07-03,0.002443206855639035,2019
2019-07-05,-0.0009747625690827988,2019
2019-07-08,-0.008538662459049329,2019
2019-07-09,0.006397718398994501,2019
2019-07-10,0.010024328596544674,2019
2019-07-11,0.0026628139605655576,2019
2019-07-12,0.013520064342608995,2019
2019-07-15,0.0038112372747571843,2019
2019-07-16,-0.009254645605215162,2019
2019-07-17,0.0004788061393190546,2019
2019-07-18,0.01053387271515982,2019
2019-07-19,-0.004501230976655446,2019
2019-07-22,0.015468766707398052,2019
2019-07-23,0.007968030474901244,2019
2019-07-24,0.020693031705756093,2019
2019-07-25,-0.010022855885459148,2019
2019-07-26,0.0133458939571105,2019
2019-07-29,-0.002952059649625971,2019
2019-07-30,-0.0031883862270501995,2019
2019-07-31,-0.017135060250852208,2019
2019-08-01,-0.009298042931608741,2019
2019-08-02,-0.019474206087536583,2019
2019-08-05,-0.04044046359604736,2019
2019-08-06,0.009227036187930526,2019
2019-08-07,0.004941866451222632,2019
2019-08-08,0.027292801261753707,2019
2019-08-09,-0.01651489043532617,2019
2019-08-12,-0.011195210737211525,2019
2019-08-13,0.026581448645266903,2019
2019-08-14,-0.03188683656768765,2019
2019-08-15,0.0009907168052567528,2019
2019-08-16,0.018060295915436342,2019
2019-08-19,0.01263668215953051,2019
2019-08-20,-0.0033597802164696544,2019
2019-08-21,0.009872434376182682,2019
2019-08-22,0.004291847670946813,2019
2019-08-23,-0.03228880881501839,2019
2019-08-26,0.007851061349276822,2019
2019-08-27,-0.005355444562412659,2019
2019-08-28,0.0017129747881043933,2019
2019-08-29,0.019301325495386434,2019
2019-08-30,0.0011984288418531719,2019
2019-09-03,-0.010773203661636144,2019
2019-09-04,0.022749237777076825,2019
2019-09-05,0.025556011306349324,2019
2019-09-06,0.0011537966504795438,2019
2019-09-09,0.0018438163336627067,2019
2019-09-10,-0.0016104516443559147,2019
2019-09-11,0.014285794829041354,2019
2019-09-12,0.0015900885714297264,2019
2019-09-13,-0.003175208839333532,2019
2019-09-16,-0.0034129439477734724,2019
2019-09-17,0.0031962314636062583,2019
2019-09-18,-0.0029585366631196264,2019
2019-09-19,0.0006848024923573615,2019
2019-09-20,-0.01094885639804033,2019
2019-09-23,0.0041511297139706915,2019
2019-09-24,-0.012861599103877741,2019
2019-09-25,0.013029175131067827,2019
2019-09-26,-0.0020669845360593575,2019
2019-09-27,-0.0218642681836253,2019
2019-09-30,0.004470516593862994,2019
2019-10-01,-0.008901406185595095,2019
2019-10-02,-0.015599019758875676,2019
2019-10-03,0.01272508731713562,2019
2019-10-04,0.01683262171706823,2019
2019-10-07,-0.005129440273539232,2019
2019-10-08,-0.02320132568081057,2019
2019-10-09,0.014635306369535694,2019
2019-10-10,0.003074051871051031,2019
2019-10-11,0.018859029981870945,2019
2019-10-14,0.0,2019
2019-10-15,0.013419839076802331,2019
2019-10-16,-0.012557092043887885,2019
2019-10-17,0.003005900124417593,2019
2019-10-18,-0.011295731415715049,2019
2019-10-21,0.011657781220665964,2019
2019-10-22,-0.01014058118790806,2019
2019-10-23,-0.00023283815593166945,2019
2019-10-24,0.027014360127767034,2019
2019-10-25,0.008843730024752139,2019
2019-10-28,0.015284064691267085,2019
2019-10-29,-0.006641528157563914,2019
2019-10-30,0.00490309127583588,2019
2019-10-31,-0.009314604189487707,2019
2019-11-01,0.019476220182245152,2019
2019-11-04,0.009881504643168615,2019
2019-11-05,0.0017392692308730862,2019
2019-11-06,-0.0045582320553241296,2019
2019-11-07,0.008504095730251793,2019
2019-11-08,0.0030271479504759835,2019
2019-11-11,-0.0006467932972920032,2019
2019-11-12,0.007333971901472003,2019
2019-11-13,0.0004280547882791197,2019
2019-11-14,-0.00021397376995824224,2019
2019-11-15,0.013701579591932411,2019
2019-11-18,-0.004646287351430467,2019
2019-11-19,-0.0021217252384627683,2019
2019-11-20,-0.009143088524822596,2019
2019-11-21,-0.00858372952683173,2019
2019-11-22,0.0,2019
2019-11-25,0.019264225588831563,2019
2019-11-26,-0.005096675909685211,2019
2019-11-27,0.005976380749839638,2019
2019-11-29,-0.005304313096156754,2019
2019-12-02,-0.013651891849040032,2019
2019-12-03,-0.008650633936541974,2019
2019-12-04,0.005235734134961145,2019
2019-12-05,0.0023870940235533045,2019
2019-12-06,0.01169084825712896,2019
2019-12-09,-0.006847895029449824,2019
2019-12-10,0.004183127854863411,2019
2019-12-11,0.013568265392324808,2019
2019-12-12,0.017378928201580823,2019
2019-12-13,0.002077607705751383,2019
2019-12-16,0.010596695871566197,2019
2019-12-17,0.0022794144436266706,2019
2019-12-18,0.0018193408032085578,2019
2019-12-19,0.0072645826667576685,2019
2019-12-20,0.0031551616330500742,2019
2019-12-23,0.002696082356769658,2019
2019-12-24,0.0002241171706629519,2019
2019-12-26,0.004032131014933826,2019
2019-12-27,-0.0033465795271239163,2019
2019-12-30,-0.005596695167533361,2019
2019-12-31,0.0,2019
2020-01-02,0.0,2020
2020-01-03,-0.009257209465721616,2020
2020-01-06,-0.0024471695903247603,2020
2020-01-07,0.009812762972352118,2020
2020-01-08,0.006183856655784137,2020
2020-01-09,0.005048140036701287,2020
2020-01-10,-0.003494195817660084,2020
2020-01-13,0.013149180126428739,2020
2020-01-14,0.00237934405750706,2020
2020-01-15,-0.0036685713032199585,2020
2020-01-16,0.014728317094316656,2020
2020-01-17,0.002347924613681718,2020
2020-01-21,-0.0008518527115757291,2020
2020-01-22,0.0051149969896753245,2020
2020-01-23,0.006785582979775606,2020
2020-01-24,-0.012847502959502544,2020
2020-01-27,-0.029656642440390346,2020
2020-01-28,0.015831270873531755,2020
2020-01-29,-0.005627574582678485,2020
2020-01-30,0.002394293830488836,2020
2020-01-31,-0.02888170143667823,2020
2020-02-03,0.010286283361476967,2020
2020-02-04,0.02279760529272923,2020
2020-02-05,0.0058429498318726125,2020
2020-02-06,0.007745298268741818,2020
2020-02-07,-0.007472226798520443,2020
2020-02-10,0.009894587234469787,2020
2020-02-11,0.007028839047320545,2020
2020-02-12,0.012055625935105674,2020
2020-02-13,0.0010451108566402745,2020
2020-02-14,-0.0008353359172221797,2020
2020-02-18,-0.011909531164902898,2020
2020-02-19,0.01522513233117695,2020
2020-02-20,-0.009372919274509228,2020
2020-02-21,-0.021446723793405398,2020
2020-02-24,-0.03889134823986218,2020
2020-02-25,-0.03442874041430666,2020
2020-02-26,0.0004631789738949177,2020
2020-02-27,-0.0432771231155723,2020
2020-02-28,0.008224556799758087,2020
2020-03-02,0.03814785764340356,2020
2020-03-03,-0.03143062014461584,2020
2020-03-04,0.04080184529126485,2020
2020-03-05,-0.030949190993012077,2020
2020-03-06,-0.026023322534365234,2020
2020-03-09,-0.08258432715540087,2020
2020-03-10,0.05877690553992121,2020
2020-03-11,-0.054763682587268825,2020
2020-03-12,-0.1076720426647525,2020
2020-03-13,0.09012752332860541,2020
2020-03-16,-0.1438673465227216,2020
2020-03-17,0.05177899014376641,2020
2020-03-18,-0.08335858028521037,2020
2020-03-19,0.04184517758263806,2020
2020-03-20,-0.023402847716652575,2020
2020-03-23,0.006476652426278262,2020
2020-03-24,0.12387376360843261,2020
2020-03-25,0.005153276338883961,2020
2020-03-26,0.06379945115051089,2020
2020-03-27,-0.04524758923902372,2020
2020-03-30,0.0314076759637536,2020
2020-03-31,-0.019303985073909513,2020
2020-04-01,-0.04879395429777522,2020
2020-04-02,0.017196185474474435,2020
2020-04-03,-0.01776518491257184,2020
2020-04-06,0.09159858377133556,2020
2020-04-07,-0.002405012759731817,2020
2020-04-08,0.03750333752532797,2020
2020-04-09,-0.0072295853066222104,2020
2020-04-13,0.001560419079230435,2020
2020-04-14,0.036873488621350425,2020
2020-04-15,-0.025294206038974254,2020
2020-04-16,0.01130535193364679,2020
2020-04-17,0.019563054928297685,2020
2020-04-20,-0.019935351480026342,2020
2020-04-21,-0.04398671073663307,2020
2020-04-22,0.04521267438268972,2020
2020-04-23,-0.0058523284497637995,2020
2020-04-24,0.019708181845851547,2020
2020-04-27,0.015060168460134138,2020
2020-04-28,-0.0076655028578254125,2020
2020-04-29,0.05257911812498106,2020
2020-04-30,-0.027462288837126425,2020
2020-05-01,-0.040165398377951744,2020
2020-05-04,0.004311234520359086,2020
2020-05-05,0.019192071507034836,2020
2020-05-06,0.012140734145128729,2020
2020-05-07,0.02252138925513747,2020
2020-05-08,0.0272922987889197,2020
2020-05-11,-0.002097384527077195,2020
2020-05-12,-0.02358712589577594,2020
2020-05-13,-0.02320013737763471,2020
2020-05-14,0.018854110122743517,2020
2020-05-15,-0.00937264341409716,2020
2020-05-18,0.032508367190237974,2020
2020-05-19,-0.0018797651806979898,2020
2020-05-20,0.028013141824699828,2020
2020-05-21,-0.015342285299469682,2020
2020-05-22,0.006744283554150687,2020
2020-05-26,0.009932905590875896,2020
2020-05-27,0.01669721114809586,2020
2020-05-28,-0.019122642355463015,2020
2020-05-29,0.01926603513569236,2020
2020-06-01,0.0038254180510588487,2020
2020-06-02,0.012104886274935334,2020
2020-06-03,0.02081956698602827,2020
2020-06-04,-0.0021696920726791413,2020
2020-06-05,0.026092501424213044,2020
2020-06-08,0.0052978259052360865,2020
2020-06-09,-0.0037942817251991334,2020
2020-06-10,0.0,2020
2020-06-11,-0.06347866006240044,2020
2020-06-12,0.013782256311904995,2020
2020-06-15,0.017383503582011572,2020
2020-06-16,0.02190583962920134,2020
2020-06-17,0.0034297797278584063,2020
2020-06-18,0.002136319486808036,2020
2020-06-19,-0.0008526925130694085,2020
2020-06-22,0.011948019458772219,2020
2020-06-23,0.0016866204594441214,2020
2020-06-24,-0.025678780556664282,2020
2020-06-25,0.01123347287500498,2020
2020-06-26,-0.022858338519398003,2020
2020-06-29,0.012680200871009406,2020
2020-06-30,0.024611525009934354,2020
2020-07-01,-0.004846112407392189,2020
2020-07-02,0.007410457145367255,2020
2020-07-06,0.021647731147313998,2020
2020-07-07,-0.0156346998019794,2020
2020-07-08,0.02089874322814067,2020
2020-07-09,0.004298836998149813,2020
2020-07-10,0.00040775986970453815,2020
2020-07-13,-0.02200497787934841,2020
2020-07-14,0.013541784876494267,2020
2020-07-15,0.009249549790061984,2020
2020-07-16,-0.005906074175541565,2020
2020-07-17,0.005121728483160393,2020
2020-07-20,0.024256173802399195,2020
2020-07-21,-0.001193992137425992,2020
2020-07-22,0.004781741526607153,2020
2020-07-23,-0.015070574363003852,2020
2020-07-24,-0.01993140598803289,2020
2020-07-27,0.02239113182971675,2020
2020-07-28,-0.01707859068982598,2020
2020-07-29,0.01328711463077692,2020
2020-07-30,0.005244985236165789,2020
2020-07-31,0.007224721094139186,2020
2020-08-03,0.017134706493600715,2020
2020-08-04,0.006464266631383442,2020
2020-08-05,0.0025302640585538327,2020
2020-08-06,-0.0009707270740819673,2020
2020-08-07,-0.008744597871556237,2020
2020-08-10,-0.001960484247881311,2020
2020-08-11,-0.014928232441069,2020
2020-08-12,0.01974069639757814,2020
2020-08-13,-0.00351982641773807,2020
2020-08-14,-0.003335792720923658,2020
2020-08-17,0.0074814676815750936,2020
2020-08-18,0.0017589442935794786,2020
2020-08-19,-0.004096664366559533,2020
2020-08-20,-0.0003917395798430645,2020
2020-08-21,0.00039189309988141297,2020
2020-08-24,0.009990361177505624,2020
2020-08-25,0.005624409732402524,2020
2020-08-26,0.011186090306105623,2020
2020-08-27,-0.00972728459980532,2020
2020-08-28,0.014445308051643124,2020
2020-08-31,-0.005315972278699732,2020
2020-09-01,0.011452632539798335,2020
2020-09-02,0.023589162606746372,2020
2020-09-03,-0.04996313586217582,2020
2020-09-04,-0.012225782338034508,2020
2020-09-08,-0.03968568231193981,2020
2020-09-09,0.022094687181531736,2020
2020-09-10,-0.014611605106210956,2020
2020-09-11,-0.003249840524119807,2020
2020-09-14,0.020378883962560268,2020
2020-09-15,0.009386956950047987,2020
2020-09-16,-0.00336370328798663,2020
2020-09-17,-0.007742682142976798,2020
2020-09-18,-0.007002782846511124,2020
2020-09-21,-0.003223905115048553,2020
2020-09-22,0.009298551881396167,2020
2020-09-23,-0.025435566526507913,2020
2020-09-24,0.0036990202231106384,2020
2020-09-25,0.01515147548382867,2020
2020-09-28,0.022791452989138428,2020
2020-09-29,0.000591738319408952,2020
2020-09-30,-0.001970916569445924,2020
2020-10-01,0.013823093142368625,2020
2020-10-02,-0.023373599585517546,2020
2020-10-05,0.025528524771979866,2020
2020-10-06,-0.007390178221569066,2020
2020-10-07,0.018808875792714064,2020
2020-10-08,0.012307632535826007,2020
2020-10-09,0.019376897827176,2020
2020-10-12,0.016026907704927984,2020
2020-10-13,-0.002017671689425349,2020
2020-10-14,-0.006800231950268132,2020
2020-10-15,-0.003700885363650208,2020
2020-10-16,-0.003157592245368601,2020
2020-10-19,-0.008198149808587574,2020
2020-10-20,0.00450877372932923,2020
2020-10-21,0.000561014680900529,2020
2020-10-22,0.000560640369249521,2020
2020-10-23,0.0007473604114083265,2020
2020-10-26,-0.023147171009726186,2020
2020-10-27,-0.0022933114985546066,2020
2020-10-28,-0.03562552410285347,2020
2020-10-29,0.018272391290049095,2020
2020-10-30,-0.016774014866743236,2020
2020-11-02,0.006942985500252519,2020
2020-11-03,0.025413700157433716,2020
2020-11-04,0.030931817541146156,2020
2020-11-05,0.03708542755478139,2020
2020-11-06,0.00413296818458897,2020
2020-11-09,0.0016105719973278365,2020
2020-11-10,-0.014829372490561932,2020
2020-11-11,0.02121877270750372,2020
2020-11-12,-0.011720858877943496,2020
2020-11-13,0.020125803071045167,2020
2020-11-16,0.018495692533240016,2020
2020-11-17,-0.004496774867685849,2020
2020-11-18,-0.009555325487854427,2020
2020-11-19,0.014909748316692895,2020
2020-11-20,-0.003283841640579377,2020
2020-11-23,0.015432768033885935,2020
2020-11-24,0.014002636152540493,2020
2020-11-25,-0.00016850026900827597,2020
2020-11-27,0.010611598605853256,2020
2020-11-30,-0.003000171767186033,2020
2020-12-01,0.017385728210126628,2020
2020-12-02,0.0016428708293203531,2020
2020-12-03,0.0018046238517639424,2020
2020-12-04,0.022269418072858427,2020
2020-12-07,0.002723126420716593,2020
2020-12-08,0.010702887309055775,2020
2020-12-09,-0.02868000630944978,2020
2020-12-10,0.004661250491810431,2020
2020-12-11,-0.0016059440536269065,2020
2020-12-14,0.005719300221671553,2020
2020-12-15,0.01759369479862749,2020
2020-12-16,0.0029690436886311566,2020
2020-12-17,0.006268500959503598,2020
2020-12-18,0.00259558811273064,2020
2020-12-21,-0.0029340976783310824,2020
2020-12-22,0.009174340494456423,2020
2020-12-23,-0.0041165719042922655,2020
2020-12-24,0.006028174323919222,2020
2020-12-28,0.001027155185474582,2020
2020-12-29,-0.009235307965340223,2020
2020-12-30,0.011738214830106841,2020
2021-01-04,0.0,2021
2021-01-05,0.01580207482904039,2021
2021-01-06,-0.0008453152559828592,2021
2021-01-07,0.031646447865425475,2021
2021-01-08,0.003280882618918346,2021
2021-01-11,-0.0004905325323641962,2021
2021-01-12,0.010469513392129981,2021
2021-01-13,-0.005666207533035705,2021
2021-01-14,0.013839178539754471,2021
2021-01-15,-0.009635490198819263,2021
2021-01-19,0.02432304334820401,2021
2021-01-20,0.004749059452348936,2021
2021-01-21,0.003938874216318888,2021
2021-01-22,-0.0026679476992639284,2021
2021-01-25,0.0012590137780192912,2021
2021-01-26,-0.0033005274770212534,2021
2021-01-27,-0.03137800202872609,2021
2021-01-28,-0.0013023688149407242,2021
2021-01-29,-0.02102672377687065,2021
2021-02-01,0.031135437879413974,2021
2021-02-02,0.01776193774907453,2021
2021-02-03,-0.0014279376226026264,2021
2021-02-04,0.019224696622602178,2021
2021-02-05,0.008105962047706639,2021
2021-02-08,0.01654547614612345,2021
2021-02-09,-0.0003040032568246698,2021
2021-02-10,-0.0013695785272408445,2021
2021-02-11,0.019198627464451112,2021
2021-02-12,0.014351776545598716,2021
2021-02-16,-0.004863656322146026,2021
2021-02-17,-0.01258889766466098,2021
2021-02-18,-0.009149461867783981,2021
2021-02-19,0.015137686564935304,2021
2021-02-22,-0.02937670615826049,2021
2021-02-23,-0.0046088848944882965,2021
2021-02-24,0.022842933293304002,2021
2021-02-25,-0.04481662253418517,2021
2021-02-26,0.013270204917390283,2021
2021-03-01,0.035235535215766944,2021
2021-03-02,-0.022590476872973886,2021
2021-03-03,-0.025886010032839524,2021
2021-03-04,-0.03400825421051845,2021
2021-03-05,0.021614575217007603,2021
2021-03-08,-0.028530267648443353,2021
2021-03-09,0.044547111309615195,2021
2021-03-10,-0.010424772709982655,2021
2021-03-11,0.03144465228246429,2021
2021-03-12,-0.006499744697787024,2021
2021-03-15,0.0160437411792822,2021
2021-03-16,0.0042924342365999735,2021
2021-03-17,0.006563888717633581,2021
2021-03-18,-0.033515284697842485,2021
2021-03-19,0.006590242303879501,2021
2021-03-22,0.014029709739438623,2021
2021-03-23,-0.021060717460835154,2021
2021-03-24,-0.014133256811908801,2021
2021-03-25,0.004300686854667113,2021
2021-03-26,0.036003263611149805,2021
2021-03-29,-0.018064931661402994,2021
2021-03-30,-0.0004676514821222444,2021
2021-03-31,0.021057511748350466,2021
2021-04-01,0.03146949233797991,2021
2021-04-05,0.020142201886113043,2021
2021-04-06,-0.00595226461204168,2021
2021-04-07,-0.0016067077974144528,2021
2021-04-08,0.010971344169197428,2021
2021-04-09,-0.0005787781944454062,2021
2021-04-12,-0.008686700589564778,2021
2021-04-13,-0.0005843575410472424,2021
2021-04-14,-0.004529956103886623,2021
2021-04-15,0.012477841963804526,2021
2021-04-16,0.0007248360726219705,2021
2021-04-19,-0.016951569358858998,2021
2021-04-20,-0.013853996916639577,2021
2021-04-21,0.019130127694051202,2021
2021-04-22,-0.014664842145752366,2021
2021-04-23,0.018306281800301916,2021
2021-04-26,0.015346291719229521,2021
2021-04-27,-0.004318383602404663,2021
2021-04-28,-0.003469656778477659,2021
2021-04-29,-0.00014513552282002795,2021
2021-04-30,-0.021038864835049798,2021
2021-05-03,-0.004298202263464668,2021
2021-05-04,-0.01682036393086661,2021
2021-05-05,0.0001512881899448093,2021
2021-05-06,0.0056009449074541084,2021
2021-05-07,0.012343841352693952,2021
2021-05-10,-0.03182152588626397,2021
2021-05-11,-0.0006144242099180852,2021
2021-05-12,-0.037805326446552545,2021
2021-05-13,0.01453439390100053,2021
2021-05-14,0.026448302890667685,2021
2021-05-17,-0.004754547307394108,2021
2021-05-18,-0.006626604124053026,2021
2021-05-19,0.009308128518556558,2021
2021-05-20,0.023824157828757464,2021
2021-05-21,-0.005104474327481401,2021
2021-05-24,0.01856059810020172,2021
2021-05-25,0.0004443728037655248,2021
2021-05-26,0.0060714286328076295,2021
2021-05-27,0.005004377794949333,2021
2021-05-28,-0.0002929493291995433,2021
2021-06-01,-0.0011720556829738493,2021
2021-06-02,0.006160193631862265,2021
2021-06-03,-0.00699688809140897,2021
2021-06-04,0.021726183960448342,2021
2021-06-07,-0.0008620134780589206,2021
2021-06-08,0.0007189782297964964,2021
2021-06-09,-0.003879909832059547,2021
2021-06-10,0.009376883513480871,2021
2021-06-11,0.004287524380536478,2021
2021-06-14,0.008111501475869476,2021
2021-06-15,-0.007199227897020433,2021
2021-06-16,-0.004407824147767303,2021
2021-06-17,0.0038560000132599193,2021
2021-06-18,-0.019063944790181808,2021
2021-06-21,0.01000740784504428,2021
2021-06-22,0.004594986411859292,2021
2021-06-23,0.0035734755579148736,2021
2021-06-24,0.012818688150521895,2021
2021-06-25,-0.0005624181761934022,2021
2021-06-28,0.013085703951104533,2021
2021-06-29,0.0034721461040008172,2021
2021-06-30,-0.0038754506681201173,2021
2021-07-01,-0.007503046379060074,2021
2021-07-02,0.008539752593409888,2021
2021-07-06,-0.0005551576335141029,2021
2021-07-07,-0.0058333601985879335,2021
2021-07-08,-0.012294144361568837,2021
2021-07-09,0.012871513614522323,2021
2021-07-12,0.0016756355875890971,2021
2021-07-13,-0.0036246862124394985,2021
2021-07-14,-0.004197457589618314,2021
2021-07-15,-0.0113813221957757,2021
2021-07-16,-0.014496847458977502,2021
2021-07-19,-0.0070666614110878045,2021
2021-07-20,0.018300740191589115,2021
2021-07-21,0.017401236560474764,2021
2021-07-22,-0.0012617819191775848,2021
2021-07-23,0.010668237130222247,2021
2021-07-26,-0.0009723072955285517,2021
2021-07-27,-0.01640477668734941,2021
2021-07-28,0.009187192784889442,2021
2021-07-29,0.005742265934840729,2021
2021-07-30,0.0009747992219060198,2021
2021-08-02,0.001252127344983922,2021
2021-08-03,0.005418938499869741,2021
2021-08-04,-0.0024875623885443066,2021
2021-08-05,0.001662564120869403,2021
2021-08-06,0.0069156384252146985,2021
2021-08-09,-0.00041226062459875923,2021
2021-08-10,-0.008794772688669905,2021
2021-08-11,-0.0009703941294936236,2021
2021-08-12,-0.006244756074256785,2021
2021-08-13,0.002234207795019705,2021
2021-08-16,-0.0027865542611988925,2021
2021-08-17,-0.012854503008432605,2021
2021-08-18,-0.008492678167760448,2021
2021-08-19,0.0038543485680393452,2021
2021-08-20,0.006541460996157156,2021
2021-08-23,0.01864944851171879,2021
2021-08-24,0.007767026548125555,2021
2021-08-25,0.006606004343306493,2021
2021-08-26,-0.002050927749266629,2021
2021-08-27,0.016303761062193223,2021
2021-08-30,0.004044190870038378,2021
2021-08-31,-0.004967833198233684,2021
2021-09-01,-0.00148427596132239,2021
2021-09-02,0.0033783831470106662,2021
2021-09-03,0.0032323496624082626,2021
2021-09-07,-0.00818902373235475,2021
2021-09-08,-0.010422276898184202,2021
2021-09-09,0.0021884479759040065,2021
2021-09-10,-0.0061416288261432195,2021
2021-09-13,0.008239521717746223,2021
2021-09-14,-0.00599290010792497,2021
2021-09-15,0.010002639053007023,2021
2021-09-16,0.0032561086085418633,2021
2021-09-17,-0.01190005460763599,2021
2021-09-20,-0.02162303350169703,2021
2021-09-21,-0.0025179160032312575,2021
2021-09-22,0.015285516147690803,2021
2021-09-23,0.014364649917513184,2021
2021-09-24,0.0034041438232987886,2021
2021-09-27,-0.002985549696924883,2021
2021-09-28,-0.031033050439221554,2021
2021-09-29,-0.008990045169495198,2021
2021-09-30,-0.005953252434419465,2021
2021-10-01,0.009268414822380722,2021
2021-10-04,-0.02754998254540042,2021
2021-10-05,0.012785085236290294,2021
2021-10-06,0.00358620753953498,2021
2021-10-07,0.014293819285752907,2021
2021-10-08,-0.00760975884207693,2021
2021-10-11,-0.0053962309364349315,2021
2021-10-12,-0.004711579783554631,2021
2021-10-13,0.005881560170512445,2021
2021-10-14,0.023388513247350362,2021
2021-10-15,0.004041163030773509,2021
2021-10-18,0.0033309665360203855,2021
2021-10-19,0.008576710040012703,2021
2021-10-20,-0.0005486923032413937,2021
2021-10-21,0.0034308512226732812,2021
2021-10-22,-0.0032825400171165864,2021
2021-10-25,0.008370008836517728,2021
2021-10-26,-0.005715090221248276,2021
2021-10-27,-0.003010803138408069,2021
2021-10-28,0.018805763259218455,2021
2021-10-29,0.004985236313586494,2021
2021-11-01,0.00938460212317982,2021
2021-11-02,0.006906594190460691,2021
2021-11-03,0.007254959309690445,2021
2021-11-04,0.009952924044758227,2021
2021-11-05,0.013096470053199027,2021
2021-11-08,0.0048636479231085605,2021
2021-11-09,0.001273813603093421,2021
2021-11-10,-0.0188271138786269,2021
2021-11-11,0.008816217651379521,2021
2021-11-12,0.011181070851632446,2021
2021-11-15,-0.0013979904339249671,2021
2021-11-16,0.006872778631106025,2021
2021-11-17,-0.003792237411270327,2021
2021-11-18,0.002664649164466848,2021
2021-11-19,0.0,2021
2021-11-22,-0.015312536465457716,2021
2021-11-23,-0.0003856416032935739,2021
2021-11-24,0.00964267051994483,2021
2021-11-26,-0.0243219874765932,2021
2021-11-29,0.02701656317083212,2021
2021-11-30,-0.015758079807251524,2021
2021-12-01,-0.007875979121563681,2021
2021-12-02,0.003774071933244638,2021
2021-12-03,-0.003630326759502478,2021
2021-12-06,0.0068966491051987155,2021
2021-12-07,0.03708970932504552,2021
2021-12-08,0.002866015527607235,2021
2021-12-09,-0.017303126071864572,2021
2021-12-10,0.01217253286255171,2021
2021-12-13,-0.015382393821699702,2021
2021-12-14,-0.01249828457804747,2021
2021-12-15,0.025025229435773122,2021
2021-12-16,-0.024694795420467486,2021
2021-12-17,-0.001151013938574419,2021
2021-12-20,-0.008785754822093206,2021
2021-12-21,0.027317463019567834,2021
2021-12-22,0.011174090018737148,2021
2021-12-23,0.009232105218735409,2021
2021-12-27,0.022176017744665266,2021
2021-12-28,-0.00786442545032584,2021
2021-12-29,0.005330040403568104,2021
2021-12-30,-0.005981399719978242,2021
2021-12-31,0.0,2021
2022-01-03,0.0,2022
2022-01-04,-0.007621151540343263,2022
2022-01-05,-0.034147058942708086,2022
2022-01-06,0.004685599794090001,2022
2022-01-07,-0.015404336733385704,2022
2022-01-10,-0.0011482963799608337,2022
2022-01-11,0.01681294548755985,2022
2022-01-12,0.003250286333178476,2022
2022-01-13,-0.0204252801607413,2022
2022-01-14,0.012798294783222808,2022
2022-01-18,-0.03251450463293726,2022
2022-01-19,-0.022453734803262293,2022
2022-01-20,-0.019366497652497427,2022
2022-01-21,-0.02495412777053707,2022
2022-01-24,0.010833675176944668,2022
2022-01-25,-0.032929380150097165,2022
2022-01-26,0.004818549028338781,2022
2022-01-27,-0.031809524677596346,2022
2022-01-28,0.02625062187367533,2022
2022-01-31,0.03893181074642338,2022
2022-02-01,0.008206849104058334,2022
2022-02-02,0.014897951871977178,2022
2022-02-03,-0.037378998588885604,2022
2022-02-04,0.010532897048689538,2022
2022-02-07,-0.005911548066892203,2022
2022-02-08,0.016744853827812323,2022
2022-02-09,0.029398137417426584,2022
2022-02-10,-0.02108242039787478,2022
2022-02-11,-0.028257286912165225,2022
2022-02-14,0.0007858831432099311,2022
2022-02-15,0.03847974453330294,2022
2022-02-16,-0.00030246753295626316,2022
2022-02-17,-0.031467552541990074,2022
2022-02-18,-0.01390188486135202,2022
2022-02-22,-0.015998713120033536,2022
2022-02-23,-0.02173212984068451,2022
2022-02-24,0.03718936462581479,2022
2022-02-25,0.016658769910455673,2022
2022-02-28,-0.0007803225403276715,2022
2022-03-01,-0.022177057813492662,2022
2022-03-02,0.024436950549677983,2022
2022-03-03,-0.01387587569805504,2022
2022-03-04,-0.019762829652661518,2022
2022-03-07,-0.043225817132103495,2022
2022-03-08,0.008091625920887191,2022
2022-03-09,0.034615483637307376,2022
2022-03-10,-0.01664777581123711,2022
2022-03-11,-0.018409013973717747,2022
2022-03-14,-0.025284721333104776,2022
2022-03-15,0.035217343951024827,2022
2022-03-16,0.036010734091234564,2022
2022-03-17,0.012493962389078073,2022
2022-03-18,0.024837857176539524,2022
2022-03-21,-0.010188378574604862,2022
2022-03-22,0.014972022199206458,2022
2022-03-23,-0.017363305992195266,2022
2022-03-24,0.030805229077961238,2022
2022-03-25,0.0,2022
2022-03-28,0.010163877574852487,2022
2022-03-29,0.01877157230319071,2022
2022-03-30,-0.02240563055130984,2022
2022-03-31,-0.01854651703119725,2022
2022-04-01,-0.004301713764727433,2022
2022-04-04,0.015275575196620705,2022
2022-04-05,-0.030851174291310457,2022
2022-04-06,-0.02226755812769121,2022
2022-04-07,0.0032078124195875635,2022
2022-04-08,-0.01678652284698523,2022
2022-04-11,-0.015122068690500479,2022
2022-04-12,-0.004292543754959022,2022
2022-04-13,0.01774169135016468,2022
2022-04-14,-0.02346043136121223,2022
2022-04-18,0.00734070950102117,2022
2022-04-19,0.020867726466683223,2022
2022-04-20,-0.0021089310796580385,2022
2022-04-21,-0.02259800682314972,2022
2022-04-22,-0.023785791555142488,2022
2022-04-25,0.019253776283744806,2022
2022-04-26,-0.034269499052233865,2022
2022-04-27,-0.001557836182501826,2022
2022-04-28,0.03727465845740374,2022
2022-04-29,-0.03660380588780021,2022
2022-05-02,0.020124961935300112,2022
2022-05-03,0.0071429075200564185,2022
2022-05-04,0.03377225639096282,2022
2022-05-05,-0.04671664816373,2022
2022-05-06,-0.015421667612206313,2022
2022-05-09,-0.0422902174585742,2022
2022-05-10,0.016899911602926032,2022
2022-05-11,-0.029842870973153524,2022
2022-05-12,0.0025789214018585582,2022
2022-05-13,0.042072317769384915,2022
2022-05-16,-0.014457009668744969,2022
2022-05-17,0.03595702942792767,2022
2022-05-18,-0.04472465228118705,2022
2022-05-19,-0.001626735739215568,2022
2022-05-20,0.001448426825630733,2022
2022-05-23,0.01410229855432421,2022
2022-05-24,-0.02513812568286522,2022
2022-05-25,0.018288302346424867,2022
2022-05-26,0.029813258888010452,2022
2022-05-27,0.0359260687320857,2022
2022-05-31,-0.010101105304192948,2022
2022-06-01,-0.008503482323900191,2022
2022-06-02,0.027101300888406232,2022
2022-06-03,-0.02204410725992767,2022
2022-06-06,0.001707666538428576,2022
2022-06-07,0.010739755671464346,2022
2022-06-08,-0.016697582448788717,2022
2022-06-09,-0.027101123056014087,2022
2022-06-10,-0.03596618128122275,2022
2022-06-13,-0.05102416351273742,2022
2022-06-14,0.0019271720570741557,2022
2022-06-15,0.01942678922097718,2022
2022-06-16,-0.05169808058033676,2022
2022-06-17,0.012932718509206964,2022
2022-06-21,0.024945947206350905,2022
2022-06-22,-0.006899102488816977,2022
2022-06-23,0.008876805994417536,2022
2022-06-24,0.038255517618919876,2022
2022-06-27,-0.004237204774228065,2022
2022-06-28,-0.027382046414364036,2022
2022-06-29,-0.009891549131057942,2022
2022-06-30,-0.014217094733822822,2022
2022-07-01,-0.009939566289268287,2022
2022-07-05,0.01318892806795291,2022
2022-07-06,0.004468634904501334,2022
2022-07-07,0.02978727713611229,2022
2022-07-08,0.0033808707735829557,2022
2022-07-11,-0.01984269230716984,2022
2022-07-12,-0.0064935283513809505,2022
2022-07-13,-0.000576776495022524,2022
2022-07-14,0.00269291111688319,2022
2022-07-15,0.0209091750715944,2022
2022-07-18,-0.009019174072903757,2022
2022-07-19,0.03924915883426494,2022
2022-07-20,0.0180623903842283,2022
2022-07-21,0.014695369637063305,2022
2022-07-22,-0.021193851934454333,2022
2022-07-25,-0.005232826840518068,2022
2022-07-26,-0.01614372958338517,2022
2022-07-27,0.037057581433382,2022
2022-07-28,0.015288795110239617,2022
2022-07-29,0.010681235445199944,2022
2022-08-01,0.0008662142235338344,2022
2022-08-02,-0.004673777743320673,2022
2022-08-03,0.029043515012056265,2022
2022-08-04,-0.002027969117888606,2022
2022-08-05,-0.006096621549197434,2022
2022-08-08,-0.0025556937650875744,2022
2022-08-09,-0.026819284849768588,2022
2022-08-10,0.037037016816594104,2022
2022-08-11,-0.0016926363343942041,2022
2022-08-12,0.025432329474008197,2022
2022-08-15,0.0006614334257442067,2022
2022-08-16,-0.00925317619947641,2022
2022-08-17,-0.01701139980874522,2022
2022-08-18,0.010858569467773416,2022
2022-08-19,-0.02349786852845459,2022
2022-08-22,-0.02836013270849569,2022
2022-08-23,0.0030072170825776734,2022
2022-08-24,0.0012346070673758813,2022
2022-08-25,0.024836922631879643,2022
2022-08-26,-0.04606377606207601,2022
2022-08-29,-0.0126128249970765,2022
2022-08-30,-0.008576564277502086,2022
2022-08-31,-0.009018863243867248,2022
2022-09-01,-0.009844046548026952,2022
2022-09-02,-0.00769073391563968,2022
2022-09-06,-0.009262954853886507,2022
2022-09-07,0.016599975707979775,2022
2022-09-08,0.009008919603893606,2022
2022-09-09,0.020833321280193884,2022
2022-09-12,0.007288605365984635,2022
2022-09-13,-0.04902305540848706,2022
2022-09-14,0.0038044874847922294,2022
2022-09-15,-0.01572885186729278,2022
2022-09-16,-0.007123403935946682,2022
2022-09-19,0.002326835790811499,2022
2022-09-20,-0.013348748052183557,2022
2022-09-21,-0.010784264298890123,2022
2022-09-22,-0.016253747732916324,2022
2022-09-23,-0.01591774500022558,2022
2022-09-26,-0.011670798115189118,2022
2022-09-27,0.00580067371323123,2022
2022-09-28,0.016477908570761146,2022
2022-09-29,-0.023302897116371013,2022
2022-09-30,-0.014937879200797921,2022
2022-10-03,0.03264525515600081,2022
2022-10-04,0.036916308092185046,2022
2022-10-05,0.0023602463066090262,2022
2022-10-06,-0.007652941595929219,2022
2022-10-07,-0.04093336938870362,2022
2022-10-10,-0.023092768034701838,2022
2022-10-11,-0.021317093488843364,2022
2022-10-12,-0.007547888235760358,2022
2022-10-13,0.027379254427474686,2022
2022-10-14,-0.03257185278712804,2022
2022-10-17,0.023393122481829787,2022
2022-10-18,0.010254228363114182,2022
2022-10-19,-0.00296044110978122,2022
2022-10-20,0.003605471644593683,2022
2022-10-21,0.030008498738115952,2022
2022-10-24,0.006770545727746269,2022
2022-10-25,0.019563906751350002,2022
2022-10-26,-0.010793482050668324,2022
2022-10-27,-0.008688675267949919,2022
2022-10-28,0.031186358010302895,2022
2022-10-31,-0.010871663566693446,2022
2022-11-01,0.0019983166073163083,2022
2022-11-02,-0.031910541472838005,2022
2022-11-03,-0.02595815378924049,2022
2022-11-04,0.026861324304491285,2022
2022-11-07,0.016065872769024825,2022
2022-11-08,0.012162995595176529,2022
2022-11-09,-0.02403366977079502,2022
2022-11-10,0.07839122830122158,2022
2022-11-11,0.02473828398895006,2022
2022-11-14,-0.012256230780900879,2022
2022-11-15,0.016920537756126786,2022
2022-11-16,-0.026252675883804755,2022
2022-11-17,0.00037970676952792104,2022
2022-11-18,0.003416260589728992,2022
2022-11-21,-0.009646188754368734,2022
2022-11-22,0.018334621696457498,2022
2022-11-23,0.010502666572297592,2022
2022-11-25,-0.006867301789618141,2022
2022-11-28,-0.019248700534704954,2022
2022-11-29,-0.00571651807321738,2022
2022-11-30,0.042928400079992546,2022
2022-12-01,0.0014699856030571112,2022
2022-12-02,-0.008807347966337309,2022
2022-12-05,-0.019992614839911105,2022
2022-12-06,-0.018700311782837487,2022
2022-12-07,-0.004427346229571194,2022
2022-12-08,0.014887829363118499,2022
2022-12-09,-0.006067501771967687,2022
2022-12-12,0.020083441380140288,2022
2022-12-13,0.012085789841207895,2022
2022-12-14,-0.006163313368009238,2022
2022-12-15,-0.03934111107614169,2022
2022-12-16,-0.0056485642455510465,2022
2022-12-19,-0.01541891195268541,2022
2022-12-20,-0.0004122696556559946,2022
2022-12-21,0.012368761463382283,2022
2022-12-22,-0.028507463704051328,2022
2022-12-23,0.0004192506755611447,2022
2022-12-27,-0.009847162737816939,2022
2022-12-28,-0.013118938287764892,2022
2022-12-29,0.029802915237996164,2022
2022-12-30,-0.00020828070829592704,2022
2022-12-31,0.0,2022
2023-01-03,0.0,2023
2023-01-04,0.012335140304490011,2023
2023-01-05,-0.016521956744400823,2023
2023-01-06,0.03296923308096478,2023
2023-01-09,0.008335083946115596,2023
2023-01-10,0.00987908392959902,2023
2023-01-11,0.015571981884794583,2023
2023-01-12,0.005504212807689868,2023
2023-01-13,0.004692070537558157,2023
2023-01-17,0.0023349816796214284,2023
2023-01-18,-0.005435727906284327,2023
2023-01-19,-0.01405432800363704,2023
2023-01-20,0.026727539185967153,2023
2023-01-23,0.028923904194716243,2023
2023-01-24,-0.005434745965237742,2023
2023-01-25,0.002072752540802636,2023
2023-01-26,0.015231322504100087,2023
2023-01-27,-0.001667040575390022,2023
2023-01-30,-0.018738335241227144,2023
2023-01-31,0.016449121831091373,2023
2023-02-01,0.02920396113078616,2023
2023-02-02,0.02349528725152039,2023
2023-02-03,-0.019954017901182564,2023
2023-02-06,-0.016576625567830683,2023
2023-02-07,0.02693299156657747,2023
2023-02-08,-0.016770832646134437,2023
2023-02-09,-0.0038104382888072275,2023
2023-02-10,-0.0025502212181973682,2023
2023-02-13,0.009495959939668897,2023
2023-02-14,0.008683138002425483,2023
2023-02-15,0.011836458061598165,2023
2023-02-16,-0.01896497057854518,2023
2023-02-17,-0.013008008977204444,2023
2023-02-21,-0.025626972494652844,2023
2023-02-22,0.0016908421167256549,2023
2023-02-23,0.010502599081671615,2023
2023-02-24,-0.017446272114695627,2023
2023-02-27,0.004722292199935474,2023
2023-02-28,0.0020680764859497547,2023
2023-03-01,-0.0015009344981310457,2023
2023-03-02,0.0065765766273282456,2023
2023-03-03,0.015493731159736068,2023
2023-03-06,-0.004411845618562671,2023
2023-03-07,-0.013478526581734762,2023
2023-03-08,0.012726901191045581,2023
2023-03-09,-0.01755680920952385,2023
2023-03-10,-0.02069224624015542,2023
2023-03-13,-0.0026892461731417017,2023
2023-03-14,0.02118643782334173,2023
2023-03-15,-0.010373348369793978,2023
2023-03-16,0.02534773062643647,2023
2023-03-17,-0.005761998210973784,2023
2023-03-20,0.010095272988635884,2023
2023-03-21,0.009809410715838185,2023
2023-03-22,-0.014846073033169205,2023
2023-03-23,0.016558075886339285,2023
2023-03-24,-0.006588472678561108,2023
2023-03-27,-0.006079549199599521,2023
2023-03-28,-0.008155771758056152,2023
2023-03-29,0.02261261038322515,2023
2023-03-30,0.010782159987880346,2023
2023-03-31,0.015729508360375233,2023
2023-04-03,-0.00498387892964991,2023
2023-04-04,-0.014132544371081579,2023
2023-04-05,-0.010887290363557955,2023
2023-04-06,-0.004219330377931985,2023
2023-04-10,0.008474601235849422,2023
2023-04-11,-0.002192267000886372,2023
2023-04-12,-0.00860490863751362,2023
2023-04-13,0.014958481728223116,2023
2023-04-14,-0.0029112010049735515,2023
2023-04-17,0.0014599416041594093,2023
2023-04-18,0.001639914747378013,2023
2023-04-19,-0.00818624005183577,2023
2023-04-20,-0.00036697439418753586,2023
2023-04-21,-0.004954139324876761,2023
2023-04-24,-0.0025815445868602183,2023
2023-04-25,-0.024958364080663764,2023
2023-04-26,-0.0007585304595078002,2023
2023-04-27,0.012713465450946204,2023
2023-04-28,0.005808516054710555,2023
2023-05-01,0.002235464038211399,2023
2023-05-02,-0.01115238942555652,2023
2023-05-03,-0.004699213162868809,2023
2023-05-04,-0.010764822262140483,2023
2023-05-05,0.024627634395903097,2023
2023-05-08,0.002608573808030812,2023
2023-05-09,-0.010035330924574093,2023
2023-05-10,0.009573868846138867,2023
2023-05-11,-0.0022313072617413665,2023
2023-05-12,0.001304436817226362,2023
2023-05-15,0.016192148942102413,2023
2023-05-16,-0.0009158172912014928,2023
2023-05-17,0.01796517217199667,2023
2023-05-18,0.023050637777414673,2023
2023-05-19,-0.0028163986880613834,2023
2023-05-22,0.0047661180641378476,2023
2023-05-23,-0.013352128052470214,2023
2023-05-24,-0.012464313032946706,2023
2023-05-25,0.031193553269855956,2023
2023-05-26,0.040042022944863476,2023
2023-05-30,-0.0006724933179115267,2023
2023-05-31,-0.010262403493635719,2023
2023-06-01,0.012068663696747084,2023
2023-06-02,0.003862960695136586,2023
2023-06-05,-0.007027044515567016,2023
2023-06-06,0.005391731068132843,2023
2023-06-07,-0.004692464179712252,2023
2023-06-08,0.006230053345888775,2023
2023-06-09,-0.00033462940211792525,2023
2023-06-12,0.025945805515237064,2023
2023-06-13,0.011421124874161137,2023
2023-06-14,0.005000652921460791,2023
2023-06-15,0.005939131124558461,2023
2023-06-16,-0.0060636117515218135,2023
2023-06-20,-0.006421480952390146,2023
2023-06-21,-0.013895627133951427,2023
2023-06-22,0.005570975904927389,2023
2023-06-23,-0.01401328692173831,2023
2023-06-26,-0.000826369571102048,2023
2023-06-27,0.024478934694217358,2023
2023-06-28,0.0,2023
2023-06-29,0.005166277663061214,2023
2023-06-30,0.012046329430973834,2023
2023-07-03,0.0028567220995365794,2023
2023-07-05,-0.01060293707145299,2023
2023-07-06,-0.010076770446183603,2023
2023-07-07,0.001615806271827891,2023
2023-07-10,0.011937258277996188,2023
2023-07-11,0.005420081184520642,2023
2023-07-12,0.005549475301448004,2023
2023-07-13,0.019867539754895303,2023
2023-07-14,-0.006802781526155877,2023
2023-07-17,0.014788355469066206,2023
2023-07-18,0.004601883110467275,2023
2023-07-19,-0.006565891090778431,2023
2023-07-20,-0.02336299296998101,2023
2023-07-21,0.003147537105690823,2023
2023-07-24,0.003137817989623315,2023
2023-07-25,0.009852982457675852,2023
2023-07-26,-0.0051107780211936404,2023
2023-07-27,0.004358644533500655,2023
2023-07-28,0.010849439161542795,2023
2023-07-31,0.00567299651361064,2023
2023-08-01,0.0032017570924782746,2023
2023-08-02,-0.029027380009366444,2023
2023-08-03,-0.0012521491250949701,2023
2023-08-04,-0.015201322912352322,2023
2023-08-07,0.01177594962295303,2023
2023-08-08,-0.011324366379416362,2023
2023-08-09,-0.010658600458128054,2023
2023-08-10,-0.002251120136553708,2023
2023-08-11,-0.011281317677618419,2023
2023-08-14,0.014343975556329935,2023
2023-08-15,-0.01269491125165001,2023
2023-08-16,-0.01236968116275361,2023
2023-08-17,-0.006921579776697495,2023
2023-08-18,0.00265515447410114,2023
2023-08-21,0.020192064198051085,2023
2023-08-22,-0.001622359622482139,2023
2023-08-23,0.015599571377173715,2023
2023-08-24,-0.02415996107402374,2023
2023-08-25,0.006886316784008528,2023
2023-08-28,0.01025891099429077,2023
2023-08-29,0.01853648400000485,2023
2023-08-30,0.0036398272013209443,2023
2023-08-31,0.007726230442439919,2023
2023-09-01,0.00453760041031992,2023
2023-09-05,-0.002024897774418166,2023
2023-09-06,-0.003902031190044619,2023
2023-09-07,-0.015042270565442828,2023
2023-09-08,-0.00047719025797365866,2023
2023-09-11,-0.00015921888899095293,2023
2023-09-12,-0.013689914231623024,2023
2023-09-13,0.0029052140058993814,2023
2023-09-14,0.009655591892406834,2023
2023-09-15,-0.018807770769282972,2023
2023-09-18,0.002111654106592864,2023
2023-09-19,-0.00389041046624905,2023
2023-09-20,-0.010414946326190333,2023
2023-09-21,-0.013155698804672045,2023
2023-09-22,0.005998985305920801,2023
2023-09-25,0.002650316481889403,2023
2023-09-26,-0.016851148081874268,2023
2023-09-27,0.005881371023457982,2023
2023-09-28,0.013865673326258987,2023
2023-09-29,0.0009885871577035577,2023
2023-10-02,0.003292255402227884,2023
2023-10-03,-0.020016480225000688,2023
2023-10-04,0.010882340269519508,2023
2023-10-05,-0.003974816397495529,2023
2023-10-06,0.016461653134668408,2023
2023-10-09,0.0014722480707345387,2023
2023-10-10,0.008167204456726473,2023
2023-10-11,0.008101122553938689,2023
2023-10-12,-0.0006428785281623606,2023
2023-10-13,-0.02026382127714499,2023
2023-10-16,0.0141168820218176,2023
2023-10-17,-0.002913516867695143,2023
2023-10-18,-0.012337713431426534,2023
2023-10-19,-0.017587010253429125,2023
2023-10-20,-0.015057809216418527,2023
2023-10-23,-0.0032274637952220964,2023
2023-10-24,0.011588332916218302,2023
2023-10-25,-0.02897575468357161,2023
2023-10-26,-0.01492020143849715,2023
2023-10-27,-0.0017611352510863432,2023
2023-10-30,0.00264645163986299,2023
2023-10-31,0.008270193294160233,2023
2023-11-01,0.008900611222104171,2023
2023-11-02,0.021103519630261358,2023
2023-11-03,0.017110051317117847,2023
2023-11-06,0.0008327552622500178,2023
2023-11-07,0.006157394498925273,2023
2023-11-08,0.0049619048980762415,2023
2023-11-09,-0.005266527978167734,2023
2023-11-10,0.02647246908686096,2023
2023-11-13,-0.006125025521946492,2023
2023-11-14,0.030814106425922416,2023
2023-11-15,0.00566384716449142,2023
2023-11-16,-0.0018772641068416362,2023
2023-11-17,0.00391862284525879,2023
2023-11-20,0.012333945933539425,2023
2023-11-21,-0.008636623413934674,2023
2023-11-22,0.01042306530454673,2023
2023-11-24,0.0015397576993463336,2023
2023-11-27,-0.0007686184294972698,2023
2023-11-28,-0.0001539034315161114,2023
2023-11-29,0.008308989090165309,2023
2023-11-30,-0.0006104059691527386,2023
2023-12-01,0.006871318636695989,2023
2023-12-04,-0.008340914386825049,2023
2023-12-05,-0.006728993873396205,2023
2023-12-06,-0.0067742722444557035,2023
2023-12-07,0.014571231693397246,2023
2023-12-08,0.00611159752186019,2023
2023-12-11,0.015069891988041206,2023
2023-12-12,0.0035081481765000255,2023
2023-12-13,0.014460525517912659,2023
2023-12-14,0.014567663548148868,2023
2023-12-15,0.004014176896505184,2023
2023-12-18,0.0023067036348640713,2023
2023-12-19,0.007210793123951342,2023
2023-12-20,-0.01827885151083286,2023
2023-12-21,0.01768814580658562,2023
2023-12-22,0.00045750192370941356,2023
2023-12-26,0.0074672091978060795,2023
2023-12-27,-0.0015126092371062771,2023
2023-12-28,-0.001363488741506047,2023
2023-12-29,-0.007129918148670478,2023
2023-12-30,0.0,2023
2023-12-31,0.0,2023
2024-01-02,0.0,2024
2024-01-03,-0.014375003982923906,2024
2024-01-04,-0.007767886863217055,2024
2024-01-05,0.00015976020240793254,2024
2024-01-08,0.02428116958738502,2024
2024-01-09,-0.0024953155258122806,2024
2024-01-10,0.0057848796705302075,2024
2024-01-11,0.002642608722583706,2024
2024-01-12,-0.00015510199809753988,2024
2024-01-16,-0.00046516009750696696,2024
2024-01-17,-0.008222089132813415,2024
2024-01-18,0.01939613260883921,2024
2024-01-19,0.02547194723602808,2024
2024-01-22,0.009426820470789687,2024
2024-01-23,0.0028165208649784113,2024
2024-01-24,0.003991095603350203,2024
2024-01-25,0.0020611920665467576,2024
2024-01-26,-0.01057887747010089,2024
2024-01-29,0.008761602217021824,2024
2024-01-30,-0.006918948552802617,2024
2024-01-31,-0.022828342886432873,2024
2024-02-01,0.010770615446672016,2024
2024-02-02,0.00375204635966786,2024
2024-02-05,0.0026914340941059933,2024
2024-02-06,-0.0035788763873083607,2024
2024-02-07,0.010775192243012155,2024
2024-02-08,0.007403055661425073,2024
2024-02-09,0.0177836759126615,2024
2024-02-12,-0.0008663732045756101,2024
2024-02-13,-0.024714605409926982,2024
2024-02-14,0.014967319494071374,2024
2024-02-15,-0.00043799349560147416,2024
2024-02-16,-0.017090258458180352,2024
2024-02-20,-0.01367209910720002,2024
2024-02-21,-0.005122837342868669,2024
2024-02-22,0.02847194725587543,2024
2024-02-23,-0.0011780960019152076,2024
2024-02-26,0.0008845796052532329,2024
2024-02-27,0.0011783740702739909,2024
2024-02-28,-0.006032119437606398,2024
2024-02-29,0.011693291954126606,2024
2024-03-01,0.02838337765678345,2024
2024-03-04,-0.002987574172472973,2024
2024-03-05,-0.016552573002496795,2024
2024-03-06,0.009576349565225462,2024
2024-03-07,0.01940209069769283,2024
2024-03-08,-0.017764034925966343,2024
2024-03-11,-0.005167171718361119,2024
2024-03-12,0.012985160425393216,2024
2024-03-13,-0.009827729130005514,2024
2024-03-14,-0.00819905272713517,2024
2024-03-15,-0.00899195196060898,2024
2024-03-18,0.008634521744684598,2024
2024-03-19,0.0036273773119275265,2024
2024-03-20,0.013589760498558423,2024
2024-03-21,0.01283692403814185,2024
2024-03-22,-0.0018307486686619523,2024
2024-03-25,-0.004655671331509348,2024
2024-03-26,0.00014166835889040108,2024
2024-03-27,0.0055272067036582495,2024
2024-03-28,0.0012685538974517296,2024
2024-04-01,0.0047860084843658335,2024
2024-04-02,-0.008685903012035534,2024
2024-04-03,0.005935526682177006,2024
2024-04-04,-0.01685856427631416,2024
2024-04-05,0.012574991740156749,2024
2024-04-08,0.0007056398726619229,2024
2024-04-09,0.006346016220388329,2024
2024-04-10,-0.014854209511684258,2024
2024-04-11,0.014509228653371009,2024
2024-04-12,-0.02257431779428809,2024
2024-04-15,-0.01764452827290619,2024
2024-04-16,0.0008761148421028153,2024
2024-04-17,-0.016778528080351962,2024
2024-04-18,-0.00934855551540914,2024
2024-04-19,-0.020071941309373953,2024
2024-04-22,0.008101506742955067,2024
2024-04-23,0.0183473247885928,2024
2024-04-24,0.005211397015838504,2024
2024-04-25,0.0019256622567143111,2024
2024-04-26,0.025280814189093004,2024
2024-04-29,0.0030281368096474193,2024
2024-04-30,-0.020414001811963067,2024
2024-05-01,-0.009098979184730682,2024
2024-05-02,0.01110783862018816,2024
2024-05-03,0.01699142277999055,2024
2024-05-06,0.013538869279065668,2024
2024-05-07,-0.0024158547865021918,2024
2024-05-08,0.001566922914391089,2024
2024-05-09,0.0001422186211581522,2024
2024-05-10,0.005403805783788185,2024
2024-05-13,0.002687513423145216,2024
2024-05-14,0.012272514875585339,2024
2024-05-15,0.02159970314894677,2024
2024-05-16,-0.006274725869220621,2024
2024-05-17,-0.0034316290054279275,2024
2024-05-20,0.010192797957294886,2024
2024-05-21,0.004635979681897107,2024
2024-05-22,0.003935890415037946,2024
2024-05-23,-0.007029892904772406,2024
2024-05-24,0.011844901638630612,2024
2024-05-28,0.004709330263207523,2024
2024-05-29,-0.010311976690726254,2024
2024-05-30,-0.007983909495096753,2024
2024-05-31,-0.0010911259988026778,2024
2024-06-03,0.0002730314512386922,2024
2024-06-04,-0.004914696640857086,2024
2024-06-05,0.0260667620549353,2024
2024-06-06,-0.0040113631470207745,2024
2024-06-07,-0.005906725766649967,2024
2024-06-10,0.010128307938546133,2024
2024-06-11,0.0026738219277089303,2024
2024-06-12,0.017733315206605704,2024
2024-06-13,0.003799306739066477,2024
2024-06-14,-0.003001889006403635,2024
2024-06-17,0.00863990067124365,2024
2024-06-18,0.001427679123686687,2024
2024-06-20,-0.009590484512915554,2024
2024-06-21,-0.0035331366751242266,2024
2024-06-24,-0.012081359860485752,2024
2024-06-25,0.009703545160855587,2024
2024-06-26,-0.0010531834498686,2024
2024-06-27,0.00474429127546383,2024
2024-06-28,0.00039347027500857834,2024
2024-07-01,0.0020978671530280657,2024
2024-07-02,0.007326887605566101,2024
2024-07-03,0.009481843900791098,2024
2024-07-05,0.005403986781582049,2024
2024-07-08,0.005247033031668513,2024
2024-07-09,-0.0026735918971270145,2024
2024-07-10,0.011488523265420492,2024
2024-07-11,-0.012493756996571403,2024
2024-07-12,0.008562258424690494,2024
2024-07-15,0.004688303773286773,2024
2024-07-16,0.007441000388681562,2024
2024-07-17,-0.03405094298873668,2024
2024-07-18,-0.009072052029648336,2024
2024-07-19,-0.011117043427334217,2024
2024-07-22,0.02102898739964565,2024
2024-07-23,-0.0011657928988771937,2024
2024-07-24,-0.03644141822957914,2024
2024-07-25,-0.015612441167999203,2024
2024-07-26,0.013945970413116848,2024
2024-07-29,0.000539278243299357,2024
2024-07-30,-0.013881378380336984,2024
2024-07-31,0.035670363953716144,2024
2024-08-01,-0.03879650535748602,2024
2024-08-02,-0.026633705155415965,2024
2024-08-05,-0.028490816285306475,2024
2024-08-06,0.008420404847233609,2024
2024-08-07,-0.015260529995842487,2024
2024-08-08,0.03742681337016163,2024
2024-08-09,0.006059779651943709,2024
2024-08-12,-0.0012606040261317064,2024
2024-08-13,0.025666147047543664,2024
2024-08-14,-0.0005470019415267924,2024
2024-08-15,0.030099904778678743,2024
2024-08-16,-0.0006641829077662642,2024
2024-08-19,0.013158091494478219,2024
2024-08-20,-0.005772084130160171,2024
2024-08-21,0.007784564995145571,2024
2024-08-22,-0.01832927275745888,2024
2024-08-23,0.01707117869974062,2024
2024-08-26,-0.0099659137202609,2024
2024-08-27,0.003178738502654932,2024
2024-08-28,-0.01201473726234148,2024
2024-08-29,0.00320719980458839,2024
2024-08-30,0.013454227879704517,2024
2024-09-03,-0.04192964222425333,2024
2024-09-04,-0.003155312034698432,2024
2024-09-05,-0.002752636357084781,2024
2024-09-06,-0.030637604154947096,2024
2024-09-09,0.009396384087035692,2024
2024-09-10,0.0097319532387532,2024
2024-09-11,0.02374639481854457,2024
2024-09-12,0.006822245444123354,2024
2024-09-13,0.010977063684542099,2024
2024-09-16,-0.0018766870089634846,2024
2024-09-17,0.003760368210984133,2024
2024-09-18,-0.005753241608298376,2024
2024-09-19,0.02597227430351401,2024
2024-09-20,-0.0031478851787452022,2024
2024-09-23,0.0014472802136322738,2024
2024-09-24,0.0023651004841256373,2024
2024-09-25,-0.0034081477362575274,2024
2024-09-26,0.015783269472923855,2024
2024-09-27,-0.0056972245386441855,2024
2024-09-30,0.0026044081596772184,2024
2024-10-01,-0.017015135999185582,2024
2024-10-02,0.0060782256566362936,2024
2024-10-03,0.0,2024
2024-10-04,0.01155763044040281,2024
2024-10-07,-0.008958653669289496,2024
2024-10-08,0.011921867224053084,2024
2024-10-09,0.007638610500722454,2024
2024-10-10,-0.002569847726357821,2024
2024-10-11,0.007213810863453185,2024
2024-10-14,0.011254610079307836,2024
2024-10-15,-0.017832222601537273,2024
2024-10-16,0.0021890163690592157,2024
2024-10-17,0.0,2024
2024-10-18,0.0005139695452716087,2024
2024-10-21,-0.0016695880795757345,2024
2024-10-22,-0.0016721993570384397,2024
2024-10-23,-0.012884938231872645,2024
2024-10-24,0.0027411119925531136,2024
2024-10-25,0.005727753776949562,2024
2024-10-28,0.0022003497210836276,2024
2024-10-29,0.014593845972213249,2024
2024-10-30,-0.005346264492221531,2024
2024-10-31,-0.025723174626867573,2024
2024-11-01,0.007093191693644085,2024
2024-11-04,-0.0005217458510107242,2024
2024-11-05,0.014746326250187014,2024
2024-11-06,0.029706788099922,2024
2024-11-07,0.013488195413903448,2024
2024-11-08,-0.0016020473300655258,2024
2024-11-11,0.0001234766630842099,2024
2024-11-12,-0.00037026854652011387,2024
2024-11-13,-0.00666672377087818,2024
2024-11-14,-0.0027342281101815358,2024
2024-11-15,-0.013957976970868757,2024
2024-11-18,0.006951338144443042,2024
2024-11-19,0.008033000510866861,2024
2024-11-20,0.002116960645522914,2024
2024-11-21,0.0085734440157903,2024
2024-11-22,0.005297605825922647,2024
2024-11-25,0.00968130003205725,2024
2024-11-26,0.00521916082840157,2024
2024-11-27,-0.010142425965588564,2024
2024-11-29,0.008172741516749182,2024
2024-12-02,0.013309117474895604,2024
2024-12-03,0.0013134087479829137,2024
2024-12-04,0.017529209386090372,2024
2024-12-05,-0.012656742408168609,2024
2024-12-06,0.013412369057436146,2024
2024-12-09,-0.006558953325988215,2024
2024-12-10,-0.01888001496252245,2024
2024-12-11,0.019530289259461986,2024
2024-12-12,-0.006296060956001437,2024
2024-12-13,0.010919270263393344,2024
2024-12-16,0.018402563417702522,2024
2024-12-17,-0.011522902680485836,2024
2024-12-18,-0.03616368747592469,2024
2024-12-19,-0.0034359246815377498,2024
2024-12-20,0.013653195766835768,2024
2024-12-23,0.01088437435639289,2024
2024-12-24,0.009824995153619787,2024
2024-12-26,0.0011996420534625685,2024
2024-12-27,-0.014776429576403793,2024
2024-12-30,-0.01337659147208159,2024
2024-12-31,0.0,2024
2025-01-02,0.0,2025
2025-01-03,0.016575292387335017,2025
2025-01-06,0.01859587550295627,2025
2025-01-07,-0.016933466927175345,2025
2025-01-08,-0.0010764954538965421,2025
2025-01-10,-0.02290181954531756,2025
2025-01-13,-0.004687698507795712,2025
2025-01-14,0.0013852216663203798,2025
2025-01-15,0.02088811817961478,2025
2025-01-16,0.002167980906118805,2025
2025-01-17,0.014602520526725282,2025
2025-01-21,0.013592701133390284,2025
2025-01-22,0.011569867520542898,2025
2025-01-23,0.005068863245552002,2025
2025-01-24,-0.0002586936535886597,2025
2025-01-27,-0.05639636446168139,2025
2025-01-28,0.013845187074674081,2025
2025-01-29,0.0016225518534533911,2025
2025-01-30,0.012418967636497413,2025
2025-01-31,-0.0007999712261139713,2025
2025-02-03,-0.011742781835570426,2025
2025-02-04,0.004050735444737219,2025
2025-02-05,0.010355009072004151,2025
2025-02-06,0.004525582950446028,2025
2025-02-07,-0.009142759328772398,2025
2025-02-10,0.008825903142094749,2025
2025-02-11,-0.0067603697530671525,2025
2025-02-12,-0.005338270859556515,2025
2025-02-13,0.01301484968404254,2025
2025-02-14,-0.001059637439663308,2025
2025-02-18,0.009281498725347115,2025
2025-02-19,0.003941003614799321,2025
2025-02-20,-0.0034020926820895747,2025
2025-02-21,-0.03072487428232118,2025
2025-02-24,-0.01571385531666858,2025
2025-02-25,-0.01417565100500462,2025
2025-02-26,0.008795169261718971,2025
2025-02-27,-0.03473570372322132,2025
2025-02-28,0.010609371832557724,2025
2025-03-03,-0.02908212763915663,2025
2025-03-04,-0.004675600778027311,2025
2025-03-05,0.01864354511278221,2025
2025-03-06,-0.03184897343847315,2025
2025-03-07,0.018011258740498803,2025
2025-03-10,-0.04050291029685216,2025
2025-03-11,-0.003962273543960615,2025
2025-03-12,0.011627973019331383,2025
2025-03-13,-0.02056871285191786,2025
2025-03-14,0.029647947934552832,2025
2025-03-17,0.007798386691703518,2025
2025-03-18,-0.014136847264365149,2025
2025-03-19,0.014641522430942633,2025
2025-03-20,-0.004165440721901725,2025
2025-03-21,-0.004481649011209621,2025
2025-03-24,0.01785714064659949,2025
2025-03-25,0.0011794578288488733,2025
2025-03-26,-0.022088052652293744,2025
2025-03-27,-0.01264873923462495,2025
2025-03-28,-0.030501747979562066,2025
2025-03-31,-0.0040899839287995565,2025
2025-04-01,0.011846434876629841,2025
2025-04-02,0.008897910653495433,2025
2025-04-03,-0.07566142101083606,2025
2025-04-04,-0.06930036466353962,2025
2025-04-07,0.008992804554555978,2025
2025-04-08,-0.019964270268990503,2025
2025-04-09,0.12841033968057536,2025
2025-04-10,-0.05303034584227684,2025
2025-04-11,0.02076600715977217,2025
2025-04-14,0.003501693691215113,2025
2025-04-15,0.003821890394362981,2025
2025-04-16,-0.027644414923906457,2025
2025-04-17,-0.010044276242068162,2025
2025-04-21,-0.02648325064432877,2025
2025-04-22,0.025083929317219367,2025
2025-04-23,0.027054970562044867,2025
2025-04-24,0.037248298320237794,2025
2025-04-25,0.014073143784527842,2025
2025-04-28,-0.0007975686328797194,2025
2025-04-29,0.002394615769064412,2025
2025-04-30,0.0,2025
2025-05-01,0.010511244348659243,2025
2025-05-02,0.015130064796422538,2025
2025-05-05,-0.0027946246125611918,2025
2025-05-06,-0.006694749883011553,2025
2025-05-07,0.0,2025
2025-05-08,0.015674043409658278,2025
2025-05-09,0.005401252494789288,2025
2025-05-12,0.05019176833321737,2025
2025-05-13,0.017977217588451833,2025
2025-05-14,0.005599520741571329,2025
2025-05-15,-0.003855095702506417,2025
2025-05-16,-0.00014318499714460753,2025
2025-05-19,-0.004300540455909108,2025
2025-05-20,-0.002447383685438953,2025
2025-05-21,-0.01905039702217004,2025
2025-05-22,0.002501094437417972,2025
2025-05-23,-0.008952178634855978,2025
2025-05-27,0.023841274958372738,2025
2025-05-28,-0.0053514872503965805,2025
2025-05-29,-0.001744884268865432,2025
2025-05-30,-0.005098281644641989,2025
2025-06-02,0.007027746527177525,2025
2025-06-03,0.019482387099761134,2025
2025-06-04,0.009412450655986948,2025
2025-06-05,0.0002826332420515776,2025
2025-06-06,0.012570537849977415,2025
2025-06-09,0.006416553562089478,2025
2025-06-10,0.0070686387310821,2025
2025-06-11,-0.00330316351647153,2025
2025-06-12,0.004971051937924242,2025
2025-06-13,-0.018686498763497594,2025
2025-06-16,0.021142567719363514,2025
2025-06-17,-0.010146653260411087,2025
2025-06-18,0.00013849931196019405,2025
2025-06-20,-0.006648188938088162,2025
2025-06-23,0.009063061164678254,2025
2025-06-24,0.0,2025
2025-06-25,0.022799422667833635,2025
2025-06-26,0.008646372696087479,2025
2025-06-27,0.002410842792807566,2025
2025-06-30,0.010422300877815482,2025
2025-07-01,-0.00634751701096592,2025
2025-07-02,0.01264295911928004,2025
2025-07-03,0.014719461492000985,2025
2025-07-07,-0.01178602432294551,2025
2025-07-08,0.006159908073854137,2025
2025-07-09,0.015761425416214614,2025
2025-07-10,-0.005514229833734174,2025
2025-07-11,-0.00967120395724097,2025
2025-07-14,0.0009114076333744947,2025
2025-07-15,0.00039030892033498077,2025
2025-07-16,0.0009102224579395912,2025
2025-07-17,0.00935438656209353,2025
2025-07-18,0.002703006330021296,2025
2025-07-21,0.0061616300887059605,2025
2025-07-22,-0.005486089644757164,2025
2025-07-23,0.007312382092918623,2025
2025-07-24,0.010697947968297594,2025
2025-07-25,0.0030241889377449205,2025
2025-07-28,0.006783987013214476,2025
2025-07-29,-0.001746948655808933,2025
2025-07-30,0.006875044984976819,2025
2025-07-31,-0.007200578758205567,2025
2025-08-01,-0.022133278729364214,2025
2025-08-04,0.0159846253234881,2025
2025-08-05,-0.007300168933476292,2025
2025-08-06,0.014073861940263388,2025
2025-08-07,-0.002375594336942899,2025
2025-08-08,0.006767728545631568,2025
2025-08-11,-0.003485633392330878,2025
2025-08-12,0.026358591731046488,2025
2025-08-13,0.013266703616238607,2025
2025-08-14,-0.0014414887555553868,2025
2025-08-15,-0.010585780456942806,2025
2025-08-18,0.0035258262207171764,2025
2025-08-19,-0.017082662749386968,2025
2025-08-20,-0.004190688423322375,2025
2025-08-21,-0.0024756349832699698,2025
2025-08-22,0.02767093975536583,2025
2025-08-25,0.0006038134274279905,2025
2025-08-26,0.004464746559857513,2025
2025-08-27,0.00528589541900959,2025
2025-08-28,0.014459902748237274,2025
2025-08-29,-0.018965734550267177,2025
2025-09-02,-0.01068686804050245,2025
2025-09-03,0.01104511684722742,2025
2025-09-04,0.012965115265715532,2025
2025-09-05,0.012917761225110347,2025
2025-09-08,0.003977989647671709,2025
2025-09-09,0.004195260592795069,2025
2025-09-10,0.01903219676390533,2025
2025-09-11,0.01377971064270489,2025
2025-09-12,-0.00415629739150658,2025
2025-09-15,0.012295458766802714,2025
2025-09-16,0.008134671597060272,2025
2025-09-17,0.007516276755820561,2025
2025-09-18,0.01667581355409431,2025
2025-09-19,0.008848581463814842,2025
2025-09-22,0.01529574860144578,2025
2025-09-23,-0.019068598860502384,2025
2025-09-24,-0.013962039144529648,2025
2025-09-25,-0.006099573899603028,2025
2025-09-26,0.0036165345166414564,2025
2025-09-29,0.00797105091581951,2025
2025-09-30,0.012566408028946041,2025
2025-10-01,0.015192053257178095,2025
2025-10-02,0.005269214615780671,2025
2025-10-03,0.00031453032372419365,2025
2025-10-06,0.002724841811685197,2025
2025-10-07,-0.018603728022452692,2025
2025-10-08,0.015548482805503916,2025
2025-10-09,-0.004509224640877552,2025
2025-10-10,-0.039081427853388306,2025
2025-10-13,0.051633410750908215,2025
2025-10-14,-0.003648462820498133,2025
2025-10-15,0.016007517840457508,2025
2025-10-16,-0.003913089055226471,2025
2025-10-17,-0.004858895538095376,2025
2025-10-20,0.006440800443167083,2025
2025-10-21,-0.0031997910062524504,2025
2025-10-22,-0.02153880376009054,2025
2025-10-23,0.020425479829448978,2025
2025-10-24,0.01897951006880394,2025
2025-10-27,0.013027912926031782,2025
2025-10-28,0.005726918106463419,2025
2025-10-29,0.02737266099587421,2025
2025-10-30,-0.013807868689923342,2025
2025-10-31,0.010155734768716007,2025
2025-11-03,0.011029871505109146,2025
2025-11-04,-0.034755768403403775,2025
2025-11-05,0.024004763162849718,2025
2025-11-06,-0.014260622847808935,2025
2025-11-07,-0.006539762335366683,2025
2025-11-10,0.024935204490514007,2025
2025-11-11,-0.019365604282941318,2025
2025-11-12,0.00019851921854319166,2025
2025-11-13,-0.045540273109864415,2025
2025-11-14,0.00498968311177439,2025
2025-11-17,-0.015825388627253245,2025
2025-11-18,-0.01607985863929129,2025
2025-11-19,0.013458530495924936,2025
2025-11-20,-0.04426641858200486,2025
2025-11-21,0.007057835460060113,2025
2025-11-24,0.03558910718647601,2025
2025-11-25,0.009093786113452795,2025
2025-11-26,0.018233296640543628,2025
2025-11-28,0.016054354821744,2025
2025-12-01,-0.012863389435561978,2025
2025-12-02,0.015288295839896326,2025
2025-12-03,0.008084906651371071,2025
2025-12-04,0.018746924051073588,2025
2025-12-05,0.008561201661146267,2025
2025-12-08,-0.005561519846116525,2025
2025-12-09,0.0014853281052633616,2025
2025-12-10,0.0031779175584127906,2025
2025-12-11,0.0019007424601518164,2025
2025-12-12,-0.040155961940191776,2025
2025-12-15,-0.012627665858488735,2025
2025-12-16,-0.002446632842338148,2025
2025-12-17,-0.03099218365526768,2025
2025-12-18,0.020363602275055293,2025
2025-12-19,0.02401620469934218,2025
2025-12-22,0.011451232316912474,2025
2025-12-23,0.00283041731442335,2025
2025-12-24,0.0024966969244646364,2025
2025-12-26,0.00043314473403643916,2025
2025-12-29,-0.00552010108885892,2025
2025-12-30,-0.003918160874108789,2025
2025-12-31,0.0,2025
2026-01-01,0.0,2025
2026-01-02,0.0,2025
