Date,Daily_Return,Year
1999-01-04,0.0,1999
1999-01-05,0.018796214392419408,1999
1999-01-06,0.016345661024611324,1999
1999-01-07,-0.006687862660867183,1999
1999-01-08,0.005771398964315333,1999
1999-01-11,-0.014982396035260637,1999
1999-01-12,-0.01035571084650233,1999
1999-01-13,-0.003270598507730038,1999
1999-01-14,-0.02345793780107852,1999
1999-01-15,0.025197154379017705,1999
1999-01-19,0.03719478068960114,1999
1999-01-20,0.0026857619588132042,1999
1999-01-21,-0.01717359186879075,1999
1999-01-22,0.005771398964315333,1999
1999-01-25,-0.01195412890526315,1999
1999-01-26,0.0022581322188268693,1999
1999-01-27,-0.012393066770897354,1999
1999-01-28,0.019067791749325824,1999
1999-01-29,0.0036784884923526384,1999
1999-02-01,-0.0011156806736292157,1999
1999-02-02,-0.009092328779761405,1999
1999-02-03,0.006760692067034224,1999
1999-02-04,-0.01614954719120676,1999
1999-02-05,-0.007638516694913666,1999
1999-02-08,0.010481602485888475,1999
1999-02-09,-0.014586847945802561,1999
1999-02-10,-0.00641447419198482,1999
1999-02-11,0.020692099412884968,1999
1999-02-12,-0.013623115278631581,1999
1999-02-16,0.011509309438540338,1999
1999-02-17,-0.011703584455150073,1999
1999-02-18,0.017598777133224885,1999
1999-02-19,-0.0021010534563139505,1999
1999-02-22,0.024457396176204238,1999
1999-02-23,-0.01675868178935236,1999
1999-02-24,0.004984473392734667,1999
1999-02-25,-0.004639994729219721,1999
1999-02-26,-0.010126792343239766,1999
1999-03-01,-0.011367357805628253,1999
1999-03-02,-0.004763848285263217,1999
1999-03-03,0.002475566954787345,1999
1999-03-04,0.013500729411578316,1999
1999-03-05,0.02225471263123624,1999
1999-03-08,0.007150634985409576,1999
1999-03-09,-0.008204633561968433,1999
1999-03-10,0.0022272527535285302,1999
1999-03-11,0.0066666300441640125,1999
1999-03-12,0.004257104037159287,1999
1999-03-15,0.004710422527065106,1999
1999-03-16,0.00046869634581847563,1999
1999-03-17,0.0067170938130920455,1999
1999-03-18,0.01458469815350405,1999
1999-03-19,-0.013305041580946142,1999
1999-03-22,-0.009144190002776553,1999
1999-03-23,-0.021273349228728367,1999
1999-03-24,0.0196582868820101,1999
1999-03-25,0.009247380200088307,1999
1999-03-26,-0.005746378803870633,1999
1999-03-29,0.004842545350759675,1999
1999-03-30,-0.010726321555123763,1999
1999-03-31,-0.0056564877109258616,1999
1999-04-01,0.010731054103641391,1999
1999-04-05,0.012773635099762926,1999
1999-04-06,-0.0016380528858627175,1999
1999-04-07,0.008039619406978726,1999
1999-04-08,0.017903572724288663,1999
1999-04-09,0.015190353898534292,1999
1999-04-12,0.025200296507882136,1999
1999-04-13,-0.002918269595824863,1999
1999-04-14,-0.02126412093157415,1999
1999-04-15,-0.0017314531334001737,1999
1999-04-16,0.0023658492588891633,1999
1999-04-19,-0.01274400576915069,1999
1999-04-20,0.014820499017884181,1999
1999-04-21,0.020728614259489797,1999
1999-04-22,0.011076946577506908,1999
1999-04-23,-0.015064117851372516,1999
1999-04-26,0.007724551465879026,1999
1999-04-27,0.0007666696188730615,1999
1999-04-28,0.0006124593299312586,1999
1999-04-29,-0.003673945523298805,1999
1999-04-30,-0.009372870468233208,1999
1999-05-03,0.00713494535106074,1999
1999-05-04,-0.009394778396811798,1999
1999-05-05,0.022076960538509605,1999
1999-05-06,-0.00015204347097752535,1999
1999-05-07,0.00638982472643157,1999
1999-05-10,-0.009070410764280612,1999
1999-05-11,0.005186907816568276,1999
1999-05-12,0.008347464762462398,1999
1999-05-13,0.012492222056359248,1999
1999-05-14,-0.020216650289129223,1999
1999-05-17,0.013351600822372411,1999
1999-05-18,-0.005839617854745405,1999
1999-05-19,0.014457751075705794,1999
1999-05-20,0.0014847713069729984,1999
1999-05-21,-0.008597857202388481,1999
1999-05-24,-0.00553211461764469,1999
1999-05-25,-0.00766843335326306,1999
1999-05-26,0.010454867220907937,1999
1999-05-27,-0.01979304456860742,1999
1999-05-28,0.011473384295706879,1999
1999-06-01,-0.006049877943919424,1999
1999-06-02,-0.0016736600183769879,1999
1999-06-03,-0.0007620605733671404,1999
1999-06-04,0.014795621033160344,1999
1999-06-07,0.00646322654273801,1999
1999-06-08,0.0008958871177278116,1999
1999-06-09,0.01074316737590486,1999
1999-06-10,-0.012105175618328912,1999
1999-06-11,-0.007770484056711435,1999
1999-06-14,-0.0027105785498288126,1999
1999-06-15,0.0022649547960773564,1999
1999-06-16,0.014464535395801281,1999
1999-06-17,0.0031185788259984193,1999
1999-06-18,0.008735503513731757,1999
1999-06-21,0.0008809080623617405,1999
1999-06-22,-0.007038954062437708,1999
1999-06-23,-0.002363222882764471,1999
1999-06-24,-0.01287915436759135,1999
1999-06-25,0.00044970015843981415,1999
1999-06-28,0.009294183691210822,1999
1999-06-29,0.0013366510810255416,1999
1999-06-30,0.002818316416328237,1999
1999-07-01,-0.0005916794948385151,1999
1999-07-02,0.0022197026138490727,1999
1999-07-06,0.0032486255752077753,1999
1999-07-07,0.0088313540205196,1999
1999-07-08,0.004960310338605778,1999
1999-07-09,0.0036298157763150485,1999
1999-07-12,0.0033275127783640723,1999
1999-07-13,-0.00576734971318682,1999
1999-07-14,0.0015948646224970275,1999
1999-07-15,0.007673399670873549,1999
1999-07-16,0.011781835870371626,1999
1999-07-19,-0.002555841919340218,1999
1999-07-20,-0.011674872283825022,1999
1999-07-21,0.0005761732033191524,1999
1999-07-22,-0.01094114614170727,1999
1999-07-23,0.0021833534029316315,1999
1999-07-26,-0.0052287285705475695,1999
1999-07-27,0.006570547358615952,1999
1999-07-28,0.003915904601468512,1999
1999-07-29,-0.013292671948397117,1999
1999-07-30,-0.0020500150899503966,1999
1999-08-02,0.00249430753883928,1999
1999-08-03,-0.007611415326585158,1999
1999-08-04,-0.0199113581222371,1999
1999-08-05,0.0006021749347304706,1999
1999-08-06,-0.004812920527735853,1999
1999-08-09,-0.011334337473210221,1999
1999-08-10,-0.017731255810856217,1999
1999-08-11,0.008558426488381565,1999
1999-08-12,0.0027774195111331945,1999
1999-08-13,0.016771903809497335,1999
1999-08-16,-0.006961025236100871,1999
1999-08-17,0.01112426980682546,1999
1999-08-18,-0.009645571109496931,1999
1999-08-19,0.0019782244709722896,1999
1999-08-20,-0.009720453314954636,1999
1999-08-23,0.00981586800161005,1999
1999-08-24,0.0007594825744721145,1999
1999-08-25,0.02306907036465833,1999
1999-08-26,-0.00771465455499476,1999
1999-08-27,-0.01046444730208207,1999
1999-08-30,-0.012993020141762068,1999
1999-08-31,-0.007500608859614011,1999
1999-09-01,0.011875734213420364,1999
1999-09-02,-0.012650677382026965,1999
1999-09-03,0.02192028170747351,1999
1999-09-07,-0.0025680314119738146,1999
1999-09-08,-0.007269300007007873,1999
1999-09-09,0.008695983661253015,1999
1999-09-10,0.0024194662308165693,1999
1999-09-13,0.002414293820517166,1999
1999-09-14,-0.001956655198828261,1999
1999-09-15,-0.010104262448869084,1999
1999-09-16,0.0015234247612785357,1999
1999-09-17,0.011865025090536552,1999
1999-09-20,-0.0036080833899927445,1999
1999-09-21,-0.009807229335725975,1999
1999-09-22,0.001828675457404616,1999
1999-09-23,-0.020075685628265005,1999
1999-09-24,-0.0007762746709820689,1999
1999-09-27,0.006368817448157094,1999
1999-09-28,0.0012345236571527085,1999
1999-09-29,-0.007553710731101337,1999
1999-09-30,0.006057877434677117,1999
1999-10-01,-0.0029334546729272715,1999
1999-10-04,0.02136898214623084,1999
1999-10-05,-0.009703185774561418,1999
1999-10-06,0.017605806948123304,1999
1999-10-07,0.0012039873639546617,1999
1999-10-08,0.010518067250834928,1999
1999-10-11,0.008773006442613696,1999
1999-10-12,-0.008696710148451747,1999
1999-10-13,-0.002379305704406587,1999
1999-10-14,-0.005514963087726699,1999
1999-10-15,-0.02068342127087952,1999
1999-10-18,-0.001224301617152701,1999
1999-10-19,-0.009653765470883924,1999
1999-10-20,0.006034101888233723,1999
1999-10-21,-0.0058440126801097,1999
1999-10-22,0.006652375289344814,1999
1999-10-25,-0.0009221635039902143,1999
1999-10-26,0.0012300909586997477,1999
1999-10-27,0.01582485388267707,1999
1999-10-28,0.03856580844469559,1999
1999-10-29,0.006990235986077398,1999
1999-11-01,-0.0013016309201181464,1999
1999-11-02,-0.008688048621691924,1999
1999-11-03,0.0052585154105802,1999
1999-11-04,-0.0002903973430932183,1999
1999-11-05,0.010755536870444171,1999
1999-11-08,0.002013324591569443,1999
1999-11-09,-0.0076061434992734656,1999
1999-11-10,0.007085857753270419,1999
1999-11-11,0.0028720820431562544,1999
1999-11-12,0.006013790587862111,1999
1999-11-15,0.0027037668613643095,1999
1999-11-16,0.010220195745245908,1999
1999-11-17,-0.006182372412492421,1999
1999-11-18,0.005231301549764034,1999
1999-11-19,-0.0036569045796799315,1999
1999-11-22,-0.009599069631397117,1999
1999-11-23,-0.018101079951728938,1999
1999-11-24,0.012047786688956785,1999
1999-11-26,0.011474432047053895,1999
1999-11-29,-0.0032612198702677286,1999
1999-11-30,-0.009816771787937828,1999
1999-12-01,-0.0058906002113340294,1999
1999-12-02,0.004769408286070753,1999
1999-12-03,0.016254369753512465,1999
1999-12-06,-0.0028312576098558084,1999
1999-12-07,0.0038328382495644853,1999
1999-12-08,-0.006504384215277215,1999
1999-12-09,0.003558205029909667,1999
1999-12-10,-0.007605441896316623,1999
1999-12-13,0.003597095587666077,1999
1999-12-14,-0.005297935042866908,1999
1999-12-15,-0.0007838303646734435,1999
1999-12-16,0.0,1999
1999-12-17,0.005174297094218128,1999
1999-12-20,-0.0003121943900984414,1999
1999-12-21,0.01950389730342028,1999
1999-12-22,-0.005509385438337122,1999
1999-12-23,0.01261910877622019,1999
1999-12-27,-0.012613939339220948,1999
1999-12-28,0.010928111551691932,1999
1999-12-29,-0.009135184767287807,1999
1999-12-30,0.003534162457833334,1999
1999-12-31,0.0,1999
2000-01-03,0.0,2000
2000-01-04,-0.02966798460683784,2000
2000-01-05,0.010717060075901896,2000
2000-01-06,-0.009200167407536153,2000
2000-01-07,0.01825635684599458,2000
2000-01-10,0.020711291566423373,2000
2000-01-11,-0.01393137617500062,2000
2000-01-12,0.012285095768730825,2000
2000-01-13,0.01319791562732342,2000
2000-01-14,0.010630324777535671,2000
2000-01-18,0.002814650100726901,2000
2000-01-19,0.007977322707152235,2000
2000-01-20,0.010992882990439767,2000
2000-01-21,0.021454942489660622,2000
2000-01-24,-0.014050231387530032,2000
2000-01-25,-0.02187997637843886,2000
2000-01-26,-0.010449148101253525,2000
2000-01-27,0.0002976619338770359,2000
2000-01-28,-0.02274746281534734,2000
2000-01-31,0.04640173581884821,2000
2000-02-01,0.0013086794133521096,2000
2000-02-02,-0.0002904701582255864,2000
2000-02-03,0.003921312543518907,2000
2000-02-04,-0.003761139915837375,2000
2000-02-07,0.007551485970456406,2000
2000-02-08,0.01671927687341812,2000
2000-02-09,-0.00893075950772182,2000
2000-02-10,0.0051492368203815975,2000
2000-02-11,-0.018357387138247527,2000
2000-02-14,0.00724841409817123,2000
2000-02-15,-0.0023032138332427232,2000
2000-02-16,-0.0002884388281221284,2000
2000-02-17,0.010966972389722773,2000
2000-02-18,-0.028261827623134672,2000
2000-02-22,-0.008372238183535274,2000
2000-02-23,0.003110629846048152,2000
2000-02-24,-0.0022151483022953,2000
2000-02-25,-0.009471409705699707,2000
2000-02-28,0.011504530780756195,2000
2000-02-29,0.016690861782648447,2000
2000-03-01,0.028766662113810515,2000
2000-03-02,0.02104201747337564,2000
2000-03-03,0.02060893464211433,2000
2000-03-06,-0.006369206108769343,2000
2000-03-07,-0.014184406936050387,2000
2000-03-08,0.009269438682748321,2000
2000-03-09,0.02193262913031635,2000
2000-03-10,0.005499664745489463,2000
2000-03-13,-0.01800964322389853,2000
2000-03-14,-0.016030272517995603,2000
2000-03-15,-0.015187004129298964,2000
2000-03-16,0.02649660195649628,2000
2000-03-17,0.011608874464698493,2000
2000-03-20,-0.01161062582323491,2000
2000-03-21,0.01188357233216153,2000
2000-03-22,0.0005401512914600115,2000
2000-03-23,0.013221416556101317,2000
2000-03-24,-0.004927043141813137,2000
2000-03-27,0.005352843185455702,2000
2000-03-28,-0.014907487484415616,2000
2000-03-29,0.005810498581964474,2000
2000-03-30,-0.01424013297794191,2000
2000-03-31,0.01621696344011525,2000
2000-04-03,-0.015421907021852421,2000
2000-04-04,-0.03200735116286191,2000
2000-04-05,-0.006190893060331382,2000
2000-04-06,0.013166926427126358,2000
2000-04-07,0.015788005334627098,2000
2000-04-10,-0.019011884599640982,2000
2000-04-11,-0.015278013528819523,2000
2000-04-12,-0.03375946089150461,2000
2000-04-13,-0.004162692881376717,2000
2000-04-14,-0.05046303049588474,2000
2000-04-17,0.002044112675963161,2000
2000-04-18,0.03954188668149161,2000
2000-04-19,0.008754596229162637,2000
2000-04-20,-0.006284739014988938,2000
2000-04-24,-0.014907401004615295,2000
2000-04-25,0.04448191155227876,2000
2000-04-26,-0.007317292505030104,2000
2000-04-27,0.00501227393953485,2000
2000-04-28,0.011735515454980971,2000
2000-05-01,0.02522837872759376,2000
2000-05-02,-0.04426515437115641,2000
2000-05-03,-0.013613858726481687,2000
2000-05-04,0.00735095861539814,2000
2000-05-05,0.014296096620382226,2000
2000-05-08,-0.011892173042996057,2000
2000-05-09,-0.010698341114208865,2000
2000-05-10,-0.02658453621515,2000
2000-05-11,0.013732481078130965,2000
2000-05-12,0.004414208582122159,2000
2000-05-15,0.015305069682435501,2000
2000-05-16,0.01955210678614705,2000
2000-05-17,-0.011125995003958056,2000
2000-05-18,-0.014655374691360579,2000
2000-05-19,-0.04026467926982513,2000
2000-05-22,-0.012680194528009947,2000
2000-05-23,-0.031552116824672516,2000
2000-05-24,0.01457109281269342,2000
2000-05-25,0.003066249181172598,2000
2000-05-26,0.006756338145612384,2000
2000-05-30,0.039469896745468525,2000
2000-05-31,0.001075797700453629,2000
2000-06-01,0.026412927998474167,2000
2000-06-02,0.028126908922343707,2000
2000-06-05,-0.017316596839779153,2000
2000-06-06,0.00251723330371445,2000
2000-06-07,0.009158129657013125,2000
2000-06-08,-0.003805856669594987,2000
2000-06-09,0.009109763206198718,2000
2000-06-12,-0.006552440230183421,2000
2000-06-13,0.02301074438555828,2000
2000-06-14,-0.00945563923929571,2000
2000-06-15,0.014608216898372772,2000
2000-06-16,0.000997657236670113,2000
2000-06-19,0.014525960733121623,2000
2000-06-20,-0.0011231261781683433,2000
2000-06-21,-0.0009838491797210525,2000
2000-06-22,-0.020396442115696356,2000
2000-06-23,-0.0196727637331775,2000
2000-06-26,0.014062079127913352,2000
2000-06-27,-0.010689152602106455,2000
2000-06-28,-0.00087611159125911,2000
2000-06-29,-0.01256758641715916,2000
2000-06-30,0.008879662452761172,2000
2000-07-03,0.01951024210207719,2000
2000-07-05,-0.0008632354091959726,2000
2000-07-06,0.012528809591085821,2000
2000-07-07,0.015502750152477596,2000
2000-07-10,-0.0026610701429753414,2000
2000-07-11,0.0016852934586506496,2000
2000-07-12,0.018505142645957928,2000
2000-07-13,0.01417796056434173,2000
2000-07-14,0.006921569748264522,2000
2000-07-17,-0.012130921666271388,2000
2000-07-18,-0.012552798721733871,2000
2000-07-19,-0.004697907068215379,2000
2000-07-20,0.0056916994838291934,2000
2000-07-21,-0.004693575726554378,2000
2000-07-24,-0.029819621845861954,2000
2000-07-25,0.012151522790253333,2000
2000-07-26,-0.01991560101035461,2000
2000-07-27,-0.023922328230460477,2000
2000-07-28,-0.02790533563255415,2000
2000-07-31,0.011391801766676313,2000
2000-08-01,0.00795874600960933,2000
2000-08-02,-0.0032774565796879207,2000
2000-08-03,0.004783048593126837,2000
2000-08-04,0.007140866916888866,2000
2000-08-07,0.019054945819053648,2000
2000-08-08,-0.015944761489137815,2000
2000-08-09,-0.006333627607304715,2000
2000-08-10,-0.009931877161827085,2000
2000-08-11,0.0007487510007027076,2000
2000-08-14,0.02304017056292551,2000
2000-08-15,-0.002779035616198411,2000
2000-08-16,-0.006598865738019044,2000
2000-08-17,0.015943130627716684,2000
2000-08-18,-0.0036326699137855245,2000
2000-08-21,-0.003937026563736845,2000
2000-08-22,-0.0060034875043315505,2000
2000-08-23,0.015319335452263383,2000
2000-08-24,-0.00145130067446686,2000
2000-08-25,0.004794812426364592,2000
2000-08-28,0.0133028436372431,2000
2000-08-29,-0.013556318049565252,2000
2000-08-30,0.007088163919531709,2000
2000-08-31,0.021545772060608703,2000
2000-09-01,0.013216619016817477,2000
2000-09-05,-0.017624178116797284,2000
2000-09-06,-0.015114803660428722,2000
2000-09-07,0.0,2000
2000-09-08,-0.0032989619633162492,2000
2000-09-11,0.0033098811352845203,2000
2000-09-12,-0.0035859187879863086,2000
2000-09-13,0.003310473908941347,2000
2000-09-14,0.0008614052854747367,2000
2000-09-15,0.0010030191076144668,2000
2000-09-18,-0.020764539889655098,2000
2000-09-19,-0.008189828067585947,2000
2000-09-20,-0.02270702341878006,2000
2000-09-21,-0.013126141902566335,2000
2000-09-22,0.014217635377267612,2000
2000-09-25,0.009647909359202789,2000
2000-09-26,-0.0031356681334276937,2000
2000-09-27,0.012580700856724025,2000
2000-09-28,0.032243706751519996,2000
2000-09-29,0.005301763520752623,2000
2000-10-02,-0.01468078020165009,2000
2000-10-03,-0.010559731396503569,2000
2000-10-04,0.008771690269652188,2000
2000-10-05,-0.00507236878490025,2000
2000-10-06,-0.01820817913831707,2000
2000-10-09,-0.001780560020453681,2000
2000-10-10,-0.011147457227067448,2000
2000-10-11,-0.036074026568390094,2000
2000-10-12,-0.02760017048634056,2000
2000-10-13,0.02902480975770061,2000
2000-10-16,-0.0014023268683533985,2000
2000-10-17,-0.0146690295375006,2000
2000-10-18,-0.021064348419773338,2000
2000-10-19,0.0349454034785468,2000
2000-10-20,0.00562809790222385,2000
2000-10-23,0.013212870310954195,2000
2000-10-24,0.005676896995363556,2000
2000-10-25,-0.03310459130194554,2000
2000-10-26,-0.017040275974388952,2000
2000-10-27,0.030497666615006525,2000
2000-10-30,0.018224457116611914,2000
2000-10-31,0.022334380933352715,2000
2000-11-01,-0.015412444006556503,2000
2000-11-02,0.0013679687536269913,2000
2000-11-03,-0.01153424944268,2000
2000-11-06,-0.010594287528915891,2000
2000-11-07,0.0074487733630970165,2000
2000-11-08,-0.006469409810799132,2000
2000-11-09,-0.024496327682124397,2000
2000-11-10,-0.023045182460726843,2000
2000-11-13,0.001952330833229876,2000
2000-11-14,0.005033206019942504,2000
2000-11-15,0.0003230471705502058,2000
2000-11-16,-0.004683358705873442,2000
2000-11-17,-0.029369008760404047,2000
2000-11-20,-0.015880848014412585,2000
2000-11-21,-0.007473938320337048,2000
2000-11-22,-0.010268760558689305,2000
2000-11-24,0.01642749663309928,2000
2000-11-27,0.003912957984264276,2000
2000-11-28,-0.011693458730716366,2000
2000-11-29,-0.009430381659881859,2000
2000-11-30,-0.017136843528757995,2000
2000-12-01,-0.0019373712079437944,2000
2000-12-04,0.0005293353403892365,2000
2000-12-05,0.025749536215468716,2000
2000-12-06,0.009800659674523038,2000
2000-12-07,-0.013451032353473669,2000
2000-12-08,0.011045507650556674,2000
2000-12-11,0.01843645901670743,2000
2000-12-12,0.01240362107905435,2000
2000-12-13,0.01854314354650155,2000
2000-12-14,-0.014304312564394905,2000
2000-12-15,-0.01928709020074204,2000
2000-12-18,-0.002060582819050749,2000
2000-12-19,-0.04298051837971262,2000
2000-12-20,-0.04059663586433382,2000
2000-12-21,-0.010833623134276271,2000
2000-12-22,0.026658085536475307,2000
2000-12-26,0.01570070649287847,2000
2000-12-27,0.006341743313402093,2000
2000-12-28,-0.001969499626684912,2000
2000-12-29,0.0023680634521068278,2000
2001-01-02,0.0,2001
2001-01-03,0.05415077634058729,2001
2001-01-04,0.017185950290772745,2001
2001-01-05,-0.02859300772290596,2001
2001-01-08,0.0009563232914089337,2001
2001-01-09,0.03055147369078015,2001
2001-01-10,0.01926987226142529,2001
2001-01-11,0.01563388288800449,2001
2001-01-12,0.0007158667322664236,2001
2001-01-16,-0.005723721613182575,2001
2001-01-17,0.00917424737421979,2001
2001-01-18,0.016221128194179757,2001
2001-01-19,-0.004911495683711631,2001
2001-01-22,-0.016745844783417563,2001
2001-01-23,0.01165305714018361,2001
2001-01-24,-0.003367260088096624,2001
2001-01-25,-0.022581803277862855,2001
2001-01-26,-0.0018188053414546212,2001
2001-01-29,0.028795025822098363,2001
2001-01-30,0.004074420170856685,2001
2001-01-31,-0.012526636871180497,2001
2001-02-01,0.010720346665160863,2001
2001-02-02,-0.0327030444447447,2001
2001-02-05,0.0054826592926966455,2001
2001-02-06,0.0005451946509149597,2001
2001-02-07,-0.01235264510123446,2001
2001-02-08,-0.0036784153409202824,2001
2001-02-09,-0.015321982738980666,2001
2001-02-12,0.009936147164619102,2001
2001-02-13,-0.006125751541473767,2001
2001-02-14,-0.020358746224695135,2001
2001-02-15,-0.0019065340578883205,2001
2001-02-16,-0.017191926385143774,2001
2001-02-20,-0.016132093509028334,2001
2001-02-21,-0.017976829532576177,2001
2001-02-22,0.006839347815941643,2001
2001-02-23,-0.002597558454946358,2001
2001-02-26,0.03125007880426467,2001
2001-02-27,-0.0038852641871354177,2001
2001-02-28,-0.017745290267646152,2001
2001-03-01,-0.02164009741908679,2001
2001-03-02,0.009740347417432682,2001
2001-03-05,0.0012057420608277969,2001
2001-03-06,0.01385019228030715,2001
2001-03-07,-0.0027718598502228797,2001
2001-03-08,0.005558682539487103,2001
2001-03-09,-0.020927706087549125,2001
2001-03-12,-0.034280765214124376,2001
2001-03-13,0.007934326353949972,2001
2001-03-14,-0.03604726325064311,2001
2001-03-15,0.02063184094984849,2001
2001-03-16,-0.021478243614862835,2001
2001-03-19,0.019367664419460473,2001
2001-03-20,-0.02871070244906171,2001
2001-03-21,-0.021734108700444454,2001
2001-03-22,-0.011997378176818008,2001
2001-03-23,0.02113788720609855,2001
2001-03-26,0.028848579510914796,2001
2001-03-27,0.036814943920650656,2001
2001-03-28,-0.04108165431842559,2001
2001-03-29,0.00796533060695337,2001
2001-03-30,0.00256310193333098,2001
2001-04-02,-0.00894763499081852,2001
2001-04-03,-0.04342211050565581,2001
2001-04-04,-0.009213653900380425,2001
2001-04-05,0.04127933459525668,2001
2001-04-06,-0.02423307830808641,2001
2001-04-09,0.018227069812057906,2001
2001-04-10,0.03781672170970607,2001
2001-04-11,0.003018413060453584,2001
2001-04-12,0.006663569783459389,2001
2001-04-16,-0.00106767313193179,2001
2001-04-17,0.013681124048744886,2001
2001-04-18,0.026360097779234204,2001
2001-04-19,0.007396607282572409,2001
2001-04-20,-0.012441040691647864,2001
2001-04-23,-0.01528305523920348,2001
2001-04-24,-0.003565429615145388,2001
2001-04-25,0.02041673264782151,2001
2001-04-26,0.0018562398141905856,2001
2001-04-27,0.011529897245294629,2001
2001-04-30,0.0002036098201079195,2001
2001-05-01,0.014651723738268174,2001
2001-05-02,0.0010027023490886133,2001
2001-05-03,-0.014225522892945985,2001
2001-05-04,0.005081482509406099,2001
2001-05-07,0.004044686720053647,2001
2001-05-08,-0.015911208029993573,2001
2001-05-09,-0.00798204679549308,2001
2001-05-10,-0.0026821514245964906,2001
2001-05-11,-0.003516658269805628,2001
2001-05-14,-0.0014533073463849355,2001
2001-05-15,-0.003534296661319547,2001
2001-05-16,0.021072469647124503,2001
2001-05-17,-0.0006133807549110193,2001
2001-05-18,0.00920095474146132,2001
2001-05-21,0.005266866466105746,2001
2001-05-22,-0.003224078564577959,2001
2001-05-23,-0.01637710116261104,2001
2001-05-24,0.0016447688590912612,2001
2001-05-25,-0.004515280335254501,2001
2001-05-29,-0.010100766126934335,2001
2001-05-30,-0.019366909051148795,2001
2001-05-31,0.01826340931191983,2001
2001-06-01,-0.0014602507008670829,2001
2001-06-04,-0.0016712196039230243,2001
2001-06-05,0.008577702746287663,2001
2001-06-06,-0.013689851357121086,2001
2001-06-07,-0.007991948116672587,2001
2001-06-08,-0.0025437220910777825,2001
2001-06-11,-0.001275104557169393,2001
2001-06-12,-0.008299511326407938,2001
2001-06-13,-0.007081646748717918,2001
2001-06-14,-0.01750618788317282,2001
2001-06-15,-0.00571938900682023,2001
2001-06-18,-0.02123913692380275,2001
2001-06-19,0.00135639479960048,2001
2001-06-20,0.008577770322613087,2001
2001-06-21,0.007162372243621373,2001
2001-06-22,0.00044410389192406363,2001
2001-06-25,-0.006663297658702549,2001
2001-06-26,0.0020128023488177327,2001
2001-06-27,0.0006692259381670951,2001
2001-06-28,0.018510170431410122,2001
2001-06-29,0.014888817559564949,2001
2001-07-02,0.010572338236515488,2001
2001-07-03,-0.0038429340700532055,2001
2001-07-05,-0.007929812100270217,2001
2001-07-06,-0.013393647711466894,2001
2001-07-09,0.012918655764596831,2001
2001-07-10,0.008863156958585527,2001
2001-07-11,-0.0032139998370961376,2001
2001-07-12,0.010532937871573944,2001
2001-07-13,-0.003190942315108969,2001
2001-07-16,-0.001280650808241579,2001
2001-07-17,0.003205450083988204,2001
2001-07-18,-0.011288634133719277,2001
2001-07-19,0.00840132956921269,2001
2001-07-20,-0.011963220434614175,2001
2001-07-23,-0.016864994802309186,2001
2001-07-24,-0.023531366323493397,2001
2001-07-25,0.022297320222312456,2001
2001-07-26,0.010134289279954078,2001
2001-07-27,0.00916029800990481,2001
2001-07-30,-0.002809679753246308,2001
2001-07-31,-0.003251300300547433,2001
2001-08-01,0.010872125192357807,2001
2001-08-02,-0.0055927687777439505,2001
2001-08-03,-0.005624223760792302,2001
2001-08-06,-0.013051672496166455,2001
2001-08-07,-0.0011019336168004434,2001
2001-08-08,-0.02074153787359101,2001
2001-08-09,-0.003605244576798672,2001
2001-08-10,0.006558124625585249,2001
2001-08-13,0.0008984807767766778,2001
2001-08-14,0.0002246410242365826,2001
2001-08-15,-0.016831244502621856,2001
2001-08-16,0.003424218860440975,2001
2001-08-17,-0.01660655462563787,2001
2001-08-20,0.008790490391412886,2001
2001-08-21,-0.008942768021943048,2001
2001-08-22,-0.008792418570938154,2001
2001-08-23,-0.005835566676143267,2001
2001-08-24,0.011739744232827753,2001
2001-08-27,-0.0064979558824717065,2001
2001-08-28,-0.0037372561386865844,2001
2001-08-29,-0.005861871632674487,2001
2001-08-30,-0.01391476981429629,2001
2001-08-31,0.004305050825579748,2001
2001-09-04,-0.0004762535670500556,2001
2001-09-05,-0.010483935208308592,2001
2001-09-06,-0.019263061521987423,2001
2001-09-07,-0.009820599509921757,2001
2001-09-10,0.02008403781701773,2001
2001-09-17,-0.018716316738161987,2001
2001-09-18,0.012632571515049928,2001
2001-09-19,-0.0009781551807960254,2001
2001-09-20,0.003918285165393387,2001
2001-09-21,-0.032195897995989875,2001
2001-09-24,0.02671378465301144,2001
2001-09-25,0.013746094963819733,2001
2001-09-26,-0.033414458114794376,2001
2001-09-27,-0.008266655956209568,2001
2001-09-28,0.014902855235525703,2001
2001-10-01,-0.004479807757662435,2001
2001-10-02,0.01449990507607346,2001
2001-10-03,0.006900201885911228,2001
2001-10-04,-0.0017129862902883763,2001
2001-10-05,-0.001226093127787986,2001
2001-10-08,0.0004906500778358858,2001
2001-10-09,-0.0031889582873146916,2001
2001-10-10,0.013044798543102365,2001
2001-10-11,-0.0058310363913518515,2001
2001-10-12,-0.007819956918437954,2001
2001-10-15,-0.00886714204731931,2001
2001-10-16,-0.005715977710992748,2001
2001-10-17,-0.011746926505304733,2001
2001-10-18,-0.017956499211777555,2001
2001-10-19,0.0033478005386065046,2001
2001-10-22,-0.012577146570683095,2001
2001-10-23,-0.017936227738154953,2001
2001-10-24,-0.006087470841945053,2001
2001-10-25,0.0007992024163996359,2001
2001-10-26,0.008248665367490693,2001
2001-10-29,-0.010293380466908864,2001
2001-10-30,-0.01919910193268415,2001
2001-10-31,-0.007884664129763297,2001
2001-11-01,0.011509749934422553,2001
2001-11-02,-0.002980265422989903,2001
2001-11-05,0.013587078169538191,2001
2001-11-06,0.0010720365328511505,2001
2001-11-07,-0.011515531363242903,2001
2001-11-08,0.009482000917720779,2001
2001-11-09,0.005636660708845609,2001
2001-11-12,-0.006405387635396553,2001
2001-11-13,0.01208729048552537,2001
2001-11-14,0.002919245887197386,2001
2001-11-15,0.021433959853767837,2001
2001-11-16,0.004404251771885415,2001
2001-11-19,0.000516035619409827,2001
2001-11-20,-0.008507130155139597,2001
2001-11-21,-0.006500259295705191,2001
2001-11-23,0.006280874665171465,2001
2001-11-26,0.005981620955813005,2001
2001-11-27,-0.011892449465829902,2001
2001-11-28,-0.010465888850280436,2001
2001-11-29,0.004759001933835938,2001
2001-11-30,-0.006578141291691542,2001
2001-12-03,-0.0013250633944119627,2001
2001-12-04,0.006896761228209591,2001
2001-12-05,0.010274050491608788,2001
2001-12-06,0.002346788006204248,2001
2001-12-07,-0.01118657468946238,2001
2001-12-10,-0.013417733811694865,2001
2001-12-11,-0.00559964752008979,2001
2001-12-12,0.0,2001
2001-12-13,-0.0005358078774388986,2001
2001-12-14,0.0018911062693938163,2001
2001-12-17,0.018608533539313576,2001
2001-12-18,0.0010588384346654767,2001
2001-12-19,0.0037028823320293114,2001
2001-12-20,0.005270003694062497,2001
2001-12-21,-0.0034075503611178393,2001
2001-12-24,0.0018412146770718785,2001
2001-12-26,0.0026254890279064913,2001
2001-12-27,0.011259478487748442,2001
2001-12-28,0.00569662625218581,2001
2001-12-29,0.0,2001
2001-12-30,0.0,2001
2001-12-31,0.0,2001
2002-01-01,0.0,2001
2002-01-02,0.0,2001
2002-01-02,0.0,2002
2002-01-03,0.007392139521420926,2002
2002-01-04,0.0010125053486358393,2002
2002-01-07,-0.00707793602104867,2002
2002-01-08,-0.0022912762684980104,2002
2002-01-09,-0.02066862122431745,2002
2002-01-10,0.0018240584245743374,2002
2002-01-11,-0.003381190492577457,2002
2002-01-14,-0.004436417156535755,2002
2002-01-15,0.0013108522121620947,2002
2002-01-16,-0.013874690263865452,2002
2002-01-17,-0.0034505064926906304,2002
2002-01-18,-0.007458910161350807,2002
2002-01-22,-0.016639924360831837,2002
2002-01-23,0.010643765869741584,2002
2002-01-24,0.004591440902119492,2002
2002-01-25,-0.008602145986029708,2002
2002-01-28,0.0024400270225906073,2002
2002-01-29,-0.02109828672070413,2002
2002-01-30,-0.006631725887051854,2002
2002-01-31,0.012239190071061667,2002
2002-02-01,-0.007969109446294809,2002
2002-02-04,-0.030193666942198272,2002
2002-02-05,-0.011711099232247446,2002
2002-02-06,-0.021965281454899288,2002
2002-02-07,0.01241148972453221,2002
2002-02-08,0.014594225342249523,2002
2002-02-11,0.003739748770273943,2002
2002-02-12,-0.0022927321781538446,2002
2002-02-13,0.004309128616236668,2002
2002-02-14,-0.01344382922295606,2002
2002-02-15,-0.017106645101000795,2002
2002-02-19,-0.019174076980817523,2002
2002-02-20,0.015338334489891858,2002
2002-02-21,-0.022808254883718848,2002
2002-02-22,0.009397541080059302,2002
2002-02-25,0.02072031955822995,2002
2002-02-26,0.003236172448645158,2002
2002-02-27,0.0038125161022108944,2002
2002-02-28,0.002628991798544922,2002
2002-03-01,0.023601688818162492,2002
2002-03-04,0.010532124583065183,2002
2002-03-05,-0.004788276641800482,2002
2002-03-06,0.02603983245732855,2002
2002-03-07,-0.008552045005974729,2002
2002-03-08,-0.003338928335993696,2002
2002-03-11,0.008096287221929899,2002
2002-03-12,-0.005538902870603102,2002
2002-03-13,-0.012252762722923083,2002
2002-03-14,-0.007612057947680606,2002
2002-03-15,0.003125053977188319,2002
2002-03-18,0.008779713966978964,2002
2002-03-19,-0.007860901902938866,2002
2002-03-20,-0.0065079793467068825,2002
2002-03-21,0.009114207152555842,2002
2002-03-22,-0.014112032802108931,2002
2002-03-25,-0.01059292531863365,2002
2002-03-26,0.0,2002
2002-03-27,-0.0031833036253261504,2002
2002-03-28,0.006966553862870928,2002
2002-04-01,-0.0014414083851724824,2002
2002-04-02,-0.006639178311714455,2002
2002-04-03,0.0014529460005563433,2002
2002-04-04,0.0,2002
2002-04-05,-0.004656771139062044,2002
2002-04-08,-0.005555811670915567,2002
2002-04-09,-0.02352194374100125,2002
2002-04-10,0.0009031418159191063,2002
2002-04-11,-0.04061369774725965,2002
2002-04-12,0.01505182051165277,2002
2002-04-15,-0.0071053620823694486,2002
2002-04-16,0.06253899255882045,2002
2002-04-17,0.0011711920597252679,2002
2002-04-18,-0.0146244648866527,2002
2002-04-19,-0.01306018804252529,2002
2002-04-22,-0.02796995631254018,2002
2002-04-23,0.0061884793036224295,2002
2002-04-24,0.00030725600272418774,2002
2002-04-25,-0.0015371488590238958,2002
2002-04-26,-0.01785737065284987,2002
2002-04-29,-0.030407309107502,2002
2002-04-30,0.013579072101792544,2002
2002-05-01,0.019138618525337492,2002
2002-05-02,-0.011267703688182307,2002
2002-05-03,-0.015194355388232772,2002
2002-05-06,-0.014786281931641776,2002
2002-05-07,-0.0003262156656232973,2002
2002-05-08,0.031331335876629396,2002
2002-05-09,-0.014872999034694967,2002
2002-05-10,-0.029232583561671688,2002
2002-05-13,0.019192977769484143,2002
2002-05-14,0.01785681413387863,2002
2002-05-15,0.0,2002
2002-05-16,0.003827737617030813,2002
2002-05-17,-0.007626145231452219,2002
2002-05-20,0.00032008736765143375,2002
2002-05-21,0.0009600246382823752,2002
2002-05-22,0.015670151952375866,2002
2002-05-23,0.013539224593466903,2002
2002-05-24,-0.011183624223180644,2002
2002-05-28,0.001885144314662135,2002
2002-05-29,-0.012229356281215464,2002
2002-05-30,-0.0047623013426115746,2002
2002-05-31,-0.0006377244034480034,2002
2002-06-03,-0.022342810734750307,2002
2002-06-04,0.005550211982813469,2002
2002-06-05,-0.006493670165509391,2002
2002-06-06,-0.03039218676597355,2002
2002-06-07,0.006403408330450278,2002
2002-06-10,-0.009042020920997706,2002
2002-06-11,-0.008786549669891786,2002
2002-06-12,0.0006817940179080217,2002
2002-06-13,-0.0010222914366467828,2002
2002-06-14,-0.01602963610639052,2002
2002-06-17,0.007278774823221701,2002
2002-06-18,0.0051615657967754025,2002
2002-06-19,-0.024306113919917105,2002
2002-06-20,-0.016140616990951928,2002
2002-06-21,0.0014265540479900807,2002
2002-06-24,-0.0067663042444198185,2002
2002-06-25,-0.016135221823821655,2002
2002-06-26,-0.018950398045380346,2002
2002-06-27,0.011515993395685875,2002
2002-06-28,0.024237958442418384,2002
2002-07-01,-0.025815682490147762,2002
2002-07-02,-0.030916491730477724,2002
2002-07-03,0.0056968188206383275,2002
2002-07-05,0.021525351746960464,2002
2002-07-08,-0.004435972093805418,2002
2002-07-09,-0.018566720591686292,2002
2002-07-10,-0.029890112682705805,2002
2002-07-11,0.03198110105604046,2002
2002-07-12,-0.007180733885524648,2002
2002-07-15,0.011800767835608905,2002
2002-07-16,-0.016553710028298196,2002
2002-07-17,-0.0034434030459217224,2002
2002-07-18,-0.01535472629781609,2002
2002-07-19,-0.04093594099103237,2002
2002-07-22,-0.04065020326608626,2002
2002-07-23,-0.06059351626201437,2002
2002-07-24,0.0491657959930587,2002
2002-07-25,0.004299054029982319,2002
2002-07-26,-0.002568110711616889,2002
2002-07-29,0.0339053847834907,2002
2002-07-30,0.0344543343877457,2002
2002-07-31,0.022872667277239245,2002
2002-08-01,-0.018830764629429786,2002
2002-08-02,-0.00439837043008795,2002
2002-08-05,-0.018473598941493252,2002
2002-08-06,0.014729896137475551,2002
2002-08-07,0.005645111297037264,2002
2002-08-08,0.015637473556606496,2002
2002-08-09,0.0003949882635625457,2002
2002-08-12,0.006708534840810243,2002
2002-08-13,-0.020383692123072894,2002
2002-08-14,0.03361313592493009,2002
2002-08-15,0.0011611825961743705,2002
2002-08-16,0.009667940709570999,2002
2002-08-19,0.020681315298311853,2002
2002-08-20,-0.010506311142969293,2002
2002-08-21,0.02161555529405179,2002
2002-08-22,0.011506873088953595,2002
2002-08-23,-0.018715767012580375,2002
2002-08-26,0.017203148298384985,2002
2002-08-27,-0.01397082657243054,2002
2002-08-28,-0.014541495254335346,2002
2002-08-29,-0.003026824921301352,2002
2002-08-30,-0.0056925787344425105,2002
2002-09-03,-0.03396972872175774,2002
2002-09-04,0.009482730247428073,2002
2002-09-05,-0.01213297028734539,2002
2002-09-06,0.014263279048254196,2002
2002-09-09,0.0007808777212101603,2002
2002-09-10,-0.003513208173182014,2002
2002-09-11,0.00900920677672623,2002
2002-09-12,-0.019021276981192936,2002
2002-09-13,0.006331276785191964,2002
2002-09-16,-0.006684707393018963,2002
2002-09-17,-0.022565662704688738,2002
2002-09-18,0.007290374571676583,2002
2002-09-19,-0.0205066484611377,2002
2002-09-20,-0.0008209852826012165,2002
2002-09-23,-0.008628010815340814,2002
2002-09-24,-0.022792975956894224,2002
2002-09-25,0.024597428235035856,2002
2002-09-26,0.020281227192239237,2002
2002-09-27,-0.021095640280934358,2002
2002-09-30,-0.005387315660530412,2002
2002-10-01,0.022083769965560274,2002
2002-10-02,-0.013860997974429856,2002
2002-10-03,0.0037208029340198845,2002
2002-10-04,-0.023476382025178433,2002
2002-10-07,-0.01729191419132803,2002
2002-10-08,-0.02575162768627315,2002
2002-10-09,-0.04933878655819901,2002
2002-10-10,0.05004615039795235,2002
2002-10-11,0.02162386521309756,2002
2002-10-14,-0.0004320895490753651,2002
2002-10-15,0.015989794999051954,2002
2002-10-16,-0.026371633642335413,2002
2002-10-17,0.02446509255495255,2002
2002-10-18,0.0,2002
2002-10-21,0.026012444401460666,2002
2002-10-22,0.007481451585054533,2002
2002-10-23,0.016501799212411017,2002
2002-10-24,0.00040569509535526294,2002
2002-10-25,0.0073024697201184985,2002
2002-10-28,0.016914780145008246,2002
2002-10-29,-0.013069086043166145,2002
2002-10-30,0.023273978987227828,2002
2002-10-31,-0.005489806721517665,2002
2002-11-01,0.018927544618998926,2002
2002-11-04,0.0178017317150585,2002
2002-11-05,0.0015211002600339363,2002
2002-11-06,0.0,2002
2002-11-07,-0.02239993827147202,2002
2002-11-08,-0.01165019157983671,2002
2002-11-11,-0.017288965872689133,2002
2002-11-12,0.0027991611671778216,2002
2002-11-13,-0.0003990123899911824,2002
2002-11-14,0.01515773717594704,2002
2002-11-15,0.020825212832455087,2002
2002-11-18,-0.004619255948261514,2002
2002-11-19,-0.006573724077302723,2002
2002-11-20,0.017905848758384524,2002
2002-11-21,0.0206500204060156,2002
2002-11-22,0.01011627568757012,2002
2002-11-25,0.007418424148242897,2002
2002-11-26,-0.022459603056416255,2002
2002-11-27,0.020339320224437074,2002
2002-11-29,0.0,2002
2002-12-02,-0.0014770636145998717,2002
2002-12-03,-0.008872508509367494,2002
2002-12-04,-0.011189491251738404,2002
2002-12-05,-0.009430066577563179,2002
2002-12-06,0.007234921744791789,2002
2002-12-09,-0.01625689156842458,2002
2002-12-10,0.011529547850137822,2002
2002-12-11,0.006838713814740549,2002
2002-12-12,0.004905423038939594,2002
2002-12-13,0.00304798556659569,2002
2002-12-16,0.015951237389370654,2002
2002-12-17,0.00373818392678138,2002
2002-12-18,-0.007821278337963533,2002
2002-12-19,-0.007507482185857728,2002
2002-12-20,0.01285944737514333,2002
2002-12-23,-0.001493470101781691,2002
2002-12-24,-0.004487674390263097,2002
2002-12-26,0.0033810292363338768,2002
2002-12-27,-0.015725023505769098,2002
2002-12-30,0.0030435936907080574,2002
2002-12-31,0.0,2002
2003-01-02,0.0,2003
2003-01-03,0.0040634796001761675,2003
2003-01-06,0.045621275007275974,2003
2003-01-07,-0.017241212388918736,2003
2003-01-08,-0.01539548969420279,2003
2003-01-09,0.0039997861361174,2003
2003-01-10,-0.0018108345503401457,2003
2003-01-13,-0.004354152277945111,2003
2003-01-14,0.009110813950664598,2003
2003-01-15,-0.007945303570092266,2003
2003-01-16,-0.007643969618186475,2003
2003-01-17,-0.01614125729209548,2003
2003-01-21,-0.014541417685433933,2003
2003-01-22,-0.0049188262321891996,2003
2003-01-23,-0.006843927396747662,2003
2003-01-24,-0.02373650534404048,2003
2003-01-27,-0.014509424947221405,2003
2003-01-28,0.014325123068435142,2003
2003-01-29,0.0074539640347710545,2003
2003-01-30,-0.011682491371957204,2003
2003-01-31,0.01024447899096681,2003
2003-02-03,0.00858021876606796,2003
2003-02-04,-0.006574014078682522,2003
2003-02-05,-0.009342107266927635,2003
2003-02-06,-0.0082511023050027,2003
2003-02-07,-0.013867185836607954,2003
2003-02-10,-0.002812679581663091,2003
2003-02-11,-0.011280979932664859,2003
2003-02-12,-0.020374782402961533,2003
2003-02-13,0.011231477178707427,2003
2003-02-14,0.016453805612910655,2003
2003-02-18,0.017401961296033663,2003
2003-02-19,-0.016706289434658128,2003
2003-02-20,-0.015776643836634907,2003
2003-02-21,0.013563480823972851,2003
2003-02-24,-0.01013790185999841,2003
2003-02-25,0.00573518296587161,2003
2003-02-26,-0.013034961400333334,2003
2003-02-27,0.004127678306707017,2003
2003-02-28,0.004520747969625871,2003
2003-03-03,0.0024552209131520897,2003
2003-03-04,-0.009387707759307196,2003
2003-03-05,0.010301076996398928,2003
2003-03-06,-0.006525627709331738,2003
2003-03-07,-0.0008211827378670211,2003
2003-03-10,-0.023007068099285988,2003
2003-03-11,-0.009251879550742803,2003
2003-03-12,0.004669594271745403,2003
2003-03-13,0.03548734330737813,2003
2003-03-14,0.004080084797566608,2003
2003-03-17,0.02559968192121831,2003
2003-03-18,0.005546414440010139,2003
2003-03-19,0.0035461332292139325,2003
2003-03-20,-0.0027486295252840964,2003
2003-03-21,0.017323437579075396,2003
2003-03-24,-0.025541920834170728,2003
2003-03-25,0.014693817758141492,2003
2003-03-26,-0.004696438541117343,2003
2003-03-27,0.0015729227369329912,2003
2003-03-28,-0.0027486295252840964,2003
2003-03-31,-0.009448601527083933,2003
2003-04-01,0.014705843403947538,2003
2003-04-02,0.019584944502798463,2003
2003-04-03,-0.007683414359010765,2003
2003-04-04,0.013198667242440676,2003
2003-04-07,0.0030649152583579475,2003
2003-04-08,-0.0057294330924567705,2003
2003-04-09,-0.010756916725538357,2003
2003-04-10,0.003107074390708897,2003
2003-04-11,-0.005032890024700976,2003
2003-04-14,0.019455300630172756,2003
2003-04-15,0.006870166984725312,2003
2003-04-16,-0.012130265968041454,2003
2003-04-17,0.007674253008662646,2003
2003-04-21,-0.004188816510554472,2003
2003-04-22,0.011854607204285994,2003
2003-04-23,0.018141078988781922,2003
2003-04-24,0.0074235711953023475,2003
2003-04-25,-0.007000779935699919,2003
2003-04-28,0.021521330818840445,2003
2003-04-29,0.003269365588893347,2003
2003-04-30,0.007964963474642817,2003
2003-05-01,-0.00359171715096529,2003
2003-05-02,0.020908350001414222,2003
2003-05-05,-0.009180835117400199,2003
2003-05-06,0.007127953328747827,2003
2003-05-07,-0.004600958697421609,2003
2003-05-08,-0.008531363565627892,2003
2003-05-09,0.015417754718705545,2003
2003-05-12,0.015536634849945274,2003
2003-05-13,-0.004172350305984729,2003
2003-05-14,0.0031428790637531012,2003
2003-05-15,0.007657080852276232,2003
2003-05-16,0.013471455935136767,2003
2003-05-19,-0.013633094928678036,2003
2003-05-20,0.0058742185363374055,2003
2003-05-21,-0.005153042558167842,2003
2003-05-22,0.01346665684604953,2003
2003-05-23,0.02453174060815222,2003
2003-05-27,0.015297597210136127,2003
2003-05-28,-0.00622307401388944,2003
2003-05-29,-0.002966565670832866,2003
2003-05-30,0.008264624459206393,2003
2003-06-02,0.010491683491052894,2003
2003-06-03,0.0022713941435383855,2003
2003-06-04,0.014243590661800809,2003
2003-06-05,-0.00031899764398823915,2003
2003-06-06,-0.014686787681693958,2003
2003-06-09,-0.006805349025869156,2003
2003-06-10,0.0,2003
2003-06-11,0.01827117498660069,2003
2003-06-12,0.008009721841957251,2003
2003-06-13,-0.01017153602602705,2003
2003-06-16,0.017020082543600212,2003
2003-06-17,-0.010104154630457107,2003
2003-06-18,0.004465783694196812,2003
2003-06-19,-0.0009530832515497467,2003
2003-06-20,0.005086142795775794,2003
2003-06-23,-0.01581295159909879,2003
2003-06-24,-0.0003210813573729654,2003
2003-06-25,-0.0025716809552761566,2003
2003-06-26,0.010312693507221526,2003
2003-06-27,-0.01084522069787175,2003
2003-06-30,-0.000644993502364466,2003
2003-07-01,0.004194679388364486,2003
2003-07-02,0.018958886293387378,2003
2003-07-03,-0.005361015179503603,2003
2003-07-07,0.00665828875046226,2003
2003-07-08,-0.0006298256048821171,2003
2003-07-09,-0.010715674846520029,2003
2003-07-10,-0.020706890762018593,2003
2003-07-11,0.008132605488295308,2003
2003-07-14,-0.0019362985382056497,2003
2003-07-15,-0.010345828278615743,2003
2003-07-16,-0.01241417969402192,2003
2003-07-17,-0.016870861319297492,2003
2003-07-18,0.010767330151792098,2003
2003-07-21,-0.02396811368818641,2003
2003-07-22,0.019440774840892683,2003
2003-07-23,-0.0063566077837659,2003
2003-07-24,0.0003365769982139888,2003
2003-07-25,0.006395336755262715,2003
2003-07-28,0.002675823876427952,2003
2003-07-29,-0.014009924059698808,2003
2003-07-30,-0.006089111693303506,2003
2003-07-31,0.0017018714383667533,2003
2003-08-01,-0.009514404508022434,2003
2003-08-04,0.00823313136908288,2003
2003-08-05,-0.019734095272996077,2003
2003-08-06,0.008677563388894471,2003
2003-08-07,-0.005505750962477296,2003
2003-08-08,0.001384020930182528,2003
2003-08-11,0.003455344235132385,2003
2003-08-12,0.012396656389332072,2003
2003-08-13,-0.006462770128836115,2003
2003-08-14,0.0023968099485593974,2003
2003-08-15,-0.0013665714154553754,2003
2003-08-18,0.00034231199087608744,2003
2003-08-19,0.0030768220483421427,2003
2003-08-20,0.0112475627005022,2003
2003-08-21,0.0047182152327232,2003
2003-08-22,-0.013753486751853172,2003
2003-08-25,-0.006122758653175353,2003
2003-08-26,0.005475972089776127,2003
2003-08-27,0.0010212396094744225,2003
2003-08-28,0.005780415920828785,2003
2003-08-29,0.003718453335613825,2003
2003-09-02,0.012462022144019702,2003
2003-09-03,0.004657786548687204,2003
2003-09-04,0.005297633215102682,2003
2003-09-05,-0.0006583791205978518,2003
2003-09-08,0.002966141724327409,2003
2003-09-09,-0.011502385255124703,2003
2003-09-10,0.0,2003
2003-09-11,-0.0013292296903345546,2003
2003-09-12,0.005659260857799664,2003
2003-09-15,-0.006951490361327584,2003
2003-09-16,0.01466694059114082,2003
2003-09-17,-0.002956960925606822,2003
2003-09-18,0.01252074093605815,2003
2003-09-19,-0.003579578155029961,2003
2003-09-22,-0.007511269424556044,2003
2003-09-23,-0.004936353224437973,2003
2003-09-24,-0.02116364907769519,2003
2003-09-25,-0.0006755730094677448,2003
2003-09-26,0.00304249609188445,2003
2003-09-29,0.005055710575092576,2003
2003-09-30,-0.0023475641514768553,2003
2003-10-01,0.012437031201855575,2003
2003-10-02,0.004979892318227153,2003
2003-10-03,0.013544549457293886,2003
2003-10-06,0.005541347301202926,2003
2003-10-07,-0.0006486167209555083,2003
2003-10-08,-0.01005424339163985,2003
2003-10-09,0.001637669071859138,2003
2003-10-10,-0.0022895491048990912,2003
2003-10-13,0.0006560596889206849,2003
2003-10-14,-0.0003279552604121827,2003
2003-10-15,-0.0019667610289438864,2003
2003-10-16,0.009852127965301216,2003
2003-10-17,-0.006178760173781606,2003
2003-10-20,0.009162244350366722,2003
2003-10-21,-0.004863422054320887,2003
2003-10-22,0.0006513692795109272,2003
2003-10-23,0.0006512244996115246,2003
2003-10-24,0.00553204996285217,2003
2003-10-27,0.0025890890422126667,2003
2003-10-28,0.005164252357353627,2003
2003-10-29,0.009955253027712718,2003
2003-10-30,0.009221084914033062,2003
2003-10-31,0.0022053540419941786,2003
2003-11-03,0.0056584122938008186,2003
2003-11-04,-0.007814694687181656,2003
2003-11-05,-0.0059863758668401434,2003
2003-11-06,-0.007923815156368863,2003
2003-11-07,0.001916847304999747,2003
2003-11-10,-0.0025509750676144805,2003
2003-11-11,-0.006073932060589593,2003
2003-11-12,0.00900570732892314,2003
2003-11-13,-0.004781323439658092,2003
2003-11-14,-0.0032033435460465665,2003
2003-11-17,-0.009639811608389559,2003
2003-11-18,-0.012654214655128171,2003
2003-11-19,0.003614938750413188,2003
2003-11-20,-0.004256697361319395,2003
2003-11-21,0.0039458935890333,2003
2003-11-24,0.013429481494526385,2003
2003-11-25,0.009373357885144484,2003
2003-11-26,0.008004590918794685,2003
2003-11-28,0.0009530457284891991,2003
2003-12-01,0.007934077604543788,2003
2003-12-02,-0.003778438694430619,2003
2003-12-03,-0.00916550941735339,2003
2003-12-04,0.008612431422864386,2003
2003-12-05,0.0,2003
2003-12-08,0.0012648978210427764,2003
2003-12-09,-0.01168652260069003,2003
2003-12-10,0.001278101008415078,2003
2003-12-11,0.01627852777729122,2003
2003-12-12,-0.0022213198633947995,2003
2003-12-15,-0.0025448331748590958,2003
2003-12-16,0.0025513258735820887,2003
2003-12-17,0.006042806343748985,2003
2003-12-18,0.011381857523547811,2003
2003-12-19,0.00031249415565626215,2003
2003-12-22,0.006562515041375949,2003
2003-12-23,0.005588518110369867,2003
2003-12-24,-0.0033961637824709845,2003
2003-12-26,0.0015488936980592172,2003
2003-12-29,0.012372249177649675,2003
2003-12-30,0.004582989979635688,2003
2003-12-31,0.0,2003
2004-01-02,0.0,2004
2004-01-05,0.017005676805423642,2004
2004-01-06,0.0032844883310962913,2004
2004-01-07,0.004166865560890631,2004
2004-01-08,0.010669751427306418,2004
2004-01-09,-0.014956097225924059,2004
2004-01-12,0.004167916441580877,2004
2004-01-13,-0.004150617016674407,2004
2004-01-14,0.005061059439010807,2004
2004-01-15,-0.006812865118555389,2004
2004-01-16,-0.00029820490517651344,2004
2004-01-20,0.006264930515822442,2004
2004-01-21,0.0065225509205355525,2004
2004-01-22,-0.0017674067032600327,2004
2004-01-23,0.002655772640220766,2004
2004-01-26,0.0008823924404322003,2004
2004-01-27,-0.009408878500008933,2004
2004-01-28,-0.009498183373484514,2004
2004-01-29,-0.0032964902814538455,2004
2004-01-30,-0.0012026304015830824,2004
2004-02-02,0.007826957052193162,2004
2004-02-03,0.0008958871189834738,2004
2004-02-04,-0.012533915486937053,2004
2004-02-05,0.001511364017406036,2004
2004-02-06,0.016294424426189336,2004
2004-02-09,0.0017816386527651495,2004
2004-02-10,0.006816588263870882,2004
2004-02-11,0.00942020545261002,2004
2004-02-12,-0.00845701187560255,2004
2004-02-13,-0.005000152251525503,2004
2004-02-17,0.01950899345847623,2004
2004-02-18,-0.010147585644128099,2004
2004-02-19,-0.01640308079138708,2004
2004-02-20,-0.004764489369217695,2004
2004-02-23,0.0032910494348723507,2004
2004-02-24,0.0020876874276039015,2004
2004-02-25,0.0,2004
2004-02-26,0.002380984853478818,2004
2004-02-27,0.007720056215726245,2004
2004-03-01,0.009722880557995639,2004
2004-03-02,0.00904572517843949,2004
2004-03-03,-0.004627014517934458,2004
2004-03-04,0.00581080822039981,2004
2004-03-05,-0.0043330968715468154,2004
2004-03-08,-0.0046413501330623275,2004
2004-03-09,-0.001165949140477296,2004
2004-03-10,-0.019550835689084445,2004
2004-03-11,-0.01249996527243713,2004
2004-03-12,0.010247132358606414,2004
2004-03-15,-0.010739781425856076,2004
2004-03-16,0.006031604648676581,2004
2004-03-17,0.015287472167537342,2004
2004-03-18,-0.0026572783639238207,2004
2004-03-19,-0.004440283153151259,2004
2004-03-22,-0.01486805081193776,2004
2004-03-23,-0.006640102499842482,2004
2004-03-24,-0.00546958381241458,2004
2004-03-25,0.010693381928850831,2004
2004-03-26,-0.0036273947314785504,2004
2004-03-29,0.009101759035750723,2004
2004-03-30,0.003307393070567821,2004
2004-03-31,0.005993584015617337,2004
2004-04-01,0.005361670389100848,2004
2004-04-02,0.003272198033890117,2004
2004-04-05,0.009783511886539697,2004
2004-04-06,0.0005869771730409035,2004
2004-04-07,-0.009096095543016713,2004
2004-04-08,0.0005923307900552732,2004
2004-04-12,-0.004734902974048216,2004
2004-04-13,-0.013678810045141043,2004
2004-04-14,-0.0036173803478943833,2004
2004-04-15,0.004235748048413646,2004
2004-04-16,0.0009038637293143914,2004
2004-04-19,0.006020486295689631,2004
2004-04-20,-0.0035906362308165685,2004
2004-04-21,0.007507654924197693,2004
2004-04-22,0.013710486352631168,2004
2004-04-23,0.0014705951803053452,2004
2004-04-26,0.007926984010766525,2004
2004-04-27,-0.0026214854817635524,2004
2004-04-28,-0.007301235720505117,2004
2004-04-29,-0.006766936413554192,2004
2004-04-30,-0.006220283133496318,2004
2004-05-03,0.00953761186982316,2004
2004-05-04,0.005905260137250901,2004
2004-05-05,0.002934955214252133,2004
2004-05-06,-0.0035118871460984025,2004
2004-05-07,-0.020851450306431984,2004
2004-05-10,-0.017396604161569185,2004
2004-05-11,0.005799629515780502,2004
2004-05-12,-0.002731406109726886,2004
2004-05-13,0.003652085315954512,2004
2004-05-14,-0.0030323407817635095,2004
2004-05-17,-0.01581464078392525,2004
2004-05-18,0.014524098604832503,2004
2004-05-19,0.00030416242904562907,2004
2004-05-20,0.003349531519922344,2004
2004-05-21,-0.0015174549652474667,2004
2004-05-24,0.0015197611343267248,2004
2004-05-25,0.011229128259675702,2004
2004-05-26,-0.005702411210534719,2004
2004-05-27,0.0084518091422352,2004
2004-05-28,-0.001496435457467915,2004
2004-06-01,-0.002098415456865954,2004
2004-06-02,0.0036046576587787094,2004
2004-06-03,-0.009877473456251007,2004
2004-06-04,0.0042322917207706645,2004
2004-06-07,0.015352507246646052,2004
2004-06-08,-0.0032612750544757096,2004
2004-06-09,-0.0020821244496023184,2004
2004-06-10,0.006855180184776932,2004
2004-06-14,-0.008584848262087497,2004
2004-06-15,0.0056732119604296916,2004
2004-06-16,0.0020786668119920915,2004
2004-06-17,0.007407426424803187,2004
2004-06-18,0.003529321306788624,2004
2004-06-21,-0.003809881523276215,2004
2004-06-22,-0.0005886211882860648,2004
2004-06-23,0.011775189092466887,2004
2004-06-24,-0.008728626149108187,2004
2004-06-25,0.002934955214252133,2004
2004-06-28,-0.0020484874461259572,2004
2004-06-29,0.002932311414273414,2004
2004-06-30,0.004971170461705254,2004
2004-07-01,-0.003492003857800019,2004
2004-07-02,0.005256083350960061,2004
2004-07-06,-0.006390001292694958,2004
2004-07-07,0.007015437830421911,2004
2004-07-08,-0.009869330142527999,2004
2004-07-09,-0.003811060942836564,2004
2004-07-12,0.00706310879781058,2004
2004-07-13,-0.00029248688518079824,2004
2004-07-14,0.003215393561540214,2004
2004-07-15,-0.0061188490378886184,2004
2004-07-16,0.0020524624189712792,2004
2004-07-19,0.0,2004
2004-07-20,0.006729011580355104,2004
2004-07-21,-0.016855645365254857,2004
2004-07-22,0.005320398007526039,2004
2004-07-23,-0.0014697252262564353,2004
2004-07-26,0.002061154191584036,2004
2004-07-27,0.01616212816662599,2004
2004-07-28,0.005783705688365837,2004
2004-07-29,0.0002871699095519098,2004
2004-07-30,-0.0005746001581107274,2004
2004-08-02,0.007190491029801516,2004
2004-08-03,-0.007995667539933637,2004
2004-08-04,-0.0008637791295048602,2004
2004-08-05,-0.011812021056219368,2004
2004-08-06,-0.008746194554169029,2004
2004-08-09,-0.003235501267739971,2004
2004-08-10,0.017114090486009426,2004
2004-08-11,0.002611022565385701,2004
2004-08-12,-0.0020255542465918985,2004
2004-08-13,0.0002901973053686113,2004
2004-08-16,0.00985484114316093,2004
2004-08-17,-0.002582868966896079,2004
2004-08-18,0.008057306456427105,2004
2004-08-19,-0.003425367033775828,2004
2004-08-20,0.0063015352383331,2004
2004-08-23,-0.003130766564361176,2004
2004-08-24,-0.0028559403922242543,2004
2004-08-25,0.0054411322997163225,2004
2004-08-26,-0.000854435646609697,2004
2004-08-27,0.0034206050806337984,2004
2004-08-30,-0.003124780670668459,2004
2004-08-31,0.008264171131948217,2004
2004-09-01,0.004239994361169508,2004
2004-09-02,0.0087249365663018,2004
2004-09-03,-0.0030695702023842975,2004
2004-09-07,0.008396449448649479,2004
2004-09-08,-0.006938623675597055,2004
2004-09-09,0.004751472091628184,2004
2004-09-10,0.005563061908522071,2004
2004-09-13,0.0035962895477266166,2004
2004-09-14,0.004134345791942717,2004
2004-09-15,-0.007136949064207254,2004
2004-09-16,0.005806061535254203,2004
2004-09-17,0.0035734364603448032,2004
2004-09-20,-0.005477965768907578,2004
2004-09-21,0.005232836974539579,2004
2004-09-22,-0.0068491588166215145,2004
2004-09-23,0.0008272733664498322,2004
2004-09-24,0.0033076397379052658,2004
2004-09-27,-0.00494481269013769,2004
2004-09-28,0.004141193373670582,2004
2004-09-29,0.0,2004
2004-09-30,0.005223971487396062,2004
2004-10-01,0.01203485852179731,2004
2004-10-04,0.008918978661279331,2004
2004-10-05,0.005089856293337247,2004
2004-10-06,0.006396650697382711,2004
2004-10-07,-0.007679869795150118,2004
2004-10-08,-0.0018684702525864072,2004
2004-10-11,0.004813050704293387,2004
2004-10-12,0.005587879019641084,2004
2004-10-13,-0.007409141464348679,2004
2004-10-14,-0.002399580188966799,2004
2004-10-15,0.007749650012526477,2004
2004-10-18,0.00503879101296234,2004
2004-10-19,-0.007915587586031836,2004
2004-10-20,-0.0002658569626589058,2004
2004-10-21,-0.0042564167838697875,2004
2004-10-22,-0.002939176393720433,2004
2004-10-25,0.01420168765800689,2004
2004-10-26,0.0063408803306521655,2004
2004-10-27,0.0021002719800613523,2004
2004-10-28,0.0,2004
2004-10-29,0.0039296318291430765,2004
2004-11-01,0.00417555324756913,2004
2004-11-02,-0.00753672028435981,2004
2004-11-03,0.009164895290119546,2004
2004-11-04,0.013751687019105008,2004
2004-11-05,0.0012801367094699145,2004
2004-11-08,0.004345582033017159,2004
2004-11-09,0.0033085556527461257,2004
2004-11-10,-0.0010145445936418085,2004
2004-11-11,0.011426989048920921,2004
2004-11-12,0.01205144155679605,2004
2004-11-15,-0.0042176094816365195,2004
2004-11-16,-0.0004980679596356952,2004
2004-11-17,-0.0017447386558274713,2004
2004-11-18,-0.001498300072661829,2004
2004-11-19,-0.009002127423897721,2004
2004-11-22,0.009336353941435949,2004
2004-11-23,0.00024990555894577327,2004
2004-11-24,0.0017496413457089854,2004
2004-11-26,0.0007484311629990525,2004
2004-11-29,-0.0024931506589477292,2004
2004-11-30,-0.008247992275463356,2004
2004-12-01,0.009324803882458932,2004
2004-12-02,0.0007489917317518024,2004
2004-12-03,0.0009980488271976728,2004
2004-12-06,0.0,2004
2004-12-07,-0.010967274851174103,2004
2004-12-08,-0.0035282782613512698,2004
2004-12-09,0.00657559556426035,2004
2004-12-10,0.0027983524235484225,2004
2004-12-13,0.010908324556623938,2004
2004-12-14,0.0027604318132485872,2004
2004-12-15,-0.0020023071559653882,2004
2004-12-16,0.0017552983462845173,2004
2004-12-17,0.0005004409816125044,2004
2004-12-20,0.0037529444560668868,2004
2004-12-21,0.007727141381193681,2004
2004-12-22,0.0002473013434503013,2004
2004-12-23,-0.0024729181652485277,2004
2004-12-27,-0.0034706681095616476,2004
2004-12-28,0.0039803959605559935,2004
2004-12-29,-0.0007433976780381046,2004
2004-12-30,0.000743950729282794,2004
2004-12-31,0.0,2004
2005-01-03,0.0,2005
2005-01-04,-0.013009862181795673,2005
2005-01-05,-0.0022813202958668066,2005
2005-01-06,0.006097643110856588,2005
2005-01-07,0.000757559545013109,2005
2005-01-10,0.0015137614823865775,2005
2005-01-11,-0.0055423849452613805,2005
2005-01-12,0.0,2005
2005-01-13,-0.004053905691904447,2005
2005-01-14,0.005342037144691725,2005
2005-01-18,0.009109433627421115,2005
2005-01-19,-0.006519662569959839,2005
2005-01-20,-0.008581621606585266,2005
2005-01-21,0.0,2005
2005-01-24,0.0,2005
2005-01-25,-0.00814682003641165,2005
2005-01-26,0.005903508802008073,2005
2005-01-27,-0.004082658766808245,2005
2005-01-28,0.0023061905723535947,2005
2005-01-31,0.00434554563164391,2005
2005-02-01,0.007380890501012205,2005
2005-02-02,0.004547865605181611,2005
2005-02-03,0.0035206664728415493,2005
2005-02-04,0.014787320639743529,2005
2005-02-07,-0.005927057171676298,2005
2005-02-08,0.0037264201090605464,2005
2005-02-09,-0.011385964736431498,2005
2005-02-10,-0.00350532189936692,2005
2005-02-11,0.00477383695676914,2005
2005-02-14,0.006001371939013733,2005
2005-02-15,-0.0004971654512868628,2005
2005-02-16,0.0034818892340404695,2005
2005-02-17,-0.008674260714300108,2005
2005-02-18,-0.004249526980900864,2005
2005-02-22,-0.014060636297508977,2005
2005-02-23,0.0076400043798707795,2005
2005-02-24,0.007075881014126928,2005
2005-02-25,0.010539613723843155,2005
2005-02-28,-0.00571146417770374,2005
2005-03-01,0.00799228953368214,2005
2005-03-02,0.0002476268063362763,2005
2005-03-03,0.0007430067399036844,2005
2005-03-04,0.008910907765790954,2005
2005-03-07,0.0022081024115419012,2005
2005-03-08,-0.00856778222828769,2005
2005-03-09,-0.010370353114203423,2005
2005-03-10,0.0007478619013627785,2005
2005-03-11,-0.0017448172505847293,2005
2005-03-14,0.008741315794330129,2005
2005-03-15,-0.007180082848938452,2005
2005-03-16,-0.006234454855040705,2005
2005-03-17,0.004015355337314341,2005
2005-03-18,-0.0005000033910914636,2005
2005-03-21,-0.0027505592097331055,2005
2005-03-22,-0.013791461033132224,2005
2005-03-23,-0.0015261571748705904,2005
2005-03-24,0.0035656613870795884,2005
2005-03-28,0.0020296156515993147,2005
2005-03-29,-0.007343088668369191,2005
2005-03-30,0.012244632802657307,2005
2005-03-31,0.00856875085087827,2005
2005-04-01,-0.0005000870510313282,2005
2005-04-04,0.0067500652557099805,2005
2005-04-05,0.006952987664692767,2005
2005-04-06,-0.0019726595014271098,2005
2005-04-07,0.007165682462011436,2005
2005-04-08,-0.005660931786647727,2005
2005-04-11,0.0027226143030367744,2005
2005-04-12,0.007652689109158173,2005
2005-04-13,-0.008329285281385101,2005
2005-04-14,-0.011116786863195949,2005
2005-04-15,-0.01948520292633571,2005
2005-04-18,0.004331228505276563,2005
2005-04-19,0.008117753344358603,2005
2005-04-20,-0.00880706818925292,2005
2005-04-21,0.012439767490973308,2005
2005-04-22,-0.000501807246956476,2005
2005-04-25,0.0060208474099217035,2005
2005-04-26,-0.0077304147070901275,2005
2005-04-27,0.010052782283877182,2005
2005-04-28,-0.004976364829740065,2005
2005-04-29,0.007001816480523226,2005
2005-05-02,-0.003725194733368853,2005
2005-05-03,-0.0049846339016301755,2005
2005-05-04,0.005761509571799106,2005
2005-05-05,-0.004981632923386492,2005
2005-05-06,-0.003504205859516385,2005
2005-05-09,0.004270197251105667,2005
2005-05-10,-0.006002880283381917,2005
2005-05-11,0.002264988822704206,2005
2005-05-12,-0.008034606626904917,2005
2005-05-13,-0.011136513101767775,2005
2005-05-16,0.006398962839299749,2005
2005-05-17,0.010427052699992112,2005
2005-05-18,0.007551027462185722,2005
2005-05-19,0.007244733092556022,2005
2005-05-20,-0.0019841900561993198,2005
2005-05-23,0.0002488141770720098,2005
2005-05-24,-0.00024875228397713833,2005
2005-05-25,-0.0009941191538621608,2005
2005-05-26,0.007960453213756047,2005
2005-05-27,0.004689049798329181,2005
2005-05-31,0.002456553391805949,2005
2005-06-01,0.005390419180727246,2005
2005-06-02,0.0048748913126932525,2005
2005-06-03,-0.0007281152614331265,2005
2005-06-06,-0.0019413047224207114,2005
2005-06-07,0.0019450807168017725,2005
2005-06-08,0.00024271359250649382,2005
2005-06-09,-0.00048490547423141184,2005
2005-06-10,0.005583967685304003,2005
2005-06-13,0.0070013050777471,2005
2005-06-14,0.0007197361858590767,2005
2005-06-15,-0.0004794457929653273,2005
2005-06-16,-0.0014384288419097002,2005
2005-06-17,0.005040904092367127,2005
2005-06-20,0.0033435153136200935,2005
2005-06-21,-0.0014281034554318728,2005
2005-06-22,0.004291231143590979,2005
2005-06-23,-0.0037981839084342273,2005
2005-06-24,-0.0016679232441989544,2005
2005-06-27,0.0011933925619942443,2005
2005-06-28,0.009296989620853235,2005
2005-06-29,0.0009445171369906191,2005
2005-06-30,0.0009438222503443949,2005
2005-07-01,0.00495068882027816,2005
2005-07-05,0.003753343721651703,2005
2005-07-06,-0.009114674632966668,2005
2005-07-07,0.00235854102777866,2005
2005-07-08,0.009176284596126294,2005
2005-07-11,0.0055959856690916965,2005
2005-07-12,0.0016229671904171017,2005
2005-07-13,0.0016204337641678723,2005
2005-07-14,-0.0030044259502771675,2005
2005-07-15,0.0,2005
2005-07-18,-0.007185953017304403,2005
2005-07-19,0.0035021469535645444,2005
2005-07-20,0.0032574567186884895,2005
2005-07-21,-0.011595600710947451,2005
2005-07-22,0.005161693351770191,2005
2005-07-25,-0.0016336626594430914,2005
2005-07-26,0.0037410580685184325,2005
2005-07-27,0.010947829990449076,2005
2005-07-28,0.012442335159482454,2005
2005-07-29,-0.0006829247780755221,2005
2005-08-01,-0.0022770554934544718,2005
2005-08-02,0.009358402805231592,2005
2005-08-03,0.005427204494215854,2005
2005-08-04,-0.0038231171386767793,2005
2005-08-05,-0.011966337646172054,2005
2005-08-08,-0.012111930802443216,2005
2005-08-09,0.008558889012638238,2005
2005-08-10,0.0002294485579958927,2005
2005-08-11,0.006191113522546088,2005
2005-08-12,-0.007520357142755563,2005
2005-08-15,0.0036737669704012266,2005
2005-08-16,-0.009379813470018816,2005
2005-08-17,0.0023092291126631803,2005
2005-08-18,-0.0018434722710166662,2005
2005-08-19,0.0039244934152775635,2005
2005-08-22,0.005288464298631945,2005
2005-08-23,0.0029733120543256053,2005
2005-08-24,-0.007981405601608094,2005
2005-08-25,0.002987966246714935,2005
2005-08-26,-0.0045834335606721455,2005
2005-08-29,0.003914264658945621,2005
2005-08-30,0.0006875821180545305,2005
2005-08-31,0.011002148123830047,2005
2005-09-01,0.004987051703561951,2005
2005-09-02,-0.004285763099575068,2005
2005-09-06,0.012007194832647672,2005
2005-09-07,-0.0006714849375158982,2005
2005-09-08,-0.00873666125674799,2005
2005-09-09,0.008813663246967751,2005
2005-09-12,-0.0031360437616118064,2005
2005-09-13,-0.006966710552856581,2005
2005-09-14,-0.00022582015185890203,2005
2005-09-15,0.004526748118431012,2005
2005-09-16,0.008337200441342674,2005
2005-09-19,-0.0037989909467905925,2005
2005-09-20,-0.007850987865721692,2005
2005-09-21,-0.01153077624082599,2005
2005-09-22,-0.0006861709008141315,2005
2005-09-23,0.0020599261638341027,2005
2005-09-26,0.003883068057202621,2005
2005-09-27,-0.00022752667520653524,2005
2005-09-28,0.012289331296271078,2005
2005-09-29,0.0044964995468603774,2005
2005-09-30,0.00447665095655414,2005
2005-10-03,0.007575787078324181,2005
2005-10-04,-0.009951788003412343,2005
2005-10-05,-0.021219231621512735,2005
2005-10-06,-0.014833769888820347,2005
2005-10-07,0.005327955766168291,2005
2005-10-10,-0.010598958772803257,2005
2005-10-11,-0.0048908325889722715,2005
2005-10-12,-0.012637236461293333,2005
2005-10-13,-0.01611792476651297,2005
2005-10-14,0.010841045155349116,2005
2005-10-17,0.0035748596699478608,2005
2005-10-18,-0.01591078143326785,2005
2005-10-19,0.006274204843951248,2005
2005-10-20,-0.018464951699050602,2005
2005-10-21,0.016857804064832616,2005
2005-10-24,0.021383913796844345,2005
2005-10-25,0.0035285096630457424,2005
2005-10-26,-0.01031419495042929,2005
2005-10-27,-0.008052794142447528,2005
2005-10-28,0.02005749222225428,2005
2005-10-31,0.008894849981901043,2005
2005-11-01,-0.0111369537211089,2005
2005-11-02,0.008212135491106443,2005
2005-11-03,-0.004421599626027839,2005
2005-11-04,0.0025709506505877666,2005
2005-11-07,-0.0023310138653847012,2005
2005-11-08,0.0,2005
2005-11-09,0.00420630909408648,2005
2005-11-10,0.00023261892594161893,2005
2005-11-11,-0.0030245046064198977,2005
2005-11-14,0.0007001024078221452,2005
2005-11-15,-0.003264470645869877,2005
2005-11-16,0.003743195650201203,2005
2005-11-17,0.01655016581982438,2005
2005-11-18,0.00412759986022504,2005
2005-11-21,0.0031964408473132977,2005
2005-11-22,0.004325070879895865,2005
2005-11-23,0.004080078111736274,2005
2005-11-25,0.00496650887238248,2005
2005-11-28,0.0002241461485232854,2005
2005-11-29,0.0013473790449756162,2005
2005-11-30,-0.006951904646047891,2005
2005-12-01,0.01106562330192129,2005
2005-12-02,-0.003638535967269596,2005
2005-12-05,0.0013691188690159173,2005
2005-12-06,-0.0006834371485168189,2005
2005-12-07,-0.004562098319110697,2005
2005-12-08,0.004124574686306781,2005
2005-12-09,0.00821563797246494,2005
2005-12-12,-0.005432738375075852,2005
2005-12-13,0.0072830639672734065,2005
2005-12-14,0.0011295169597451693,2005
2005-12-15,0.002708446323618885,2005
2005-12-16,-0.00045055636075563843,2005
2005-12-19,-0.010583276106454376,2005
2005-12-20,-0.0034132299120452902,2005
2005-12-21,-0.008221170533779243,2005
2005-12-22,0.004604695922184154,2005
2005-12-23,-0.00045797492275834184,2005
2005-12-27,-0.003210573431019381,2005
2005-12-28,-0.0036804809277075634,2005
2005-12-29,-0.0006926512159520781,2005
2005-12-30,-0.00415897674931609,2005
2006-01-03,0.0,2006
2006-01-04,0.00665038293448883,2006
2006-01-05,-0.00318973683414292,2006
2006-01-06,0.010055231766171513,2006
2006-01-09,-0.00045234622239587186,2006
2006-01-10,-0.0022634022190721748,2006
2006-01-11,0.0036299185396211353,2006
2006-01-12,-0.00248676245663082,2006
2006-01-13,0.007477866836679725,2006
2006-01-17,-0.0020242057129851165,2006
2006-01-18,0.0018030049037791596,2006
2006-01-19,0.006074258716179282,2006
2006-01-20,-0.009168194577241162,2006
2006-01-23,-0.0006770193439369354,2006
2006-01-24,0.005193967307532521,2006
2006-01-25,0.0015729199923639747,2006
2006-01-26,0.003589023280153425,2006
2006-01-27,0.007823254376989386,2006
2006-01-30,-0.003548790567787452,2006
2006-01-31,-0.0015580343697215726,2006
2006-02-01,0.007356181472823353,2006
2006-02-02,-0.007966117974263054,2006
2006-02-03,-0.000669348619498078,2006
2006-02-06,0.0026786404198464453,2006
2006-02-07,-0.005342968947109172,2006
2006-02-08,0.007385817032283359,2006
2006-02-09,0.0015553561128973659,2006
2006-02-10,0.005101884934063161,2006
2006-02-13,-0.004854994648808009,2006
2006-02-14,0.013528132495190803,2006
2006-02-15,0.0054706154856041245,2006
2006-02-16,0.011751938621590075,2006
2006-02-17,0.007313119069414897,2006
2006-02-21,-0.0006405006569953908,2006
2006-02-22,-0.0029913845087082835,2006
2006-02-23,-0.001714428713689653,2006
2006-02-24,-0.0017176362531453604,2006
2006-02-27,0.007527324587285555,2006
2006-02-28,-0.008751628264686007,2006
2006-03-01,0.007321256911696938,2006
2006-03-02,0.0014966809782253065,2006
2006-03-03,-0.004696276512406228,2006
2006-03-06,0.0027879911896357967,2006
2006-03-07,-0.011762593785789255,2006
2006-03-08,0.003029932635340904,2006
2006-03-09,0.00021594634584221062,2006
2006-03-10,0.009059501487627575,2006
2006-03-13,0.0017100307504993584,2006
2006-03-14,0.010030032533936861,2006
2006-03-15,0.0029578865143551347,2006
2006-03-16,0.005687991720922048,2006
2006-03-17,-0.006074625338747919,2006
2006-03-20,-0.00864070819388374,2006
2006-03-21,-0.005952504037930018,2006
2006-03-22,0.008340195290679642,2006
2006-03-23,0.0008484360968472604,2006
2006-03-24,0.0029670090214117817,2006
2006-03-27,-0.002113022800440012,2006
2006-03-28,-0.005293310128264728,2006
2006-03-29,0.007024316641968786,2006
2006-03-30,-0.009088890751032142,2006
2006-03-31,-0.002773036129327,2006
2006-04-03,0.0006417714255140261,2006
2006-04-04,0.007695356794294783,2006
2006-04-05,0.004243253511291956,2006
2006-04-06,-0.009083903536004745,2006
2006-04-07,-0.009818521794731194,2006
2006-04-10,-0.0010776850044988961,2006
2006-04-11,-0.012731864604266008,2006
2006-04-12,0.0015303822315422266,2006
2006-04-13,-0.002837566447141948,2006
2006-04-17,-0.0035017296920537566,2006
2006-04-18,0.01801008999665954,2006
2006-04-19,-0.005178107925933428,2006
2006-04-20,-0.0023856932058732294,2006
2006-04-21,-0.0004347996997574599,2006
2006-04-24,0.0026099329966282614,2006
2006-04-25,-0.0017354259855426601,2006
2006-04-26,0.0019557482901393364,2006
2006-04-27,0.009542595777615182,2006
2006-04-28,-0.0015039057619030682,2006
2006-05-01,-0.00021533036261733862,2006
2006-05-02,0.007101547322011514,2006
2006-05-03,-0.005341740662965111,2006
2006-05-04,0.000859149242325552,2006
2006-05-05,0.007727107421406698,2006
2006-05-08,0.0017040068765370453,2006
2006-05-09,-0.0025518358472269576,2006
2006-05-10,-0.001918468733388634,2006
2006-05-11,-0.009184381677756148,2006
2006-05-12,-0.009915881089320622,2006
2006-05-15,0.0021772230599195197,2006
2006-05-16,0.00021770155750178155,2006
2006-05-17,-0.02128613491491227,2006
2006-05-18,-0.0017751178588215621,2006
2006-05-19,0.010448769296288463,2006
2006-05-22,-0.005060704656647541,2006
2006-05-23,-0.001990348300120681,2006
2006-05-24,0.001994317686938807,2006
2006-05-25,0.008182723542065284,2006
2006-05-26,0.011844447836735439,2006
2006-05-30,-0.01452412075770737,2006
2006-05-31,0.013418466151112085,2006
2006-06-01,0.020837960826313395,2006
2006-06-02,0.002976678935186161,2006
2006-06-05,-0.009327894866460351,2006
2006-06-06,0.0049218218471169806,2006
2006-06-07,-0.0036201568917186844,2006
2006-06-08,-0.0017100957236615422,2006
2006-06-09,0.003211780174208867,2006
2006-06-12,-0.007042354122540173,2006
2006-06-13,-0.00601794620139795,2006
2006-06-14,0.00021657776593597688,2006
2006-06-15,0.016861260624372987,2006
2006-06-16,0.0019133400148381163,2006
2006-06-19,-0.011457856994387838,2006
2006-06-20,0.0015021767369718386,2006
2006-06-21,0.0021431603843113933,2006
2006-06-22,-0.005773782733349275,2006
2006-06-23,0.0015054955812778825,2006
2006-06-26,0.0021475876743879407,2006
2006-06-27,-0.002357047773169807,2006
2006-06-28,0.006874158486641635,2006
2006-06-29,0.013654628266871027,2006
2006-06-30,0.005472833350459005,2006
2006-07-03,0.006070565528569771,2006
2006-07-05,-0.006242102461322729,2006
2006-07-06,0.0006279943613831662,2006
2006-07-07,-0.0014644574819633327,2006
2006-07-10,0.0006286917463635966,2006
2006-07-11,0.00125633703512662,2006
2006-07-12,-0.007529929801875501,2006
2006-07-13,-0.012855282670409696,2006
2006-07-14,0.0008539170864720891,2006
2006-07-17,0.004052797908116412,2006
2006-07-18,0.002124491802985906,2006
2006-07-19,0.015899519893999736,2006
2006-07-20,-0.0018776081913904896,2006
2006-07-21,-0.001881737612726142,2006
2006-07-24,0.014662645522858009,2006
2006-07-25,0.013831412023002532,2006
2006-07-26,0.006516157575665815,2006
2006-07-27,0.0020229769487316585,2006
2006-07-28,0.007268360114827566,2006
2006-07-31,-0.004610486615295617,2006
2006-08-01,0.002014265894769718,2006
2006-08-02,0.011454609959620887,2006
2006-08-03,-0.010927981450670754,2006
2006-08-04,-0.004821075502604688,2006
2006-08-07,-0.007469005686249197,2006
2006-08-08,0.0030511765022800397,2006
2006-08-09,-0.00040569636763543304,2006
2006-08-10,-0.001014072995040749,2006
2006-08-11,-0.0010152681410183773,2006
2006-08-14,-0.0006101947911018035,2006
2006-08-15,0.009355751407521762,2006
2006-08-16,-0.005238889719557882,2006
2006-08-17,-0.0020256011178011457,2006
2006-08-18,0.00771299036715023,2006
2006-08-21,0.0004026710126854294,2006
2006-08-22,0.005033251774186676,2006
2006-08-23,-0.0038061567359137793,2006
2006-08-24,0.0014073278393429423,2006
2006-08-25,0.001405841833449939,2006
2006-08-28,0.007619946551188139,2006
2006-08-29,0.005174006595363823,2006
2006-08-30,-0.0015837452366627147,2006
2006-08-31,0.004560793734161628,2006
2006-09-01,0.0025659051108211095,2006
2006-09-05,-0.0007876679219044336,2006
2006-09-06,-0.005320165427249224,2006
2006-09-07,-0.002773161367572219,2006
2006-09-08,-0.0007948711150096432,2006
2006-09-11,0.0005965261420624035,2006
2006-09-12,0.0043714845424283055,2006
2006-09-13,0.0021759866772899095,2006
2006-09-14,0.002960709326202071,2006
2006-09-15,0.000393558430975105,2006
2006-09-18,-0.0045247437134923185,2006
2006-09-19,0.0015810896514940609,2006
2006-09-20,0.007892646604243492,2006
2006-09-21,-0.0021531695022658504,2006
2006-09-22,0.0035311457804874102,2006
2006-09-25,0.013489865623238728,2006
2006-09-26,0.0015430339305264607,2006
2006-09-27,-0.006356102928788521,2006
2006-09-28,-0.005621149434308803,2006
2006-09-29,0.0011696366153868265,2006
2006-10-02,-0.004477971590530649,2006
2006-10-03,0.004498114017311261,2006
2006-10-04,0.005451768482868546,2006
2006-10-05,-0.0027107877575307526,2006
2006-10-06,-0.005437025526414341,2006
2006-10-09,0.0007805769814661634,2006
2006-10-10,0.006437783106741701,2006
2006-10-11,0.0019385947616956667,2006
2006-10-12,0.0025150127681377032,2006
2006-10-13,-0.001158135744095734,2006
2006-10-16,0.004637125710725831,2006
2006-10-17,0.006346166435705181,2006
2006-10-18,0.008408039437928005,2006
2006-10-19,0.004737416657597304,2006
2006-10-20,0.005469618316920055,2006
2006-10-23,0.002813918310230923,2006
2006-10-24,-0.00018691036479823175,2006
2006-10-25,0.00972879260900128,2006
2006-10-26,-0.0016681118442671838,2006
2006-10-27,-0.005567769708044956,2006
2006-10-30,0.0,2006
2006-10-31,0.0007467289281049005,2006
2006-11-01,0.0037297929582762457,2006
2006-11-02,-0.004644992462106923,2006
2006-11-03,-0.004106860824971692,2006
2006-11-06,-0.0007498716358395052,2006
2006-11-07,-0.0018755882269168023,2006
2006-11-08,0.010336347052840145,2006
2006-11-09,0.000744000843084569,2006
2006-11-10,0.005947961087617193,2006
2006-11-13,0.0024020128396968765,2006
2006-11-14,0.0027651607948038226,2006
2006-11-15,-0.002022212903130427,2006
2006-11-16,0.002762973018815451,2006
2006-11-17,0.0005513869135356231,2006
2006-11-20,-0.0012853109239213678,2006
2006-11-21,0.001470195526100726,2006
2006-11-22,0.0036712918255561444,2006
2006-11-24,0.002194747505873673,2006
2006-11-27,-0.010583908576791479,2006
2006-11-28,0.006639348822411906,2006
2006-11-29,0.015940008259311966,2006
2006-11-30,0.0014427978146325238,2006
2006-12-01,0.004731659810632172,2006
2006-12-04,0.010867465846027047,2006
2006-12-05,0.0026875860519675054,2006
2006-12-06,-0.005181976195664517,2006
2006-12-07,-0.005389196531794371,2006
2006-12-08,-0.0012643437766193255,2006
2006-12-11,0.003797760055627819,2006
2006-12-12,0.0028824940187557324,2006
2006-12-13,0.0035925800216998205,2006
2006-12-14,0.0025059844539752074,2006
2006-12-15,-0.0017857822798013068,2006
2006-12-18,-0.007691091215287105,2006
2006-12-19,0.004686750688670305,2006
2006-12-20,-0.0030500936818110835,2006
2006-12-21,-0.0026994115997942547,2006
2006-12-22,-0.001804211527494104,2006
2006-12-26,0.0050614343541726114,2006
2006-12-27,0.0025181542408156954,2006
2006-12-28,-0.003947201371835685,2006
2006-12-29,-0.001980876120817765,2006
2006-12-30,0.0,2006
2007-01-03,0.0,2007
2007-01-04,-0.001436701875111801,2007
2007-01-05,-0.016366514495933182,2007
2007-01-08,-0.0029260076347396025,2007
2007-01-09,0.0009169403451010361,2007
2007-01-10,0.0012823480586281466,2007
2007-01-11,-0.00018277846924330543,2007
2007-01-12,-0.004026148974165089,2007
2007-01-16,0.002572310179770776,2007
2007-01-17,0.000916510213388344,2007
2007-01-18,-0.0014649996227850126,2007
2007-01-19,0.004218118175307151,2007
2007-01-22,-0.0009132363507455832,2007
2007-01-23,0.00402121891209517,2007
2007-01-24,0.006007706977494864,2007
2007-01-25,-0.005609869874175,2007
2007-01-26,0.0018196429853847285,2007
2007-01-29,0.0005453049187795767,2007
2007-01-30,0.00472012474751593,2007
2007-01-31,0.0019878299699216395,2007
2007-02-01,0.007574461296733892,2007
2007-02-02,0.00340071578491985,2007
2007-02-05,0.011594821489853135,2007
2007-02-06,0.006877039566731025,2007
2007-02-07,0.001751127409851616,2007
2007-02-08,0.004195994707288708,2007
2007-02-09,-0.000522193468531218,2007
2007-02-12,-0.0015678913855466936,2007
2007-02-13,0.007676375681837211,2007
2007-02-14,0.0058864302733256935,2007
2007-02-15,-0.005163588007494946,2007
2007-02-16,0.0005190109511521435,2007
2007-02-20,0.004496017660267304,2007
2007-02-21,-0.0034431932563225853,2007
2007-02-22,0.002763848564933058,2007
2007-02-23,0.008613255916916751,2007
2007-02-26,0.023569583823051188,2007
2007-02-27,-0.0266974783187498,2007
2007-02-28,-0.00102872857499281,2007
2007-03-01,0.003775542550115585,2007
2007-03-02,-0.014874518135746917,2007
2007-03-05,-0.014577916943327884,2007
2007-03-06,0.014969711649784001,2007
2007-03-07,0.0019087709264624664,2007
2007-03-08,0.002597751641931545,2007
2007-03-09,0.0019004773102000438,2007
2007-03-12,0.01034456319183219,2007
2007-03-13,-0.01382240339774643,2007
2007-03-14,0.006056292134564378,2007
2007-03-15,0.011696263548274466,2007
2007-03-16,-0.0051006558584512085,2007
2007-03-19,0.009569398135567564,2007
2007-03-20,0.011510031650108665,2007
2007-03-21,0.012047790490417709,2007
2007-03-22,0.0009922923368825831,2007
2007-03-23,0.004625150817959778,2007
2007-03-26,0.003945983125720476,2007
2007-03-27,0.0,2007
2007-03-28,-0.0004915655267232477,2007
2007-03-29,0.002949321480012257,2007
2007-03-30,-0.00522761436808683,2007
2007-04-02,0.017736876878948538,2007
2007-04-03,0.0,2007
2007-04-04,-0.0017748314431562662,2007
2007-04-05,0.002747750712500663,2007
2007-04-09,0.010317862280992962,2007
2007-04-10,0.0027124945869021477,2007
2007-04-11,-0.004137310075472023,2007
2007-04-12,-0.0033561547727066765,2007
2007-04-13,-0.00032134541795891813,2007
2007-04-16,0.007235057784973575,2007
2007-04-17,0.007182508879409966,2007
2007-04-18,0.0019019493512113517,2007
2007-04-19,-0.0037963589295699762,2007
2007-04-20,0.0074628546333883605,2007
2007-04-23,0.0074070649463870986,2007
2007-04-24,0.004693623439976591,2007
2007-04-25,0.0068514990889514404,2007
2007-04-26,-0.007114343806586154,2007
2007-04-27,-0.006230514148437005,2007
2007-04-30,-0.009090756938872069,2007
2007-05-01,0.01028145753719345,2007
2007-05-02,0.006576064402480597,2007
2007-05-03,-0.0010889339515867125,2007
2007-05-04,0.0026470602998680537,2007
2007-05-07,0.007765270651797662,2007
2007-05-08,-0.005394140421148719,2007
2007-05-09,0.0035637561856589617,2007
2007-05-10,-0.01018932859363808,2007
2007-05-11,0.008734923762058644,2007
2007-05-14,0.0029376870518396103,2007
2007-05-15,0.002158480450636935,2007
2007-05-16,0.004769313332324554,2007
2007-05-17,-0.00290920860493471,2007
2007-05-18,0.0053747795237124585,2007
2007-05-21,0.0027492173294796363,2007
2007-05-22,-0.003807994394498748,2007
2007-05-23,-0.010244524452814985,2007
2007-05-24,-0.026417604307701903,2007
2007-05-25,-0.0004762827007972481,2007
2007-05-29,0.006350711361297723,2007
2007-05-30,0.012304837513100075,2007
2007-05-31,0.002493018173940431,2007
2007-06-01,-0.0035752008913010336,2007
2007-06-04,-0.002652204417440629,2007
2007-06-05,-0.014390974547117574,2007
2007-06-06,-0.016028703008847067,2007
2007-06-07,-0.033871181793048044,2007
2007-06-08,0.011686197590391911,2007
2007-06-11,0.01056100177049557,2007
2007-06-12,-0.013879937673882514,2007
2007-06-13,0.01871166638887356,2007
2007-06-14,0.0056894959780540155,2007
2007-06-15,0.01600113426223526,2007
2007-06-18,-0.009545348981289448,2007
2007-06-19,0.0012852678494574832,2007
2007-06-20,-0.026948869160221323,2007
2007-06-21,0.007418469177738141,2007
2007-06-22,-0.016527974702131965,2007
2007-06-25,0.005158629430563444,2007
2007-06-26,-0.004469740952328105,2007
2007-06-27,0.014466671754281846,2007
2007-06-28,-0.0018033755915211058,2007
2007-06-29,0.003283964364887648,2007
2007-07-02,0.02291329807909559,2007
2007-07-03,-0.0003200991101631745,2007
2007-07-05,-0.0036814478349340707,2007
2007-07-06,-0.003855193150627101,2007
2007-07-09,0.0035479394854083246,2007
2007-07-10,-0.0152661123735367,2007
2007-07-11,0.006201190724884009,2007
2007-07-12,0.016217961222308563,2007
2007-07-13,0.014682523963173377,2007
2007-07-16,-0.015256372628954074,2007
2007-07-17,0.0003196010637322999,2007
2007-07-18,0.007823671063540871,2007
2007-07-19,0.021387718404403788,2007
2007-07-20,-0.018148001687279258,2007
2007-07-23,0.003633502574261538,2007
2007-07-24,-0.04029603385418645,2007
2007-07-25,-0.0031161616311818907,2007
2007-07-26,-0.035373460185929906,2007
2007-07-27,-0.0177384224425019,2007
2007-07-30,0.011634034039749164,2007
2007-07-31,-0.0030895175787809537,2007
2007-08-01,0.022382772515803895,2007
2007-08-02,0.009767434253987073,2007
2007-08-03,-0.03535697386754,2007
2007-08-06,0.026798114102287274,2007
2007-08-07,0.017175113644073647,2007
2007-08-08,0.011421581863141128,2007
2007-08-09,-0.027987035606445998,2007
2007-08-10,-0.009597394667209436,2007
2007-08-13,0.008160208319974993,2007
2007-08-14,-0.018886482621773726,2007
2007-08-15,-0.01289110382868508,2007
2007-08-16,-0.010795725070524065,2007
2007-08-17,0.025875258596188777,2007
2007-08-20,0.0,2007
2007-08-21,0.004804429790880249,2007
2007-08-22,0.014515362812509203,2007
2007-08-23,0.0037029380421877978,2007
2007-08-24,0.01257770686399029,2007
2007-08-27,-0.031136233928269252,2007
2007-08-28,-0.015213323975837412,2007
2007-08-29,0.02360655118533206,2007
2007-08-30,-0.006104435266453434,2007
2007-08-31,0.005629739976096948,2007
2007-09-04,0.019851211284856785,2007
2007-09-05,-0.010314466268870448,2007
2007-09-06,0.01311123996965291,2007
2007-09-07,-0.017587423155893567,2007
2007-09-10,-0.0005064538154203602,2007
2007-09-11,0.011321322030826364,2007
2007-09-12,0.0031741385202506134,2007
2007-09-13,0.002165592527940685,2007
2007-09-14,0.004154942301322739,2007
2007-09-17,-0.005958336262161246,2007
2007-09-18,0.022144637480452367,2007
2007-09-19,0.015148715641667865,2007
2007-09-20,-0.00914610471502697,2007
2007-09-21,0.00469634234736982,2007
2007-09-24,0.0037074919225998926,2007
2007-09-25,-0.0024089306507905084,2007
2007-09-26,0.006761124658629214,2007
2007-09-27,-0.00559670082974717,2007
2007-09-28,-0.013346023159689024,2007
2007-10-01,0.017274930464827642,2007
2007-10-02,-0.0032041901066725,2007
2007-10-03,-0.0020890687524973695,2007
2007-10-04,0.009824212645641373,2007
2007-10-05,0.008293652614505875,2007
2007-10-08,-0.0034801603390087754,2007
2007-10-09,0.015238276151981811,2007
2007-10-10,-0.0051593401034224495,2007
2007-10-11,0.00644337478094692,2007
2007-10-12,0.004528343533206636,2007
2007-10-15,-0.012902242201789593,2007
2007-10-16,-0.003464434561269214,2007
2007-10-17,-0.0006320522844652787,2007
2007-10-18,0.0012649040544279178,2007
2007-10-19,-0.02511059496486101,2007
2007-10-22,0.006479749932880585,2007
2007-10-23,0.0003223296978824841,2007
2007-10-24,0.003056801542275389,2007
2007-10-25,0.018768462230222216,2007
2007-10-26,0.015272738946756403,2007
2007-10-29,0.008840220312165803,2007
2007-10-30,0.0,2007
2007-10-31,0.014758048140986135,2007
2007-11-01,-0.02075489953402887,2007
2007-11-02,0.01005559811768042,2007
2007-11-05,0.009496445182102908,2007
2007-11-06,0.004551603114832048,2007
2007-11-07,-0.02567591787625567,2007
2007-11-08,0.01302095923396207,2007
2007-11-09,-0.01468993522118578,2007
2007-11-12,-0.02050016933806964,2007
2007-11-13,0.007452142109921622,2007
2007-11-14,0.0006295928554655994,2007
2007-11-15,0.0007864958971341984,2007
2007-11-16,0.002514492353016262,2007
2007-11-19,0.00031368900672257283,2007
2007-11-20,0.010499603054622941,2007
2007-11-21,-0.017369733404831833,2007
2007-11-23,0.002998934957084476,2007
2007-11-26,-0.005192815732016243,2007
2007-11-27,0.006485353555086171,2007
2007-11-28,0.016816075273035525,2007
2007-11-29,0.001081410586887488,2007
2007-11-30,0.006021710607763797,2007
2007-12-03,0.005217870746604847,2007
2007-12-04,0.006870233797603209,2007
2007-12-05,0.015769394795142944,2007
2007-12-06,-0.0010450452141151922,2007
2007-12-07,0.005466184931559592,2007
2007-12-10,0.0006041252146522513,2007
2007-12-11,-0.02097786333312046,2007
2007-12-12,0.002158196592734196,2007
2007-12-13,0.008306388556472033,2007
2007-12-14,-0.013577420255667771,2007
2007-12-17,-0.01314578764607277,2007
2007-12-18,0.01332090138695996,2007
2007-12-19,-0.002629231125607201,2007
2007-12-20,0.0015508898292655449,2007
2007-12-21,0.007740906552989202,2007
2007-12-24,0.00046065519656957044,2007
2007-12-26,-0.0046068667952935405,2007
2007-12-27,-0.006479341180921527,2007
2007-12-28,0.006211367152884062,2007
2007-12-29,0.0,2007
2007-12-30,0.0,2007
2008-01-02,0.0,2008
2008-01-03,0.0011020048294365647,2008
2008-01-04,0.0,2008
2008-01-07,0.0202925338796327,2008
2008-01-08,-0.00030802952510078363,2008
2008-01-09,0.008945149630253724,2008
2008-01-10,-0.0025986259755303998,2008
2008-01-11,-0.005823777255349216,2008
2008-01-14,0.002004022227028557,2008
2008-01-15,-0.013692367049879639,2008
2008-01-16,-0.019653722455153066,2008
2008-01-17,-0.0402543473060889,2008
2008-01-18,-0.01442349002938248,2008
2008-01-22,-0.033809694669946655,2008
2008-01-23,0.03098857827174961,2008
2008-01-24,-0.022458521033991596,2008
2008-01-25,-0.013473653290584031,2008
2008-01-28,0.014533357895959664,2008
2008-01-29,0.005350026439740807,2008
2008-01-30,-0.0029181518453341715,2008
2008-01-31,0.02324359367836082,2008
2008-02-01,0.016489851936847932,2008
2008-02-04,0.015229465721114721,2008
2008-02-05,-0.031305892814986636,2008
2008-02-06,-0.0037030910868158795,2008
2008-02-07,-0.0028722095867481645,2008
2008-02-08,-0.007116143396850627,2008
2008-02-11,0.011092161256957667,2008
2008-02-12,0.009282761082800794,2008
2008-02-13,0.002508353330529456,2008
2008-02-14,-0.00850719490252283,2008
2008-02-15,0.006897535445056668,2008
2008-02-19,-0.00050131796399977,2008
2008-02-20,-0.0013370543781852096,2008
2008-02-21,-0.016739173856812783,2008
2008-02-22,0.011235717628492292,2008
2008-02-25,0.0023572739047594826,2008
2008-02-26,0.009405255823011771,2008
2008-02-27,-0.018302816651878606,2008
2008-02-28,-0.003389932126750095,2008
2008-02-29,-0.029081411469164875,2008
2008-03-03,0.012261117329169569,2008
2008-03-04,0.015919913564730992,2008
2008-03-05,0.0027252060689701985,2008
2008-03-06,-0.020723675923190243,2008
2008-03-07,-0.0055506284353937785,2008
2008-03-10,-0.008721594000205113,2008
2008-03-11,0.02920985927041131,2008
2008-03-12,-0.011796717831225823,2008
2008-03-13,0.003633138000308511,2008
2008-03-14,-0.010343012720675171,2008
2008-03-17,-0.013934926686474225,2008
2008-03-18,0.01607494340884097,2008
2008-03-19,-0.020862451826725303,2008
2008-03-20,-0.002840783468999075,2008
2008-03-24,0.0003562419629306035,2008
2008-03-25,0.004805612684558591,2008
2008-03-26,0.006908960320475499,2008
2008-03-27,0.007741329986696632,2008
2008-03-28,-0.008380206968161663,2008
2008-03-31,0.00933121433342432,2008
2008-04-01,0.0237221186682135,2008
2008-04-02,0.0037484528408875395,2008
2008-04-03,-0.004243704318129482,2008
2008-04-04,0.006818958797107255,2008
2008-04-07,0.0013544611001350404,2008
2008-04-08,0.00625641211331196,2008
2008-04-09,0.0010080309956703726,2008
2008-04-10,-0.005371528085205246,2008
2008-04-11,-0.0013501175730733506,2008
2008-04-14,0.003886802197396344,2008
2008-04-15,0.008249156821770631,2008
2008-04-16,0.025045978080829423,2008
2008-04-17,0.0030951728674879497,2008
2008-04-18,0.004222050952598533,2008
2008-04-21,-0.0050128786432042105,2008
2008-04-22,-0.0029254576429297297,2008
2008-04-23,0.008802058528013967,2008
2008-04-24,-0.008240336615610633,2008
2008-04-25,-0.0013037180418192795,2008
2008-04-28,0.0008158308578398721,2008
2008-04-29,-0.009617030430616458,2008
2008-04-30,-0.00016447269661867825,2008
2008-05-01,0.004608995838678576,2008
2008-05-02,0.008848145827704545,2008
2008-05-05,-0.010719731206124683,2008
2008-05-06,0.002791233967999629,2008
2008-05-07,-0.014898729657942034,2008
2008-05-08,0.003656582444858447,2008
2008-05-09,0.0036428008945397217,2008
2008-05-12,0.005609575483061624,2008
2008-05-13,-0.0011482405334893864,2008
2008-05-14,0.004763432720030325,2008
2008-05-15,-0.000980869988243871,2008
2008-05-16,0.01047271269891037,2008
2008-05-19,0.01263160720441725,2008
2008-05-20,0.0036780758937056124,2008
2008-05-21,0.0011158204433292518,2008
2008-05-22,0.0022282699185707244,2008
2008-05-23,-0.01762757395214032,2008
2008-05-27,0.006304731600162539,2008
2008-05-28,-0.0001611092162498995,2008
2008-05-29,0.005462858405505866,2008
2008-05-30,0.0012786556891624112,2008
2008-06-02,-0.008139517369168403,2008
2008-06-03,-0.006596966616626898,2008
2008-06-04,0.0113379220793568,2008
2008-06-05,0.012812559303290616,2008
2008-06-06,-0.021821688874507972,2008
2008-06-09,0.01325565523808514,2008
2008-06-10,0.0004786201365645226,2008
2008-06-11,-0.008610914565660988,2008
2008-06-12,-0.0004828014809483694,2008
2008-06-13,0.014805469568559104,2008
2008-06-16,0.00015853671804100244,2008
2008-06-17,0.001110147005193518,2008
2008-06-18,-0.004118112863223944,2008
2008-06-19,0.006679432159657939,2008
2008-06-20,-0.014218153776932585,2008
2008-06-23,0.008333457258945964,2008
2008-06-24,-0.003337624378599413,2008
2008-06-25,0.00366758131179612,2008
2008-06-26,-0.025579885247793865,2008
2008-06-27,-0.005217379384351961,2008
2008-06-30,0.01999644062836814,2008
2008-07-01,0.007231281326514072,2008
2008-07-02,-0.007338863183223077,2008
2008-07-03,-0.010607362450785862,2008
2008-07-07,-0.01332070382130135,2008
2008-07-08,-0.0016461175638583514,2008
2008-07-09,0.008740122655607196,2008
2008-07-10,0.005885284758940124,2008
2008-07-11,-0.006988654127714322,2008
2008-07-14,-0.013420604658999524,2008
2008-07-15,-0.0058061329083866076,2008
2008-07-16,-0.019689732811359995,2008
2008-07-17,-0.020765941706404445,2008
2008-07-18,0.009212672529092636,2008
2008-07-21,0.015328832544523996,2008
2008-07-22,-0.003731920608494921,2008
2008-07-23,-0.028264947947952312,2008
2008-07-24,-0.016470697288911484,2008
2008-07-25,-0.0035633337786675767,2008
2008-07-28,-0.005721750814058013,2008
2008-07-29,0.005215279126254302,2008
2008-07-30,0.015026431664621365,2008
2008-07-31,-0.0028198258090452732,2008
2008-08-01,-0.032343353451133816,2008
2008-08-04,-0.024474787245438945,2008
2008-08-05,0.005616759517039549,2008
2008-08-06,0.0026065585777579336,2008
2008-08-07,0.0,2008
2008-08-08,0.004085582266721621,2008
2008-08-11,0.003328714234437591,2008
2008-08-12,-0.021750823094601746,2008
2008-08-13,0.01356679497078539,2008
2008-08-14,-0.012827699030196316,2008
2008-08-15,0.006214745846722991,2008
2008-08-18,-0.001310220469290968,2008
2008-08-19,0.000374786743890132,2008
2008-08-20,0.00955411291913233,2008
2008-08-21,0.010948466808444968,2008
2008-08-22,0.0012846771477998953,2008
2008-08-25,-0.010998979261807262,2008
2008-08-26,0.012789288079061212,2008
2008-08-27,0.009517126887452987,2008
2008-08-28,0.004713594699010448,2008
2008-08-29,-0.018404853540413768,2008
2008-09-02,-0.017830925823383525,2008
2008-09-03,-0.0189031570204935,2008
2008-09-04,-0.014689055594847789,2008
2008-09-05,-0.020135440672802374,2008
2008-09-08,0.01758521947047509,2008
2008-09-09,-0.035533800516700964,2008
2008-09-10,0.008858332075198705,2008
2008-09-11,0.014168918612525339,2008
2008-09-12,0.015151677128373509,2008
2008-09-15,-0.038379715465527764,2008
2008-09-16,-0.020963665463205272,2008
2008-09-17,-0.059501688878873416,2008
2008-09-18,0.02889693530006543,2008
2008-09-19,0.03765945478144328,2008
2008-09-22,-0.02050453537694852,2008
2008-09-23,-0.011513413083489632,2008
2008-09-24,-0.0008470401380794579,2008
2008-09-25,0.025857970658790252,2008
2008-09-26,-0.0119830569675341,2008
2008-09-29,-0.05311574341632186,2008
2008-09-30,0.015017766023774692,2008
2008-10-01,0.00021717713215396728,2008
2008-10-02,-0.02762657612251751,2008
2008-10-03,-0.0044740524299220485,2008
2008-10-06,-0.05280920394177113,2008
2008-10-07,-0.0467379512209074,2008
2008-10-08,-0.016923760812926347,2008
2008-10-09,-0.05746855138333351,2008
2008-10-10,-0.04297590451664224,2008
2008-10-13,0.1414539677063016,2008
2008-10-14,-0.013523667441849074,2008
2008-10-15,-0.08000983695095643,2008
2008-10-16,0.03115680902497986,2008
2008-10-17,0.014188498411876749,2008
2008-10-20,0.08056954080816014,2008
2008-10-21,-0.03620246355190759,2008
2008-10-22,-0.05970142039230242,2008
2008-10-23,0.03571428571428581,2008
2008-10-24,-0.02886332884740561,2008
2008-10-27,-0.03603373384143049,2008
2008-10-28,0.10532069312324754,2008
2008-10-29,-0.025919449077472234,2008
2008-10-30,0.04282818387408027,2008
2008-10-31,-0.020656297913882016,2008
2008-11-03,0.003722172026026316,2008
2008-11-04,0.028182760055418754,2008
2008-11-05,-0.03967298270411812,2008
2008-11-06,-0.04131185173307228,2008
2008-11-07,0.053016366854504504,2008
2008-11-10,-0.028273630525988525,2008
2008-11-11,0.0028074113960436797,2008
2008-11-12,-0.025706380428793585,2008
2008-11-13,0.07810862711951683,2008
2008-11-14,-0.0346493548972624,2008
2008-11-17,-0.002510164633872658,2008
2008-11-18,0.005032364098477959,2008
2008-11-19,-0.03354980085021542,2008
2008-11-20,-0.05336797050566555,2008
2008-11-21,0.08675381476416844,2008
2008-11-24,0.019390892376313085,2008
2008-11-25,0.0093870934591882,2008
2008-11-26,0.00856597137300108,2008
2008-11-28,0.019655074856954835,2008
2008-12-01,-0.06592055999619484,2008
2008-12-02,0.02114639619227865,2008
2008-12-03,0.020958316377046815,2008
2008-12-04,-0.04569919410343981,2008
2008-12-05,0.0232985462374955,2008
2008-12-08,0.006650978776292948,2008
2008-12-09,-0.016009829270353326,2008
2008-12-10,0.019369445548744535,2008
2008-12-11,-0.007853937790050725,2008
2008-12-12,0.007150057595127102,2008
2008-12-15,-0.019016245161570855,2008
2008-12-16,0.03360071999179426,2008
2008-12-17,-0.029007343604277702,2008
2008-12-18,0.006180804748430857,2008
2008-12-19,0.0010238889211584556,2008
2008-12-22,-0.0035799457572553983,2008
2008-12-23,-0.016935631182728783,2008
2008-12-24,0.007308594930320433,2008
2008-12-26,0.006478299646389685,2008
2008-12-29,-0.0010298522310369096,2008
2008-12-30,0.01623686924510115,2008
2009-01-02,0.0,2009
2009-01-05,0.008984656138486535,2009
2009-01-06,-0.005054200497726757,2009
2009-01-07,-0.01910982351623569,2009
2009-01-08,0.004932116550061316,2009
2009-01-09,-0.011288050583413534,2009
2009-01-12,-0.0002485100948440566,2009
2009-01-13,-0.020108799550047407,2009
2009-01-14,-0.01292179020944384,2009
2009-01-15,0.006160581162328649,2009
2009-01-16,0.022449071080940186,2009
2009-01-20,-0.020708759966716284,2009
2009-01-21,0.015541809710702958,2009
2009-01-22,-0.0012547865928490554,2009
2009-01-23,0.0035169005826356514,2009
2009-01-26,0.024530279507628983,2009
2009-01-27,0.00024462435376193525,2009
2009-01-28,0.008793520830909118,2009
2009-01-29,-0.008716868862982174,2009
2009-01-30,-0.025402778162064932,2009
2009-02-02,0.006766507557096846,2009
2009-02-03,0.007219534675215078,2009
2009-02-04,0.008897363390135471,2009
2009-02-05,0.006124580851195605,2009
2009-02-06,0.012174597396306996,2009
2009-02-09,-0.008660532329014536,2009
2009-02-10,-0.030574743654105285,2009
2009-02-11,-0.0060079127991818915,2009
2009-02-12,-0.008813857162995431,2009
2009-02-13,0.0,2009
2009-02-17,-0.051066812574098286,2009
2009-02-18,-0.017403046335453753,2009
2009-02-19,0.0054497292417818866,2009
2009-02-20,-0.027371242743528756,2009
2009-02-23,-0.02814183513443136,2009
2009-02-24,0.0372706452628937,2009
2009-02-25,-0.010502953758053435,2009
2009-02-26,-0.011173142587356577,2009
2009-02-27,-0.012994449094490323,2009
2009-03-02,-0.03606194845016186,2009
2009-03-03,-0.03533239030695423,2009
2009-03-04,0.02062202052673956,2009
2009-03-05,-0.03588661637148427,2009
2009-03-06,0.005317321385852614,2009
2009-03-09,-0.022713154935838586,2009
2009-03-10,0.021331085208492917,2009
2009-03-11,-0.005299632288921607,2009
2009-03-12,0.01692297583290836,2009
2009-03-13,0.01109371835741535,2009
2009-03-16,0.022553972043503068,2009
2009-03-17,0.01579759742391329,2009
2009-03-18,0.0293427775144528,2009
2009-03-19,0.011117265744474247,2009
2009-03-20,-0.008175840001802381,2009
2009-03-23,0.04007929296627233,2009
2009-03-24,-0.02241035492259269,2009
2009-03-25,-0.0036343085844774414,2009
2009-03-26,0.017957326613857738,2009
2009-03-27,-0.015159743645427715,2009
2009-03-30,-0.02211048652907044,2009
2009-03-31,0.016313490094516547,2009
2009-04-01,0.002816344103500734,2009
2009-04-02,0.01656845679134067,2009
2009-04-03,0.007458543198628487,2009
2009-04-06,-0.012613202532745671,2009
2009-04-07,-0.00638689453668273,2009
2009-04-08,0.013974151376159316,2009
2009-04-09,0.0035833268375375926,2009
2009-04-13,-0.014281703631529363,2009
2009-04-14,-0.01281746832545172,2009
2009-04-15,0.013830480993942018,2009
2009-04-16,0.005011122207338792,2009
2009-04-17,0.00362010672265467,2009
2009-04-20,-0.018868158875039343,2009
2009-04-21,0.00565638562295212,2009
2009-04-22,-0.01096732179770532,2009
2009-04-23,0.0017059397821250766,2009
2009-04-24,-0.0022706396544158736,2009
2009-04-27,0.00853466121321933,2009
2009-04-28,0.003102998858010242,2009
2009-04-29,0.010967430315211857,2009
2009-04-30,0.005006993754621769,2009
2009-05-01,0.028784932736575453,2009
2009-05-04,0.018025454503550087,2009
2009-05-05,-0.006342781678470688,2009
2009-05-06,-0.0018615003890184445,2009
2009-05-07,0.006128249987275902,2009
2009-05-08,0.023569535920310747,2009
2009-05-11,-0.006726838633449805,2009
2009-05-12,0.006251612056281219,2009
2009-05-13,-0.027698651079028913,2009
2009-05-14,-0.001863483067454652,2009
2009-05-15,-0.02800741679471286,2009
2009-05-18,0.0005487576231191227,2009
2009-05-19,0.018650701377841195,2009
2009-05-20,-0.015347108732055914,2009
2009-05-21,-0.013399086615369704,2009
2009-05-22,0.004157174990553347,2009
2009-05-26,0.02815376055201524,2009
2009-05-27,-0.014228136664699798,2009
2009-05-28,0.020697034619903798,2009
2009-05-29,0.00933812350851837,2009
2009-06-01,0.0364787323851139,2009
2009-06-02,-0.014792091699906584,2009
2009-06-03,-0.020449983957114504,2009
2009-06-04,0.011627532263574603,2009
2009-06-05,0.0,2009
2009-06-08,-0.006008184098155955,2009
2009-06-09,-0.007096084040676742,2009
2009-06-10,0.01535238914699888,2009
2009-06-11,0.021376252627580472,2009
2009-06-12,0.014037743178282991,2009
2009-06-15,-0.02340796332303685,2009
2009-06-16,-0.0025770968375564696,2009
2009-06-17,-0.004134985865226537,2009
2009-06-18,0.02023921475018775,2009
2009-06-19,-0.0076296337006402926,2009
2009-06-22,-0.006663444009328612,2009
2009-06-23,-0.011609600971052458,2009
2009-06-24,0.00965757793207489,2009
2009-06-25,0.016546307693443563,2009
2009-06-26,-0.0035606331235744637,2009
2009-06-29,0.015824372200328174,2009
2009-06-30,-0.0050253702127436295,2009
2009-07-01,0.01085876136080599,2009
2009-07-02,-0.03122648749420276,2009
2009-07-06,0.005672994848919588,2009
2009-07-07,-0.019999895117553956,2009
2009-07-08,-0.0013086072757595435,2009
2009-07-09,0.00916972637614144,2009
2009-07-10,-0.0036341819268848052,2009
2009-07-13,0.014069433927813568,2009
2009-07-14,0.01181926705017533,2009
2009-07-15,0.019299507977783792,2009
2009-07-16,0.0017435143831765476,2009
2009-07-17,-0.00646605147831858,2009
2009-07-20,0.008259940510423336,2009
2009-07-21,0.012413669684701034,2009
2009-07-22,-0.006866216974765305,2009
2009-07-23,0.027407687674834813,2009
2009-07-24,0.016582431582990775,2009
2009-07-27,0.00023664158697656035,2009
2009-07-28,-0.0186721126957361,2009
2009-07-29,-0.0007224251625898015,2009
2009-07-30,0.014220477483856353,2009
2009-07-31,-0.006178886839316777,2009
2009-08-03,0.010760393513682631,2009
2009-08-04,-0.006624094504722011,2009
2009-08-05,-0.004286768510273098,2009
2009-08-06,0.0026310727784615295,2009
2009-08-07,0.009780221408858258,2009
2009-08-10,0.004960938952892624,2009
2009-08-11,-0.002820685754561736,2009
2009-08-12,0.005893392232384498,2009
2009-08-13,-0.0016403190383450506,2009
2009-08-14,0.0018779892181388647,2009
2009-08-17,-0.014526863395495915,2009
2009-08-18,0.0033285841984547204,2009
2009-08-19,0.009004820768175437,2009
2009-08-20,0.006340964216617895,2009
2009-08-21,0.01913654337095383,2009
2009-08-24,0.0006869464013030679,2009
2009-08-25,-0.005491886943052693,2009
2009-08-26,0.0023005896648384816,2009
2009-08-27,-0.002065866778169112,2009
2009-08-28,0.0018402261178951385,2009
2009-08-31,-0.013317797379858498,2009
2009-09-01,-0.00930909221533227,2009
2009-09-02,-0.009631434530883332,2009
2009-09-03,0.002371712477640564,2009
2009-09-04,0.0044964315361639695,2009
2009-09-08,0.0032980949299732387,2009
2009-09-09,0.0016436719310195524,2009
2009-09-10,0.0011718663430126952,2009
2009-09-11,-0.0035120261439089973,2009
2009-09-14,0.017387095718335743,2009
2009-09-15,0.006235883995731939,2009
2009-09-16,0.01537725066392337,2009
2009-09-17,-0.010397875799961542,2009
2009-09-18,0.0031979900665044525,2009
2009-09-21,-0.0018214593763423714,2009
2009-09-22,-0.00022815290681066358,2009
2009-09-23,-0.005931832568688233,2009
2009-09-24,-0.006656017911872758,2009
2009-09-25,-0.006700260697453775,2009
2009-09-28,0.012095559145050006,2009
2009-09-29,0.005515868954454994,2009
2009-09-30,-0.008914151020698702,2009
2009-10-01,-0.02029499622432951,2009
2009-10-02,-0.008945736935488724,2009
2009-10-05,0.018527586060872903,2009
2009-10-06,0.0067627619368850755,2009
2009-10-07,-0.0020847978077755958,2009
2009-10-08,0.0032501323691740414,2009
2009-10-09,0.008097936659167582,2009
2009-10-12,0.0055082728602446895,2009
2009-10-13,-0.0036520653344640497,2009
2009-10-14,0.004123566975607007,2009
2009-10-15,0.009810612763806903,2009
2009-10-16,0.001129852276980703,2009
2009-10-19,0.00947851531883015,2009
2009-10-20,-0.01363722085214969,2009
2009-10-21,-0.0031734319989665805,2009
2009-10-22,0.0036381248530326094,2009
2009-10-23,-0.01925682149756125,2009
2009-10-26,-0.014552951728581398,2009
2009-10-27,-0.00726710909030881,2009
2009-10-28,-0.01534805990189958,2009
2009-10-29,0.012709882265214079,2009
2009-10-30,-0.017996482504861522,2009
2009-11-02,-0.004823090237438876,2009
2009-11-03,-0.0007266144637513294,2009
2009-11-04,0.0072744224449927675,2009
2009-11-05,0.01709194877812603,2009
2009-11-06,-0.0035504454519855733,2009
2009-11-09,0.017577072701164598,2009
2009-11-10,0.004668672012775099,2009
2009-11-11,-0.0018588803789451047,2009
2009-11-12,-0.015595690374934135,2009
2009-11-13,0.00993126097942798,2009
2009-11-16,0.013345988469430248,2009
2009-11-17,-0.0030035620657252737,2009
2009-11-18,-0.005562334309545447,2009
2009-11-19,-0.014448643761334479,2009
2009-11-20,0.002364512079971348,2009
2009-11-23,0.012266950203663196,2009
2009-11-24,0.0044279581337718366,2009
2009-11-25,0.009744977095606178,2009
2009-11-27,-0.01631450526419953,2009
2009-11-30,0.007241466808065811,2009
2009-12-01,0.01739297978803167,2009
2009-12-02,0.012537280401218265,2009
2009-12-03,0.0013510431882950424,2009
2009-12-04,-0.0011519385022040751,2009
2009-12-07,0.0066868292965949205,2009
2009-12-08,-0.0029778176998191963,2009
2009-12-09,0.0018380296114877126,2009
2009-12-10,0.01192397780686405,2009
2009-12-11,0.018128168870055195,2009
2009-12-14,0.005786789399163883,2009
2009-12-15,-0.0035410227654087967,2009
2009-12-16,-0.0011099163513901278,2009
2009-12-17,-0.004224261283972464,2009
2009-12-18,0.004911295677291205,2009
2009-12-21,0.004444066161944038,2009
2009-12-22,-0.004644869958722153,2009
2009-12-23,0.0017775681695508805,2009
2009-12-24,0.0062109922421298425,2009
2009-12-28,0.0004410521472952844,2009
2009-12-29,0.0008814663868619288,2009
2009-12-30,0.0,2009
2009-12-31,0.0,2009
2010-01-04,0.0,2010
2010-01-05,-0.00690121541090305,2010
2010-01-06,0.0065009592520535175,2010
2010-01-07,-0.0037863851884316624,2010
2010-01-08,0.0013416238743868547,2010
2010-01-11,0.009823598924404875,2010
2010-01-12,-0.006190559910413396,2010
2010-01-13,0.00912114502336503,2010
2010-01-14,-0.003747738165401193,2010
2010-01-15,-0.003319208698112308,2010
2010-01-19,0.011323176976284932,2010
2010-01-20,-0.008781516333428496,2010
2010-01-21,-0.018161815917949076,2010
2010-01-22,-0.018046469180157065,2010
2010-01-25,0.006202656575389653,2010
2010-01-26,-0.0006850980930432904,2010
2010-01-27,-0.006625548665070591,2010
2010-01-28,-0.007589464400506674,2010
2010-01-29,-0.009038515831283123,2010
2010-02-01,0.009354934817972893,2010
2010-02-02,0.009731153918863145,2010
2010-02-03,-0.005736732148398316,2010
2010-02-04,-0.027925208565143578,2010
2010-02-05,-0.002374269599976553,2010
2010-02-08,-0.011184943499755629,2010
2010-02-09,0.008664100143714215,2010
2010-02-10,-0.00501060823069277,2010
2010-02-11,0.00623484198081159,2010
2010-02-12,-0.004051146828441987,2010
2010-02-16,0.019143240518113336,2010
2010-02-17,-0.000704385053451495,2010
2010-02-18,0.0049338168964818685,2010
2010-02-19,0.012859588293070656,2010
2010-02-22,-0.004385525175639726,2010
2010-02-23,-0.008347401423150047,2010
2010-02-24,0.00023418861351887088,2010
2010-02-25,-0.004441321486639449,2010
2010-02-26,-0.007983060087830562,2010
2010-03-01,0.012544337105276915,2010
2010-03-02,0.0072464361518760345,2010
2010-03-03,-0.003713332513335277,2010
2010-03-04,0.00046592949775958736,2010
2010-03-05,0.011408553182965298,2010
2010-03-08,0.0023019498068108657,2010
2010-03-09,-0.0009188036276996936,2010
2010-03-10,0.002299121510433544,2010
2010-03-11,0.004128407432965053,2010
2010-03-12,-0.00433987542658576,2010
2010-03-15,0.0016058025279421795,2010
2010-03-16,0.010307094702617592,2010
2010-03-17,0.0038536002532574276,2010
2010-03-18,-0.004742255903340875,2010
2010-03-19,-0.0020421893480149222,2010
2010-03-22,-0.0047751165985471244,2010
2010-03-23,0.005255101610507573,2010
2010-03-24,-0.007500281662938035,2010
2010-03-25,-0.008014736453486715,2010
2010-03-26,0.005540384196492054,2010
2010-03-29,0.011707982310343867,2010
2010-03-30,-0.0011346066216955109,2010
2010-03-31,-0.0040893604148919405,2010
2010-04-01,0.011405509829013116,2010
2010-04-05,0.008119015000230156,2010
2010-04-06,0.009843547196154878,2010
2010-04-07,-0.01085522456239374,2010
2010-04-08,-0.0064950497254703254,2010
2010-04-09,0.0065653639877196746,2010
2010-04-12,0.0035989342902595922,2010
2010-04-13,-0.0044822833300367515,2010
2010-04-14,0.0013509420496609081,2010
2010-04-15,0.0011239710845389883,2010
2010-04-16,-0.01122852383830264,2010
2010-04-19,-0.000227108780846641,2010
2010-04-20,0.01272149201249273,2010
2010-04-21,0.0056078396002390285,2010
2010-04-22,0.004684845144256711,2010
2010-04-23,0.008880551958461602,2010
2010-04-26,-0.0037412124965610083,2010
2010-04-27,-0.0185551720809497,2010
2010-04-28,0.006752091973383445,2010
2010-04-29,0.007377806340298054,2010
2010-04-30,0.001997256415293469,2010
2010-05-03,0.013731867665923936,2010
2010-05-04,-0.01988212349473739,2010
2010-05-05,-0.010699862225854284,2010
2010-05-06,-0.02546208298689112,2010
2010-05-07,-0.009248099239348884,2010
2010-05-10,0.03267175647356413,2010
2010-05-11,0.0024858610138638326,2010
2010-05-12,0.011271387670545252,2010
2010-05-13,-0.005795577548583397,2010
2010-05-14,-0.009192876061384414,2010
2010-05-17,0.0015839203186480688,2010
2010-05-18,-0.009715438431997847,2010
2010-05-19,-0.009125890929853164,2010
2010-05-20,-0.03384776606212181,2010
2010-05-21,0.005958174782244585,2010
2010-05-24,-0.008528620569510093,2010
2010-05-25,-0.006212772768911523,2010
2010-05-26,0.003606762022697829,2010
2010-05-27,0.020843015826630618,2010
2010-05-28,0.0004694426545823749,2010
2010-06-01,-0.023926558118774532,2010
2010-06-02,0.021628995193927247,2010
2010-06-03,0.010585939988448478,2010
2010-06-04,-0.031890074688340264,2010
2010-06-07,0.005289881559357168,2010
2010-06-08,0.011719301928456938,2010
2010-06-09,-0.007328135432710603,2010
2010-06-10,0.028577704340139398,2010
2010-06-11,0.00046331222823825513,2010
2010-06-14,0.004859964820201679,2010
2010-06-15,0.02234007668813942,2010
2010-06-16,0.004505422544434534,2010
2010-06-17,0.008970765982420748,2010
2010-06-18,0.0006665378888230933,2010
2010-06-21,-0.00932898057555176,2010
2010-06-22,-0.0266817191521741,2010
2010-06-23,-0.009444968147252708,2010
2010-06-24,-0.004185879278013505,2010
2010-06-25,0.006772614873334248,2010
2010-06-28,0.005567191028597929,2010
2010-06-29,-0.021914891315868545,2010
2010-06-30,-0.008018901139496437,2010
2010-07-01,-0.004754832595006531,2010
2010-07-02,0.0011943200578836688,2010
2010-07-06,0.011691609566575112,2010
2010-07-07,0.0318394995458362,2010
2010-07-08,0.007085860471536254,2010
2010-07-09,0.008851807792819022,2010
2010-07-12,0.0031494795266533426,2010
2010-07-13,0.002915334915690515,2010
2010-07-14,-0.001565148674026906,2010
2010-07-15,0.006046789662242702,2010
2010-07-16,-0.01736401097180651,2010
2010-07-19,0.012913109197025596,2010
2010-07-20,0.00827606340854481,2010
2010-07-21,-0.01197897096651479,2010
2010-07-22,0.018859455694515193,2010
2010-07-23,0.00308501873575473,2010
2010-07-26,0.007029843235690558,2010
2010-07-27,0.015270714593837997,2010
2010-07-28,-0.008164852819078416,2010
2010-07-29,-0.012131958131601284,2010
2010-07-30,-0.006359805640115068,2010
2010-08-02,0.02162890989234545,2010
2010-08-03,-0.0008640829312182019,2010
2010-08-04,0.000648784858399365,2010
2010-08-05,0.00021590528176940182,2010
2010-08-06,0.004536921557086515,2010
2010-08-09,0.0019355671350445025,2010
2010-08-10,0.0015023271136351823,2010
2010-08-11,-0.02164604229707312,2010
2010-08-12,-0.002847968893363362,2010
2010-08-13,0.005052604552180817,2010
2010-08-16,-0.0008741181343357995,2010
2010-08-17,0.008532118508146613,2010
2010-08-18,-0.0036875690203846956,2010
2010-08-19,-0.013063404061760209,2010
2010-08-20,0.0030886694204432796,2010
2010-08-23,0.007477156044346511,2010
2010-08-24,0.001964639759412412,2010
2010-08-25,-0.00043595754991043734,2010
2010-08-26,-0.0037050889483771776,2010
2010-08-27,0.01859548720604809,2010
2010-08-30,-0.013960486065332844,2010
2010-08-31,0.0032672129368920277,2010
2010-09-01,0.02301335487281153,2010
2010-09-02,-0.00021205644363031517,2010
2010-09-03,0.004457633019796292,2010
2010-09-07,-0.005071568942876303,2010
2010-09-08,-0.0033986523618403375,2010
2010-09-09,0.0076725661891634545,2010
2010-09-10,-0.00380703340874311,2010
2010-09-13,0.005095097983939922,2010
2010-09-14,-0.0010556719588918906,2010
2010-09-15,-0.007824146231989904,2010
2010-09-16,-0.004262643358492579,2010
2010-09-17,-0.0014981473662880607,2010
2010-09-20,0.010932518800166324,2010
2010-09-21,-0.003392807747044868,2010
2010-09-22,0.005106577021257275,2010
2010-09-23,-0.007409073600211924,2010
2010-09-24,0.014501682494656443,2010
2010-09-27,0.0029431504475241343,2010
2010-09-28,0.0033533818212978517,2010
2010-09-29,-0.003550908314495782,2010
2010-09-30,-0.0023059870030904817,2010
2010-10-01,0.00609362937672242,2010
2010-10-04,-0.002506556631047485,2010
2010-10-05,0.011934589899699422,2010
2010-10-06,-0.0035170334919094604,2010
2010-10-07,0.0029068596951098424,2010
2010-10-08,0.00538296196787269,2010
2010-10-11,0.0004117678636461619,2010
2010-10-12,0.00020606941999301576,2010
2010-10-13,0.002469313059477285,2010
2010-10-14,-0.0022580191095378233,2010
2010-10-15,0.001234595532395577,2010
2010-10-18,0.007809206571323557,2010
2010-10-19,-0.007544941377885084,2010
2010-10-20,0.010068017417773412,2010
2010-10-21,-0.004068337262274957,2010
2010-10-22,-0.0020424015117754823,2010
2010-10-25,-0.0010238280883861917,2010
2010-10-26,0.0008197789578388015,2010
2010-10-27,-0.004708101977190959,2010
2010-10-28,0.004730373055928272,2010
2010-10-29,0.006960033267986887,2010
2010-11-01,-0.008538055243710096,2010
2010-11-02,0.01312260019260747,2010
2010-11-03,-0.0016189646369296762,2010
2010-11-04,0.010946625458954307,2010
2010-11-05,-0.0006015399060580462,2010
2010-11-08,-0.007223199972185124,2010
2010-11-09,-0.007477696346476881,2010
2010-11-10,0.0008142362187788521,2010
2010-11-11,-0.0018311324258639683,2010
2010-11-12,-0.00672618895623045,2010
2010-11-15,0.0012312248978982865,2010
2010-11-16,-0.014552423997166053,2010
2010-11-17,0.00020844646611850592,2010
2010-11-18,0.009773103546119488,2010
2010-11-19,-0.0035008378637968462,2010
2010-11-22,0.0022730283349161606,2010
2010-11-23,-0.013401913721666436,2010
2010-11-24,0.0054337427113420045,2010
2010-11-26,-0.008937569859482353,2010
2010-11-29,-0.005453428972084784,2010
2010-11-30,-0.0016873798415177887,2010
2010-12-01,0.010773495217823559,2010
2010-12-02,0.006687532594029655,2010
2010-12-03,0.0040278335382237795,2010
2010-12-06,-0.0021115426864015685,2010
2010-12-07,-0.0014813707198423343,2010
2010-12-08,-0.0016948841211711363,2010
2010-12-09,0.00275979822708039,2010
2010-12-10,0.005715341784576111,2010
2010-12-13,0.004209519028184117,2010
2010-12-14,0.0008383592547240859,2010
2010-12-15,-0.011308984821255197,2010
2010-12-16,0.008049542829690726,2010
2010-12-17,0.005252840358756172,2010
2010-12-20,0.004599060686979239,2010
2010-12-21,0.0010401259339543056,2010
2010-12-22,0.006859148834940987,2010
2010-12-23,-0.0010321184306613107,2010
2010-12-27,-0.0016530804990770864,2010
2010-12-28,0.0018627664008366018,2010
2010-12-29,0.0014463268844462362,2010
2010-12-30,-0.0018567692321448392,2010
2010-12-31,0.0,2010
2011-01-03,0.0,2011
2011-01-04,0.004518395386526652,2011
2011-01-05,-0.005519971127275314,2011
2011-01-06,-0.00020599767361573207,2011
2011-01-07,0.003701546962494362,2011
2011-01-10,-0.0014341023642672202,2011
2011-01-11,0.0034877680944314093,2011
2011-01-12,0.0055203466048641125,2011
2011-01-13,-0.003456863147069611,2011
2011-01-14,0.003060718705704346,2011
2011-01-18,0.0014237429002441626,2011
2011-01-19,-0.003656285170397733,2011
2011-01-20,0.0024465932351731556,2011
2011-01-21,0.0014238269040014462,2011
2011-01-24,0.005280085619945751,2011
2011-01-25,-0.001414037893277209,2011
2011-01-26,-0.0008092613801313764,2011
2011-01-27,0.004656779995032334,2011
2011-01-28,-0.012494966572117128,2011
2011-01-31,0.00224482993134556,2011
2011-02-01,0.013439335269139985,2011
2011-02-02,-0.004621446261840911,2011
2011-02-03,0.0016150034360433718,2011
2011-02-04,-0.0066507126741713884,2011
2011-02-07,0.007304115826793911,2011
2011-02-08,0.0016111288695221937,2011
2011-02-09,-0.0018098722047795723,2011
2011-02-10,0.0014102718250847968,2011
2011-02-11,0.0008047030537856603,2011
2011-02-14,-0.004020132482091654,2011
2011-02-15,0.003027436168070219,2011
2011-02-16,-0.0016099513245609876,2011
2011-02-17,0.003023017569624198,2011
2011-02-18,0.003817491874850587,2011
2011-02-22,-0.0052038453346943125,2011
2011-02-23,-0.004829041053574068,2011
2011-02-24,-0.003032870416061151,2011
2011-02-25,0.008923165848309988,2011
2011-02-28,0.010652948717305044,2011
2011-03-01,-0.008949863364795974,2011
2011-03-02,0.003210914130196585,2011
2011-03-03,0.010602542244303459,2011
2011-03-04,-0.005344638058790041,2011
2011-03-07,-0.001790850894285212,2011
2011-03-08,0.01116411315906718,2011
2011-03-09,0.007492122987840633,2011
2011-03-10,-0.016634094344491257,2011
2011-03-11,0.006368371326328948,2011
2011-03-14,-0.012062752985419478,2011
2011-03-15,-0.018214708464754592,2011
2011-03-16,-0.014882562326612558,2011
2011-03-17,0.004760127880311327,2011
2011-03-18,0.005149200785997454,2011
2011-03-21,0.017212981128258198,2011
2011-03-22,0.0,2011
2011-03-23,-0.000805615930300263,2011
2011-03-24,0.0030241619722757296,2011
2011-03-25,0.0012060471273842577,2011
2011-03-28,-0.007026628200662244,2011
2011-03-29,0.007682761799036264,2011
2011-03-30,0.01163728157205779,2011
2011-03-31,-0.0011898751199327373,2011
2011-04-01,0.009729667598438185,2011
2011-04-04,-0.000983129693810425,2011
2011-04-05,-0.0021655054666884777,2011
2011-04-06,0.005733714948192192,2011
2011-04-07,-0.004717822908155589,2011
2011-04-08,-0.0001974715676773542,2011
2011-04-11,-0.012051040843781391,2011
2011-04-12,-0.004998508296269133,2011
2011-04-13,0.00421970140670469,2011
2011-04-14,0.004602716802805995,2011
2011-04-15,0.009561876081964016,2011
2011-04-18,-0.010457552072260068,2011
2011-04-19,-0.0005983042273588479,2011
2011-04-20,0.014764812397540128,2011
2011-04-21,0.0015726285386394867,2011
2011-04-25,-0.0007851515771344353,2011
2011-04-26,0.00943015833311378,2011
2011-04-27,0.008369258256645473,2011
2011-04-28,0.007720236260253088,2011
2011-04-29,0.0015323866370831052,2011
2011-05-02,-0.000573537968802329,2011
2011-05-03,0.002487341857815961,2011
2011-05-04,-0.006107576936532522,2011
2011-05-05,-0.007105935150018672,2011
2011-05-06,0.007156790841621463,2011
2011-05-09,0.0053771372424258335,2011
2011-05-10,0.01489951383216237,2011
2011-05-11,-0.004140643646382114,2011
2011-05-12,0.005859004039273641,2011
2011-05-13,-0.00469750069191277,2011
2011-05-16,-0.0032091329729729834,2011
2011-05-17,0.003408820439151361,2011
2011-05-18,0.0018874707704898963,2011
2011-05-19,0.0007534278828247309,2011
2011-05-20,0.0007529986442713632,2011
2011-05-23,-0.012415129055128982,2011
2011-05-24,-0.0022858825443810016,2011
2011-05-25,0.0011453149976581312,2011
2011-05-26,-0.0011440047518584961,2011
2011-05-27,0.0021001756350238487,2011
2011-05-31,0.0070493586369759775,2011
2011-06-01,-0.012297204016108565,2011
2011-06-02,-0.0061289849774164296,2011
2011-06-03,-0.006745022756744379,2011
2011-06-06,-0.006596699794161109,2011
2011-06-07,0.0013673417907811292,2011
2011-06-08,0.004095709327017305,2011
2011-06-09,0.0009714115260879286,2011
2011-06-10,-0.003687141341721989,2011
2011-06-13,0.0,2011
2011-06-14,0.004479677975450791,2011
2011-06-15,-0.014543256879371302,2011
2011-06-16,0.007083842294291376,2011
2011-06-17,0.007815484083669721,2011
2011-06-20,0.004459261517189228,2011
2011-06-21,0.0028951770204661553,2011
2011-06-22,-0.004811553370817068,2011
2011-06-23,-0.007735096630413052,2011
2011-06-24,0.0019486165508193487,2011
2011-06-27,0.007197092561951557,2011
2011-06-28,0.007338750449713993,2011
2011-06-29,0.004793104494961842,2011
2011-06-30,0.005151700016950755,2011
2011-07-01,0.011769028229374534,2011
2011-07-05,-0.00825480447278093,2011
2011-07-06,0.0020806183629114017,2011
2011-07-07,0.007362490810810751,2011
2011-07-08,-0.0022488354024469137,2011
2011-07-11,-0.015401815431539845,2011
2011-07-12,0.0036246801819610486,2011
2011-07-13,-0.001330556209416689,2011
2011-07-14,-0.0034261083041133844,2011
2011-07-15,0.00343788687689095,2011
2011-07-18,-0.011039287032414413,2011
2011-07-19,0.01000758805722457,2011
2011-07-20,0.0028584946672089995,2011
2011-07-21,0.014820592552121203,2011
2011-07-22,-0.004681337354782933,2011
2011-07-25,0.008088885984136152,2011
2011-07-26,-0.0035452032044495096,2011
2011-07-27,-0.003183497233511079,2011
2011-07-28,-0.005072476590409991,2011
2011-07-29,-0.012273435274714917,2011
2011-08-01,0.0015292467477145966,2011
2011-08-02,-0.022523329528004732,2011
2011-08-03,-0.0025384138252197985,2011
2011-08-04,-0.043853135047135616,2011
2011-08-05,-0.0014331134912124455,2011
2011-08-08,-0.06192311010366469,2011
2011-08-09,0.03956280777078591,2011
2011-08-10,-0.02354923872888759,2011
2011-08-11,0.046511738025102556,2011
2011-08-12,-0.003909809022868194,2011
2011-08-15,0.03800890959680747,2011
2011-08-16,-0.00517432806851803,2011
2011-08-17,0.005401167476807522,2011
2011-08-18,-0.02188609247725226,2011
2011-08-19,-0.008950205340913953,2011
2011-08-22,-0.005952310653039028,2011
2011-08-23,0.02126783835107937,2011
2011-08-24,0.022644593082668862,2011
2011-08-25,-0.016409891888308104,2011
2011-08-26,0.0014071203338723581,2011
2011-08-29,0.02448800846690502,2011
2011-08-30,0.0,2011
2011-08-31,0.007249193875796811,2011
2011-09-01,-0.005251624134644417,2011
2011-09-02,-0.015838979524076646,2011
2011-09-06,-0.006954013492816324,2011
2011-09-07,0.013405155026757098,2011
2011-09-08,-0.00039464255724319663,2011
2011-09-09,-0.02133134491239619,2011
2011-09-12,0.007063555356146667,2011
2011-09-13,0.0064126363404073405,2011
2011-09-14,0.007965322636908745,2011
2011-09-15,0.014223512315703513,2011
2011-09-16,0.010712664490016177,2011
2011-09-19,-0.006166922344552073,2011
2011-09-20,0.012798122907861087,2011
2011-09-21,-0.018379913003878312,2011
2011-09-22,-0.021650087059557177,2011
2011-09-23,0.009569350022887724,2011
2011-09-26,0.00987365545192187,2011
2011-09-27,0.0019553809094194907,2011
2011-09-28,-0.010148494881085046,2011
2011-09-29,0.016561505248749553,2011
2011-09-30,-0.010473259963695969,2011
2011-10-03,-0.02646005974977328,2011
2011-10-04,-0.00483202430806251,2011
2011-10-05,0.001011624487718743,2011
2011-10-06,0.017583025439412703,2011
2011-10-07,0.003376485851762201,2011
2011-10-10,0.020585528742690595,2011
2011-10-11,-0.010473259963695969,2011
2011-10-12,-0.000980026157496483,2011
2011-10-13,-0.0009809156468628677,2011
2011-10-14,0.009230106842116115,2011
2011-10-17,-0.004864494135043196,2011
2011-10-18,0.008016810900942195,2011
2011-10-19,0.0015522192049464145,2011
2011-10-20,0.004067435381193585,2011
2011-10-21,0.01755372875164518,2011
2011-10-24,-0.003791123451905243,2011
2011-10-25,-0.013130496161775085,2011
2011-10-26,0.0059773472665549665,2011
2011-10-27,0.024535298540102835,2011
2011-10-28,-0.0026191548134563147,2011
2011-10-31,-0.009191183547579307,2011
2011-11-01,-0.019311275265223138,2011
2011-11-02,0.01467204626838603,2011
2011-11-03,0.0159816534910433,2011
2011-11-04,-0.005992675314029361,2011
2011-11-07,0.007912926052351388,2011
2011-11-08,0.006915727103548042,2011
2011-11-09,-0.024317735396391593,2011
2011-11-10,0.004946916438356874,2011
2011-11-11,0.013252104015750055,2011
2011-11-14,-0.010089642033105917,2011
2011-11-15,0.0009434932687819586,2011
2011-11-16,-0.01282256488341127,2011
2011-11-17,-0.005730625325365057,2011
2011-11-18,0.005955668527893865,2011
2011-11-21,-0.012604815267476699,2011
2011-11-22,-0.011412386909335104,2011
2011-11-23,-0.01584799577099949,2011
2011-11-25,0.002982162980026626,2011
2011-11-28,0.014667868606013101,2011
2011-11-29,0.010548889338505951,2011
2011-11-30,0.02822345904999035,2011
2011-12-01,-0.003571932793919097,2011
2011-12-02,-0.008908390117604137,2011
2011-12-05,0.008736099060009384,2011
2011-12-06,0.0,2011
2011-12-07,-0.001924511612986124,2011
2011-12-08,-0.015618921029780575,2011
2011-12-09,0.014103778868246764,2011
2011-12-12,-0.011010336256705,2011
2011-12-13,0.005078257217034254,2011
2011-12-14,-0.008356070703139928,2011
2011-12-15,0.010385856675769523,2011
2011-12-16,-0.003297135384483063,2011
2011-12-19,-0.009924057410362619,2011
2011-12-20,0.023388758189657244,2011
2011-12-21,0.014403686283523065,2011
2011-12-22,0.0015145958458160358,2011
2011-12-23,0.007750123138067444,2011
2011-12-27,0.00712827318701148,2011
2011-12-28,-0.005028963665858033,2011
2011-12-29,0.008049080411686393,2011
2011-12-30,-0.005942173346481061,2011
2012-01-03,0.0,2012
2012-01-04,-0.006067370111893733,2012
2012-01-05,0.00019039208978122169,2012
2012-01-06,-0.004767944431721349,2012
2012-01-09,0.0015331729448009312,2012
2012-01-10,0.0007651378809270248,2012
2012-01-11,-0.0057359333537471136,2012
2012-01-12,-0.0023077202191608137,2012
2012-01-13,-0.000385717506954264,2012
2012-01-17,0.0034710645635196435,2012
2012-01-18,-0.0019215530657072932,2012
2012-01-19,-0.009241544325992113,2012
2012-01-20,0.003886421618918723,2012
2012-01-23,0.0005808315972388733,2012
2012-01-24,-0.0067711834751056355,2012
2012-01-25,0.014608426355145587,2012
2012-01-26,0.0019197779142954285,2012
2012-01-27,-0.01322118935338723,2012
2012-01-30,-0.005048327965110233,2012
2012-01-31,0.003318077113046325,2012
2012-02-01,0.006418747008405168,2012
2012-02-02,0.00019324169472278996,2012
2012-02-03,0.005410485996468761,2012
2012-02-06,-0.0048048762023069624,2012
2012-02-07,0.006179999218468346,2012
2012-02-08,0.0011517836608549992,2012
2012-02-09,-0.0030673842683935915,2012
2012-02-10,-0.0013464120272378421,2012
2012-02-13,0.003081108734071192,2012
2012-02-14,0.00019194329407268285,2012
2012-02-15,-0.0057580215451215055,2012
2012-02-16,0.012355224463397096,2012
2012-02-17,-0.0024792937576569862,2012
2012-02-21,0.0007648190912916686,2012
2012-02-22,-0.0001908526913799724,2012
2012-02-23,-0.0005734913510747619,2012
2012-02-24,0.004779432275035855,2012
2012-02-27,0.001712383914244553,2012
2012-02-28,-0.004748361807667689,2012
2012-02-29,0.0030534038055374246,2012
2012-03-01,0.00608814944585645,2012
2012-03-02,0.0,2012
2012-03-05,0.0005676350943659703,2012
2012-03-06,-0.007181957922922311,2012
2012-03-07,0.002664970477816553,2012
2012-03-08,0.00550594534422455,2012
2012-03-09,0.006230956423546763,2012
2012-03-12,0.006192776669758482,2012
2012-03-13,0.003916127956382631,2012
2012-03-14,-0.011889095287752172,2012
2012-03-15,0.0016920343439323915,2012
2012-03-16,0.0005628338875105499,2012
2012-03-19,-0.0054396446055711145,2012
2012-03-20,0.0007545093303338302,2012
2012-03-21,-0.0013193111648688305,2012
2012-03-22,-0.0022645381224606353,2012
2012-03-23,0.0015131639142627051,2012
2012-03-26,0.007931700725669177,2012
2012-03-27,0.0020612771015682263,2012
2012-03-28,-0.009162248338057233,2012
2012-03-29,0.003396976740889457,2012
2012-03-30,0.005265988629595819,2012
2012-04-02,0.007296729217040054,2012
2012-04-03,0.004643343789606957,2012
2012-04-04,-0.0024336294945769277,2012
2012-04-05,-0.0022344875854659607,2012
2012-04-09,-0.0065324293391569865,2012
2012-04-10,-0.016719830392126878,2012
2012-04-11,0.0032479588954055227,2012
2012-04-12,0.006474751391711164,2012
2012-04-13,-0.0030271892760753705,2012
2012-04-16,0.006642363400021667,2012
2012-04-17,0.008861500590321647,2012
2012-04-18,0.0009345205306761084,2012
2012-04-19,-0.0037344585101940497,2012
2012-04-20,0.010307552843845658,2012
2012-04-23,-0.005935930642184339,2012
2012-04-24,0.00821038381021455,2012
2012-04-25,0.00943949799000321,2012
2012-04-26,0.0049502291589378355,2012
2012-04-27,0.004196600237626136,2012
2012-04-30,0.009084062129996795,2012
2012-05-01,0.004681170072273089,2012
2012-05-02,-0.006451055034854214,2012
2012-05-03,-0.005231152570315589,2012
2012-05-04,-0.0009069251818503155,2012
2012-05-07,0.0,2012
2012-05-08,-0.001633414905626629,2012
2012-05-09,-0.000726723678422081,2012
2012-05-10,0.011096760978680953,2012
2012-05-11,0.00035992489519998117,2012
2012-05-14,-0.005755311083100567,2012
2012-05-15,-0.0061506339499000084,2012
2012-05-16,-0.0016381063563435383,2012
2012-05-17,-0.009115725937948072,2012
2012-05-18,-0.0038638501684549187,2012
2012-05-21,0.009974200541833511,2012
2012-05-22,0.006400754487471572,2012
2012-05-23,-0.006905361136159804,2012
2012-05-24,0.004574477992798087,2012
2012-05-25,0.0020034876007493096,2012
2012-05-29,0.005090121668511305,2012
2012-05-30,-0.01030923766899694,2012
2012-05-31,0.004934208053659184,2012
2012-06-01,-0.008365206128084224,2012
2012-06-04,0.0011005663400649457,2012
2012-06-05,0.005861792833524948,2012
2012-06-06,0.013658713061567296,2012
2012-06-07,0.002515017458544655,2012
2012-06-08,0.0057351970170360644,2012
2012-06-11,-0.005167959150388923,2012
2012-06-12,0.0028659936552988263,2012
2012-06-13,-0.002500322282215528,2012
2012-06-14,0.0076991493093558905,2012
2012-06-15,0.004975194570240982,2012
2012-06-18,0.0033592506786039866,2012
2012-06-19,-0.001233733857230579,2012
2012-06-20,-0.008644911741064187,2012
2012-06-21,-0.013525612099734019,2012
2012-06-22,0.0016241420422880015,2012
2012-06-25,-0.0025216164088154303,2012
2012-06-26,0.00397230822270056,2012
2012-06-27,0.011870546221260492,2012
2012-06-28,0.004443696238265682,2012
2012-06-29,0.007078446798828075,2012
2012-07-02,0.007028757407122832,2012
2012-07-03,-0.0012214909766504745,2012
2012-07-05,-0.005415950754177112,2012
2012-07-06,-0.005445631485484381,2012
2012-07-09,-0.004944877858775287,2012
2012-07-10,0.0031949283385306337,2012
2012-07-11,0.003538312406033528,2012
2012-07-12,0.0035260891309722986,2012
2012-07-13,0.008784405877694024,2012
2012-07-16,-0.004179698116164587,2012
2012-07-17,0.0022737663472698344,2012
2012-07-18,0.0026169813832468414,2012
2012-07-19,0.0029586106369428045,2012
2012-07-20,0.0024295418284794312,2012
2012-07-23,-0.006751137298736443,2012
2012-07-24,-0.009933672251648429,2012
2012-07-25,-0.002288638121492159,2012
2012-07-26,0.016584953493094634,2012
2012-07-27,0.011106963165205874,2012
2012-07-30,0.004977578244082181,2012
2012-07-31,-0.008881274831667896,2012
2012-08-01,-0.005341974507681035,2012
2012-08-02,-0.005544109595017055,2012
2012-08-03,0.01393701561153371,2012
2012-08-06,-0.0032644694710126654,2012
2012-08-07,-0.010170516286587938,2012
2012-08-08,0.0,2012
2012-08-09,0.003657204706352557,2012
2012-08-10,0.001908704066649447,2012
2012-08-13,-0.0029441394633065165,2012
2012-08-14,0.0017369825249915483,2012
2012-08-15,-0.003468003317107282,2012
2012-08-16,-0.0024358078314539178,2012
2012-08-17,-0.0012212520694218076,2012
2012-08-20,0.002968756997991928,2012
2012-08-21,-0.007661218600419573,2012
2012-08-22,-0.001579118704777449,2012
2012-08-23,-0.009666396578916436,2012
2012-08-24,0.004436726644156064,2012
2012-08-27,0.0007066875658630067,2012
2012-08-28,-0.002118565533668626,2012
2012-08-29,0.00017700105162798963,2012
2012-08-30,-0.004246008041904337,2012
2012-08-31,-0.000887859241300637,2012
2012-09-04,0.004800850069976326,2012
2012-09-05,-0.0038935096779175726,2012
2012-09-06,0.013501776449204694,2012
2012-09-07,-0.004557205788163543,2012
2012-09-10,0.0003520671031080891,2012
2012-09-11,-0.00017609751659686257,2012
2012-09-12,-0.0021129126835716106,2012
2012-09-13,0.010233109403016138,2012
2012-09-14,-0.004016851211161243,2012
2012-09-17,-0.006838363295858296,2012
2012-09-18,-0.0040606313008285655,2012
2012-09-19,0.0015956085606032566,2012
2012-09-20,0.0040703754997046815,2012
2012-09-21,0.002467833584212764,2012
2012-09-24,0.008088985062091547,2012
2012-09-25,-0.004884259617414677,2012
2012-09-26,0.0003505253554405563,2012
2012-09-27,-0.0019275586169034131,2012
2012-09-28,0.00351123211864679,2012
2012-10-01,-0.002799182233809261,2012
2012-10-02,0.0043859445461893465,2012
2012-10-03,0.007336443033718387,2012
2012-10-04,0.0060692693922921315,2012
2012-10-05,-0.0018958735499070567,2012
2012-10-08,0.0008629596377991433,2012
2012-10-09,-0.0005175638472735278,2012
2012-10-10,-0.004832932698467074,2012
2012-10-11,0.0019076688997048397,2012
2012-10-12,-0.007098338711322372,2012
2012-10-15,0.008892855960118684,2012
2012-10-16,0.0034564913265651143,2012
2012-10-17,0.011539837676042497,2012
2012-10-18,0.0020434168062977154,2012
2012-10-19,-0.007136736033451663,2012
2012-10-22,-0.003936784467600263,2012
2012-10-23,-0.009106271359339724,2012
2012-10-24,-0.005028626516999535,2012
2012-10-25,0.0047058436325218,2012
2012-10-26,-0.00017396590330331918,2012
2012-10-31,0.005898929445731005,2012
2012-11-01,-0.003794548671343545,2012
2012-11-02,-0.0051939305395697355,2012
2012-11-05,-0.012182591281043598,2012
2012-11-06,0.0049334373499456685,2012
2012-11-07,-0.02103790237371883,2012
2012-11-08,-0.005730446494300212,2012
2012-11-09,-0.006484423372063786,2012
2012-11-12,-0.009789696852429919,2012
2012-11-13,0.0014644797521463637,2012
2012-11-14,-0.006398285368588441,2012
2012-11-15,-0.0051522608883637355,2012
2012-11-16,0.014241484552602213,2012
2012-11-19,0.0014584086772739813,2012
2012-11-20,-0.0005460823847824869,2012
2012-11-21,-0.0014576669600463443,2012
2012-11-23,0.0,2012
2012-11-26,0.010217128333587011,2012
2012-11-27,0.000903128094389416,2012
2012-11-28,0.005052398832626981,2012
2012-11-29,0.005745042431068548,2012
2012-11-30,0.00999650627631632,2012
2012-12-03,-0.0031811231864383727,2012
2012-12-04,-0.003546283919980575,2012
2012-12-05,0.013167247714730657,2012
2012-12-06,0.0,2012
2012-12-07,-0.0009017190892831595,2012
2012-12-10,0.0007078800523374618,2012
2012-12-11,0.001944774779574665,2012
2012-12-12,-0.0005293636286679559,2012
2012-12-13,-0.003707445281412758,2012
2012-12-14,-0.0017723646505664048,2012
2012-12-17,0.014024679893791081,2012
2012-12-18,0.006302442328602664,2012
2012-12-19,-0.006262970319359185,2012
2012-12-20,0.005601998147826359,2012
2012-12-21,-0.006441483746762011,2012
2012-12-24,-0.004030258507901507,2012
2012-12-26,-0.008620289752868437,2012
2012-12-27,-0.0005325588643082524,2012
2012-12-28,-0.00799005259462815,2012
2012-12-29,0.0,2012
2012-12-30,0.0,2012
2012-12-31,0.0,2012
2013-01-02,0.0,2013
2013-01-03,0.00034685270293133286,2013
2013-01-04,0.005892172740006529,2013
2013-01-07,-0.007752781382108109,2013
2013-01-08,-0.0024316392999262915,2013
2013-01-09,0.0001745537174220324,2013
2013-01-10,0.0062649642712804265,2013
2013-01-11,0.0019025794741931445,2013
2013-01-14,-0.0018989665394330002,2013
2013-01-15,0.004323809598730799,2013
2013-01-16,-0.005166074602692139,2013
2013-01-17,0.00605874392569361,2013
2013-01-18,0.0077421676638746995,2013
2013-01-22,0.01007364099432806,2013
2013-01-23,-0.00236632771227141,2013
2013-01-24,0.0001691275762603084,2013
2013-01-25,0.003726859581570041,2013
2013-01-28,-0.001181216976753885,2013
2013-01-29,0.00794191735489358,2013
2013-01-30,0.002682346353072962,2013
2013-01-31,0.0021733607524556664,2013
2013-02-01,0.004504716007962317,2013
2013-02-04,-0.007640034844932919,2013
2013-02-05,0.004686160915274629,2013
2013-02-06,0.0036649534504975545,2013
2013-02-07,0.0014936098693851818,2013
2013-02-08,0.0008287289563975175,2013
2013-02-11,0.0011592127521404816,2013
2013-02-12,0.003307748116961662,2013
2013-02-13,0.0003298131781162006,2013
2013-02-14,-0.009887853641682098,2013
2013-02-15,0.0018308332331780086,2013
2013-02-19,0.010799025387279837,2013
2013-02-20,-0.004766448352904296,2013
2013-02-21,-0.007266840139963371,2013
2013-02-22,0.010314329535474398,2013
2013-02-25,-0.014160822302300424,2013
2013-02-26,0.005177837554220188,2013
2013-02-27,0.01279453748276671,2013
2013-02-28,0.001640753657588645,2013
2013-03-01,0.0036041875630383746,2013
2013-03-04,0.009466222354612697,2013
2013-03-05,0.006951964567732505,2013
2013-03-06,0.0,2013
2013-03-07,-0.0035322071838701508,2013
2013-03-08,0.004833990542735034,2013
2013-03-11,0.0036880291997090087,2013
2013-03-12,-0.002716002168350551,2013
2013-03-13,0.0030440265178146575,2013
2013-03-14,0.00399295761058216,2013
2013-03-15,0.005090514236457899,2013
2013-03-18,-0.005223005024910798,2013
2013-03-19,0.0017498034382947836,2013
2013-03-20,0.007941749815126409,2013
2013-03-21,-0.004096826255973851,2013
2013-03-22,0.0022151186288350555,2013
2013-03-25,-0.0015790671329625194,2013
2013-03-26,0.0093295786956189,2013
2013-03-27,0.004073412731329995,2013
2013-03-28,0.010298354878062188,2013
2013-04-01,-0.0016988966391855431,2013
2013-04-02,0.0034033557038863904,2013
2013-04-03,-0.006783843473029849,2013
2013-04-04,0.007140299982844489,2013
2013-04-05,0.003236970563614161,2013
2013-04-08,0.009371557825904375,2013
2013-04-09,-0.0018262093823373515,2013
2013-04-10,0.0076243554118098356,2013
2013-04-11,0.0033291903981993443,2013
2013-04-12,0.0019606140613224188,2013
2013-04-15,-0.017160800256766917,2013
2013-04-16,0.013325063315059671,2013
2013-04-17,-0.0074063729655462485,2013
2013-04-18,0.0027408901063887825,2013
2013-04-19,0.01336381954780097,2013
2013-04-22,-0.001048863424200408,2013
2013-04-23,0.0030002037451797303,2013
2013-04-24,0.003589475336866821,2013
2013-04-25,0.002235927768623469,2013
2013-04-26,-0.0008924815012204546,2013
2013-04-29,0.007888037321174934,2013
2013-04-30,0.003544206129206584,2013
2013-05-01,-0.011477179082812872,2013
2013-05-02,-0.001488701651578661,2013
2013-05-03,0.0007451427457445536,2013
2013-05-06,-0.010278235344624131,2013
2013-05-07,0.0069233163714470525,2013
2013-05-08,-0.007623180042519273,2013
2013-05-09,-0.016870216308650043,2013
2013-05-10,0.0036771339218271137,2013
2013-05-13,-0.004121701280155321,2013
2013-05-14,0.007204375024034482,2013
2013-05-15,0.00882713617820352,2013
2013-05-16,-0.008900961445784894,2013
2013-05-17,0.009893355732758069,2013
2013-05-20,-0.0025617674524424094,2013
2013-05-21,0.0018131782101598048,2013
2013-05-22,-0.015083221581547734,2013
2013-05-23,-0.005206572091889794,2013
2013-05-24,-0.01000616509658192,2013
2013-05-28,-0.012439898871739352,2013
2013-05-29,-0.014170768548664503,2013
2013-05-30,0.0009583960969452576,2013
2013-05-31,-0.005904204751374875,2013
2013-06-03,0.0012840681322718872,2013
2013-06-04,-0.004969382986223514,2013
2013-06-05,-0.010310952193552048,2013
2013-06-06,0.011720860514714104,2013
2013-06-07,0.012067303640443061,2013
2013-06-10,-0.0017486387204610487,2013
2013-06-11,-0.008440902758024893,2013
2013-06-12,-0.008031037424333087,2013
2013-06-13,0.017001674010625356,2013
2013-06-14,0.0027061486467219176,2013
2013-06-17,0.0009529916150279316,2013
2013-06-18,0.0069796966475697,2013
2013-06-19,-0.020636765453531103,2013
2013-06-20,-0.02814818743936187,2013
2013-06-21,0.007944250854686086,2013
2013-06-24,-0.0031198852128714316,2013
2013-06-25,0.013012734116420788,2013
2013-06-26,0.012682750497843065,2013
2013-06-27,0.0024085150008970047,2013
2013-06-28,0.004004470763470103,2013
2013-07-01,-0.007976884485242586,2013
2013-07-02,0.0009649095034443,2013
2013-07-03,-0.0017672954761140947,2013
2013-07-05,-0.00144864339533457,2013
2013-07-08,0.013539675768113657,2013
2013-07-09,0.007951850805312244,2013
2013-07-10,0.004259769222505705,2013
2013-07-11,0.014611244816511881,2013
2013-07-12,0.0020128323842170115,2013
2013-07-15,0.012826705537667848,2013
2013-07-16,-0.004730000460865691,2013
2013-07-17,-0.0026064059054999866,2013
2013-07-18,0.008146394335124096,2013
2013-07-19,-0.0006097212121002338,2013
2013-07-22,-0.001372953647987618,2013
2013-07-23,0.0035137003152265756,2013
2013-07-24,-0.013700814713507592,2013
2013-07-25,0.005556124746962654,2013
2013-07-26,0.003530420381073318,2013
2013-07-29,0.0003063289873315167,2013
2013-07-30,0.0006113836461720812,2013
2013-07-31,-0.00015302403291850286,2013
2013-08-01,0.015895210831284423,2013
2013-08-02,-0.0009027406298826035,2013
2013-08-05,-0.0069268726185731655,2013
2013-08-06,-0.006216631955602625,2013
2013-08-07,0.0,2013
2013-08-08,0.006255520222516742,2013
2013-08-09,-0.00727811590801275,2013
2013-08-12,-0.006109689342889801,2013
2013-08-13,-0.006300922829778344,2013
2013-08-14,-0.002629162556768261,2013
2013-08-15,-0.012405067029724548,2013
2013-08-16,-0.009106653261127917,2013
2013-08-19,-0.00919000871747877,2013
2013-08-20,0.009755002554483916,2013
2013-08-21,-0.0071271291732787345,2013
2013-08-22,0.006061946561545017,2013
2013-08-23,0.005549436092237903,2013
2013-08-26,-0.006465301325200179,2013
2013-08-27,-0.0022214604926871218,2013
2013-08-28,0.005725803953699815,2013
2013-08-29,-0.0031628421405806018,2013
2013-08-30,-0.0023798554135791017,2013
2013-09-03,-0.006520372986719369,2013
2013-09-04,-0.0003202571704897794,2013
2013-09-05,-0.00272220449400451,2013
2013-09-06,0.006101624589356591,2013
2013-09-09,0.008298602230238705,2013
2013-09-10,0.006489638019687938,2013
2013-09-11,-0.009749982145653258,2013
2013-09-12,-0.0011118304356443343,2013
2013-09-13,0.005405232560701467,2013
2013-09-16,0.0026881989303171316,2013
2013-09-17,0.009147203603288911,2013
2013-09-18,0.02359701024569616,2013
2013-09-19,-0.0012212267105664587,2013
2013-09-20,-0.011922687163602674,2013
2013-09-23,0.01021006711165895,2013
2013-09-24,-0.0003063777841605386,2013
2013-09-25,-0.002603866137524946,2013
2013-09-26,0.0019964478727896307,2013
2013-09-27,-0.004138324261911852,2013
2013-09-30,-0.0009234734547325374,2013
2013-10-01,0.004621525739639587,2013
2013-10-02,0.0004600374482035541,2013
2013-10-03,-0.00858363488188596,2013
2013-10-04,0.0046382903770638695,2013
2013-10-07,-0.006925423322092339,2013
2013-10-08,-0.0001545212045385158,2013
2013-10-09,0.0009298040361711557,2013
2013-10-10,0.018581557348995137,2013
2013-10-11,0.005168686483332241,2013
2013-10-14,-0.00272223584928577,2013
2013-10-15,-0.013345683621655224,2013
2013-10-16,0.012757593917743337,2013
2013-10-17,0.013962541338493395,2013
2013-10-18,0.007184749438511995,2013
2013-10-21,-0.0013377683392080675,2013
2013-10-22,0.009375230359222275,2013
2013-10-23,-0.0023589721989353274,2013
2013-10-24,0.0016255888138316799,2013
2013-10-25,0.013868583365899578,2013
2013-10-28,-0.004365504335150261,2013
2013-10-29,0.003653888582574538,2013
2013-10-30,-0.008300714745533622,2013
2013-10-31,-0.004845868446563761,2013
2013-11-01,0.004574463711771504,2013
2013-11-04,0.0029377302653967874,2013
2013-11-05,-0.005858146483327054,2013
2013-11-06,0.010459716151901555,2013
2013-11-07,-0.01108059590142918,2013
2013-11-08,0.0019167042033900739,2013
2013-11-11,0.00044121276515651786,2013
2013-11-12,-0.008530497938692094,2013
2013-11-13,0.0031151646218006146,2013
2013-11-14,0.007837771622688505,2013
2013-11-15,0.007336835884326431,2013
2013-11-18,-0.004224398210896707,2013
2013-11-19,-0.00921603745425903,2013
2013-11-20,-0.005314843344861209,2013
2013-11-21,0.006531097772991767,2013
2013-11-22,0.00221209675035805,2013
2013-11-25,-0.003384757610109701,2013
2013-11-26,-0.01092549208733673,2013
2013-11-27,-0.005374188596293461,2013
2013-11-29,-0.0016505355280599376,2013
2013-12-02,-0.0031568437545574923,2013
2013-12-03,0.00693667539896059,2013
2013-12-04,0.0029956876318675274,2013
2013-12-05,-0.004031844696296805,2013
2013-12-06,0.010168044931321285,2013
2013-12-09,-0.0041114225249796466,2013
2013-12-10,-0.006422326088216024,2013
2013-12-11,-0.010002768419718477,2013
2013-12-12,0.0012435704264761593,2013
2013-12-13,-0.0018633076797829329,2013
2013-12-16,0.004044308101804228,2013
2013-12-17,-0.00015506408170729014,2013
2013-12-18,0.011310915424593171,2013
2013-12-19,-0.0013785901448315485,2013
2013-12-20,0.01212017836950885,2013
2013-12-23,-0.001061349196590844,2013
2013-12-24,0.0044006387054180696,2013
2013-12-26,-0.0010575078083425726,2013
2013-12-27,0.0013611820587551282,2013
2013-12-30,0.001963200222464545,2013
2013-12-31,0.0,2013
2014-01-02,0.0,2014
2014-01-03,-0.0010652894658433887,2014
2014-01-06,0.003047291918786943,2014
2014-01-07,0.01002576520642795,2014
2014-01-08,-0.002857546479276496,2014
2014-01-09,0.007692110790885165,2014
2014-01-10,0.011674974434911167,2014
2014-01-13,-0.01124426779798382,2014
2014-01-14,0.0071828237445399346,2014
2014-01-15,0.00014849993454890686,2014
2014-01-16,0.00638722435769945,2014
2014-01-17,-0.0008856222268072145,2014
2014-01-21,0.010193478695116776,2014
2014-01-22,0.0010235378244534132,2014
2014-01-23,-0.0061358583659346655,2014
2014-01-24,-0.018814871714145642,2014
2014-01-27,-0.0023972817040012195,2014
2014-01-28,0.009310710343973794,2014
2014-01-29,-0.0028268315246339215,2014
2014-01-30,0.014771829485945132,2014
2014-01-31,0.007351936143276339,2014
2014-02-03,-0.012699065246314811,2014
2014-02-04,-0.003844005630829206,2014
2014-02-05,-0.00534270738432685,2014
2014-02-06,0.006863554111145698,2014
2014-02-07,0.009335933149347886,2014
2014-02-10,0.006900673805255053,2014
2014-02-11,0.008894991826182697,2014
2014-02-12,0.003613326418770324,2014
2014-02-13,0.01252848971018694,2014
2014-02-14,0.0051201613829627846,2014
2014-02-18,0.00481110172210264,2014
2014-02-19,-0.006759226445060107,2014
2014-02-20,0.0060963285317368054,2014
2014-02-21,0.0014092009812864958,2014
2014-02-24,-0.0022515876773485655,2014
2014-02-25,-0.003667062318077008,2014
2014-02-26,-0.003822156840614488,2014
2014-02-27,0.0,2014
2014-02-28,0.003836821775208721,2014
2014-03-03,-0.005521034855485496,2014
2014-03-04,0.011103174606304833,2014
2014-03-05,-0.0053496086679731825,2014
2014-03-06,-0.0021234682360212753,2014
2014-03-07,0.002411449980712632,2014
2014-03-10,-0.003113140774910428,2014
2014-03-11,-0.0028388051847327844,2014
2014-03-12,0.009964498712432546,2014
2014-03-13,0.00563769567670902,2014
2014-03-14,0.006026559149858723,2014
2014-03-17,0.005851301440263246,2014
2014-03-18,0.001385094571056733,2014
2014-03-19,-0.010373121973428212,2014
2014-03-20,0.0029348603320153988,2014
2014-03-21,0.004180471499036109,2014
2014-03-24,-0.0018040153207204979,2014
2014-03-25,0.004448708212468011,2014
2014-03-26,-0.0038753313172905646,2014
2014-03-27,0.00680833419875615,2014
2014-03-28,0.004554114270708398,2014
2014-03-31,0.008929806847736366,2014
2014-04-01,-0.0010893097205871838,2014
2014-04-02,-0.0005451071697880616,2014
2014-04-03,0.0004087935488654715,2014
2014-04-04,0.0012459944781120225,2014
2014-04-07,-0.008388065034031222,2014
2014-04-08,0.01438060957104903,2014
2014-04-09,0.0033352455820583327,2014
2014-04-10,-0.0072029824625838845,2014
2014-04-11,-0.004743916970203932,2014
2014-04-14,0.00518723582273295,2014
2014-04-15,0.009204964542076866,2014
2014-04-16,0.008568296872680792,2014
2014-04-17,-0.007947491275508978,2014
2014-04-21,0.0024865626467671653,2014
2014-04-22,0.0009640299967539345,2014
2014-04-23,0.0009635658623177168,2014
2014-04-24,0.0033003018635531234,2014
2014-04-25,0.004111968947736244,2014
2014-04-28,0.0032759749923378934,2014
2014-04-29,-0.0017685354530914132,2014
2014-04-30,0.0021805860713570713,2014
2014-05-01,0.006936010772589762,2014
2014-05-02,-0.013236299937508966,2014
2014-05-05,0.006706832493836412,2014
2014-05-06,-0.0029909918008463876,2014
2014-05-07,0.016637121211563688,2014
2014-05-08,-0.010194698459967122,2014
2014-05-09,-0.011790286970066122,2014
2014-05-12,-0.004936921940195571,2014
2014-05-13,0.0006891682133900456,2014
2014-05-14,0.0064733666431093795,2014
2014-05-15,-0.0047893870749602385,2014
2014-05-16,0.004674683094815668,2014
2014-05-19,-0.013138250086098702,2014
2014-05-20,0.0013866570860927574,2014
2014-05-21,0.0029081250731095576,2014
2014-05-22,0.007180665388389684,2014
2014-05-23,-0.0004115130796690236,2014
2014-05-27,0.008503848292086724,2014
2014-05-28,0.004623823674813954,2014
2014-05-29,0.003925778456550955,2014
2014-05-30,0.011731462907620394,2014
2014-06-02,0.0017330113988682783,2014
2014-06-03,0.0018625940576337818,2014
2014-06-04,0.0005310395625817144,2014
2014-06-05,0.006370883493533652,2014
2014-06-06,-0.001978253097160265,2014
2014-06-09,-0.004096749223383878,2014
2014-06-10,-0.0027864774064354503,2014
2014-06-11,-0.011443956903433472,2014
2014-06-12,-0.0008074345368204172,2014
2014-06-13,0.007813386159980729,2014
2014-06-16,0.006817246163703938,2014
2014-06-17,0.0,2014
2014-06-18,0.01606454553206671,2014
2014-06-19,0.005226812268665837,2014
2014-06-20,-0.005069665809678492,2014
2014-06-23,-0.001436855063536857,2014
2014-06-24,-0.0006542723889901847,2014
2014-06-25,0.006415572620683596,2014
2014-06-26,0.0011707208328013419,2014
2014-06-27,0.002988294909852307,2014
2014-06-30,0.007384587469459136,2014
2014-07-01,-0.007073205034535235,2014
2014-07-02,-0.01593039005605179,2014
2014-07-03,-0.009739372945065439,2014
2014-07-07,0.0005315527869218517,2014
2014-07-08,0.002656710425374742,2014
2014-07-09,0.0017223219141129231,2014
2014-07-10,0.0030420967187418935,2014
2014-07-11,-0.004615179599696373,2014
2014-07-14,-0.01059736966237168,2014
2014-07-15,0.002142229553680819,2014
2014-07-16,0.002939314114972058,2014
2014-07-17,-0.01158943060752482,2014
2014-07-18,0.011051111744150965,2014
2014-07-21,-0.00239927263701456,2014
2014-07-22,0.0,2014
2014-07-23,0.0001337787697599513,2014
2014-07-24,0.0009349740973507714,2014
2014-07-25,-0.006273504479775371,2014
2014-07-28,0.01020866809749088,2014
2014-07-29,-0.00678125683431674,2014
2014-07-30,-0.013252933701462855,2014
2014-07-31,-0.015465997696571088,2014
2014-08-01,-0.0009646280129983476,2014
2014-08-04,0.0022067536675158816,2014
2014-08-05,-0.01018411085203308,2014
2014-08-06,-0.009872201430844885,2014
2014-08-07,0.0053361018431636875,2014
2014-08-08,0.016762260468119683,2014
2014-08-11,-0.0005492587601952925,2014
2014-08-12,0.0006871826069538844,2014
2014-08-13,0.004395504593362576,2014
2014-08-14,0.0071114596789074724,2014
2014-08-15,0.005567804670861598,2014
2014-08-18,-0.0005403683196385511,2014
2014-08-19,0.00986352128858603,2014
2014-08-20,0.002675905781108323,2014
2014-08-21,0.0005342210249013046,2014
2014-08-22,-0.0010671517378196826,2014
2014-08-25,0.005340648159457562,2014
2014-08-26,-0.006640279247785652,2014
2014-08-27,0.009893015378171333,2014
2014-08-28,0.004500791215410027,2014
2014-08-29,0.008038966872503606,2014
2014-09-02,-0.005882862960966628,2014
2014-09-03,0.004602863503155419,2014
2014-09-04,-0.0017020693319466096,2014
2014-09-05,0.010097036152610928,2014
2014-09-08,-0.006361348895695396,2014
2014-09-09,-0.010059836494161756,2014
2014-09-10,-0.0027712213960409127,2014
2014-09-11,0.005558291252461656,2014
2014-09-12,-0.017504747859955594,2014
2014-09-15,-0.00026796739455892116,2014
2014-09-16,0.009915552729416799,2014
2014-09-17,-0.0014592492430289816,2014
2014-09-18,-0.0031891864562487715,2014
2014-09-19,0.005732030411111255,2014
2014-09-22,-0.009807787607264307,2014
2014-09-23,-0.004818725926011513,2014
2014-09-24,-0.0010762852198481498,2014
2014-09-25,-0.009020796021093624,2014
2014-09-26,0.004347819311629086,2014
2014-09-29,0.007440370524446571,2014
2014-09-30,-0.000403239724521387,2014
2014-10-01,0.0012093914904662828,2014
2014-10-02,-0.00187815832581395,2014
2014-10-03,0.008065393800463783,2014
2014-10-06,-0.0014670034434904888,2014
2014-10-07,-0.006142788062459381,2014
2014-10-08,0.01719946647041426,2014
2014-10-09,-0.02549549646701954,2014
2014-10-10,-0.002440201482613036,2014
2014-10-13,-0.015490947142563383,2014
2014-10-14,-0.005244959557920037,2014
2014-10-15,-0.012626602325121361,2014
2014-10-16,0.016582246857900218,2014
2014-10-17,0.010782488151424463,2014
2014-10-20,0.013129082856615515,2014
2014-10-21,0.00890914295274281,2014
2014-10-22,0.0014720009301218973,2014
2014-10-23,0.006546441117948776,2014
2014-10-24,0.010220421608062358,2014
2014-10-27,-0.006044045368988726,2014
2014-10-28,0.012028892887025355,2014
2014-10-29,-0.003395787865964728,2014
2014-10-30,0.017037765310411013,2014
2014-10-31,0.0025775443349884686,2014
2014-11-03,0.008483412651062228,2014
2014-11-04,-0.008921873565072569,2014
2014-11-05,0.023405329509547768,2014
2014-11-06,-0.005529050660356916,2014
2014-11-07,0.00833960129057254,2014
2014-11-10,-0.0008770622354874469,2014
2014-11-11,-0.0020066427201999026,2014
2014-11-12,-0.015207009305975405,2014
2014-11-13,-0.009571247015523365,2014
2014-11-14,-0.004123087236980405,2014
2014-11-17,0.00802167511661489,2014
2014-11-18,0.004620547155291144,2014
2014-11-19,0.0012777833183250653,2014
2014-11-20,-0.0026797140019964028,2014
2014-11-21,0.005374000963484171,2014
2014-11-24,-0.006999650991925566,2014
2014-11-25,0.0003843238079823674,2014
2014-11-26,0.004356013152048366,2014
2014-11-28,-0.0011480461486842453,2014
2014-12-01,-0.008811200426766974,2014
2014-12-02,0.0070859638567517536,2014
2014-12-03,-0.004221801848734219,2014
2014-12-04,-0.0026980467178373546,2014
2014-12-05,-0.00656047893721079,2014
2014-12-08,-0.005174092985305134,2014
2014-12-09,0.006433257438283491,2014
2014-12-10,-0.01904001414766021,2014
2014-12-11,0.006931805742343311,2014
2014-12-12,-0.011703230268114373,2014
2014-12-15,-0.011841638779268138,2014
2014-12-16,-0.003383510983888449,2014
2014-12-17,0.026453355426798275,2014
2014-12-18,0.021224069345743057,2014
2014-12-19,0.002563786434249149,2014
2014-12-22,-0.0001343907945937639,2014
2014-12-23,0.00565408072730933,2014
2014-12-24,0.0140566326504723,2014
2014-12-26,0.011617018277438662,2014
2014-12-29,0.013441354689215368,2014
2014-12-30,-0.017125971223973857,2014
2014-12-31,0.0,2014
2015-01-02,0.0,2015
2015-01-05,-0.02058852657733956,2015
2015-01-06,-0.006602895269453124,2015
2015-01-07,0.009631033764829322,2015
2015-01-08,0.009538902822033624,2015
2015-01-09,-0.0035928914769099984,2015
2015-01-12,-0.003072105010197279,2015
2015-01-13,0.0017415559541020809,2015
2015-01-14,0.007088586059208701,2015
2015-01-15,0.001859220705734188,2015
2015-01-16,0.008616119526228871,2015
2015-01-20,-0.0007886204933589269,2015
2015-01-21,0.010522112068098721,2015
2015-01-22,-0.0031239322578826556,2015
2015-01-23,0.0014366736211723907,2015
2015-01-26,0.005475517478660263,2015
2015-01-27,0.001685801743850135,2015
2015-01-28,-0.013074495884072057,2015
2015-01-29,0.007476650005072916,2015
2015-01-30,-0.01861748398398866,2015
2015-02-02,0.00875568079445288,2015
2015-02-03,0.010126326454812373,2015
2015-02-04,-0.011196904931740415,2015
2015-02-05,0.009216971103323646,2015
2015-02-06,-0.03379016583448102,2015
2015-02-09,-0.005941100983535619,2015
2015-02-10,0.019831474053554565,2015
2015-02-11,-0.021044207828409767,2015
2015-02-12,0.0,2015
2015-02-13,-0.010612283144329382,2015
2015-02-17,-0.00137495450095948,2015
2015-02-18,0.022583202494621757,2015
2015-02-19,-0.008079595640414938,2015
2015-02-20,0.003394086854223932,2015
2015-02-23,0.0036531171191469536,2015
2015-02-24,0.005256979498143632,2015
2015-02-25,-0.012739435741171312,2015
2015-02-26,-0.008965000195915729,2015
2015-02-27,-0.0015075363166995315,2015
2015-03-02,-0.0172959065651882,2015
2015-03-03,0.007822284698712378,2015
2015-03-04,-0.005405068476073471,2015
2015-03-05,0.007524866824835552,2015
2015-03-06,-0.02448143247965595,2015
2015-03-09,-0.0015594760670524233,2015
2015-03-10,-0.005112341785721397,2015
2015-03-11,-0.005994741808491466,2015
2015-03-12,0.01909798941244434,2015
2015-03-13,-0.008031209073690149,2015
2015-03-16,0.015767013384238915,2015
2015-03-17,0.004055401934812686,2015
2015-03-18,0.029247945882705517,2015
2015-03-19,-0.0127201764610968,2015
2015-03-20,0.009183291319857734,2015
2015-03-23,0.0006789368586976874,2015
2015-03-24,-0.010450417174368454,2015
2015-03-25,-0.010972642456529735,2015
2015-03-26,-0.006101760392531186,2015
2015-03-27,0.004744032712867385,2015
2015-03-30,0.016247799643303473,2015
2015-03-31,-0.002323071760890305,2015
2015-04-01,-0.0034242160438948677,2015
2015-04-02,0.007284319816394547,2015
2015-04-06,0.01036971350087712,2015
2015-04-07,-0.005536816179299242,2015
2015-04-08,-0.002851828208758178,2015
2015-04-09,-0.002996036636288113,2015
2015-04-10,0.004134024970184891,2015
2015-04-13,-0.007901122659102255,2015
2015-04-14,0.004750574155442555,2015
2015-04-15,0.005284320222861627,2015
2015-04-16,-0.005256542966561195,2015
2015-04-17,-0.00737053603954263,2015
2015-04-20,0.012888994565505518,2015
2015-04-21,-0.010235289131766745,2015
2015-04-22,0.000838391715181519,2015
2015-04-23,0.0037698664036811547,2015
2015-04-24,0.011823573550134414,2015
2015-04-27,-0.011547858350847262,2015
2015-04-28,0.006397976330013044,2015
2015-04-29,-0.0019348804302793399,2015
2015-04-30,-0.009969368802481449,2015
2015-05-01,0.003356380230687739,2015
2015-05-04,0.009200136428513472,2015
2015-05-05,-0.021961520576407656,2015
2015-05-06,-0.009744158846884177,2015
2015-05-07,0.00456351718195025,2015
2015-05-08,0.013628626811218458,2015
2015-05-11,-0.007843229364745574,2015
2015-05-12,0.00042345642434926667,2015
2015-05-13,-0.006349691540532332,2015
2015-05-14,0.007668482477034555,2015
2015-05-15,0.013246661213749622,2015
2015-05-18,0.003477130549179419,2015
2015-05-19,0.0008316231769194271,2015
2015-05-20,-0.000415597042695226,2015
2015-05-21,0.0008313649776103826,2015
2015-05-22,-0.0009687419271505737,2015
2015-05-26,-0.007066792696115876,2015
2015-05-27,0.0036280483674089314,2015
2015-05-28,0.0025025853824924837,2015
2015-05-29,-0.00429942380830417,2015
2015-06-01,0.0018108714287432548,2015
2015-06-02,-0.0105674359010548,2015
2015-06-03,-0.012085296383687383,2015
2015-06-04,-0.003840382779136009,2015
2015-06-05,-0.007568311833245467,2015
2015-06-08,-0.007626027991131323,2015
2015-06-09,-0.0011596511247272678,2015
2015-06-10,0.011757410281920233,2015
2015-06-11,0.004447828648785235,2015
2015-06-12,-0.009141467018549454,2015
2015-06-15,-0.001441432533095921,2015
2015-06-16,0.003753043460215988,2015
2015-06-17,0.008198076986898561,2015
2015-06-18,0.009557657174664502,2015
2015-06-19,-0.009325970481241952,2015
2015-06-22,-0.0002853336695348707,2015
2015-06-23,-0.011270973355469671,2015
2015-06-24,-0.007359277427618993,2015
2015-06-25,-0.010175926051521844,2015
2015-06-26,0.0008810251262070246,2015
2015-06-29,-0.011298648939435663,2015
2015-06-30,-0.004749187400150179,2015
2015-07-01,0.0014912735769676555,2015
2015-07-02,0.012656481051044999,2015
2015-07-06,-0.0002938659878393146,2015
2015-07-07,0.01779663688814792,2015
2015-07-08,-0.00852616349519586,2015
2015-07-09,-0.0075790287746348994,2015
2015-07-10,0.00616828700289318,2015
2015-07-13,0.0026275162572506616,2015
2015-07-14,0.00043652699271445883,2015
2015-07-15,0.0023284736919171323,2015
2015-07-16,0.0124852360006531,2015
2015-07-17,-0.009893751624986846,2015
2015-07-20,-0.006662231022899756,2015
2015-07-21,-0.011080297017589724,2015
2015-07-22,0.003243800631230087,2015
2015-07-23,-0.014695316426670546,2015
2015-07-24,-0.002385998630930475,2015
2015-07-27,0.006876989062248873,2015
2015-07-28,0.006978298340274192,2015
2015-07-29,0.004423313993845657,2015
2015-07-30,0.007780428379382087,2015
2015-07-31,0.009613968190993694,2015
2015-08-03,0.003607338350635869,2015
2015-08-04,-0.01998281350422426,2015
2015-08-05,0.001173444817989866,2015
2015-08-06,0.002197722612137021,2015
2015-08-07,0.009356639009656886,2015
2015-08-10,-0.001013825819025982,2015
2015-08-11,0.0,2015
2015-08-12,0.021603644116361176,2015
2015-08-13,-0.00014182391822348261,2015
2015-08-14,0.008374704510237585,2015
2015-08-17,0.007038181100773144,2015
2015-08-18,-0.002935279411156899,2015
2015-08-19,0.0018226375096519476,2015
2015-08-20,-0.00979606853268955,2015
2015-08-21,-0.014697402180370855,2015
2015-08-24,-0.03514052638627618,2015
2015-08-25,-0.03151504279766826,2015
2015-08-26,0.01872620141139647,2015
2015-08-27,0.014765882927927576,2015
2015-08-28,-0.001633505567539273,2015
2015-08-31,-0.01859007939637114,2015
2015-09-01,-0.02788293535235875,2015
2015-09-02,-0.0017147935142122206,2015
2015-09-03,0.007339081576657636,2015
2015-09-04,-0.01534633459358481,2015
2015-09-08,0.01889169890799658,2015
2015-09-09,-0.014060442876284829,2015
2015-09-10,-0.004544880135566864,2015
2015-09-11,0.0033059852745294105,2015
2015-09-14,0.004393686498156857,2015
2015-09-15,0.0071861098944219215,2015
2015-09-16,0.010702892895770866,2015
2015-09-17,0.011970371115756606,2015
2015-09-18,-0.010767192461234698,2015
2015-09-21,-0.0010731385014606243,2015
2015-09-22,-0.019030331822797564,2015
2015-09-23,0.0015645307793468177,2015
2015-09-24,0.004061209145032718,2015
2015-09-25,0.01042321769264487,2015
2015-09-28,-0.007390402232603344,2015
2015-09-29,-0.0013958891972610799,2015
2015-09-30,0.01848402570208818,2015
2015-10-01,-0.007777916129618423,2015
2015-10-02,0.01352588730869253,2015
2015-10-05,0.018046446753822387,2015
2015-10-06,-0.00580926471360288,2015
2015-10-07,-0.0007493062399109851,2015
2015-10-08,0.014394972139922357,2015
2015-10-09,-0.0022171217342421556,2015
2015-10-12,0.005777605750911352,2015
2015-10-13,-0.002651233563285227,2015
2015-10-14,-0.0014769574341649827,2015
2015-10-15,0.014790767885664247,2015
2015-10-16,-0.0002918474670607907,2015
2015-10-19,0.00014624208847302533,2015
2015-10-20,0.003061260501514118,2015
2015-10-21,-0.00421463166845959,2015
2015-10-22,0.012842789214180694,2015
2015-10-23,-0.01858780840573493,2015
2015-10-26,-0.006019481463173992,2015
2015-10-27,-0.007385690954819446,2015
2015-10-28,-0.006993876300539048,2015
2015-10-29,-0.003446928050443443,2015
2015-10-30,0.005563949151494718,2015
2015-11-02,0.0014956048752023943,2015
2015-11-03,0.0035835076368770924,2015
2015-11-04,0.006844153830380062,2015
2015-11-05,-0.010787549029655397,2015
2015-11-06,-0.028980983684127937,2015
2015-11-09,0.0016920780677971425,2015
2015-11-10,0.007525718601064657,2015
2015-11-11,0.0045733900510842584,2015
2015-11-12,-0.01016698398927951,2015
2015-11-13,-0.003679483888327839,2015
2015-11-16,0.01769510329572932,2015
2015-11-17,-0.018294335970863163,2015
2015-11-18,0.006930288808155938,2015
2015-11-19,0.007188566951955355,2015
2015-11-20,0.0028856950714548635,2015
2015-11-23,-0.007722656090390245,2015
2015-11-24,0.00015258992535116533,2015
2015-11-25,-0.006255905825015673,2015
2015-11-27,-0.0010745928724706921,2015
2015-11-30,0.00445736605007907,2015
2015-12-01,0.00703895297009649,2015
2015-12-02,-0.024920099391844364,2015
2015-12-03,-0.011064379232470167,2015
2015-12-04,0.002453320203390952,2015
2015-12-07,-0.0033810900576468628,2015
2015-12-08,-0.0019387197111092602,2015
2015-12-09,0.00016190701555562903,2015
2015-12-10,-0.009062834657435292,2015
2015-12-11,-0.010779132978629868,2015
2015-12-14,-0.004622739798529563,2015
2015-12-15,0.010449367628819317,2015
2015-12-16,0.029054722225955176,2015
2015-12-17,-0.0035095615743314656,2015
2015-12-18,-0.0038415681977628235,2015
2015-12-21,0.007231051502547103,2015
2015-12-22,0.007019654738654957,2015
2015-12-23,0.020437441128453582,2015
2015-12-24,-0.0010866896619411426,2015
2015-12-28,-0.0010881588532064557,2015
2015-12-29,0.007157261694695549,2015
2015-12-30,-0.004943478782648003,2015
2015-12-31,0.0,2015
2016-01-04,0.0,2016
2016-01-05,0.007831910559228605,2016
2016-01-06,-0.007771048403183323,2016
2016-01-07,-0.012217961742071015,2016
2016-01-08,0.004440009792502808,2016
2016-01-11,0.0022104831673446235,2016
2016-01-12,-0.006458961112806971,2016
2016-01-13,-0.008720213573937818,2016
2016-01-14,0.021433033584740135,2016
2016-01-15,-0.016285642433970793,2016
2016-01-19,0.011302149284788454,2016
2016-01-20,-0.024083013481542292,2016
2016-01-21,0.005322681351860981,2016
2016-01-22,0.022621318886796082,2016
2016-01-25,-0.018512720663035442,2016
2016-01-26,0.011828589454138116,2016
2016-01-27,0.0017379195531508351,2016
2016-01-28,0.01592807679553676,2016
2016-01-29,0.024526458996662726,2016
2016-02-01,0.005454852718603576,2016
2016-02-02,0.0013559436488446153,2016
2016-02-03,0.019262823772785653,2016
2016-02-04,-0.0005906436734600673,2016
2016-02-05,0.001920294457881333,2016
2016-02-08,-0.01076369765911156,2016
2016-02-09,0.0023850210220404122,2016
2016-02-10,-0.005799399007987871,2016
2016-02-11,-0.022734215253118473,2016
2016-02-12,-0.0015304796347573868,2016
2016-02-16,0.009963366355223657,2016
2016-02-17,0.0033389304473723236,2016
2016-02-18,0.011949739233470424,2016
2016-02-19,-0.004783129231070493,2016
2016-02-22,0.006908938380091101,2016
2016-02-23,-0.0035799699076856095,2016
2016-02-24,0.011826121668095047,2016
2016-02-25,0.0075458298718946715,2016
2016-02-26,-0.02114529592685188,2016
2016-02-29,0.003299899412904983,2016
2016-03-01,0.0019440124058953678,2016
2016-03-02,0.008207579467695014,2016
2016-03-03,0.0071050142092083934,2016
2016-03-04,0.007495650064037962,2016
2016-03-07,0.007001773004270184,2016
2016-03-08,0.0011592197202892063,2016
2016-03-09,0.006945572632764074,2016
2016-03-10,0.0017243055344864366,2016
2016-03-11,0.005020788235496676,2016
2016-03-14,0.0,2016
2016-03-15,-0.0012845096656716182,2016
2016-03-16,0.010432865567505667,2016
2016-03-17,0.011315415531963247,2016
2016-03-18,-0.0030768666546772128,2016
2016-03-21,-0.0025254808452489508,2016
2016-03-22,-0.0008436697669619297,2016
2016-03-23,-0.002533839621806866,2016
2016-03-24,0.005786093153598015,2016
2016-03-28,-0.0033674924954751884,2016
2016-03-29,0.01520491867918472,2016
2016-03-30,-0.002496326659247594,2016
2016-03-31,0.0044489917435770465,2016
2016-04-01,0.0034599190052990725,2016
2016-04-04,-0.0064828412633576304,2016
2016-04-05,-0.01971386826981425,2016
2016-04-06,0.0002833200754066567,2016
2016-04-07,-0.0015573832997439752,2016
2016-04-08,0.0072116234401329304,2016
2016-04-11,-0.003241840260851614,2016
2016-04-12,0.008060013996171289,2016
2016-04-13,-0.0032261205626396006,2016
2016-04-14,-0.0016887577208510862,2016
2016-04-15,0.004933651565213637,2016
2016-04-18,0.0035067727832205353,2016
2016-04-19,0.004333446783348238,2016
2016-04-20,-0.019345941551495494,2016
2016-04-21,-0.016889055505625805,2016
2016-04-22,0.00923930226930958,2016
2016-04-25,0.0011443288877388547,2016
2016-04-26,0.006143550633515238,2016
2016-04-27,0.0164723844369552,2016
2016-04-28,-0.004609940074300933,2016
2016-04-29,0.004350825463353303,2016
2016-05-02,0.00600885023654163,2016
2016-05-03,-0.00472273178624405,2016
2016-05-04,0.00893205689776444,2016
2016-05-05,-0.0020747540880982074,2016
2016-05-06,-0.00041584762129454056,2016
2016-05-09,0.0,2016
2016-05-10,0.003882830720620456,2016
2016-05-11,0.0009671018058541314,2016
2016-05-12,0.003174198560897512,2016
2016-05-13,-0.004264804078187745,2016
2016-05-16,0.0029012814212396876,2016
2016-05-17,-0.010882826883761298,2016
2016-05-18,-0.014345614041247456,2016
2016-05-19,0.007912875999752655,2016
2016-05-20,0.005187259221765439,2016
2016-05-23,-0.007531364319715572,2016
2016-05-24,0.011382860705744902,2016
2016-05-25,-0.004446214246305091,2016
2016-05-26,0.008234380742902392,2016
2016-05-27,0.0035989672587946053,2016
2016-05-31,0.0074483449959759085,2016
2016-06-01,0.003970608723688374,2016
2016-06-02,0.0012269622801961422,2016
2016-06-03,0.01566339372414083,2016
2016-06-06,0.0017435874348576963,2016
2016-06-07,-0.0006692723648790144,2016
2016-06-08,0.0064298448119592955,2016
2016-06-09,0.0051909542458155045,2016
2016-06-10,-0.008871899052756538,2016
2016-06-13,-0.003740858763626398,2016
2016-06-14,0.0018776588038673658,2016
2016-06-15,-0.006960291230726057,2016
2016-06-16,0.004717609355623598,2016
2016-06-17,0.004427207408864042,2016
2016-06-20,-0.0025376410597879318,2016
2016-06-21,0.004017121032247939,2016
2016-06-22,-0.008002260681284401,2016
2016-06-23,0.0061844412278446725,2016
2016-06-24,-0.0049437292794326515,2016
2016-06-27,0.009533910812345336,2016
2016-06-28,0.008113793317783058,2016
2016-06-29,0.006465450101441839,2016
2016-06-30,0.01940233192323415,2016
2016-07-01,-0.00012888750003159366,2016
2016-07-05,0.002958151714290258,2016
2016-07-06,0.0035909425802431727,2016
2016-07-07,-0.01584490139303829,2016
2016-07-08,0.010127146558146505,2016
2016-07-11,0.0012856048610041526,2016
2016-07-12,-0.008857523863496919,2016
2016-07-13,0.006087327345550175,2016
2016-07-14,-0.006693855904952417,2016
2016-07-15,0.0031101814655019044,2016
2016-07-18,0.0012918512088007095,2016
2016-07-19,-0.004386722445076541,2016
2016-07-20,-0.004665909693813308,2016
2016-07-21,0.004687782463451917,2016
2016-07-22,0.011663778147720016,2016
2016-07-25,-0.0028185628629786574,2016
2016-07-26,-0.0065517381383783935,2016
2016-07-27,-0.012026396960550412,2016
2016-07-28,0.003403243878032036,2016
2016-07-29,0.004695862176000043,2016
2016-08-01,-0.002596530253229812,2016
2016-08-02,-0.006248695853873887,2016
2016-08-03,-0.001702597276343698,2016
2016-08-04,-0.0035429144212664188,2016
2016-08-05,-0.013299910085958766,2016
2016-08-08,-0.0020018180890174486,2016
2016-08-09,-0.004011995697756676,2016
2016-08-10,0.0009398812026484293,2016
2016-08-11,0.0036218048271705605,2016
2016-08-12,0.0016039733966244363,2016
2016-08-15,-0.010808866948270435,2016
2016-08-16,-0.010791693312464545,2016
2016-08-17,0.012682411382936465,2016
2016-08-18,0.01117677523948557,2016
2016-08-19,-0.010121153492479218,2016
2016-08-22,0.001749216922255048,2016
2016-08-23,-0.002149053210970364,2016
2016-08-24,-0.001480475066160003,2016
2016-08-25,-0.0004042741675023276,2016
2016-08-26,-0.01806894526419489,2016
2016-08-29,0.006591513922942438,2016
2016-08-30,-0.00941321697264641,2016
2016-08-31,0.0019279191776175875,2016
2016-09-01,-0.003986266923780124,2016
2016-09-02,0.012558309680503754,2016
2016-09-06,0.012403141182680821,2016
2016-09-07,0.0035002921186890745,2016
2016-09-08,0.005366414495695526,2016
2016-09-09,-0.0368296025065209,2016
2016-09-12,0.014824134044252535,2016
2016-09-13,-0.016382344579214725,2016
2016-09-14,0.004857900542113436,2016
2016-09-15,0.007872814746559431,2016
2016-09-16,0.007537211236055885,2016
2016-09-19,0.010881483730880825,2016
2016-09-20,0.000942070015815144,2016
2016-09-21,0.01976071774922028,2016
2016-09-22,0.0060636217063894104,2016
2016-09-23,-0.004192874481963149,2016
2016-09-26,-0.0015790696174886598,2016
2016-09-27,-0.010542807771702689,2016
2016-09-28,-0.0007993732114730534,2016
2016-09-29,-0.013729467351022762,2016
2016-09-30,-0.005135894319394874,2016
2016-10-03,-0.013449340985465907,2016
2016-10-04,-0.021756916403198545,2016
2016-10-05,-0.0004222001457188096,2016
2016-10-06,-0.000563344475535521,2016
2016-10-07,0.002817876870780056,2016
2016-10-10,0.010397754521139335,2016
2016-10-11,-0.01223726953903359,2016
2016-10-12,0.007883735460916474,2016
2016-10-13,0.010616056806317609,2016
2016-10-14,-0.0038699505567223458,2016
2016-10-17,0.004994932294083876,2016
2016-10-18,0.008560142691399486,2016
2016-10-19,-0.0008215029058982193,2016
2016-10-20,-0.0016440196972361543,2016
2016-10-21,-0.0041169861285446085,2016
2016-10-24,0.002618322274184459,2016
2016-10-25,0.0028861286082839666,2016
2016-10-26,0.000548212906815948,2016
2016-10-27,-0.004382963406752705,2016
2016-10-28,0.002888908024402337,2016
2016-10-31,0.016872342702808574,2016
2016-11-01,-0.01659239020894454,2016
2016-11-02,-0.022085028955572628,2016
2016-11-03,0.006171847649830919,2016
2016-11-04,0.0011154656531213725,2016
2016-11-07,0.017546375787707014,2016
2016-11-08,0.0072529957925489,2016
2016-11-09,-0.03858669313926999,2016
2016-11-10,-0.023318194014993132,2016
2016-11-11,-0.004919806478240418,2016
2016-11-14,0.0010180091778184686,2016
2016-11-15,0.015688425495587133,2016
2016-11-16,-0.004433585821811636,2016
2016-11-17,0.003447605468364534,2016
2016-11-18,-0.0024334031500440334,2016
2016-11-21,0.009328062864425002,2016
2016-11-22,0.004834551741086379,2016
2016-11-23,-0.007216632438886816,2016
2016-11-25,0.011402424911549636,2016
2016-11-28,0.016064984326844556,2016
2016-11-29,-0.0004156520543735498,2016
2016-11-30,-0.024420797046056375,2016
2016-12-01,-0.00896009343913795,2016
2016-12-02,0.007650156919281725,2016
2016-12-05,0.0023362255779133534,2016
2016-12-06,-0.0018935952203887885,2016
2016-12-07,0.012113150607854672,2016
2016-12-08,0.003316537316406798,2016
2016-12-09,0.008910344875144416,2016
2016-12-12,0.007122547894254039,2016
2016-12-13,0.010184052181655856,2016
2016-12-14,-0.021002552026652133,2016
2016-12-15,0.00672199663449824,2016
2016-12-16,0.011649309904686822,2016
2016-12-19,0.00547673050710884,2016
2016-12-20,-0.0011174587346530762,2016
2016-12-21,-0.0033553717857771614,2016
2016-12-22,0.0014028415282154594,2016
2016-12-23,0.0002801416538709134,2016
2016-12-27,0.0008403575938287222,2016
2016-12-28,-0.009235836118464458,2016
2016-12-29,0.012146890740925897,2016
2016-12-30,-0.005302814148236523,2016
2017-01-03,0.0,2017
2017-01-04,0.007027360798801396,2017
2017-01-05,-0.0009769683744681457,2017
2017-01-06,0.0071247415469211095,2017
2017-01-09,-0.011097052472574198,2017
2017-01-10,-0.0014025606512202415,2017
2017-01-11,0.0098324723832941,2017
2017-01-12,-0.0015300990676574422,2017
2017-01-13,-0.00013920673219136592,2017
2017-01-17,0.012400818108019074,2017
2017-01-18,-0.002339833733623786,2017
2017-01-19,-0.009104688905271274,2017
2017-01-20,0.002784450995056975,2017
2017-01-23,-0.005414631887965982,2017
2017-01-24,0.0022334186643206966,2017
2017-01-25,0.0025071952175672596,2017
2017-01-26,-0.00013923654046776868,2017
2017-01-27,-0.0012503865789618152,2017
2017-01-30,0.0012519520029437015,2017
2017-01-31,0.015562079351879143,2017
2017-02-01,-0.013134255018739993,2017
2017-02-02,0.008457057272353241,2017
2017-02-03,0.0038493140801665326,2017
2017-02-06,-0.0031500114295721637,2017
2017-02-07,0.000687034971134759,2017
2017-02-08,0.010708345070425507,2017
2017-02-09,-0.006791588643046853,2017
2017-02-10,0.008205570052769895,2017
2017-02-13,0.004611973688310567,2017
2017-02-14,-0.004455393986728451,2017
2017-02-15,-0.001492238755923192,2017
2017-02-16,0.007470551981552109,2017
2017-02-17,0.00242716228703288,2017
2017-02-21,0.011028767597578204,2017
2017-02-22,0.0010642283937221109,2017
2017-02-23,0.008505015238680302,2017
2017-02-24,0.012649816420032156,2017
2017-02-27,-0.005204583923613337,2017
2017-02-28,0.007848073042506565,2017
2017-03-01,-0.007268296768701443,2017
2017-03-02,0.005621768629817447,2017
2017-03-03,-0.001690006993481874,2017
2017-03-06,-0.0020835538198682446,2017
2017-03-07,-0.0003915015823253709,2017
2017-03-08,-0.013185506701002603,2017
2017-03-09,-0.0010579186036648869,2017
2017-03-10,0.008343079383204444,2017
2017-03-13,0.0,2017
2017-03-14,-0.0024955979844586418,2017
2017-03-15,0.018038355937642914,2017
2017-03-16,-0.008794636897371033,2017
2017-03-17,0.005871444125922443,2017
2017-03-20,-0.00674527623321397,2017
2017-03-21,0.01083958768474691,2017
2017-03-22,0.002325641225129127,2017
2017-03-23,-0.0021909818753073074,2017
2017-03-24,0.004908921861077831,2017
2017-03-27,-0.005399288519526424,2017
2017-03-28,0.001421879313283858,2017
2017-03-29,-0.001419860443092169,2017
2017-03-30,-0.007238002922364317,2017
2017-03-31,0.003645269652972072,2017
2017-04-03,-0.0016862023553305683,2017
2017-04-04,0.006367080311141304,2017
2017-04-05,0.003098464830747494,2017
2017-04-06,-0.0005146226640870832,2017
2017-04-07,-0.004893904258706283,2017
2017-04-10,0.003753195548761079,2017
2017-04-11,-0.0005158717761301057,2017
2017-04-12,0.006579193223094526,2017
2017-04-13,-0.004998435034564541,2017
2017-04-17,0.005281099199117456,2017
2017-04-18,0.00256255068889244,2017
2017-04-19,-0.007795928932339491,2017
2017-04-20,-0.002446843117371089,2017
2017-04-21,0.004647658525958942,2017
2017-04-24,0.005397903444682273,2017
2017-04-25,-0.0005110703934682048,2017
2017-04-26,-0.0015349923564882406,2017
2017-04-27,0.0030745507099585456,2017
2017-04-28,-0.0038311021681368684,2017
2017-05-01,-0.007435031697527461,2017
2017-05-02,0.0007746034785427458,2017
2017-05-03,-0.006968280003043392,2017
2017-05-04,0.0003899514583312058,2017
2017-05-05,0.006365114234302638,2017
2017-05-08,-0.0003871017690550982,2017
2017-05-09,-0.00942663517019715,2017
2017-05-10,0.0041715312247552205,2017
2017-05-11,-0.00025967168000418095,2017
2017-05-12,0.004285111472868142,2017
2017-05-15,0.0042669827417600725,2017
2017-05-16,-0.007081241416887707,2017
2017-05-17,0.00025929086049480965,2017
2017-05-18,0.002333479324814869,2017
2017-05-19,0.006725055042111849,2017
2017-05-22,0.007836686613209354,2017
2017-05-23,0.003314246788678421,2017
2017-05-24,0.008893379648097666,2017
2017-05-25,0.006926232000033172,2017
2017-05-26,0.00012481568309063995,2017
2017-05-30,0.002000851700723949,2017
2017-05-31,0.0037439371257486087,2017
2017-06-01,0.00808164403048206,2017
2017-06-02,0.0013565960571944036,2017
2017-06-05,-0.004680523727549346,2017
2017-06-06,0.0004951989011809932,2017
2017-06-07,0.0008657982324393743,2017
2017-06-08,-0.006920320074902286,2017
2017-06-09,-0.0004978971291240697,2017
2017-06-12,-0.0019920579040163533,2017
2017-06-13,0.003368274842008967,2017
2017-06-14,0.0032325830410828704,2017
2017-06-15,0.005329074474139217,2017
2017-06-16,0.0071497638975703826,2017
2017-06-19,-0.0034268691945381624,2017
2017-06-20,-0.0019650708581302467,2017
2017-06-21,-0.007014773028297672,2017
2017-06-22,0.001982997863434699,2017
2017-06-23,0.0006183955158609589,2017
2017-06-26,0.008652705713702247,2017
2017-06-27,-0.01041676084095855,2017
2017-06-28,-0.00730649052852439,2017
2017-06-29,-0.00711081075782849,2017
2017-06-30,0.0,2017
2017-07-03,-0.0030154561059161367,2017
2017-07-05,-0.005166685802539983,2017
2017-07-06,-0.0021536901755683235,2017
2017-07-07,0.0006344964117792617,2017
2017-07-10,0.0019032714704156906,2017
2017-07-11,-0.00012660828407040636,2017
2017-07-12,0.014564378931658517,2017
2017-07-13,-0.000499600686308943,2017
2017-07-14,0.007618655109507877,2017
2017-07-17,0.0012393226344649122,2017
2017-07-18,0.0032186513383130055,2017
2017-07-19,0.005676181662680468,2017
2017-07-20,0.007239326370492405,2017
2017-07-21,0.007065206670081148,2017
2017-07-24,-0.004354412416594067,2017
2017-07-25,-0.002794409665018427,2017
2017-07-26,0.006822737860868067,2017
2017-07-27,-0.0002418987506034309,2017
2017-07-28,0.0008471045597369109,2017
2017-07-31,0.00350689803339832,2017
2017-08-01,0.00578453025935266,2017
2017-08-02,0.00035939098857817875,2017
2017-08-03,0.0029945673225573177,2017
2017-08-04,0.0007163068790170257,2017
2017-08-07,0.0011936821163973654,2017
2017-08-08,0.0021453226247825086,2017
2017-08-09,-0.0051144973150636375,2017
2017-08-10,-0.00023869130911247094,2017
2017-08-11,-0.002989481520315307,2017
2017-08-14,0.00863509667152007,2017
2017-08-15,0.003091517813365696,2017
2017-08-16,0.0041488734232077995,2017
2017-08-17,-0.010270101452042879,2017
2017-08-18,0.007871836371222019,2017
2017-08-21,0.0041422837818223535,2017
2017-08-22,0.003535387522015432,2017
2017-08-23,0.0022313197758481174,2017
2017-08-24,-0.0003515440705331718,2017
2017-08-25,-0.0003513864755577689,2017
2017-08-28,0.00281418983522852,2017
2017-08-29,-0.0010524122479577125,2017
2017-08-30,-0.004682151679360591,2017
2017-08-31,0.0032927336962034204,2017
2017-09-01,-0.0014062489564039549,2017
2017-09-05,-0.001643591264866906,2017
2017-09-06,-0.005996484702588956,2017
2017-09-07,0.006269192600414586,2017
2017-09-08,0.0014108506122756381,2017
2017-09-11,0.009273177822634704,2017
2017-09-12,-0.014072887989047489,2017
2017-09-13,-0.0053086164866680274,2017
2017-09-14,0.008183249593344932,2017
2017-09-15,0.0022346410495368563,2017
2017-09-18,-0.00868513008582561,2017
2017-09-19,-0.0003553487911004405,2017
2017-09-20,-0.006395710429862755,2017
2017-09-21,-0.00047694618315430315,2017
2017-09-22,-0.003935628536064328,2017
2017-09-25,0.0056274192182796945,2017
2017-09-26,-0.0003571231172841971,2017
2017-09-27,-0.010719306889352187,2017
2017-09-28,0.00445448386607139,2017
2017-09-29,0.0002396801312647412,2017
2017-10-02,0.0022771343597676186,2017
2017-10-03,-0.0002395085399494734,2017
2017-10-04,0.007175573055662632,2017
2017-10-05,-0.0028498943592060177,2017
2017-10-06,-0.003452958475796075,2017
2017-10-09,0.0021504909357168422,2017
2017-10-10,0.00810801823426277,2017
2017-10-11,0.004612559998819599,2017
2017-10-12,0.0018836366445424968,2017
2017-10-13,-0.009283058288237944,2017
2017-10-16,-0.0021350324811344468,2017
2017-10-17,0.005111030456657062,2017
2017-10-18,-0.0036658935643935076,2017
2017-10-19,0.005341168974704491,2017
2017-10-20,0.0007081882164732267,2017
2017-10-23,-0.0016516471573320146,2017
2017-10-24,0.001654379608709844,2017
2017-10-25,-0.0029494154134251938,2017
2017-10-26,0.0009467524828477014,2017
2017-10-27,0.008748255411450634,2017
2017-10-30,-0.0009377947302149359,2017
2017-10-31,0.0018770686098126266,2017
2017-11-01,-0.0059712090982148025,2017
2017-11-02,-0.0009424031988018999,2017
2017-11-03,0.010728640160204028,2017
2017-11-06,0.0,2017
2017-11-07,0.009914658810143084,2017
2017-11-08,-0.001732061340034785,2017
2017-11-09,-0.001620149561448625,2017
2017-11-10,0.00011607660249479679,2017
2017-11-13,0.011703124968508227,2017
2017-11-14,0.008475718470020821,2017
2017-11-15,-0.006587175256203892,2017
2017-11-16,-0.0020578322799836846,2017
2017-11-17,-0.00515556712337728,2017
2017-11-20,-0.003224035446708795,2017
2017-11-21,0.001964167438500919,2017
2017-11-22,0.001383224383032955,2017
2017-11-24,0.0005760883422012419,2017
2017-11-27,0.0016108348816599172,2017
2017-11-28,0.004135997142797887,2017
2017-11-29,-0.0009152408218405794,2017
2017-11-30,0.0026337364439228406,2017
2017-12-01,-0.001937915458438133,2017
2017-12-04,-0.008443019485422365,2017
2017-12-05,-0.009244671561041695,2017
2017-12-06,0.002823937025302925,2017
2017-12-07,0.0025711529638490216,2017
2017-12-08,0.005739419725679706,2017
2017-12-11,0.007649150135888183,2017
2017-12-12,-0.014097954206078178,2017
2017-12-13,-0.0014667559091560145,2017
2017-12-14,0.0,2017
2017-12-15,0.0033048395263404196,2017
2017-12-18,-0.007441787034187963,2017
2017-12-19,-0.015609582082296458,2017
2017-12-20,-0.00549394446069662,2017
2017-12-21,-0.0097927299916869,2017
2017-12-22,0.00507174576749625,2017
2017-12-26,-0.002649250048010532,2017
2017-12-27,0.0010119257952756477,2017
2017-12-28,0.006191474259190866,2017
2017-12-29,0.001758086949834814,2017
2017-12-30,0.0,2017
2018-01-02,0.0,2018
2018-01-03,-0.005644160568962775,2018
2018-01-04,-0.007315781086470574,2018
2018-01-05,0.0022871396068453453,2018
2018-01-08,0.006211882768055066,2018
2018-01-09,-0.007433249533907227,2018
2018-01-10,-0.00913962773142829,2018
2018-01-11,0.006405303120605055,2018
2018-01-12,-0.0011454991871469034,2018
2018-01-16,-0.004587686581912442,2018
2018-01-17,0.005376968860122178,2018
2018-01-18,-0.002419417020938619,2018
2018-01-19,0.0014039134359440375,2018
2018-01-22,0.0003825135660653345,2018
2018-01-23,0.00981124194684635,2018
2018-01-24,-0.004290051793424343,2018
2018-01-25,0.012292545978050962,2018
2018-01-26,0.0060090855127363785,2018
2018-01-29,-0.012070810929554865,2018
2018-01-30,-0.0028971401278637954,2018
2018-01-31,0.011243149030693456,2018
2018-02-01,-0.009868917761080342,2018
2018-02-02,-0.01072413393248517,2018
2018-02-05,-0.022828756204136935,2018
2018-02-06,-0.010441140119766157,2018
2018-02-07,-0.004088495730651509,2018
2018-02-08,-0.021189172388605182,2018
2018-02-09,0.019483000911731718,2018
2018-02-12,0.009157272065524191,2018
2018-02-13,0.0034188886224548742,2018
2018-02-14,-0.002883048934262389,2018
2018-02-15,0.020899146362991727,2018
2018-02-16,0.005922447372427753,2018
2018-02-20,-0.008191476901579287,2018
2018-02-21,-0.015614869785385954,2018
2018-02-22,0.006030293591568148,2018
2018-02-23,0.02541058895541548,2018
2018-02-26,-0.0031769743739687994,2018
2018-02-27,-0.01466113749474185,2018
2018-02-28,-0.006986298364118015,2018
2018-03-01,0.0036480413809008017,2018
2018-03-02,-0.0006489546761602183,2018
2018-03-05,0.01883612051012684,2018
2018-03-06,-0.006247740197217744,2018
2018-03-07,-0.005260698773080441,2018
2018-03-08,0.009673966348223484,2018
2018-03-09,0.0033214193489852217,2018
2018-03-12,0.002164198684568852,2018
2018-03-13,0.0035573453748471984,2018
2018-03-14,0.008482120342766075,2018
2018-03-15,0.002259648549281401,2018
2018-03-16,0.009018002361044886,2018
2018-03-19,-0.007944320597370713,2018
2018-03-20,-0.004004004716793075,2018
2018-03-21,-0.0007538315360962056,2018
2018-03-22,0.003394801020500937,2018
2018-03-23,-0.013657761196179674,2018
2018-03-26,0.011560030467210103,2018
2018-03-27,0.00841387599525767,2018
2018-03-28,0.0011208194462279941,2018
2018-03-29,0.006095415221845535,2018
2018-04-02,-0.00840760614998548,2018
2018-04-03,0.005236917622466919,2018
2018-04-04,0.0007442941040316509,2018
2018-04-05,0.005825497335929075,2018
2018-04-06,-0.009606878185359657,2018
2018-04-09,0.0042501425907508494,2018
2018-04-10,-0.0011202453032616022,2018
2018-04-11,-0.0009970550699103242,2018
2018-04-12,-0.010851720126238362,2018
2018-04-13,0.006431381065024944,2018
2018-04-16,0.012529164497132816,2018
2018-04-17,0.010766199911226737,2018
2018-04-18,-0.0023260026695040015,2018
2018-04-19,-0.0023314950854739225,2018
2018-04-20,-0.008487063093785885,2018
2018-04-23,0.0034732997373485563,2018
2018-04-24,0.0040796380987888625,2018
2018-04-25,0.0004925388936245501,2018
2018-04-26,0.008245093626943367,2018
2018-04-27,0.005614558566611194,2018
2018-04-30,-0.0015777788671550441,2018
2018-05-01,-0.0015805476399246565,2018
2018-05-02,-0.003287490506840074,2018
2018-05-03,0.00036668912657744634,2018
2018-05-04,0.00842605459015866,2018
2018-05-07,-0.0010900641588262872,2018
2018-05-08,-0.02206315688274052,2018
2018-05-09,-0.001239812502936144,2018
2018-05-10,0.013901084333512115,2018
2018-05-11,0.0030604832907736856,2018
2018-05-14,-0.0021969490620847854,2018
2018-05-15,-0.006115380141216709,2018
2018-05-16,-0.004553358462618617,2018
2018-05-17,-0.007417593845472137,2018
2018-05-18,0.0019929056312937288,2018
2018-05-21,0.006588004639338729,2018
2018-05-22,0.0035813149890242535,2018
2018-05-23,0.0049217998960602305,2018
2018-05-24,0.005387311273131523,2018
2018-05-25,0.00450642967017667,2018
2018-05-29,0.0,2018
2018-05-30,0.010184000591193065,2018
2018-05-31,0.0012004483613781147,2018
2018-06-01,-0.011867724255496648,2018
2018-06-04,-0.00618689680006812,2018
2018-06-05,-0.002197277729446445,2018
2018-06-06,-0.01553727003680938,2018
2018-06-07,0.003852365933441737,2018
2018-06-08,-0.0009905134407940386,2018
2018-06-11,0.0004956424736610732,2018
2018-06-12,0.010403756569481892,2018
2018-06-13,-0.001470540854621838,2018
2018-06-14,0.007856358750142345,2018
2018-06-15,0.005968480752800209,2018
2018-06-18,0.0014527628145395433,2018
2018-06-19,0.007858989258739735,2018
2018-06-20,0.0017992983837165077,2018
2018-06-21,0.0009579293856405435,2018
2018-06-22,0.007058188428346934,2018
2018-06-25,0.01069143821579499,2018
2018-06-26,0.0037612099416426403,2018
2018-06-27,0.0032784862687766925,2018
2018-06-28,0.0004669002622494922,2018
2018-06-29,0.0010501344536881785,2018
2018-07-02,0.006176427504213544,2018
2018-07-03,0.0016217243618388277,2018
2018-07-05,0.0035843141452218674,2018
2018-07-06,0.0063374117458776524,2018
2018-07-09,-0.026105086826490265,2018
2018-07-10,0.007641664245334523,2018
2018-07-11,0.004433734716800419,2018
2018-07-12,0.0005806811175661508,2018
2018-07-13,0.0,2018
2018-07-16,-0.0006964787086044533,2018
2018-07-17,-0.0011618920466989202,2018
2018-07-18,-0.005466177651070159,2018
2018-07-19,0.008185935723886262,2018
2018-07-20,-0.0070756331785910564,2018
2018-07-23,-0.0063084472562575655,2018
2018-07-24,0.0,2018
2018-07-25,0.0008231308287203198,2018
2018-07-26,0.010924263113630595,2018
2018-07-27,-0.0033695859586367893,2018
2018-07-30,-0.0027983950259091728,2018
2018-07-31,0.00900289612266092,2018
2018-08-01,-0.003823760443318336,2018
2018-08-02,0.004885122624227911,2018
2018-08-03,0.008102749355993755,2018
2018-08-06,0.0020669696071300425,2018
2018-08-07,-0.0030940590846045835,2018
2018-08-08,-0.002873298095512955,2018
2018-08-09,0.005417854563548374,2018
2018-08-10,-0.0048154366230114265,2018
2018-08-13,-0.0013826268814356446,2018
2018-08-14,0.0032304000439162817,2018
2018-08-15,0.003104698112225579,2018
2018-08-16,0.01329860187524945,2018
2018-08-17,0.004864488516054255,2018
2018-08-20,-0.0015761243909283573,2018
2018-08-21,-0.004961773278848947,2018
2018-08-22,-0.006119580713132788,2018
2018-08-23,-0.0019386528190850072,2018
2018-08-24,0.005598157012830285,2018
2018-08-27,-0.0029538485142556192,2018
2018-08-28,0.00045576965591354046,2018
2018-08-29,0.0062642520395448376,2018
2018-08-30,0.001358306336580739,2018
2018-08-31,-0.004295351449312923,2018
2018-09-04,0.00295156561781984,2018
2018-09-05,0.008375848396470875,2018
2018-09-06,0.00022457815930354563,2018
2018-09-07,-0.008079692852160814,2018
2018-09-10,0.0055433020484376705,2018
2018-09-11,-0.0011250340340003273,2018
2018-09-12,0.0014642808376945649,2018
2018-09-13,0.00674830838338325,2018
2018-09-14,-0.0029043616179242893,2018
2018-09-17,0.002352636670565067,2018
2018-09-18,-0.0014531506914544634,2018
2018-09-19,-0.018806716605688667,2018
2018-09-20,0.0025101697744667195,2018
2018-09-21,0.004438206365088737,2018
2018-09-24,-0.008724103126795835,2018
2018-09-25,-0.011772883765385544,2018
2018-09-26,-0.008559007858489509,2018
2018-09-27,0.010032811828012411,2018
2018-09-28,0.016170000225069536,2018
2018-10-01,-0.0032961154024775396,2018
2018-10-02,0.012315796001581392,2018
2018-10-03,-0.010363434598299914,2018
2018-10-04,0.0037561014644547086,2018
2018-10-05,0.012021108245863,2018
2018-10-08,0.007283474038492166,2018
2018-10-09,0.0033374320225090237,2018
2018-10-10,-0.006763392374864452,2018
2018-10-11,-0.01763786169833681,2018
2018-10-12,0.002045337565024896,2018
2018-10-15,0.0030618725274815795,2018
2018-10-16,0.01198428541154084,2018
2018-10-17,-0.002569518018237238,2018
2018-10-18,-0.00033570620282408203,2018
2018-10-19,0.012324764523709009,2018
2018-10-22,-0.011068298037260504,2018
2018-10-23,-0.005931658213594648,2018
2018-10-24,0.012609888007347081,2018
2018-10-25,-0.010896046800851433,2018
2018-10-26,-0.01776091136208524,2018
2018-10-29,0.00949881672398023,2018
2018-10-30,0.005668280554778082,2018
2018-10-31,-0.006989317622321689,2018
2018-11-01,0.0,2018
2018-11-02,-0.002383746615110649,2018
2018-11-05,0.012972373187734254,2018
2018-11-06,0.00483031719558058,2018
2018-11-07,0.012744431605759665,2018
2018-11-08,-0.0030908457526711564,2018
2018-11-09,-0.008304901185086533,2018
2018-11-12,-0.007592551456550467,2018
2018-11-13,0.0018001691757500993,2018
2018-11-14,-0.01561096691738495,2018
2018-11-15,-0.013690765826042006,2018
2018-11-16,0.021515188269036756,2018
2018-11-19,0.0022649763139668266,2018
2018-11-20,-0.010620371603565215,2018
2018-11-21,-0.008564432155255153,2018
2018-11-23,-0.00011496399252064471,2018
2018-11-26,0.008408671030493364,2018
2018-11-27,0.008224924656894617,2018
2018-11-28,-0.0007932228131368735,2018
2018-11-29,-0.0022676728854884587,2018
2018-11-30,0.013638120297978285,2018
2018-12-03,0.011211678991593477,2018
2018-12-04,-0.0009977107609809854,2018
2018-12-06,0.0005548373232686643,2018
2018-12-07,0.003439026370351206,2018
2018-12-10,0.0017685385003729515,2018
2018-12-11,0.002869160911550317,2018
2018-12-12,-0.0009903224774966413,2018
2018-12-13,0.006608694588775554,2018
2018-12-14,0.001083040031943927,2018
2018-12-17,-0.03163955587487999,2018
2018-12-18,-0.0085020480811695,2018
2018-12-19,-0.0006130217399589188,2018
2018-12-20,-0.0006126879643757466,2018
2018-12-21,-0.00870840836555764,2018
2018-12-24,-0.039470677752682315,2018
2018-12-26,0.01816358202380619,2018
2018-12-27,0.00822342887006755,2018
2018-12-28,0.0023843565599630523,2018
2018-12-29,0.0,2018
2018-12-30,0.0,2018
2019-01-02,0.0,2019
2019-01-03,0.0003799067791321331,2019
2019-01-04,0.01823493293762124,2019
2019-01-07,-0.007088757653666455,2019
2019-01-08,0.01202413094274446,2019
2019-01-09,-0.005198018544127381,2019
2019-01-10,0.01318741296689252,2019
2019-01-11,-0.006139865976294789,2019
2019-01-14,-0.02470936622885922,2019
2019-01-15,0.01038725284386599,2019
2019-01-16,0.00288406155700649,2019
2019-01-17,0.00400013240982533,2019
2019-01-18,0.0018679171448927612,2019
2019-01-22,-0.0007457868993917538,2019
2019-01-23,0.010821031552934013,2019
2019-01-24,0.003568375192272155,2019
2019-01-25,-0.009931784893641438,2019
2019-01-28,-0.005324515725985468,2019
2019-01-29,0.0029879534812542463,2019
2019-01-30,0.005710056996672375,2019
2019-01-31,0.017526385218702867,2019
2019-02-01,-0.0018191447408077988,2019
2019-02-04,0.001336411004309257,2019
2019-02-05,0.0008497381150698313,2019
2019-02-06,-0.0015766905379864804,2019
2019-02-07,0.01238781719942983,2019
2019-02-08,0.0040788298437730575,2019
2019-02-11,-0.0015532061795668906,2019
2019-02-12,0.0031113077545912304,2019
2019-02-13,-0.000835179991649504,2019
2019-02-14,-0.0008356895563819133,2019
2019-02-15,0.005138030838123253,2019
2019-02-19,0.0063005172968695344,2019
2019-02-20,0.0034257683850233978,2019
2019-02-21,0.005297985171640596,2019
2019-02-22,0.0036302819779774342,2019
2019-02-25,-0.005950942942606452,2019
2019-02-26,-0.0012911031659030847,2019
2019-02-27,0.0017630681432179163,2019
2019-02-28,0.0010559173587785242,2019
2019-03-01,0.005156913445827138,2019
2019-03-04,0.0005828864036283576,2019
2019-03-05,-0.0008154796978191436,2019
2019-03-06,-0.0008163294375541641,2019
2019-03-07,0.003968601678996375,2019
2019-03-08,0.002441361781551965,2019
2019-03-11,0.008698908785368609,2019
2019-03-12,0.007358788388105886,2019
2019-03-13,0.0013695433225253684,2019
2019-03-14,-0.001025647672233454,2019
2019-03-15,0.003423076493377142,2019
2019-03-18,-0.0020469351852145934,2019
2019-03-19,-0.011508662688405003,2019
2019-03-20,0.0021903097951843087,2019
2019-03-21,0.011041991525657213,2019
2019-03-22,0.004095733687598191,2019
2019-03-25,0.0,2019
2019-03-26,0.006004740594097058,2019
2019-03-27,-0.0048427307162595135,2019
2019-03-28,-0.010864957133787989,2019
2019-03-29,0.00697975417152108,2019
2019-04-01,-0.003068050317843518,2019
2019-04-02,0.0018236724272500116,2019
2019-04-03,0.0005687554149893526,2019
2019-04-04,-0.004434093716781162,2019
2019-04-05,0.00902215426207631,2019
2019-04-08,-0.005659717674890374,2019
2019-04-09,-0.0006824518435217808,2019
2019-04-10,-0.001366915137092084,2019
2019-04-11,0.004790631440578341,2019
2019-04-12,0.010444033676197062,2019
2019-04-15,-0.00033710404911646563,2019
2019-04-16,-0.013711036118621567,2019
2019-04-17,-0.004215936064371317,2019
2019-04-18,0.0002286009208007922,2019
2019-04-22,-0.0008008538265311671,2019
2019-04-23,0.003778565866336292,2019
2019-04-24,0.006045452154571196,2019
2019-04-25,0.0023809219704331586,2019
2019-04-26,0.0030538121862635492,2019
2019-04-29,-0.005750908492764495,2019
2019-04-30,0.01383675856105926,2019
2019-05-01,-0.01185790536053788,2019
2019-05-02,-0.003622802756927279,2019
2019-05-03,0.006362851888366716,2019
2019-05-06,-0.007000238928175362,2019
2019-05-07,-0.003638336637266426,2019
2019-05-08,-0.013922084743808849,2019
2019-05-09,-0.0011574907501259446,2019
2019-05-10,0.014946189327058823,2019
2019-05-13,0.007077753673139675,2019
2019-05-14,-0.0058942684713383375,2019
2019-05-15,-0.0010263583641964003,2019
2019-05-16,0.005821144960569624,2019
2019-05-17,0.00272371221053902,2019
2019-05-20,0.0019239513172519818,2019
2019-05-21,0.0038405136731634038,2019
2019-05-22,0.006076247487728059,2019
2019-05-23,0.004138310280246138,2019
2019-05-24,-0.0032303727036496754,2019
2019-05-28,-0.015755853680114895,2019
2019-05-29,-0.01203456407269976,2019
2019-05-30,-0.002068273846716484,2019
2019-05-31,0.0040300662510108776,2019
2019-06-03,0.010896224321883974,2019
2019-06-04,0.004878382656773539,2019
2019-06-05,0.01930658526466944,2019
2019-06-06,0.005427762697743699,2019
2019-06-07,-0.006059364630249586,2019
2019-06-10,-0.007648008178040455,2019
2019-06-11,-0.0051379673348893595,2019
2019-06-12,0.009206317685690246,2019
2019-06-13,0.0024477784235223954,2019
2019-06-14,0.007546111654084253,2019
2019-06-17,-0.003414650154909382,2019
2019-06-18,-0.0009945328040483759,2019
2019-06-19,0.008850451194219788,2019
2019-06-20,0.008992171378767733,2019
2019-06-21,0.005434297543924549,2019
2019-06-24,-0.0011892839258887955,2019
2019-06-25,-0.007900436969810909,2019
2019-06-26,-0.022471770743881958,2019
2019-06-27,0.0031246508339275447,2019
2019-06-28,0.00812092276057963,2019
2019-07-01,-0.0025378510893450112,2019
2019-07-02,0.009735438075494818,2019
2019-07-03,0.007121680752647741,2019
2019-07-05,-0.00021750686280541665,2019
2019-07-08,0.0005440572995787374,2019
2019-07-09,0.0009788622320967555,2019
2019-07-10,0.002281587681211006,2019
2019-07-11,0.00043368579053626455,2019
2019-07-12,-0.004551042311209397,2019
2019-07-15,0.0016328195819166336,2019
2019-07-16,-0.007063635878940877,2019
2019-07-17,0.0031738130464642467,2019
2019-07-18,0.0066549016869161814,2019
2019-07-19,-0.01224657411077723,2019
2019-07-22,-0.0023041184528975744,2019
2019-07-23,-0.005938476462206133,2019
2019-07-24,0.0009955228842140063,2019
2019-07-25,-0.0011053079566697432,2019
2019-07-26,0.0023236102895385358,2019
2019-07-29,0.001324782237249078,2019
2019-07-30,-0.0048507213232570345,2019
2019-07-31,-0.0007754804940821591,2019
2019-08-01,0.004767496285333017,2019
2019-08-02,0.0022064918069732986,2019
2019-08-05,-0.02036760586742281,2019
2019-08-06,0.013261294161175607,2019
2019-08-07,-0.0006652583011028668,2019
2019-08-08,0.01298532092124538,2019
2019-08-09,-0.003944274676459969,2019
2019-08-12,-0.0033002394488923503,2019
2019-08-13,0.002317828584561754,2019
2019-08-14,-0.009028806047196025,2019
2019-08-15,0.009444347090225458,2019
2019-08-16,0.008255411207250596,2019
2019-08-19,0.005240469796382152,2019
2019-08-20,-0.003258190439721975,2019
2019-08-21,0.006973014970066416,2019
2019-08-22,0.00043300202204310523,2019
2019-08-23,-0.011572809130805495,2019
2019-08-26,0.012255400603980116,2019
2019-08-27,-0.00043258068921558923,2019
2019-08-28,-0.0007570307135410514,2019
2019-08-29,0.007467569091934578,2019
2019-08-30,0.003007954862128903,2019
2019-09-03,0.014030131869212425,2019
2019-09-04,0.0026406357897499344,2019
2019-09-05,-0.007058048232288283,2019
2019-09-06,-0.002333961836551879,2019
2019-09-09,-0.002126706523568167,2019
2019-09-10,0.005861019563845549,2019
2019-09-11,0.011865774566902632,2019
2019-09-12,-0.0010469869857467895,2019
2019-09-13,-0.004402108615875422,2019
2019-09-16,0.0010527184975541726,2019
2019-09-17,0.005679011826255298,2019
2019-09-18,0.004287501740861677,2019
2019-09-19,0.003852078180776264,2019
2019-09-20,0.003423088297026089,2019
2019-09-23,0.002170739442268088,2019
2019-09-24,0.007116995999357112,2019
2019-09-25,-0.0001024362908271792,2019
2019-09-26,0.0026629693801656362,2019
2019-09-27,-0.0026558968082883716,2019
2019-09-30,0.0012293614211504877,2019
2019-10-01,-0.005319830121297775,2019
2019-10-02,-0.012341914529488851,2019
2019-10-03,0.0021867890139999346,2019
2019-10-04,0.01485863489683159,2019
2019-10-07,-0.0046071394924126485,2019
2019-10-08,-0.00843454622756401,2019
2019-10-09,0.002489438942452571,2019
2019-10-10,-0.0008275344550006114,2019
2019-10-11,-0.001346565951529266,2019
2019-10-14,-0.006429323839562073,2019
2019-10-15,-0.001461499755885609,2019
2019-10-16,-0.0008360349208825779,2019
2019-10-17,0.002406120970854353,2019
2019-10-18,0.003965525387339408,2019
2019-10-21,0.0033265913568818473,2019
2019-10-22,0.005698390115620455,2019
2019-10-23,0.005460135328752447,2019
2019-10-24,0.0023564603366033054,2019
2019-10-25,-0.015332801340492863,2019
2019-10-28,-0.013806677012439095,2019
2019-10-29,0.003999864794551389,2019
2019-10-30,0.006080868296201247,2019
2019-10-31,0.001875914889770014,2019
2019-11-01,0.004160942942648349,2019
2019-11-04,-0.007354535322228517,2019
2019-11-05,-0.009913710421129429,2019
2019-11-06,0.00010530513744821945,2019
2019-11-07,-0.005901237732105935,2019
2019-11-08,-0.0012722569630928549,2019
2019-11-11,-0.0068996584702583075,2019
2019-11-12,0.0038478465551623486,2019
2019-11-13,0.011179811322467925,2019
2019-11-14,0.0032642477569035933,2019
2019-11-15,0.00241394932540695,2019
2019-11-18,0.0023035256939512028,2019
2019-11-19,-0.0033428124253861435,2019
2019-11-20,0.00618389609288994,2019
2019-11-21,-0.005000390424167334,2019
2019-11-22,0.002094086066838141,2019
2019-11-25,-0.003238561095118442,2019
2019-11-26,0.0004192116569752269,2019
2019-11-27,0.003037928217226371,2019
2019-11-29,-0.0012530806043686837,2019
2019-12-02,-0.005019822302848809,2019
2019-12-03,0.003573688032991962,2019
2019-12-04,0.0021993854379425137,2019
2019-12-05,0.00031346124033615475,2019
2019-12-06,-0.0025072340770012636,2019
2019-12-09,-0.00418948412359299,2019
2019-12-10,0.000210277975524642,2019
2019-12-11,0.002839318297910287,2019
2019-12-12,-0.003670275121050004,2019
2019-12-13,0.007051476520968825,2019
2019-12-16,0.013585447564667952,2019
2019-12-17,-0.0007217509510906162,2019
2019-12-18,0.005468368950874769,2019
2019-12-19,-0.00020483988241148943,2019
2019-12-20,0.007129801945383374,2019
2019-12-23,-0.0072985315384158644,2019
2019-12-24,0.00042001407036318383,2019
2019-12-26,0.0011551479765949946,2019
2019-12-27,0.0017824134700688,2019
2019-12-30,0.0002093035931922671,2019
2019-12-31,0.0,2019
2020-01-02,0.0,2020
2020-01-03,-0.0004211394449367134,2020
2020-01-06,0.0025276844860113723,2020
2020-01-07,0.0,2020
2020-01-08,0.00031505580780089026,2020
2020-01-09,0.003570985041291941,2020
2020-01-10,0.0012562050974527228,2020
2020-01-13,0.004599230786771935,2020
2020-01-14,0.002392625753116162,2020
2020-01-15,0.014947324660142813,2020
2020-01-16,0.006136093424716549,2020
2020-01-17,0.006912259946663779,2020
2020-01-21,0.006258754106112763,2020
2020-01-22,-0.0014044368186677536,2020
2020-01-23,0.00904139745499788,2020
2020-01-24,-0.0008958743775931977,2020
2020-01-27,-0.006278179485872615,2020
2020-01-28,0.005916928947009126,2020
2020-01-29,0.003688369361779742,2020
2020-01-30,0.008045078606376821,2020
2020-01-31,-0.005025079770695218,2020
2020-02-03,0.006041004519416138,2020
2020-02-04,-0.010040365472180013,2020
2020-02-05,0.004673418376389016,2020
2020-02-06,-9.919942802461001e-05,2020
2020-02-07,-0.0017815906912778123,2020
2020-02-10,0.0025780243955697557,2020
2020-02-11,0.007219753282434738,2020
2020-02-12,0.00039307453198356157,2020
2020-02-13,0.007852341238063998,2020
2020-02-14,0.006622287575070329,2020
2020-02-18,0.006772567517342898,2020
2020-02-19,-0.007015079895091758,2020
2020-02-20,0.00232234679422727,2020
2020-02-21,-0.002703375393898644,2020
2020-02-24,-0.013166658148394683,2020
2020-02-25,-0.023839864150653867,2020
2020-02-26,-0.011457288968382717,2020
2020-02-27,-0.039548453501683456,2020
2020-02-28,-0.03461463592748848,2020
2020-03-02,0.05164495601922514,2020
2020-03-03,-0.015430961901345852,2020
2020-03-04,0.05072537603766225,2020
2020-03-05,-0.01955278842159791,2020
2020-03-06,-0.01182136630240993,2020
2020-03-09,-0.07167382185591309,2020
2020-03-10,0.022971925636418034,2020
2020-03-11,-0.05597564417847345,2020
2020-03-12,-0.11209092854372571,2020
2020-03-13,0.051228290681026634,2020
2020-03-16,-0.13264520333382435,2020
2020-03-17,0.13730829629631813,2020
2020-03-18,-0.04763716984187061,2020
2020-03-19,-0.03731657957317758,2020
2020-03-20,-0.05690684763914666,2020
2020-03-23,-0.0537823490079653,2020
2020-03-24,0.11090541398224785,2020
2020-03-25,0.030643784809673225,2020
2020-03-26,0.08206623808960467,2020
2020-03-27,-0.005719171045180382,2020
2020-03-30,0.030761403957577205,2020
2020-03-31,-0.040883159948508,2020
2020-04-01,-0.06261070751608733,2020
2020-04-02,0.026446994439761173,2020
2020-04-03,-0.03575599270656915,2020
2020-04-06,0.08398032301187253,2020
2020-04-07,-0.00830074491209698,2020
2020-04-08,0.0609793038103541,2020
2020-04-09,0.042957822666170875,2020
2020-04-13,-0.031838194959703414,2020
2020-04-14,0.023716258614688845,2020
2020-04-15,-0.03916870877675571,2020
2020-04-16,-0.0019886485902386175,2020
2020-04-17,0.03711081676893313,2020
2020-04-20,-0.034342231381724764,2020
2020-04-21,-0.019149015394141267,2020
2020-04-22,0.03144001621067405,2020
2020-04-23,-0.01573252918314627,2020
2020-04-24,0.008241837382337858,2020
2020-04-27,0.01696818848032744,2020
2020-04-28,0.004384271187428013,2020
2020-04-29,-0.004486628622688449,2020
2020-04-30,-0.023142579210622016,2020
2020-05-01,-0.027556103915951757,2020
2020-05-04,0.006923950390323563,2020
2020-05-05,0.011715345199448723,2020
2020-05-06,-0.02869733072543912,2020
2020-05-07,0.006608714673499216,2020
2020-05-08,0.02703413799064114,2020
2020-05-11,-0.005389773382455942,2020
2020-05-12,-0.008569513987113031,2020
2020-05-13,-0.011948714697591067,2020
2020-05-14,0.01235057273587259,2020
2020-05-15,-0.013724836659741446,2020
2020-05-18,0.04458160130708455,2020
2020-05-19,-0.014308329341588988,2020
2020-05-20,0.003753958500511523,2020
2020-05-21,-0.009724460270372215,2020
2020-05-22,0.012338093610760215,2020
2020-05-26,0.006715381692153244,2020
2020-05-27,0.010376686203814378,2020
2020-05-28,0.02543119381407477,2020
2020-05-29,0.0005960890286351717,2020
2020-06-01,0.015014228386833972,2020
2020-06-02,0.005635244223552993,2020
2020-06-03,0.012607958113380446,2020
2020-06-04,-0.016832024858757566,2020
2020-06-05,0.017589225922856278,2020
2020-06-08,0.03042181983870562,2020
2020-06-09,-0.025273801184423128,2020
2020-06-10,-0.007343008004858542,2020
2020-06-11,-0.04472931119414181,2020
2020-06-12,-0.0007264802253119651,2020
2020-06-15,0.008596929926430352,2020
2020-06-16,0.009844213535372015,2020
2020-06-17,-0.004755367987511416,2020
2020-06-18,0.00011938379867815208,2020
2020-06-19,-0.030096538187901256,2020
2020-06-22,0.014406732606568884,2020
2020-06-23,-0.011046326772772397,2020
2020-06-24,-0.011169772207980433,2020
2020-06-25,-0.008937193675542243,2020
2020-06-26,-0.01477956585590845,2020
2020-06-29,0.02173893490170764,2020
2020-06-30,0.0024886258028147257,2020
2020-07-01,0.017872598469877543,2020
2020-07-02,0.005487144545677891,2020
2020-07-06,-0.01346103718523839,2020
2020-07-07,-0.006638092404975482,2020
2020-07-08,0.008786169764051222,2020
2020-07-09,-0.015210800102020583,2020
2020-07-10,0.019431708153113902,2020
2020-07-13,0.0008554925611659048,2020
2020-07-14,0.011720120778528687,2020
2020-07-15,-0.0024133688368307427,2020
2020-07-16,0.009555929010550246,2020
2020-07-17,0.02192663905638703,2020
2020-07-20,-0.015945504085919993,2020
2020-07-21,0.0017872261710796256,2020
2020-07-22,0.008087605933534192,2020
2020-07-23,0.002359554762479732,2020
2020-07-24,-0.005414318139807195,2020
2020-07-27,-0.013372681977652623,2020
2020-07-28,0.012834146491308651,2020
2020-07-29,0.004026445031041881,2020
2020-07-30,-0.0001177736270997487,2020
2020-07-31,0.0027129917143193794,2020
2020-08-03,-0.011882286407241094,2020
2020-08-04,0.004286374116412972,2020
2020-08-05,-0.013515014181842533,2020
2020-08-06,0.013219470709812553,2020
2020-08-07,0.01684249368520252,2020
2020-08-10,0.0009330268730802782,2020
2020-08-11,-0.017946492763095123,2020
2020-08-12,0.011985216872649973,2020
2020-08-13,-0.0003517167457951498,2020
2020-08-14,-0.008562815743237362,2020
2020-08-17,-0.004614491476884863,2020
2020-08-18,-0.002734104192075981,2020
2020-08-19,-0.003336882222488291,2020
2020-08-20,-0.010643583146208169,2020
2020-08-21,0.0007252961470352037,2020
2020-08-24,0.01002552012948743,2020
2020-08-25,-0.008132155132831165,2020
2020-08-26,-0.012177467069308223,2020
2020-08-27,0.00756746204775216,2020
2020-08-28,0.002301587862043819,2020
2020-08-31,0.0027797950893218015,2020
2020-09-01,-0.010726727919818546,2020
2020-09-02,0.025828412589302463,2020
2020-09-03,-0.013301684662691104,2020
2020-09-04,-0.008305257027512503,2020
2020-09-08,-0.00728258982379848,2020
2020-09-09,0.01063745020891127,2020
2020-09-10,-0.016211249430989616,2020
2020-09-11,0.005410795490054188,2020
2020-09-14,0.015288516683342968,2020
2020-09-15,0.0019274990728042063,2020
2020-09-16,0.004087988410646615,2020
2020-09-17,-0.005268781605366035,2020
2020-09-18,-0.015047660541687491,2020
2020-09-21,-0.008677590077952213,2020
2020-09-22,0.0067810832410371,2020
2020-09-23,-0.018613868635406816,2020
2020-09-24,0.012228411231036684,2020
2020-09-25,0.013313768743725474,2020
2020-09-28,-0.0004864868075761253,2020
2020-09-29,0.001095279690806139,2020
2020-09-30,0.01118548419779053,2020
2020-10-01,0.005891486279937075,2020
2020-10-02,0.015419537218539503,2020
2020-10-05,0.0134197358399335,2020
2020-10-06,0.011266989061277988,2020
2020-10-07,0.008500170774878413,2020
2020-10-08,0.021981722434831097,2020
2020-10-09,-0.0016715919325588358,2020
2020-10-12,0.004576875919541035,2020
2020-10-13,-0.005445325170347015,2020
2020-10-14,0.00033557842798548343,2020
2020-10-15,0.0033509855450279957,2020
2020-10-16,0.010463659731716035,2020
2020-10-19,-0.005067541234701545,2020
2020-10-20,0.009079760612455745,2020
2020-10-21,-0.0038406435284014107,2020
2020-10-22,0.013659446765896588,2020
2020-10-23,0.004455624385178991,2020
2020-10-26,-0.005842246829591891,2020
2020-10-27,-0.00348256996182017,2020
2020-10-28,-0.030905286260437093,2020
2020-10-29,0.003493448408639299,2020
2020-10-30,-0.011903740128381246,2020
2020-11-02,0.021252948054779397,2020
2020-11-03,0.014911665338528834,2020
2020-11-04,-0.014253987005832358,2020
2020-11-05,0.015572868472426116,2020
2020-11-06,-0.003176439578286505,2020
2020-11-09,0.021426048407529485,2020
2020-11-10,0.01333911904593199,2020
2020-11-11,0.005626475960852861,2020
2020-11-12,-0.015834465208105053,2020
2020-11-13,0.013514897244753632,2020
2020-11-16,0.009101304571997426,2020
2020-11-17,-0.009648465684729435,2020
2020-11-18,-0.013131676826456329,2020
2020-11-19,-0.011481738235188166,2020
2020-11-20,-0.0011941242036287436,2020
2020-11-23,0.0031517124853237544,2020
2020-11-24,0.013868187121092834,2020
2020-11-25,-0.0007482737632026337,2020
2020-11-27,-0.005881763071108548,2020
2020-11-30,-0.01710415579746305,2020
2020-12-01,0.005800635979255286,2020
2020-12-02,0.0056582083056018195,2020
2020-12-03,-0.005951025474482008,2020
2020-12-04,-0.0030476141304212057,2020
2020-12-07,0.0037121191185613966,2020
2020-12-08,-0.0006527655003352173,2020
2020-12-09,-0.0017416642378963454,2020
2020-12-10,-0.006214954093570535,2020
2020-12-11,0.0005484311981254208,2020
2020-12-14,-0.005921580609290378,2020
2020-12-15,0.025261860751694343,2020
2020-12-16,-0.012588669971865807,2020
2020-12-17,0.007082724664792872,2020
2020-12-18,-0.004222313655367738,2020
2020-12-21,-0.009769499368515122,2020
2020-12-22,0.001793846815651312,2020
2020-12-23,0.0021260580626261127,2020
2020-12-24,0.0035736715494136817,2020
2020-12-28,0.00166901024154531,2020
2020-12-29,-0.0034439522637985664,2020
2020-12-30,0.006800046578193442,2020
2021-01-04,0.0,2021
2021-01-05,0.0070438071586846895,2021
2021-01-06,0.027423162677339352,2021
2021-01-07,-0.009833485497147798,2021
2021-01-08,0.00796697056061535,2021
2021-01-11,-0.006496584163487085,2021
2021-01-12,0.0005447715589490532,2021
2021-01-13,0.015358124277973006,2021
2021-01-14,-0.00407656974250048,2021
2021-01-15,0.00958644149992982,2021
2021-01-19,-0.001707045443997246,2021
2021-01-20,0.004488500270296125,2021
2021-01-21,-0.005745082548267555,2021
2021-01-22,-0.00021407219378599684,2021
2021-01-25,0.007706474350883674,2021
2021-01-26,-0.01550724733772535,2021
2021-01-27,-0.03678926633611712,2021
2021-01-28,0.02598577242989042,2021
2021-01-29,-0.006768774892953133,2021
2021-02-01,0.007474019433629797,2021
2021-02-02,0.013419619978376929,2021
2021-02-03,-0.0003232015560716839,2021
2021-02-04,0.008507528734901681,2021
2021-02-05,0.0046980717158959795,2021
2021-02-08,-0.0031883086228011726,2021
2021-02-09,0.002132233636149339,2021
2021-02-10,0.0031919085460814234,2021
2021-02-11,-0.004772318689595378,2021
2021-02-12,-0.0057546800625515315,2021
2021-02-16,-0.0077170038157963194,2021
2021-02-17,-0.0003239678358410991,2021
2021-02-18,0.003673984635048644,2021
2021-02-19,-0.010981082628609418,2021
2021-02-22,-0.022096444262918014,2021
2021-02-23,0.0040073752815590336,2021
2021-02-24,-0.00022189353911328258,2021
2021-02-25,-0.01962722697197572,2021
2021-02-26,-0.021038463575223765,2021
2021-03-01,0.023685451363751442,2021
2021-03-02,-0.006771847749073134,2021
2021-03-03,-0.008977044538186818,2021
2021-03-04,-0.00011508611158927984,2021
2021-03-05,0.011926821416578859,2021
2021-03-08,0.01609255676830812,2021
2021-03-09,0.01639532766178342,2021
2021-03-10,0.0069129644842007565,2021
2021-03-11,0.0006540447614076239,2021
2021-03-12,0.010564209902816701,2021
2021-03-15,0.015195388730308235,2021
2021-03-16,-0.0008489535681728277,2021
2021-03-17,-0.01912457680769919,2021
2021-03-18,-0.01234850944460919,2021
2021-03-19,0.004496290709926631,2021
2021-03-22,-0.00458532113648058,2021
2021-03-23,0.006471294649424308,2021
2021-03-24,0.0015258918495053564,2021
2021-03-25,0.01381919361220496,2021
2021-03-26,0.003756527834716472,2021
2021-03-29,0.005774268086697454,2021
2021-03-30,-0.004677801514172519,2021
2021-03-31,0.006836099983861699,2021
2021-04-01,-0.0009548916154555886,2021
2021-04-05,0.010513122318921209,2021
2021-04-06,0.005779506092384201,2021
2021-04-07,-0.002716308234029685,2021
2021-04-08,0.0009426800460130558,2021
2021-04-09,0.0005232179095908673,2021
2021-04-12,-0.0006274311170120228,2021
2021-04-13,0.01203782265499842,2021
2021-04-14,0.004240907261176652,2021
2021-04-15,0.00978494617174519,2021
2021-04-16,0.005201927758597513,2021
2021-04-19,-0.006900208269145169,2021
2021-04-20,0.009911067681147134,2021
2021-04-21,-0.005766921403035807,2021
2021-04-22,-0.008140708864397994,2021
2021-04-23,-0.0008207724066764399,2021
2021-04-26,-0.005031135250856744,2021
2021-04-27,-0.0069144279647602724,2021
2021-04-28,0.0011431297123820627,2021
2021-04-29,0.008615317638899889,2021
2021-04-30,0.007821109044424679,2021
2021-05-03,-0.001122987163783673,2021
2021-05-04,-0.0058271531176216085,2021
2021-05-05,-0.01717210751628484,2021
2021-05-06,0.004707805908141793,2021
2021-05-07,0.00312420330733465,2021
2021-05-10,0.002906699767287746,2021
2021-05-11,-0.009936843099990544,2021
2021-05-12,-0.025196113612360405,2021
2021-05-13,0.019948638761907223,2021
2021-05-14,0.007991552859499595,2021
2021-05-17,-0.007719504031506785,2021
2021-05-18,-0.001471786167814626,2021
2021-05-19,-0.0020004635571096996,2021
2021-05-20,0.005591225510155562,2021
2021-05-21,0.004930622352291136,2021
2021-05-24,0.0019836499831733523,2021
2021-05-25,-0.016149156943521703,2021
2021-05-26,0.0019061383356089312,2021
2021-05-27,-0.005284949970143726,2021
2021-05-28,0.005419366339691534,2021
2021-06-01,-0.003276522410341265,2021
2021-06-02,0.0037115335748116873,2021
2021-06-03,0.006760889510245116,2021
2021-06-04,-0.001469006350717228,2021
2021-06-07,0.002732007154017113,2021
2021-06-08,-0.004610925792491338,2021
2021-06-09,0.008948993622033274,2021
2021-06-10,0.007930880826505282,2021
2021-06-11,0.0051763106335720455,2021
2021-06-14,0.0021630356881299218,2021
2021-06-15,0.0025694702783201073,2021
2021-06-16,-0.014146661375316949,2021
2021-06-17,0.003015696653412503,2021
2021-06-18,-0.02467359503973865,2021
2021-06-21,0.013074012982259964,2021
2021-06-22,-0.00797384249724331,2021
2021-06-23,-0.008249826845551977,2021
2021-06-24,-0.0010663962743950872,2021
2021-06-25,0.01206380841855026,2021
2021-06-28,0.00780561211833497,2021
2021-06-29,-0.014548622716906712,2021
2021-06-30,-0.0018058257174611292,2021
2021-07-01,0.010960002250079093,2021
2021-07-02,0.0018943992286479805,2021
2021-07-06,0.002416061361954158,2021
2021-07-07,0.0029345228706845194,2021
2021-07-08,-0.00532912251763451,2021
2021-07-09,0.003991998583500855,2021
2021-07-12,0.0012556348181624877,2021
2021-07-13,-0.011495500652665802,2021
2021-07-14,0.005603254443269812,2021
2021-07-15,0.009461760835824506,2021
2021-07-16,0.00708181571432509,2021
2021-07-19,-0.0206827983301332,2021
2021-07-20,0.008447906192099675,2021
2021-07-21,-0.005654243148898952,2021
2021-07-22,0.0011583150783411877,2021
2021-07-23,0.008414717599418031,2021
2021-07-26,-0.0014602724105472475,2021
2021-07-27,0.015669049332960316,2021
2021-07-28,-0.003805316809954107,2021
2021-07-29,0.0025808399345530475,2021
2021-07-30,-0.010709396042653974,2021
2021-08-02,0.006245600661881845,2021
2021-08-03,0.006827054641964203,2021
2021-08-04,-0.0049317183689372435,2021
2021-08-05,0.010635120137449494,2021
2021-08-06,0.00010234118158325423,2021
2021-08-09,-0.0005109560617643227,2021
2021-08-10,0.0037818912646445657,2021
2021-08-11,0.010793040269757581,2021
2021-08-12,0.0013094481295632399,2021
2021-08-13,0.004829015542007653,2021
2021-08-16,0.003404358293451759,2021
2021-08-17,-0.0005988338652083147,2021
2021-08-18,-0.004392911082162665,2021
2021-08-19,0.0018050204294781658,2021
2021-08-20,0.014714668125213048,2021
2021-08-23,-0.009766502441914238,2021
2021-08-24,-0.004482688357593578,2021
2021-08-25,0.003102124733876277,2021
2021-08-26,-0.005087857197486612,2021
2021-08-27,0.00010034494798394356,2021
2021-08-30,-0.0006014225256303352,2021
2021-08-31,0.0007020818610814494,2021
2021-09-01,0.011729399505083782,2021
2021-09-02,0.008620883786044642,2021
2021-09-03,-0.007565015988508117,2021
2021-09-07,-0.009008026949927972,2021
2021-09-08,0.013385440653940206,2021
2021-09-09,-0.004534147582658021,2021
2021-09-10,-0.012674628423089862,2021
2021-09-13,0.004412736737065437,2021
2021-09-14,-0.004692830229988121,2021
2021-09-15,0.0022070322476228643,2021
2021-09-16,-0.01021024762254763,2021
2021-09-17,-0.010922324111479753,2021
2021-09-20,-0.006339472177730565,2021
2021-09-21,-0.0011320552086433455,2021
2021-09-22,-0.00041187634746564505,2021
2021-09-23,-0.002885830269794165,2021
2021-09-24,-0.0015503252325865802,2021
2021-09-27,-0.007764167219735496,2021
2021-09-28,-0.014605976878245719,2021
2021-09-29,0.008893463496927323,2021
2021-09-30,-0.007660762966625878,2021
2021-10-01,-0.0005287435450428424,2021
2021-10-04,0.010898230104478435,2021
2021-10-05,0.0003141349283533046,2021
2021-10-06,0.013916593719825565,2021
2021-10-07,-0.0015481264499215275,2021
2021-10-08,-0.005064516737171232,2021
2021-10-11,-0.013401191795742062,2021
2021-10-12,0.006107397390722191,2021
2021-10-13,0.013081829933148548,2021
2021-10-14,0.012810027069823926,2021
2021-10-15,0.0012239010707493225,2021
2021-10-18,-0.00916843472544282,2021
2021-10-19,0.01202938495004613,2021
2021-10-20,0.017372726416917228,2021
2021-10-21,0.0,2021
2021-10-22,0.005192871835201007,2021
2021-10-25,-0.001192335718327775,2021
2021-10-26,0.005072869751231446,2021
2021-10-27,-0.0035629120087566912,2021
2021-10-28,0.007150916004054153,2021
2021-10-29,-0.0048319833089881525,2021
2021-11-01,0.005548900208616425,2021
2021-11-02,-0.0020693669486439026,2021
2021-11-03,0.0013825992634999285,2021
2021-11-04,-0.004930473513781397,2021
2021-11-05,0.008026997854473139,2021
2021-11-08,-0.015139773142645252,2021
2021-11-09,0.005689685203790429,2021
2021-11-10,0.007245695620373249,2021
2021-11-11,-0.0017736195217522566,2021
2021-11-12,-0.0012834961935623834,2021
2021-11-15,0.012553260514839293,2021
2021-11-16,-0.0044905190842776666,2021
2021-11-17,-0.0004903681443386709,2021
2021-11-18,-0.006376669416512493,2021
2021-11-19,0.005923931336250465,2021
2021-11-22,0.004220712048655706,2021
2021-11-23,0.002345736484510752,2021
2021-11-24,0.0018528896366012404,2021
2021-11-26,-0.01936937505702141,2021
2021-11-29,0.014789184751539342,2021
2021-11-30,-0.02640843642766255,2021
2021-12-01,-0.00020107293773830026,2021
2021-12-02,0.013967284773404476,2021
2021-12-03,0.004459529171073839,2021
2021-12-06,0.019238156678196283,2021
2021-12-07,0.005517114800852818,2021
2021-12-08,-0.0009624228794115064,2021
2021-12-09,-0.0038541520010331176,2021
2021-12-10,0.004836141254045412,2021
2021-12-13,0.008567817104724096,2021
2021-12-14,-0.007540320662390854,2021
2021-12-15,0.014522076394646755,2021
2021-12-16,0.0031282618808163853,2021
2021-12-17,-0.01365946902158921,2021
2021-12-20,-0.0019682436383220425,2021
2021-12-21,0.0033528563933815647,2021
2021-12-22,0.00442315389527681,2021
2021-12-23,-0.00019576228085449454,2021
2021-12-27,0.004306498303541462,2021
2021-12-28,0.008673775634203906,2021
2021-12-29,0.004637452115759055,2021
2021-12-30,0.005001195261104652,2021
2021-12-31,0.0,2021
2022-01-03,0.0,2022
2022-01-04,-0.0024942235007880953,2022
2022-01-05,-0.008559401087550489,2022
2022-01-06,-0.009215548757603331,2022
2022-01-07,0.009007431270231958,2022
2022-01-10,-0.0057247175505062975,2022
2022-01-11,-0.006440742794284637,2022
2022-01-12,0.004616324934962446,2022
2022-01-13,0.0035196921652502766,2022
2022-01-14,-0.0041893727078311516,2022
2022-01-18,-0.012327545526494732,2022
2022-01-19,0.004952855653616028,2022
2022-01-20,-0.000295738566358672,2022
2022-01-21,-0.005521555842831316,2022
2022-01-24,-0.009022427998492288,2022
2022-01-25,-0.015507554910280885,2022
2022-01-26,-0.00457328854829131,2022
2022-01-27,0.004390160209683858,2022
2022-01-28,0.012502592462234396,2022
2022-01-31,0.018873316227128623,2022
2022-02-01,-0.012513511141862499,2022
2022-02-02,0.015765522736111315,2022
2022-02-03,-0.005992270643320641,2022
2022-02-04,-0.006522308221356687,2022
2022-02-07,-0.003581245076484496,2022
2022-02-08,0.002495948455673913,2022
2022-02-09,0.0074684462377481164,2022
2022-02-10,-0.02421660603200826,2022
2022-02-11,-0.002127225962890056,2022
2022-02-14,-0.007105708363223551,2022
2022-02-15,-0.002249620840603983,2022
2022-02-16,0.005021130876199598,2022
2022-02-17,-0.003364610324456341,2022
2022-02-18,-0.006035697058904055,2022
2022-02-22,-0.002984577565303126,2022
2022-02-23,-0.019098218006706413,2022
2022-02-24,0.015575829361628823,2022
2022-02-25,0.02891223611264304,2022
2022-02-28,0.010977932255305634,2022
2022-03-01,-0.006674820587417085,2022
2022-03-02,0.013740055323585798,2022
2022-03-03,0.01276189524359328,2022
2022-03-04,0.0164112242141099,2022
2022-03-07,0.009706763152734332,2022
2022-03-08,-0.008471231728859885,2022
2022-03-09,-0.004607807287107524,2022
2022-03-10,0.005207745305598532,2022
2022-03-11,-0.006812040355568483,2022
2022-03-14,0.0007728053945594837,2022
2022-03-15,0.013803435421097854,2022
2022-03-16,0.0032367953646732506,2022
2022-03-17,0.0029424268303912537,2022
2022-03-18,-0.007570276525952657,2022
2022-03-21,0.004099987552477646,2022
2022-03-22,0.0058873938222980815,2022
2022-03-23,-0.0011328348585090131,2022
2022-03-24,0.012758778524714964,2022
2022-03-25,0.015117509700735887,2022
2022-03-28,0.007629915286879285,2022
2022-03-29,0.009670792016600815,2022
2022-03-30,0.007499613295961494,2022
2022-03-31,-0.0018833207960272658,2022
2022-04-01,0.015275347414976936,2022
2022-04-04,-0.0061064399455117435,2022
2022-04-05,0.003383530828556802,2022
2022-04-06,0.014820817935707442,2022
2022-04-07,-0.000174944886548567,2022
2022-04-08,0.00533255891243134,2022
2022-04-11,-0.018036330882985174,2022
2022-04-12,0.004252515214863806,2022
2022-04-13,0.0026128099895250667,2022
2022-04-14,-0.0019767242804652474,2022
2022-04-18,-0.002341105794525622,2022
2022-04-19,0.006227307332112186,2022
2022-04-20,0.008610488792171633,2022
2022-04-21,-0.020008777077606843,2022
2022-04-22,-0.017785761789731014,2022
2022-04-25,-0.007852990762319156,2022
2022-04-26,-0.010522480131182954,2022
2022-04-27,-0.002540915511781261,2022
2022-04-28,0.011793632871544446,2022
2022-04-29,-0.027042186851823025,2022
2022-05-02,-0.008529934071887402,2022
2022-05-03,0.006476620143613276,2022
2022-05-04,0.024971234465137826,2022
2022-05-05,-0.014617526553027282,2022
2022-05-06,0.00722710423125883,2022
2022-05-09,-0.016805296899956912,2022
2022-05-10,-0.011522929712378449,2022
2022-05-11,0.0066058864660341055,2022
2022-05-12,-0.016695695116222042,2022
2022-05-13,0.015408819607953372,2022
2022-05-16,0.004349499082419328,2022
2022-05-17,0.015109183667991521,2022
2022-05-18,-0.011187040724434993,2022
2022-05-19,-0.0006709436987583084,2022
2022-05-20,-0.0013433235215413175,2022
2022-05-23,0.012777399664521294,2022
2022-05-24,0.014418738168594292,2022
2022-05-25,0.005516979846709624,2022
2022-05-26,0.003719885304689141,2022
2022-05-27,0.018623182138780336,2022
2022-05-31,-0.014371550577547798,2022
2022-06-01,-0.000553829004715678,2022
2022-06-02,0.008310407444839463,2022
2022-06-03,-0.003571388130659936,2022
2022-06-06,0.006249345822341379,2022
2022-06-07,0.0064846330889680726,2022
2022-06-08,-0.018421205600240853,2022
2022-06-09,-0.025052979066908287,2022
2022-06-10,-0.01346477893818887,2022
2022-06-13,-0.04978855844875718,2022
2022-06-14,-0.02468147303012458,2022
2022-06-15,0.013171595705814054,2022
2022-06-16,-0.02333892137609561,2022
2022-06-17,-0.00786099049727551,2022
2022-06-21,0.02017757832523781,2022
2022-06-22,0.008491214429759975,2022
2022-06-23,0.019611871291748795,2022
2022-06-24,0.018227502844375465,2022
2022-06-27,0.007417926550086218,2022
2022-06-28,-0.007068857814525709,2022
2022-06-29,-0.0036583627158438548,2022
2022-06-30,0.010122301844321058,2022
2022-07-01,0.025178030375338167,2022
2022-07-05,-0.034741758355327446,2022
2022-07-06,0.008474777296885838,2022
2022-07-07,0.004053144378796336,2022
2022-07-08,-0.0012799021363910645,2022
2022-07-11,0.003746510350318921,2022
2022-07-12,-0.004321848746296486,2022
2022-07-13,-0.003847176691402443,2022
2022-07-14,0.0,2022
2022-07-15,0.0006929952926926219,2022
2022-07-18,-0.010588550125278484,2022
2022-07-19,0.009801842717170661,2022
2022-07-20,-0.011291486976231613,2022
2022-07-21,0.0010017230824135304,2022
2022-07-22,0.011509074861982826,2022
2022-07-25,0.013357158206107167,2022
2022-07-26,0.0038080068204078277,2022
2022-07-27,0.0021397704197336775,2022
2022-07-28,0.039891150814616694,2022
2022-07-29,0.009987198779239703,2022
2022-08-01,-0.0008318291737882122,2022
2022-08-02,-0.001757345999970017,2022
2022-08-03,0.006207685738010893,2022
2022-08-04,0.0026702303836654284,2022
2022-08-05,0.00018380997958966638,2022
2022-08-08,0.002570911729707248,2022
2022-08-09,0.00979952272887985,2022
2022-08-10,0.006529984756679985,2022
2022-08-11,0.002072421643542821,2022
2022-08-12,0.016814964630918805,2022
2022-08-15,0.007693733459541496,2022
2022-08-16,0.0017551780148110652,2022
2022-08-17,-0.0033291087900588767,2022
2022-08-18,0.0043949693383127375,2022
2022-08-19,-0.002362822421155375,2022
2022-08-22,-0.014473705153529415,2022
2022-08-23,-0.005073545061743734,2022
2022-08-24,0.005367589614355905,2022
2022-08-25,0.008097614236142636,2022
2022-08-26,-0.015182273989087114,2022
2022-08-29,0.0024201691438265893,2022
2022-08-30,-0.014395730615280211,2022
2022-08-31,-0.003719274517649085,2022
2022-09-01,0.012930125730372666,2022
2022-09-02,-0.008450238648627595,2022
2022-09-06,0.0006348591383205093,2022
2022-09-07,0.028812068560876147,2022
2022-09-08,0.0012329689187149384,2022
2022-09-09,0.0047497528426656555,2022
2022-09-12,0.009892155495325516,2022
2022-09-13,-0.024445174186271013,2022
2022-09-14,0.00915220407067352,2022
2022-09-15,-0.0214843498449665,2022
2022-09-16,-0.0044093227728401185,2022
2022-09-19,0.015365008696630156,2022
2022-09-20,-0.014331413979171148,2022
2022-09-21,-0.013907646764433013,2022
2022-09-22,-0.005586561390960587,2022
2022-09-23,-0.013538542287386046,2022
2022-09-26,-0.022406726296241408,2022
2022-09-27,-0.015184740798280805,2022
2022-09-28,0.011248794986785882,2022
2022-09-29,-0.037974531836801995,2022
2022-09-30,-0.015151393507953581,2022
2022-10-03,0.031173955762997085,2022
2022-10-04,0.026599877255101267,2022
2022-10-05,-0.018644201617537326,2022
2022-10-06,-0.030202582620849294,2022
2022-10-07,-0.019819989909018454,2022
2022-10-10,-0.00020580569418526817,2022
2022-10-11,-0.004329642367231767,2022
2022-10-12,-0.03188744325404813,2022
2022-10-13,0.023847718022038,2022
2022-10-14,-0.018383102451093203,2022
2022-10-17,0.0230901173780369,2022
2022-10-18,0.014768536099919016,2022
2022-10-19,-0.013323713655039593,2022
2022-10-20,-0.023891218110805523,2022
2022-10-21,0.019261659570511513,2022
2022-10-24,0.008143570611591544,2022
2022-10-25,0.02102322659789224,2022
2022-10-26,-0.0006086747261127012,2022
2022-10-27,0.008119422242193641,2022
2022-10-28,0.02486660579538924,2022
2022-10-31,-0.008840688892365778,2022
2022-11-01,0.006045303322247841,2022
2022-11-02,-0.01113165911912839,2022
2022-11-03,0.005877591136919547,2022
2022-11-04,0.0049518469877731786,2022
2022-11-07,-0.019020306630980754,2022
2022-11-08,0.00241099986431359,2022
2022-11-09,-0.008117818398702958,2022
2022-11-10,0.046984009447630815,2022
2022-11-11,-0.01003664819078487,2022
2022-11-14,-0.011210932577698673,2022
2022-11-15,0.009169027340611757,2022
2022-11-16,0.008108565608406337,2022
2022-11-17,-0.016862109321014396,2022
2022-11-18,0.02119255253170982,2022
2022-11-21,0.003957635684589844,2022
2022-11-22,0.009902974291356115,2022
2022-11-23,0.010567365244268379,2022
2022-11-25,0.005746574137710292,2022
2022-11-28,-0.010959210783666129,2022
2022-11-29,-0.00530341989668337,2022
2022-11-30,0.026944683214466414,2022
2022-12-01,-0.001668916272249521,2022
2022-12-02,-0.002600327381499512,2022
2022-12-05,-0.005958978595030695,2022
2022-12-06,0.006463055760704606,2022
2022-12-07,-0.0038157450873556042,2022
2022-12-08,0.002335648769344001,2022
2022-12-09,-0.005406026957624266,2022
2022-12-12,0.022584749754885003,2022
2022-12-13,0.002291127317324948,2022
2022-12-14,0.0002742562986561836,2022
2022-12-15,-0.011060405092901404,2022
2022-12-16,-0.016019769845369347,2022
2022-12-19,-0.004098857578039183,2022
2022-12-20,0.001435967245427383,2022
2022-12-21,0.013284635720460347,2022
2022-12-22,-0.008205937724079293,2022
2022-12-23,0.00998556443241827,2022
2022-12-27,0.0053675486796118665,2022
2022-12-28,-0.009647021134034373,2022
2022-12-29,0.007187463613712142,2022
2022-12-30,-0.008356885304209083,2022
2022-12-31,0.0,2022
2023-01-03,0.0,2023
2023-01-04,0.009698632651790051,2023
2023-01-05,-0.021376861032033623,2023
2023-01-06,0.017320971504718008,2023
2023-01-09,0.006053936521975611,2023
2023-01-10,-0.0005642852237883744,2023
2023-01-11,0.009313189111126663,2023
2023-01-12,-0.004193975710542475,2023
2023-01-13,-0.0025274081370958434,2023
2023-01-17,-0.0004689280668772611,2023
2023-01-18,-0.022531031657273215,2023
2023-01-19,-0.010756972042120228,2023
2023-01-20,0.007087538736097798,2023
2023-01-23,0.0010602714739305075,2023
2023-01-24,0.003948521643824421,2023
2023-01-25,-0.014292572283558402,2023
2023-01-26,0.004865526771168804,2023
2023-01-27,0.000774967938117932,2023
2023-01-30,-0.007451314915202345,2023
2023-01-31,0.006142290544787654,2023
2023-02-01,0.0002906500107038301,2023
2023-02-02,0.002034486246959011,2023
2023-02-03,-0.02088183985224401,2023
2023-02-06,0.009379832419680767,2023
2023-02-07,0.0014673055254397216,2023
2023-02-08,-0.016214017480309706,2023
2023-02-09,-0.012013605059793764,2023
2023-02-10,0.019696659284146323,2023
2023-02-13,0.0053217914295533575,2023
2023-02-14,-0.0028429259403739415,2023
2023-02-15,0.0069800493819585085,2023
2023-02-16,-0.009079476241842244,2023
2023-02-17,0.007980149339410714,2023
2023-02-21,-0.020916765257450343,2023
2023-02-22,-0.004192728564165749,2023
2023-02-23,-0.003809626720432946,2023
2023-02-24,0.002817929162174826,2023
2023-02-27,-0.005419169876408003,2023
2023-02-28,-0.018363354874240567,2023
2023-03-01,-0.014595477657800227,2023
2023-03-02,0.019088246586628888,2023
2023-03-03,0.01842369806575883,2023
2023-03-06,0.007236271778093162,2023
2023-03-07,-0.014368387627981205,2023
2023-03-08,0.005365405565968873,2023
2023-03-09,-0.007954863967367776,2023
2023-03-10,-0.016138788088869704,2023
2023-03-13,0.010419866713318404,2023
2023-03-14,0.01449851863284013,2023
2023-03-15,0.008152208155659757,2023
2023-03-16,0.008885070236128723,2023
2023-03-17,-0.009895284334109355,2023
2023-03-20,0.007595558347937237,2023
2023-03-21,-0.015373932725748163,2023
2023-03-22,-0.01954274738359474,2023
2023-03-23,-0.009966139437208477,2023
2023-03-24,0.026878206265326332,2023
2023-03-27,0.003032071574787354,2023
2023-03-28,0.0026195836364877323,2023
2023-03-29,0.013164628564035441,2023
2023-03-30,0.004761079413177605,2023
2023-03-31,0.008983266774693854,2023
2023-04-03,-0.007435871511250691,2023
2023-04-04,0.0038442540944190196,2023
2023-04-05,0.022454948983519074,2023
2023-04-06,0.007913106396148839,2023
2023-04-10,-0.0015508142142034442,2023
2023-04-11,0.0003881542223396206,2023
2023-04-12,-0.00048511270886242297,2023
2023-04-13,0.0012621649852952999,2023
2023-04-14,-0.00979349021148257,2023
2023-04-17,0.0049942596974867914,2023
2023-04-18,-0.0029231085829336534,2023
2023-04-19,0.005961061568031223,2023
2023-04-20,0.00029146524099377125,2023
2023-04-21,0.00310756584922256,2023
2023-04-24,0.004356732786307438,2023
2023-04-25,-0.0033738040220675503,2023
2023-04-26,-0.02447037600222013,2023
2023-04-27,0.013285699442232568,2023
2023-04-28,0.001761017552053934,2023
2023-05-01,0.001562868202906298,2023
2023-05-02,-0.011410096778809109,2023
2023-05-03,-0.0024662019038937943,2023
2023-05-04,0.007021311782670514,2023
2023-05-05,0.006383334661735018,2023
2023-05-08,0.0012685692304077456,2023
2023-05-09,0.00029214182812120626,2023
2023-05-10,0.009353194334364545,2023
2023-05-11,-0.01042469819254721,2023
2023-05-12,0.0052672586782969155,2023
2023-05-15,-0.010964558712794337,2023
2023-05-16,-0.021877610263936198,2023
2023-05-17,-0.0009029008137557692,2023
2023-05-18,-0.0032122103929309587,2023
2023-05-19,-0.0025179549473713925,2023
2023-05-22,0.0019183359124874677,2023
2023-05-23,-0.0012094500327979318,2023
2023-05-24,-0.0053475161042819686,2023
2023-05-25,-0.011361515353657148,2023
2023-05-26,0.0010262406081229525,2023
2023-05-30,-0.0023576410461566555,2023
2023-05-31,0.007603168678804728,2023
2023-06-01,-0.001223664832063709,2023
2023-06-02,0.007350710963911267,2023
2023-06-05,0.0029389140128337488,2023
2023-06-06,0.0015158475420944395,2023
2023-06-07,0.01563912009993995,2023
2023-06-08,0.004371326437739853,2023
2023-06-09,-0.004648718089190318,2023
2023-06-12,-0.0018881138962629773,2023
2023-06-13,0.001592699299420186,2023
2023-06-14,-0.0006956979059289381,2023
2023-06-15,0.009350596026748592,2023
2023-06-16,0.006109941144615494,2023
2023-06-20,-0.011558413091439124,2023
2023-06-21,0.00822532704606349,2023
2023-06-22,-0.006487164487578467,2023
2023-06-23,-0.013949442612599672,2023
2023-06-26,0.008427881754444089,2023
2023-06-27,0.0014922046151859547,2023
2023-06-28,-0.011921179140829463,2023
2023-06-29,-0.0003015736440955541,2023
2023-06-30,0.011968182680127226,2023
2023-07-03,0.00407470062885773,2023
2023-07-05,0.012273721712068975,2023
2023-07-06,-0.013885064969326066,2023
2023-07-07,-0.005422401763242379,2023
2023-07-10,-0.0027059307464548654,2023
2023-07-11,0.011255208924492388,2023
2023-07-12,0.014906133845466574,2023
2023-07-13,0.0013707003376972615,2023
2023-07-14,-0.005475643381156914,2023
2023-07-17,-0.009143751603994832,2023
2023-07-18,-0.00674731171909293,2023
2023-07-19,0.009390534833703557,2023
2023-07-20,0.01583537128832413,2023
2023-07-21,0.014224458662506434,2023
2023-07-24,-0.0026896076668946334,2023
2023-07-25,0.00105944759853549,2023
2023-07-26,-0.0003847605785255448,2023
2023-07-27,-0.015112127817350829,2023
2023-07-28,-0.001270516363621188,2023
2023-07-31,0.0024463287573777137,2023
2023-08-01,-0.012397449021262497,2023
2023-08-02,-0.0005931049337069005,2023
2023-08-03,-0.01750570663712636,2023
2023-08-04,-0.00795243348180008,2023
2023-08-07,0.0006087828951633067,2023
2023-08-08,0.004461961621965438,2023
2023-08-09,0.005149160753262327,2023
2023-08-10,-0.002812611256594044,2023
2023-08-11,0.004029068202462183,2023
2023-08-14,-0.005718409138488645,2023
2023-08-15,-0.015033763414658341,2023
2023-08-16,0.002868416049023992,2023
2023-08-17,-0.003575174086843824,2023
2023-08-18,0.0039978356842693685,2023
2023-08-21,-0.003573533512328586,2023
2023-08-22,0.0027667449117012577,2023
2023-08-23,0.006335565470456439,2023
2023-08-24,-0.0069048944287490865,2023
2023-08-25,0.006339361311933356,2023
2023-08-28,-0.00010141754685832893,2023
2023-08-29,0.00436933074759982,2023
2023-08-30,-0.00252933256481791,2023
2023-08-31,-0.008824490753889802,2023
2023-09-01,-0.0004092117031823106,2023
2023-09-05,-0.012489745082181036,2023
2023-09-06,0.0016586876490547464,2023
2023-09-07,0.012626767914176495,2023
2023-09-08,0.00970973626113536,2023
2023-09-11,0.0025307024374243703,2023
2023-09-12,0.0014135550061831204,2023
2023-09-13,0.008267630070989407,2023
2023-09-14,0.014899962150094703,2023
2023-09-15,-0.003941245775659907,2023
2023-09-18,-9.873889801770286e-05,2023
2023-09-19,-0.004946648958034983,2023
2023-09-20,-0.0017894875939975519,2023
2023-09-21,-0.010757057313943497,2023
2023-09-22,-0.0015103365190919371,2023
2023-09-25,0.0005043263181843116,2023
2023-09-26,-0.027918011425276612,2023
2023-09-27,-0.018455173020294202,2023
2023-09-28,-0.02239351503613185,2023
2023-09-29,-0.0005402085310383109,2023
2023-10-02,-0.04562160052993025,2023
2023-10-03,0.008382401700199216,2023
2023-10-04,-0.003819183265480919,2023
2023-10-05,-0.003044629012690203,2023
2023-10-06,0.012460777193383787,2023
2023-10-09,0.008317314606927528,2023
2023-10-10,0.014268196681603396,2023
2023-10-11,0.017914047116193377,2023
2023-10-12,-0.011984363493922734,2023
2023-10-13,0.009288470795486337,2023
2023-10-16,0.011910014581138606,2023
2023-10-17,-0.0016050419264126425,2023
2023-10-18,-0.00857351266118278,2023
2023-10-19,-0.010485285738621508,2023
2023-10-20,-0.010159596159472706,2023
2023-10-23,-0.007725302172457149,2023
2023-10-24,0.0278055465535898,2023
2023-10-25,0.0020560579990629435,2023
2023-10-26,0.008855241285159021,2023
2023-10-27,-0.016912925676355606,2023
2023-10-30,0.01001761640935972,2023
2023-10-31,0.008732156046515893,2023
2023-11-01,0.01314521096803034,2023
2023-11-02,0.019092721978253957,2023
2023-11-03,0.003933347244730934,2023
2023-11-06,-0.002577709531869754,2023
2023-11-07,-0.008062691469095218,2023
2023-11-08,-0.006356937656575412,2023
2023-11-09,-0.013319160412601838,2023
2023-11-10,0.0051019112107346665,2023
2023-11-13,-0.008777359418953634,2023
2023-11-14,0.04096863979776577,2023
2023-11-15,-0.005841789133221975,2023
2023-11-16,0.005154432038774859,2023
2023-11-17,0.004512766725877526,2023
2023-11-20,-0.0019398767857689014,2023
2023-11-21,0.0016369075006523737,2023
2023-11-22,0.004493868926346067,2023
2023-11-24,0.0022369270413158393,2023
2023-11-27,0.00213047873815686,2023
2023-11-28,0.0013160299338110804,2023
2023-11-29,-0.007784783931745198,2023
2023-11-30,0.004483426893067133,2023
2023-12-01,0.011766942331372876,2023
2023-12-04,-0.004210886128708902,2023
2023-12-05,-0.00765213570955825,2023
2023-12-06,0.011465113480339628,2023
2023-12-07,-0.0010029810777331116,2023
2023-12-08,-0.002008153218955866,2023
2023-12-11,0.006740823324343559,2023
2023-12-12,-0.004297364698980899,2023
2023-12-13,0.03643479613227596,2023
2023-12-14,-0.005907276200711631,2023
2023-12-15,-0.011885102599237918,2023
2023-12-18,-0.0038451145265948616,2023
2023-12-19,0.006136392577607008,2023
2023-12-20,-0.020657130786827183,2023
2023-12-21,0.0022668729102930385,2023
2023-12-22,0.0038373321156153217,2023
2023-12-26,0.007745779333372171,2023
2023-12-27,0.0002993914150930532,2023
2023-12-28,0.006885513609149241,2023
2023-12-29,-0.0016847344307570067,2023
2023-12-30,0.0,2023
2023-12-31,0.0,2023
2024-01-02,0.0,2024
2024-01-03,0.003142615485381528,2024
2024-01-04,-0.0037202344612283778,2024
2024-01-05,0.0035376883834330464,2024
2024-01-08,0.008911044420925718,2024
2024-01-09,-0.007667560326270584,2024
2024-01-10,-0.0010759353185590959,2024
2024-01-11,-0.022030685487464563,2024
2024-01-12,0.0055065264807825365,2024
2024-01-16,-0.013043787436434195,2024
2024-01-17,-0.015940220948609585,2024
2024-01-18,-0.009739693702299435,2024
2024-01-19,-0.0010353050249081175,2024
2024-01-22,-0.005181980664738628,2024
2024-01-23,0.0025003182040816974,2024
2024-01-24,-0.014444540344642265,2024
2024-01-25,0.018873877556820906,2024
2024-01-26,0.003415110555441414,2024
2024-01-29,0.006497459931217087,2024
2024-01-30,-0.00010250551090429383,2024
2024-01-31,-0.0031768306262257573,2024
2024-02-01,0.020253000322024706,2024
2024-02-02,-0.01602183585189365,2024
2024-02-05,-0.020788482986653922,2024
2024-02-06,0.001673237057903565,2024
2024-02-07,0.0025057087065656347,2024
2024-02-08,-0.006769431181475327,2024
2024-02-09,0.005767019673279528,2024
2024-02-12,0.01157210264488251,2024
2024-02-13,-0.01628366193021258,2024
2024-02-14,0.006914660534564909,2024
2024-02-15,0.017375926727778435,2024
2024-02-16,-0.0008181821355243146,2024
2024-02-20,-0.00040929168262682225,2024
2024-02-21,0.011161148167170065,2024
2024-02-22,-0.007392519933685282,2024
2024-02-23,0.005917185123133439,2024
2024-02-26,-0.019067067328645382,2024
2024-02-27,0.0,2024
2024-02-28,0.02543449532956199,2024
2024-02-29,0.003629715219177987,2024
2024-03-01,-0.0031143647380864614,2024
2024-03-04,0.015116502848913749,2024
2024-03-05,-0.001588441166813559,2024
2024-03-06,0.008650770617124603,2024
2024-03-07,0.007393454755532103,2024
2024-03-08,0.0019570552651646533,2024
2024-03-11,0.002343947598556273,2024
2024-03-12,-0.008476961859598342,2024
2024-03-13,0.0056014044450010125,2024
2024-03-14,-0.007817853456642765,2024
2024-03-15,0.000984931734041794,2024
2024-03-18,0.0040342810984626,2024
2024-03-19,0.010780012860366117,2024
2024-03-20,0.004556901530976987,2024
2024-03-21,0.00048266396721730054,2024
2024-03-22,0.002990583221562426,2024
2024-03-25,0.0065402039243918075,2024
2024-03-26,-0.01175332813594776,2024
2024-03-27,0.026010522684906112,2024
2024-03-28,0.008575718015235045,2024
2024-04-01,-0.004765258087342961,2024
2024-04-02,-0.00037560131338021385,2024
2024-04-03,-0.0012209368851338054,2024
2024-04-04,-0.0033854866446728638,2024
2024-04-05,0.00811635062753635,2024
2024-04-08,0.005341205842977592,2024
2024-04-09,0.0017388936428734958,2024
2024-04-10,-0.015621981526566353,2024
2024-04-11,-0.001861340771865616,2024
2024-04-12,-0.010305142521178201,2024
2024-04-15,-0.011800898400688875,2024
2024-04-16,-0.01244351800609822,2024
2024-04-17,0.018290750741304374,2024
2024-04-18,0.0013971831763623932,2024
2024-04-19,0.011659141336534562,2024
2024-04-22,0.010933611418554534,2024
2024-04-23,0.007795117246058858,2024
2024-04-24,0.006187695608174781,2024
2024-04-25,0.0034591643296362218,2024
2024-04-26,-0.008522264214341324,2024
2024-04-29,0.017770744218447154,2024
2024-04-30,-0.007496684011223054,2024
2024-05-01,0.012429434209928925,2024
2024-05-02,0.00849963265865683,2024
2024-05-03,0.01020684857162335,2024
2024-05-06,0.007786377791281662,2024
2024-05-07,0.007266454805015865,2024
2024-05-08,0.013332010566524222,2024
2024-05-09,0.01838358476786528,2024
2024-05-10,-0.0010620376583372337,2024
2024-05-13,-0.0021259599714605892,2024
2024-05-14,0.005237455998241325,2024
2024-05-15,0.017749967504885333,2024
2024-05-16,-0.00459871232541853,2024
2024-05-17,0.00017433110822828723,2024
2024-05-20,-0.0021788692977621205,2024
2024-05-21,0.011616860999339229,2024
2024-05-22,-0.010188284627004052,2024
2024-05-23,-0.015090641856654097,2024
2024-05-24,0.015676109934174454,2024
2024-05-28,0.0011335842046678035,2024
2024-05-29,-0.01280376947675399,2024
2024-05-30,0.01508742571138355,2024
2024-05-31,0.011733999624624625,2024
2024-06-03,-0.016409019076317977,2024
2024-06-04,-0.004716616931726536,2024
2024-06-05,0.00043880986001609834,2024
2024-06-06,-0.014736819207061491,2024
2024-06-07,-0.011485034009773964,2024
2024-06-10,0.015941697580127423,2024
2024-06-11,-0.0077128186997436066,2024
2024-06-12,-0.004913868638001695,2024
2024-06-13,-0.0005386008781951279,2024
2024-06-14,-0.00556947615190817,2024
2024-06-17,-0.013459877378548923,2024
2024-06-18,0.0029301814637947565,2024
2024-06-20,0.008582193085251433,2024
2024-06-21,-0.005974558020374721,2024
2024-06-24,0.011292354683589911,2024
2024-06-25,-0.005673328769371766,2024
2024-06-26,-0.006158231627457211,2024
2024-06-27,0.0008201285841713535,2024
2024-06-28,-0.013839522457294362,2024
2024-07-01,-0.007109234497422734,2024
2024-07-02,0.00344057133642095,2024
2024-07-03,0.011120281780924168,2024
2024-07-05,-0.0005989734423926807,2024
2024-07-08,0.002766459073941574,2024
2024-07-09,0.0022072003653956784,2024
2024-07-10,0.01000177492558163,2024
2024-07-11,0.016534931540359787,2024
2024-07-12,0.007239217902977879,2024
2024-07-15,-0.029724893033970856,2024
2024-07-16,0.006401557263261415,2024
2024-07-17,-0.006360837994596635,2024
2024-07-18,0.0,2024
2024-07-19,0.0015545937724350534,2024
2024-07-22,0.011139535505349851,2024
2024-07-23,-0.005237423185368906,2024
2024-07-24,0.006445099768761731,2024
2024-07-25,-0.009921535308354712,2024
2024-07-26,0.012480635242746452,2024
2024-07-29,0.003689093057766657,2024
2024-07-30,0.0037650927997243677,2024
2024-07-31,0.014646762677615666,2024
2024-08-01,0.013907277433797605,2024
2024-08-02,-0.0031253047077423046,2024
2024-08-05,-0.02690937720675468,2024
2024-08-06,0.007517457043987319,2024
2024-08-07,0.004086052077940883,2024
2024-08-08,0.005484818020158322,2024
2024-08-09,0.0029033163193388223,2024
2024-08-12,-8.756849659319332e-05,2024
2024-08-13,0.007545017828741063,2024
2024-08-14,-0.0007836709531546804,2024
2024-08-15,0.0005228814165181284,2024
2024-08-16,0.004442205843318892,2024
2024-08-19,0.0064168252361085365,2024
2024-08-20,-0.001981694602930406,2024
2024-08-21,0.007079367753084043,2024
2024-08-22,-0.0006001520442705521,2024
2024-08-23,0.0047178289453329025,2024
2024-08-26,0.005463881740790821,2024
2024-08-27,-0.006623079281723343,2024
2024-08-28,-0.001965869809916976,2024
2024-08-29,0.006851639082159577,2024
2024-08-30,0.007570552640139283,2024
2024-09-03,-0.007260360445977776,2024
2024-09-04,0.008589126769139588,2024
2024-09-05,-0.0019393950538741933,2024
2024-09-06,-0.01224963370363119,2024
2024-09-09,0.008125313023207514,2024
2024-09-10,0.003139001868712743,2024
2024-09-11,0.007696139650119838,2024
2024-09-12,0.0027696831281720513,2024
2024-09-13,0.016822903631074526,2024
2024-09-16,0.009136410467154299,2024
2024-09-17,-0.0003262221957668343,2024
2024-09-18,-0.005548271488190704,2024
2024-09-19,-0.0034459807249442864,2024
2024-09-20,0.0328503627200214,2024
2024-09-23,0.010043748914702055,2024
2024-09-24,-0.00568219544557147,2024
2024-09-25,0.008175195291967308,2024
2024-09-26,-0.00826633862383408,2024
2024-09-27,0.01119302779019482,2024
2024-09-30,0.003689798036370595,2024
2024-10-01,0.007196053822650983,2024
2024-10-02,-0.001320208161266656,2024
2024-10-03,0.0019439570546144758,2024
2024-10-04,0.0028400023097601146,2024
2024-10-07,-0.022407113025468828,2024
2024-10-08,-0.0016713196984439183,2024
2024-10-09,-0.011160828905425468,2024
2024-10-10,-0.0029829022424671114,2024
2024-10-11,0.006711420263149748,2024
2024-10-14,0.015341460384145744,2024
2024-10-15,0.002056705400845127,2024
2024-10-16,0.020762759982410284,2024
2024-10-17,-0.01229710670888784,2024
2024-10-18,0.0062641077991016925,2024
2024-10-21,-0.00303471013424772,2024
2024-10-22,-0.004214806931950754,2024
2024-10-23,0.007838244356738189,2024
2024-10-24,-0.005210725841131469,2024
2024-10-25,-0.012508756396923393,2024
2024-10-28,0.009500372528009615,2024
2024-10-29,-0.020076781736756533,2024
2024-10-30,-0.002721118234690789,2024
2024-10-31,0.014926569385909083,2024
2024-11-01,-0.0255396702717805,2024
2024-11-04,-0.012820542331837603,2024
2024-11-05,0.018740774046049014,2024
2024-11-06,-0.0012909297642922368,2024
2024-11-07,0.007674971624984206,2024
2024-11-08,0.018519985224522584,2024
2024-11-11,0.004880286295417591,2024
2024-11-12,-0.009869964284262345,2024
2024-11-13,-0.0015823890893572612,2024
2024-11-14,-0.004833499534190211,2024
2024-11-15,0.014332356840361493,2024
2024-11-18,0.008399453546257707,2024
2024-11-19,0.00840717218731446,2024
2024-11-20,0.00038600817309353275,2024
2024-11-21,0.01998606580107065,2024
2024-11-22,-0.0034799929756281767,2024
2024-11-25,0.000455442172906384,2024
2024-11-26,0.014645708895618004,2024
2024-11-27,-0.0013462411236788707,2024
2024-11-29,0.0017224048283071003,2024
2024-12-02,-0.021157292285766016,2024
2024-12-03,-0.00687387316427579,2024
2024-12-04,0.004076023661239603,2024
2024-12-05,0.0014552818448669846,2024
2024-12-06,-0.011931195997600619,2024
2024-12-09,-0.014242589480464862,2024
2024-12-10,-0.009658389276519408,2024
2024-12-11,-0.0024581085861330454,2024
2024-12-12,-0.00047683690141964163,2024
2024-12-13,0.00039764212089687945,2024
2024-12-16,-0.006915745184128741,2024
2024-12-17,-0.00696397256860537,2024
2024-12-18,-0.02450414428449499,2024
2024-12-19,0.006032013360870669,2024
2024-12-20,0.015112937386302816,2024
2024-12-23,0.0043692939094122085,2024
2024-12-24,0.007653263904414231,2024
2024-12-26,-0.00304061605861794,2024
2024-12-27,-0.004427431770412715,2024
2024-12-30,-0.002882194169358532,2024
2024-12-31,0.0,2024
2025-01-02,0.0,2025
2025-01-03,0.013114806516551392,2025
2025-01-06,-0.010113376597677304,2025
2025-01-07,-0.0024519711153000445,2025
2025-01-08,-0.006144928272728167,2025
2025-01-10,-0.008738669537798338,2025
2025-01-13,-0.013972128096053416,2025
2025-01-14,0.013410871170405958,2025
2025-01-15,0.015147891535679081,2025
2025-01-16,0.024022213034741835,2025
2025-01-17,0.0003202983282937222,2025
2025-01-21,0.017608415857881754,2025
2025-01-22,-0.019427422552907636,2025
2025-01-23,0.005293952416092429,2025
2025-01-24,0.008377910228387853,2025
2025-01-27,-0.0379805876752376,2025
2025-01-28,-0.00847179401397713,2025
2025-01-29,0.003649875933057656,2025
2025-01-30,0.022481185130224457,2025
2025-01-31,-0.006305039882464558,2025
2025-02-03,0.004474114907756954,2025
2025-02-04,-0.0063169158159834815,2025
2025-02-05,0.010024538229601365,2025
2025-02-06,0.0008068815080051195,2025
2025-02-07,-0.0034668655716277863,2025
2025-02-10,0.009304142721493935,2025
2025-02-11,0.003927881679711476,2025
2025-02-12,-0.0015169934545120611,2025
2025-02-13,0.0013593411779939668,2025
2025-02-14,-0.0035936589711486056,2025
2025-02-18,0.010339042550331579,2025
2025-02-19,0.004045674193360771,2025
2025-02-20,-0.0015011818212181671,2025
2025-02-21,-0.0015033741809933332,2025
2025-02-24,-0.005150896511190162,2025
2025-02-25,-0.00908085956456206,2025
2025-02-26,0.0044212457804997385,2025
2025-02-27,-0.02152853619343298,2025
2025-02-28,0.016685675196185246,2025
2025-03-03,-0.0007240514420560062,2025
2025-03-04,-0.017550995950442405,2025
2025-03-05,-0.006064011116573509,2025
2025-03-06,-0.02168356026910001,2025
2025-03-07,0.012809742259749068,2025
2025-03-10,0.007488800684334995,2025
2025-03-11,-0.0009085085577340557,2025
2025-03-12,-0.0010746866762126883,2025
2025-03-13,0.002068819500513186,2025
2025-03-14,0.019654826229637212,2025
2025-03-17,0.0051024970885884535,2025
2025-03-18,-0.006446472471955289,2025
2025-03-19,0.0039740070906120195,2025
2025-03-20,0.0042006876237805635,2025
2025-03-21,-0.007079022861260831,2025
2025-03-24,0.0011341969027709453,2025
2025-03-25,-0.014485673557568135,2025
2025-03-26,0.004598457718334226,2025
2025-03-27,-0.001961803762788872,2025
2025-03-28,0.005651147183078686,2025
2025-03-31,0.009528420166083462,2025
2025-04-01,0.0033075915282467783,2025
2025-04-02,0.005547870867493421,2025
2025-04-03,-0.0076762158815726345,2025
2025-04-04,-0.05365503967525376,2025
2025-04-07,-0.0160381605904929,2025
2025-04-08,-0.0048457053105791514,2025
2025-04-09,0.033200434230272746,2025
2025-04-10,-0.0053127373750881945,2025
2025-04-11,0.014128248728992876,2025
2025-04-14,0.015290382654494339,2025
2025-04-15,0.0016734868987093865,2025
2025-04-16,-0.007099884465017303,2025
2025-04-17,0.009253731061477088,2025
2025-04-21,-0.02108856836581785,2025
2025-04-22,0.024608271775057755,2025
2025-04-23,0.0012466829507062904,2025
2025-04-24,0.0017429168099027947,2025
2025-04-25,-0.0025685493308382767,2025
2025-04-28,0.006147259628631385,2025
2025-04-29,0.005531688981769811,2025
2025-04-30,-0.0022169964683381727,2025
2025-05-01,0.00041146956573068216,2025
2025-05-02,0.0068273348958525215,2025
2025-05-05,-0.0020424909365241994,2025
2025-05-06,0.009005314100612782,2025
2025-05-07,0.0,2025
2025-05-08,-0.009655230363026512,2025
2025-05-09,0.0009012545721069909,2025
2025-05-12,-0.008512742869972612,2025
2025-05-13,0.005613818222244493,2025
2025-05-14,-0.002544932462622551,2025
2025-05-15,0.014321009645199112,2025
2025-05-16,0.010629744957276088,2025
2025-05-19,0.0018465976921808736,2025
2025-05-20,0.001202030012335653,2025
2025-05-21,-0.018890508107073156,2025
2025-05-22,-0.012074783231158626,2025
2025-05-23,0.012304978271158618,2025
2025-05-27,0.009789546365001511,2025
2025-05-28,-0.010502553903435241,2025
2025-05-29,0.00310253997022647,2025
2025-05-30,0.008790427747100926,2025
2025-06-02,0.004679798861779272,2025
2025-06-03,0.00433652366017645,2025
2025-06-04,-0.015432642976390909,2025
2025-06-05,-0.002598828863724423,2025
2025-06-06,0.00496709500262682,2025
2025-06-09,-0.004294315683672667,2025
2025-06-10,-0.0021156842806275833,2025
2025-06-11,0.0019570849271974833,2025
2025-06-12,0.013428914295816607,2025
2025-06-13,-0.006504978608023904,2025
2025-06-16,-0.00024252420593084967,2025
2025-06-17,-0.008813159083143729,2025
2025-06-18,0.0,2025
2025-06-20,0.0034260980425837584,2025
2025-06-23,0.014389117396699458,2025
2025-06-24,0.006571529939714216,2025
2025-06-25,-0.01234075706518567,2025
2025-06-26,0.01176950498668039,2025
2025-06-27,0.0029478726977287817,2025
2025-06-30,0.002780524914658411,2025
2025-07-01,-0.003723354772177445,2025
2025-07-02,-0.0072360965399260735,2025
2025-07-03,0.01113334584424952,2025
2025-07-07,0.0029310169995937496,2025
2025-07-08,-0.014453854696795276,2025
2025-07-09,0.009216227225298912,2025
2025-07-10,0.005002715386963619,2025
2025-07-11,0.0005394873653996601,2025
2025-07-14,0.00555021683383039,2025
2025-07-15,-0.007727477691427342,2025
2025-07-16,-0.002304455610744216,2025
2025-07-17,0.004938197340181194,2025
2025-07-18,0.01981461091457315,2025
2025-07-21,0.0013211523988039264,2025
2025-07-22,0.010788570258682517,2025
2025-07-23,-0.0029178430729227545,2025
2025-07-24,-0.0013863070515183207,2025
2025-07-25,0.003161939354819454,2025
2025-07-28,-0.0088408310402045,2025
2025-07-29,0.010703576662019376,2025
2025-07-30,0.009746108004986764,2025
2025-07-31,0.004635927097138559,2025
2025-08-01,-0.002874821082383683,2025
2025-08-04,0.019118551396313244,2025
2025-08-05,-0.009603319919134434,2025
2025-08-06,-0.011500226801294033,2025
2025-08-07,0.008288368595768869,2025
2025-08-08,-0.004223308029168038,2025
2025-08-11,-0.003710840771410373,2025
2025-08-12,0.008361646791867905,2025
2025-08-13,-0.0017338011049431445,2025
2025-08-14,-0.006116946171597193,2025
2025-08-15,-0.0033431708155072792,2025
2025-08-18,-0.0006860564444540751,2025
2025-08-19,0.004500920678855769,2025
2025-08-20,-0.0012150783952937783,2025
2025-08-21,-0.0073758904341437725,2025
2025-08-22,0.006511439940085184,2025
2025-08-25,-0.008448146921208655,2025
2025-08-26,0.00483581520658416,2025
2025-08-27,-0.0006874799551079835,2025
2025-08-28,-0.003822035193310258,2025
2025-08-29,-0.006675950936759545,2025
2025-09-02,-0.003707995422176147,2025
2025-09-03,-0.001008012161514471,2025
2025-09-04,-0.0008538083016638165,2025
2025-09-05,-0.0038840264481934117,2025
2025-09-08,-0.008656336283507593,2025
2025-09-09,0.007551919604286583,2025
2025-09-10,0.023032412652253198,2025
2025-09-11,0.00320540355646326,2025
2025-09-12,0.005477368125405224,2025
2025-09-15,0.004842228752890421,2025
2025-09-16,-0.018296651065146108,2025
2025-09-17,0.003297862745154534,2025
2025-09-18,0.0014525444275665933,2025
2025-09-19,0.0079388909917526,2025
2025-09-22,0.012647718810003594,2025
2025-09-23,0.00029925441348011006,2025
2025-09-24,0.007177510011010968,2025
2025-09-25,-0.008685368520554348,2025
2025-09-26,0.015650806896181146,2025
2025-09-29,0.0025068297985706423,2025
2025-09-30,-0.0005148145399408444,2025
2025-10-01,0.012361913051161189,2025
2025-10-02,0.0015991374708119732,2025
2025-10-03,0.010702989548797781,2025
2025-10-06,0.009443439846221313,2025
2025-10-07,0.003356599929517756,2025
2025-10-08,0.01060489919403218,2025
2025-10-09,-0.0018312585416730975,2025
2025-10-10,-0.012417840523091694,2025
2025-10-13,0.01443166888774794,2025
2025-10-14,0.00612715587291901,2025
2025-10-15,0.014909733294845795,2025
2025-10-16,-0.011035299730994819,2025
2025-10-17,-0.007113547582677016,2025
2025-10-20,-0.0016153609082213416,2025
2025-10-21,-0.012100851693911174,2025
2025-10-22,-0.005697110298991004,2025
2025-10-23,0.004941873809196418,2025
2025-10-24,0.01767519430393172,2025
2025-10-27,0.004622218479986007,2025
2025-10-28,-0.013872367127157226,2025
2025-10-29,0.004524247438999263,2025
2025-10-30,-0.00767078263358989,2025
2025-10-31,-0.004254926571586215,2025
2025-11-03,0.003703390759656644,2025
2025-11-04,-0.010572543457847972,2025
2025-11-05,0.00645430746983644,2025
2025-11-06,-0.010189433232395073,2025
2025-11-07,0.012598033777554196,2025
2025-11-10,0.0005688180523923947,2025
2025-11-11,-0.003979123781439942,2025
2025-11-12,0.0015694642209467258,2025
2025-11-13,-0.0192307539826152,2025
2025-11-14,0.0037037456233921517,2025
2025-11-17,0.0065841246192295255,2025
2025-11-18,-0.004384749070654226,2025
2025-11-19,0.00021666086454907862,2025
2025-11-20,-0.011404545632474283,2025
2025-11-21,-0.0005112632347274992,2025
2025-11-24,0.018043707658779162,2025
2025-11-25,-0.00409007873181888,2025
2025-11-26,0.01570721723244839,2025
2025-11-28,0.008796219467881228,2025
2025-12-01,-0.024752184045841452,2025
2025-12-02,-0.006705590541583262,2025
2025-12-03,-0.002540663253025599,2025
2025-12-04,0.0010916291419149626,2025
2025-12-05,-0.011122429384781918,2025
2025-12-08,-0.01176217097913923,2025
2025-12-09,-0.00014870609724570993,2025
2025-12-10,0.004835974195832371,2025
2025-12-11,0.010069555244432538,2025
2025-12-12,-0.014000974114617759,2025
2025-12-15,0.005575940727919226,2025
2025-12-16,-0.0006653650172026015,2025
2025-12-17,-0.01886528617685357,2025
2025-12-18,0.0150808195486265,2025
2025-12-19,-0.008839835919376315,2025
2025-12-22,0.008094125948223008,2025
2025-12-23,0.0014870042309331755,2025
2025-12-24,0.004899343865702788,2025
2025-12-26,-0.001467806356703516,2025
2025-12-29,0.0006820378731617893,2025
2025-12-30,0.0005299033252696983,2025
2025-12-31,0.0,2025
2026-01-01,0.0,2025
2026-01-02,0.0,2025
