Date,Daily_Return,Year
1999-01-04,0.0,1999
1999-01-05,0.0325954727455526,1999
1999-01-06,0.0095296206522002,1999
1999-01-07,-0.0005901981703856,1999
1999-01-08,0.007083359724505,1999
1999-01-11,-0.0111365176747026,1999
1999-01-12,-0.011855675137034,1999
1999-01-13,-0.0023993209992879,1999
1999-01-14,-0.01924242561995,1999
1999-01-15,0.0282035784432124,1999
1999-01-19,0.0405486488529949,1999
1999-01-20,0.0131805252789816,1999
1999-01-21,-0.0265838883402024,1999
1999-01-22,0.0017433611680992,1999
1999-01-25,-0.0069604013578833,1999
1999-01-26,0.0058410002514222,1999
1999-01-27,-0.0098721165705782,1999
1999-01-28,0.0222872452979734,1999
1999-01-29,0.0005735860055064,1999
1999-02-01,0.0,1999
1999-02-02,-0.0131881440511382,1999
1999-02-03,0.0104592581875235,1999
1999-02-04,-0.0155260419889566,1999
1999-02-05,-0.0070096144663318,1999
1999-02-08,0.0029414535672822,1999
1999-02-09,-0.016422509060353,1999
1999-02-10,-0.0119260000417834,1999
1999-02-11,0.0259504001070283,1999
1999-02-12,-0.0176471266544909,1999
1999-02-16,0.0077847529757189,1999
1999-02-17,-0.0124781968905124,1999
1999-02-18,0.0126358697612765,1999
1999-02-19,-0.0017827854239463,1999
1999-02-22,0.0291670685485787,1999
1999-02-23,-0.0121465146759706,1999
1999-02-24,0.0011716570351314,1999
1999-02-25,-0.0052632984646034,1999
1999-02-26,-0.0076426934750648,1999
1999-03-01,-0.0100710872295698,1999
1999-03-02,-0.0029920028135359,1999
1999-03-03,0.0005999084458971,1999
1999-03-04,0.0119979185618235,1999
1999-03-05,0.0177828019003098,1999
1999-03-08,0.0075715364351913,1999
1999-03-09,-0.0028905054337187,1999
1999-03-10,0.0046379011535755,1999
1999-03-11,0.0051936268293864,1999
1999-03-12,0.0005737954112288,1999
1999-03-15,0.011474651452878,1999
1999-03-16,0.0028358680170417,1999
1999-03-17,0.0158372025459838,1999
1999-03-18,0.0111359753871536,1999
1999-03-19,-0.0099121588536139,1999
1999-03-22,-0.0055617949964954,1999
1999-03-23,-0.0218117562669668,1999
1999-03-24,0.0154377451868235,1999
1999-03-25,0.0073190014923341,1999
1999-03-26,-0.0022357005912092,1999
1999-03-29,0.0072829213467393,1999
1999-03-30,-0.0094550050993559,1999
1999-03-31,-0.0078606264824812,1999
1999-04-01,0.0118844172354912,1999
1999-04-05,0.0167787047053642,1999
1999-04-06,-0.0005502673275992,1999
1999-04-07,0.0137593219342979,1999
1999-04-08,0.0211723164897212,1999
1999-04-09,0.0170122556535856,1999
1999-04-12,0.0266599615681426,1999
1999-04-13,0.0005088305243949,1999
1999-04-14,-0.0269718139603794,1999
1999-04-15,-0.009937474947714,1999
1999-04-16,-0.0005281355569962,1999
1999-04-19,-0.0190272254781826,1999
1999-04-20,0.0140085201933797,1999
1999-04-21,0.0281614290743468,1999
1999-04-22,0.0149872615659258,1999
1999-04-23,-0.0106924491121692,1999
1999-04-26,0.0056610642766494,1999
1999-04-27,-0.0005115414334686,1999
1999-04-28,-0.0030722076103743,1999
1999-04-29,-0.0030818893771697,1999
1999-04-30,-0.008758315844529,1999
1999-05-03,0.0057172952652899,1999
1999-05-04,-0.0108528074185225,1999
1999-05-05,0.0198539668164248,1999
1999-05-06,-0.0020490095652496,1999
1999-05-07,0.0071867399397043,1999
1999-05-10,-0.0086647823297496,1999
1999-05-11,0.0061694739703201,1999
1999-05-12,0.0071541185866952,1999
1999-05-13,0.0111614983853971,1999
1999-05-14,-0.0205716808992196,1999
1999-05-17,0.0122949120802997,1999
1999-05-18,-0.0065788487732308,1999
1999-05-19,0.0117168202966191,1999
1999-05-20,0.0010067029172122,1999
1999-05-21,-0.0080480415208448,1999
1999-05-24,-0.0101418840076082,1999
1999-05-25,-0.0066600556487879,1999
1999-05-26,0.0108306347538604,1999
1999-05-27,-0.0142856930057092,1999
1999-05-28,0.0144927317219023,1999
1999-06-01,-0.0040817177730815,1999
1999-06-02,-0.0025615023377875,1999
1999-06-03,0.0015407840228891,1999
1999-06-04,0.0148714389894659,1999
1999-06-07,0.0080853802326905,1999
1999-06-08,-0.0005015510660103,1999
1999-06-09,0.0065195660190642,1999
1999-06-10,-0.0104631580894283,1999
1999-06-11,-0.0100704944059051,1999
1999-06-14,0.0010172622724897,1999
1999-06-15,0.0030486855047242,1999
1999-06-16,0.0172236928067288,1999
1999-06-17,0.003984148568175,1999
1999-06-18,0.0094246220060185,1999
1999-06-21,0.0058969308351899,1999
1999-06-22,-0.0073277728366988,1999
1999-06-23,0.0004922133106344,1999
1999-06-24,-0.0162324836572946,1999
1999-06-25,0.0020003553592089,1999
1999-06-28,0.0079837826812689,1999
1999-06-29,0.001980239928971,1999
1999-06-30,0.0034584937984403,1999
1999-07-01,0.0039392349090718,1999
1999-07-02,0.0034325388647247,1999
1999-07-06,0.0004890492914391,1999
1999-07-07,0.0063506617480009,1999
1999-07-08,0.0038835773130732,1999
1999-07-09,-0.0029010621630822,1999
1999-07-12,0.0048495084752619,1999
1999-07-13,0.0,1999
1999-07-14,0.000482509775503,1999
1999-07-15,0.0091652763727292,1999
1999-07-16,0.0119506153148347,1999
1999-07-19,-0.0051960668806813,1999
1999-07-20,-0.0156696210409675,1999
1999-07-21,0.0038591219780723,1999
1999-07-22,-0.0110523359494042,1999
1999-07-23,0.0009716857323722,1999
1999-07-26,-0.0053395391742017,1999
1999-07-27,0.0117128683184224,1999
1999-07-28,0.0009650571449035,1999
1999-07-29,-0.0163860333990054,1999
1999-07-30,-0.0048994078511299,1999
1999-08-02,0.0004924557038865,1999
1999-08-03,-0.0063975414786699,1999
1999-08-04,-0.0237741270457899,1999
1999-08-05,0.0020292575365772,1999
1999-08-06,-0.0050634507301102,1999
1999-08-09,-0.01068658671732,1999
1999-08-10,-0.0221198287192606,1999
1999-08-11,0.0063126016392163,1999
1999-08-12,0.0031364468290446,1999
1999-08-13,0.020323216208844,1999
1999-08-16,-0.0061290446955352,1999
1999-08-17,0.0102779263509047,1999
1999-08-18,-0.0111900971480166,1999
1999-08-19,-0.0082306239629117,1999
1999-08-20,-0.0098553301183509,1999
1999-08-23,0.0089055690257795,1999
1999-08-24,0.0015576924409579,1999
1999-08-25,0.0233281822543562,1999
1999-08-26,-0.0050656987854155,1999
1999-08-27,-0.0096742571467222,1999
1999-08-30,-0.0143957609259143,1999
1999-08-31,-0.0057383884907175,1999
1999-09-01,0.0125920819103515,1999
1999-09-02,-0.0124354931618618,1999
1999-09-03,0.0219660633293554,1999
1999-09-07,0.0016121515413884,1999
1999-09-08,-0.005365260233934,1999
1999-09-09,0.0080908724251027,1999
1999-09-10,-0.0005350481596645,1999
1999-09-13,0.0042828900388194,1999
1999-09-14,0.0,1999
1999-09-15,-0.0090620894114118,1999
1999-09-16,0.0026898459787998,1999
1999-09-17,0.0118024180975826,1999
1999-09-20,0.0010603450088195,1999
1999-09-21,-0.007415186267706,1999
1999-09-22,0.0037352378524231,1999
1999-09-23,-0.0170122081106139,1999
1999-09-24,-0.0021633424869861,1999
1999-09-27,0.0081303385483035,1999
1999-09-28,0.0021505480008934,1999
1999-09-29,-0.0064377992064664,1999
1999-09-30,0.0059392308434631,1999
1999-10-01,-0.0048310496217841,1999
1999-10-04,0.0210359244106801,1999
1999-10-05,-0.0100370279930785,1999
1999-10-06,0.0213447175229031,1999
1999-10-07,0.0067917801596824,1999
1999-10-08,0.016606417867145,1999
1999-10-11,0.0127617783740967,1999
1999-10-12,-0.0191536194089206,1999
1999-10-13,-0.0102773411851408,1999
1999-10-14,-0.0041533971031014,1999
1999-10-15,-0.0208554686509884,1999
1999-10-18,0.0,1999
1999-10-19,-0.0010645438879277,1999
1999-10-20,0.0117271349385206,1999
1999-10-21,-0.0068495573753437,1999
1999-10-22,0.0084877887292025,1999
1999-10-25,0.0036823965951824,1999
1999-10-26,-0.0005237984198956,1999
1999-10-27,0.0131097637106034,1999
1999-10-28,0.0383018364152698,1999
1999-10-29,0.0149551110278114,1999
1999-11-01,-0.0009821275489713,1999
1999-11-02,-0.0108161788359535,1999
1999-11-03,0.0054673229170647,1999
1999-11-04,0.0039543450915102,1999
1999-11-05,0.0113244292609691,1999
1999-11-08,0.0019476234977409,1999
1999-11-09,-0.0082607774653472,1999
1999-11-10,0.0102895177008834,1999
1999-11-11,0.0072743319751835,1999
1999-11-12,0.0052960301262074,1999
1999-11-15,0.0100575211696607,1999
1999-11-16,0.0104314408882968,1999
1999-11-17,-0.0079774213973137,1999
1999-11-18,0.0108797134507696,1999
1999-11-19,-0.0004679480742664,1999
1999-11-22,-0.0009360544674563,1999
1999-11-23,-0.011715238184603,1999
1999-11-24,0.0194405886281356,1999
1999-11-26,0.0134883444208666,1999
1999-11-29,0.0013766935726624,1999
1999-11-30,-0.0187902847890553,1999
1999-12-01,-0.0051377193171843,1999
1999-12-02,0.0075116814911599,1999
1999-12-03,0.015377710624518,1999
1999-12-06,0.0059659769422113,1999
1999-12-07,0.0027372397127178,1999
1999-12-08,-0.0054594447206181,1999
1999-12-09,0.006861698981204,1999
1999-12-10,-0.0050412953512901,1999
1999-12-13,-0.0023028686732524,1999
1999-12-14,-0.0046170977796985,1999
1999-12-15,-0.000463668193507,1999
1999-12-16,-0.00278430793124,1999
1999-12-17,0.00279208194715,1999
1999-12-20,0.0027840329559694,1999
1999-12-21,0.0129568757982991,1999
1999-12-22,-0.0050246340979227,1999
1999-12-23,0.0096415767228741,1999
1999-12-27,-0.0113688982378153,1999
1999-12-28,0.0114996364342077,1999
1999-12-29,-0.0027285966576868,1999
1999-12-30,0.0041041384371669,1999
1999-12-31,0.0,1999
2000-01-03,0.0,2000
2000-01-04,0.0,2000
2000-01-05,0.0004652703531422,2000
2000-01-06,-0.0190701529606813,2000
2000-01-07,0.0151733827945645,2000
2000-01-10,0.0280241342690363,2000
2000-01-11,-0.0118125789288152,2000
2000-01-12,0.0087358242536661,2000
2000-01-13,0.0132179844318056,2000
2000-01-14,0.0148443217934561,2000
2000-01-18,0.010638450627769,2000
2000-01-19,0.0083332568072544,2000
2000-01-20,0.006959990707182,2000
2000-01-21,0.0177103377239655,2000
2000-01-24,-0.0161290498371392,2000
2000-01-25,-0.0155307636650448,2000
2000-01-26,-0.0052586200106274,2000
2000-01-27,0.000440643708758,2000
2000-01-28,-0.0277409335131546,2000
2000-01-31,0.0335142925258948,2000
2000-02-01,0.0056969465415612,2000
2000-02-02,0.0061000023410238,2000
2000-02-03,0.0069294199700027,2000
2000-02-04,0.0051611090089089,2000
2000-02-07,0.0068468211404899,2000
2000-02-08,0.0288990104834558,2000
2000-02-09,-0.0152828528753519,2000
2000-02-10,0.0125836152095066,2000
2000-02-11,-0.0178123411073549,2000
2000-02-14,0.0025303217064995,2000
2000-02-15,-0.0025239353381277,2000
2000-02-16,-0.0050614764955748,2000
2000-02-17,0.0161083747472128,2000
2000-02-18,-0.0279512487437409,2000
2000-02-22,0.0030039739604159,2000
2000-02-23,0.0111257462720628,2000
2000-02-24,0.0,2000
2000-02-25,-0.0033855744869017,2000
2000-02-28,0.0029722523796806,2000
2000-02-29,0.0211686776559212,2000
2000-03-01,0.0257046390517019,2000
2000-03-02,0.0105092468581999,2000
2000-03-03,0.0263997849675436,2000
2000-03-06,-0.0101322255979372,2000
2000-03-07,-0.0157481000765055,2000
2000-03-08,0.0108001346955215,2000
2000-03-09,0.0189949683383323,2000
2000-03-10,0.0108739392583749,2000
2000-03-13,-0.0161354150106748,2000
2000-03-14,-0.0214761151114648,2000
2000-03-15,-0.020351269414351,2000
2000-03-16,0.0236255531776694,2000
2000-03-17,0.0147233502314636,2000
2000-03-20,-0.0125491195468878,2000
2000-03-21,0.015091204200121,2000
2000-03-22,0.0039122261064992,2000
2000-03-23,0.0148096025903814,2000
2000-03-24,-0.0011520708488679,2000
2000-03-27,0.0073046619201704,2000
2000-03-28,-0.0145038338863123,2000
2000-03-29,-0.0046474729829438,2000
2000-03-30,-0.028793757691519,2000
2000-03-31,0.0168268039921983,2000
2000-04-03,-0.0291570359489634,2000
2000-04-04,-0.0393666695632571,2000
2000-04-05,-0.0088718029727724,2000
2000-04-06,0.0174764851021445,2000
2000-04-07,0.0330958853960912,2000
2000-04-10,-0.033657640454433,2000
2000-04-11,-0.023080205471254,2000
2000-04-12,-0.0459623163782941,2000
2000-04-13,-0.0090051695948705,2000
2000-04-14,-0.0577011370057054,2000
2000-04-17,0.0009643817789939,2000
2000-04-18,0.056358554333886,2000
2000-04-19,0.0077522514846271,2000
2000-04-20,-0.0158373032503581,2000
2000-04-24,-0.0335632632766719,2000
2000-04-25,0.0504283647359093,2000
2000-04-26,-0.0208337601238818,2000
2000-04-27,0.0148015985006451,2000
2000-04-28,0.023700794362881,2000
2000-05-01,0.0316116535592341,2000
2000-05-02,-0.0496327265361684,2000
2000-05-03,-0.0136246603769404,2000
2000-05-04,0.0101294700600655,2000
2000-05-05,0.0186873431130158,2000
2000-05-08,-0.0201345318746084,2000
2000-05-09,-0.0127855709036963,2000
2000-05-10,-0.037464870288786,2000
2000-05-11,0.0086495716598318,2000
2000-05-12,0.0057168066209936,2000
2000-05-15,0.0175275129985912,2000
2000-05-16,0.0274674071789451,2000
2000-05-17,-0.0140466603874296,2000
2000-05-18,-0.0151648671651242,2000
2000-05-19,-0.0601964804805313,2000
2000-05-22,-0.0203570319267972,2000
2000-05-23,-0.0461227755538127,2000
2000-05-24,0.023910677216248,2000
2000-05-25,0.0114165129373036,2000
2000-05-26,0.004104829374375,2000
2000-05-30,0.0659174753758733,2000
2000-05-31,-0.007191061921839,2000
2000-06-01,0.0323512900477127,2000
2000-06-02,0.0533211234328001,2000
2000-06-05,-0.0008879805205632,2000
2000-06-06,-0.0168889073829778,2000
2000-06-07,0.0135622657919776,2000
2000-06-08,-0.0044600584078761,2000
2000-06-09,0.0134404729245392,2000
2000-06-12,-0.0159149113639666,2000
2000-06-13,0.0300993245321319,2000
2000-06-14,-0.0043615462746259,2000
2000-06-15,0.0162066499712971,2000
2000-06-16,0.0021551392020016,2000
2000-06-19,0.0133335021136333,2000
2000-06-20,-0.011460074644916,2000
2000-06-21,0.0025761219657842,2000
2000-06-22,-0.0239830395063035,2000
2000-06-23,-0.0210619108842017,2000
2000-06-26,0.0183772526782821,2000
2000-06-27,-0.003961086037602,2000
2000-06-28,-0.0097216169311622,2000
2000-06-29,-0.0218650455777024,2000
2000-06-30,0.0164235900131841,2000
2000-07-03,0.0130161840128018,2000
2000-07-05,-0.0004435316319968,2000
2000-07-06,0.0181739541562331,2000
2000-07-07,0.008271496397102,2000
2000-07-10,-0.0077720894408187,2000
2000-07-11,0.0113146499854908,2000
2000-07-12,0.0258173208539729,2000
2000-07-13,0.0113253945403364,2000
2000-07-14,0.0153464050317071,2000
2000-07-17,-0.011846432256559,2000
2000-07-18,-0.0169487608742266,2000
2000-07-19,-0.0025235373579632,2000
2000-07-20,0.023187160078983,2000
2000-07-21,-0.0201891102381281,2000
2000-07-24,-0.0483604482844289,2000
2000-07-25,0.0123732209207094,2000
2000-07-26,-0.0157132798044453,2000
2000-07-27,-0.0452334788410826,2000
2000-07-28,-0.0292613429940556,2000
2000-07-31,0.0086123264187676,2000
2000-08-01,0.001897841516834,2000
2000-08-02,-0.0080496592993626,2000
2000-08-03,0.006682438413065,2000
2000-08-04,0.0080612078990116,2000
2000-08-07,0.0084664908524418,2000
2000-08-08,-0.0214549294469275,2000
2000-08-09,-0.0028599533286346,2000
2000-08-10,-0.006214259580545,2000
2000-08-11,-0.000481221026385,2000
2000-08-14,0.0125122573202673,2000
2000-08-15,-0.0080799851594216,2000
2000-08-16,-0.0081457084828998,2000
2000-08-17,0.0217393689902509,2000
2000-08-18,-0.0033099959411877,2000
2000-08-21,-0.0066412271821428,2000
2000-08-22,-0.0071632132367811,2000
2000-08-23,0.0014429980155452,2000
2000-08-24,0.0024014047914437,2000
2000-08-25,0.003354120825012,2000
2000-08-28,0.0109838011524681,2000
2000-08-29,-0.0136988474195465,2000
2000-08-30,0.0062262614146233,2000
2000-08-31,0.0204664290676221,2000
2000-09-01,0.0139926897726649,2000
2000-09-05,-0.0156394576761015,2000
2000-09-06,-0.0112151116489996,2000
2000-09-07,-0.0014176729403229,2000
2000-09-08,-0.0058283108695454,2000
2000-09-11,-0.0127014427991259,2000
2000-09-12,0.0009897133431302,2000
2000-09-13,0.0059320280994008,2000
2000-09-14,-0.0044227849897141,2000
2000-09-15,-0.0148076347030193,2000
2000-09-18,-0.0320637438858011,2000
2000-09-19,-0.0010353052850481,2000
2000-09-20,-0.040932752395054,2000
2000-09-21,-0.0189082941960332,2000
2000-09-22,0.0093605179382016,2000
2000-09-25,0.0114568912507309,2000
2000-09-26,-0.0070118769304047,2000
2000-09-27,0.0016297205491366,2000
2000-09-28,0.0303681947906657,2000
2000-09-29,0.0052635108563583,2000
2000-10-02,-0.0151831303165191,2000
2000-10-03,-0.0175440660971247,2000
2000-10-04,0.0227273745138236,2000
2000-10-05,-0.0084653788156453,2000
2000-10-06,-0.0192106185913678,2000
2000-10-09,-0.0054405365368267,2000
2000-10-10,-0.009299390594516,2000
2000-10-11,-0.0309224070222351,2000
2000-10-12,-0.0336186949318613,2000
2000-10-13,0.0324299442795459,2000
2000-10-16,-0.0097090964492315,2000
2000-10-17,-0.0144170508416329,2000
2000-10-18,-0.0146289562580794,2000
2000-10-19,0.0338484580718363,2000
2000-10-20,0.0109128642448974,2000
2000-10-23,0.0153409919818443,2000
2000-10-24,0.0072748806692088,2000
2000-10-25,-0.0277779144119357,2000
2000-10-26,-0.0228572365025949,2000
2000-10-27,0.0321638634771181,2000
2000-10-30,0.0175636228491764,2000
2000-10-31,0.021714956777566,2000
2000-11-01,-0.021253439262604,2000
2000-11-02,0.0027840430117391,2000
2000-11-03,-0.0116602394012105,2000
2000-11-06,-0.0140447995422099,2000
2000-11-07,0.0045585544759598,2000
2000-11-08,-0.0039708122211187,2000
2000-11-09,-0.0182228503632929,2000
2000-11-10,-0.02262183674939,2000
2000-11-13,0.0094955166247789,2000
2000-11-14,0.0111697138626454,2000
2000-11-15,0.0029069464909003,2000
2000-11-16,-0.0052173817957683,2000
2000-11-17,-0.0303030744894311,2000
2000-11-20,-0.016225932551284,2000
2000-11-21,-0.0048871493545293,2000
2000-11-22,-0.0110495873227203,2000
2000-11-24,0.0124144013603069,2000
2000-11-27,0.0018399102266366,2000
2000-11-28,-0.00979212365953,2000
2000-11-29,-0.0123608698057218,2000
2000-11-30,-0.0081351797774036,2000
2000-12-01,-0.0044168674255481,2000
2000-12-04,0.0063376818726186,2000
2000-12-05,0.0289673236362071,2000
2000-12-06,0.0012232939672582,2000
2000-12-07,-0.0122242289457854,2000
2000-12-08,0.0105195944284894,2000
2000-12-11,0.0104102024274128,2000
2000-12-12,0.0072725584453261,2000
2000-12-13,0.0138391630282102,2000
2000-12-14,-0.0112758902953529,2000
2000-12-15,-0.0162067944455567,2000
2000-12-18,-0.0018308116320305,2000
2000-12-19,-0.0403421438184306,2000
2000-12-20,-0.0414009164432811,2000
2000-12-21,-0.0066446404274423,2000
2000-12-22,0.0267558330356607,2000
2000-12-26,0.0136809662519405,2000
2000-12-27,0.0044982590885658,2000
2000-12-28,0.0006400474256977,2000
2000-12-29,0.0019178680160003,2000
2001-01-02,0.0,2001
2001-01-03,0.045220249252772,2001
2001-01-04,0.0142151460015738,2001
2001-01-05,-0.0280318156509797,2001
2001-01-08,0.0,2001
2001-01-09,0.0294671649883446,2001
2001-01-10,0.0182700936919466,2001
2001-01-11,0.0155502655351564,2001
2001-01-12,0.001767197215015,2001
2001-01-16,-0.0041154316920376,2001
2001-01-17,0.0088549168689047,2001
2001-01-18,0.0128725743977495,2001
2001-01-19,-0.0069318054451033,2001
2001-01-22,-0.0162886793711961,2001
2001-01-23,0.0094621669261467,2001
2001-01-24,0.0017570893588692,2001
2001-01-25,-0.0152050369717027,2001
2001-01-26,-0.0089068162340947,2001
2001-01-29,0.0251644089092475,2001
2001-01-30,0.0040913800797599,2001
2001-01-31,-0.0069853753017519,2001
2001-02-01,0.0093789759530187,2001
2001-02-02,-0.0313588301037347,2001
2001-02-05,0.007793430361376,2001
2001-02-06,0.00297484815748,2001
2001-02-07,-0.0124556825841003,2001
2001-02-08,-0.002402423925747,2001
2001-02-09,-0.015653013888863,2001
2001-02-12,0.0116209558861615,2001
2001-02-13,-0.0042324918194827,2001
2001-02-14,-0.0200360246780614,2001
2001-02-15,-0.0012394660737677,2001
2001-02-16,-0.0124071769174044,2001
2001-02-20,-0.0138184953720523,2001
2001-02-21,-0.0184716777252439,2001
2001-02-22,0.0097337749080554,2001
2001-02-23,-0.0012851730221159,2001
2001-02-26,0.0250963122896266,2001
2001-02-27,-0.0012554436692375,2001
2001-02-28,-0.0163419486396418,2001
2001-03-01,-0.0185304563113644,2001
2001-03-02,0.0091146661390284,2001
2001-03-05,-0.0006449808315646,2001
2001-03-06,0.013557501756545,2001
2001-03-07,-0.0063697871216714,2001
2001-03-08,0.0083331600844105,2001
2001-03-09,-0.0197070694117601,2001
2001-03-12,-0.0291833143125046,2001
2001-03-13,0.008684176623259,2001
2001-03-14,-0.0357614578000942,2001
2001-03-15,0.0157963112967569,2001
2001-03-16,-0.0141985209670649,2001
2001-03-19,0.015774644726433,2001
2001-03-20,-0.0256583141258034,2001
2001-03-21,-0.0173249755436747,2001
2001-03-22,-0.0141042970200696,2001
2001-03-23,0.0178827131432397,2001
2001-03-26,0.0274069981185236,2001
2001-03-27,0.0314638304152445,2001
2001-03-28,-0.034482615579703,2001
2001-03-29,0.0061808434239429,2001
2001-03-30,0.001365528636358,2001
2001-04-02,-0.006816626904267,2001
2001-04-03,-0.0336309114522132,2001
2001-04-04,-0.0056815956532143,2001
2001-04-05,0.0321425190824424,2001
2001-04-06,-0.0214530153097008,2001
2001-04-09,0.0148510710558169,2001
2001-04-10,0.0362370655440553,2001
2001-04-11,0.003362505247948,2001
2001-04-12,0.008043032575401,2001
2001-04-16,0.0,2001
2001-04-17,0.009973428974096,2001
2001-04-18,0.0250162999518048,2001
2001-04-19,0.0083499596783191,2001
2001-04-20,-0.017197904195067,2001
2001-04-23,-0.0136100346968192,2001
2001-04-24,-0.0026280183608454,2001
2001-04-25,0.0197624531838291,2001
2001-04-26,0.0012923748083399,2001
2001-04-27,0.013548384893615,2001
2001-04-30,-0.0038191965579265,2001
2001-05-01,0.016613444699651,2001
2001-05-02,0.0031425242287155,2001
2001-05-03,-0.0106516054591551,2001
2001-05-04,0.0075998766398248,2001
2001-05-07,0.0062854718803904,2001
2001-05-08,-0.014366208290965,2001
2001-05-09,-0.0101395085031575,2001
2001-05-10,-0.0025607812012302,2001
2001-05-11,-0.003850817260156,2001
2001-05-14,0.0019326966662098,2001
2001-05-15,0.0,2001
2001-05-16,0.0212218723546153,2001
2001-05-17,-0.0006295468365756,2001
2001-05-18,0.0069312574551085,2001
2001-05-21,0.0087610900283527,2001
2001-05-22,-0.0062034690567436,2001
2001-05-23,-0.0124849853435325,2001
2001-05-24,0.0012649644214308,2001
2001-05-25,-0.0056821105714669,2001
2001-05-29,-0.0076191160549535,2001
2001-05-30,-0.0134351448859078,2001
2001-05-31,0.0162125363217109,2001
2001-06-01,-0.0051057708630021,2001
2001-06-04,0.0012830088186486,2001
2001-06-05,0.0070468899745719,2001
2001-06-06,-0.0139950351730847,2001
2001-06-07,-0.0070965897290465,2001
2001-06-08,-0.0006497783087229,2001
2001-06-11,-0.0006502633685532,2001
2001-06-12,-0.0071569252058049,2001
2001-06-13,-0.0091739532052518,2001
2001-06-14,-0.0171962342951358,2001
2001-06-15,-0.002018601913038,2001
2001-06-18,-0.0175319259615167,2001
2001-06-19,0.004118285122534,2001
2001-06-20,0.0082018021033287,2001
2001-06-21,0.0027118890012427,2001
2001-06-22,-0.0033805630476017,2001
2001-06-25,-0.0054271957980169,2001
2001-06-26,0.0034103427456824,2001
2001-06-27,0.0,2001
2001-06-28,0.019035234686922,2001
2001-06-29,0.0106731025604365,2001
2001-07-02,0.0112209071388338,2001
2001-07-03,-0.0039161088326471,2001
2001-07-05,-0.0058976990100541,2001
2001-07-06,-0.0125247049959886,2001
2001-07-09,-0.0113486944494644,2001
2001-07-10,0.0351115379691766,2001
2001-07-11,-0.0026088470279753,2001
2001-07-12,0.0065400269969817,2001
2001-07-13,-0.0051979763385895,2001
2001-07-16,0.0006524191745738,2001
2001-07-17,0.0058752311644367,2001
2001-07-18,-0.0077869699651332,2001
2001-07-19,0.0071936772227978,2001
2001-07-20,-0.0110383125401941,2001
2001-07-23,-0.0170719676610159,2001
2001-07-24,-0.0227117152168138,2001
2001-07-25,0.0239230575277318,2001
2001-07-26,0.007343061250725,2001
2001-07-27,0.0079526128966054,2001
2001-07-30,0.0,2001
2001-07-31,-0.0019727200492718,2001
2001-08-01,0.0079052729038184,2001
2001-08-02,-0.0026145280731539,2001
2001-08-03,-0.00458700813539,2001
2001-08-06,-0.0144832777478208,2001
2001-08-07,-0.0006681372156993,2001
2001-08-08,-0.0200531431903733,2001
2001-08-09,-0.0013646622713617,2001
2001-08-10,0.0088798625584518,2001
2001-08-13,0.0,2001
2001-08-14,0.0006775103066531,2001
2001-08-15,-0.0108257281690579,2001
2001-08-16,0.002736134078074,2001
2001-08-17,-0.0143250150511324,2001
2001-08-20,0.0089968210823692,2001
2001-08-21,-0.0096021470705008,2001
2001-08-22,-0.0055404145150582,2001
2001-08-23,-0.0041779083945666,2001
2001-08-24,0.0104890624552038,2001
2001-08-27,-0.0048443345355424,2001
2001-08-28,-0.0034769492579433,2001
2001-08-29,-0.0041871250756119,2001
2001-08-30,-0.0140152073581676,2001
2001-08-31,0.0035538286677974,2001
2001-09-04,-0.0014165792664159,2001
2001-09-05,-0.00921993996388,2001
2001-09-06,-0.01932695820371,2001
2001-09-07,-0.0087592010000319,2001
2001-09-10,0.0198822849334481,2001
2001-09-17,-0.0223828674454321,2001
2001-09-18,0.0132939918494809,2001
2001-09-19,-0.0036443473335519,2001
2001-09-20,0.0,2001
2001-09-21,-0.0292610654326802,2001
2001-09-24,0.0211001951955709,2001
2001-09-25,0.0118081518898156,2001
2001-09-26,-0.0350111101868708,2001
2001-09-27,-0.0060466995059128,2001
2001-09-28,0.0167298934341839,2001
2001-10-01,-0.0059833111657235,2001
2001-10-02,0.0135437746632431,2001
2001-10-03,0.007424329036489,2001
2001-10-04,0.0022104943198331,2001
2001-10-05,-0.0022056188119775,2001
2001-10-08,0.0029470657210903,2001
2001-10-09,0.0007351848791625,2001
2001-10-10,0.0132156921877237,2001
2001-10-11,-0.0036230812725618,2001
2001-10-12,-0.0065455822604082,2001
2001-10-15,-0.0080526397847988,2001
2001-10-16,-0.0036899276119911,2001
2001-10-17,-0.0133333789572608,2001
2001-10-18,-0.0157659047345183,2001
2001-10-19,0.0022884234213169,2001
2001-10-22,-0.0114157727605938,2001
2001-10-23,-0.0184754003360254,2001
2001-10-24,-0.0062748666651217,2001
2001-10-25,0.0015787742255632,2001
2001-10-26,0.0063043082915885,2001
2001-10-29,-0.009397332512585,2001
2001-10-30,-0.0173912335627017,2001
2001-10-31,-0.008044814851032,2001
2001-11-01,0.0129764374639351,2001
2001-11-02,-0.0008011098573035,2001
2001-11-05,0.0144235959582499,2001
2001-11-06,0.0,2001
2001-11-07,-0.011058776541744,2001
2001-11-08,0.0119807856064846,2001
2001-11-09,0.0047359428897697,2001
2001-11-12,-0.0062846495444723,2001
2001-11-13,0.0126480315411103,2001
2001-11-14,0.0031231152449133,2001
2001-11-15,0.0194554219383165,2001
2001-11-16,0.0030530938149559,2001
2001-11-19,0.0,2001
2001-11-20,-0.0091326475046641,2001
2001-11-21,-0.0061443751880687,2001
2001-11-23,0.0054096317728795,2001
2001-11-26,0.0069182618367373,2001
2001-11-27,-0.0106874078301252,2001
2001-11-28,-0.0092594160255256,2001
2001-11-29,0.0046730145272162,2001
2001-11-30,-0.0046512790327261,2001
2001-12-03,-0.0015576465251673,2001
2001-12-04,0.0070206448531697,2001
2001-12-05,0.0085201537660577,2001
2001-12-06,0.0038405763518094,2001
2001-12-07,-0.01147683831093,2001
2001-12-10,-0.0139319385876494,2001
2001-12-11,-0.0054946304260873,2001
2001-12-12,0.0007895770062416,2001
2001-12-13,-0.0015772250553899,2001
2001-12-14,0.0023695369273679,2001
2001-12-17,0.0189126215241517,2001
2001-12-18,0.0030930125500123,2001
2001-12-19,0.0046264743914465,2001
2001-12-20,0.0038368896827558,2001
2001-12-21,-0.0038222242300424,2001
2001-12-24,0.0023026212775913,2001
2001-12-26,0.0022969629479412,2001
2001-12-27,0.0106949874423776,2001
2001-12-28,0.0060470632171611,2001
2001-12-29,0.0,2001
2001-12-30,0.0,2001
2001-12-31,0.0,2001
2002-01-01,0.0,2001
2002-01-02,0.0,2001
2002-01-02,0.0,2002
2002-01-03,0.0052045790679153,2002
2002-01-04,0.0014792318159337,2002
2002-01-07,-0.0059081166077404,2002
2002-01-08,-0.0022294172684637,2002
2002-01-09,-0.0148915960855565,2002
2002-01-10,0.0015113652821565,2002
2002-01-11,-0.0030187500680929,2002
2002-01-14,-0.0030280362175395,2002
2002-01-15,0.0007595274882599,2002
2002-01-16,-0.0128982977854021,2002
2002-01-17,-0.0053805974935372,2002
2002-01-18,-0.0061822118150342,2002
2002-01-22,-0.0139969362502067,2002
2002-01-23,0.0102522277230165,2002
2002-01-24,0.0015611438361151,2002
2002-01-25,-0.0054557866675948,2002
2002-01-28,0.0007836305535666,2002
2002-01-29,-0.0258418958385474,2002
2002-01-30,-0.0072346368887958,2002
2002-01-31,0.0129555806770027,2002
2002-02-01,-0.0063951709616419,2002
2002-02-04,-0.0353981636272079,2002
2002-02-05,-0.0200167802459598,2002
2002-02-06,-0.0153192063043018,2002
2002-02-07,0.0129650980425755,2002
2002-02-08,0.0170645829780178,2002
2002-02-11,0.0041945873885289,2002
2002-02-12,-0.005012093665852,2002
2002-02-13,0.0008392336647602,2002
2002-02-14,-0.0167782688175532,2002
2002-02-15,-0.016211908100633,2002
2002-02-19,-0.0251520860689795,2002
2002-02-20,0.015125123123016,2002
2002-02-21,-0.0210345319697288,2002
2002-02-22,0.0125335131384254,2002
2002-02-25,0.0256412590960231,2002
2002-02-26,0.0034482235090642,2002
2002-02-27,0.0025774252799666,2002
2002-02-28,0.0077118204481374,2002
2002-03-01,0.0195579189513985,2002
2002-03-04,0.0075064029569062,2002
2002-03-05,0.0033112078925978,2002
2002-03-06,0.0412542540841589,2002
2002-03-07,-0.0110938284388089,2002
2002-03-08,0.0016031184814753,2002
2002-03-11,0.0071995225981722,2002
2002-03-12,-0.0055597126191251,2002
2002-03-13,-0.0127798184361513,2002
2002-03-14,-0.0064723167818512,2002
2002-03-15,0.0024428616379186,2002
2002-03-18,0.0089356703347596,2002
2002-03-19,-0.008051448436264,2002
2002-03-20,-0.0064930966420124,2002
2002-03-21,0.0098035346064315,2002
2002-03-22,-0.0137540138096854,2002
2002-03-25,-0.0106644961143613,2002
2002-03-26,0.0,2002
2002-03-27,-0.0033166198949473,2002
2002-03-28,0.0074876674066528,2002
2002-04-01,-0.0016515421002176,2002
2002-04-02,-0.0082715302211506,2002
2002-04-03,0.0016682322396956,2002
2002-04-04,0.0,2002
2002-04-05,-0.0049961212329262,2002
2002-04-08,-0.0050206440585475,2002
2002-04-09,-0.0235492468912866,2002
2002-04-10,0.0017225023798383,2002
2002-04-11,-0.0395529062385391,2002
2002-04-12,0.0152193890360363,2002
2002-04-15,-0.0079364095997653,2002
2002-04-16,0.0622220058887381,2002
2002-04-17,0.0008369082329156,2002
2002-04-18,-0.0150502223934549,2002
2002-04-19,-0.0127333985976211,2002
2002-04-22,-0.0275151299701174,2002
2002-04-23,0.0061891843458972,2002
2002-04-24,0.0,2002
2002-04-25,-0.0017571470251208,2002
2002-04-26,-0.0184860783634663,2002
2002-04-29,-0.0304931157037012,2002
2002-04-30,0.0138762520284758,2002
2002-05-01,0.0191601341641407,2002
2002-05-02,-0.0125333408232976,2002
2002-05-03,-0.0163194479587253,2002
2002-05-06,-0.014746235009489,2002
2002-05-07,0.0009354619481429,2002
2002-05-08,0.0308411235127186,2002
2002-05-09,-0.0154126471533626,2002
2002-05-10,-0.0285449321083519,2002
2002-05-13,0.0180092715022766,2002
2002-05-14,0.0176911233625876,2002
2002-05-15,-0.0009154493547037,2002
2002-05-16,0.0036636544695554,2002
2002-05-17,-0.0072996841182259,2002
2002-05-20,0.0,2002
2002-05-21,0.000919302847707,2002
2002-05-22,0.0156112317939882,2002
2002-05-23,0.0135618029766058,2002
2002-05-24,-0.0115971486772901,2002
2002-05-28,0.0018055919150339,2002
2002-05-29,-0.011712160056737,2002
2002-05-30,-0.0045580144546503,2002
2002-05-31,0.0,2002
2002-06-03,-0.022893191574379,2002
2002-06-04,0.0056229306470645,2002
2002-06-05,-0.006523733965903,2002
2002-06-06,-0.0300188494649177,2002
2002-06-07,0.0067702593316187,2002
2002-06-10,-0.010567223367648,2002
2002-06-11,-0.009708545551361,2002
2002-06-12,0.0,2002
2002-06-13,-0.0009804008519515,2002
2002-06-14,-0.014720255828702,2002
2002-06-17,0.006972173038183,2002
2002-06-18,0.0049455465379126,2002
2002-06-19,-0.0246068001412879,2002
2002-06-20,-0.0191720519335734,2002
2002-06-21,0.0010290136706441,2002
2002-06-24,-0.0071946032365229,2002
2002-06-25,-0.0165631958823688,2002
2002-06-26,-0.0210523148732986,2002
2002-06-27,0.0118276458765758,2002
2002-06-28,0.0255052162322508,2002
2002-07-01,-0.0290158926259687,2002
2002-07-02,-0.0298828710760167,2002
2002-07-03,0.0044007981932239,2002
2002-07-05,0.0240960718565677,2002
2002-07-08,-0.0053471279284145,2002
2002-07-09,-0.0182797287869277,2002
2002-07-10,-0.028477271656418,2002
2002-07-11,0.0326943220041624,2002
2002-07-12,-0.0076424082899974,2002
2002-07-15,0.0099016106580478,2002
2002-07-16,-0.0152506757623764,2002
2002-07-17,-0.0022128345254137,2002
2002-07-18,-0.0166291174824989,2002
2002-07-19,-0.0405865936516802,2002
2002-07-22,-0.0434781969501943,2002
2002-07-23,-0.0626535861830632,2002
2002-07-24,0.0498033459411819,2002
2002-07-25,0.0024970213981745,2002
2002-07-26,-0.0012452211343149,2002
2002-07-29,0.0349124819501316,2002
2002-07-30,0.0313254649309353,2002
2002-07-31,0.0210278845027409,2002
2002-08-01,-0.0194507541743776,2002
2002-08-02,-0.0035005021893298,2002
2002-08-05,-0.0199063854684715,2002
2002-08-06,0.0167263219499631,2002
2002-08-07,0.0058756062371263,2002
2002-08-08,0.0140182523858809,2002
2002-08-09,0.0011520843346577,2002
2002-08-12,0.0069047728738598,2002
2002-08-13,-0.019428524542996,2002
2002-08-14,0.0303032988203892,2002
2002-08-15,0.0045242725950989,2002
2002-08-16,0.0123875014996548,2002
2002-08-19,0.0211351074525683,2002
2002-08-20,-0.0108936543333917,2002
2002-08-21,0.022026418177619,2002
2002-08-22,0.011853451516635,2002
2002-08-23,-0.0191692969839996,2002
2002-08-26,0.0173724729036757,2002
2002-08-27,-0.0149412301207442,2002
2002-08-28,-0.015168273621993,2002
2002-08-29,-0.0022000285432,2002
2002-08-30,-0.0066153807629264,2002
2002-09-03,-0.0321861142754297,2002
2002-09-04,0.0091743929281862,2002
2002-09-05,-0.0125004374453193,2002
2002-09-06,0.015169502937862,2002
2002-09-09,0.0,2002
2002-09-10,-0.0022990895714387,2002
2002-09-11,0.009217112890498,2002
2002-09-12,-0.0194062921422816,2002
2002-09-13,0.0058201645715421,2002
2002-09-16,-0.0069441789773813,2002
2002-09-17,-0.0209790983332736,2002
2002-09-18,0.0071425827459894,2002
2002-09-19,-0.0200944692923195,2002
2002-09-20,0.0,2002
2002-09-23,-0.0096500409059154,2002
2002-09-24,-0.0243602945902542,2002
2002-09-25,0.0262169266968275,2002
2002-09-26,0.0206810497355709,2002
2002-09-27,-0.020262010097012,2002
2002-09-30,-0.0072991057305201,2002
2002-10-01,0.0220585558451806,2002
2002-10-02,-0.0143883942389978,2002
2002-10-03,0.0036497260569425,2002
2002-10-04,-0.0230302234078118,2002
2002-10-07,-0.0161291177240485,2002
2002-10-08,-0.0252204301210395,2002
2002-10-09,-0.0478656338896622,2002
2002-10-10,0.0475540647788925,2002
2002-10-11,0.0220496133071601,2002
2002-10-14,-0.0025382141301708,2002
2002-10-15,0.0178116246422497,2002
2002-10-16,-0.0275000732579178,2002
2002-10-17,0.0244215747790299,2002
2002-10-18,0.0,2002
2002-10-21,0.0238396772949325,2002
2002-10-22,0.0073527744083392,2002
2002-10-23,0.0206810497355709,2002
2002-10-24,0.0,2002
2002-10-25,0.009535363014719,2002
2002-10-28,0.0153482601614864,2002
2002-10-29,-0.0127905389366015,2002
2002-10-30,0.0223789680694272,2002
2002-10-31,-0.0046082284185493,2002
2002-11-01,0.0173612163825327,2002
2002-11-04,0.0182023449983637,2002
2002-11-05,0.0033519333876277,2002
2002-11-06,0.0,2002
2002-11-07,-0.0222714993063077,2002
2002-11-08,-0.0113897331553483,2002
2002-11-11,-0.0184328043319643,2002
2002-11-12,0.0023469931774671,2002
2002-11-13,0.0,2002
2002-11-14,0.0128805156029276,2002
2002-11-15,0.0196534184215975,2002
2002-11-18,-0.0045350812666763,2002
2002-11-19,-0.0068336669382419,2002
2002-11-20,0.0183482454073333,2002
2002-11-21,0.0202705677999179,2002
2002-11-22,0.0110378376996729,2002
2002-11-25,0.0076416260566269,2002
2002-11-26,-0.0227518459705456,2002
2002-11-27,0.0210641238901718,2002
2002-11-29,0.0,2002
2002-12-02,0.0,2002
2002-12-03,-0.0108578634416413,2002
2002-12-04,-0.0109765298538483,2002
2002-12-05,-0.00998914813834,2002
2002-12-06,0.0067263061484887,2002
2002-12-09,-0.0167035716350432,2002
2002-12-10,0.0158550761556357,2002
2002-12-11,0.0078041255275149,2002
2002-12-12,0.0044241873915278,2002
2002-12-13,1.0452539567218366e-07,2002
2002-12-16,0.0177585492880043,2002
2002-12-17,0.0043615295999743,2002
2002-12-18,-0.0054286456076787,2002
2002-12-19,-0.0076420397004831,2002
2002-12-20,0.0121010140798782,2002
2002-12-23,0.0,2002
2002-12-24,-0.004347514536074,2002
2002-12-26,0.0032750276825894,2002
2002-12-27,-0.0163220943569007,2002
2002-12-30,0.0022124387039779,2002
2002-12-31,0.0,2002
2003-01-02,0.0,2003
2003-01-03,0.0042918389882848,2003
2003-01-06,0.0480768253625198,2003
2003-01-07,-0.0173295913279274,2003
2003-01-08,-0.016597101759632,2003
2003-01-09,0.0063288561347794,2003
2003-01-10,0.0,2003
2003-01-13,-0.0041927682250716,2003
2003-01-14,0.0094736467482889,2003
2003-01-15,-0.0083423066970509,2003
2003-01-16,-0.0063085971967027,2003
2003-01-17,-0.016931688648353,2003
2003-01-21,-0.0161463003447256,2003
2003-01-22,-0.0043761563517378,2003
2003-01-23,-0.0065932421441345,2003
2003-01-24,-0.0243368181376369,2003
2003-01-27,-0.0136052148215979,2003
2003-01-28,0.0160919881154666,2003
2003-01-29,0.007918462011315,2003
2003-01-30,-0.011223172663154,2003
2003-01-31,0.0113505619800804,2003
2003-02-03,0.007856041176754,2003
2003-02-04,-0.0077948048687405,2003
2003-02-05,-0.0089788763657303,2003
2003-02-06,-0.0079273253494802,2003
2003-02-07,-0.0136987214454978,2003
2003-02-10,-0.0011568338874611,2003
2003-02-11,-0.0115878481791747,2003
2003-02-12,-0.0199299377888459,2003
2003-02-13,0.0107656238136297,2003
2003-02-14,0.0165681965121826,2003
2003-02-18,0.0186265059606924,2003
2003-02-19,-0.0160000309977997,2003
2003-02-20,-0.0150987833949478,2003
2003-02-21,0.012971597532198,2003
2003-02-24,-0.0104770395812429,2003
2003-02-25,0.0070585359789556,2003
2003-02-26,-0.0128505892631424,2003
2003-02-27,0.003550542768175,2003
2003-02-28,0.0047169748457622,2003
2003-03-03,0.0011736797291317,2003
2003-03-04,-0.00468943609404,2003
2003-03-05,0.0117786044334355,2003
2003-03-06,-0.0046562427640211,2003
2003-03-07,-0.0023394529872278,2003
2003-03-10,-0.0211020207943158,2003
2003-03-11,-0.0095807133793881,2003
2003-03-12,0.0048368665021885,2003
2003-03-13,0.0348974062020366,2003
2003-03-14,0.0034888333023423,2003
2003-03-17,0.025492152890278,2003
2003-03-18,0.0067794921957304,2003
2003-03-19,0.0022448247899347,2003
2003-03-20,-0.00335980071946,2003
2003-03-21,0.0168541537305035,2003
2003-03-24,-0.0254145677082162,2003
2003-03-25,0.012471989703273,2003
2003-03-26,-0.00335980071946,2003
2003-03-27,0.003371127034496,2003
2003-03-28,-0.00335980071946,2003
2003-03-31,-0.0101120054787956,2003
2003-04-01,0.0136208667929278,2003
2003-04-02,0.0201566950815799,2003
2003-04-03,-0.0087812374718786,2003
2003-04-04,0.0143960944046881,2003
2003-04-07,0.0032750280193072,2003
2003-04-08,-0.0054406645171545,2003
2003-04-09,-0.0109405454373848,2003
2003-04-10,0.0011058543816366,2003
2003-04-11,-0.0066300863060079,2003
2003-04-14,0.0200226989499903,2003
2003-04-15,0.0076334999803326,2003
2003-04-16,-0.0129871996262259,2003
2003-04-17,0.0087721263897486,2003
2003-04-21,-0.0043479226677004,2003
2003-04-22,0.0131006261457946,2003
2003-04-23,0.017241151845744,2003
2003-04-24,0.0052964791233522,2003
2003-04-25,-0.0073758054448218,2003
2003-04-28,0.0222928363435757,2003
2003-04-29,0.0031148940265151,2003
2003-04-30,0.0082818583051442,2003
2003-05-01,-0.0041068679084155,2003
2003-05-02,0.0247426287759058,2003
2003-05-05,-0.0110664058251241,2003
2003-05-06,0.009155225429223,2003
2003-05-07,-0.002015984521492,2003
2003-05-08,-0.0080804179572453,2003
2003-05-09,0.0142562609222205,2003
2003-05-12,0.0140561603435771,2003
2003-05-13,-0.0059407270026561,2003
2003-05-14,0.0039845286450257,2003
2003-05-15,0.0059521384795517,2003
2003-05-16,0.0118343975653574,2003
2003-05-19,-0.0146199783208508,2003
2003-05-20,0.004945662177701,2003
2003-05-21,-0.0039370954591313,2003
2003-05-22,0.0148222327815024,2003
2003-05-23,0.0214212674107747,2003
2003-05-27,0.0171592275658736,2003
2003-05-28,-0.0065600240924637,2003
2003-05-29,-0.0028304734072945,2003
2003-05-30,0.0104069112825113,2003
2003-06-02,0.009363328411361,2003
2003-06-03,0.0018550668117591,2003
2003-06-04,0.0148152353187493,2003
2003-06-05,0.0009123000160085,2003
2003-06-06,-0.0154971104637646,2003
2003-06-09,-0.0074070508510757,2003
2003-06-10,0.0,2003
2003-06-11,0.0205220517307722,2003
2003-06-12,0.0082266606682392,2003
2003-06-13,-0.0099727269824252,2003
2003-06-16,0.017399528181716,2003
2003-06-17,-0.0108014043020823,2003
2003-06-18,0.0045499928060137,2003
2003-06-19,-0.0018116342285157,2003
2003-06-20,0.0063520995223789,2003
2003-06-23,-0.0162310278085568,2003
2003-06-24,-0.0018330488302282,2003
2003-06-25,-0.001836328588144,2003
2003-06-26,0.0110390211241393,2003
2003-06-27,-0.0109184916640165,2003
2003-06-30,-0.0018400534532149,2003
2003-07-01,0.0046081797316821,2003
2003-07-02,0.0192660940453301,2003
2003-07-03,-0.0054005749989064,2003
2003-07-07,0.0090494633084188,2003
2003-07-08,-0.0008964166224849,2003
2003-07-09,-0.010772061421885,2003
2003-07-10,-0.0199640587803366,2003
2003-07-11,0.0083336516179934,2003
2003-07-14,-0.0009180778134942,2003
2003-07-15,-0.0091914651101554,2003
2003-07-16,-0.0120594194481311,2003
2003-07-17,-0.0187794083185582,2003
2003-07-18,0.0105264163465237,2003
2003-07-21,-0.0217802089488825,2003
2003-07-22,0.0183929368992603,2003
2003-07-23,-0.0066540959586722,2003
2003-07-24,0.0019138283379973,2003
2003-07-25,0.0066862337325901,2003
2003-07-28,0.0018972175066542,2003
2003-07-29,-0.0142046391981511,2003
2003-07-30,-0.0057636368784824,2003
2003-07-31,0.0019325013089288,2003
2003-08-01,-0.0096432340338965,2003
2003-08-04,0.0077895767952134,2003
2003-08-05,-0.0193239211778231,2003
2003-08-06,0.0088672418013249,2003
2003-08-07,-0.0058591380692591,2003
2003-08-08,0.0019645874690108,2003
2003-08-11,0.0039213785347667,2003
2003-08-12,0.0117190118991812,2003
2003-08-13,-0.0086874051351921,2003
2003-08-14,0.0038946508454824,2003
2003-08-15,-0.0019400904029694,2003
2003-08-18,0.0009719765967803,2003
2003-08-19,0.0038833996278073,2003
2003-08-20,0.0096711250946213,2003
2003-08-21,0.0057475271894371,2003
2003-08-22,-0.0133331814536624,2003
2003-08-25,-0.0057919064393574,2003
2003-08-26,0.004854523837803,2003
2003-08-27,0.0009664326397087,2003
2003-08-28,0.005791179201207,2003
2003-08-29,0.0038389480188814,2003
2003-09-02,0.014340347955613,2003
2003-09-03,0.0037699345764743,2003
2003-09-04,0.0056335748931108,2003
2003-09-05,-0.000938256480279,2003
2003-09-08,0.0028188211631101,2003
2003-09-09,-0.0121830729468601,2003
2003-09-10,-0.0009492030222026,2003
2003-09-11,-0.000949571247726,2003
2003-09-12,0.0057030207832129,2003
2003-09-15,-0.0066157647297712,2003
2003-09-16,0.0152232071731961,2003
2003-09-17,-0.0037484487883587,2003
2003-09-18,0.0150517077863641,2003
2003-09-19,-0.0037070198428107,2003
2003-09-22,-0.0074423228689262,2003
2003-09-23,-0.0037484487883587,2003
2003-09-24,-0.0216367913993764,2003
2003-09-25,-0.000962161003709,2003
2003-09-26,0.0019252739526929,2003
2003-09-29,0.0057636436505055,2003
2003-09-30,-0.0038199623916128,2003
2003-10-01,0.012463673694556,2003
2003-10-02,0.005681950703158,2003
2003-10-03,0.0141243568083497,2003
2003-10-06,0.005571159497679,2003
2003-10-07,-0.0009235263938741,2003
2003-10-08,-0.010166709524551,2003
2003-10-09,0.0018678364698283,2003
2003-10-10,-0.002796225767258,2003
2003-10-13,0.0018694944111656,2003
2003-10-14,-0.0018660059235204,2003
2003-10-15,-0.0009343971129964,2003
2003-10-16,0.0093545499805385,2003
2003-10-17,-0.0064873498197394,2003
2003-10-20,0.0083951920994567,2003
2003-10-21,-0.0046249643073971,2003
2003-10-22,0.0,2003
2003-10-23,0.0009292733912396,2003
2003-10-24,0.0046424879909643,2003
2003-10-27,0.0027727074876258,2003
2003-10-28,0.0046081712286603,2003
2003-10-29,0.0100913188144147,2003
2003-10-30,0.008174580215466,2003
2003-10-31,0.0018021252929296,2003
2003-11-03,0.0053954713950576,2003
2003-11-04,-0.0089448922265507,2003
2003-11-05,-0.0063176420064281,2003
2003-11-06,-0.0081741549212452,2003
2003-11-07,0.0018314875381921,2003
2003-11-10,-0.0018281393238024,2003
2003-11-11,-0.01190458323839,2003
2003-11-12,0.0101946300418325,2003
2003-11-13,-0.0036702109516421,2003
2003-11-14,-0.0036826962172296,2003
2003-11-17,-0.0092420697839451,2003
2003-11-18,-0.0121272913063256,2003
2003-11-19,0.0037774729222594,2003
2003-11-20,-0.003763257319635,2003
2003-11-21,0.0037774729222594,2003
2003-11-24,0.0131703434249816,2003
2003-11-25,0.0092851498904507,2003
2003-11-26,0.0073593007578736,2003
2003-11-28,0.0009135770011907,2003
2003-12-01,0.0072992108215346,2003
2003-12-02,-0.0045292883204944,2003
2003-12-03,-0.0090989400874104,2003
2003-12-04,0.0082643967137452,2003
2003-12-05,-0.0009106542970523,2003
2003-12-08,0.0018228833194182,2003
2003-12-09,-0.011829184523536,2003
2003-12-10,0.0,2003
2003-12-11,0.0156540028172549,2003
2003-12-12,-0.0009097527790337,2003
2003-12-15,-0.0045537557330922,2003
2003-12-16,0.0027450084837101,2003
2003-12-17,0.0063864644482072,2003
2003-12-18,0.0126929724596311,2003
2003-12-19,0.0,2003
2003-12-22,0.0080572498123354,2003
2003-12-23,0.0053284557936226,2003
2003-12-24,-0.0035335033688093,2003
2003-12-26,0.0017729752838162,2003
2003-12-29,0.0123896050189955,2003
2003-12-30,0.0034963563376495,2003
2003-12-31,0.0,2003
2004-01-02,0.0,2004
2004-01-05,0.0165218993628215,2004
2004-01-06,0.0034215841728784,2004
2004-01-07,0.0059677124641266,2004
2004-01-08,0.0093218401611703,2004
2004-01-09,-0.014273867243398,2004
2004-01-12,0.0042591240687364,2004
2004-01-13,-0.004241060864332,2004
2004-01-14,0.0051110760513586,2004
2004-01-15,-0.0067797717238833,2004
2004-01-16,0.0,2004
2004-01-20,0.0059726451609616,2004
2004-01-21,0.0067856815542384,2004
2004-01-22,-0.0016850848685808,2004
2004-01-23,0.0033758583449774,2004
2004-01-26,0.0016816223119293,2004
2004-01-27,-0.0092357460130673,2004
2004-01-28,-0.010169301742108,2004
2004-01-29,-0.0034249125217696,2004
2004-01-30,-0.0017181410215968,2004
2004-02-02,0.0068848742513507,2004
2004-02-03,0.000854385662973,2004
2004-02-04,-0.0119556506700998,2004
2004-02-05,0.0034571530211398,2004
2004-02-06,0.0163654433847684,2004
2004-02-09,0.0016947650091123,2004
2004-02-10,0.0059225890517833,2004
2004-02-11,0.0109333702283633,2004
2004-02-12,-0.0083196609162945,2004
2004-02-13,-0.0050338159236729,2004
2004-02-17,0.0193933297236619,2004
2004-02-18,-0.0107528151449205,2004
2004-02-19,-0.0183948924089627,2004
2004-02-20,-0.0042585677049078,2004
2004-02-23,0.0025661482194248,2004
2004-02-24,0.0025599780386782,2004
2004-02-25,0.0,2004
2004-02-26,0.0025526471564079,2004
2004-02-27,0.0067912059048067,2004
2004-03-01,0.0109615840635679,2004
2004-03-02,0.0075061346157783,2004
2004-03-03,-0.0049666794736381,2004
2004-03-04,0.0058235763316778,2004
2004-03-05,-0.0057898586478922,2004
2004-03-08,-0.0049918586530194,2004
2004-03-09,-0.000835968343521,2004
2004-03-10,-0.019247028677676,2004
2004-03-11,-0.0110922031575132,2004
2004-03-12,0.0103538032498819,2004
2004-03-15,-0.0111015959380844,2004
2004-03-16,0.0060446920108714,2004
2004-03-17,0.0145924272358977,2004
2004-03-18,-0.0033843478785322,2004
2004-03-19,-0.0059419883240305,2004
2004-03-22,-0.0136634413975261,2004
2004-03-23,-0.0069263585935036,2004
2004-03-24,-0.0043593808242562,2004
2004-03-25,0.0113836742381068,2004
2004-03-26,-0.0051949103241157,2004
2004-03-29,0.0078329357027342,2004
2004-03-30,0.0025905247341566,2004
2004-03-31,0.0068908864351953,2004
2004-04-01,0.0051326955411887,2004
2004-04-02,0.0034039530771612,2004
2004-04-05,0.0093301439572144,2004
2004-04-06,0.0008401047864881,2004
2004-04-07,-0.0092357460130673,2004
2004-04-08,0.0008473034281746,2004
2004-04-12,-0.0042334046209142,2004
2004-04-13,-0.0136056624006646,2004
2004-04-14,-0.0034482117876283,2004
2004-04-15,0.0043250376106018,2004
2004-04-16,0.0008615717769659,2004
2004-04-19,0.0060241244426284,2004
2004-04-20,-0.0042772595877352,2004
2004-04-21,0.0085907852713316,2004
2004-04-22,0.0144805608465314,2004
2004-04-23,0.0008397129870725,2004
2004-04-26,0.0075500585027965,2004
2004-04-27,-0.0033303416068865,2004
2004-04-28,-0.0075187553782931,2004
2004-04-29,-0.0058922841230987,2004
2004-04-30,-0.0059273669409979,2004
2004-05-03,0.010221436777795,2004
2004-05-04,0.0059023793147887,2004
2004-05-05,0.0033529081284557,2004
2004-05-06,-0.005847747620143,2004
2004-05-07,-0.0210087357881424,2004
2004-05-10,-0.0188838935693922,2004
2004-05-11,0.0061241818321491,2004
2004-05-12,-0.0026085458620562,2004
2004-05-13,0.0034873744970649,2004
2004-05-14,-0.0026062790986128,2004
2004-05-17,-0.0165505966360729,2004
2004-05-18,0.0150573109263421,2004
2004-05-19,0.0008727673858739,2004
2004-05-20,0.0034873744970649,2004
2004-05-21,0.0,2004
2004-05-24,0.0008686516078768,2004
2004-05-25,0.0112845331556767,2004
2004-05-26,-0.0051500799784193,2004
2004-05-27,0.0086283303932721,2004
2004-05-28,-0.002566467501296,2004
2004-06-01,-0.0025729111532188,2004
2004-06-02,0.0034392370038345,2004
2004-06-03,-0.010282507495796,2004
2004-06-04,0.0043289438254423,2004
2004-06-07,0.0155169128244407,2004
2004-06-08,-0.0033955237417345,2004
2004-06-09,-0.0025551406229447,2004
2004-06-10,0.0076858551149296,2004
2004-06-14,-0.0093219983139334,2004
2004-06-15,0.0051326955411887,2004
2004-06-16,0.0025526471564079,2004
2004-06-17,0.0067912059048067,2004
2004-06-18,0.0033730916458449,2004
2004-06-21,-0.0050423537800912,2004
2004-06-22,-0.000844441169482,2004
2004-06-23,0.0118342975907368,2004
2004-06-24,-0.0091898410897813,2004
2004-06-25,0.0033730916458449,2004
2004-06-28,-0.0016808368679444,2004
2004-06-29,0.0033670194989134,2004
2004-06-30,0.0041945726219436,2004
2004-07-01,-0.0033417037029472,2004
2004-07-02,0.0050295186221007,2004
2004-07-06,-0.0066724136575835,2004
2004-07-07,0.007556711769183,2004
2004-07-08,-0.0108330745272791,2004
2004-07-09,-0.0033700911271193,2004
2004-07-12,0.0067624219621948,2004
2004-07-13,0.0,2004
2004-07-14,0.0025189822691131,2004
2004-07-15,-0.0058624400664049,2004
2004-07-16,0.0016850848685809,2004
2004-07-19,-0.0008414389783697,2004
2004-07-20,0.0067340389978269,2004
2004-07-21,-0.0167221755368122,2004
2004-07-22,0.0059520904917704,2004
2004-07-23,-0.0008453126047569,2004
2004-07-26,0.0016918976401927,2004
2004-07-27,0.0160475345903672,2004
2004-07-28,0.0058192017213121,2004
2004-07-29,0.0,2004
2004-07-30,-0.0008267583131199,2004
2004-08-02,0.007443971667989,2004
2004-08-03,-0.0073889683965893,2004
2004-08-04,-0.0016543445588734,2004
2004-08-05,-0.0115991378050765,2004
2004-08-06,-0.0092204191385447,2004
2004-08-09,-0.0025380832880663,2004
2004-08-10,0.0169636894530726,2004
2004-08-11,0.0025021745774176,2004
2004-08-12,-0.0024959293265097,2004
2004-08-13,0.0008338766047844,2004
2004-08-16,0.00916655534248,2004
2004-08-17,-0.002477149606691,2004
2004-08-18,0.0082781080967093,2004
2004-08-19,-0.0032839348811632,2004
2004-08-20,0.0065893555582594,2004
2004-08-23,-0.0032730337343761,2004
2004-08-24,-0.0032839348811632,2004
2004-08-25,0.0057658590523548,2004
2004-08-26,-0.000819081245783,2004
2004-08-27,0.0024593345532488,2004
2004-08-30,-0.0032707374704639,2004
2004-08-31,0.0082036374725857,2004
2004-09-01,0.0040682149364068,2004
2004-09-02,0.0089139154292614,2004
2004-09-03,-0.0032130169532175,2004
2004-09-07,0.0088642401011147,2004
2004-09-08,-0.0071886061479448,2004
2004-09-09,0.0048268289987785,2004
2004-09-10,0.0056361873664922,2004
2004-09-13,0.0032024580804714,2004
2004-09-14,0.0039906641119702,2004
2004-09-15,-0.0071543485912428,2004
2004-09-16,0.0056044502191903,2004
2004-09-17,0.0039809842401397,2004
2004-09-20,-0.0055509693390969,2004
2004-09-21,0.0047843845265931,2004
2004-09-22,-0.0063488533417381,2004
2004-09-23,0.0007983253251293,2004
2004-09-24,0.0031924572375421,2004
2004-09-27,-0.0055684861345898,2004
2004-09-28,0.0039998687618452,2004
2004-09-29,0.0,2004
2004-09-30,0.0055775809046816,2004
2004-10-01,0.0118858758870752,2004
2004-10-04,0.009396936366377,2004
2004-10-05,0.0054308219318106,2004
2004-10-06,0.0061727091324979,2004
2004-10-07,-0.0076690309845132,2004
2004-10-08,-0.0023180309493379,2004
2004-10-11,0.0054221201890731,2004
2004-10-12,0.0061631272909961,2004
2004-10-13,-0.0076566487282825,2004
2004-10-14,-0.0030867483389415,2004
2004-10-15,0.0077402619227417,2004
2004-10-18,0.00537609695703,2004
2004-10-19,-0.0076394549273647,2004
2004-10-20,-0.0007696551166493,2004
2004-10-21,-0.004622702891886,2004
2004-10-22,-0.003870202778086,2004
2004-10-25,0.0132094536260372,2004
2004-10-26,0.0061349828578536,2004
2004-10-27,0.0022865815386758,2004
2004-10-28,0.0,2004
2004-10-29,0.0038022279788687,2004
2004-11-01,0.0037878258016268,2004
2004-11-02,-0.0075470646370946,2004
2004-11-03,0.0098858209692951,2004
2004-11-04,0.0135544053267111,2004
2004-11-05,0.0014858355491498,2004
2004-11-08,0.0044510998515268,2004
2004-11-09,0.0029540446536533,2004
2004-11-10,-0.0007364897282947,2004
2004-11-11,0.0117907429286687,2004
2004-11-12,0.0123817174496889,2004
2004-11-15,-0.0043165399431808,2004
2004-11-16,-0.0014451067599017,2004
2004-11-17,-0.0014469966963196,2004
2004-11-18,-0.0014494969523448,2004
2004-11-19,-0.0094338580859658,2004
2004-11-22,0.00952370335184,2004
2004-11-23,0.0,2004
2004-11-24,0.0014516010436336,2004
2004-11-26,0.0007244122907767,2004
2004-11-29,-0.0021723355765302,2004
2004-11-30,-0.0079820550382905,2004
2004-12-01,0.0087777177825163,2004
2004-12-02,0.0007254761214601,2004
2004-12-03,0.0014490935298701,2004
2004-12-06,0.0,2004
2004-12-07,-0.0108533480396323,2004
2004-12-08,-0.0036580668304978,2004
2004-12-09,0.0066079187113454,2004
2004-12-10,0.0029476680300719,2004
2004-12-13,0.0102863819092153,2004
2004-12-14,0.0029093480723916,2004
2004-12-15,-0.002175514743398,2004
2004-12-16,0.0021802579266618,2004
2004-12-17,0.0,2004
2004-12-20,0.0036255693110831,2004
2004-12-21,0.0079479826322106,2004
2004-12-22,0.0007173371622914,2004
2004-12-23,-0.0028660418675658,2004
2004-12-27,-0.0035916455150515,2004
2004-12-28,0.0043260003060439,2004
2004-12-29,-0.0007183010041841,2004
2004-12-30,0.000718817331395,2004
2004-12-31,0.0,2004
2005-01-03,0.0,2005
2005-01-04,0.0,2005
2005-01-05,-0.002204489644351,2005
2005-01-06,0.0058910635104649,2005
2005-01-07,0.0007320282460172,2005
2005-01-10,0.0014631199120758,2005
2005-01-11,-0.0058435267675802,2005
2005-01-12,0.0,2005
2005-01-13,-0.0044086418909174,2005
2005-01-14,0.0059042413668999,2005
2005-01-18,0.0088040082794507,2005
2005-01-19,-0.006545597699987,2005
2005-01-20,-0.0087845406499225,2005
2005-01-21,0.0,2005
2005-01-24,0.0,2005
2005-01-25,-0.0081240804162819,2005
2005-01-26,0.0059567225204142,2005
2005-01-27,-0.0044413424853966,2005
2005-01-28,0.0022307828504624,2005
2005-01-31,0.0044510218968802,2005
2005-02-01,0.0073856324768954,2005
2005-02-02,0.0043988100973264,2005
2005-02-03,0.0036494535003714,2005
2005-02-04,0.0145453348047275,2005
2005-02-07,-0.0057346809913761,2005
2005-02-08,0.0036047903366906,2005
2005-02-09,-0.0114944106111792,2005
2005-02-10,-0.0036333417119268,2005
2005-02-11,0.0051057767288449,2005
2005-02-14,0.0058050270423846,2005
2005-02-15,0.0,2005
2005-02-16,0.0028863910900898,2005
2005-02-17,-0.0086329960812867,2005
2005-02-18,-0.0043542534730958,2005
2005-02-22,-0.013848446851733,2005
2005-02-23,0.0073911602977234,2005
2005-02-24,0.0073365275750465,2005
2005-02-25,0.0101967476441247,2005
2005-02-28,-0.0057678234538024,2005
2005-03-01,0.0079767991253718,2005
2005-03-02,0.0007194548819398,2005
2005-03-03,0.0007187395661112,2005
2005-03-04,0.008620857440978,2005
2005-03-07,0.0021367770160085,2005
2005-03-08,-0.0085289490146849,2005
2005-03-09,-0.0100356752761823,2005
2005-03-10,0.0007240105355603,2005
2005-03-11,-0.0021707259873945,2005
2005-03-14,0.0087019929543845,2005
2005-03-15,-0.0071890462664001,2005
2005-03-16,-0.0057930818189761,2005
2005-03-17,0.0036418819230521,2005
2005-03-18,-0.000725586725875,2005
2005-03-21,-0.0029051879871854,2005
2005-03-22,-0.0138380944487955,2005
2005-03-23,-0.0014770315355999,2005
2005-03-24,0.0036978371758813,2005
2005-03-28,0.0022112590600338,2005
2005-03-29,-0.0073534526105354,2005
2005-03-30,0.0125926518033745,2005
2005-03-31,0.0080470923330244,2005
2005-04-01,0.0,2005
2005-04-04,0.0065310802977978,2005
2005-04-05,0.0072097131026291,2005
2005-04-06,-0.0021474841578175,2005
2005-04-07,0.0071737737457326,2005
2005-04-08,-0.0056979194126447,2005
2005-04-11,0.0028653187681932,2005
2005-04-12,0.007856818278876,2005
2005-04-13,-0.008504707777267,2005
2005-04-14,-0.0114366369676693,2005
2005-04-15,-0.0195222781664492,2005
2005-04-18,0.0044245581943727,2005
2005-04-19,0.008076159769206,2005
2005-04-20,-0.0087398209614297,2005
2005-04-21,0.012490870859446,2005
2005-04-22,-0.000725586725875,2005
2005-04-25,0.0065353557356304,2005
2005-04-26,-0.0079361177244688,2005
2005-04-27,0.0101817143255606,2005
2005-04-28,-0.0057593866245971,2005
2005-04-29,0.0072411028900969,2005
2005-05-02,-0.0035949522905747,2005
2005-05-03,-0.0050501242089094,2005
2005-05-04,0.0058012842370873,2005
2005-05-05,-0.0050468124147652,2005
2005-05-06,-0.0036232084191696,2005
2005-05-09,0.0043636872716614,2005
2005-05-10,-0.0065170923545365,2005
2005-05-11,0.002915173602437,2005
2005-05-12,-0.0087204339212632,2005
2005-05-13,-0.0102643615450097,2005
2005-05-16,0.0059259737984731,2005
2005-05-17,0.0103094456791179,2005
2005-05-18,0.0072886033915351,2005
2005-05-19,0.0079594836802141,2005
2005-05-20,-0.002153584566186,2005
2005-05-23,0.0,2005
2005-05-24,0.0,2005
2005-05-25,-0.0014385794053148,2005
2005-05-26,0.0086453670565727,2005
2005-05-27,0.0042856982606287,2005
2005-05-31,0.0028452009002639,2005
2005-06-01,0.0049644215802073,2005
2005-06-02,0.0049396385937603,2005
2005-06-03,-0.0007022769923893,2005
2005-06-06,-0.0021078598194481,2005
2005-06-07,0.0021123122776243,2005
2005-06-08,0.0,2005
2005-06-09,-0.0007025769134878,2005
2005-06-10,0.0056262462053968,2005
2005-06-13,0.0069927864772474,2005
2005-06-14,0.0006943461650146,2005
2005-06-15,0.0,2005
2005-06-16,-0.0013881748989477,2005
2005-06-17,0.0048647598174822,2005
2005-06-20,0.0034578971927863,2005
2005-06-21,-0.0013787343253072,2005
2005-06-22,0.0041408994713354,2005
2005-06-23,-0.0041238231342987,2005
2005-06-24,-0.0020701011377601,2005
2005-06-27,0.0013829937435332,2005
2005-06-28,0.0096686007969757,2005
2005-06-29,0.0006840862627124,2005
2005-06-30,0.0013666722431697,2005
2005-07-01,0.0047786738296204,2005
2005-07-05,0.0033967571865469,2005
2005-07-06,-0.0088019326993764,2005
2005-07-07,0.0020491416345493,2005
2005-07-08,0.0095433144649828,2005
2005-07-11,0.0054016742976497,2005
2005-07-12,0.0020150455500831,2005
2005-07-13,0.0013403544309531,2005
2005-07-14,-0.0026774894055489,2005
2005-07-15,0.0,2005
2005-07-18,-0.0073828017664285,2005
2005-07-19,0.0033809931158093,2005
2005-07-20,0.0033691673135878,2005
2005-07-21,-0.0120884229372751,2005
2005-07-22,0.0054380199890828,2005
2005-07-25,-0.0020279252346476,2005
2005-07-26,0.0040648388083093,2005
2005-07-27,0.0107964310674957,2005
2005-07-28,0.0133509622995084,2005
2005-07-29,-0.0006586079257286,2005
2005-08-01,-0.0026368338475628,2005
2005-08-02,0.0092529840762867,2005
2005-08-03,0.0058938588175545,2005
2005-08-04,-0.0039060570790886,2005
2005-08-05,-0.0124180450922016,2005
2005-08-08,-0.0119125939335501,2005
2005-08-09,0.0087071124057651,2005
2005-08-10,0.0,2005
2005-08-11,0.0059756156535528,2005
2005-08-12,-0.0072605505339069,2005
2005-08-15,0.0033245481093144,2005
2005-08-16,-0.009277816881157,2005
2005-08-17,0.0020070199933495,2005
2005-08-18,-0.0020029999324383,2005
2005-08-19,0.004682288999207,2005
2005-08-22,0.0046605896341105,2005
2005-08-23,0.0033137146962671,2005
2005-08-24,-0.0079264181099567,2005
2005-08-25,0.0026634735963613,2005
2005-08-26,-0.0046482702340137,2005
2005-08-29,0.0040027153668196,2005
2005-08-30,0.0006646019723135,2005
2005-08-31,0.0112879244924257,2005
2005-09-01,0.0045963262676469,2005
2005-09-02,-0.0039217943720405,2005
2005-09-06,0.0118111035763186,2005
2005-09-07,-0.0006485954899921,2005
2005-09-08,-0.0090849190034635,2005
2005-09-09,0.0091682114620024,2005
2005-09-12,-0.0032446054158842,2005
2005-09-13,-0.0071613438108714,2005
2005-09-14,0.0,2005
2005-09-15,0.0045900571525892,2005
2005-09-16,0.00826449352686,2005
2005-09-19,-0.003934276633794,2005
2005-09-20,-0.0079001698269992,2005
2005-09-21,-0.0112805329296571,2005
2005-09-22,-0.0006712066524794,2005
2005-09-23,0.0013433758405843,2005
2005-09-26,0.0040241126890203,2005
2005-09-27,0.0,2005
2005-09-28,0.0120239523279264,2005
2005-09-29,0.0046207947494059,2005
2005-09-30,0.0045987071862529,2005
2005-10-03,0.0071942386315873,2005
2005-10-04,-0.0097401553672299,2005
2005-10-05,-0.0216391457760348,2005
2005-10-06,-0.0147454131536076,2005
2005-10-07,0.0054420927835185,2005
2005-10-10,-0.0108253961184469,2005
2005-10-11,-0.0047878724018763,2005
2005-10-12,-0.0123711603606387,2005
2005-10-13,-0.0160057453803844,2005
2005-10-14,0.0106082819046313,2005
2005-10-17,0.0034991661974503,2005
2005-10-18,-0.0160393548748523,2005
2005-10-19,0.007087417371405,2005
2005-10-20,-0.01900090332519,2005
2005-10-21,0.0164996640825512,2005
2005-10-24,0.0218769740230089,2005
2005-10-25,0.0027625134495399,2005
2005-10-26,-0.0103306520534477,2005
2005-10-27,-0.0083506014647767,2005
2005-10-28,0.0196487525558,2005
2005-10-31,0.0096353713924064,2005
2005-11-01,-0.0115881744870414,2005
2005-11-02,0.0082757965186825,2005
2005-11-03,-0.0041039349289434,2005
2005-11-04,0.0027474594142722,2005
2005-11-07,-0.002054871043614,2005
2005-11-08,0.0,2005
2005-11-09,0.0041180177730741,2005
2005-11-10,0.0,2005
2005-11-11,-0.0034177833065762,2005
2005-11-14,0.0013720008470061,2005
2005-11-15,-0.0034248057737603,2005
2005-11-16,0.0034365753769534,2005
2005-11-17,0.0164380989039589,2005
2005-11-18,0.0040431560812583,2005
2005-11-21,0.0033556681454511,2005
2005-11-22,0.0040138923298946,2005
2005-11-23,0.0039966976789336,2005
2005-11-25,0.0053087196716359,2005
2005-11-28,0.0,2005
2005-11-29,0.0013202612704887,2005
2005-11-30,-0.0065922437763861,2005
2005-12-01,0.010617439343272,2005
2005-12-02,-0.0031667469188633,2005
2005-12-05,0.0013235302549186,2005
2005-12-06,-0.0006612184635146,2005
2005-12-07,-0.0046292043816832,2005
2005-12-08,0.0039866600061435,2005
2005-12-09,0.0079416593167069,2005
2005-12-12,-0.0052530007116264,2005
2005-12-13,0.0072610627860942,2005
2005-12-14,0.0013106978348293,2005
2005-12-15,0.0026176099559183,2005
2005-12-16,-0.0006524289193536,2005
2005-12-19,-0.0104512184325282,2005
2005-12-20,-0.0032999415779295,2005
2005-12-21,-0.0086091512848794,2005
2005-12-22,0.0046758276301108,2005
2005-12-23,0.0,2005
2005-12-27,-0.0033246157347464,2005
2005-12-28,-0.0040021966328329,2005
2005-12-29,-0.0006699548693158,2005
2005-12-30,-0.0040221216387712,2005
2006-01-03,0.0,2006
2006-01-04,0.0066531745897844,2006
2006-01-05,-0.0033046608505764,2006
2006-01-06,0.0099470330558231,2006
2006-01-09,0.0,2006
2006-01-10,-0.0026267963086911,2006
2006-01-11,0.0032920837665231,2006
2006-01-12,-0.0019687452221748,2006
2006-01-13,0.0072321812843991,2006
2006-01-17,-0.001958347043412,2006
2006-01-18,0.0013081264611956,2006
2006-01-19,0.0065317338501473,2006
2006-01-20,-0.0090849923291318,2006
2006-01-23,-0.0006550379891302,2006
2006-01-24,0.0052426743067681,2006
2006-01-25,0.0013038624188659,2006
2006-01-26,0.003255058930526,2006
2006-01-27,0.0084363738408346,2006
2006-01-30,-0.0038613603574746,2006
2006-01-31,-0.0012918373716659,2006
2006-02-01,0.0071147630282151,2006
2006-02-02,-0.0077069178066709,2006
2006-02-03,-0.0006471728999501,2006
2006-02-06,0.0025906018035086,2006
2006-02-07,-0.0058135013561377,2006
2006-02-08,0.0077967001322494,2006
2006-02-09,0.0012896878962274,2006
2006-02-10,0.0051514096762965,2006
2006-02-13,-0.0051250086571091,2006
2006-02-14,0.0148101575488095,2006
2006-02-15,0.005076458952292,2006
2006-02-16,0.0119947828260771,2006
2006-02-17,0.007485641776828,2006
2006-02-21,-0.0006192337973581,2006
2006-02-22,-0.0030976401307268,2006
2006-02-23,-0.0018644040609258,2006
2006-02-24,-0.0018679989373241,2006
2006-02-27,0.007485641776828,2006
2006-02-28,-0.008668490878846,2006
2006-03-01,0.0074949935675063,2006
2006-03-02,0.0018602287348441,2006
2006-03-03,-0.0055697656990441,2006
2006-03-06,0.0037337873103568,2006
2006-03-07,-0.0123990259450716,2006
2006-03-08,0.0031382481054833,2006
2006-03-09,0.0006260474831547,2006
2006-03-10,0.0087554562873948,2006
2006-03-13,0.0018602287348441,2006
2006-03-14,0.0099007136492652,2006
2006-03-15,0.0030640278529487,2006
2006-03-16,0.0054975429027308,2006
2006-03-17,-0.006075275920883,2006
2006-03-20,-0.0085575512143017,2006
2006-03-21,-0.0061650579802533,2006
2006-03-22,0.0086849582613692,2006
2006-03-23,0.0006148225173114,2006
2006-03-24,0.003073111159255,2006
2006-03-27,-0.0018380185849999,2006
2006-03-28,-0.0055250957097523,2006
2006-03-29,0.0074074255631049,2006
2006-03-30,-0.0091911988326922,2006
2006-03-31,-0.0030920047200453,2006
2006-04-03,0.0012405483761244,2006
2006-04-04,0.0074351861771067,2006
2006-04-05,0.0036898230945052,2006
2006-04-06,-0.0091911988326922,2006
2006-04-07,-0.0092762373934562,2006
2006-04-10,-0.001872888719045,2006
2006-04-11,-0.012507697947876,2006
2006-04-12,0.001900055459719,2006
2006-04-13,-0.00316063940657,2006
2006-04-17,-0.0038047013079433,2006
2006-04-18,0.0184595847119037,2006
2006-04-19,-0.0056249003107259,2006
2006-04-20,-0.0025141854716312,2006
2006-04-21,0.0,2006
2006-04-24,0.002520522532764,2006
2006-04-25,-0.0018854973028914,2006
2006-04-26,0.0018890591187648,2006
2006-04-27,0.0094281671584508,2006
2006-04-28,-0.0012457446889807,2006
2006-05-01,-0.0006230303851367,2006
2006-05-02,0.007485641776828,2006
2006-05-03,-0.0055724336469361,2006
2006-05-04,0.0006221418672256,2006
2006-05-05,0.0080897789130698,2006
2006-05-08,0.0012345337905301,2006
2006-05-09,-0.0024658006469165,2006
2006-05-10,-0.0018543680775622,2006
2006-05-11,-0.0092878364310855,2006
2006-05-12,-0.0099996097030968,2006
2006-05-15,0.0025250675134529,2006
2006-05-16,0.0,2006
2006-05-17,-0.0214105489989271,2006
2006-05-18,-0.0019309705327811,2006
2006-05-19,0.0103161067740091,2006
2006-05-22,-0.0044670685001181,2006
2006-05-23,-0.0025641470621582,2006
2006-05-24,0.002570738814537,2006
2006-05-25,0.0083332754858609,2006
2006-05-26,0.0114432442256553,2006
2006-05-30,-0.0144561977797166,2006
2006-05-31,0.0133925400912342,2006
2006-06-01,0.0207677152162548,2006
2006-06-02,0.0030826958990153,2006
2006-06-05,-0.009219333477765,2006
2006-06-06,0.0049626413558969,2006
2006-06-07,-0.0037037127815524,2006
2006-06-08,-0.0012390113226401,2006
2006-06-09,0.0024815446036481,2006
2006-06-12,-0.006807466590899,2006
2006-06-13,-0.0049838373883612,2006
2006-06-14,0.0006255349821537,2006
2006-06-15,0.0175224399565347,2006
2006-06-16,0.0018450225460822,2006
2006-06-19,-0.0104359472024743,2006
2006-06-20,0.0012405483761244,2006
2006-06-21,0.0012394586191464,2006
2006-06-22,-0.0049509152531166,2006
2006-06-23,0.0012441958571924,2006
2006-06-26,0.0018630217699682,2006
2006-06-27,-0.0024795590234073,2006
2006-06-28,0.0068362977855196,2006
2006-06-29,0.0135802059257177,2006
2006-06-30,0.0054811342406344,2006
2006-07-03,0.0054512551792171,2006
2006-07-05,-0.0060241474733742,2006
2006-07-06,0.0012124159531801,2006
2006-07-07,-0.0018162031674084,2006
2006-07-10,0.0,2006
2006-07-11,0.0,2006
2006-07-12,-0.00727682709543,2006
2006-07-13,-0.0140504155874739,2006
2006-07-14,0.0006196174854466,2006
2006-07-17,0.0043343013168637,2006
2006-07-18,0.0024663570098784,2006
2006-07-19,0.0166052029147405,2006
2006-07-20,-0.0024201027612864,2006
2006-07-21,-0.0024255360647037,2006
2006-07-24,0.0158056898245146,2006
2006-07-25,0.0155593250911196,2006
2006-07-26,0.0076603112579751,2006
2006-07-27,0.002339855671783,2006
2006-07-28,0.0075844360426822,2006
2006-07-31,-0.0040536281163023,2006
2006-08-01,0.0011627584857969,2006
2006-08-02,0.0127760125898686,2006
2006-08-03,-0.006307319095994,2006
2006-08-04,-0.003462003671336,2006
2006-08-07,-0.0075273453731286,2006
2006-08-08,0.0029162807864007,2006
2006-08-09,-0.0017445754999275,2006
2006-08-10,-0.0005827868676588,2006
2006-08-11,-0.0005828109906492,2006
2006-08-14,-0.0017507161709585,2006
2006-08-15,0.0099359086267289,2006
2006-08-16,-0.0052089708940186,2006
2006-08-17,-0.0005813501771243,2006
2006-08-18,0.006984777456672,2006
2006-08-21,0.0005779665384499,2006
2006-08-22,0.0046216870836535,2006
2006-08-23,-0.0046004253572008,2006
2006-08-24,0.0017333151215688,2006
2006-08-25,0.0017296914262969,2006
2006-08-28,0.0080599643894418,2006
2006-08-29,0.0057114838437293,2006
2006-08-30,-0.0011355841335118,2006
2006-08-31,0.0034106254526851,2006
2006-09-01,0.0039662538641755,2006
2006-09-05,-0.0005643692631115,2006
2006-09-06,-0.004517299823419,2006
2006-09-07,-0.0034032976279188,2006
2006-09-08,0.0,2006
2006-09-11,0.0011385804662775,2006
2006-09-12,0.0045479110278223,2006
2006-09-13,0.0016976943694584,2006
2006-09-14,0.0028247291361909,2006
2006-09-15,-0.0021038856452587,2006
2006-09-18,-0.0056981023681652,2006
2006-09-19,0.0017194012573007,2006
2006-09-20,0.0091534110172395,2006
2006-09-21,0.0,2006
2006-09-22,0.0056687251673941,2006
2006-09-25,0.0140921312507578,2006
2006-09-26,0.0011120262854504,2006
2006-09-27,-0.0088838461271898,2006
2006-09-28,-0.0056022352838636,2006
2006-09-29,0.0011265579333072,2006
2006-10-02,-0.004501563450992,2006
2006-10-03,0.0050875128635923,2006
2006-10-04,0.0056239890080922,2006
2006-10-05,-0.0033556019980589,2006
2006-10-06,-0.0050506008407665,2006
2006-10-09,0.0005641161984559,2006
2006-10-10,0.0067645697669718,2006
2006-10-11,0.0016794290121586,2006
2006-10-12,0.0027953550225827,2006
2006-10-13,-0.00111482575714,2006
2006-10-16,0.0050219157464961,2006
2006-10-17,0.006108010355468,2006
2006-10-18,0.0093818873439264,2006
2006-10-19,0.0049204226137049,2006
2006-10-20,0.0059847608095071,2006
2006-10-23,0.0027044522055315,2006
2006-10-24,0.0,2006
2006-10-25,0.010247907419089,2006
2006-10-26,-0.0021355138036472,2006
2006-10-27,-0.0058854940731241,2006
2006-10-30,0.0,2006
2006-10-31,0.0005382125625856,2006
2006-11-01,0.0037651727341891,2006
2006-11-02,-0.0048228599247892,2006
2006-11-03,-0.0043082117281236,2006
2006-11-06,-0.0010814713929926,2006
2006-11-07,-0.0021658653997435,2006
2006-11-08,0.0108519595015168,2006
2006-11-09,0.0010736322635278,2006
2006-11-10,0.0058982129890323,2006
2006-11-13,0.0026651468304399,2006
2006-11-14,0.0026582528430927,2006
2006-11-15,-0.0021210779968831,2006
2006-11-16,0.002656745615847,2006
2006-11-17,0.0005299412041985,2006
2006-11-20,-0.0010591315954431,2006
2006-11-21,0.0010602545445304,2006
2006-11-22,0.0042376629923204,2006
2006-11-24,0.0015820877559762,2006
2006-11-27,-0.0105321294784362,2006
2006-11-28,0.006918662954608,2006
2006-11-29,0.0158564108341774,2006
2006-11-30,0.0015604071368413,2006
2006-12-01,0.0046406710435411,2006
2006-12-04,0.0108975287209966,2006
2006-12-05,0.0025667707059027,2006
2006-12-06,-0.0051204897597959,2006
2006-12-07,-0.0061759745099938,2006
2006-12-08,-0.0015535654816869,2006
2006-12-11,0.0036305341200244,2006
2006-12-12,0.0025841078197854,2006
2006-12-13,0.003608169209579,2006
2006-12-14,0.0030818720943002,2006
2006-12-15,-0.0020480864196122,2006
2006-12-18,-0.0082097072899892,2006
2006-12-19,0.0051734711721147,2006
2006-12-20,-0.0030878496952408,2006
2006-12-21,-0.0015489369985192,2006
2006-12-22,-0.002068483946193,2006
2006-12-26,0.0051816054667765,2006
2006-12-27,0.0030926246170384,2006
2006-12-28,-0.0041107253268348,2006
2006-12-29,-0.0020641223990564,2006
2006-12-30,0.0,2006
2007-01-03,0.0,2007
2007-01-04,-0.0020585360834404,2007
2007-01-05,-0.0180507014213688,2007
2007-01-08,-0.0031508183349402,2007
2007-01-09,0.0010539053926046,2007
2007-01-10,0.0021046538715614,2007
2007-01-11,-0.000525198779128,2007
2007-01-12,-0.004203985330902,2007
2007-01-16,0.0026392180963779,2007
2007-01-17,0.0010519518080966,2007
2007-01-18,-0.0015770658611895,2007
2007-01-19,0.0047396090929707,2007
2007-01-22,-0.0015726660920769,2007
2007-01-23,0.0047242138337424,2007
2007-01-24,0.0067923785641577,2007
2007-01-25,-0.0062273459324601,2007
2007-01-26,0.0020890067034122,2007
2007-01-29,0.0005209076160592,2007
2007-01-30,0.00520840583729,2007
2007-01-31,0.0025904324798022,2007
2007-02-01,0.0077519551167122,2007
2007-02-02,0.0035894834221459,2007
2007-02-05,0.0127752023642533,2007
2007-02-06,0.0080726573322651,2007
2007-02-07,0.0015014686942975,2007
2007-02-08,0.0054973095383137,2007
2007-02-09,-0.0004970955820131,2007
2007-02-12,-0.0014917626102053,2007
2007-02-13,0.008465861908564,2007
2007-02-14,0.0059262381379985,2007
2007-02-15,-0.0049092477589453,2007
2007-02-16,0.0004932412499125,2007
2007-02-20,0.0049308594570625,2007
2007-02-21,-0.0039253323037379,2007
2007-02-22,0.0029558642723301,2007
2007-02-23,0.0093319069142525,2007
2007-02-26,0.0253039323723212,2007
2007-02-27,-0.0280017174163421,2007
2007-02-28,-0.0009767152680972,2007
2007-03-01,0.0039100710652826,2007
2007-03-02,-0.016065951974691,2007
2007-03-05,-0.0153390465610424,2007
2007-03-06,0.0160804998297385,2007
2007-03-07,0.0019780198862995,2007
2007-03-08,0.0029617002683692,2007
2007-03-09,0.0024606638838011,2007
2007-03-12,0.0107999601815762,2007
2007-03-13,-0.014569951013201,2007
2007-03-14,0.0064069569878695,2007
2007-03-15,0.0127324256914491,2007
2007-03-16,-0.0053187758673071,2007
2007-03-19,0.0106947795231466,2007
2007-03-20,0.0120253532881957,2007
2007-03-21,0.0128325039172907,2007
2007-03-22,0.0014082609783023,2007
2007-03-23,0.0051541911244006,2007
2007-03-26,0.0041958793656853,2007
2007-03-27,0.0,2007
2007-03-28,-0.0004640770066718,2007
2007-03-29,0.0027865824606192,2007
2007-03-30,-0.0050950058395233,2007
2007-04-02,0.0186218196065197,2007
2007-04-03,0.0004571100028341,2007
2007-04-04,-0.0022840987411164,2007
2007-04-05,0.003205222082337,2007
2007-04-09,0.0104976684182434,2007
2007-04-10,0.0031615485898059,2007
2007-04-11,-0.0040521406234318,2007
2007-04-12,-0.0036167992386024,2007
2007-04-13,-0.0004537106774646,2007
2007-04-16,0.0077168252624821,2007
2007-04-17,0.0081079317445962,2007
2007-04-18,0.001787749244084,2007
2007-04-19,-0.0040145819777671,2007
2007-04-20,0.0080605700602656,2007
2007-04-23,0.0075526708790598,2007
2007-04-24,0.0048499822521383,2007
2007-04-25,0.0070204704822336,2007
2007-04-26,-0.0078430456082531,2007
2007-04-27,-0.0065877072504689,2007
2007-04-30,-0.009283855567769,2007
2007-05-01,0.0102633722206579,2007
2007-05-02,0.0066255344096413,2007
2007-05-03,-0.0008776369962031,2007
2007-05-04,0.0030744668455202,2007
2007-05-07,0.007880737916549,2007
2007-05-08,-0.0056473726314631,2007
2007-05-09,0.0039321521022726,2007
2007-05-10,-0.0100087937503814,2007
2007-05-11,0.0087909383603579,2007
2007-05-14,0.0026145555783474,2007
2007-05-15,0.0021727661137076,2007
2007-05-16,0.0052040130274957,2007
2007-05-17,-0.0030197021285198,2007
2007-05-18,0.0056253785771298,2007
2007-05-21,0.0025816221106644,2007
2007-05-22,-0.0038626529357126,2007
2007-05-23,-0.0103404513694694,2007
2007-05-24,-0.0274270239534498,2007
2007-05-25,-0.0004477773128607,2007
2007-05-29,0.0067172747111603,2007
2007-05-30,0.0124558815882755,2007
2007-05-31,0.0026361460784429,2007
2007-06-01,-0.0035057762774711,2007
2007-06-04,-0.0026384649512465,2007
2007-06-05,-0.0149911684943795,2007
2007-06-06,-0.0156673405393523,2007
2007-06-07,-0.0331967620591209,2007
2007-06-08,0.0117591693158456,2007
2007-06-11,0.0102280769202411,2007
2007-06-12,-0.0138059061710059,2007
2007-06-13,0.0191318905196387,2007
2007-06-14,0.0054945498741807,2007
2007-06-15,0.0163934931698308,2007
2007-06-18,-0.0098568159552223,2007
2007-06-19,0.0018103189226743,2007
2007-06-20,-0.0261971599743747,2007
2007-06-21,0.0069571777363039,2007
2007-06-22,-0.0165820277457637,2007
2007-06-25,0.0046838225720837,2007
2007-06-26,-0.0046619866537641,2007
2007-06-27,0.0149882155387968,2007
2007-06-28,-0.0018457477210602,2007
2007-06-29,0.0036983216108055,2007
2007-07-02,0.0221099722141833,2007
2007-07-03,-0.0009013675090137,2007
2007-07-05,-0.0031576726550837,2007
2007-07-06,-0.0045245475875704,2007
2007-07-09,0.0036359601414794,2007
2007-07-10,-0.0140396343899179,2007
2007-07-11,0.0050526335433283,2007
2007-07-12,0.0159964884048953,2007
2007-07-13,0.0134950647440241,2007
2007-07-16,-0.0146468232197022,2007
2007-07-17,-0.0004503603886406,2007
2007-07-18,0.0072102976721029,2007
2007-07-19,0.0205816875137325,2007
2007-07-20,-0.0157823650034176,2007
2007-07-23,0.0040088208663142,2007
2007-07-24,-0.0377110204143584,2007
2007-07-25,-0.0013826853390663,2007
2007-07-26,-0.0327795839027089,2007
2007-07-27,-0.0176611400739704,2007
2007-07-30,0.0102039473422186,2007
2007-07-31,-0.0024049506672281,2007
2007-08-01,0.0226615504273837,2007
2007-08-02,0.009429646831818,2007
2007-08-03,-0.0359647200590768,2007
2007-08-06,0.0285853474842527,2007
2007-08-07,0.017428463205398,2007
2007-08-08,0.0092590568449499,2007
2007-08-09,-0.0288990287651442,2007
2007-08-10,-0.0094475468194142,2007
2007-08-13,0.0085837613714507,2007
2007-08-14,-0.0179667683153889,2007
2007-08-15,-0.0134809469528996,2007
2007-08-16,-0.0087848429608987,2007
2007-08-17,0.0265881011761575,2007
2007-08-20,0.00047960581393,2007
2007-08-21,0.0047938444443988,2007
2007-08-22,0.0138357455987665,2007
2007-08-23,0.0037646241216178,2007
2007-08-24,0.0107829521442226,2007
2007-08-27,-0.0292209729569261,2007
2007-08-28,-0.0129002071143542,2007
2007-08-29,0.0222656330856325,2007
2007-08-30,-0.006155337784264,2007
2007-08-31,0.0057173083107042,2007
2007-09-04,0.0180007196641431,2007
2007-09-05,-0.010237428102813,2007
2007-09-06,0.0126939947891355,2007
2007-09-07,-0.0162486513020503,2007
2007-09-10,0.0,2007
2007-09-11,0.0113259327272106,2007
2007-09-12,0.0027998355004141,2007
2007-09-13,0.0023266128273311,2007
2007-09-14,0.0038807095431356,2007
2007-09-17,-0.0055890923620873,2007
2007-09-18,0.020608908302125,2007
2007-09-19,0.0146855828501051,2007
2007-09-20,-0.0085933862301134,2007
2007-09-21,0.0045623100853477,2007
2007-09-24,0.002270714626722,2007
2007-09-25,-0.0022655701634141,2007
2007-09-26,0.0059035205798476,2007
2007-09-27,-0.0058688735639822,2007
2007-09-28,-0.012261875053329,2007
2007-10-01,0.0156325762970863,2007
2007-10-02,-0.0031689424260338,2007
2007-10-03,-0.0013624127070032,2007
2007-10-04,0.0095498193991718,2007
2007-10-05,0.007207099943792,2007
2007-10-08,-0.003130756725612,2007
2007-10-09,0.0139076316919479,2007
2007-10-10,-0.0048671021144217,2007
2007-10-11,0.0053355273829569,2007
2007-10-12,0.003980584020871,2007
2007-10-15,-0.0110132343994312,2007
2007-10-16,-0.0031181273551743,2007
2007-10-17,-0.0004468852422729,2007
2007-10-18,0.0004470850379785,2007
2007-10-19,-0.0223411000033202,2007
2007-10-22,0.0063985535898674,2007
2007-10-23,0.0004540304421345,2007
2007-10-24,0.0027237494391441,2007
2007-10-25,0.0176547583512209,2007
2007-10-26,0.0142349026121206,2007
2007-10-29,0.0078947468479715,2007
2007-10-30,0.0,2007
2007-10-31,0.013054744051814,2007
2007-11-01,-0.0189004281267942,2007
2007-11-02,0.008319116725733,2007
2007-11-05,0.0099867237010284,2007
2007-11-06,0.0034392924232198,2007
2007-11-07,-0.0235645558904453,2007
2007-11-08,0.013602349100747,2007
2007-11-09,-0.0125537423418885,2007
2007-11-12,-0.0184132533167845,2007
2007-11-13,0.0062532031694844,2007
2007-11-14,0.0,2007
2007-11-15,0.0013310224584714,2007
2007-11-16,0.0026596827154972,2007
2007-11-19,0.0008841309752753,2007
2007-11-20,0.0106005904628834,2007
2007-11-21,-0.0144226981039008,2007
2007-11-23,0.0026604690004363,2007
2007-11-26,-0.0048651060820046,2007
2007-11-27,0.005777894711018,2007
2007-11-28,0.0141405473763804,2007
2007-11-29,0.0008711866408488,2007
2007-11-30,0.0056596712244063,2007
2007-12-03,0.0047619835389283,2007
2007-12-04,0.0068938601653185,2007
2007-12-05,0.0145480174664025,2007
2007-12-06,-0.0008433365444094,2007
2007-12-07,0.0046431621627354,2007
2007-12-10,0.0004200737102617,2007
2007-12-11,-0.0193191406899007,2007
2007-12-12,0.0017128282699858,2007
2007-12-13,0.0089782960911179,2007
2007-12-14,-0.0138681326441547,2007
2007-12-17,-0.0121160524105796,2007
2007-12-18,0.0131406046700466,2007
2007-12-19,-0.0030262613219907,2007
2007-12-20,0.0013009386703715,2007
2007-12-21,0.0073624838440404,2007
2007-12-24,0.0008596840362822,2007
2007-12-26,-0.0051545038045811,2007
2007-12-27,-0.0056129842256141,2007
2007-12-28,0.0065131660852775,2007
2007-12-29,0.0,2007
2007-12-30,0.0,2007
2008-01-02,0.0,2008
2008-01-03,0.0,2008
2008-01-04,0.0,2008
2008-01-07,0.0193239849651674,2008
2008-01-08,0.0004305408154281,2008
2008-01-09,0.01033579609985,2008
2008-01-10,-0.0042626000040288,2008
2008-01-11,-0.0059930060663326,2008
2008-01-14,0.0017226326833084,2008
2008-01-15,-0.0120382965021914,2008
2008-01-16,-0.0174060154140982,2008
2008-01-17,-0.0376439601807746,2008
2008-01-18,-0.0151864440215185,2008
2008-01-22,-0.0322428637139694,2008
2008-01-23,0.0294544492109529,2008
2008-01-24,-0.0225138884001935,2008
2008-01-25,-0.0129560362392695,2008
2008-01-28,0.0131260984464216,2008
2008-01-29,0.0043183977434335,2008
2008-01-30,-0.0023890552361791,2008
2008-01-31,0.0215519787322442,2008
2008-02-01,0.0145334308526847,2008
2008-02-04,0.0138632966252525,2008
2008-02-05,-0.0305379489888052,2008
2008-02-06,-0.00235070115485,2008
2008-02-07,-0.0023561571795857,2008
2008-02-08,-0.0061410243079169,2008
2008-02-11,0.0090306474382702,2008
2008-02-12,0.0098912974308147,2008
2008-02-13,0.0027988850674889,2008
2008-02-14,-0.0083721572535258,2008
2008-02-15,0.0060975715272078,2008
2008-02-19,-0.0018648617746662,2008
2008-02-20,-0.0004672300944101,2008
2008-02-21,-0.015887994939012,2008
2008-02-22,0.0104466414943111,2008
2008-02-25,0.0028195158180022,2008
2008-02-26,0.0084350124764651,2008
2008-02-27,-0.0171932683006554,2008
2008-02-28,-0.0037826271108655,2008
2008-02-29,-0.0284765889961674,2008
2008-03-03,0.0107475672994235,2008
2008-03-04,0.0144996721119936,2008
2008-03-05,0.0023819750966884,2008
2008-03-06,-0.0194864658440342,2008
2008-03-07,-0.0053322330785801,2008
2008-03-10,-0.0073098564055849,2008
2008-03-11,0.0270003467089388,2008
2008-03-12,-0.0105161305167822,2008
2008-03-13,0.0019323445174732,2008
2008-03-14,-0.0091607649619079,2008
2008-03-17,-0.0121656464794993,2008
2008-03-18,0.0167485713415334,2008
2008-03-19,-0.0208330921662344,2008
2008-03-20,-0.0034640255612383,2008
2008-03-24,0.0,2008
2008-03-25,0.003972759863009,2008
2008-03-26,0.006428853310896,2008
2008-03-27,0.0068798726172056,2008
2008-03-28,-0.0082968891660034,2008
2008-03-31,0.0093503710225215,2008
2008-04-01,0.0229161548642897,2008
2008-04-02,0.0047661351431309,2008
2008-04-03,-0.004743526853094,2008
2008-04-04,0.0071490771071853,2008
2008-04-07,0.0018933537645704,2008
2008-04-08,0.0066129703246617,2008
2008-04-09,0.0,2008
2008-04-10,-0.0051619178363622,2008
2008-04-11,-0.0018867704064436,2008
2008-04-14,0.0033082558693395,2008
2008-04-15,0.0080072762425895,2008
2008-04-16,0.024766396839805,2008
2008-04-17,0.0022800353865721,2008
2008-04-18,0.0045496973022969,2008
2008-04-21,-0.005435036875947,2008
2008-04-22,-0.0031874171185147,2008
2008-04-23,0.0086798212574801,2008
2008-04-24,-0.0081523961806747,2008
2008-04-25,-0.0009131512389591,2008
2008-04-28,0.0009139858462672,2008
2008-04-29,-0.0091322343751103,2008
2008-04-30,-0.0009218100865583,2008
2008-05-01,0.0055350722452329,2008
2008-05-02,0.0100919483614081,2008
2008-05-05,-0.011353500242382,2008
2008-05-06,0.0022967926409669,2008
2008-05-07,-0.0146652733325823,2008
2008-05-08,0.0046509442557554,2008
2008-05-09,0.0037036606263933,2008
2008-05-12,0.0059964835820949,2008
2008-05-13,-0.0018341606254286,2008
2008-05-14,0.0050528469705513,2008
2008-05-15,-0.0009139055523335,2008
2008-05-16,0.0100640053865435,2008
2008-05-19,0.0122285147043892,2008
2008-05-20,0.0035789036638209,2008
2008-05-21,0.0008919659852986,2008
2008-05-22,0.0026724959543977,2008
2008-05-23,-0.0182142260085623,2008
2008-05-27,0.0063351655785706,2008
2008-05-28,0.0008991118604324,2008
2008-05-29,0.0062890763701408,2008
2008-05-30,0.0017857721278218,2008
2008-06-02,-0.008912317830523,2008
2008-06-03,-0.0053958560754312,2008
2008-06-04,0.0117539305521183,2008
2008-06-05,0.0138518063334476,2008
2008-06-06,-0.0242398550556316,2008
2008-06-09,0.014001960763309,2008
2008-06-10,0.0008906233040615,2008
2008-06-11,-0.0093456080622532,2008
2008-06-12,-0.0008983041844858,2008
2008-06-13,0.0152875084355919,2008
2008-06-16,0.0008857292553479,2008
2008-06-17,0.001327573621723,2008
2008-06-18,-0.0048609797822367,2008
2008-06-19,0.0075489917606015,2008
2008-06-20,-0.0145439130333789,2008
2008-06-23,0.0084972171590234,2008
2008-06-24,-0.003547708566068,2008
2008-06-25,0.0044505613416405,2008
2008-06-26,-0.0265838820673628,2008
2008-06-27,-0.0059170097698031,2008
2008-06-30,0.0215198885860465,2008
2008-07-01,0.0076194969982283,2008
2008-07-02,-0.0075618792817402,2008
2008-07-03,-0.0103092361359763,2008
2008-07-07,-0.0140400080075849,2008
2008-07-08,-0.0018373695530563,2008
2008-07-09,0.0092038393190641,2008
2008-07-10,0.0059281240494344,2008
2008-07-11,-0.0067997164860194,2008
2008-07-14,-0.0132358905450089,2008
2008-07-15,-0.0064756531417493,2008
2008-07-16,-0.0204841787852313,2008
2008-07-17,-0.0204375261510272,2008
2008-07-18,0.0097043433638683,2008
2008-07-21,0.0153771277624081,2008
2008-07-22,-0.0037859592336956,2008
2008-07-23,-0.0280284264467776,2008
2008-07-24,-0.0161291001203935,2008
2008-07-25,-0.0034773562527218,2008
2008-07-28,-0.0054831346841373,2008
2008-07-29,0.0045109591871133,2008
2008-07-30,0.0144707112877175,2008
2008-07-31,-0.0029509239093191,2008
2008-08-01,-0.0310804787143084,2008
2008-08-04,-0.023421938203202,2008
2008-08-05,0.0057357162858016,2008
2008-08-06,0.0020731329690346,2008
2008-08-07,-0.0005172337166582,2008
2008-08-08,0.0041408294862486,2008
2008-08-11,0.0030929284918084,2008
2008-08-12,-0.0210693322588918,2008
2008-08-13,0.0131234873839649,2008
2008-08-14,-0.0124351815626261,2008
2008-08-15,0.0062958351203517,2008
2008-08-18,-0.0010423745401941,2008
2008-08-19,0.0005217311093221,2008
2008-08-20,0.0088681030282107,2008
2008-08-21,0.0108586516711652,2008
2008-08-22,0.001022556266655,2008
2008-08-25,-0.0107304962316999,2008
2008-08-26,0.0123965479722849,2008
2008-08-27,0.0091836560913194,2008
2008-08-28,0.0045502640709262,2008
2008-08-29,-0.0181179044853386,2008
2008-09-02,-0.017427026672677,2008
2008-09-03,-0.0182576651043362,2008
2008-09-04,-0.0143466459506207,2008
2008-09-05,-0.019406785688613,2008
2008-09-08,0.0175920711378518,2008
2008-09-09,-0.0345758809189242,2008
2008-09-10,0.008393956461457,2008
2008-09-11,0.014428634047193,2008
2008-09-12,0.0152727989159162,2008
2008-09-15,-0.0378786853293942,2008
2008-09-16,-0.0208098022563072,2008
2008-09-17,-0.0591616698598803,2008
2008-09-18,0.0286939003314765,2008
2008-09-19,0.0373883112278718,2008
2008-09-22,-0.0211669546197658,2008
2008-09-23,-0.0111045449991105,2008
2008-09-24,-0.0005911759086408,2008
2008-09-25,0.025428876753085,2008
2008-09-26,-0.0121107641697887,2008
2008-09-29,-0.0525389712092969,2008
2008-09-30,0.0154033018115469,2008
2008-10-01,0.0,2008
2008-10-02,-0.0273058602177646,2008
2008-10-03,-0.0049907873468213,2008
2008-10-06,-0.0520376132228221,2008
2008-10-07,-0.0456347904760747,2008
2008-10-08,-0.0166321355927108,2008
2008-10-09,-0.0577871012627572,2008
2008-10-10,-0.0426329358645085,2008
2008-10-13,0.1398439620470828,2008
2008-10-14,-0.0130224721169054,2008
2008-10-15,-0.079861187880708,2008
2008-10-16,0.0316978771065372,2008
2008-10-17,0.0138990233156794,2008
2008-10-20,0.0800866665518114,2008
2008-10-21,-0.0354041664787232,2008
2008-10-22,-0.0602492644827883,2008
2008-10-23,0.0361091982013175,2008
2008-10-24,-0.0291606994676038,2008
2008-10-27,-0.0358976912243765,2008
2008-10-28,0.1056234807553537,2008
2008-10-29,-0.0261169019491432,2008
2008-10-30,0.0430484444687511,2008
2008-10-31,-0.020974147598659,2008
2008-11-03,0.0034555103197451,2008
2008-11-04,0.0282366936420002,2008
2008-11-05,-0.0401874260662858,2008
2008-11-06,-0.0411722349448108,2008
2008-11-07,0.055312963771779,2008
2008-11-10,-0.0289656010263887,2008
2008-11-11,0.0028406809011731,2008
2008-11-12,-0.025495381142255,2008
2008-11-13,0.0777613452788121,2008
2008-11-14,-0.0343897640674594,2008
2008-11-17,-0.0020951094546723,2008
2008-11-18,0.004199261141575,2008
2008-11-19,-0.0334498296441073,2008
2008-11-20,-0.0540732384816328,2008
2008-11-21,0.0884143138209674,2008
2008-11-24,0.0189077609335568,2008
2008-11-25,0.0096217001150231,2008
2008-11-26,0.0088496818746868,2008
2008-11-28,0.0202428246585846,2008
2008-12-01,-0.0674600571426257,2008
2008-12-02,0.0219853493864332,2008
2008-12-03,0.0215131810161319,2008
2008-12-04,-0.0475543898078441,2008
2008-12-05,0.0242508695671974,2008
2008-12-08,0.0062674556622448,2008
2008-12-09,-0.016608876065006,2008
2008-12-10,0.0211116757568057,2008
2008-12-11,-0.0082700992696435,2008
2008-12-12,0.0077412632630045,2008
2008-12-15,-0.0209498275713878,2008
2008-12-16,0.0349500563424411,2008
2008-12-17,-0.029634687159584,2008
2008-12-18,0.0063921889686187,2008
2008-12-19,0.0014113421831245,2008
2008-12-22,-0.0042283027855815,2008
2008-12-23,-0.0169854568776213,2008
2008-12-24,0.0071995874508292,2008
2008-12-26,0.0071480004299493,2008
2008-12-29,-0.0014196009510185,2008
2008-12-30,0.0163471461448112,2008
2009-01-02,0.0,2009
2009-01-05,0.0093709155087871,2009
2009-01-06,-0.0046414428680858,2009
2009-01-07,-0.0193207693091167,2009
2009-01-08,0.0047556598442828,2009
2009-01-09,-0.0114943938375136,2009
2009-01-12,0.0,2009
2009-01-13,-0.020520003539979,2009
2009-01-14,-0.0125695150687431,2009
2009-01-15,0.0063649427262051,2009
2009-01-16,0.0224879022162198,2009
2009-01-20,-0.0206187176533051,2009
2009-01-21,0.0154385781161079,2009
2009-01-22,-0.0013821412546571,2009
2009-01-23,0.0034599263256376,2009
2009-01-26,0.0255174615731021,2009
2009-01-27,0.0,2009
2009-01-28,0.0087423981041001,2009
2009-01-29,-0.0086666309659743,2009
2009-01-30,-0.0255550908742397,2009
2009-02-02,0.0069012891582158,2009
2009-02-03,0.0068539286065678,2009
2009-02-04,0.0088499945965632,2009
2009-02-05,0.0060725441555331,2009
2009-02-06,0.0120727087521865,2009
2009-02-09,-0.0079523502344768,2009
2009-02-10,-0.0300601042841525,2009
2009-02-11,-0.0055096467894181,2009
2009-02-12,-0.0090026136697511,2009
2009-02-13,0.0,2009
2009-02-17,-0.051013571669487,2009
2009-02-18,-0.017672749133602,2009
2009-02-19,0.0052471697909193,2009
2009-02-20,-0.026845663088181,2009
2009-02-23,-0.0283524022749696,2009
2009-02-24,0.0378548549940893,2009
2009-02-25,-0.0106382748310696,2009
2009-02-26,-0.0115207310601936,2009
2009-02-27,-0.0132087061746911,2009
2009-03-02,-0.0354333123817391,2009
2009-03-03,-0.0351019817620469,2009
2009-03-04,0.0203044379604073,2009
2009-03-05,-0.035655143677243,2009
2009-03-06,0.0051591135774393,2009
2009-03-09,-0.0230964454440717,2009
2009-03-10,0.0227669782157184,2009
2009-03-11,-0.0059933589202414,2009
2009-03-12,0.017226546476003,2009
2009-03-13,0.0110077231488003,2009
2009-03-16,0.0226131400283611,2009
2009-03-17,0.0155612230280917,2009
2009-03-18,0.0290317886773989,2009
2009-03-19,0.0117557524632623,2009
2009-03-20,-0.0085203831733788,2009
2009-03-23,0.0398434226232851,2009
2009-03-24,-0.0217880372252509,2009
2009-03-25,-0.0038401994611063,2009
2009-03-26,0.0177331623461367,2009
2009-03-27,-0.0151514635975934,2009
2009-03-30,-0.0215384801417999,2009
2009-03-31,0.0165094655115456,2009
2009-04-01,0.0023202376910969,2009
2009-04-02,0.0162034667417361,2009
2009-04-03,0.0075931206441077,2009
2009-04-06,-0.0128110098765528,2009
2009-04-07,-0.006106679072682,2009
2009-04-08,0.013824864004545,2009
2009-04-09,0.0030304366739306,2009
2009-04-13,-0.0135952746600888,2009
2009-04-14,-0.0130170057553545,2009
2009-04-15,0.0131886829167879,2009
2009-04-16,0.0053598657401381,2009
2009-04-17,0.0038082903531293,2009
2009-04-20,-0.0204857129975207,2009
2009-04-21,0.0061964172682924,2009
2009-04-22,-0.0115471412575435,2009
2009-04-23,0.0023365012498135,2009
2009-04-24,-0.002331054737506,2009
2009-04-27,0.0085671712493164,2009
2009-04-28,0.0030884052243771,2009
2009-04-29,0.0115476066991677,2009
2009-04-30,0.0038052605804845,2009
2009-05-01,0.02729296760404,2009
2009-05-04,0.0177127725488135,2009
2009-05-05,-0.0065265509382077,2009
2009-05-06,-0.0014601387787515,2009
2009-05-07,0.0058482116756384,2009
2009-05-08,0.0239822152722382,2009
2009-05-11,-0.0070968413474576,2009
2009-05-12,0.0057183124974031,2009
2009-05-13,-0.0277188011552201,2009
2009-05-14,-0.0014617056604269,2009
2009-05-15,-0.0285507070889735,2009
2009-05-18,0.0007534662964423,2009
2009-05-19,0.018072503082229,2009
2009-05-20,-0.0147928478087894,2009
2009-05-21,-0.0127626592163135,2009
2009-05-22,0.003802037618924,2009
2009-05-26,0.0287877415751334,2009
2009-05-27,-0.014727301545142,2009
2009-05-28,0.0209268377925091,2009
2009-05-29,0.0095169234397678,2009
2009-06-01,0.0384331241955022,2009
2009-06-02,-0.0153628143592629,2009
2009-06-03,-0.0219856346986213,2009
2009-06-04,0.0130529139736812,2009
2009-06-05,0.0,2009
2009-06-08,-0.0071585409419228,2009
2009-06-09,-0.0064888469362585,2009
2009-06-10,0.0174171278483938,2009
2009-06-11,0.0206844530168128,2009
2009-06-12,0.0139759489340374,2009
2009-06-15,-0.0241210674398418,2009
2009-06-16,-0.0028251049875867,2009
2009-06-17,-0.0042491432774361,2009
2009-06-18,0.0213368691648552,2009
2009-06-19,-0.0076597999594602,2009
2009-06-22,-0.0077193496704293,2009
2009-06-23,-0.0113156098387843,2009
2009-06-24,0.0100142854689189,2009
2009-06-25,0.0169970624732456,2009
2009-06-26,-0.0034814921299223,2009
2009-06-29,0.0153734834692078,2009
2009-06-30,-0.0041290651327167,2009
2009-07-01,0.0103660892553454,2009
2009-07-02,-0.0314635721862099,2009
2009-07-06,0.0049434914954977,2009
2009-07-07,-0.0203795115363313,2009
2009-07-08,-0.0014346284892161,2009
2009-07-09,0.0093390408765927,2009
2009-07-10,-0.0035586755441752,2009
2009-07-13,0.0149997797497882,2009
2009-07-14,0.0119633719177774,2009
2009-07-15,0.020167113666172,2009
2009-07-16,0.0020450355281795,2009
2009-07-17,-0.0074833953022689,2009
2009-07-20,0.0089102966282454,2009
2009-07-21,0.0115492919730344,2009
2009-07-22,-0.0067160663179355,2009
2009-07-23,0.027721354271603,2009
2009-07-24,0.0164475112290123,2009
2009-07-27,0.0,2009
2009-07-28,-0.0187701990372106,2009
2009-07-29,-0.000659759286995,2009
2009-07-30,0.0145218923579082,2009
2009-07-31,-0.0065063241943211,2009
2009-08-03,0.0111327347471443,2009
2009-08-04,-0.0071242879851636,2009
2009-08-05,-0.0039137562808903,2009
2009-08-06,0.0026192340903843,2009
2009-08-07,0.0097975122873688,2009
2009-08-10,0.0045275801927529,2009
2009-08-11,-0.0025756072254041,2009
2009-08-12,0.0064559240714632,2009
2009-08-13,-0.0019243537398081,2009
2009-08-14,0.0019280640170098,2009
2009-08-17,-0.0141111517889276,2009
2009-08-18,0.0032528249236836,2009
2009-08-19,0.009078872325235,2009
2009-08-20,0.0057840810321998,2009
2009-08-21,0.0191695399599605,2009
2009-08-24,0.0006270815397699,2009
2009-08-25,-0.0050129672577418,2009
2009-08-26,0.0018888851661378,2009
2009-08-27,-0.0018853240055903,2009
2009-08-28,0.0018888851661378,2009
2009-08-31,-0.0131987881114707,2009
2009-09-01,-0.0095540244919802,2009
2009-09-02,-0.0096462954639426,2009
2009-09-03,0.0025973484050956,2009
2009-09-04,0.0045335564402659,2009
2009-09-08,0.0032236877789777,2009
2009-09-09,0.0012850429548505,2009
2009-09-10,0.0012839481205129,2009
2009-09-11,-0.0034387389769668,2009
2009-09-14,0.0169272306202665,2009
2009-09-15,0.0064022631316706,2009
2009-09-16,0.0152673363579205,2009
2009-09-17,-0.0100255231104081,2009
2009-09-18,0.0031646092637627,2009
2009-09-21,-0.001892603373068,2009
2009-09-22,-0.0006320999993203,2009
2009-09-23,-0.0056924982220051,2009
2009-09-24,-0.0069977644024822,2009
2009-09-25,-0.0064060371351161,2009
2009-09-28,0.0122500541955021,2009
2009-09-29,0.0057327092513885,2009
2009-09-30,-0.0094995139180282,2009
2009-10-01,-0.020460535282864,2009
2009-10-02,-0.0091381069028718,2009
2009-10-05,0.0191036260685848,2009
2009-10-06,0.0071104110057851,2009
2009-10-07,-0.0025672395476049,2009
2009-10-08,0.0032176659823941,2009
2009-10-09,0.0083387487924693,2009
2009-10-12,0.0057250882768418,2009
2009-10-13,-0.003795106768212,2009
2009-10-14,0.0038095644721241,2009
2009-10-15,0.0101203206997462,2009
2009-10-16,0.001252005051624,2009
2009-10-19,0.0093811247785979,2009
2009-10-20,-0.0136304875063382,2009
2009-10-21,-0.0031409682368541,2009
2009-10-22,0.0031508650037495,2009
2009-10-23,-0.019472866667946,2009
2009-10-26,-0.0140933910339534,2009
2009-10-27,-0.0071473715507575,2009
2009-10-28,-0.015707195763697,2009
2009-10-29,0.0126333253518744,2009
2009-10-30,-0.0177281883978064,2009
2009-11-02,-0.0053477265830178,2009
2009-11-03,-0.0006721458405068,2009
2009-11-04,0.0067252905772243,2009
2009-11-05,0.0173679866105427,2009
2009-11-06,-0.0032827114638609,2009
2009-11-09,0.0171277145593782,2009
2009-11-10,0.0051809221707632,2009
2009-11-11,-0.0019329556791528,2009
2009-11-12,-0.0161389399070115,2009
2009-11-13,0.0104983851997888,2009
2009-11-16,0.0129868920841478,2009
2009-11-17,-0.0032049619909931,2009
2009-11-18,-0.0051449317675033,2009
2009-11-19,-0.0148670023597663,2009
2009-11-20,0.0026244003154567,2009
2009-11-23,0.0124343327474401,2009
2009-11-24,0.0045249173298465,2009
2009-11-25,0.0096524488011977,2009
2009-11-27,-0.0165710986907008,2009
2009-11-30,0.0071290653846272,2009
2009-12-01,0.0173746494663893,2009
2009-12-02,0.0126502119559843,2009
2009-12-03,0.001249303603056,2009
2009-12-04,-0.0012477447909928,2009
2009-12-07,0.006870796699425,2009
2009-12-08,-0.0031019991049116,2009
2009-12-09,0.0018666934874635,2009
2009-12-10,0.0118016718690618,2009
2009-12-11,0.0190368633939483,2009
2009-12-14,0.0054941411216058,2009
2009-12-15,-0.0036425765592432,2009
2009-12-16,-0.0012189048165367,2009
2009-12-17,-0.0042710136212926,2009
2009-12-18,0.0055149604511612,2009
2009-12-21,0.0042657050348866,2009
2009-12-22,-0.0048546030793542,2009
2009-12-23,0.0018295238278123,2009
2009-12-24,0.0060865925936479,2009
2009-12-28,0.0006047732462008,2009
2009-12-29,0.000604509537291,2009
2009-12-30,0.0006040425670914,2009
2009-12-31,0.0,2009
2010-01-04,0.0,2010
2010-01-05,-0.006719483601281,2010
2010-01-06,0.006150021243042,2010
2010-01-07,-0.0036676842725943,2010
2010-01-08,0.001226924139926,2010
2010-01-11,0.0098040874872942,2010
2010-01-12,-0.0060682289214605,2010
2010-01-13,0.0091577614881737,2010
2010-01-14,-0.0036299650564031,2010
2010-01-15,-0.0036427806937633,2010
2010-01-19,0.0115784167310482,2010
2010-01-20,-0.0090361873595641,2010
2010-01-21,-0.018237271574685,2010
2010-01-22,-0.0179565231401036,2010
2010-01-25,0.0063052361206281,2010
2010-01-26,-0.0006267945158645,2010
2010-01-27,-0.0068964242913782,2010
2010-01-28,-0.0075757519375558,2010
2010-01-29,-0.0089058814492514,2010
2010-02-01,0.0089859088885264,2010
2010-02-02,0.0095421382750315,2010
2010-02-03,-0.0056713376877649,2010
2010-02-04,-0.0278834144244974,2010
2010-02-05,-0.0019557251234596,2010
2010-02-08,-0.0117570148725726,2010
2010-02-09,0.0092533938590688,2010
2010-02-10,-0.0052390632087797,2010
2010-02-11,0.0059247796127002,2010
2010-02-12,-0.0039268093351548,2010
2010-02-16,0.0190541801518513,2010
2010-02-17,-0.0006451972276281,2010
2010-02-18,0.0045166887684173,2010
2010-02-19,0.0128449149100371,2010
2010-02-22,-0.0038044764992281,2010
2010-02-23,-0.008911442373909,2010
2010-02-24,0.000642061866598,2010
2010-02-25,-0.0044928463496055,2010
2010-02-26,-0.0083818090865529,2010
2010-03-01,0.0130039286522241,2010
2010-03-02,0.0070603106575604,2010
2010-03-03,-0.0038236597628693,2010
2010-03-04,0.000639597002169,2010
2010-03-05,0.0115089406661943,2010
2010-03-08,0.0018963852325519,2010
2010-03-09,-0.0006311444274144,2010
2010-03-10,0.0018940974649501,2010
2010-03-11,0.0044105334090318,2010
2010-03-12,-0.0043911660245757,2010
2010-03-15,0.0018901982840497,2010
2010-03-16,0.0100629562335652,2010
2010-03-17,0.0037360918977098,2010
2010-03-18,-0.0049629139609744,2010
2010-03-19,-0.0018701652574281,2010
2010-03-22,-0.0049972229468741,2010
2010-03-23,0.0056500842480378,2010
2010-03-24,-0.007490839868475,2010
2010-03-25,-0.0081762181392501,2010
2010-03-26,0.0057071953142946,2010
2010-03-29,0.0113492975935742,2010
2010-03-30,-0.0006234584155966,2010
2010-03-31,-0.0043667213890132,2010
2010-04-01,0.0112779749261089,2010
2010-04-05,0.0099133223403271,2010
2010-04-06,0.0098159097190473,2010
2010-04-07,-0.0109354920562162,2010
2010-04-08,-0.0067568378367195,2010
2010-04-09,0.0068028032752855,2010
2010-04-12,0.0036855008896428,2010
2010-04-13,-0.0048957853534996,2010
2010-04-14,0.0012298385300932,2010
2010-04-15,0.0012284313319816,2010
2010-04-16,-0.0110427305390459,2010
2010-04-19,0.0,2010
2010-04-20,0.0130272312531525,2010
2010-04-21,0.0055115820260733,2010
2010-04-22,0.0048717257851926,2010
2010-04-23,0.0084848764451745,2010
2010-04-26,-0.0036054629281209,2010
2010-04-27,-0.018697629177553,2010
2010-04-28,0.0067607845718926,2010
2010-04-29,0.007326209190539,2010
2010-04-30,0.0035190854093194,2010
2010-05-03,0.0139056399010975,2010
2010-05-04,-0.0202741018850235,2010
2010-05-05,-0.0103470794726967,2010
2010-05-06,-0.0258305106560271,2010
2010-05-07,-0.0088380122570508,2010
2010-05-10,0.0324838083498382,2010
2010-05-11,0.0024675826863846,2010
2010-05-12,0.0116923993037751,2010
2010-05-13,-0.0066911463288795,2010
2010-05-14,-0.0091854633480294,2010
2010-05-17,0.0018541444490087,2010
2010-05-18,-0.0098702269653019,2010
2010-05-19,-0.0093459148805441,2010
2010-05-20,-0.0339622194339442,2010
2010-05-21,0.0058592757445392,2010
2010-05-24,-0.0084144365328401,2010
2010-05-25,-0.0065271723017119,2010
2010-05-26,0.0039420779265852,2010
2010-05-27,0.0202880702293666,2010
2010-05-28,0.000641509910384,2010
2010-06-01,-0.0237181693716823,2010
2010-06-02,0.0210113504592077,2010
2010-06-03,0.0109324230788121,2010
2010-06-04,-0.0318066022970793,2010
2010-06-07,0.0052559565278278,2010
2010-06-08,0.0111111709743061,2010
2010-06-09,-0.0071102609705557,2010
2010-06-10,0.0286458105159859,2010
2010-06-11,0.000632664077947,2010
2010-06-14,0.0050602406561757,2010
2010-06-15,0.0220264023355813,2010
2010-06-16,0.0043105256610009,2010
2010-06-17,0.0091965181500808,2010
2010-06-18,0.0006077049754849,2010
2010-06-21,-0.0097145143371004,2010
2010-06-22,-0.0263643078305523,2010
2010-06-23,-0.0094458611735432,2010
2010-06-24,-0.0044501749066004,2010
2010-06-25,0.0070242076106843,2010
2010-06-28,0.0050730756080921,2010
2010-06-29,-0.0214512143231125,2010
2010-06-30,-0.0077367420842651,2010
2010-07-01,-0.0051984447843006,2010
2010-07-02,0.0013067046298131,2010
2010-07-06,0.0117413730893589,2010
2010-07-07,0.0315927634074335,2010
2010-07-08,0.0075000128799358,2010
2010-07-09,0.008684808754187,2010
2010-07-12,0.0036899399294541,2010
2010-07-13,0.0030638686157722,2010
2010-07-14,-0.0018328293181165,2010
2010-07-15,0.0067321993093396,2010
2010-07-16,-0.0182373170612979,2010
2010-07-19,0.0136224906459112,2010
2010-07-20,0.0085521758258291,2010
2010-07-21,-0.0127194844711326,2010
2010-07-22,0.0190185057724299,2010
2010-07-23,0.003611882365786,2010
2010-07-26,0.007198574574859,2010
2010-07-27,0.0148902120892346,2010
2010-07-28,-0.0082164032283924,2010
2010-07-29,-0.0118340780316115,2010
2010-07-30,-0.0065868716479741,2010
2010-08-02,0.0210969159158358,2010
2010-08-03,-0.0005902868223929,2010
2010-08-04,0.0005906354667257,2010
2010-08-05,0.0,2010
2010-08-06,0.0047225925031786,2010
2010-08-09,0.0017627344069071,2010
2010-08-10,0.0017596326419058,2010
2010-08-11,-0.0222483143738974,2010
2010-08-12,-0.0023951802650926,2010
2010-08-13,0.0048018618549359,2010
2010-08-16,-0.0005972386530685,2010
2010-08-17,0.0083679467157533,2010
2010-08-18,-0.0035568156627531,2010
2010-08-19,-0.0130871423020068,2010
2010-08-20,0.0030140044785695,2010
2010-08-23,0.0072115506127876,2010
2010-08-24,0.0023864046302373,2010
2010-08-25,-0.0005953059847727,2010
2010-08-26,-0.0035732621439612,2010
2010-08-27,0.0185296856574954,2010
2010-08-30,-0.0140848254657262,2010
2010-08-31,0.0035715355019161,2010
2010-09-01,0.0225386265272204,2010
2010-09-02,0.0,2010
2010-09-03,0.004060104139212,2010
2010-09-07,-0.0046217445715445,2010
2010-09-08,-0.0034018530442835,2010
2010-09-09,0.0076515424420531,2010
2010-09-10,-0.0040887384782433,2010
2010-09-13,0.0052784901696429,2010
2010-09-14,-0.0011668062982096,2010
2010-09-15,-0.0075934409066743,2010
2010-09-16,-0.004708822370198,2010
2010-09-17,-0.0011825782035698,2010
2010-09-20,0.0106572834033611,2010
2010-09-21,-0.0029292210865694,2010
2010-09-22,0.0047002292169793,2010
2010-09-23,-0.0070175066315062,2010
2010-09-24,0.0141343961610842,2010
2010-09-27,0.0029037054335829,2010
2010-09-28,0.0034742616266372,2010
2010-09-29,-0.0034622329236481,2010
2010-09-30,-0.0023165278163571,2010
2010-10-01,0.005804235115091,2010
2010-10-04,-0.0023083153620006,2010
2010-10-05,0.011567221078963,2010
2010-10-06,-0.0034303709406801,2010
2010-10-07,0.0028687211510409,2010
2010-10-08,0.0057208398144854,2010
2010-10-11,0.0,2010
2010-10-12,0.0,2010
2010-10-13,0.0028439596227229,2010
2010-10-14,-0.0022690365681872,2010
2010-10-15,0.0011369564598193,2010
2010-10-18,0.007950412970044,2010
2010-10-19,-0.0078877024779593,2010
2010-10-20,0.0102217434857805,2010
2010-10-21,-0.0039346566122543,2010
2010-10-22,-0.0022576056342261,2010
2010-10-25,-0.0011309803894986,2010
2010-10-26,0.0011322609544339,2010
2010-10-27,-0.0050905885824172,2010
2010-10-28,0.0051166352674905,2010
2010-10-29,0.0067875769717216,2010
2010-11-01,-0.008426989932722,2010
2010-11-02,0.0130308776990601,2010
2010-11-03,-0.0016777272353629,2010
2010-11-04,0.0106445505647156,2010
2010-11-05,-0.0005545282072167,2010
2010-11-08,-0.0072104661433791,2010
2010-11-09,-0.0072622766304554,2010
2010-11-10,0.0005626728788299,2010
2010-11-11,-0.0016871629851681,2010
2010-11-12,-0.0067607136845491,2010
2010-11-15,0.0011345654907795,2010
2010-11-16,-0.0141641574097886,2010
2010-11-17,0.0,2010
2010-11-18,0.0097699880538122,2010
2010-11-19,-0.0034148455688527,2010
2010-11-22,0.002284110970073,2010
2010-11-23,-0.0136751413669848,2010
2010-11-24,0.0051995914022935,2010
2010-11-26,-0.0086209040685149,2010
2010-11-29,-0.0052171941225994,2010
2010-11-30,-0.0023311832154032,2010
2010-12-01,0.011098046109194,2010
2010-12-02,0.0069324680072668,2010
2010-12-03,0.0034421788911207,2010
2010-12-06,-0.0017156137313814,2010
2010-12-07,-0.0017177041260839,2010
2010-12-08,-0.0011475839571257,2010
2010-12-09,0.0028715389995819,2010
2010-12-10,0.0052179385967965,2010
2010-12-13,0.0046133855801187,2010
2010-12-14,0.0005743436066323,2010
2010-12-15,-0.0114747119693602,2010
2010-12-16,0.0081256606465807,2010
2010-12-17,0.0051807511454844,2010
2010-12-20,0.0045824341312179,2010
2010-12-21,0.0011401718517718,2010
2010-12-22,0.0068336146412604,2010
2010-12-23,-0.0011310505273569,2010
2010-12-27,-0.0016988693542089,2010
2010-12-28,0.0017017604228395,2010
2010-12-29,0.0016986831155163,2010
2010-12-30,-0.0016958024844686,2010
2010-12-31,0.0,2010
2011-01-03,0.0,2011
2011-01-04,0.0,2011
2011-01-05,-0.0056024052818913,2011
2011-01-06,0.0,2011
2011-01-07,0.0033802332004215,2011
2011-01-10,-0.0011230716855465,2011
2011-01-11,0.0033730031810075,2011
2011-01-12,0.0056020367692681,2011
2011-01-13,-0.0038998641533882,2011
2011-01-14,0.0033560250624409,2011
2011-01-18,0.0011149332767936,2011
2011-01-19,-0.0033410747549567,2011
2011-01-20,0.0022348499707895,2011
2011-01-21,0.0016719874182946,2011
2011-01-24,0.0050084132447452,2011
2011-01-25,-0.0011071610620223,2011
2011-01-26,-0.0011090263312167,2011
2011-01-27,0.0044397529179398,2011
2011-01-28,-0.0121549449064808,2011
2011-01-31,0.0022374420152373,2011
2011-02-01,0.013392846900861,2011
2011-02-02,-0.00495592075779,2011
2011-02-03,0.0022132783047308,2011
2011-02-04,-0.007178177251489,2011
2011-02-07,0.0072300760186929,2011
2011-02-08,0.0016567469190817,2011
2011-02-09,-0.0016540066486625,2011
2011-02-10,0.0011042860664813,2011
2011-02-11,0.0011033400799984,2011
2011-02-14,-0.0044074995900105,2011
2011-02-15,0.0033200084636053,2011
2011-02-16,-0.0016543751824311,2011
2011-02-17,0.0027622851183763,2011
2011-02-18,0.0038565281642348,2011
2011-02-22,-0.0049396025103809,2011
2011-02-23,-0.0049636697794934,2011
2011-02-24,-0.0033261674152093,2011
2011-02-25,0.0088988013439434,2011
2011-02-28,0.0110255022532383,2011
2011-03-01,-0.0092695659503192,2011
2011-03-02,0.0033022802359519,2011
2011-03-03,0.0104224258692804,2011
2011-03-04,-0.0054291304829535,2011
2011-03-07,-0.0016375761933422,2011
2011-03-08,0.0114819256461202,2011
2011-03-09,0.0070268515509386,2011
2011-03-10,-0.0166398705453397,2011
2011-03-11,0.0065504843026342,2011
2011-03-14,-0.0124730463214889,2011
2011-03-15,-0.0181220580282978,2011
2011-03-16,-0.0145410277719834,2011
2011-03-17,0.0045400736043508,2011
2011-03-18,0.0050846265558412,2011
2011-03-21,0.017425750298855,2011
2011-03-22,0.0,2011
2011-03-23,-0.0011050775875673,2011
2011-03-24,0.0033186275365861,2011
2011-03-25,0.0011026408806622,2011
2011-03-28,-0.0071586830080685,2011
2011-03-29,0.0077647552422039,2011
2011-03-30,0.0115573925390024,2011
2011-03-31,-0.0010880642191409,2011
2011-04-01,0.0098038715153268,2011
2011-04-04,-0.0010784968101454,2011
2011-04-05,-0.0021599440092787,2011
2011-04-06,0.0054112372092791,2011
2011-04-07,-0.0048439816433373,2011
2011-04-08,0.0,2011
2011-04-11,-0.011898035339327,2011
2011-04-12,-0.0049263518011594,2011
2011-04-13,0.0038501641729036,2011
2011-04-14,0.0049319330522954,2011
2011-04-15,0.0092691176167303,2011
2011-04-18,-0.0102647678975331,2011
2011-04-19,-0.0010915379329629,2011
2011-04-20,0.015300476227491,2011
2011-04-21,0.001614837564777,2011
2011-04-25,-0.0010749699887643,2011
2011-04-26,0.0091446450639263,2011
2011-04-27,0.008528897539886,2011
2011-04-28,0.0079281355287537,2011
2011-04-29,0.0015731721671927,2011
2011-05-02,-0.0010471341225383,2011
2011-05-03,0.0026204932153668,2011
2011-05-04,-0.0062728663778282,2011
2011-05-05,-0.0068384229559105,2011
2011-05-06,0.0068855089785726,2011
2011-05-09,0.0057864177748649,2011
2011-05-10,0.014644458165713,2011
2011-05-11,-0.0041235956370551,2011
2011-05-12,0.0056935703256799,2011
2011-05-13,-0.0046321569702832,2011
2011-05-16,-0.0031024191148335,2011
2011-05-17,0.0036308383800973,2011
2011-05-18,0.0015504077564749,2011
2011-05-19,0.0010319202873185,2011
2011-05-20,0.0005153011116567,2011
2011-05-23,-0.0123643307903498,2011
2011-05-24,-0.0020869634441691,2011
2011-05-25,0.0010454920569424,2011
2011-05-26,-0.0010444001448867,2011
2011-05-27,0.0015684959768929,2011
2011-05-31,0.0073064684492705,2011
2011-06-01,-0.0124349724194614,2011
2011-06-02,-0.0057712375978571,2011
2011-06-03,-0.006332449475391,2011
2011-06-06,-0.0069039666302602,2011
2011-06-07,0.0016042111554146,2011
2011-06-08,0.0037373690281181,2011
2011-06-09,0.0010641061639431,2011
2011-06-10,-0.0037194077922667,2011
2011-06-13,0.0,2011
2011-06-14,0.0047997983463736,2011
2011-06-15,-0.0148621890453897,2011
2011-06-16,0.0070044914194669,2011
2011-06-17,0.0080256987071369,2011
2011-06-20,0.0042461651531822,2011
2011-06-21,0.0026428277335417,2011
2011-06-22,-0.0042174132441686,2011
2011-06-23,-0.0079406403335569,2011
2011-06-24,0.0021343243084814,2011
2011-06-27,0.0069226125541879,2011
2011-06-28,0.0074034122206219,2011
2011-06-29,0.0047242983820829,2011
2011-06-30,0.0052244713215987,2011
2011-07-01,0.0119544213486719,2011
2011-07-05,-0.0082176258204386,2011
2011-07-06,0.0020714925527951,2011
2011-07-07,0.0072351512104364,2011
2011-07-08,-0.0025656202498963,2011
2011-07-11,-0.0154320486362422,2011
2011-07-12,0.0036573103548356,2011
2011-07-13,-0.0010411380506937,2011
2011-07-14,-0.0036477810210495,2011
2011-07-15,0.0036611360436249,2011
2011-07-18,-0.0109430859780109,2011
2011-07-19,0.0094837902721878,2011
2011-07-20,0.0031313068371714,2011
2011-07-21,0.0145681777559654,2011
2011-07-22,-0.0046155292784197,2011
2011-07-25,0.0077279079628893,2011
2011-07-26,-0.0035784433489783,2011
2011-07-27,-0.0030784574215629,2011
2011-07-28,-0.00514674703751,2011
2011-07-29,-0.0124160103178209,2011
2011-08-01,0.0015714378380558,2011
2011-08-02,-0.0224894056526179,2011
2011-08-03,-0.0026753502191462,2011
2011-08-04,-0.0445278647638011,2011
2011-08-05,-0.0016841920204201,2011
2011-08-08,-0.0635546328256171,2011
2011-08-09,0.0414412862599649,2011
2011-08-10,-0.0242212012614189,2011
2011-08-11,0.0472811529295591,2011
2011-08-12,-0.0039502971214411,2011
2011-08-15,0.0379600861879247,2011
2011-08-16,-0.0049124592861288,2011
2011-08-17,0.005485354361848,2011
2011-08-18,-0.0223675476235355,2011
2011-08-19,-0.008928686958286,2011
2011-08-22,-0.0061935893678676,2011
2011-08-23,0.0215296511841336,2011
2011-08-24,0.0221849889181768,2011
2011-08-25,-0.0151924657990168,2011
2011-08-26,0.0016529142773267,2011
2011-08-29,0.0242024663158124,2011
2011-08-30,0.0,2011
2011-08-31,0.0075186303164782,2011
2011-09-01,-0.005330385643864,2011
2011-09-02,-0.0160772052729016,2011
2011-09-06,-0.0070804345425246,2011
2011-09-07,0.0137135663201695,2011
2011-09-08,-0.0005411326196718,2011
2011-09-09,-0.0219768400546322,2011
2011-09-12,0.0072667003379631,2011
2011-09-13,0.0061040539746666,2011
2011-09-14,0.0082739938275175,2011
2011-09-15,0.0142229742552049,2011
2011-09-16,0.0107874973185424,2011
2011-09-19,-0.0064034041174511,2011
2011-09-20,0.0128895188472171,2011
2011-09-21,-0.0185579391892329,2011
2011-09-22,-0.0216098736911272,2011
2011-09-23,0.0099392870911843,2011
2011-09-26,0.0098412918057888,2011
2011-09-27,0.0016244071271105,2011
2011-09-28,-0.0102702881151139,2011
2011-09-29,0.0169305563622652,2011
2011-09-30,-0.0107411490830593,2011
2011-10-03,-0.02660129002048,2011
2011-10-04,-0.0050196240577532,2011
2011-10-05,0.001120876354046,2011
2011-10-06,0.0179171339734878,2011
2011-10-07,0.0033002797712737,2011
2011-10-10,0.0202852262550303,2011
2011-10-11,-0.0102095834192066,2011
2011-10-12,-0.0010855828880731,2011
2011-10-13,-0.0010873822500447,2011
2011-10-14,0.0092493103976876,2011
2011-10-17,-0.0048516783286345,2011
2011-10-18,0.0081257295683585,2011
2011-10-19,0.001612011851175,2011
2011-10-20,0.0037555695061701,2011
2011-10-21,0.0176374407017754,2011
2011-10-24,-0.0036764998346127,2011
2011-10-25,-0.0131786735266993,2011
2011-10-26,0.0058759784017339,2011
2011-10-27,0.0244293360650889,2011
2011-10-28,-0.0025923986868556,2011
2011-10-31,-0.0088354564060317,2011
2011-11-01,-0.019402245763146,2011
2011-11-02,0.0144384555411019,2011
2011-11-03,0.0163416856703237,2011
2011-11-04,-0.0062239707007085,2011
2011-11-07,0.0078287739083144,2011
2011-11-08,0.0072500175641712,2011
2011-11-09,-0.0246787037503004,2011
2011-11-10,0.0047444323620047,2011
2011-11-11,0.0131165288959602,2011
2011-11-14,-0.0098395625766508,2011
2011-11-15,0.0010459238866562,2011
2011-11-16,-0.0130617073198334,2011
2011-11-17,-0.005823184726204,2011
2011-11-18,0.0058572928243154,2011
2011-11-21,-0.0127049422018243,2011
2011-11-22,-0.01126022986434,2011
2011-11-23,-0.0157267071836437,2011
2011-11-25,0.0027550483571421,2011
2011-11-28,0.0148350259848526,2011
2011-11-29,0.0108282933240853,2011
2011-11-30,0.0278522698981484,2011
2011-12-01,-0.0036476774699478,2011
2011-12-02,-0.0088912474254377,2011
2011-12-05,0.0089710109030329,2011
2011-12-06,0.0,2011
2011-12-07,-0.0020920181330952,2011
2011-12-08,-0.0151995254069464,2011
2011-12-09,0.0139393041641786,2011
2011-12-12,-0.0106157827618166,2011
2011-12-13,0.0048283763339316,2011
2011-12-14,-0.0085424858120374,2011
2011-12-15,0.0102315564603709,2011
2011-12-16,-0.0026652633241703,2011
2011-12-19,-0.0101550837739536,2011
2011-12-20,0.0232185115709493,2011
2011-12-21,0.0142478253889457,2011
2011-12-22,0.0015609181228559,2011
2011-12-23,0.0077922599461373,2011
2011-12-27,0.0077320101134272,2011
2011-12-28,-0.0056267014506908,2011
2011-12-29,0.0087450470581256,2011
2011-12-30,-0.0061195802092646,2011
2012-01-03,0.0,2012
2012-01-04,-0.0062535164647762,2012
2012-01-05,0.0005247928297118,2012
2012-01-06,-0.0047172817396223,2012
2012-01-09,0.0015798234461641,2012
2012-01-10,0.0005258336304729,2012
2012-01-11,-0.0057804529762071,2012
2012-01-12,-0.0021140259728541,2012
2012-01-13,-0.0005299033719665,2012
2012-01-17,0.0031799963812273,2012
2012-01-18,-0.0015848304130214,2012
2012-01-19,-0.0095239913113508,2012
2012-01-20,0.0042736535431877,2012
2012-01-23,0.0005315586043574,2012
2012-01-24,-0.0069111284940078,2012
2012-01-25,0.0144542848141853,2012
2012-01-26,0.0021105937887146,2012
2012-01-27,-0.0131649126877853,2012
2012-01-30,-0.0048023536689406,2012
2012-01-31,0.0037532552665218,2012
2012-02-01,0.00641026523408,2012
2012-02-02,0.0005306865569265,2012
2012-02-03,0.0053053323652529,2012
2012-02-06,-0.0047492184709336,2012
2012-02-07,0.0058321284292799,2012
2012-02-08,0.0010542694048012,2012
2012-02-09,-0.0026334065829313,2012
2012-02-10,-0.0015834845503539,2012
2012-02-13,0.0031729287473731,2012
2012-02-14,0.0005273044993736,2012
2012-02-15,-0.0057958500410352,2012
2012-02-16,0.0121887770255737,2012
2012-02-17,-0.0026179873471814,2012
2012-02-21,0.0005250901978315,2012
2012-02-22,0.0,2012
2012-02-23,-0.0010491222600067,2012
2012-02-24,0.0047266850213398,2012
2012-02-27,0.0015683459645421,2012
2012-02-28,-0.0046975022081664,2012
2012-02-29,0.003146392285765,2012
2012-03-01,0.0057500686766986,2012
2012-03-02,0.0005199047513735,2012
2012-03-05,0.0005193836000947,2012
2012-03-06,-0.0072686827934286,2012
2012-03-07,0.0026148271133725,2012
2012-03-08,0.0052163512996268,2012
2012-03-09,0.0062272221937131,2012
2012-03-12,0.0061890991818218,2012
2012-03-13,0.0041002738221154,2012
2012-03-14,-0.0122510839593743,2012
2012-03-15,0.0015503481104555,2012
2012-03-16,0.0005158165458192,2012
2012-03-19,-0.0051568351155836,2012
2012-03-20,0.0005181395167876,2012
2012-03-21,-0.0010363265025128,2012
2012-03-22,-0.0025932951396244,2012
2012-03-23,0.0015600226830161,2012
2012-03-26,0.007788549355715,2012
2012-03-27,0.002060657252999,2012
2012-03-28,-0.008740632360436,2012
2012-03-29,0.0031122047678204,2012
2012-03-30,0.0051707484515359,2012
2012-04-02,0.0072014611362511,2012
2012-04-03,0.0045965743705218,2012
2012-04-04,-0.0025419589852633,2012
2012-04-05,-0.0020387660232586,2012
2012-04-09,-0.0066392586916489,2012
2012-04-10,-0.0164526822676343,2012
2012-04-11,0.00313660774067,2012
2012-04-12,0.0067741882421503,2012
2012-04-13,-0.0031055944631306,2012
2012-04-16,0.006749568812622,2012
2012-04-17,0.0082519661233326,2012
2012-04-18,0.0010229917772648,2012
2012-04-19,-0.0035771413532501,2012
2012-04-20,0.0102567291847541,2012
2012-04-23,-0.0060914599466336,2012
2012-04-24,0.008171477566335,2012
2012-04-25,0.0091183096640359,2012
2012-04-26,0.0050203583433876,2012
2012-04-27,0.003996304642992,2012
2012-04-30,0.0089549935494912,2012
2012-05-01,0.0049309995979247,2012
2012-05-02,-0.006378877003129,2012
2012-05-03,-0.0054321991132969,2012
2012-05-04,-0.0004964317766555,2012
2012-05-07,-0.0004965983373916,2012
2012-05-08,-0.0009939302774359,2012
2012-05-09,-0.0009953999111087,2012
2012-05-10,0.0109560580263632,2012
2012-05-11,0.0004925984094046,2012
2012-05-14,-0.0059080326168123,2012
2012-05-15,-0.0059439425948278,2012
2012-05-16,-0.0019928137054611,2012
2012-05-17,-0.0089862918886095,2012
2012-05-18,-0.0040302856404299,2012
2012-05-21,0.0101160791159176,2012
2012-05-22,0.006510164329148,2012
2012-05-23,-0.0069653956107695,2012
2012-05-24,0.0045089030683875,2012
2012-05-25,0.0019952831313991,2012
2012-05-29,0.0054753005823779,2012
2012-05-30,-0.0108913684758725,2012
2012-05-31,0.0050050395392642,2012
2012-06-01,-0.0084660812955547,2012
2012-06-04,0.0010048183880955,2012
2012-06-05,0.0060207574149353,2012
2012-06-06,0.0134666349541956,2012
2012-06-07,0.0024603289590277,2012
2012-06-08,0.0058909457533942,2012
2012-06-11,-0.0048802273567047,2012
2012-06-12,0.0024518829231827,2012
2012-06-13,-0.002445885897319,2012
2012-06-14,0.0078470995635708,2012
2012-06-15,0.004866290454522,2012
2012-06-18,0.003389431297899,2012
2012-06-19,-0.0009651487784186,2012
2012-06-20,-0.0086956643517908,2012
2012-06-21,-0.0136451911249747,2012
2012-06-22,0.0014824939828139,2012
2012-06-25,-0.0024669538701317,2012
2012-06-26,0.0039562185909935,2012
2012-06-27,0.0118228378428553,2012
2012-06-28,0.0043815829400459,2012
2012-06-29,0.0072710929731711,2012
2012-07-02,0.0067375411059604,2012
2012-07-03,-0.0009561523321571,2012
2012-07-05,-0.0057417881379429,2012
2012-07-06,-0.0052935719306839,2012
2012-07-09,-0.0048378064797933,2012
2012-07-10,0.0029166381869303,2012
2012-07-11,0.0038782181118672,2012
2012-07-12,0.0033797673862128,2012
2012-07-13,0.0086620324693493,2012
2012-07-16,-0.0042936309054136,2012
2012-07-17,0.002395953733584,2012
2012-07-18,0.0028677641324625,2012
2012-07-19,0.0028603312260642,2012
2012-07-20,0.0033267570284736,2012
2012-07-23,-0.0066319105766263,2012
2012-07-24,-0.0100145100762198,2012
2012-07-25,-0.0024082614002004,2012
2012-07-26,0.0164168462207783,2012
2012-07-27,0.0109264716368651,2012
2012-07-30,0.0051691928487875,2012
2012-07-31,-0.0088825046838098,2012
2012-08-01,-0.0051889262491646,2012
2012-08-02,-0.005689603442139,2012
2012-08-03,0.0138292323852489,2012
2012-08-06,-0.0032925596515086,2012
2012-08-07,-0.0099105372507601,2012
2012-08-08,-0.0004764020178995,2012
2012-08-09,0.0038146455076941,2012
2012-08-10,0.0019002659163434,2012
2012-08-13,-0.0028445726279719,2012
2012-08-14,0.0019019191731448,2012
2012-08-15,-0.0037970761076958,2012
2012-08-16,-0.0023820262100378,2012
2012-08-17,-0.0014323975500033,2012
2012-08-20,0.003347363350592,2012
2012-08-21,-0.008102979600613,2012
2012-08-22,-0.001441578013656,2012
2012-08-23,-0.0096244719099904,2012
2012-08-24,0.0043729876763605,2012
2012-08-27,0.0009674833799258,2012
2012-08-28,-0.0024167209346241,2012
2012-08-29,0.0004850301181387,2012
2012-08-30,-0.004358631296495,2012
2012-08-31,-0.0009728162140317,2012
2012-09-04,0.0048683470797679,2012
2012-09-05,-0.003875715245809,2012
2012-09-06,0.0136187220003964,2012
2012-09-07,-0.0049437838942321,2012
2012-09-10,0.000487033386523,2012
2012-09-11,-0.0004867963004723,2012
2012-09-12,-0.0019484442036503,2012
2012-09-13,0.0102489909987109,2012
2012-09-14,-0.003864730876114,2012
2012-09-17,-0.0067895573584403,2012
2012-09-18,-0.0043946248040511,2012
2012-09-19,0.0019619790511622,2012
2012-09-20,0.0039157281421859,2012
2012-09-21,0.00292543844067,2012
2012-09-24,0.0082646293675483,2012
2012-09-25,-0.0053041201067927,2012
2012-09-26,0.0004846726430851,2012
2012-09-27,-0.0024222664970554,2012
2012-09-28,0.0038852228415977,2012
2012-10-01,-0.0029024854522818,2012
2012-10-02,0.0043666723657347,2012
2012-10-03,0.0072465051892025,2012
2012-10-04,0.0062349483184176,2012
2012-10-05,-0.0019068038775073,2012
2012-10-08,0.0009549187873589,2012
2012-10-09,-0.0009540077873995,2012
2012-10-10,-0.0047752030868067,2012
2012-10-11,0.0019190777042465,2012
2012-10-12,-0.006704632091332,2012
2012-10-15,0.0086789870309904,2012
2012-10-16,0.0033458285218486,2012
2012-10-17,0.0114338531994127,2012
2012-10-18,0.001884124715282,2012
2012-10-19,-0.0070521617541439,2012
2012-10-22,-0.0037876491578895,2012
2012-10-23,-0.0090304655065378,2012
2012-10-24,-0.0052756784402565,2012
2012-10-25,0.0048215569576735,2012
2012-10-26,0.0,2012
2012-10-31,0.0057576156582295,2012
2012-11-01,-0.0038165636473662,2012
2012-11-02,-0.0052680997575946,2012
2012-11-05,-0.0120366000339616,2012
2012-11-06,0.0048733290327733,2012
2012-11-07,-0.020853502376983,2012
2012-11-08,-0.0059437678057756,2012
2012-11-09,-0.0064767885945727,2012
2012-11-12,-0.009528873806212,2012
2012-11-13,0.0015191271812275,2012
2012-11-14,-0.00657255007543,2012
2012-11-15,-0.0050889325778101,2012
2012-11-16,0.0138106265062147,2012
2012-11-19,0.0015137621062957,2012
2012-11-20,-0.0005039585729024,2012
2012-11-21,-0.0015123165639087,2012
2012-11-23,0.0,2012
2012-11-26,0.0106010425983054,2012
2012-11-27,0.0004993606670247,2012
2012-11-28,0.0049927063660588,2012
2012-11-29,0.0059613252863652,2012
2012-11-30,0.0098764541676039,2012
2012-12-03,-0.0034231160601169,2012
2012-12-04,-0.0034351087406293,2012
2012-12-05,0.0128020800867958,2012
2012-12-06,0.0,2012
2012-12-07,-0.0009721725490779,2012
2012-12-10,0.0004863265277621,2012
2012-12-11,0.0019456013341265,2012
2012-12-12,-0.0004853784295379,2012
2012-12-13,-0.0033997635815726,2012
2012-12-14,-0.0019493160726615,2012
2012-12-17,0.0141601635868273,2012
2012-12-18,0.006259194763633,2012
2012-12-19,-0.0066988247075004,2012
2012-12-20,0.0057803423812743,2012
2012-12-21,-0.0066800433494936,2012
2012-12-24,-0.003898924549656,2012
2012-12-26,-0.0088059723263361,2012
2012-12-27,-0.0004937270733422,2012
2012-12-28,-0.0079009646261171,2012
2012-12-29,0.0,2012
2012-12-30,0.0,2012
2012-12-31,0.0,2012
2013-01-02,0.0,2013
2013-01-03,0.0004823048234972,2013
2013-01-04,0.0057860847825104,2013
2013-01-07,-0.0076702216822398,2013
2013-01-08,-0.0024155524479787,2013
2013-01-09,0.0004844025214598,2013
2013-01-10,0.0062925040472046,2013
2013-01-11,0.0014428142123459,2013
2013-01-14,-0.0019211827139016,2013
2013-01-15,0.0043309057992688,2013
2013-01-16,-0.0047914505827519,2013
2013-01-17,0.0057774988865617,2013
2013-01-18,0.0076591318568188,2013
2013-01-22,0.0099762296218974,2013
2013-01-23,-0.0023518515674174,2013
2013-01-24,0.0004713155370874,2013
2013-01-25,0.0032990669865671,2013
2013-01-28,-0.0009396816552386,2013
2013-01-29,0.0075227439295997,2013
2013-01-30,0.0027997447148691,2013
2013-01-31,0.0023270471276042,2013
2013-02-01,0.0041776565971256,2013
2013-02-04,-0.0073968815722232,2013
2013-02-05,0.0046574744202239,2013
2013-02-06,0.0037088379722756,2013
2013-02-07,0.0013857933989631,2013
2013-02-08,0.0009223412128409,2013
2013-02-11,0.0009219274579321,2013
2013-02-12,0.0032227572139451,2013
2013-02-13,0.000458770125399,2013
2013-02-14,-0.0096327940052194,2013
2013-02-15,0.0013894981790465,2013
2013-02-19,0.011100999011109,2013
2013-02-20,-0.0050321867854672,2013
2013-02-21,-0.0073562870920392,2013
2013-02-22,0.0101897994452235,2013
2013-02-25,-0.0137548952327607,2013
2013-02-26,0.0051137011592878,2013
2013-02-27,0.0124882773050596,2013
2013-02-28,0.0013708158480205,2013
2013-03-01,0.0036493293118673,2013
2013-03-04,0.0095457961518954,2013
2013-03-05,0.0067534770633639,2013
2013-03-06,0.0,2013
2013-03-07,-0.0035778712956855,2013
2013-03-08,0.0049371139273202,2013
2013-03-11,0.0035727959104274,2013
2013-03-12,-0.0026699520558581,2013
2013-03-13,0.0031232478849672,2013
2013-03-14,0.0040035328096432,2013
2013-03-15,0.0048738889192536,2013
2013-03-18,-0.0052905993719638,2013
2013-03-19,0.0017728662794946,2013
2013-03-20,0.0079647567523348,2013
2013-03-21,-0.0039512219578748,2013
2013-03-22,0.0022040474325579,2013
2013-03-25,-0.0017590411259195,2013
2013-03-26,0.009691461702642,2013
2013-03-27,0.0039266747248429,2013
2013-03-28,0.0104303366548306,2013
2013-04-01,-0.001720659482099,2013
2013-04-02,0.0034469786432906,2013
2013-04-03,-0.0072990243561131,2013
2013-04-04,0.0073526918328843,2013
2013-04-05,0.0034351377966688,2013
2013-04-08,0.0094135470485312,2013
2013-04-09,-0.0021194237152238,2013
2013-04-10,0.0076466400681232,2013
2013-04-11,0.0033725320099915,2013
2013-04-12,0.002100590249157,2013
2013-04-15,-0.0176101007482035,2013
2013-04-16,0.0136579132254983,2013
2013-04-17,-0.0075788295446491,2013
2013-04-18,0.0025452119977074,2013
2013-04-19,0.0139654300297535,2013
2013-04-22,-0.0012517932021565,2013
2013-04-23,0.0033428703911599,2013
2013-04-24,0.0033321927519469,2013
2013-04-25,0.0024904680596096,2013
2013-04-26,-0.0012422058393276,2013
2013-04-29,0.0078771540166016,2013
2013-04-30,0.0037022852367629,2013
2013-05-01,-0.0114753894867288,2013
2013-05-02,-0.0016585306513259,2013
2013-05-03,0.0008306757278451,2013
2013-05-06,-0.0103735848095753,2013
2013-05-07,0.0071278428031706,2013
2013-05-08,-0.0070773962353493,2013
2013-05-09,-0.0171904268041018,2013
2013-05-10,0.0038395636847212,2013
2013-05-13,-0.0042502590501281,2013
2013-05-14,0.007255884225257,2013
2013-05-15,0.0088982222672595,2013
2013-05-16,-0.008819742240464,2013
2013-05-17,0.010169645151294,2013
2013-05-20,-0.0025168492456532,2013
2013-05-21,0.0016818457117346,2013
2013-05-22,-0.0151131172514611,2013
2013-05-23,-0.0051149646606293,2013
2013-05-24,-0.0102828620070481,2013
2013-05-28,-0.0125539422136098,2013
2013-05-29,-0.0140290733881919,2013
2013-05-30,0.0013337532510893,2013
2013-05-31,-0.0062166852587688,2013
2013-06-03,0.0013405204628142,2013
2013-06-04,-0.0049086146073731,2013
2013-06-05,-0.0103138633107515,2013
2013-06-06,0.0117805544371389,2013
2013-06-07,0.0116436007951492,2013
2013-06-10,-0.0022133151137823,2013
2013-06-11,-0.0079856790654663,2013
2013-06-12,-0.0084973208648015,2013
2013-06-13,0.0171400747948649,2013
2013-06-14,0.0022174510980959,2013
2013-06-17,0.0013271918890944,2013
2013-06-18,0.0066287672171549,2013
2013-06-19,-0.0206320431649773,2013
2013-06-20,-0.0282386824484253,2013
2013-06-21,0.0087634057267376,2013
2013-06-24,-0.0027430578722529,2013
2013-06-25,0.0128381240264503,2013
2013-06-26,0.0131280782267357,2013
2013-06-27,0.0022342947539326,2013
2013-06-28,0.004458486959977,2013
2013-07-01,-0.0084336925073933,2013
2013-07-02,0.0004478286032407,2013
2013-07-03,-0.0017894538470822,2013
2013-07-05,-0.0017932273970866,2013
2013-07-08,0.0134707099716546,2013
2013-07-09,0.007975486364951,2013
2013-07-10,0.0048352555112738,2013
2013-07-11,0.0139980472430816,2013
2013-07-12,0.0021572520288166,2013
2013-07-15,0.0129144275212251,2013
2013-07-16,-0.0046751039418526,2013
2013-07-17,-0.0025619181293545,2013
2013-07-18,0.0081339046990183,2013
2013-07-19,-0.0008493699925351,2013
2013-07-22,-0.0012751380528012,2013
2013-07-23,0.0034043068502596,2013
2013-07-24,-0.0139948377432125,2013
2013-07-25,0.0055910577272435,2013
2013-07-26,0.003422050384257,2013
2013-07-29,0.0004261125710469,2013
2013-07-30,0.0008520637930087,2013
2013-07-31,-0.0004255013088395,2013
2013-08-01,0.0157578420534072,2013
2013-08-02,-0.0008386203210819,2013
2013-08-05,-0.0067141963753825,2013
2013-08-06,-0.0063369160817139,2013
2013-08-07,0.0,2013
2013-08-08,0.0063773286783743,2013
2013-08-09,-0.0071819137574539,2013
2013-08-12,-0.0063828907434592,2013
2013-08-13,-0.0064240288729993,2013
2013-08-14,-0.0025862799331848,2013
2013-08-15,-0.0121001701434104,2013
2013-08-16,-0.0091862659455078,2013
2013-08-19,-0.009271644760696,2013
2013-08-20,0.0098036831052124,2013
2013-08-21,-0.0070606605720204,2013
2013-08-22,0.0057775671020114,2013
2013-08-23,0.0057447271106492,2013
2013-08-26,-0.0065904191000861,2013
2013-08-27,-0.0022112174931562,2013
2013-08-28,0.0057619902196572,2013
2013-08-29,-0.0030846374515087,2013
2013-08-30,-0.0026525245185041,2013
2013-09-03,-0.0062055913743909,2013
2013-09-04,-0.0004463007905497,2013
2013-09-05,-0.0026773813542051,2013
2013-09-06,0.0058848772692847,2013
2013-09-09,0.0085509571805186,2013
2013-09-10,0.0062470909502025,2013
2013-09-11,-0.0097561778328637,2013
2013-09-12,-0.0008952001394783,2013
2013-09-13,0.0049305631458993,2013
2013-09-16,0.0026755833305747,2013
2013-09-17,0.0088969161213698,2013
2013-09-18,0.0238095025311728,2013
2013-09-19,-0.0012917684442952,2013
2013-09-20,-0.0116429031882424,2013
2013-09-23,0.0100347250164671,2013
2013-09-24,-0.0004319138903924,2013
2013-09-25,-0.0025930073967146,2013
2013-09-26,0.0021666597986755,2013
2013-09-27,-0.004323411802716,2013
2013-09-30,-0.0013027637778456,2013
2013-10-01,0.0047829186975678,2013
2013-10-02,0.0004327287589482,2013
2013-10-03,-0.0086507642781883,2013
2013-10-04,0.004799340532843,2013
2013-10-07,-0.0069477124116633,2013
2013-10-08,0.0,2013
2013-10-09,0.0008746764532259,2013
2013-10-10,0.0183488156993023,2013
2013-10-11,0.0051475897916937,2013
2013-10-14,-0.0025603809987468,2013
2013-10-15,-0.0132650164537602,2013
2013-10-16,0.0125758731523002,2013
2013-10-17,0.013704261009759,2013
2013-10-18,0.0076045777650546,2013
2013-10-21,-0.0012578423111193,2013
2013-10-22,0.0092362741267617,2013
2013-10-23,-0.0024959307521251,2013
2013-10-24,0.001667727228485,2013
2013-10-25,0.013738730507989,2013
2013-10-28,-0.0041065418837306,2013
2013-10-29,0.0037110247247769,2013
2013-10-30,-0.0086276403880443,2013
2013-10-31,-0.0045588714391147,2013
2013-11-01,0.0045797499302699,2013
2013-11-04,0.0029010588884326,2013
2013-11-05,-0.0057853986092416,2013
2013-11-06,0.010390746367872,2013
2013-11-07,-0.0111062410498192,2013
2013-11-08,0.0016635646968092,2013
2013-11-11,0.0004155565787273,2013
2013-11-12,-0.0083025015266234,2013
2013-11-13,0.0029300730266663,2013
2013-11-14,0.0079300435122939,2013
2013-11-15,0.0070394005647145,2013
2013-11-18,-0.0041117995060994,2013
2013-11-19,-0.0094964363338229,2013
2013-11-20,-0.0058358480716758,2013
2013-11-21,0.0071278166783574,2013
2013-11-22,0.0020818048297586,2013
2013-11-25,-0.0033236958181259,2013
2013-11-26,-0.0108376600351057,2013
2013-11-27,-0.0054784308590304,2013
2013-11-29,-0.0016947128025999,2013
2013-12-02,-0.0033957088806999,2013
2013-12-03,0.0072401358768046,2013
2013-12-04,0.0029600706250436,2013
2013-12-05,-0.0042160700227437,2013
2013-12-06,0.0097373373160873,2013
2013-12-09,-0.0041927641217167,2013
2013-12-10,-0.0067367597616022,2013
2013-12-11,-0.0097499847158721,2013
2013-12-12,0.0012840264849318,2013
2013-12-13,-0.0017097953944844,2013
2013-12-16,0.0038544632146657,2013
2013-12-17,0.0,2013
2013-12-18,0.0115187240544185,2013
2013-12-19,-0.0016873105030754,2013
2013-12-20,0.0120597057632829,2013
2013-12-23,-0.001262979218606,2013
2013-12-24,0.0042154282876705,2013
2013-12-26,-0.0012590084223321,2013
2013-12-27,0.0012605955227125,2013
2013-12-30,0.0025202881345351,2013
2013-12-31,0.0,2013
2014-01-02,0.0,2014
2014-01-03,-0.0008461248137413,2014
2014-01-06,0.0029648609269234,2014
2014-01-07,0.0097130190394956,2014
2014-01-08,-0.0029280478289601,2014
2014-01-09,0.0075505063009246,2014
2014-01-10,0.0116566923943155,2014
2014-01-13,-0.0111109818207344,2014
2014-01-14,0.0070744641313487,2014
2014-01-15,0.0,2014
2014-01-16,0.0061984445946294,2014
2014-01-17,-0.0008215499786918,2014
2014-01-21,0.010686581454208,2014
2014-01-22,0.00081353160624,2014
2014-01-23,-0.0060953658167535,2014
2014-01-24,-0.018806063715531,2014
2014-01-27,-0.0025001419584131,2014
2014-01-28,0.0096075328820068,2014
2014-01-29,-0.0028964870736857,2014
2014-01-30,0.0153528468434518,2014
2014-01-31,0.0077648413218296,2014
2014-02-03,-0.0133823153560972,2014
2014-02-04,-0.0028772493633262,2014
2014-02-05,-0.005770530418382,2014
2014-02-06,0.006633406746024,2014
2014-02-07,0.0094728689767613,2014
2014-02-10,0.0069359821156258,2014
2014-02-11,0.0089140232682916,2014
2014-02-12,0.0040160861874931,2014
2014-02-13,0.0124000056366191,2014
2014-02-14,0.0051363376659736,2014
2014-02-18,0.0051100905155818,2014
2014-02-19,-0.007039537272004,2014
2014-02-20,0.0063016668554207,2014
2014-02-21,0.0011744770610799,2014
2014-02-24,-0.0019549037223205,2014
2014-02-25,-0.0043088612568463,2014
2014-02-26,-0.0039336283863607,2014
2014-02-27,0.0,2014
2014-02-28,0.0039491629257477,2014
2014-03-03,-0.0055071405247787,2014
2014-03-04,0.0110758853453276,2014
2014-03-05,-0.0054775792354456,2014
2014-03-06,-0.0019670269367383,2014
2014-03-07,0.0023655595576712,2014
2014-03-10,-0.003146210536114,2014
2014-03-11,-0.0027611733472076,2014
2014-03-12,0.0098891091263255,2014
2014-03-13,0.0058754117838806,2014
2014-03-14,0.0058410929574874,2014
2014-03-17,0.0058069334456336,2014
2014-03-18,0.0011549788987377,2014
2014-03-19,-0.0103804419499595,2014
2014-03-20,0.0031080195259693,2014
2014-03-21,0.00387292724577,2014
2014-03-24,-0.0015432180639015,2014
2014-03-25,0.0042501104663335,2014
2014-03-26,-0.0038474768549152,2014
2014-03-27,0.0069523500265606,2014
2014-03-28,0.0046032546624934,2014
2014-03-31,0.0087817884967844,2014
2014-04-01,-0.0011355096488493,2014
2014-04-02,-0.0007577498985041,2014
2014-04-03,0.0007583245188313,2014
2014-04-04,0.0011368004967822,2014
2014-04-07,-0.0087053400417452,2014
2014-04-08,0.0145094317560072,2014
2014-04-09,0.0033870640021576,2014
2014-04-10,-0.0071265886948022,2014
2014-04-11,-0.0049111293052351,2014
2014-04-14,0.0053149028929158,2014
2014-04-15,0.0094411382955208,2014
2014-04-16,0.0086046099196488,2014
2014-04-17,-0.0081603950386338,2014
2014-04-21,0.0026176996994227,2014
2014-04-22,0.0007462249592768,2014
2014-04-23,0.0011178117105203,2014
2014-04-24,0.0033510714120945,2014
2014-04-25,0.0040815395161137,2014
2014-04-28,0.0029561806684788,2014
2014-04-29,-0.0018421956047597,2014
2014-04-30,0.002215193772133,2014
2014-05-01,0.0069977389381261,2014
2014-05-02,-0.0135332464882858,2014
2014-05-05,0.0070447888293525,2014
2014-05-06,-0.0029454107424035,2014
2014-05-07,0.0166175208603407,2014
2014-05-08,-0.0101706653974896,2014
2014-05-09,-0.0117431818565844,2014
2014-05-12,-0.0051985764876267,2014
2014-05-13,0.0007463204785493,2014
2014-05-14,0.0067142956599999,2014
2014-05-15,-0.0048170815415164,2014
2014-05-16,0.0048403981340214,2014
2014-05-19,-0.0129679471494984,2014
2014-05-20,0.0011261321351572,2014
2014-05-21,0.002624570035616,2014
2014-05-22,0.0071054985792815,2014
2014-05-23,-0.0003714498397555,2014
2014-05-27,0.0085442250401319,2014
2014-05-28,0.0047880105102668,2014
2014-05-29,0.0036657086661044,2014
2014-05-30,0.0116870864404674,2014
2014-06-02,0.0018053989046897,2014
2014-06-03,0.0018016998719243,2014
2014-06-04,0.0003594918292864,2014
2014-06-05,0.0064727501109533,2014
2014-06-06,-0.0017862513298347,2014
2014-06-09,-0.0039370283399456,2014
2014-06-10,-0.0028746107621793,2014
2014-06-11,-0.011531703247258,2014
2014-06-12,-0.000729132634093,2014
2014-06-13,0.0076615916340203,2014
2014-06-16,0.0065169390402655,2014
2014-06-17,0.0003594918292864,2014
2014-06-18,0.0161815419168629,2014
2014-06-19,0.0053077741356701,2014
2014-06-20,-0.0052797504129852,2014
2014-06-23,-0.0014155449470786,2014
2014-06-24,-0.0007086115189286,2014
2014-06-25,0.0063827931311388,2014
2014-06-26,0.0014094509435067,2014
2014-06-27,0.0028149343751027,2014
2014-06-30,0.0073683525706014,2014
2014-07-01,-0.0073144570720321,2014
2014-07-02,-0.0161403299521282,2014
2014-07-03,-0.0099855681726132,2014
2014-07-07,0.0003601211120138,2014
2014-07-08,0.0025206079816395,2014
2014-07-09,0.00179598677985,2014
2014-07-10,0.0028682055876048,2014
2014-07-11,-0.0042902247376849,2014
2014-07-14,-0.0107717197002732,2014
2014-07-15,0.0021776455830777,2014
2014-07-16,0.0028975167963187,2014
2014-07-17,-0.0115563585919656,2014
2014-07-18,0.0113264426488546,2014
2014-07-21,-0.0025292496473787,2014
2014-07-22,0.0,2014
2014-07-23,0.0,2014
2014-07-24,0.0010867926488047,2014
2014-07-25,-0.006512447037244,2014
2014-07-28,0.0101963671425908,2014
2014-07-29,-0.0068489083800314,2014
2014-07-30,-0.013067219524375,2014
2014-07-31,-0.0154469379745976,2014
2014-08-01,-0.0011206635325489,2014
2014-08-04,0.002244072789872,2014
2014-08-05,-0.0100747944493098,2014
2014-08-06,-0.0101772124650934,2014
2014-08-07,0.005331448899642,2014
2014-08-08,0.0166665203479576,2014
2014-08-11,-0.0003724651215485,2014
2014-08-12,0.0007454381649136,2014
2014-08-13,0.0040968559542406,2014
2014-08-14,0.0070476295274872,2014
2014-08-15,0.0055246625338121,2014
2014-08-18,-0.0003663023150962,2014
2014-08-19,0.0098936733870478,2014
2014-08-20,0.0025400387156035,2014
2014-08-21,0.0003619273458814,2014
2014-08-22,-0.0010856128127803,2014
2014-08-25,0.005433067843283,2014
2014-08-26,-0.006484183781325,2014
2014-08-27,0.0097894180971962,2014
2014-08-28,0.0043087100722243,2014
2014-08-29,0.0082234739628292,2014
2014-09-02,-0.0060284005035574,2014
2014-09-03,0.0046380227684152,2014
2014-09-04,-0.0017756870787462,2014
2014-09-05,0.0107854272945582,2014
2014-09-08,-0.006668910047533,2014
2014-09-09,-0.0100709077131093,2014
2014-09-10,-0.0026376040242623,2014
2014-09-11,0.0056667656983848,2014
2014-09-12,-0.0176559027093167,2014
2014-09-15,-0.0003824522768146,2014
2014-09-16,0.0099466652831576,2014
2014-09-17,-0.0015153220092627,2014
2014-09-18,-0.0030346865868434,2014
2014-09-19,0.0057075109781092,2014
2014-09-22,-0.0098371933450367,2014
2014-09-23,-0.0049675186467028,2014
2014-09-24,-0.0011519780169362,2014
2014-09-25,-0.0088429577647588,2014
2014-09-26,0.0042667852087208,2014
2014-09-29,0.0073387750733355,2014
2014-09-30,-0.0003832537148596,2014
2014-10-01,0.0011507649603104,2014
2014-10-02,-0.0019158120173846,2014
2014-10-03,0.0080615399524579,2014
2014-10-06,-0.0015235124961224,2014
2014-10-07,-0.0061021170052527,2014
2014-10-08,0.0172676502688045,2014
2014-10-09,-0.0256503837863114,2014
2014-10-10,-0.0027098777287712,2014
2014-10-13,-0.0155282153782514,2014
2014-10-14,-0.0051259506402113,2014
2014-10-15,-0.012683693364921,2014
2014-10-16,0.0164593438110536,2014
2014-10-17,0.0110586558470293,2014
2014-10-20,0.0128904711855537,2014
2014-10-21,0.0092558263536335,2014
2014-10-22,0.0011462555446564,2014
2014-10-23,0.0068705552083541,2014
2014-10-24,0.0098558351404571,2014
2014-10-27,-0.006005800185494,2014
2014-10-28,0.012084286370394,2014
2014-10-29,-0.0033581489577131,2014
2014-10-30,0.0172219741505534,2014
2014-10-31,0.0025762288784614,2014
2014-11-03,0.0084436628991999,2014
2014-11-04,-0.0091011133176661,2014
2014-11-05,0.0235122953047233,2014
2014-11-06,-0.0057430153917996,2014
2014-11-07,0.0086643881671333,2014
2014-11-10,-0.001073745175895,2014
2014-11-11,-0.0021500090398824,2014
2014-11-12,-0.0150805935224784,2014
2014-11-13,-0.0098432753314329,2014
2014-11-14,-0.0040499893540789,2014
2014-11-17,0.0081329169351629,2014
2014-11-18,0.0044003977677984,2014
2014-11-19,0.0010956280870471,2014
2014-11-20,-0.002553168073805,2014
2014-11-21,0.0054846494535045,2014
2014-11-24,-0.0069091210303456,2014
2014-11-25,0.0003660999605523,2014
2014-11-26,0.0040263779167144,2014
2014-11-28,-0.0010939231828777,2014
2014-12-01,-0.0087589337492408,2014
2014-12-02,0.0069955049354921,2014
2014-12-03,-0.0040219617810057,2014
2014-12-04,-0.002936757553271,2014
2014-12-05,-0.0058911392432425,2014
2014-12-08,-0.0055553121415268,2014
2014-12-09,0.00670368084195,2014
2014-12-10,-0.0196075556660382,2014
2014-12-11,0.0067924411259552,2014
2014-12-12,-0.0116193966808136,2014
2014-12-15,-0.0117558829229564,2014
2014-12-16,-0.0034535075252536,2014
2014-12-17,0.0265696256644356,2014
2014-12-18,0.0217549069080602,2014
2014-12-19,-0.0161525975950314,2014
2014-12-22,0.0190114014299653,2014
2014-12-23,0.0055969381190612,2014
2014-12-24,0.0137291188131394,2014
2014-12-26,0.0117132224890159,2014
2014-12-29,0.013024526159632,2014
2014-12-30,-0.0167857235083566,2014
2014-12-31,0.0,2014
2015-01-02,0.0,2015
2015-01-05,-0.0204978714259895,2015
2015-01-06,-0.006726472363817,2015
2015-01-07,0.0094055108898072,2015
2015-01-08,0.0100633313344888,2015
2015-01-09,-0.0036899509983692,2015
2015-01-12,-0.0033333941480651,2015
2015-01-13,0.0018579485105474,2015
2015-01-14,0.0074184391615972,2015
2015-01-15,0.0018409527940967,2015
2015-01-16,0.0084529063025673,2015
2015-01-20,-0.0007290978817843,2015
2015-01-21,0.0105764285958172,2015
2015-01-22,-0.0032478802544536,2015
2015-01-23,0.0014481711689302,2015
2015-01-26,0.0057845163010423,2015
2015-01-27,0.0014377602542801,2015
2015-01-28,-0.0132804729721555,2015
2015-01-29,0.0076390353048383,2015
2015-01-30,-0.0184116103141873,2015
2015-02-02,0.0084588054374099,2015
2015-02-03,0.0102117712565759,2015
2015-02-04,-0.011191354662144,2015
2015-02-05,0.0091273631266266,2015
2015-02-06,-0.0336469479557727,2015
2015-02-09,-0.0059901480340178,2015
2015-02-10,0.0195855983339476,2015
2015-02-11,-0.0206868597177746,2015
2015-02-12,0.0,2015
2015-02-13,-0.0105623032017032,2015
2015-02-17,-0.0015248040949622,2015
2015-02-18,0.022145623605573,2015
2015-02-19,-0.007844495240768,2015
2015-02-20,0.0033883992039902,2015
2015-02-23,0.003377281007745,2015
2015-02-24,0.0052353505364357,2015
2015-02-25,-0.0126483886628221,2015
2015-02-26,-0.0090432622345245,2015
2015-02-27,-0.0015207457919625,2015
2015-03-02,-0.0171365315806638,2015
2015-03-03,0.0077493129461887,2015
2015-03-04,-0.0053823962262311,2015
2015-03-05,0.0073439396129333,2015
2015-03-06,-0.0241749828495654,2015
2015-03-09,-0.0015728861390159,2015
2015-03-10,-0.0051200181169697,2015
2015-03-11,-0.0059382743799571,2015
2015-03-12,0.0187176523792773,2015
2015-03-13,-0.0078187633427941,2015
2015-03-16,0.0157606428065855,2015
2015-03-17,0.0038788851007254,2015
2015-03-18,0.0289799546612876,2015
2015-03-19,-0.0123921928871103,2015
2015-03-20,0.0091257891388036,2015
2015-03-23,0.0007533881027634,2015
2015-03-24,-0.0105420961502336,2015
2015-03-25,-0.0106547448751971,2015
2015-03-26,-0.0061536150161501,2015
2015-03-27,0.0046438988237411,2015
2015-03-30,0.016178736432229,2015
2015-03-31,-0.002274309929246,2015
2015-04-01,-0.0034196243798072,2015
2015-04-02,0.0072436980474952,2015
2015-04-06,0.0102194989221371,2015
2015-04-07,-0.0056198972576274,2015
2015-04-08,-0.0026377809643215,2015
2015-04-09,-0.003022610813555,2015
2015-04-10,0.0037897729400082,2015
2015-04-13,-0.0075501683451887,2015
2015-04-14,0.0045647395537711,2015
2015-04-15,0.0053008758039856,2015
2015-04-16,-0.005272924685106,2015
2015-04-17,-0.0075730381125749,2015
2015-04-20,0.0129721525220118,2015
2015-04-21,-0.0101694598946652,2015
2015-04-22,0.000760841803878,2015
2015-04-23,0.0038024121411681,2015
2015-04-24,0.0117423355432504,2015
2015-04-27,-0.0116060533702442,2015
2015-04-28,0.0064392326606539,2015
2015-04-29,-0.0018816153334247,2015
2015-04-30,-0.0101810722734689,2015
2015-05-01,0.0034285243967682,2015
2015-05-04,0.0091117114813537,2015
2015-05-05,-0.0218211234049544,2015
2015-05-06,-0.0096152173558977,2015
2015-05-07,0.0042718233285294,2015
2015-05-08,0.0139212571339326,2015
2015-05-11,-0.0080090424460133,2015
2015-05-12,0.0003843144760076,2015
2015-05-13,-0.0061492157128885,2015
2015-05-14,0.0077338832132058,2015
2015-05-15,0.0130469319458816,2015
2015-05-18,0.0034091531555753,2015
2015-05-19,0.0011324871904649,2015
2015-05-20,-0.0003769238732175,2015
2015-05-21,0.0007541319967883,2015
2015-05-22,-0.0007535637102827,2015
2015-05-26,-0.0067899045849161,2015
2015-05-27,0.0041773940640785,2015
2015-05-28,0.0018913026661713,2015
2015-05-29,-0.0045301662550788,2015
2015-06-01,0.0018962138100691,2015
2015-06-02,-0.0105981765684565,2015
2015-06-03,-0.0118591314331231,2015
2015-06-04,-0.0038713770037328,2015
2015-06-05,-0.0077731814994048,2015
2015-06-08,-0.0074421984477177,2015
2015-06-09,-0.0011837690967033,2015
2015-06-10,0.0114579152945129,2015
2015-06-11,0.0042966281433363,2015
2015-06-12,-0.0089458514973637,2015
2015-06-15,-0.0015697996105856,2015
2015-06-16,0.0039309524772022,2015
2015-06-17,0.0082222824780044,2015
2015-06-18,0.0097085673410968,2015
2015-06-19,-0.0096152173558977,2015
2015-06-22,-0.0003884187664437,2015
2015-06-23,-0.0108780488787548,2015
2015-06-24,-0.0074624340995017,2015
2015-06-25,-0.0102888893879412,2015
2015-06-26,0.0011991580208305,2015
2015-06-29,-0.0111819193367582,2015
2015-06-30,-0.0048464603073899,2015
2015-07-01,0.001623315320788,2015
2015-07-02,0.0125605670259523,2015
2015-07-06,-0.0003998856942477,2015
2015-07-07,0.0180142789433443,2015
2015-07-08,-0.0082578504689941,2015
2015-07-09,-0.0079301431907875,2015
2015-07-10,0.0063946422247183,2015
2015-07-13,0.002383039985649,2015
2015-07-14,0.0003961530129885,2015
2015-07-15,0.0023763190886909,2015
2015-07-16,0.0126430873612832,2015
2015-07-17,-0.0097542482428921,2015
2015-07-20,-0.0066979071466286,2015
2015-07-21,-0.0111069682596508,2015
2015-07-22,0.0032092110237953,2015
2015-07-23,-0.0147941844694581,2015
2015-07-24,-0.0024349145254628,2015
2015-07-27,0.0073228078103699,2015
2015-07-28,0.0072699231507482,2015
2015-07-29,0.0040092981620247,2015
2015-07-30,0.0079874961115171,2015
2015-07-31,0.0095085853696617,2015
2015-08-03,0.0035322469739667,2015
2015-08-04,-0.0199453129286333,2015
2015-08-05,0.0011972255175141,2015
2015-08-06,0.0023913581359622,2015
2015-08-07,0.009542727279912,2015
2015-08-10,-0.0011814379119375,2015
2015-08-11,0.0,2015
2015-08-12,0.0212930811117448,2015
2015-08-13,0.0,2015
2015-08-14,0.0081082208350131,2015
2015-08-17,0.0068939266475613,2015
2015-08-18,-0.0030428675054183,2015
2015-08-19,0.0019076791863266,2015
2015-08-20,-0.0099012192723286,2015
2015-08-21,-0.0146153342457761,2015
2015-08-24,-0.0347382752937845,2015
2015-08-25,-0.0315407271006669,2015
2015-08-26,0.0187894272974091,2015
2015-08-27,0.0147537735951523,2015
2015-08-28,-0.0016155643323511,2015
2015-08-31,-0.0186081216810645,2015
2015-09-01,-0.0280298618832683,2015
2015-09-02,-0.0016961055542432,2015
2015-09-03,0.0072216287735877,2015
2015-09-04,-0.0151835600257598,2015
2015-09-08,0.0188434646096715,2015
2015-09-09,-0.0142915455679504,2015
2015-09-10,-0.0046906852172964,2015
2015-09-11,0.0035091066881858,2015
2015-09-14,0.0044267754699631,2015
2015-09-15,0.0070516247922873,2015
2015-09-16,0.0109409206335946,2015
2015-09-17,0.0121209540740976,2015
2015-09-18,-0.0111205942074917,2015
2015-09-21,-0.0008648190955036,2015
2015-09-22,-0.019047540008975,2015
2015-09-23,0.0013237766545461,2015
2015-09-24,0.0044073879447315,2015
2015-09-25,0.01009213883073,2015
2015-09-28,-0.0073849748304367,2015
2015-09-29,-0.0013128910212906,2015
2015-09-30,0.0184050028374298,2015
2015-10-01,-0.0077451522711162,2015
2015-10-02,0.0134430917749603,2015
2015-10-05,0.0183993655260013,2015
2015-10-06,-0.0058824621261779,2015
2015-10-07,-0.0008452572180657,2015
2015-10-08,0.0148056902272337,2015
2015-10-09,-0.0025011210803879,2015
2015-10-12,0.0058503886945815,2015
2015-10-13,-0.0024925776154433,2015
2015-10-14,-0.0016658707223683,2015
2015-10-15,0.0150184338586289,2015
2015-10-16,-0.0004107617992669,2015
2015-10-19,0.0004109305938568,2015
2015-10-20,0.002877616508125,2015
2015-10-21,-0.0040986784594434,2015
2015-10-22,0.013168720609771,2015
2015-10-23,-0.0190902464531361,2015
2015-10-26,-0.0062111465391334,2015
2015-10-27,-0.0075001212647139,2015
2015-10-28,-0.0071367751658046,2015
2015-10-29,-0.0038054997595203,2015
2015-10-30,0.0059422665332196,2015
2015-11-02,0.001265745619948,2015
2015-11-03,0.0037926707658999,2015
2015-11-04,0.0071370084471162,2015
2015-11-05,-0.0108379983248649,2015
2015-11-06,-0.0294982511892416,2015
2015-11-09,0.0017365174392485,2015
2015-11-10,0.0073691517617244,2015
2015-11-11,0.0047330489837693,2015
2015-11-12,-0.0102784603418037,2015
2015-11-13,-0.0034613740781059,2015
2015-11-16,0.0178027420423492,2015
2015-11-17,-0.0183444790543456,2015
2015-11-18,0.0069530723761779,2015
2015-11-19,0.0069053607694711,2015
2015-11-20,0.0030007227601076,2015
2015-11-23,-0.0076923131723471,2015
2015-11-24,0.0,2015
2015-11-25,-0.0064601523825386,2015
2015-11-27,-0.0008668740195278,2015
2015-11-30,0.0043386731274559,2015
2015-12-01,0.0073431435139925,2015
2015-12-02,-0.0248712705574238,2015
2015-12-03,-0.0114335720940177,2015
2015-12-04,0.0026691853358136,2015
2015-12-07,-0.0035495218450413,2015
2015-12-08,-0.0017807736564996,2015
2015-12-09,0.0,2015
2015-12-10,-0.0089206817738085,2015
2015-12-11,-0.010800984386866,2015
2015-12-14,-0.0045496287803759,2015
2015-12-15,0.0105119400184823,2015
2015-12-16,0.028946044013006,2015
2015-12-17,-0.003516513471053,2015
2015-12-18,-0.0041917143722048,2015
2015-12-21,0.0071652143176781,2015
2015-12-22,0.0071141781696637,2015
2015-12-23,0.0203088198617136,2015
2015-12-24,-0.0008651399612131,2015
2015-12-28,-0.000866365166669,2015
2015-12-29,0.0069355017398318,2015
2015-12-30,-0.0047354043851025,2015
2015-12-31,0.0,2015
2016-01-04,0.0,2016
2016-01-05,0.0,2016
2016-01-06,-0.0077953235557087,2016
2016-01-07,-0.0122217679158439,2016
2016-01-08,0.004418663945882,2016
2016-01-11,0.0021997335316057,2016
2016-01-12,-0.0065844746897322,2016
2016-01-13,-0.0088378743803654,2016
2016-01-14,0.0213999925259891,2016
2016-01-15,-0.0161501419069324,2016
2016-01-19,0.0110910114761781,2016
2016-01-20,-0.0236946021552211,2016
2016-01-21,0.0053935739063026,2016
2016-01-22,0.022351148673128,2016
2016-01-25,-0.018801830127234,2016
2016-01-26,0.0120319603079046,2016
2016-01-27,0.0017614213449825,2016
2016-01-28,0.0162637890977377,2016
2016-01-29,0.025086639996624,2016
2016-02-01,0.0054849809206711,2016
2016-02-02,0.0016784622637766,2016
2016-02-03,0.0192713537117703,2016
2016-02-04,-0.0004110485420202,2016
2016-02-05,0.0016448702896152,2016
2016-02-08,-0.0106735352868934,2016
2016-02-09,0.002074743448063,2016
2016-02-10,-0.0057970034837099,2016
2016-02-11,-0.0237404324142422,2016
2016-02-12,-0.0017063892047023,2016
2016-02-16,0.0102565403502021,2016
2016-02-17,0.003384137243215,2016
2016-02-18,0.0118044163328798,2016
2016-02-19,-0.0050001769173576,2016
2016-02-22,0.0071191619505768,2016
2016-02-23,-0.003326673206808,2016
2016-02-24,0.0116813019256079,2016
2016-02-25,0.0074227177525656,2016
2016-02-26,-0.020875982664207,2016
2016-02-29,0.0033446387661453,2016
2016-03-01,0.0016665729596303,2016
2016-03-02,0.0079036793029279,2016
2016-03-03,0.0070159841988652,2016
2016-03-04,0.0073769724610373,2016
2016-03-07,0.0073231748665436,2016
2016-03-08,0.0008075979920156,2016
2016-03-09,0.0068604853500318,2016
2016-03-10,0.0020040605522808,2016
2016-03-11,0.0047999496963864,2016
2016-03-14,0.0,2016
2016-03-15,-0.0011942550598844,2016
2016-03-16,0.0103625495782357,2016
2016-03-17,0.0114399050749041,2016
2016-03-18,-0.0027299022748792,2016
2016-03-21,-0.0027379124347376,2016
2016-03-22,-0.0007842697706951,2016
2016-03-23,-0.0027472604514218,2016
2016-03-24,0.0059031270674598,2016
2016-03-28,-0.0035210907941023,2016
2016-03-29,0.015704949373523,2016
2016-03-30,-0.0027059502541555,2016
2016-03-31,0.004263486331332,2016
2016-04-01,0.0034736327841184,2016
2016-04-04,-0.006538358805031,2016
2016-04-05,-0.0201317746335851,2016
2016-04-06,0.0003950243008352,2016
2016-04-07,-0.0015794732730155,2016
2016-04-08,0.0071201783392904,2016
2016-04-11,-0.0031423309357736,2016
2016-04-12,0.0078802117718932,2016
2016-04-13,-0.0031274827953529,2016
2016-04-14,-0.0015684317676138,2016
2016-04-15,0.0047131186028883,2016
2016-04-18,0.0035185524406666,2016
2016-04-19,0.0042849702185789,2016
2016-04-20,-0.0190067158967479,2016
2016-04-21,-0.017003168234846,2016
2016-04-22,0.0092521217265395,2016
2016-04-25,0.0011956830103696,2016
2016-04-26,0.0059713847035138,2016
2016-04-27,0.0162247837331717,2016
2016-04-28,-0.0046731692428474,2016
2016-04-29,0.0043038421371175,2016
2016-05-02,0.0058432288017147,2016
2016-05-03,-0.0050347339378022,2016
2016-05-04,0.0089527710810377,2016
2016-05-05,-0.0019288511365239,2016
2016-05-06,-0.0003866857304147,2016
2016-05-09,0.0,2016
2016-05-10,0.0038672904067287,2016
2016-05-11,0.0007700549614289,2016
2016-05-12,0.0034645908176706,2016
2016-05-13,-0.0042194346362389,2016
2016-05-16,0.0026962510053112,2016
2016-05-17,-0.0107566366131491,2016
2016-05-18,-0.0143692421907034,2016
2016-05-19,0.0078802117718932,2016
2016-05-20,0.0050820789649117,2016
2016-05-23,-0.007779065725377,2016
2016-05-24,0.0117601887628693,2016
2016-05-25,-0.0046493125269925,2016
2016-05-26,0.0081743018060229,2016
2016-05-27,0.0038609993544309,2016
2016-05-31,0.0073077578017788,2016
2016-06-01,0.0038182465531424,2016
2016-06-02,0.0015216146426244,2016
2016-06-03,0.0155716016871401,2016
2016-06-06,0.0014958020624473,2016
2016-06-07,-0.0003735459288574,2016
2016-06-08,0.0059768124029919,2016
2016-06-09,0.0051985757773984,2016
2016-06-10,-0.0084964717155004,2016
2016-06-13,-0.0037254713436977,2016
2016-06-14,0.0018697011900536,2016
2016-06-15,-0.0070922618781998,2016
2016-06-16,0.004887202159159,2016
2016-06-17,0.0041151497554661,2016
2016-06-20,-0.0022352418489699,2016
2016-06-21,0.0037339199509547,2016
2016-06-22,-0.0078123178836655,2016
2016-06-23,0.0059991189586194,2016
2016-06-24,-0.0048453067473633,2016
2016-06-27,0.0093634396737529,2016
2016-06-28,0.0081630101600918,2016
2016-06-29,0.0062571070155461,2016
2016-06-30,0.0190198887881225,2016
2016-07-01,0.0,2016
2016-07-05,0.0032302066243206,2016
2016-07-06,0.0032201009657844,2016
2016-07-07,-0.0153353052511303,2016
2016-07-08,0.0097790645104713,2016
2016-07-11,0.0010759305320497,2016
2016-07-12,-0.0085986855359524,2016
2016-07-13,0.0061435414549253,2016
2016-07-14,-0.0068247741988471,2016
2016-07-15,0.0028934453538291,2016
2016-07-18,0.0014424000807917,2016
2016-07-19,-0.004321264570351,2016
2016-07-20,-0.0047015132467734,2016
2016-07-21,0.0043606198459433,2016
2016-07-22,0.0115772696268809,2016
2016-07-25,-0.0025038783378942,2016
2016-07-26,-0.0068121465740761,2016
2016-07-27,-0.011913432509747,2016
2016-07-28,0.0032883384527548,2016
2016-07-29,0.0047342432586774,2016
2016-08-01,-0.0025372575027496,2016
2016-08-02,-0.0061772285487682,2016
2016-08-03,-0.0018282015105322,2016
2016-08-04,-0.0036628985702454,2016
2016-08-05,-0.0132355596392825,2016
2016-08-08,-0.0022352418489699,2016
2016-08-09,-0.0037343304409863,2016
2016-08-10,0.0007496861886542,2016
2016-08-11,0.0037454170415034,2016
2016-08-12,0.0014923508941184,2016
2016-08-15,-0.0108047269989466,2016
2016-08-16,-0.0109227442688508,2016
2016-08-17,0.0125666166103468,2016
2016-08-18,0.0112826312407019,2016
2016-08-19,-0.0100409045879509,2016
2016-08-22,0.0018782329392894,2016
2016-08-23,-0.0022497984167016,2016
2016-08-24,-0.0015032131891956,2016
2016-08-25,-0.0003762914850242,2016
2016-08-26,-0.0184485346683224,2016
2016-08-29,0.0069042035693258,2016
2016-08-30,-0.0099049384296807,2016
2016-08-31,0.0019240792340819,2016
2016-09-01,-0.0038401352923166,2016
2016-09-02,0.0119504585381129,2016
2016-09-06,0.0121904196354976,2016
2016-09-07,0.0037637423191492,2016
2016-09-08,0.0048743743189318,2016
2016-09-09,-0.0358207283878303,2016
2016-09-12,0.0143186632709428,2016
2016-09-13,-0.0156428973170302,2016
2016-09-14,0.0046511147325742,2016
2016-09-15,0.0073303128943889,2016
2016-09-16,0.0072768651683772,2016
2016-09-19,0.0110265719463913,2016
2016-09-20,0.001504550653343,2016
2016-09-21,0.0191511321461348,2016
2016-09-22,0.0058954317289867,2016
2016-09-23,-0.0040294300299899,2016
2016-09-26,-0.001838858838146,2016
2016-09-27,-0.0103167017418863,2016
2016-09-28,-0.0007448666867685,2016
2016-09-29,-0.0137852883815241,2016
2016-09-30,-0.0049112042069634,2016
2016-10-03,-0.0136674934661693,2016
2016-10-04,-0.0215549974702097,2016
2016-10-05,0.0,2016
2016-10-06,-0.0007867379145402,2016
2016-10-07,0.0027558048535274,2016
2016-10-10,0.0106009217526659,2016
2016-10-11,-0.0124321670685091,2016
2016-10-12,0.0078677034842424,2016
2016-10-13,0.0109291006707636,2016
2016-10-14,-0.0042471311226661,2016
2016-10-17,0.0050406970511553,2016
2016-10-18,0.0084876023708158,2016
2016-10-19,-0.0007649629314692,2016
2016-10-20,-0.0019139765849043,2016
2016-10-21,-0.0038361371711571,2016
2016-10-24,0.0026955310292426,2016
2016-10-25,0.0026880735968588,2016
2016-10-26,0.0003830261422972,2016
2016-10-27,-0.0042114639527219,2016
2016-10-28,0.0026912802246006,2016
2016-10-31,0.0168710628531445,2016
2016-11-01,-0.0165911524769006,2016
2016-11-02,-0.0210888812549131,2016
2016-11-03,0.0058755952347633,2016
2016-11-04,0.0011679980103151,2016
2016-11-07,0.0175029513288356,2016
2016-11-08,0.0072631672943686,2016
2016-11-09,-0.0383303606898924,2016
2016-11-10,-0.0232831797403951,2016
2016-11-11,-0.0048486563205865,2016
2016-11-14,0.0008121954964266,2016
2016-11-15,0.0154156233516886,2016
2016-11-16,-0.0043946446931137,2016
2016-11-17,0.0032104235154175,2016
2016-11-18,-0.0028002271577513,2016
2016-11-21,0.0096270772544011,2016
2016-11-22,0.0047677493735682,2016
2016-11-23,-0.0071172540298415,2016
2016-11-25,0.0111505244183132,2016
2016-11-28,0.0161481035690203,2016
2016-11-29,-0.0003876284012421,2016
2016-11-30,-0.0252036983795559,2016
2016-12-01,-0.0087508325862422,2016
2016-12-02,0.007624797204921,2016
2016-12-05,0.0023891322882543,2016
2016-12-06,-0.001986434854425,2016
2016-12-07,0.011942550598845,2016
2016-12-08,0.003540482784851,2016
2016-12-09,0.0086687249133676,2016
2016-12-12,0.0071286367326013,2016
2016-12-13,0.0102241423339239,2016
2016-12-14,-0.0210198391698972,2016
2016-12-15,0.0067594788133762,2016
2016-12-16,0.0118485345662406,2016
2016-12-19,0.0054642111014959,2016
2016-12-20,-0.0011646886501954,2016
2016-12-21,-0.0034978257551999,2016
2016-12-22,0.0015600459935889,2016
2016-12-23,0.0003895090274939,2016
2016-12-27,0.0007785047858204,2016
2016-12-28,-0.0093350000403844,2016
2016-12-29,0.0121761365892396,2016
2016-12-30,-0.0050446833792725,2016
2017-01-03,0.0,2017
2017-01-04,0.0070366494883331,2017
2017-01-05,-0.001164545288913,2017
2017-01-06,0.0069957325308633,2017
2017-01-09,-0.0111925499391133,2017
2017-01-10,-0.0011712244740985,2017
2017-01-11,0.0097696120703731,2017
2017-01-12,-0.001548093718562,2017
2017-01-13,-0.0003874406535584,2017
2017-01-17,0.0124079236609144,2017
2017-01-18,-0.0022980758647932,2017
2017-01-19,-0.0092127523326553,2017
2017-01-20,0.0027118683722344,2017
2017-01-23,-0.0057959360115831,2017
2017-01-24,0.002331910843621,2017
2017-01-25,0.0023264856864213,2017
2017-01-26,0.0,2017
2017-01-27,-0.0011606992853409,2017
2017-01-30,0.0007746987158063,2017
2017-01-31,0.0158670477626399,2017
2017-02-01,-0.0133335003863442,2017
2017-02-02,0.0084942182194627,2017
2017-02-03,0.0038284882667851,2017
2017-02-06,-0.0030510066625554,2017
2017-02-07,0.0007650086014481,2017
2017-02-08,0.0107033760471539,2017
2017-02-09,-0.006807874503704,2017
2017-02-10,0.0083776676560105,2017
2017-02-13,0.0045319311996729,2017
2017-02-14,-0.004511485457969,2017
2017-02-15,-0.0015104740589798,2017
2017-02-16,0.0075643050041156,2017
2017-02-17,0.0026274787628577,2017
2017-02-21,0.0112320653625299,2017
2017-02-22,0.0007401677753546,2017
2017-02-23,0.0085090247443693,2017
2017-02-24,0.0132064765284782,2017
2017-02-27,-0.0054309989167087,2017
2017-02-28,0.0080087458421185,2017
2017-03-01,-0.0072228322108526,2017
2017-03-02,0.0058204029182329,2017
2017-03-03,-0.0018083688635696,2017
2017-03-06,-0.0025361857723357,2017
2017-03-07,-0.000363289436023,2017
2017-03-08,-0.0130814094444323,2017
2017-03-09,-0.0011047156270412,2017
2017-03-10,0.0084777601757417,2017
2017-03-13,0.0,2017
2017-03-14,-0.0025584332921477,2017
2017-03-15,0.0179553647685408,2017
2017-03-16,-0.0089992411436023,2017
2017-03-17,0.0058117496812404,2017
2017-03-20,-0.0065003542780215,2017
2017-03-21,0.0105414840528867,2017
2017-03-22,0.0025178428414183,2017
2017-03-23,-0.0021529518596946,2017
2017-03-24,0.0046748259469222,2017
2017-03-27,-0.0053687010412248,2017
2017-03-28,0.0014391742732757,2017
2017-03-29,-0.0014371060272533,2017
2017-03-30,-0.007196744416288,2017
2017-03-31,0.0036244076408227,2017
2017-04-03,-0.0018055620189038,2017
2017-04-04,0.0065121123006544,2017
2017-04-05,0.0032352317875403,2017
2017-04-06,-0.0007165897629372,2017
2017-04-07,-0.0050197254244119,2017
2017-04-10,0.0039638222892655,2017
2017-04-11,-0.0007178759232892,2017
2017-04-12,0.0064656215854852,2017
2017-04-13,-0.0049964364083614,2017
2017-04-17,0.0053801582371042,2017
2017-04-18,0.0024973751449477,2017
2017-04-19,-0.0078291897567117,2017
2017-04-20,-0.0025110048031947,2017
2017-04-21,0.0046748259469222,2017
2017-04-24,0.0053685080717214,2017
2017-04-25,-0.0007121899452138,2017
2017-04-26,-0.0014247227768946,2017
2017-04-27,0.0032108009864089,2017
2017-04-28,-0.0039117631099763,2017
2017-05-01,-0.0074972825610969,2017
2017-05-02,0.0007193282571784,2017
2017-05-03,-0.0068294815692953,2017
2017-05-04,0.000361974597774,2017
2017-05-05,0.0065121123006544,2017
2017-05-08,-0.0007188111959737,2017
2017-05-09,-0.0093524309910817,2017
2017-05-10,0.004357302740136,2017
2017-05-11,-0.0003615819825745,2017
2017-05-12,0.0043397732831147,2017
2017-05-15,0.0039612595302578,2017
2017-05-16,-0.0068149766850462,2017
2017-05-17,0.0,2017
2017-05-18,0.0025281373076078,2017
2017-05-19,0.0064840590423247,2017
2017-05-22,0.0078738311354749,2017
2017-05-23,0.0028411040883926,2017
2017-05-24,0.0088526527840795,2017
2017-05-25,0.007019730792515,2017
2017-05-26,0.0,2017
2017-05-30,0.0020915117921556,2017
2017-05-31,0.0038262320906159,2017
2017-06-01,0.0079694694536676,2017
2017-06-02,0.0013749517650203,2017
2017-06-05,-0.0048058623543496,2017
2017-06-06,0.0006899867303091,2017
2017-06-07,0.0006892321988616,2017
2017-06-08,-0.0068895249523455,2017
2017-06-09,-0.0006937226283924,2017
2017-06-12,-0.0020826126406924,2017
2017-06-13,0.0034782649463656,2017
2017-06-14,0.003466208554653,2017
2017-06-15,0.0051815859778248,2017
2017-06-16,0.0075599591834276,2017
2017-06-19,-0.0037516634881791,2017
2017-06-20,-0.002054093244777,2017
2017-06-21,-0.0072042630193649,2017
2017-06-22,0.002073443822611,2017
2017-06-23,0.0003449673759026,2017
2017-06-26,0.0089623417353932,2017
2017-06-27,-0.010591197248477,2017
2017-06-28,-0.0075968797415919,2017
2017-06-29,-0.0073065706514596,2017
2017-06-30,0.0,2017
2017-07-03,-0.0031547189964313,2017
2017-07-05,-0.0049228393394152,2017
2017-07-06,-0.0021198583979551,2017
2017-07-07,0.000354060290673,2017
2017-07-10,0.0017696748817623,2017
2017-07-11,0.0,2017
2017-07-12,0.0144876994582996,2017
2017-07-13,-0.0006967161663784,2017
2017-07-14,0.0076684694003057,2017
2017-07-17,0.0010375644584705,2017
2017-07-18,0.0034554292016604,2017
2017-07-19,0.0055097413523015,2017
2017-07-20,0.0071918349500652,2017
2017-07-21,0.0071402984593058,2017
2017-07-24,-0.0043888860877325,2017
2017-07-25,-0.0027126956808857,2017
2017-07-26,0.0068004151928919,2017
2017-07-27,0.0,2017
2017-07-28,0.0006753571481246,2017
2017-07-31,0.003712412325602,2017
2017-08-01,0.0057160778967444,2017
2017-08-02,0.0003344719741147,2017
2017-08-03,0.0030081600632716,2017
2017-08-04,0.0006662655479179,2017
2017-08-07,0.0013321824856604,2017
2017-08-08,0.0023278591378961,2017
2017-08-09,-0.0053084763087185,2017
2017-08-10,-0.0003337808322401,2017
2017-08-11,-0.0030029616748871,2017
2017-08-14,0.0087015729829005,2017
2017-08-15,0.003317853594243,2017
2017-08-16,0.0039682582133155,2017
2017-08-17,-0.0102108589659235,2017
2017-08-18,0.0076538738776723,2017
2017-08-21,0.0046235192216625,2017
2017-08-22,0.003616090552827,2017
2017-08-23,0.0019653705210844,2017
2017-08-24,-0.0003270367378318,2017
2017-08-25,-0.0003271437258487,2017
2017-08-28,0.0029441106631462,2017
2017-08-29,-0.0009784308231032,2017
2017-08-30,-0.0048972094715936,2017
2017-08-31,0.0032809324017899,2017
2017-09-01,-0.0013081341276933,2017
2017-09-05,-0.001964638970115,2017
2017-09-06,-0.0059055191233535,2017
2017-09-07,0.0062707683279312,2017
2017-09-08,0.0013119069927083,2017
2017-09-11,0.0094987316216708,2017
2017-09-12,-0.0142764613500001,2017
2017-09-13,-0.0052665405853543,2017
2017-09-14,0.0082726320987795,2017
2017-09-15,0.0022973001547488,2017
2017-09-18,-0.008840566418382,2017
2017-09-19,-0.0003304939883224,2017
2017-09-20,-0.0066093923929181,2017
2017-09-21,-0.0003327131953964,2017
2017-09-22,-0.003993348903991,2017
2017-09-25,0.0056799712425672,2017
2017-09-26,-0.0003322710511398,2017
2017-09-27,-0.0106349534706227,2017
2017-09-28,0.0043669537914259,2017
2017-09-29,0.0003343133125219,2017
2017-10-02,0.002006110805671,2017
2017-10-03,-0.0003336224307969,2017
2017-10-04,0.0073431327550474,2017
2017-10-05,-0.0029820661569389,2017
2017-10-06,-0.0033233669653829,2017
2017-10-09,0.0023341589378234,2017
2017-10-10,0.007651417012944,2017
2017-10-11,0.0046216361886155,2017
2017-10-12,0.0019720068926336,2017
2017-10-13,-0.0091833489489581,2017
2017-10-16,-0.0019860995341317,2017
2017-10-17,0.0049749958199698,2017
2017-10-18,-0.003630234103524,2017
2017-10-19,0.0052998633445511,2017
2017-10-20,0.0006588904331294,2017
2017-10-23,-0.0016463189853768,2017
2017-10-24,0.0016490338210639,2017
2017-10-25,-0.0029634984442653,2017
2017-10-26,0.000990709604657,2017
2017-10-27,0.0085779484129515,2017
2017-10-30,-0.0009813114317226,2017
2017-10-31,0.0019649037819453,2017
2017-11-01,-0.0058825348366174,2017
2017-11-02,-0.0013150145255091,2017
2017-11-03,0.0108625560775075,2017
2017-11-06,0.0,2017
2017-11-07,0.0097688156685886,2017
2017-11-08,-0.0016124283207021,2017
2017-11-09,-0.0019379866898269,2017
2017-11-10,0.0,2017
2017-11-13,0.01262124267449,2017
2017-11-14,0.0092682775953258,2017
2017-11-15,-0.0069663568193777,2017
2017-11-16,-0.0022323600659504,2017
2017-11-17,-0.0057524715019223,2017
2017-11-20,-0.003214403996034,2017
2017-11-21,0.0019346879597383,2017
2017-11-22,0.0016094883284765,2017
2017-11-24,0.0006425009390198,2017
2017-11-27,0.0016056105557704,2017
2017-11-28,0.0044886237722037,2017
2017-11-29,-0.0009575068476624,2017
2017-11-30,0.0028753597644797,2017
2017-12-01,-0.001911439143546,2017
2017-12-04,-0.0092561863434983,2017
2017-12-05,-0.009665046214373,2017
2017-12-06,0.0032530944298903,2017
2017-12-07,0.0025940368969319,2017
2017-12-08,0.006131340150099,2017
2017-12-11,0.0076591290272125,2017
2017-12-12,-0.0145408614304614,2017
2017-12-13,-0.0013412588320629,2017
2017-12-14,0.0,2017
2017-12-15,0.0033578253224786,2017
2017-12-18,-0.0080320029512888,2017
2017-12-19,-0.0161943401590172,2017
2017-12-20,-0.0054869117722256,2017
2017-12-21,-0.0103448659544562,2017
2017-12-22,0.0052264097533536,2017
2017-12-26,-0.0027727998089229,2017
2017-12-27,0.0013903904770371,2017
2017-12-28,0.0062477989179008,2017
2017-12-29,0.0017247090103345,2017
2017-12-30,0.0,2017
2018-01-02,0.0,2018
2018-01-03,-0.0058558771351335,2018
2018-01-04,-0.0076231187233295,2018
2018-01-05,0.0024440460733441,2018
2018-01-08,0.006269470867354,2018
2018-01-09,-0.0076149349319883,2018
2018-01-10,-0.0090686980608412,2018
2018-01-11,0.0063357656264082,2018
2018-01-12,-0.0013992353492376,2018
2018-01-16,-0.0042030409771202,2018
2018-01-17,0.0052760450147086,2018
2018-01-18,-0.0024492685018334,2018
2018-01-19,0.0014029792521357,2018
2018-01-22,0.0003504584945033,2018
2018-01-23,0.0098038420666546,2018
2018-01-24,-0.0045076210981607,2018
2018-01-25,0.0125390323732925,2018
2018-01-26,0.0061921893588585,2018
2018-01-29,-0.0119660928526742,2018
2018-01-30,-0.0031139469761902,2018
2018-01-31,0.0114542538887632,2018
2018-02-01,-0.0099518926072178,2018
2018-02-02,-0.0107451056583565,2018
2018-02-05,-0.022424796457753,2018
2018-02-06,-0.0107528215582101,2018
2018-02-07,-0.0039853780843427,2018
2018-02-08,-0.0214624175063974,2018
2018-02-09,0.0197025869107438,2018
2018-02-12,0.0091141750790229,2018
2018-02-13,0.0036126676515921,2018
2018-02-14,-0.0028795994695489,2018
2018-02-15,0.0209383973360643,2018
2018-02-16,0.0060115471836659,2018
2018-02-20,-0.0080843939530862,2018
2018-02-21,-0.0159463803410567,2018
2018-02-22,0.0061219504218628,2018
2018-02-23,0.0254114537395697,2018
2018-02-26,-0.0031412097490493,2018
2018-02-27,-0.0147061731157747,2018
2018-02-28,-0.0071070404217432,2018
2018-03-01,0.0035791422687863,2018
2018-03-02,-0.0003566470499961,2018
2018-03-05,0.0185513348353194,2018
2018-03-06,-0.0059543308375584,2018
2018-03-07,-0.0052854319382469,2018
2018-03-08,0.0095642000477123,2018
2018-03-09,0.0031580164147095,2018
2018-03-12,0.0020985344572967,2018
2018-03-13,0.0034902633306359,2018
2018-03-14,0.0086959882507535,2018
2018-03-15,0.0020685961300481,2018
2018-03-16,0.0092913916903651,2018
2018-03-19,-0.0081827075048491,2018
2018-03-20,-0.0037813343724376,2018
2018-03-21,-0.0006902473800994,2018
2018-03-22,0.0034528120479113,2018
2018-03-23,-0.0137642619191021,2018
2018-03-26,0.0115141112600984,2018
2018-03-27,0.0082788560726752,2018
2018-03-28,0.0013683315204646,2018
2018-03-29,0.0061497001963366,2018
2018-04-02,-0.0084890255540239,2018
2018-04-03,0.0051370058339945,2018
2018-04-04,0.0006814572261464,2018
2018-04-05,0.006128584018882,2018
2018-04-06,-0.0098138130109416,2018
2018-04-09,0.0044430965872581,2018
2018-04-10,-0.0013611478656549,2018
2018-04-11,-0.0010220971770771,2018
2018-04-12,-0.0105728615243321,2018
2018-04-13,0.0062044564301269,2018
2018-04-16,0.0126756173776112,2018
2018-04-17,0.0108255050631762,2018
2018-04-18,-0.002342707239453,2018
2018-04-19,-0.0023480338162961,2018
2018-04-20,-0.0087425944845249,2018
2018-04-23,0.0037315751600708,2018
2018-04-24,0.0040551395558632,2018
2018-04-25,0.0003365999793467,2018
2018-04-26,0.0084119928314232,2018
2018-04-27,0.005672122558691,2018
2018-04-30,-0.0016587300251115,2018
2018-05-01,-0.0016618319085044,2018
2018-05-02,-0.002995860940562,2018
2018-05-03,0.0,2018
2018-05-04,0.0086812079542681,2018
2018-05-07,-0.0013241156325408,2018
2018-05-08,-0.0218760991784807,2018
2018-05-09,-0.0013555248351073,2018
2018-05-10,0.0139124591552144,2018
2018-05-11,0.0030121641372105,2018
2018-05-14,-0.0023358454684797,2018
2018-05-15,-0.0060200378986237,2018
2018-05-16,-0.0047106389342538,2018
2018-05-17,-0.007437392431317,2018
2018-05-18,0.0020437639717179,2018
2018-05-21,0.0067980030910146,2018
2018-05-22,0.0033759632854877,2018
2018-05-23,0.0050472132105228,2018
2018-05-24,0.0050218667781785,2018
2018-05-25,0.0046635629412832,2018
2018-05-29,0.0,2018
2018-05-30,0.0102783906601218,2018
2018-05-31,0.0013127317040633,2018
2018-06-01,-0.0121272967421669,2018
2018-06-04,-0.006303726660079,2018
2018-06-05,-0.0020033289476211,2018
2018-06-06,-0.0157242297466735,2018
2018-06-07,0.0040788372350766,2018
2018-06-08,-0.0010156991141571,2018
2018-06-11,0.0003387930273537,2018
2018-06-12,0.0105014950944979,2018
2018-06-13,-0.0016762292718744,2018
2018-06-14,0.0080592351599708,2018
2018-06-15,0.0059958856626125,2018
2018-06-18,0.0013243818790091,2018
2018-06-19,0.0079365557435711,2018
2018-06-20,0.0016405684856664,2018
2018-06-21,0.0009823367750492,2018
2018-06-22,0.0071992311828057,2018
2018-06-25,0.0103962530541159,2018
2018-06-26,0.0038585857402602,2018
2018-06-27,0.0032030313272433,2018
2018-06-28,0.000638594168919,2018
2018-06-29,0.0009572799399908,2018
2018-07-02,0.0063754310649464,2018
2018-07-03,0.0015838430370749,2018
2018-07-05,0.0034788622823334,2018
2018-07-06,0.006618186225942,2018
2018-07-09,-0.0266122831800929,2018
2018-07-10,0.0077194857336657,2018
2018-07-11,0.0044685662115262,2018
2018-07-12,0.0006353849553013,2018
2018-07-13,0.0,2018
2018-07-16,-0.0006349814976109,2018
2018-07-17,-0.0012710179786489,2018
2018-07-18,-0.0057270668322005,2018
2018-07-19,0.008319986996325,2018
2018-07-20,-0.0069818488611654,2018
2018-07-23,-0.0067115009333195,2018
2018-07-24,0.0,2018
2018-07-25,0.0009654555952383,2018
2018-07-26,0.0112501636328885,2018
2018-07-27,-0.0034962246927362,2018
2018-07-30,-0.0028709232508011,2018
2018-07-31,0.0089571444756604,2018
2018-08-01,-0.003804755916018,2018
2018-08-02,0.005092162307166,2018
2018-08-03,0.0079165432706704,2018
2018-08-06,0.0021990224005479,2018
2018-08-07,-0.0031347540444143,2018
2018-08-08,-0.0028299704368209,2018
2018-08-09,0.0056764141140679,2018
2018-08-10,-0.0050172760073822,2018
2018-08-13,-0.0015758562582898,2018
2018-08-14,0.0034723557017011,2018
2018-08-15,0.0028311055546592,2018
2018-08-16,0.013487862026126,2018
2018-08-17,0.0049521373393184,2018
2018-08-20,-0.001540022225175,2018
2018-08-21,-0.0049352547805414,2018
2018-08-22,-0.0061993830785412,2018
2018-08-23,-0.0018716438209618,2018
2018-08-24,0.0056251350417053,2018
2018-08-27,-0.0031075584451291,2018
2018-08-28,0.0003117326584614,2018
2018-08-29,0.0065439402827538,2018
2018-08-30,0.0012383572185648,2018
2018-08-31,-0.0043289297857872,2018
2018-09-04,0.0031055478979122,2018
2018-09-05,0.0080496038964867,2018
2018-09-06,0.0003069772712942,2018
2018-09-07,-0.0082897576958059,2018
2018-09-10,0.0055727283303197,2018
2018-09-11,-0.0009233604423413,2018
2018-09-12,0.0012324722146441,2018
2018-09-13,0.0067714143857475,2018
2018-09-14,-0.0030572067350036,2018
2018-09-17,0.0024533293668089,2018
2018-09-18,-0.0015295782949058,2018
2018-09-19,-0.0186888840858829,2018
2018-09-20,0.0024977546287552,2018
2018-09-21,0.0043601799406924,2018
2018-09-24,-0.0086823412288722,2018
2018-09-25,-0.0118861929320662,2018
2018-09-26,-0.0082304397931722,2018
2018-09-27,0.0098946348633217,2018
2018-09-28,0.0158027315889484,2018
2018-10-01,-0.0031111837282483,2018
2018-10-02,0.0121723451776649,2018
2018-10-03,-0.0104841999580818,2018
2018-10-04,0.0040511805577068,2018
2018-10-05,0.0117936414403483,2018
2018-10-08,0.007362167204395,2018
2018-10-09,0.0033493851945907,2018
2018-10-10,-0.0069800683088409,2018
2018-10-11,-0.017726363695216,2018
2018-10-12,0.0021778933822451,2018
2018-10-15,0.0031047457853055,2018
2018-10-16,0.0120707089214904,2018
2018-10-17,-0.0027523195689237,2018
2018-10-18,-0.0003068257681296,2018
2018-10-19,0.0125767728897019,2018
2018-10-22,-0.0115116329943701,2018
2018-10-23,-0.0058229267242709,2018
2018-10-24,0.0123306101324123,2018
2018-10-25,-0.0106578262570119,2018
2018-10-26,-0.0175438933726496,2018
2018-10-29,0.0097119085787629,2018
2018-10-30,0.0055847500555892,2018
2018-10-31,-0.0074051657994694,2018
2018-11-01,0.0,2018
2018-11-02,-0.0021759432086911,2018
2018-11-05,0.01277251003299,2018
2018-11-06,0.0049215923879968,2018
2018-11-07,0.01254990502682,2018
2018-11-08,-0.0030230906543311,2018
2018-11-09,-0.0084898474213502,2018
2018-11-12,-0.0076451552936592,2018
2018-11-13,0.0018486682259215,2018
2018-11-14,-0.0156873656209409,2018
2018-11-15,-0.0137500409648529,2018
2018-11-16,0.0215463486642237,2018
2018-11-19,0.0024814849133401,2018
2018-11-20,-0.0105199636073783,2018
2018-11-21,-0.0087554023002348,2018
2018-11-23,0.0,2018
2018-11-26,0.0085173490183176,2018
2018-11-27,0.0081326925939875,2018
2018-11-28,-0.0009309262417369,2018
2018-11-29,-0.0021737542249933,2018
2018-11-30,0.0133829957935014,2018
2018-12-03,0.0110563766436091,2018
2018-12-04,-0.0012147975110879,2018
2018-12-06,0.0006082958061937,2018
2018-12-07,0.0035792177575773,2018
2018-12-10,0.0020188776408514,2018
2018-12-11,0.0026864395328121,2018
2018-12-12,-0.0010047843549529,2018
2018-12-13,0.0067048809598593,2018
2018-12-14,0.0009987061435872,2018
2018-12-17,-0.0312706882171136,2018
2018-12-18,-0.0085852065176849,2018
2018-12-19,-0.0003461970373095,2018
2018-12-20,-0.0006932019942401,2018
2018-12-21,-0.0086685585585366,2018
2018-12-24,-0.0395243708099363,2018
2018-12-26,0.0178443357310482,2018
2018-12-27,0.0082288155620997,2018
2018-12-28,0.0024842131896616,2018
2018-12-29,0.0,2018
2018-12-30,0.0,2018
2019-01-02,,2019
2019-01-03,0.0003580552826965011,2019
2019-01-04,0.01825999635927089,2019
2019-01-07,-0.007383975391169084,2019
2019-01-08,0.012043793119985713,2019
2019-01-09,-0.005249991707110047,2019
2019-01-10,0.01337072239092607,2019
2019-01-11,-0.0062499958027240066,2019
2019-01-14,-0.025157300176929742,2019
2019-01-15,0.010394167460556547,2019
2019-01-16,0.0028379510321159263,2019
2019-01-17,0.0038910435956975853,2019
2019-01-18,0.0017618551460660825,2019
2019-01-22,-0.0007035195963754903,2019
2019-01-23,0.010911762673544434,2019
2019-01-24,0.003481826267627275,2019
2019-01-25,-0.009715487938688483,2019
2019-01-28,-0.005255848735919444,2019
2019-01-29,0.0028179583252823104,2019
2019-01-30,0.0056197398265454,2019
2019-01-31,0.017464454143869546,2019
2019-02-01,-0.002059675566033148,2019
2019-02-04,0.0013760619445768452,2019
2019-02-05,0.001030503672788896,2019
2019-02-06,-0.0017159039790686226,2019
2019-02-07,0.012375544777285308,2019
2019-02-08,0.0037348904242782144,2019
2019-02-11,-0.0013531701230505844,2019
2019-02-12,0.0027103349393819975,2019
2019-02-13,-0.0006757113816406868,2019
2019-02-14,-0.0006764134720378401,2019
2019-02-15,0.004736381686067048,2019
2019-02-19,0.006060519725464619,2019
2019-02-20,0.0033467357573992995,2019
2019-02-21,0.005336851451183344,2019
2019-02-22,0.0033177853089216836,2019
2019-02-25,-0.005621551837719396,2019
2019-02-26,-0.0013302998915322162,2019
2019-02-27,0.0016650496797785408,2019
2019-02-28,0.0009971923173031083,2019
2019-03-01,0.004649704440379709,2019
2019-03-04,0.0009916682444539582,2019
2019-03-05,-0.001320994259563335,2019
2019-03-06,-0.0006614907189830266,2019
2019-03-07,0.003640287178121815,2019
2019-03-08,0.002637632568138315,2019
2019-03-11,0.008549714984325218,2019
2019-03-12,0.0071731983033545,2019
2019-03-13,0.0016185368489498586,2019
2019-03-14,-0.0012928152758021616,2019
2019-03-15,0.0035598637895761787,2019
2019-03-18,-0.0019348844113555863,2019
2019-03-19,-0.011308498469120076,2019
2019-03-20,0.0019608092553231593,2019
2019-03-21,0.011089245193736552,2019
2019-03-22,0.004193654123866519,2019
2019-03-25,-0.00032121173242938283,2019
2019-03-26,0.005784057402883347,2019
2019-03-27,-0.004792470339029853,2019
2019-03-28,-0.01091480912006526,2019
2019-03-29,0.006815820078671431,2019
2019-04-01,-0.0029013912758428795,2019
2019-04-02,0.0016165222471324903,2019
2019-04-03,0.0006456901896685352,2019
2019-04-04,-0.004516212907202166,2019
2019-04-05,0.009073403235207556,2019
2019-04-08,-0.005780575694284695,2019
2019-04-09,-0.0006457949689213649,2019
2019-04-10,-0.0012928152758021616,2019
2019-04-11,0.004854352600287326,2019
2019-04-12,0.010305959962629174,2019
2019-04-15,-0.00031890841764081745,2019
2019-04-16,-0.013392721542066388,2019
2019-04-17,-0.004201630111523635,2019
2019-04-18,0.00032446944537545264,2019
2019-04-22,-0.0009733279280478291,2019
2019-04-23,0.003572581693783272,2019
2019-04-24,0.00614876317051416,2019
2019-04-25,0.002251608611246292,2019
2019-04-26,0.0028883552583087724,2019
2019-04-29,-0.005759996014196966,2019
2019-04-30,0.013517957231821143,2019
2019-05-01,-0.01174980800603509,2019
2019-05-02,-0.0035347751176070252,2019
2019-05-03,0.006449562729220704,2019
2019-05-06,-0.00640823243216615,2019
2019-05-07,-0.0038696128968177534,2019
2019-05-08,-0.013273097882659513,2019
2019-05-09,-0.0013123263814802666,2019
2019-05-10,0.014783369842688021,2019
2019-05-13,0.006798167828809598,2019
2019-05-14,-0.005787699963743287,2019
2019-05-15,-0.0006468648206559013,2019
2019-05-16,0.0055016361258848345,2019
2019-05-17,0.0022529799032386943,2019
2019-05-20,0.0019267291689730737,2019
2019-05-21,0.003525634444113468,2019
2019-05-22,0.006068477874622058,2019
2019-05-23,0.004126857306444576,2019
2019-05-24,-0.0031615704436005476,2019
2019-05-28,-0.015857835010978594,2019
2019-05-29,-0.011923914514503808,2019
2019-05-30,-0.002283186576203411,2019
2019-05-31,0.0039228216939033445,2019
2019-06-03,0.011071349087743876,2019
2019-06-04,0.004830901700057844,2019
2019-06-05,0.018910524017653252,2019
2019-06-06,0.005347229600131342,2019
2019-06-07,-0.005944906903419089,2019
2019-06-10,-0.007554241462687461,2019
2019-06-11,-0.005074494935166429,2019
2019-06-12,0.008925736417954022,2019
2019-06-13,0.0025276274492549433,2019
2019-06-14,0.007563840164188651,2019
2019-06-17,-0.003440643529955989,2019
2019-06-18,-0.0009417832842155693,2019
2019-06-19,0.008796592378119694,2019
2019-06-20,0.009031822535758849,2019
2019-06-21,0.005246706146176727,2019
2019-06-24,-0.0012281892670391592,2019
2019-06-25,-0.007992601290240708,2019
2019-06-26,-0.022311731931971335,2019
2019-06-27,0.0028527281761083767,2019
2019-06-28,0.008217423569548021,2019
2019-07-01,-0.002507818459408284,2019
2019-07-02,0.009742323243029372,2019
2019-07-03,0.006847019572050028,2019
2019-07-05,0.0,2019
2019-07-08,0.000309247547954028,2019
2019-07-09,0.001236234221521304,2019
2019-07-10,0.0021604961992831573,2019
2019-07-11,0.00030780674293340304,2019
2019-07-12,-0.004618211177836673,2019
2019-07-15,0.001546670634981373,2019
2019-07-16,-0.007103264787007291,2019
2019-07-17,0.003110434525364525,2019
2019-07-18,0.006821842339727047,2019
2019-07-19,-0.01231911979482525,2019
2019-07-22,-0.002494599908496431,2019
2019-07-23,-0.00593948199065264,2019
2019-07-24,0.0009434083475634569,2019
2019-07-25,-0.001256363086729384,2019
2019-07-26,0.0025164193912665667,2019
2019-07-29,0.0015686910536591991,2019
2019-07-30,-0.005325756473506416,2019
2019-07-31,-0.0006299546680874624,2019
2019-08-01,0.0047274477237770895,2019
2019-08-02,0.002195660807602362,2019
2019-08-05,-0.019718335011171817,2019
2019-08-06,0.013090715972343903,2019
2019-08-07,-0.0006302755672670246,2019
2019-08-08,0.012614071237084357,2019
2019-08-09,-0.004048384553841933,2019
2019-08-12,-0.003439492131170452,2019
2019-08-13,0.0025100270604707653,2019
2019-08-14,-0.009076672274259123,2019
2019-08-15,0.009475571083239265,2019
2019-08-16,0.008135525934277243,2019
2019-08-19,0.005275866863448719,2019
2019-08-20,-0.003396029277596968,2019
2019-08-21,0.007125121321566397,2019
2019-08-22,0.0003076511891422218,2019
2019-08-23,-0.011377585794677958,2019
2019-08-26,0.011819470720044967,2019
2019-08-27,-0.00030731341263634526,2019
2019-08-28,-0.0006149644521998843,2019
2019-08-29,0.007384709503417186,2019
2019-08-30,0.0030542340880910235,2019
2019-09-03,0.013702755797547761,2019
2019-09-04,0.003003919409293232,2019
2019-09-05,-0.006888185104090616,2019
2019-09-06,-0.002412308569896271,2019
2019-09-09,-0.0021163765948831736,2019
2019-09-10,0.005755953883231024,2019
2019-09-11,0.012349359579093333,2019
2019-09-12,-0.0008924589484708978,2019
2019-09-13,-0.004765064706893307,2019
2019-09-16,0.0011971687526874941,2019
2019-09-17,0.005678252675921813,2019
2019-09-18,0.0041604806925761295,2019
2019-09-19,0.0038471742408610066,2019
2019-09-20,0.0035379239532375983,2019
2019-09-23,0.0020563356273837208,2019
2019-09-24,0.0070359369397356986,2019
2019-09-25,0.0,2019
2019-09-26,0.0026201914651351466,2019
2019-09-27,-0.002613344003481788,2019
2019-09-30,0.0011646155628448618,2019
2019-10-01,-0.005234286998171966,2019
2019-10-02,-0.012276917669013176,2019
2019-10-03,0.0023676899754243586,2019
2019-10-04,0.01476217994767004,2019
2019-10-07,-0.004364186253674962,2019
2019-10-08,-0.008474566092847913,2019
2019-10-09,0.002652411029156143,2019
2019-10-10,-0.0005879917502070731,2019
2019-10-11,-0.0011763198418129894,2019
2019-10-14,-0.006477983718579772,2019
2019-10-15,-0.0014821063106745802,2019
2019-10-16,-0.0008903397384882883,2019
2019-10-17,0.0023767620744878926,2019
2019-10-18,0.003852874508072368,2019
2019-10-21,0.0032474911460611544,2019
2019-10-22,0.005591572584432214,2019
2019-10-23,0.005853115291357458,2019
2019-10-24,0.0020366624565044678,2019
2019-10-25,-0.015098821720772038,2019
2019-10-28,-0.014150697969859682,2019
2019-10-29,0.0038874402062967217,2019
2019-10-30,0.005957800277037295,2019
2019-10-31,0.00177646101103357,2019
2019-11-01,0.00443399162511926,2019
2019-11-04,-0.007651397217233957,2019
2019-11-05,-0.009193449826524924,2019
2019-11-06,-0.0002992189264401368,2019
2019-11-07,-0.005987979307975566,2019
2019-11-08,-0.0012048830605865257,2019
2019-11-11,-0.007237873514307158,2019
2019-11-12,0.003949140731045686,2019
2019-11-13,0.010892579862472163,2019
2019-11-14,0.0032926383532958514,2019
2019-11-15,0.0023861840204864038,2019
2019-11-18,0.0020836242945785344,2019
2019-11-19,-0.003266781586110934,2019
2019-11-20,0.006257311512898545,2019
2019-11-21,-0.005034427791484664,2019
2019-11-22,0.0020836242945785344,2019
2019-11-25,-0.0029700168530487625,2019
2019-11-26,0.0005956575977779099,2019
2019-11-27,0.0032749222402999045,2019
2019-11-29,-0.001483722313642577,2019
2019-12-02,-0.005349107351724891,2019
2019-12-03,0.003883739334470393,2019
2019-12-04,0.0020836242945785344,2019
2019-12-05,0.0,2019
2019-12-06,-0.002672821297727168,2019
2019-12-09,-0.004169224629621215,2019
2019-12-10,0.0,2019
2019-12-11,0.002990299690768916,2019
2019-12-12,-0.0035779352609747184,2019
2019-12-13,0.007779969223308036,2019
2019-12-16,0.013657891174168935,2019
2019-12-17,-0.0008787458231424017,2019
2019-12-18,0.005276970424172633,2019
2019-12-19,-0.00029189247499084026,2019
2019-12-20,0.007012683751123516,2019
2019-12-23,-0.007376564045253997,2019
2019-12-24,0.0002971085293501652,2019
2019-12-26,0.0014860888918011295,2019
2019-12-27,0.001483742849270886,2019
2019-12-30,0.0002962104680863664,2019
2019-12-31,,2019
2020-01-02,,2020
2020-01-03,-0.0005961648918374474,2020
2020-01-06,0.002684236143692731,2020
2020-01-07,-0.0002974970991561632,2020
2020-01-08,0.0002975856300178048,2020
2020-01-09,0.0035695416059646767,2020
2020-01-10,0.0011851930222745999,2020
2020-01-13,0.004736705795160834,2020
2020-01-14,0.002357117661752728,2020
2020-01-15,0.014991236536491703,2020
2020-01-16,0.005791762293867908,2020
2020-01-17,0.00719842372897217,2020
2020-01-21,0.006289456256819204,2020
2020-01-22,-0.0011365066919711841,2020
2020-01-23,0.009386122744128755,2020
2020-01-24,-0.0008457992361390332,2020
2020-01-27,-0.006485978583506302,2020
2020-01-28,0.00624468905671316,2020
2020-01-29,0.0036672803126756026,2020
2020-01-30,0.007307294059132108,2020
2020-01-31,-0.005022324569794789,2020
2020-02-03,0.006169521844585413,2020
2020-02-04,-0.010312208069387152,2020
2020-02-05,0.004505738331239906,2020
2020-02-06,-0.0002803995460641806,2020
2020-02-07,-0.0019629479921947635,2020
2020-02-10,0.0025288017238453975,2020
2020-02-11,0.0070068932082234525,2020
2020-02-12,0.0005564106092303955,2020
2020-02-13,0.007788849771736439,2020
2020-02-14,0.006072063424555463,2020
2020-02-18,0.007133143216025539,2020
2020-02-19,-0.007082621859953564,2020
2020-02-20,0.002469202526374392,2020
2020-02-21,-0.00246312058280862,2020
2020-02-24,-0.013168559211860775,2020
2020-02-25,-0.02418694403077326,2020
2020-02-26,-0.012250682139333335,2020
2020-02-27,-0.04066916711741364,2020
2020-02-28,-0.03457597635481313,2020
2020-03-02,0.0510744235381948,2020
2020-03-03,-0.01511116543355806,2020
2020-03-04,0.05144414288787735,2020
2020-03-05,-0.019742611393186005,2020
2020-03-06,-0.011967377304818005,2020
2020-03-09,-0.07178727320101297,2020
2020-03-10,0.021960674231995103,2020
2020-03-11,-0.05605733018446035,2020
2020-03-12,-0.11316401297701617,2020
2020-03-13,0.05133925555854302,2020
2020-03-16,-0.130927079771746,2020
2020-03-17,0.13436496029830103,2020
2020-03-18,-0.047738666924745154,2020
2020-03-19,-0.037316439896171616,2020
2020-03-20,-0.057948176131676354,2020
2020-03-23,-0.054031722180746034,2020
2020-03-24,0.11159942218859209,2020
2020-03-25,0.030830023358622727,2020
2020-03-26,0.08282194574883794,2020
2020-03-27,-0.005665679284781899,2020
2020-03-30,0.03027059804723642,2020
2020-03-31,-0.04113367928902856,2020
2020-04-01,-0.06236506919545992,2020
2020-04-02,0.026144075939751987,2020
2020-04-03,-0.035968517442822145,2020
2020-04-06,0.08394865051475398,2020
2020-04-07,-0.008246763801553425,2020
2020-04-08,0.05856853986672972,2020
2020-04-09,0.042691132331396764,2020
2020-04-13,-0.031116943533992192,2020
2020-04-14,0.02298867083740408,2020
2020-04-15,-0.038334468698244306,2020
2020-04-16,-0.0020619925612972434,2020
2020-04-17,0.03684577027410274,2020
2020-04-20,-0.03354357813984776,2020
2020-04-21,-0.019587665106829855,2020
2020-04-22,0.030844777221765485,2020
2020-04-23,-0.015301086321685697,2020
2020-04-24,0.008287270630359389,2020
2020-04-27,0.01712328961981302,2020
2020-04-28,0.004377275885376619,2020
2020-04-29,-0.004022824250344281,2020
2020-04-30,-0.022887839138829635,2020
2020-05-01,-0.026524450741024053,2020
2020-05-04,0.00672326908219234,2020
2020-05-05,0.011247800670915353,2020
2020-05-06,-0.028154344457458125,2020
2020-05-07,0.006795492286099325,2020
2020-05-08,0.026287636968439276,2020
2020-05-11,-0.005538124370943143,2020
2020-05-12,-0.008353614222582295,2020
2020-05-13,-0.011583073019588386,2020
2020-05-14,0.01207382370846899,2020
2020-05-15,-0.013333221182850075,2020
2020-05-18,0.04374093432622295,2020
2020-05-19,-0.013969174171438503,2020
2020-05-20,0.0038008509595499618,2020
2020-05-21,-0.00963854201058667,2020
2020-05-22,0.012165640811610201,2020
2020-05-26,0.00652446535948048,2020
2020-05-27,0.010235529412793598,2020
2020-05-28,0.02532924142212023,2020
2020-05-29,0.0006587271774212144,2020
2020-06-01,0.014812307823560245,2020
2020-06-02,0.005514284581489948,2020
2020-06-03,0.012580600754215965,2020
2020-06-04,-0.01656560151352371,2020
2020-06-05,0.017492564322340698,2020
2020-06-08,0.029926572444763044,2020
2020-06-09,-0.025038511305111366,2020
2020-06-10,-0.007292548930484588,2020
2020-06-11,-0.045033319718596476,2020
2020-06-12,-0.0006689408167174227,2020
2020-06-15,0.008701416304580878,2020
2020-06-16,0.009621894244920437,2020
2020-06-17,-0.0049293228175278925,2020
2020-06-18,0.0,2020
2020-06-19,-0.03005283896773936,2020
2020-06-22,0.014300287201778339,2020
2020-06-23,-0.011413188016873632,2020
2020-06-24,-0.010866032239213452,2020
2020-06-25,-0.009268801350073685,2020
2020-06-26,-0.014552914871854616,2020
2020-06-29,0.021097030919606574,2020
2020-06-30,0.00241058782086756,2020
2020-07-01,0.017519570826284747,2020
2020-07-02,0.005401794743338684,2020
2020-07-06,-0.013767549259709577,2020
2020-07-07,-0.006809637482810049,2020
2020-07-08,0.008913289649448153,2020
2020-07-09,-0.015290527276608623,2020
2020-07-10,0.01932339889099932,2020
2020-07-13,0.0010157603551192995,2020
2020-07-14,0.01149834277682582,2020
2020-07-15,-0.002340549239894796,2020
2020-07-16,0.009718548345530653,2020
2020-07-17,0.021573159003884568,2020
2020-07-20,-0.01591944536099632,2020
2020-07-21,0.001980826750493714,2020
2020-07-22,0.007907721534212264,2020
2020-07-23,0.0022882877947871805,2020
2020-07-24,-0.005218486125775468,2020
2020-07-27,-0.013770474198307903,2020
2020-07-28,0.01296530163851517,2020
2020-07-29,0.003938406623190893,2020
2020-07-30,0.0,2020
2020-07-31,0.002615174966882572,2020
2020-08-03,-0.01173770757712611,2020
2020-08-04,0.003959039237228401,2020
2020-08-05,-0.013473544766375412,2020
2020-08-06,0.013324387579274788,2020
2020-08-07,0.01643663451204813,2020
2020-08-10,0.0009702719125626036,2020
2020-08-11,-0.017770666620858577,2020
2020-08-12,0.011842034173764393,2020
2020-08-13,-0.00032492627429780985,2020
2020-08-14,-0.008780569283583728,2020
2020-08-17,-0.004593247693837066,2020
2020-08-18,-0.0026365675165619384,2020
2020-08-19,-0.0033049119533336,2020
2020-08-20,-0.010941468017410805,2020
2020-08-21,0.0010056463873910904,2020
2020-08-24,0.009711879529516576,2020
2020-08-25,-0.00795994160998581,2020
2020-08-26,-0.012036430198584469,2020
2020-08-27,0.0074452635299917524,2020
2020-08-28,0.0020154261140512553,2020
2020-08-31,0.003016939162173049,2020
2020-09-01,-0.010695026389516138,2020
2020-09-02,0.025675536110114194,2020
2020-09-03,-0.013175090793885125,2020
2020-09-04,-0.008344498308141879,2020
2020-09-08,-0.0074050865042532,2020
2020-09-09,0.010851295282074958,2020
2020-09-10,-0.016437693243475993,2020
2020-09-11,0.005457308973138675,2020
2020-09-14,0.015264432647350556,2020
2020-09-15,0.002004731737869303,2020
2020-09-16,0.004001362516210305,2020
2020-09-17,-0.005313808405404186,2020
2020-09-18,-0.015024970293837758,2020
2020-09-21,-0.008813822511867353,2020
2020-09-22,0.006840076422224284,2020
2020-09-23,-0.018682138800467873,2020
2020-09-24,0.012114862720486785,2020
2020-09-25,0.013337767512892063,2020
2020-09-28,-0.0003373180547185939,2020
2020-09-29,0.001013016809251921,2020
2020-09-30,0.011129746742726931,2020
2020-10-01,0.00600392693254892,2020
2020-10-02,0.015583450787632458,2020
2020-10-05,0.013385726097222106,2020
2020-10-06,0.011275796894195222,2020
2020-10-07,0.008601470348832185,2020
2020-10-08,0.022109963720065906,2020
2020-10-09,-0.0015451834313970902,2020
2020-10-12,0.004333091675528866,2020
2020-10-13,-0.005238847946433811,2020
2020-10-14,0.00030969964281601925,2020
2020-10-15,0.0034068174277219754,2020
2020-10-16,0.01049371781973174,2020
2020-10-19,-0.004886950795275791,2020
2020-10-20,0.008901065669891794,2020
2020-10-21,-0.003954912367110874,2020
2020-10-22,0.013744444900356534,2020
2020-10-23,0.004218419279511165,2020
2020-10-26,-0.006000784893862354,2020
2020-10-27,-0.003320152258182052,2020
2020-10-28,-0.030587579747401783,2020
2020-10-29,0.0034364694336179724,2020
2020-10-30,-0.011830609075892395,2020
2020-11-02,0.02110910537540489,2020
2020-11-03,0.0148102016785443,2020
2020-11-04,-0.013986077066633795,2020
2020-11-05,0.0154177503346149,2020
2020-11-06,-0.0030367305140241996,2020
2020-11-09,0.021017423366107568,2020
2020-11-10,0.013424757693511147,2020
2020-11-11,0.00559322826152342,2020
2020-11-12,-0.01580804091949073,2020
2020-11-13,0.013384827958571321,2020
2020-11-16,0.009099067480036416,2020
2020-11-17,-0.009598724201849484,2020
2020-11-18,-0.012922197472022168,2020
2020-11-19,-0.011603579784232765,2020
2020-11-20,-0.0012041025652750337,2020
2020-11-23,0.003013778140118939,2020
2020-11-24,0.014122788036795342,2020
2020-11-25,-0.0008888424428842301,2020
2020-11-27,-0.0062279250219205995,2020
2020-11-30,-0.017009669370660396,2020
2020-12-01,0.00607125574311862,2020
2020-12-02,0.005733599749674356,2020
2020-12-03,-0.0063008704260723025,2020
2020-12-04,-0.0033212265684939846,2020
2020-12-07,0.0036352885067605367,2020
2020-12-08,-0.0009054765318307068,2020
2020-12-09,-0.0018127377380804388,2020
2020-12-10,-0.006053169011377979,2020
2020-12-11,0.00030441853530160934,2020
2020-12-14,-0.005783853762882707,2020
2020-12-15,0.02510709192155014,2020
2020-12-16,-0.012544646344802235,2020
2020-12-17,0.007259508195367914,2020
2020-12-18,-0.004506835413372823,2020
2020-12-21,-0.009547289710284956,2020
2020-12-22,0.0015547102291071369,2020
2020-12-23,0.002173157859142405,2020
2020-12-24,0.003717520310676292,2020
2020-12-28,0.0015434091907111647,2020
2020-12-29,-0.0036978290165128325,2020
2020-12-30,0.0068045510846488355,2020
2021-01-04,,2021
2021-01-05,0.007134196312263086,2021
2021-01-06,0.02710200217072045,2021
2021-01-07,-0.009895213902179512,2021
2021-01-08,0.00787404734749897,2021
2021-01-11,-0.00631007291756247,2021
2021-01-12,0.0003023576231977465,2021
2021-01-13,0.015417264440714673,2021
2021-01-14,-0.004168029836621012,2021
2021-01-15,0.009865494476044567,2021
2021-01-19,-0.0017762219156287617,2021
2021-01-20,0.004448421762394572,2021
2021-01-21,-0.00590493837871553,2021
2021-01-22,-0.0002969696187168358,2021
2021-01-25,0.007724263471307058,2021
2021-01-26,-0.015624893980665133,2021
2021-01-27,-0.03623840767820474,2021
2021-01-28,0.025792424228522792,2021
2021-01-29,-0.006664732737054813,2021
2021-02-01,0.007319399371942259,2021
2021-02-02,0.013321323859390999,2021
2021-02-03,-0.0002990219377912995,2021
2021-02-04,0.008667073541517523,2021
2021-02-05,0.0044445365945660065,2021
2021-02-08,-0.003244776725552234,2021
2021-02-09,0.0020716798047579754,2021
2021-02-10,0.003248540837764269,2021
2021-02-11,-0.004709962156464909,2021
2021-02-12,-0.005915347979139396,2021
2021-02-16,-0.007438391932798383,2021
2021-02-17,-0.0005994584246452606,2021
2021-02-18,0.003599117133743057,2021
2021-02-19,-0.011057949650904675,2021
2021-02-22,-0.022060874927345542,2021
2021-02-23,0.0040172489251750765,2021
2021-02-24,-0.00030796985043857195,2021
2021-02-25,-0.02093594701630297,2021
2021-02-26,-0.02138348742326701,2021
2021-03-01,0.02442153410523873,2021
2021-03-02,-0.006900821519426281,2021
2021-03-03,-0.009159683821284403,2021
2021-03-04,-0.0006376340131947211,2021
2021-03-05,0.012440090974955131,2021
2021-03-08,0.01575282991711946,2021
2021-03-09,0.016749454043181178,2021
2021-03-10,0.0070165999840852145,2021
2021-03-11,0.0009089328321454371,2021
2021-03-12,0.010593108980278876,2021
2021-03-15,0.015273986661397343,2021
2021-03-16,-0.0008850014507714166,2021
2021-03-17,-0.01948624860251147,2021
2021-03-18,-0.012646816468939615,2021
2021-03-19,0.004574801856664035,2021
2021-03-22,-0.004553968353783966,2021
2021-03-23,0.00640436810092937,2021
2021-03-24,0.0015150654825870635,2021
2021-03-25,0.013918346525727765,2021
2021-03-26,0.003879662878233603,2021
2021-03-29,0.005350495758103646,2021
2021-03-30,-0.004435131493193745,2021
2021-03-31,0.006831060743578421,2021
2021-04-01,-0.0008850014507714166,2021
2021-04-05,0.010629012631759194,2021
2021-04-06,0.005842766896638318,2021
2021-04-07,-0.002614066804349613,2021
2021-04-08,0.0008737296190686195,2021
2021-04-09,0.0005819102809740961,2021
2021-04-12,-0.0005815718583306317,2021
2021-04-13,0.011928856378211616,2021
2021-04-14,0.0043128459669889985,2021
2021-04-15,0.00973381266953055,2021
2021-04-16,0.005103619062308606,2021
2021-04-19,-0.00705230891995956,2021
2021-04-20,0.00965914926176037,2021
2021-04-21,-0.00590881275251709,2021
2021-04-22,-0.00820839369336257,2021
2021-04-23,-0.0008562749240956791,2021
2021-04-26,-0.004855586122009425,2021
2021-04-27,-0.006888588554002317,2021
2021-04-28,0.0011559497413156095,2021
2021-04-29,0.008371764574498508,2021
2021-04-30,0.007443554701864086,2021
2021-05-03,-0.0011366351002960462,2021
2021-05-04,-0.005689973245948221,2021
2021-05-05,-0.01688104385730871,2021
2021-05-06,0.004656162712172618,2021
2021-05-07,0.0031869032090872107,2021
2021-05-10,0.002598633651329063,2021
2021-05-11,-0.009792352182654285,2021
2021-05-12,-0.025305698011727995,2021
2021-05-13,0.019994118275118655,2021
2021-05-14,0.008191826918400702,2021
2021-05-17,-0.007835037107759013,2021
2021-05-18,-0.0014626047460606362,2021
2021-05-19,-0.0020501692562592266,2021
2021-05-20,0.005870206131386224,2021
2021-05-21,0.004668866871762933,2021
2021-05-24,0.002033238095070944,2021
2021-05-25,-0.015942198328219415,2021
2021-05-26,0.002061916523024454,2021
2021-05-27,-0.005291073265719093,2021
2021-05-28,0.0053192176359473375,2021
2021-06-01,-0.003527382177146099,2021
2021-06-02,0.0038348234115217483,2021
2021-06-03,0.006758863480726962,2021
2021-06-04,-0.0014596840239751163,2021
2021-06-07,0.0029231599348702453,2021
2021-06-08,-0.004663220685643399,2021
2021-06-09,0.008784613484767334,2021
2021-06-10,0.008127691952107163,2021
2021-06-11,0.005183040401528505,2021
2021-06-14,0.0022916363663485484,2021
2021-06-15,0.0025720302687786134,2021
2021-06-16,-0.01453808805837875,2021
2021-06-17,0.0031820240556634793,2021
2021-06-18,-0.025086590086805916,2021
2021-06-21,0.013605341608457833,2021
2021-06-22,-0.008170245674493981,2021
2021-06-23,-0.008532064184454069,2021
2021-06-24,-0.0011869589320211427,2021
2021-06-25,0.012477741382456387,2021
2021-06-28,0.007922466815145635,2021
2021-06-29,-0.01484711712209863,2021
2021-06-30,-0.0017730725453157792,2021
2021-07-01,0.01095333406880905,2021
2021-07-02,0.00175677292944032,2021
2021-07-06,0.0026308099630043547,2021
2021-07-07,0.0029155576136103978,2021
2021-07-08,-0.005232422937427206,2021
2021-07-09,0.0037987587252188426,2021
2021-07-12,0.0014556567811996324,2021
2021-07-13,-0.011627854326112352,2021
2021-07-14,0.005588204564923149,2021
2021-07-15,0.009359378441260446,2021
2021-07-16,0.0072442699156118895,2021
2021-07-19,-0.020713331219878284,2021
2021-07-20,0.008519395896140258,2021
2021-07-21,-0.005825883092275497,2021
2021-07-22,0.0011720045801224543,2021
2021-07-23,0.008486848174817263,2021
2021-07-26,-0.0014508753286158749,2021
2021-07-27,0.015693180382494232,2021
2021-07-28,-0.004005707501269273,2021
2021-07-29,0.002872774651515364,2021
2021-07-30,-0.01088533933426139,2021
2021-08-02,0.006371489015670084,2021
2021-08-03,0.006906496401644091,2021
2021-08-04,-0.005144392746782911,2021
2021-08-05,0.010916410104927277,2021
2021-08-06,0.0,2021
2021-08-09,-0.0005686148391891299,2021
2021-08-10,0.003980717570927439,2021
2021-08-11,0.011045338685488737,2021
2021-08-12,0.0014006106605173319,2021
2021-08-13,0.0047549475482855375,2021
2021-08-16,0.0033408006983721705,2021
2021-08-17,-0.0005546881274227644,2021
2021-08-18,-0.004164567440692157,2021
2021-08-19,0.0016725990018588988,2021
2021-08-20,0.01475119391102786,2021
2021-08-23,-0.009874024019150829,2021
2021-08-24,-0.0044319327386910246,2021
2021-08-25,0.0033387466546230815,2021
2021-08-26,-0.0052690318212051945,2021
2021-08-27,0.0,2021
2021-08-30,-0.0005574465848409149,2021
2021-08-31,0.0008369929211942129,2021
2021-09-01,0.011705185579995003,2021
2021-09-02,0.008815670823555832,2021
2021-09-03,-0.007646193567882986,2021
2021-09-07,-0.009080860583101424,2021
2021-09-08,0.013329609520668306,2021
2021-09-09,-0.0043845649552082255,2021
2021-09-10,-0.012661873726175332,2021
2021-09-13,0.004181983593402716,2021
2021-09-14,-0.0044422913259659635,2021
2021-09-15,0.0022311863264894427,2021
2021-09-16,-0.010295164221831743,2021
2021-09-17,-0.010964274605680946,2021
2021-09-20,-0.006253700235936188,2021
2021-09-21,-0.001144179748603591,2021
2021-09-22,-0.0002860730111318155,2021
2021-09-23,-0.0031512330830992807,2021
2021-09-24,-0.001436499801189428,2021
2021-09-27,-0.0077697164633520055,2021
2021-09-28,-0.014501075186312717,2021
2021-09-29,0.008828287190366435,2021
2021-09-30,-0.007584357616764459,2021
2021-10-01,-0.0005878970295243313,2021
2021-10-04,0.010882390266690134,2021
2021-10-05,0.0002910566010729809,2021
2021-10-06,0.013961580212124902,2021
2021-10-07,-0.001721525767734211,2021
2021-10-08,-0.00488468720472357,2021
2021-10-11,-0.013572186449900103,2021
2021-10-12,0.006147586029011665,2021
2021-10-13,0.013092609299769187,2021
2021-10-14,0.012636647137984625,2021
2021-10-15,0.0011341807271691984,2021
2021-10-18,-0.009064878866355985,2021
2021-10-19,0.012006814894272466,2021
2021-10-20,0.017514217236817453,2021
2021-10-21,0.0,2021
2021-10-22,0.004997222761147224,2021
2021-10-25,-0.0011049864262506759,2021
2021-10-26,0.00525426664453299,2021
2021-10-27,-0.0038515578816776808,2021
2021-10-28,0.007180687089343829,2021
2021-10-29,-0.00493562592893193,2021
2021-11-01,0.005510909871879743,2021
2021-11-02,-0.0019185179380439843,2021
2021-11-03,0.0013733688492114648,2021
2021-11-04,-0.00493562592893193,2021
2021-11-05,0.007991251730867788,2021
2021-11-08,-0.01503588758798391,2021
2021-11-09,0.00555087290360623,2021
2021-11-10,0.0071764668815990085,2021
2021-11-11,-0.0019185179380439843,2021
2021-11-12,-0.0010979929154211199,2021
2021-11-15,0.012644472470990431,2021
2021-11-16,-0.004614702592524278,2021
2021-11-17,-0.00027286447726737606,2021
2021-11-18,-0.006546793366822512,2021
2021-11-19,0.006040907943944518,2021
2021-11-22,0.004093844018711934,2021
2021-11-23,0.002446443333320225,2021
2021-11-24,0.0018981035291261161,2021
2021-11-26,-0.019486102792025117,2021
2021-11-29,0.014905033845005633,2021
2021-11-30,-0.026652313644060732,2021
2021-12-01,-0.000279443754928943,2021
2021-12-02,0.014254055747263905,2021
2021-12-03,0.004408727897503795,2021
2021-12-06,0.01920438248803391,2021
2021-12-07,0.005652988579503804,2021
2021-12-08,-0.0010709263108112932,2021
2021-12-09,-0.0037513260769489465,2021
2021-12-10,0.004841562781181752,2021
2021-12-13,0.008564983634304468,2021
2021-12-14,-0.007696336606461074,2021
2021-12-15,0.014709726358724362,2021
2021-12-16,0.0031630526043466833,2021
2021-12-17,-0.013788155343577468,2021
2021-12-20,-0.0021883404783281657,2021
2021-12-21,0.003289958011788219,2021
2021-12-22,0.004646160626973428,2021
2021-12-23,-0.00027219539441702967,2021
2021-12-27,0.004354094499078087,2021
2021-12-28,0.008669639774642635,2021
2021-12-29,0.004566290286352581,2021
2021-12-30,0.004812768872876294,2021
2021-12-31,,2021
2022-01-03,,2022
2022-01-04,-0.0026688058679654736,2022
2022-01-05,-0.00829541287093527,2022
2022-01-06,-0.009174472762852548,2022
2022-01-07,0.008714624215468314,2022
2022-01-10,-0.00566947043586663,2022
2022-01-11,-0.006516707768725483,2022
2022-01-12,0.004646223070677191,2022
2022-01-13,0.0032644358713154187,2022
2022-01-14,-0.004067313541922246,2022
2022-01-18,-0.012251402627820429,2022
2022-01-19,0.004685547837894655,2022
2022-01-20,0.0,2022
2022-01-21,-0.005761302764301202,2022
2022-01-24,-0.009105902142269806,2022
2022-01-25,-0.015594544613816375,2022
2022-01-26,-0.0045262774806617,2022
2022-01-27,0.004546857820823869,2022
2022-01-28,0.0127299312778133,2022
2022-01-31,0.018715065164267797,2022
2022-02-01,-0.012613103599389941,2022
2022-02-02,0.016106463620172873,2022
2022-02-03,-0.006285869982966319,2022
2022-02-04,-0.006600323902247518,2022
2022-02-07,-0.0035991697974331327,2022
2022-02-08,0.002778491171042896,2022
2022-02-09,0.00720444952663879,2022
2022-02-10,-0.024484490658598146,2022
2022-02-11,-0.002255926667348862,2022
2022-02-14,-0.00706621443986255,2022
2022-02-15,-0.0022773757434770836,2022
2022-02-16,0.005420992201813579,2022
2022-02-17,-0.0034051755482082946,2022
2022-02-18,-0.006264130890755615,2022
2022-02-22,-0.0031521655440854834,2022
2022-02-23,-0.019545803526745398,2022
2022-02-24,0.01612453107552736,2022
2022-02-25,0.02942833713841031,2022
2022-02-28,0.011211037599612172,2022
2022-03-01,-0.006651983476171575,2022
2022-03-02,0.013672113590165402,2022
2022-03-03,0.012936936353117101,2022
2022-03-04,0.0157608199848831,2022
2022-03-07,0.01070056318912993,2022
2022-03-08,-0.008469818720880706,2022
2022-03-09,-0.004538133221268392,2022
2022-03-10,0.005095171588842318,2022
2022-03-11,-0.006937020321098997,2022
2022-03-14,0.000805946597690177,2022
2022-03-15,0.013691152611091217,2022
2022-03-16,0.0037075979048530883,2022
2022-03-17,0.0029025950735026562,2022
2022-03-18,-0.007629726553868843,2022
2022-03-21,0.003976797344296568,2022
2022-03-22,0.006073168057751932,2022
2022-03-23,-0.0013122790364166192,2022
2022-03-24,0.012877899422281125,2022
2022-03-25,0.015049372585483445,2022
2022-03-28,0.007668724437006613,2022
2022-03-29,0.009639608939387978,2022
2022-03-30,0.007286638811186075,2022
2022-03-31,-0.0017461983876519982,2022
2022-04-01,0.015384646713583416,2022
2022-04-04,-0.006158978250042635,2022
2022-04-05,0.0034701014987592593,2022
2022-04-06,0.014575127655260145,2022
2022-04-07,0.0,2022
2022-04-08,0.005113350750028278,2022
2022-04-11,-0.018410539013894,2022
2022-04-12,0.004442106076153696,2022
2022-04-13,0.0027023681501023855,2022
2022-04-14,-0.002205160245633997,2022
2022-04-18,-0.00245559302682663,2022
2022-04-19,0.006154539862444519,2022
2022-04-20,0.008563694741147154,2022
2022-04-21,-0.02013605800431073,2022
2022-04-22,-0.01782595721738911,2022
2022-04-25,-0.007562562686949326,2022
2022-04-26,-0.010413851133057817,2022
2022-04-27,-0.0025669872943763217,2022
2022-04-28,0.011322927700801122,2022
2022-04-29,-0.026972083147102865,2022
2022-05-02,-0.008368219640515928,2022
2022-05-03,0.006592759950023952,2022
2022-05-04,0.024626653553051492,2022
2022-05-05,-0.014318448776320492,2022
2022-05-06,0.007263281124161969,2022
2022-05-09,-0.016997277668284516,2022
2022-05-10,-0.011789398279614116,2022
2022-05-11,0.006362807284553851,2022
2022-05-12,-0.01659623841788005,2022
2022-05-13,0.0152691079341718,2022
2022-05-16,0.004221704677561,2022
2022-05-17,0.01497642162409063,2022
2022-05-18,-0.011131377461425007,2022
2022-05-19,-0.0007855121953875832,2022
2022-05-20,-0.001047738511576246,2022
2022-05-23,0.012850541557350992,2022
2022-05-24,0.014241556909199149,2022
2022-05-25,0.005616540796930858,2022
2022-05-26,0.0038078731330475346,2022
2022-05-27,0.01846228103234404,2022
2022-05-31,-0.014402717029308176,2022
2022-06-01,-0.0005037497508882938,2022
2022-06-02,0.008318397147574208,2022
2022-06-03,-0.0034998245847894793,2022
2022-06-06,0.0062718876159066905,2022
2022-06-07,0.006232908970100759,2022
2022-06-08,-0.017839540501234152,2022
2022-06-09,-0.024722402767238805,2022
2022-06-10,-0.013192126930412496,2022
2022-06-13,-0.048492649063618054,2022
2022-06-14,-0.023966957335880723,2022
2022-06-15,0.012983233364855407,2022
2022-06-16,-0.02284747111650265,2022
2022-06-17,-0.007413583417466008,2022
2022-06-21,0.019821680230709404,2022
2022-06-22,0.007887310307180595,2022
2022-06-23,0.01928463237668243,2022
2022-06-24,0.01754852289438369,2022
2022-06-27,0.007276042042739128,2022
2022-06-28,-0.007223483671847775,2022
2022-06-29,-0.00350317568981795,2022
2022-06-30,0.00973529071317114,2022
2022-07-01,0.024620857375589944,2022
2022-07-05,-0.03384041542156824,2022
2022-07-06,0.008145475980434691,2022
2022-07-07,0.00457844551780906,2022
2022-07-08,-0.001340503463455489,2022
2022-07-11,0.0037584842000137897,2022
2022-07-12,-0.004279128746128236,2022
2022-07-13,-0.004029010473018735,2022
2022-07-14,0.0,2022
2022-07-15,0.0005393097309376316,2022
2022-07-18,-0.010242697631152264,2022
2022-07-19,0.00980409902023438,2022
2022-07-20,-0.011057368495404285,2022
2022-07-21,0.0008183168293716125,2022
2022-07-22,0.011443998803885469,2022
2022-07-25,0.012931004920117228,2022
2022-07-26,0.003723618055524014,2022
2022-07-27,0.0021198113380445083,2022
2022-07-28,0.03966132841764547,2022
2022-07-29,0.009918575793774753,2022
2022-08-01,-0.0007553868546347209,2022
2022-08-02,-0.00201622839580895,2022
2022-08-03,0.006060563993613766,2022
2022-08-04,0.0025101924967254607,2022
2022-08-05,0.00025034559312220317,2022
2022-08-08,0.0025031677315252576,2022
2022-08-09,0.009737674584804346,2022
2022-08-10,0.006676539595879882,2022
2022-08-11,0.002210937493946963,2022
2022-08-12,0.01691172800047358,2022
2022-08-15,0.007712756223491768,2022
2022-08-16,0.0016742556917688223,2022
2022-08-17,-0.0035816633554921484,2022
2022-08-18,0.00455318196876453,2022
2022-08-19,-0.0023857477290251117,2022
2022-08-22,-0.014586194026312782,2022
2022-08-23,-0.00509611513478514,2022
2022-08-24,0.0053662017541074025,2022
2022-08-25,0.00824830937751897,2022
2022-08-26,-0.015399530838743902,2022
2022-08-29,0.002443720754249812,2022
2022-08-30,-0.014627020640361144,2022
2022-08-31,-0.003711036568575965,2022
2022-09-01,0.012912861737089942,2022
2022-09-02,-0.008580503056488054,2022
2022-09-06,0.0007419739180400953,2022
2022-09-07,0.029157473560820657,2022
2022-09-08,0.0012004446059077356,2022
2022-09-09,0.004796237180876739,2022
2022-09-12,0.009785213541126714,2022
2022-09-13,-0.024580727378916922,2022
2022-09-14,0.009207866265279696,2022
2022-09-15,-0.021608868403532044,2022
2022-09-16,-0.004416871067482009,2022
2022-09-19,0.015528631890356248,2022
2022-09-20,-0.014563331373808941,2022
2022-09-21,-0.01403928451445735,2022
2022-09-22,-0.005745791177569792,2022
2022-09-23,-0.013819028344297934,2022
2022-09-26,-0.022675087195315746,2022
2022-09-27,-0.015380760693251339,2022
2022-09-28,0.01138488684009431,2022
2022-09-29,-0.03848166844488321,2022
2022-09-30,-0.015246407257289318,2022
2022-10-03,0.030964855980079475,2022
2022-10-04,0.026548455488314637,2022
2022-10-05,-0.01880853130543103,2022
2022-10-06,-0.030085313983628237,2022
2022-10-07,-0.019721306097973623,2022
2022-10-10,-0.0002816282427703376,2022
2022-10-11,-0.004221448662296012,2022
2022-10-12,-0.03165648720715242,2022
2022-10-13,0.02364270700539617,2022
2022-10-14,-0.01824907936244491,2022
2022-10-17,0.022364178137162405,2022
2022-10-18,0.014488652939631308,2022
2022-10-19,-0.013161521594635128,2022
2022-10-20,-0.0229852798439385,2022
2022-10-21,0.018588298700645822,2022
2022-10-24,0.007983984208745909,2022
2022-10-25,0.020933733038833502,2022
2022-10-26,-0.0008312634066851565,2022
2022-10-27,0.008319363267172974,2022
2022-10-28,0.024477383941859276,2022
2022-10-31,-0.008590690381033106,2022
2022-11-01,0.0059573981854834646,2022
2022-11-02,-0.011036207652545538,2022
2022-11-03,0.00625996322809419,2022
2022-11-04,0.0048689222167219715,2022
2022-11-07,-0.018842657571625065,2022
2022-11-08,0.0024692837391679934,2022
2022-11-09,-0.007936525468564826,2022
2022-11-10,0.04689658576467037,2022
2022-11-11,-0.010013097372655655,2022
2022-11-14,-0.011179242369400155,2022
2022-11-15,0.009151996214557201,2022
2022-11-16,0.00800233391936489,2022
2022-11-17,-0.01667124120114105,2022
2022-11-18,0.020721292467824837,2022
2022-11-21,0.003954456128685724,2022
2022-11-22,0.0099792104198968,2022
2022-11-23,0.010660298875006635,2022
2022-11-25,0.005660064123781394,2022
2022-11-28,-0.01100024962762347,2022
2022-11-29,-0.005431792597112128,2022
2022-11-30,0.027307990292348094,2022
2022-12-01,-0.0017722829299671172,2022
2022-12-02,-0.00253593791831086,2022
2022-12-05,-0.005848010559028283,2022
2022-12-06,0.006649681955277265,2022
2022-12-07,-0.004065308343418228,2022
2022-12-08,0.0020407224745557784,2022
2022-12-09,-0.0053458298451563024,2022
2022-12-12,0.022779274664922022,2022
2022-12-13,0.002502639998473777,2022
2022-12-14,0.00024951610778156663,2022
2022-12-15,-0.011230236180994502,2022
2022-12-16,-0.016359274046956918,2022
2022-12-19,-0.004250667528897467,2022
2022-12-20,0.0013339967879613113,2022
2022-12-21,0.013322542323707776,2022
2022-12-22,-0.008151417868386246,2022
2022-12-23,0.009809158368264237,2022
2022-12-27,0.005250874548796469,2022
2022-12-28,-0.009663133543286184,2022
2022-12-29,0.007120385001744722,2022
2022-12-30,-0.008117377625224798,2022
2022-12-31,,2022
2023-01-03,,2023
2023-01-04,0.009809388012960163,2023
2023-01-05,-0.02152813729705161,2023
2023-01-06,0.017440022070358108,2023
2023-01-09,0.006065709819512488,2023
2023-01-10,-0.0005241594121240256,2023
2023-01-11,0.009703340795286453,2023
2023-01-12,-0.00441535895589229,2023
2023-01-13,-0.002347923134924268,2023
2023-01-17,-0.0005230389719531603,2023
2023-01-18,-0.023024851573201666,2023
2023-01-19,-0.011247750936974277,2023
2023-01-20,0.006771153431732513,2023
2023-01-23,0.0013453556972016223,2023
2023-01-24,0.003761608990252574,2023
2023-01-25,-0.014454342568718803,2023
2023-01-26,0.00516050122181233,2023
2023-01-27,0.0005401877573747438,2023
2023-01-30,-0.007291287637022359,2023
2023-01-31,0.0059848336144148195,2023
2023-02-01,0.0005405088864813834,2023
2023-02-02,0.001892105283180845,2023
2023-02-03,-0.020501507822908382,2023
2023-02-06,0.009088267556153884,2023
2023-02-07,0.0016376374331716903,2023
2023-02-08,-0.01607633920025986,2023
2023-02-09,-0.011908001047091887,2023
2023-02-10,0.019618853676869108,2023
2023-02-13,0.005222318177824592,2023
2023-02-14,-0.002734383882484037,2023
2023-02-15,0.006855059369424321,2023
2023-02-16,-0.008987028997481716,2023
2023-02-17,0.007969507350906513,2023
2023-02-21,-0.02071995640563773,2023
2023-02-22,-0.004175916873776497,2023
2023-02-23,-0.003913789711068372,2023
2023-02-24,0.0028065222712092552,2023
2023-02-27,-0.005597638539235561,2023
2023-02-28,-0.018575757232221823,2023
2023-03-01,-0.015199335790603397,2023
2023-03-02,0.019219596341369494,2023
2023-03-03,0.018571440415656726,2023
2023-03-06,0.007573590554002196,2023
2023-03-07,-0.014476624366914437,2023
2023-03-08,0.0056496978141165055,2023
2023-03-09,-0.008426906658194233,2023
2023-03-10,-0.016430628963208016,2023
2023-03-13,0.010656598026905106,2023
2023-03-14,0.01453411372929958,2023
2023-03-15,0.008708002258254188,2023
2023-03-16,0.0089108934774218,2023
2023-03-17,-0.009936483587369538,2023
2023-03-20,0.00780606045970389,2023
2023-03-21,-0.0160441146659267,2023
2023-03-22,-0.01939837553992607,2023
2023-03-23,-0.009461114798311465,2023
2023-03-24,0.02691749514334063,2023
2023-03-27,0.0031003121735730943,2023
2023-03-28,0.00252898924581757,2023
2023-03-29,0.01345274442055544,2023
2023-03-30,0.005254451443486019,2023
2023-03-31,0.00852827248149901,2023
2023-04-03,-0.007637665951590433,2023
2023-04-04,0.004122995557708009,2023
2023-04-05,0.02225636830342581,2023
2023-04-06,0.00778525523111151,2023
2023-04-10,-0.0013318843303400385,2023
2023-04-11,0.0002666629790195607,2023
2023-04-12,-0.0002665918888323793,2023
2023-04-13,0.0010668823940205296,2023
2023-04-14,-0.009592283902225884,2023
2023-04-17,0.004842535367082679,2023
2023-04-18,-0.002677319497238595,2023
2023-04-19,0.00563762661115641,2023
2023-04-20,0.0002668765388074146,2023
2023-04-21,0.003202701721090495,2023
2023-04-24,0.004522244992883895,2023
2023-04-25,-0.0034426324416363396,2023
2023-04-26,-0.024448609504565177,2023
2023-04-27,0.013075437588714323,2023
2023-04-28,0.0016133491632377428,2023
2023-05-01,0.0016108664417864293,2023
2023-05-02,-0.01098917004797495,2023
2023-05-03,-0.0024390429519538515,2023
2023-05-04,0.006791723643853054,2023
2023-05-05,0.006206276688633494,2023
2023-05-08,0.0013406975149130584,2023
2023-05-09,0.00026773420958248195,2023
2023-05-10,0.0091031870350462,2023
2023-05-11,-0.010082172988199245,2023
2023-05-12,0.005092313451769082,2023
2023-05-15,-0.010933262856607007,2023
2023-05-16,-0.022108357404292178,2023
2023-05-17,-0.0011031260240186302,2023
2023-05-18,-0.0030361417853529415,2023
2023-05-19,-0.0024915343093263598,2023
2023-05-22,0.0019427602772073005,2023
2023-05-23,-0.0013848926190620503,2023
2023-05-24,-0.005548211562836691,2023
2023-05-25,-0.011436350225707659,2023
2023-05-26,0.0008466905043578166,2023
2023-05-30,-0.0022554643625668502,2023
2023-05-31,0.007911695762831572,2023
2023-06-01,-0.001401708563194215,2023
2023-06-02,0.007299164277225323,2023
2023-06-05,0.0030658788883919375,2023
2023-06-06,0.0013893654720833482,2023
2023-06-07,0.0158158200876517,2023
2023-06-08,0.004643417559099694,2023
2023-06-09,-0.004894001476986709,2023
2023-06-12,-0.0019126223276199061,2023
2023-06-13,0.0016427348543157638,2023
2023-06-14,-0.0005467983075818639,2023
2023-06-15,0.00929734894598977,2023
2023-06-16,0.005960645506398521,2023
2023-06-20,-0.011581055989008493,2023
2023-06-21,0.00844685131297962,2023
2023-06-22,-0.006755020739467432,2023
2023-06-23,-0.013873763758057933,2023
2023-06-26,0.008275686503103508,2023
2023-06-27,0.0016418360147427702,2023
2023-06-28,-0.012018625122154014,2023
2023-06-29,-0.0002764543985811496,2023
2023-06-30,0.011891662753278354,2023
2023-07-03,0.0040995113883057765,2023
2023-07-05,0.012248086846435635,2023
2023-07-06,-0.01371323555037185,2023
2023-07-07,-0.005368819856082396,2023
2023-07-10,-0.0027540833427279754,2023
2023-07-11,0.011046519567358803,2023
2023-07-12,0.015023159216101867,2023
2023-07-13,0.0013454855938275223,2023
2023-07-14,-0.005643723651211907,2023
2023-07-17,-0.009189053693186788,2023
2023-07-18,-0.006819416817998802,2023
2023-07-19,0.009612878517424983,2023
2023-07-20,0.01577772067046679,2023
2023-07-21,0.014193881365171857,2023
2023-07-24,-0.002904617788200836,2023
2023-07-25,0.0010594671486041651,2023
2023-07-26,-0.0005291729329637285,2023
2023-07-27,-0.014822638331289495,2023
2023-07-28,-0.0013434321601416555,2023
2023-07-31,0.0026904787960240206,2023
2023-08-01,-0.012610673784491988,2023
2023-08-02,-0.0005436694639218143,2023
2023-08-03,-0.017400807308423194,2023
2023-08-04,-0.008024319299008709,2023
2023-08-07,0.0008368747839222479,2023
2023-08-08,0.004459380349677522,2023
2023-08-09,0.004994478186046036,2023
2023-08-10,-0.002761164767779767,2023
2023-08-11,0.003876262445895229,2023
2023-08-14,-0.0055156445179974645,2023
2023-08-15,-0.015252535381949484,2023
2023-08-16,0.0028163121731017426,2023
2023-08-17,-0.003650796899473008,2023
2023-08-18,0.003945819184674848,2023
2023-08-21,-0.003368932750810183,2023
2023-08-22,0.0025350740761240775,2023
2023-08-23,0.006462529927454108,2023
2023-08-24,-0.00697915753866174,2023
2023-08-25,0.006466162168774714,2023
2023-08-28,-0.0002794278916598003,2023
2023-08-29,0.004470714283483002,2023
2023-08-30,-0.0025034606327496434,2023
2023-08-31,-0.008923672964487372,2023
2023-09-01,-0.0008442348066468597,2023
2023-09-05,-0.012672526895033509,2023
2023-09-06,0.0014261993644957283,2023
2023-09-07,0.012531921011753377,2023
2023-09-08,0.009845609416873735,2023
2023-09-11,0.002506707679785114,2023
2023-09-12,0.0013893456222739964,2023
2023-09-13,0.008324209847899944,2023
2023-09-14,0.015134777995174264,2023
2023-09-15,-0.004066116203388592,2023
2023-09-18,0.0,2023
2023-09-19,-0.005171831651853087,2023
2023-09-20,-0.001914976817463332,2023
2023-09-21,-0.010690839296065624,2023
2023-09-22,-0.001385317292762922,2023
2023-09-25,0.0002775671185388795,2023
2023-09-26,-0.028294149759729215,2023
2023-09-27,-0.018840995536625327,2023
2023-09-28,-0.022694252453674846,2023
2023-09-29,-0.0005954328514570228,2023
2023-10-02,-0.04617203423072924,2023
2023-10-03,0.008432107984696291,2023
2023-10-04,-0.00402603298926163,2023
2023-10-05,-0.002798489689970096,2023
2023-10-06,0.012539182851474484,2023
2023-10-09,0.007739953351328266,2023
2023-10-10,0.014132042772059483,2023
2023-10-11,0.0181762432468624,2023
2023-10-12,-0.011901028349685872,2023
2023-10-13,0.00933462240698324,2023
2023-10-16,0.011932978871361355,2023
2023-10-17,-0.0014740091150252654,2023
2023-10-18,-0.008266888696343622,2023
2023-10-19,-0.010717447823738846,2023
2023-10-20,-0.009930850738632535,2023
2023-10-23,-0.007598669209133102,2023
2023-10-24,0.02756497830639648,2023
2023-10-25,0.0020863071172068093,2023
2023-10-26,0.008923354979452292,2023
2023-10-27,-0.01709907314584247,2023
2023-10-30,0.009898150681777018,2023
2023-10-31,0.008612920708501948,2023
2023-11-01,0.01295656832706471,2023
2023-11-02,0.01860473241231908,2023
2023-11-03,0.0034245463415967237,2023
2023-11-06,-0.0022754216989994136,2023
2023-11-07,-0.007981925314636373,2023
2023-11-08,-0.006608921943228374,2023
2023-11-09,-0.013017016842396312,2023
2023-11-10,0.0052753899726538656,2023
2023-11-13,-0.009037920723966364,2023
2023-11-14,0.04060031318269641,2023
2023-11-15,-0.005937284380443719,2023
2023-11-16,0.005119349094733661,2023
2023-11-17,0.00452748316436935,2023
2023-11-20,-0.00197188779793378,2023
2023-11-21,0.0016934858768336003,2023
2023-11-22,0.004508468148206601,2023
2023-11-24,0.0019635307441656646,2023
2023-11-27,0.0022396289863513275,2023
2023-11-28,0.0013964236215355808,2023
2023-11-29,-0.00781006966177944,2023
2023-11-30,0.004779273773315884,2023
2023-12-01,0.011191759014848923,2023
2023-12-04,-0.004150510473378999,2023
2023-12-05,-0.007501901724035642,2023
2023-12-06,0.01147809107146025,2023
2023-12-07,-0.0008304264461761468,2023
2023-12-08,-0.0022158765904953803,2023
2023-12-11,0.006662749032297244,2023
2023-12-12,-0.0044125517037847395,2023
2023-12-13,0.03601122309563509,2023
2023-12-14,-0.005615134618109474,2023
2023-12-15,-0.012345517153975805,2023
2023-12-18,-0.0036112210195816674,2023
2023-12-19,0.006133149685150441,2023
2023-12-20,-0.020781302159424864,2023
2023-12-21,0.0022638021651604223,2023
2023-12-22,0.0039526168837500375,2023
2023-12-26,0.007592959557891632,2023
2023-12-27,0.00027868120379515027,2023
2023-12-28,0.006975498676399239,2023
2023-12-29,-0.0016624809423907427,2023
2023-12-30,,2023
2023-12-31,,2023
2024-01-02,,2024
2024-01-03,0.0030203225199394446,2024
2024-01-04,-0.0038323985189547827,2024
2024-01-05,0.0035725192141125017,2024
2024-01-08,0.008762279898466563,2024
2024-01-09,-0.0076006398933859964,2024
2024-01-10,-0.0010938432676239618,2024
2024-01-11,-0.021905757138255932,2024
2024-01-12,0.0055988862547924345,2024
2024-01-16,-0.013084342062452126,2024
2024-01-17,-0.015797026044284124,2024
2024-01-18,-0.009745038497104175,2024
2024-01-19,-0.0011577824883108878,2024
2024-01-22,-0.005215786953827517,2024
2024-01-23,0.002621505958648074,2024
2024-01-24,-0.014526363389080088,2024
2024-01-25,0.018868083086992282,2024
2024-01-26,0.0031826919391453323,2024
2024-01-29,0.00663410141045917,2024
2024-01-30,0.0,2024
2024-01-31,-0.0034385741039865136,2024
2024-02-01,0.019839178798483736,2024
2024-02-02,-0.015788298083559416,2024
2024-02-05,-0.020624280208027757,2024
2024-02-06,0.001754806591501179,2024
2024-02-07,0.00262787434082834,2024
2024-02-08,-0.006697670262512445,2024
2024-02-09,0.005276950495545885,2024
2024-02-12,0.011665184397358308,2024
2024-02-13,-0.016142875191084816,2024
2024-02-14,0.006739003153703127,2024
2024-02-15,0.01746203514208422,2024
2024-02-16,-0.0008580483369228231,2024
2024-02-20,-0.0002864017493487969,2024
2024-02-21,0.011168486566052627,2024
2024-02-22,-0.007363399673122939,2024
2024-02-23,0.00599145362879927,2024
2024-02-26,-0.01900177889044463,2024
2024-02-27,0.0208153797249524,2024
2024-02-28,0.00453133200789102,2024
2024-02-29,0.00366494435987863,2024
2024-03-01,-0.002808821068772116,2024
2024-03-04,0.01521123075068287,2024
2024-03-05,-0.0016649033625604215,2024
2024-03-06,0.008893787874939552,2024
2024-03-07,0.007437941991928154,2024
2024-03-08,0.0019142753126801804,2024
2024-03-11,0.0021834815530417107,2024
2024-03-12,-0.008442399882279239,2024
2024-03-13,0.005767601223151564,2024
2024-03-14,-0.007918972107598843,2024
2024-03-15,0.0008256913232140839,2024
2024-03-18,0.004125281176153628,2024
2024-03-19,0.010956052592451027,2024
2024-03-20,0.004605772286275123,2024
2024-03-21,0.0002697388710670712,2024
2024-03-22,0.0029655363067131457,2024
2024-03-25,0.006720480240679283,2024
2024-03-26,-0.012015976080205437,2024
2024-03-27,0.026486581838092826,2024
2024-03-28,0.008688683398800245,2024
2024-04-01,-0.004959616536271527,2024
2024-04-02,-0.0002622698581994376,2024
2024-04-03,-0.0013118033038611587,2024
2024-04-04,-0.0036784466245257663,2024
2024-04-05,0.007760133840696959,2024
2024-04-08,0.005256260958542258,2024
2024-04-09,0.0018299683340183837,2024
2024-04-10,-0.01539670072410404,2024
2024-04-11,-0.0018551894638513255,2024
2024-04-12,-0.01035583655426986,2024
2024-04-15,-0.01180562866070134,2024
2024-04-16,-0.01276138716238795,2024
2024-04-17,0.018426685679565624,2024
2024-04-18,0.0013502334757584666,2024
2024-04-19,0.011596642779682309,2024
2024-04-22,0.011197089063960552,2024
2024-04-23,0.007645619342594889,2024
2024-04-24,0.006279414278077544,2024
2024-04-25,0.0033799252366268906,2024
2024-04-26,-0.008551249904143021,2024
2024-04-29,0.017773110050435914,2024
2024-04-30,-0.007447313092314056,2024
2024-05-01,0.012419213717258737,2024
2024-05-02,0.008433239000154247,2024
2024-05-03,0.010136991923408445,2024
2024-05-06,0.0077771074919399386,2024
2024-05-07,0.007219381608220221,2024
2024-05-08,0.013346471935580473,2024
2024-05-09,0.018536594105964976,2024
2024-05-10,-0.001197297519887952,2024
2024-05-13,-0.0021577990229812993,2024
2024-05-14,0.00552615506809917,2024
2024-05-15,0.01768237549062035,2024
2024-05-16,-0.004696053112303811,2024
2024-05-17,0.00023592035029640357,2024
2024-05-20,-0.0021225854630557706,2024
2024-05-21,0.011581165029924678,2024
2024-05-22,-0.01028047044138014,2024
2024-05-23,-0.015344599972686335,2024
2024-05-24,0.015823492580295584,2024
2024-05-28,0.0011801585983419738,2024
2024-05-29,-0.012965556572081205,2024
2024-05-30,0.01528532395370652,2024
2024-05-31,0.011761933563220195,2024
2024-06-03,-0.016507817158153637,2024
2024-06-04,-0.004964473994383711,2024
2024-06-05,0.0004753029399267028,2024
2024-06-06,-0.014960816296107127,2024
2024-06-07,-0.011572004286598325,2024
2024-06-10,0.01609750962745604,2024
2024-06-11,-0.007921092251303996,2024
2024-06-12,-0.0048391175449999935,2024
2024-06-13,-0.0007295444178283539,2024
2024-06-14,-0.005596174067265425,2024
2024-06-17,-0.013701769470192415,2024
2024-06-18,0.0029769189892847603,2024
2024-06-20,0.008656789023274492,2024
2024-06-21,-0.006130453922365664,2024
2024-06-24,0.011349753556594289,2024
2024-06-25,-0.005611191141680072,2024
2024-06-26,-0.0061335639696202815,2024
2024-06-27,0.0007408131697004272,2024
2024-06-28,-0.013566922046001184,2024
2024-07-01,-0.007251771715366173,2024
2024-07-02,0.003274565814609387,2024
2024-07-03,0.011046947614893776,2024
2024-07-05,-0.0005988773071623488,2024
2024-07-08,0.0027457213157682236,2024
2024-07-09,0.002240620555914674,2024
2024-07-10,0.009935488824316385,2024
2024-07-11,0.01647829353592689,2024
2024-07-12,0.007258472364336743,2024
2024-07-15,-0.02954601160379744,2024
2024-07-16,0.006683078105229612,2024
2024-07-17,-0.006392825325395091,2024
2024-07-18,-0.00024746777341411175,2024
2024-07-19,0.001732806039255852,2024
2024-07-22,0.010872026808029789,2024
2024-07-23,-0.005133105294618634,2024
2024-07-24,0.006388112435270266,2024
2024-07-25,-0.009765591519785066,2024
2024-07-26,0.012080974549565138,2024
2024-07-29,0.0036541432600261103,2024
2024-07-30,0.0036406374317186074,2024
2024-07-31,0.01426838530327168,2024
2024-08-01,0.013590782486359476,2024
2024-08-02,-0.003057961710046464,2024
2024-08-05,-0.026663490410942736,2024
2024-08-06,0.007515079510880707,2024
2024-08-07,0.004090442382173265,2024
2024-08-08,0.00527217746853248,2024
2024-08-09,0.0028603992080173946,2024
2024-08-12,-0.0002376044259601029,2024
2024-08-13,0.007608112000512035,2024
2024-08-14,-0.0009437596868446807,2024
2024-08-15,0.0007083657514432851,2024
2024-08-16,0.004248264560638759,2024
2024-08-19,0.0065807055474789156,2024
2024-08-20,-0.0021012699189950634,2024
2024-08-21,0.007018917034157024,2024
2024-08-22,-0.0006970381333240017,2024
2024-08-23,0.004650258825865894,2024
2024-08-26,0.005554269288651215,2024
2024-08-27,-0.006674453194061902,2024
2024-08-28,-0.0018534077135028415,2024
2024-08-29,0.006963811403372544,2024
2024-08-30,0.007376510419544902,2024
2024-09-03,-0.007322495951858854,2024
2024-09-04,0.008759659995362767,2024
2024-09-05,-0.0020567082983238283,2024
2024-09-06,-0.012136497999702622,2024
2024-09-09,0.008113164409553564,2024
2024-09-10,0.003219090966235516,2024
2024-09-11,0.00756354366051748,2024
2024-09-12,0.0027299908099318593,2024
2024-09-13,0.01678756976755813,2024
2024-09-16,0.009370792774333836,2024
2024-09-17,-0.0004420942816105722,2024
2024-09-18,-0.005528530816868993,2024
2024-09-19,-0.0035578965884620617,2024
2024-09-20,0.032805001418096946,2024
2024-09-23,0.009939671806439954,2024
2024-09-24,-0.00556269424230349,2024
2024-09-25,0.007960371638348063,2024
2024-09-26,-0.008324406292676834,2024
2024-09-27,0.011192437910281017,2024
2024-09-30,0.0036184466228053047,2024
2024-10-01,0.006999061046763622,2024
2024-10-02,-0.0012637992607610338,2024
2024-10-03,0.0018980538989832318,2024
2024-10-04,0.0029385787716453837,2024
2024-10-07,-0.02255484841657518,2024
2024-10-08,-0.0015095829481620582,2024
2024-10-09,-0.01123111374518937,2024
2024-10-10,-0.0030580760684449926,2024
2024-10-11,0.006792251187409226,2024
2024-10-14,0.015234081104043007,2024
2024-10-15,0.0019291412763260407,2024
2024-10-16,0.020753140400671333,2024
2024-10-17,-0.012156656744699457,2024
2024-10-18,0.006152998213113436,2024
2024-10-21,-0.0029523139281598665,2024
2024-10-22,-0.004230042355539809,2024
2024-10-23,0.007858878613140385,2024
2024-10-24,-0.005268718136742789,2024
2024-10-25,-0.012499911270146158,2024
2024-10-28,0.00943993488341377,2024
2024-10-29,-0.0199786773841808,2024
2024-10-30,-0.002819370471864424,2024
2024-10-31,0.015006438861848492,2024
2024-11-01,-0.025498036499101095,2024
2024-11-04,-0.012752909992855055,2024
2024-11-05,0.01870825366570883,2024
2024-11-06,-0.0013118922257069343,2024
2024-11-07,0.007443157400426559,2024
2024-11-08,0.01868770372194639,2024
2024-11-11,0.004905908760437949,2024
2024-11-12,-0.009764180042253767,2024
2024-11-13,-0.0017150089886793785,2024
2024-11-14,-0.004938743995438921,2024
2024-11-15,0.014242538847852204,2024
2024-11-18,0.008510660767828693,2024
2024-11-19,0.008227834735414552,2024
2024-11-20,0.0004185679367958439,2024
2024-11-21,0.020079394275182016,2024
2024-11-22,-0.0034858265106689768,2024
2024-11-25,0.00041150673253942394,2024
2024-11-26,0.01460320312354435,2024
2024-11-27,-0.0014191693939035188,2024
2024-11-29,0.0016241409380164384,2024
2024-12-02,-0.02107817079011476,2024
2024-12-03,-0.006832332817617748,2024
2024-12-04,0.004169197091331567,2024
2024-12-05,0.0014532592197464833,2024
2024-12-06,-0.011816105539202981,2024
2024-12-09,-0.014474431235193208,2024
2024-12-10,-0.00957848199140432,2024
2024-12-11,-0.0023641080150409444,2024
2024-12-12,-0.00043083211011762934,2024
2024-12-13,0.00021555347589341523,2024
2024-12-16,-0.0068950660834726785,2024
2024-12-17,-0.006943027845432992,2024
2024-12-18,-0.024033094373640207,2024
2024-12-19,0.00604422971628682,2024
2024-12-20,0.015316901165383312,2024
2024-12-23,0.004342730601669231,2024
2024-12-24,0.0075103463919026225,2024
2024-12-26,-0.002936610109664839,2024
2024-12-27,-0.004531057393783011,2024
2024-12-30,-0.003186032508579517,2024
2024-12-31,,2024
2025-01-02,,2025
2025-01-03,0.013142844663437403,2025
2025-01-06,-0.010288535659572773,2025
2025-01-07,-0.002485940400887454,2025
2025-01-08,-0.006116766297584508,2025
2025-01-10,-0.008661884723849766,2025
2025-01-13,-0.014026144856578604,2025
2025-01-14,0.013292707042488638,2025
2025-01-15,0.015189994737771606,2025
2025-01-16,0.024030628722852443,2025
2025-01-17,0.0004428790898816093,2025
2025-01-21,0.017703108707384008,2025
2025-01-22,-0.019569555330437027,2025
2025-01-23,0.00532283432153724,2025
2025-01-24,0.008382899696556034,2025
2025-01-27,-0.03850365327666949,2025
2025-01-28,-0.008418712079270807,2025
2025-01-29,0.0036714796118348936,2025
2025-01-30,0.022633697466830638,2025
2025-01-31,-0.006259790482022187,2025
2025-02-03,0.004499457242040039,2025
2025-02-04,-0.006494846954193112,2025
2025-02-05,0.009918744791518996,2025
2025-02-06,0.0008928964272900686,2025
2025-02-07,-0.0033452418553873153,2025
2025-02-10,0.009174227251331324,2025
2025-02-11,0.003769435492211093,2025
2025-02-12,-0.0013253517859308506,2025
2025-02-13,0.001106042529300355,2025
2025-02-14,-0.0035352855568547836,2025
2025-02-18,0.010199742091255848,2025
2025-02-19,0.003950746249167469,2025
2025-02-20,-0.0013118198007532333,2025
2025-02-21,-0.0015323365201661554,2025
2025-02-24,-0.005042758052656415,2025
2025-02-25,-0.009475563150144972,2025
2025-02-26,0.004449407445654696,2025
2025-02-27,-0.021040977253130477,2025
2025-02-28,0.01628959113610784,2025
2025-03-03,-0.000890511103576852,2025
2025-03-04,-0.017156778273300644,2025
2025-03-05,-0.005894434090449763,2025
2025-03-06,-0.0216646794119294,2025
2025-03-07,0.012587318198795217,2025
2025-03-10,0.007366441478495966,2025
2025-03-11,-0.0009140264127802666,2025
2025-03-12,-0.0009148626213802968,2025
2025-03-13,0.001831400722826615,2025
2025-03-14,0.019424216832985897,2025
2025-03-17,0.004931579776059847,2025
2025-03-18,-0.006468769051258705,2025
2025-03-19,0.004041221456157595,2025
2025-03-20,0.004248623494233383,2025
2025-03-21,-0.0071254105820802716,2025
2025-03-24,0.0011214215441195385,2025
2025-03-25,-0.014112946394738701,2025
2025-03-26,0.004317255513451634,2025
2025-03-27,-0.002036154026994419,2025
2025-03-28,0.0056676732140197306,2025
2025-03-31,0.009467778965591256,2025
2025-04-01,0.0031265336076455874,2025
2025-04-02,0.005565297084251464,2025
2025-04-03,-0.007527012858683513,2025
2025-04-04,-0.05254672780822245,2025
2025-04-07,-0.016075643981458998,2025
2025-04-08,-0.004565129298195858,2025
2025-04-09,0.032585050136493265,2025
2025-04-10,-0.00514248234412551,2025
2025-04-11,0.01386277711401429,2025
2025-04-14,0.015295433723036655,2025
2025-04-15,0.0015977669849518428,2025
2025-04-16,-0.007064704901735941,2025
2025-04-17,0.009180700114505003,2025
2025-04-21,-0.02092337399511457,2025
2025-04-22,0.024390248377994306,2025
2025-04-23,0.0013604830458198158,2025
2025-04-24,0.0015851930110903911,2025
2025-04-25,-0.0024870368228796513,2025
2025-04-28,0.006119756871286741,2025
2025-04-29,0.005406557807067003,2025
2025-04-30,-0.002240662637167379,2025
2025-05-01,0.00044917437598557264,2025
2025-05-02,0.006733970016354229,2025
2025-05-05,-0.0020066869014494504,2025
2025-05-06,0.008713186588116706,2025
2025-05-07,0.0022148564747983546,2025
2025-05-08,-0.011933775866865282,2025
2025-05-09,0.0008947320530161562,2025
2025-05-12,-0.008491738276274807,2025
2025-05-13,0.0056345706403937434,2025
2025-05-14,-0.002465298816789363,2025
2025-05-15,0.013929419364972162,2025
2025-05-16,0.010635987895947219,2025
2025-05-19,0.0017539801641071051,2025
2025-05-20,0.001094339802061084,2025
2025-05-21,-0.01880191330773373,2025
2025-05-22,-0.012032072501518387,2025
2025-05-23,0.012178606376406664,2025
2025-05-27,0.00980380336209108,2025
2025-05-28,-0.010591223936354366,2025
2025-05-29,0.003122218675280841,2025
2025-05-30,0.00889282170125627,2025
2025-06-02,0.004627555221329294,2025
2025-06-03,0.004167595489563913,2025
2025-06-04,-0.015290551539188457,2025
2025-06-05,-0.002661902386223214,2025
2025-06-06,0.005115662681297373,2025
2025-06-09,-0.004425704625317994,2025
2025-06-10,-0.0022228209677888078,2025
2025-06-11,0.002004986818489707,2025
2025-06-12,0.013339188645822064,2025
2025-06-13,-0.006362384969308521,2025
2025-06-16,-0.0002209056451203395,2025
2025-06-17,-0.00883381669119443,2025
2025-06-18,0.0033421836896754265,2025
2025-06-20,0.00199866550965222,2025
2025-06-23,0.012189723316005985,2025
2025-06-24,0.006569000974777195,2025
2025-06-25,-0.01218188173212642,2025
2025-06-26,0.011451170480592188,2025
2025-06-27,0.0030480369383139028,2025
2025-06-30,0.002604786455864927,2025
2025-07-01,-0.0036804273947619315,2025
2025-07-02,-0.007170816119878576,2025
2025-07-03,0.01094331157303885,2025
2025-07-07,0.0030309653579772,2025
2025-07-08,-0.014245670768974539,2025
2025-07-09,0.008977533765858414,2025
2025-07-10,0.004991237690658901,2025
2025-07-11,0.0005631712606106731,2025
2025-07-14,0.005628968983600879,2025
2025-07-15,-0.0077502393977340045,2025
2025-07-16,-0.0023866635924284507,2025
2025-07-17,0.005002165192962593,2025
2025-07-18,0.01969265082063787,2025
2025-07-21,0.0012734512651704222,2025
2025-07-22,0.010597762544357625,2025
2025-07-23,-0.002726655341317885,2025
2025-07-24,-0.001472092226602828,2025
2025-07-25,0.003159240498582294,2025
2025-07-28,-0.008818048231430398,2025
2025-07-29,0.01059102930893685,2025
2025-07-30,0.009851183338634328,2025
2025-07-31,0.004566346994319348,2025
2025-08-01,-0.002892722296625738,2025
2025-08-04,0.01927059885874316,2025
2025-08-05,-0.009758017432503707,2025
2025-08-06,-0.011496523608463316,2025
2025-08-07,0.008307249328199484,2025
2025-08-08,-0.004325394212219447,2025
2025-08-11,-0.003516806133709971,2025
2025-08-12,0.0083040464744768,2025
2025-08-13,-0.001853069481228875,2025
2025-08-14,-0.006188149167254853,2025
2025-08-15,-0.003320831047857964,2025
2025-08-18,-0.0006247099473108975,2025
2025-08-19,0.004375867266371403,2025
2025-08-20,-0.0012448357166476853,2025
2025-08-21,-0.007270415163345145,2025
2025-08-22,0.00648659604066526,2025
2025-08-25,-0.008523803743122893,2025
2025-08-26,0.0048227219936978205,2025
2025-08-27,-0.0006260136569410379,2025
2025-08-28,-0.0037585992056921036,2025
2025-08-29,-0.006707172853152588,2025
2025-09-02,-0.0035871394052519046,2025
2025-09-03,-0.0010590452099987768,2025
2025-09-04,-0.000847900661233969,2025
2025-09-05,-0.0038192086411893422,2025
2025-09-08,-0.008519743250402168,2025
2025-09-09,0.007518833878287223,2025
2025-09-10,0.02302771314425822,2025
2025-09-11,0.0031263178652116697,2025
2025-09-12,0.0054019969571330595,2025
2025-09-15,0.00475303888549683,2025
2025-09-16,-0.018099522960255632,2025
2025-09-17,0.0031419521373539094,2025
2025-09-18,0.0014617231445883672,2025
2025-09-19,0.007923275450809175,2025
2025-09-22,0.01261902727571207,2025
2025-09-23,0.00020422672915243467,2025
2025-09-24,0.007148727764017204,2025
2025-09-25,-0.008720351097715295,2025
2025-09-26,0.015548212160604091,2025
2025-09-29,0.0026189162724901127,2025
2025-09-30,-0.0006027440478530988,2025
2025-10-01,0.012263688539072337,2025
2025-10-02,0.0015889326023257322,2025
2025-10-03,0.010565304947654841,2025
2025-10-06,0.009450633450640789,2025
2025-10-07,0.003315756905722056,2025
2025-10-08,0.01069209995668663,2025
2025-10-09,-0.0019235004583644244,2025
2025-10-10,-0.01233374952746169,2025
2025-10-13,0.014439044528860467,2025
2025-10-14,0.006093915126872629,2025
2025-10-15,0.01494596182962038,2025
2025-10-16,-0.011044365202156015,2025
2025-10-17,,2025
2025-10-20,,2025
2025-10-21,,2025
2025-10-22,,2025
2025-10-23,,2025
2025-10-24,,2025
2025-10-27,,2025
2025-10-28,,2025
2025-10-29,,2025
2025-10-30,,2025
2025-10-31,,2025
2025-11-03,,2025
2025-11-04,,2025
2025-11-05,,2025
2025-11-06,,2025
2025-11-07,,2025
2025-11-10,,2025
2025-11-11,,2025
2025-11-12,,2025
2025-11-13,,2025
2025-11-14,,2025
2025-11-17,,2025
2025-11-18,,2025
2025-11-19,,2025
2025-11-20,,2025
2025-11-21,,2025
2025-11-24,,2025
2025-11-25,,2025
2025-11-26,,2025
2025-11-28,,2025
2025-12-01,,2025
2025-12-02,,2025
2025-12-03,,2025
2025-12-04,,2025
2025-12-05,,2025
2025-12-08,,2025
2025-12-09,,2025
2025-12-10,,2025
2025-12-11,,2025
2025-12-12,,2025
2025-12-15,,2025
2025-12-16,,2025
2025-12-17,,2025
2025-12-18,,2025
2025-12-19,,2025
2025-12-22,,2025
2025-12-23,,2025
2025-12-24,,2025
2025-12-26,,2025
2025-12-29,,2025
2025-12-30,,2025
2025-12-31,,2025
2026-01-01,,2025
2026-01-02,,2025
