Fund,H_without_fund,drop_in_diversification
ICTUX,0.69,0.01583533173461238
EVUAX,0.694,0.011835331734612375
PRUAX,0.698,0.007835331734612372
FIUIX,0.701,0.004835331734612369
BULIX,0.703,0.0028353317346123674
MMUFX,0.704,0.0018353317346123665
FKUTX,0.713,-0.0071646682653876415
GASFX,0.713,-0.0071646682653876415
FUGAX,0.7202380952380952,-0.014402763503482907
FSUTX,0.722,-0.01616466826538765
