Date,Residual,Fund,Sector,Year
1999-01-05,0.022720923414075847,FUGAX,utilities,1999
1999-01-06,-0.010346429592017228,FUGAX,utilities,1999
1999-01-07,0.002420963449955766,FUGAX,utilities,1999
1999-01-08,0.00039367204109766116,FUGAX,utilities,1999
1999-01-11,-0.004468881201506018,FUGAX,utilities,1999
1999-01-12,0.001508562173168063,FUGAX,utilities,1999
1999-01-13,0.0022986902583303497,FUGAX,utilities,1999
1999-01-14,-0.006313649152459817,FUGAX,utilities,1999
1999-01-15,0.006805778569245923,FUGAX,utilities,1999
1999-01-19,0.03453731922473959,FUGAX,utilities,1999
1999-01-20,0.006021347633324345,FUGAX,utilities,1999
1999-01-21,-0.006538973498357848,FUGAX,utilities,1999
1999-01-22,0.002691994351311554,FUGAX,utilities,1999
1999-01-25,-0.01586407065208097,FUGAX,utilities,1999
1999-01-26,-0.009352219364513416,FUGAX,utilities,1999
1999-01-27,-0.001539282149060366,FUGAX,utilities,1999
1999-01-28,0.00817281072910094,FUGAX,utilities,1999
1999-01-29,-0.006315997270767349,FUGAX,utilities,1999
1999-02-01,0.003776657102586232,FUGAX,utilities,1999
1999-02-02,-0.00918990669586697,FUGAX,utilities,1999
1999-02-03,0.0015879164120328765,FUGAX,utilities,1999
1999-02-04,-0.004581304420906497,FUGAX,utilities,1999
1999-02-05,0.001168431500073933,FUGAX,utilities,1999
1999-02-08,0.0004937123339741989,FUGAX,utilities,1999
1999-02-09,0.0003680733134712663,FUGAX,utilities,1999
1999-02-10,-0.017854895290754208,FUGAX,utilities,1999
1999-02-11,0.006953561584448254,FUGAX,utilities,1999
1999-02-12,-0.00904809147564256,FUGAX,utilities,1999
1999-02-16,0.011712770946909121,FUGAX,utilities,1999
1999-02-17,-0.012533853036761695,FUGAX,utilities,1999
1999-02-18,0.005552409971911573,FUGAX,utilities,1999
1999-02-19,-0.006028235784235145,FUGAX,utilities,1999
1999-02-22,0.007278745849668349,FUGAX,utilities,1999
1999-02-23,-0.012617958858905454,FUGAX,utilities,1999
1999-02-24,0.014234548837477996,FUGAX,utilities,1999
1999-02-25,0.0013582507832217029,FUGAX,utilities,1999
1999-02-26,-0.005321622195157677,FUGAX,utilities,1999
1999-03-01,-0.01312430230227828,FUGAX,utilities,1999
1999-03-02,0.003114288662997353,FUGAX,utilities,1999
1999-03-03,-0.004473273855493284,FUGAX,utilities,1999
1999-03-04,0.0011570194552811622,FUGAX,utilities,1999
1999-03-05,0.00105324316593617,FUGAX,utilities,1999
1999-03-08,0.0015919843386581131,FUGAX,utilities,1999
1999-03-09,-0.0018283418533556635,FUGAX,utilities,1999
1999-03-10,-0.0031494866263061267,FUGAX,utilities,1999
1999-03-11,-0.0044420099346699354,FUGAX,utilities,1999
1999-03-12,0.007264535282753042,FUGAX,utilities,1999
1999-03-15,-0.000625391684866479,FUGAX,utilities,1999
1999-03-16,0.004983714056173073,FUGAX,utilities,1999
1999-03-17,0.018374190390974383,FUGAX,utilities,1999
1999-03-18,-0.0024117711897254767,FUGAX,utilities,1999
1999-03-19,0.002638623282696404,FUGAX,utilities,1999
1999-03-22,-0.007940761957078605,FUGAX,utilities,1999
1999-03-23,9.674761154106204e-05,FUGAX,utilities,1999
1999-03-24,0.010086436695882373,FUGAX,utilities,1999
1999-03-25,-0.009661539503853553,FUGAX,utilities,1999
1999-03-26,0.002617394262077308,FUGAX,utilities,1999
1999-03-29,-0.009490595135974509,FUGAX,utilities,1999
1999-03-30,-0.006177619534646371,FUGAX,utilities,1999
1999-03-31,0.00394107134454982,FUGAX,utilities,1999
1999-04-01,0.005073586561381133,FUGAX,utilities,1999
1999-04-05,-0.002756955736856928,FUGAX,utilities,1999
1999-04-06,0.0004534441378911167,FUGAX,utilities,1999
1999-04-07,0.006556575718327343,FUGAX,utilities,1999
1999-04-08,0.010316489387996043,FUGAX,utilities,1999
1999-04-09,0.01597203456143755,FUGAX,utilities,1999
1999-04-12,0.01739481872225162,FUGAX,utilities,1999
1999-04-13,0.00471459976571095,FUGAX,utilities,1999
1999-04-14,-0.014542736885020618,FUGAX,utilities,1999
1999-04-15,-0.007833223701038216,FUGAX,utilities,1999
1999-04-16,0.005303785023670876,FUGAX,utilities,1999
1999-04-19,-0.007702997666707763,FUGAX,utilities,1999
1999-04-20,0.003252108186238693,FUGAX,utilities,1999
1999-04-21,0.004743214878786331,FUGAX,utilities,1999
1999-04-22,0.006635924235103216,FUGAX,utilities,1999
1999-04-23,-0.009558600606128674,FUGAX,utilities,1999
1999-04-26,0.00026503184945782243,FUGAX,utilities,1999
1999-04-27,-0.005159502202515978,FUGAX,utilities,1999
1999-04-28,0.006846785234116616,FUGAX,utilities,1999
1999-04-29,0.0020690213025914934,FUGAX,utilities,1999
1999-04-30,-0.003193355105474442,FUGAX,utilities,1999
1999-05-03,-0.009571026566369215,FUGAX,utilities,1999
1999-05-04,-0.0004465634774017506,FUGAX,utilities,1999
1999-05-05,0.012729644564642671,FUGAX,utilities,1999
1999-05-06,0.0019385603928560122,FUGAX,utilities,1999
1999-05-07,0.00034925801929489367,FUGAX,utilities,1999
1999-05-10,-0.005596974426406218,FUGAX,utilities,1999
1999-05-11,-0.002671131304645632,FUGAX,utilities,1999
1999-05-12,0.00011913396144039475,FUGAX,utilities,1999
1999-05-13,0.0068786886442604375,FUGAX,utilities,1999
1999-05-14,-0.0009681384420558194,FUGAX,utilities,1999
1999-05-17,0.009041646233215794,FUGAX,utilities,1999
1999-05-18,-0.005967272734072539,FUGAX,utilities,1999
1999-05-19,0.005153363966435471,FUGAX,utilities,1999
1999-05-20,0.004899859068932939,FUGAX,utilities,1999
1999-05-21,-0.004493634314172035,FUGAX,utilities,1999
1999-05-24,0.002126075477894661,FUGAX,utilities,1999
1999-05-25,0.005266069901243429,FUGAX,utilities,1999
1999-05-26,0.001182451270395889,FUGAX,utilities,1999
1999-05-27,-0.003804279160663983,FUGAX,utilities,1999
1999-05-28,0.0035677732599327036,FUGAX,utilities,1999
1999-06-01,-0.0021939506278958083,FUGAX,utilities,1999
1999-06-02,-0.004179608365724678,FUGAX,utilities,1999
1999-06-03,-0.0036827958991886463,FUGAX,utilities,1999
1999-06-04,-0.0018429205014420958,FUGAX,utilities,1999
1999-06-07,0.005192096254352075,FUGAX,utilities,1999
1999-06-08,0.006392404231715438,FUGAX,utilities,1999
1999-06-09,0.006407566840758033,FUGAX,utilities,1999
1999-06-10,-0.004044746041844403,FUGAX,utilities,1999
1999-06-11,-0.004337607793414041,FUGAX,utilities,1999
1999-06-14,-0.000600106190477914,FUGAX,utilities,1999
1999-06-15,-0.0031214712146545383,FUGAX,utilities,1999
1999-06-16,0.0012901022049494927,FUGAX,utilities,1999
1999-06-17,-0.004270244171182146,FUGAX,utilities,1999
1999-06-18,0.007655443875679499,FUGAX,utilities,1999
1999-06-21,0.0032031354052406355,FUGAX,utilities,1999
1999-06-22,-0.00269193049497609,FUGAX,utilities,1999
1999-06-23,0.003506312515512423,FUGAX,utilities,1999
1999-06-24,-0.011160600839881721,FUGAX,utilities,1999
1999-06-25,0.0031033202259276166,FUGAX,utilities,1999
1999-06-28,-0.0025135824841157495,FUGAX,utilities,1999
1999-06-29,-0.006274443277376056,FUGAX,utilities,1999
1999-06-30,-0.011688675924800506,FUGAX,utilities,1999
1999-07-01,-0.0028566379205662053,FUGAX,utilities,1999
1999-07-02,-0.005283598551446904,FUGAX,utilities,1999
1999-07-06,-0.00019234528371483745,FUGAX,utilities,1999
1999-07-07,0.004431813485939094,FUGAX,utilities,1999
1999-07-08,0.0024073453140362007,FUGAX,utilities,1999
1999-07-09,-0.008436152597229248,FUGAX,utilities,1999
1999-07-12,0.0075008646032167035,FUGAX,utilities,1999
1999-07-13,0.001961650739560503,FUGAX,utilities,1999
1999-07-14,-0.004796685849521212,FUGAX,utilities,1999
1999-07-15,0.0032944654574435283,FUGAX,utilities,1999
1999-07-16,0.006810916554332145,FUGAX,utilities,1999
1999-07-19,-0.0008391350589564582,FUGAX,utilities,1999
1999-07-20,-0.00034121473979444907,FUGAX,utilities,1999
1999-07-21,0.0038943888478274414,FUGAX,utilities,1999
1999-07-22,-0.0015365477116421299,FUGAX,utilities,1999
1999-07-23,0.0016544743338717605,FUGAX,utilities,1999
1999-07-26,-0.0003866259174742778,FUGAX,utilities,1999
1999-07-27,0.004269596247739088,FUGAX,utilities,1999
1999-07-28,-0.002432931048321073,FUGAX,utilities,1999
1999-07-29,-0.006212506817447727,FUGAX,utilities,1999
1999-07-30,0.003963255193370215,FUGAX,utilities,1999
1999-08-02,-0.0022224415697859926,FUGAX,utilities,1999
1999-08-03,-0.0035498912615849485,FUGAX,utilities,1999
1999-08-04,-0.013836309753721947,FUGAX,utilities,1999
1999-08-05,-0.006000342285872766,FUGAX,utilities,1999
1999-08-06,0.0026820644701343816,FUGAX,utilities,1999
1999-08-09,-0.009842845701993171,FUGAX,utilities,1999
1999-08-10,-0.014261234178017149,FUGAX,utilities,1999
1999-08-11,-0.004125862119857634,FUGAX,utilities,1999
1999-08-12,0.0027519818828107244,FUGAX,utilities,1999
1999-08-13,0.0011862797086738125,FUGAX,utilities,1999
1999-08-16,-0.010504739934244285,FUGAX,utilities,1999
1999-08-17,0.00425907153698759,FUGAX,utilities,1999
1999-08-18,-0.006370763722088967,FUGAX,utilities,1999
1999-08-19,-0.002633581808918259,FUGAX,utilities,1999
1999-08-20,-0.01870952191382102,FUGAX,utilities,1999
1999-08-23,-0.007048171893774423,FUGAX,utilities,1999
1999-08-24,-0.0021902117924234342,FUGAX,utilities,1999
1999-08-25,0.014370874401648883,FUGAX,utilities,1999
1999-08-26,0.0035182342843274646,FUGAX,utilities,1999
1999-08-27,-0.0009756634081975798,FUGAX,utilities,1999
1999-08-30,-0.0006520735516441396,FUGAX,utilities,1999
1999-08-31,-0.0036211311619947844,FUGAX,utilities,1999
1999-09-01,0.0020278632007131054,FUGAX,utilities,1999
1999-09-02,-0.003981221467088776,FUGAX,utilities,1999
1999-09-03,-0.0019369717763148726,FUGAX,utilities,1999
1999-09-07,0.0036550176372573545,FUGAX,utilities,1999
1999-09-08,-0.0024017897833193717,FUGAX,utilities,1999
1999-09-09,0.007598514622297464,FUGAX,utilities,1999
1999-09-10,-0.007978320230347813,FUGAX,utilities,1999
1999-09-13,0.008776729598542681,FUGAX,utilities,1999
1999-09-14,0.00434820411449474,FUGAX,utilities,1999
1999-09-15,0.00258396893855717,FUGAX,utilities,1999
1999-09-16,-0.0012511454456950954,FUGAX,utilities,1999
1999-09-17,0.0009769934845440444,FUGAX,utilities,1999
1999-09-20,0.0013086239038280331,FUGAX,utilities,1999
1999-09-21,0.008338214403205021,FUGAX,utilities,1999
1999-09-22,0.003725347966606417,FUGAX,utilities,1999
1999-09-23,-0.0013545838109152997,FUGAX,utilities,1999
1999-09-24,-0.0022501840121076674,FUGAX,utilities,1999
1999-09-27,0.0020622429680283464,FUGAX,utilities,1999
1999-09-28,0.0028262977833337973,FUGAX,utilities,1999
1999-09-29,0.002115774514370317,FUGAX,utilities,1999
1999-09-30,-0.006970756658151705,FUGAX,utilities,1999
1999-10-01,-0.003965835409187322,FUGAX,utilities,1999
1999-10-04,0.006170113948691368,FUGAX,utilities,1999
1999-10-05,-0.01014097070287386,FUGAX,utilities,1999
1999-10-06,0.008408966864973073,FUGAX,utilities,1999
1999-10-07,0.010394841957119776,FUGAX,utilities,1999
1999-10-08,0.00378485554210148,FUGAX,utilities,1999
1999-10-11,0.013193097332651001,FUGAX,utilities,1999
1999-10-12,-0.007838841493147161,FUGAX,utilities,1999
1999-10-13,0.009283818850745272,FUGAX,utilities,1999
1999-10-14,-0.004819285323722163,FUGAX,utilities,1999
1999-10-15,-0.0015157653229418352,FUGAX,utilities,1999
1999-10-18,-0.00658303321414639,FUGAX,utilities,1999
1999-10-19,-0.009565648600250557,FUGAX,utilities,1999
1999-10-20,0.0031046593065029143,FUGAX,utilities,1999
1999-10-21,-0.012320302621775497,FUGAX,utilities,1999
1999-10-22,0.0009414314545651524,FUGAX,utilities,1999
1999-10-25,0.006804134695696657,FUGAX,utilities,1999
1999-10-26,0.008521547208350636,FUGAX,utilities,1999
1999-10-27,-0.0020208466925991167,FUGAX,utilities,1999
1999-10-28,0.010542740453656448,FUGAX,utilities,1999
1999-10-29,-0.00019178430831113744,FUGAX,utilities,1999
1999-11-01,0.006436680022416485,FUGAX,utilities,1999
1999-11-02,-0.0060365379457696135,FUGAX,utilities,1999
1999-11-03,-0.0007022403796613057,FUGAX,utilities,1999
1999-11-04,-0.002906798086133617,FUGAX,utilities,1999
1999-11-05,0.002702379810920254,FUGAX,utilities,1999
1999-11-08,0.000374026903228181,FUGAX,utilities,1999
1999-11-09,-0.001704997757020951,FUGAX,utilities,1999
1999-11-10,0.0035706751891306197,FUGAX,utilities,1999
1999-11-11,0.0019418034501550562,FUGAX,utilities,1999
1999-11-12,-0.0026816663109183294,FUGAX,utilities,1999
1999-11-15,0.007347389369412788,FUGAX,utilities,1999
1999-11-16,0.0029740691577490918,FUGAX,utilities,1999
1999-11-17,-0.010929541663230742,FUGAX,utilities,1999
1999-11-18,0.004452334126771764,FUGAX,utilities,1999
1999-11-19,-0.0006349340538614229,FUGAX,utilities,1999
1999-11-22,-0.0016208251679086052,FUGAX,utilities,1999
1999-11-23,-0.005652021632275449,FUGAX,utilities,1999
1999-11-24,0.014393391866375694,FUGAX,utilities,1999
1999-11-26,0.015582352721571206,FUGAX,utilities,1999
1999-11-29,0.0033073560667756705,FUGAX,utilities,1999
1999-11-30,-0.010378162740449389,FUGAX,utilities,1999
1999-12-01,-0.012367284983321318,FUGAX,utilities,1999
1999-12-02,0.001913303771239004,FUGAX,utilities,1999
1999-12-03,3.448039250030996e-05,FUGAX,utilities,1999
1999-12-06,0.010935072668618035,FUGAX,utilities,1999
1999-12-07,0.008267201703108053,FUGAX,utilities,1999
1999-12-08,-0.0012695332451039551,FUGAX,utilities,1999
1999-12-09,0.0021499936920976676,FUGAX,utilities,1999
1999-12-10,-0.00851431532026788,FUGAX,utilities,1999
1999-12-13,-0.004550721567782247,FUGAX,utilities,1999
1999-12-14,0.0021566781070547986,FUGAX,utilities,1999
1999-12-15,-0.00552508911618921,FUGAX,utilities,1999
1999-12-16,-0.007126361245096087,FUGAX,utilities,1999
1999-12-17,-0.003131999030145844,FUGAX,utilities,1999
1999-12-20,0.007627274551825096,FUGAX,utilities,1999
1999-12-21,9.131635917845361e-05,FUGAX,utilities,1999
1999-12-22,-0.007939584153944725,FUGAX,utilities,1999
1999-12-23,-0.00378200641208694,FUGAX,utilities,1999
1999-12-27,-0.011133293500057852,FUGAX,utilities,1999
1999-12-28,0.011147054242422901,FUGAX,utilities,1999
1999-12-29,-0.006958841068839568,FUGAX,utilities,1999
1999-12-30,0.004169923286171131,FUGAX,utilities,1999
2000-01-05,-0.0003057065041381238,FUGAX,utilities,2000
2000-01-06,-0.0034518394206875056,FUGAX,utilities,2000
2000-01-07,-0.037249618219098696,FUGAX,utilities,2000
2000-01-10,0.02574649151791498,FUGAX,utilities,2000
2000-01-11,3.8155383875143264e-05,FUGAX,utilities,2000
2000-01-12,0.018735205263288285,FUGAX,utilities,2000
2000-01-13,0.0016603813424568587,FUGAX,utilities,2000
2000-01-14,0.0032556504685809853,FUGAX,utilities,2000
2000-01-18,0.01872805526548932,FUGAX,utilities,2000
2000-01-19,0.0017305706204258364,FUGAX,utilities,2000
2000-01-20,0.02187587394000417,FUGAX,utilities,2000
2000-01-21,0.020561996597046918,FUGAX,utilities,2000
2000-01-24,0.010749280337322292,FUGAX,utilities,2000
2000-01-25,-0.0250813136885868,FUGAX,utilities,2000
2000-01-26,0.002884787558685705,FUGAX,utilities,2000
2000-01-27,0.004976978427368454,FUGAX,utilities,2000
2000-01-28,0.0017549599036171225,FUGAX,utilities,2000
2000-01-31,0.009480966426340554,FUGAX,utilities,2000
2000-02-01,-0.002474084987615017,FUGAX,utilities,2000
2000-02-02,0.006156888360943474,FUGAX,utilities,2000
2000-02-03,-0.006023844481357254,FUGAX,utilities,2000
2000-02-04,0.009836270941474948,FUGAX,utilities,2000
2000-02-07,0.009125180966107697,FUGAX,utilities,2000
2000-02-08,0.01728147568784458,FUGAX,utilities,2000
2000-02-09,0.0048627159241502686,FUGAX,utilities,2000
2000-02-10,0.011626922166286137,FUGAX,utilities,2000
2000-02-11,0.001694287245335508,FUGAX,utilities,2000
2000-02-14,-0.001974806833460168,FUGAX,utilities,2000
2000-02-15,-0.012034983547487936,FUGAX,utilities,2000
2000-02-16,0.009326195120365015,FUGAX,utilities,2000
2000-02-17,0.021723619047126698,FUGAX,utilities,2000
2000-02-18,-0.0073802520316946126,FUGAX,utilities,2000
2000-02-22,0.006206135921030677,FUGAX,utilities,2000
2000-02-23,0.001160107144254286,FUGAX,utilities,2000
2000-02-24,0.01934926189608589,FUGAX,utilities,2000
2000-02-25,0.0008064988556811649,FUGAX,utilities,2000
2000-02-28,-0.015407309698629783,FUGAX,utilities,2000
2000-02-29,0.01319143245076345,FUGAX,utilities,2000
2000-03-01,0.019898107723003447,FUGAX,utilities,2000
2000-03-02,0.010758404983959007,FUGAX,utilities,2000
2000-03-03,0.01008886524079881,FUGAX,utilities,2000
2000-03-06,-0.00032151071845054613,FUGAX,utilities,2000
2000-03-07,0.0028719911962380128,FUGAX,utilities,2000
2000-03-08,0.012821401603525084,FUGAX,utilities,2000
2000-03-09,-0.0069513637997853026,FUGAX,utilities,2000
2000-03-10,0.01662949281884836,FUGAX,utilities,2000
2000-03-13,-0.005237119577927458,FUGAX,utilities,2000
2000-03-14,-0.007570566946750559,FUGAX,utilities,2000
2000-03-15,-0.04089002675177772,FUGAX,utilities,2000
2000-03-16,-0.01837060585811992,FUGAX,utilities,2000
2000-03-17,0.009528741658777599,FUGAX,utilities,2000
2000-03-20,-0.006995002644951611,FUGAX,utilities,2000
2000-03-21,-0.0028698459423047544,FUGAX,utilities,2000
2000-03-22,-0.000791302875508387,FUGAX,utilities,2000
2000-03-23,1.3410613344122177e-05,FUGAX,utilities,2000
2000-03-24,-0.005729456965848443,FUGAX,utilities,2000
2000-03-27,0.017885561178913326,FUGAX,utilities,2000
2000-03-28,-0.008349132609622546,FUGAX,utilities,2000
2000-03-29,-0.004726479907638424,FUGAX,utilities,2000
2000-03-30,-0.012562383019058335,FUGAX,utilities,2000
2000-03-31,0.007282578475493358,FUGAX,utilities,2000
2000-04-03,-0.033626205682090606,FUGAX,utilities,2000
2000-04-04,-0.031671212502449864,FUGAX,utilities,2000
2000-04-05,-0.0022710201711119184,FUGAX,utilities,2000
2000-04-06,0.010369802182346087,FUGAX,utilities,2000
2000-04-07,0.028153904266741536,FUGAX,utilities,2000
2000-04-10,-0.02918921483913988,FUGAX,utilities,2000
2000-04-11,-0.019548293866505063,FUGAX,utilities,2000
2000-04-12,-0.01992447716924475,FUGAX,utilities,2000
2000-04-13,0.004607058244227906,FUGAX,utilities,2000
2000-04-14,-0.004348490067255344,FUGAX,utilities,2000
2000-04-17,-0.03021578653456455,FUGAX,utilities,2000
2000-04-18,0.032984271936790585,FUGAX,utilities,2000
2000-04-19,0.017157948720039434,FUGAX,utilities,2000
2000-04-20,-0.01937532038362069,FUGAX,utilities,2000
2000-04-24,-0.022722400630617638,FUGAX,utilities,2000
2000-04-25,0.013198436037849683,FUGAX,utilities,2000
2000-04-26,-0.009608577717108012,FUGAX,utilities,2000
2000-04-27,0.018706726857335258,FUGAX,utilities,2000
2000-04-28,0.03026720682012843,FUGAX,utilities,2000
2000-05-01,0.020030498734375818,FUGAX,utilities,2000
2000-05-02,-0.0304328468166671,FUGAX,utilities,2000
2000-05-03,0.008733580498241463,FUGAX,utilities,2000
2000-05-04,0.004073345995346447,FUGAX,utilities,2000
2000-05-05,0.008435761065503993,FUGAX,utilities,2000
2000-05-08,-0.012371481442216682,FUGAX,utilities,2000
2000-05-09,-0.004567639548864516,FUGAX,utilities,2000
2000-05-10,-0.01589585329880623,FUGAX,utilities,2000
2000-05-11,-0.01144890426272417,FUGAX,utilities,2000
2000-05-12,-0.003358342747637669,FUGAX,utilities,2000
2000-05-15,0.0025349338459158648,FUGAX,utilities,2000
2000-05-16,0.019455760927602282,FUGAX,utilities,2000
2000-05-17,-0.0035974702778698627,FUGAX,utilities,2000
2000-05-18,-0.0030338434930224645,FUGAX,utilities,2000
2000-05-19,-0.044925650855333746,FUGAX,utilities,2000
2000-05-22,-0.012577948903810641,FUGAX,utilities,2000
2000-05-23,-0.031739749043670225,FUGAX,utilities,2000
2000-05-24,0.009819780440084875,FUGAX,utilities,2000
2000-05-25,0.0280314848039219,FUGAX,utilities,2000
2000-05-26,0.003933975617655697,FUGAX,utilities,2000
2000-05-30,0.036865234083887005,FUGAX,utilities,2000
2000-05-31,-0.00833322377460876,FUGAX,utilities,2000
2000-06-01,0.017157976005562035,FUGAX,utilities,2000
2000-06-02,0.03820673886028298,FUGAX,utilities,2000
2000-06-05,0.004443596942754615,FUGAX,utilities,2000
2000-06-06,-0.011925463362588045,FUGAX,utilities,2000
2000-06-07,0.008069710542915175,FUGAX,utilities,2000
2000-06-08,6.945389689154598e-06,FUGAX,utilities,2000
2000-06-09,0.01626330732327558,FUGAX,utilities,2000
2000-06-12,-0.004285422582403942,FUGAX,utilities,2000
2000-06-13,0.013749018864503047,FUGAX,utilities,2000
2000-06-14,-0.005045712417066819,FUGAX,utilities,2000
2000-06-15,0.015137755305993126,FUGAX,utilities,2000
2000-06-16,0.010565294042666354,FUGAX,utilities,2000
2000-06-19,0.002467219416043248,FUGAX,utilities,2000
2000-06-20,-0.007306138887344667,FUGAX,utilities,2000
2000-06-21,0.0038332904828695486,FUGAX,utilities,2000
2000-06-22,-0.009149949994544132,FUGAX,utilities,2000
2000-06-23,-0.012314756303659071,FUGAX,utilities,2000
2000-06-26,0.007429650520233526,FUGAX,utilities,2000
2000-06-27,0.0036743950593375414,FUGAX,utilities,2000
2000-06-28,-0.011419570934267612,FUGAX,utilities,2000
2000-06-29,-0.012326463627895468,FUGAX,utilities,2000
2000-06-30,0.010333478796978686,FUGAX,utilities,2000
2000-07-03,0.0012536100924038559,FUGAX,utilities,2000
2000-07-05,0.016976890834015424,FUGAX,utilities,2000
2000-07-06,0.011905766739351132,FUGAX,utilities,2000
2000-07-07,-0.005614098885004399,FUGAX,utilities,2000
2000-07-10,-0.005352790508238694,FUGAX,utilities,2000
2000-07-11,0.010245822436421949,FUGAX,utilities,2000
2000-07-12,0.0206873156313621,FUGAX,utilities,2000
2000-07-13,0.008157349640003253,FUGAX,utilities,2000
2000-07-14,0.007218687885219677,FUGAX,utilities,2000
2000-07-17,-0.009459163269398827,FUGAX,utilities,2000
2000-07-18,-0.008577274807315011,FUGAX,utilities,2000
2000-07-19,0.005718509620607493,FUGAX,utilities,2000
2000-07-20,0.011317767097748694,FUGAX,utilities,2000
2000-07-21,-0.0014228696534431956,FUGAX,utilities,2000
2000-07-24,-0.04224737484788089,FUGAX,utilities,2000
2000-07-25,0.010314421884043811,FUGAX,utilities,2000
2000-07-26,-0.005888177087496754,FUGAX,utilities,2000
2000-07-27,-0.04121812903043627,FUGAX,utilities,2000
2000-07-28,-0.007678511503256068,FUGAX,utilities,2000
2000-07-31,0.0036297981856451417,FUGAX,utilities,2000
2000-08-01,-0.002846508804205075,FUGAX,utilities,2000
2000-08-02,-0.01176409654751205,FUGAX,utilities,2000
2000-08-03,0.0012068798508861342,FUGAX,utilities,2000
2000-08-04,0.004007336304198715,FUGAX,utilities,2000
2000-08-07,-0.0016339578951108519,FUGAX,utilities,2000
2000-08-08,-0.024069053627079628,FUGAX,utilities,2000
2000-08-09,0.005724816998483734,FUGAX,utilities,2000
2000-08-10,-0.0008704699636393988,FUGAX,utilities,2000
2000-08-11,-0.003910730959817582,FUGAX,utilities,2000
2000-08-14,0.0017099164501332594,FUGAX,utilities,2000
2000-08-15,-0.0064409053671062415,FUGAX,utilities,2000
2000-08-16,-0.0040074280386635745,FUGAX,utilities,2000
2000-08-17,0.01296316742496267,FUGAX,utilities,2000
2000-08-18,0.0006150485811576693,FUGAX,utilities,2000
2000-08-21,-0.010751418415397404,FUGAX,utilities,2000
2000-08-22,-0.004768899007115499,FUGAX,utilities,2000
2000-08-23,-0.0013124890970545062,FUGAX,utilities,2000
2000-08-24,0.0004200584926856753,FUGAX,utilities,2000
2000-08-25,0.00460339258709294,FUGAX,utilities,2000
2000-08-28,0.008725600187248222,FUGAX,utilities,2000
2000-08-29,-0.013017074973062233,FUGAX,utilities,2000
2000-08-30,0.015880885620592963,FUGAX,utilities,2000
2000-08-31,0.009129318015712283,FUGAX,utilities,2000
2000-09-01,0.013921845973283338,FUGAX,utilities,2000
2000-09-05,-0.007434875055196719,FUGAX,utilities,2000
2000-09-06,8.035010732819654e-05,FUGAX,utilities,2000
2000-09-07,-0.008407946604944984,FUGAX,utilities,2000
2000-09-08,0.001314873559145697,FUGAX,utilities,2000
2000-09-11,-0.010490673018732705,FUGAX,utilities,2000
2000-09-12,0.008569161145234174,FUGAX,utilities,2000
2000-09-13,0.004388275539177575,FUGAX,utilities,2000
2000-09-14,-0.008174415136580071,FUGAX,utilities,2000
2000-09-15,0.0061388782309842165,FUGAX,utilities,2000
2000-09-18,-0.022748016881822757,FUGAX,utilities,2000
2000-09-19,-0.008490385621842495,FUGAX,utilities,2000
2000-09-20,-0.033285317383582175,FUGAX,utilities,2000
2000-09-21,-0.004084326761812841,FUGAX,utilities,2000
2000-09-22,-0.0064495912790686356,FUGAX,utilities,2000
2000-09-25,0.018840328058141488,FUGAX,utilities,2000
2000-09-26,0.0055883017695919565,FUGAX,utilities,2000
2000-09-27,-0.0023332008861053095,FUGAX,utilities,2000
2000-09-28,0.019419665722302738,FUGAX,utilities,2000
2000-09-29,0.014835520277759699,FUGAX,utilities,2000
2000-10-02,-0.015710172487446977,FUGAX,utilities,2000
2000-10-03,-0.008101282998580008,FUGAX,utilities,2000
2000-10-04,0.015950596858482546,FUGAX,utilities,2000
2000-10-05,-0.010788162255567937,FUGAX,utilities,2000
2000-10-06,0.0015482339483911187,FUGAX,utilities,2000
2000-10-09,0.0023414891045679754,FUGAX,utilities,2000
2000-10-10,0.006728546075780717,FUGAX,utilities,2000
2000-10-11,-0.022346406955863415,FUGAX,utilities,2000
2000-10-12,-0.009854217875576256,FUGAX,utilities,2000
2000-10-13,0.0027122676418406856,FUGAX,utilities,2000
2000-10-16,-0.013008008763912329,FUGAX,utilities,2000
2000-10-17,0.009280360250134824,FUGAX,utilities,2000
2000-10-18,-0.010353727982997428,FUGAX,utilities,2000
2000-10-19,0.00011479020765275266,FUGAX,utilities,2000
2000-10-20,0.007872215198070449,FUGAX,utilities,2000
2000-10-23,0.012112162593661817,FUGAX,utilities,2000
2000-10-24,0.014267012133766747,FUGAX,utilities,2000
2000-10-25,-0.005337751213379201,FUGAX,utilities,2000
2000-10-26,-0.02451158675964332,FUGAX,utilities,2000
2000-10-27,0.015621396901993132,FUGAX,utilities,2000
2000-10-30,0.01019856951583155,FUGAX,utilities,2000
2000-10-31,0.006771166091130692,FUGAX,utilities,2000
2000-11-01,-0.017273838869775626,FUGAX,utilities,2000
2000-11-02,0.002145227604311746,FUGAX,utilities,2000
2000-11-03,-0.011293137692962233,FUGAX,utilities,2000
2000-11-06,-0.01960118977214107,FUGAX,utilities,2000
2000-11-07,0.005628871987640735,FUGAX,utilities,2000
2000-11-08,0.017246724983352273,FUGAX,utilities,2000
2000-11-09,-0.013884205618878678,FUGAX,utilities,2000
2000-11-10,0.0005702596280494285,FUGAX,utilities,2000
2000-11-13,0.017502027700800143,FUGAX,utilities,2000
2000-11-14,-0.012074662301107035,FUGAX,utilities,2000
2000-11-15,0.0008912225058452378,FUGAX,utilities,2000
2000-11-16,0.010036065112362737,FUGAX,utilities,2000
2000-11-17,-0.02452704461217266,FUGAX,utilities,2000
2000-11-20,-0.00223879697148866,FUGAX,utilities,2000
2000-11-21,-0.008700647596869438,FUGAX,utilities,2000
2000-11-22,0.01174470799479532,FUGAX,utilities,2000
2000-11-24,-0.005486285340291197,FUGAX,utilities,2000
2000-11-27,-0.005371229977922443,FUGAX,utilities,2000
2000-11-28,0.006888652756771422,FUGAX,utilities,2000
2000-11-29,-0.009774583170566824,FUGAX,utilities,2000
2000-11-30,0.0006866571872582387,FUGAX,utilities,2000
2000-12-01,-0.003113168363239901,FUGAX,utilities,2000
2000-12-04,-0.0006000276847347597,FUGAX,utilities,2000
2000-12-05,-0.00026919947483850654,FUGAX,utilities,2000
2000-12-06,0.01677296300700264,FUGAX,utilities,2000
2000-12-07,0.0012368243498632383,FUGAX,utilities,2000
2000-12-08,0.009244603041548817,FUGAX,utilities,2000
2000-12-11,-0.020612710173103094,FUGAX,utilities,2000
2000-12-12,0.012072784412808617,FUGAX,utilities,2000
2000-12-13,0.027279110878151273,FUGAX,utilities,2000
2000-12-14,0.0012844644403156302,FUGAX,utilities,2000
2000-12-15,0.005389908602150186,FUGAX,utilities,2000
2000-12-18,-0.013221854360331436,FUGAX,utilities,2000
2000-12-19,-0.020782288439146767,FUGAX,utilities,2000
2000-12-20,-0.013952329640955104,FUGAX,utilities,2000
2000-12-21,-0.01213438486082452,FUGAX,utilities,2000
2000-12-22,0.00010569324343547709,FUGAX,utilities,2000
2000-12-26,0.0046958185215430995,FUGAX,utilities,2000
2000-12-27,-0.0013481622557123193,FUGAX,utilities,2000
2000-12-28,-0.0012860537480441732,FUGAX,utilities,2000
2000-12-29,0.020159333979102734,FUGAX,utilities,2000
2001-01-03,0.012597383600501472,FUGAX,utilities,2001
2001-01-04,0.021931467338919132,FUGAX,utilities,2001
2001-01-05,-0.005305639862685976,FUGAX,utilities,2001
2001-01-08,-0.004979019403477086,FUGAX,utilities,2001
2001-01-09,0.03161055123501638,FUGAX,utilities,2001
2001-01-10,0.0065484945038177915,FUGAX,utilities,2001
2001-01-11,0.015233043668139686,FUGAX,utilities,2001
2001-01-12,0.003395633756273616,FUGAX,utilities,2001
2001-01-16,-0.00816920345161037,FUGAX,utilities,2001
2001-01-17,0.006039869431915066,FUGAX,utilities,2001
2001-01-18,0.006376267848132046,FUGAX,utilities,2001
2001-01-19,-0.00270305728778532,FUGAX,utilities,2001
2001-01-22,-0.020516142118170086,FUGAX,utilities,2001
2001-01-23,0.004390784648514736,FUGAX,utilities,2001
2001-01-24,3.914423642911442e-05,FUGAX,utilities,2001
2001-01-25,-0.013144090070675988,FUGAX,utilities,2001
2001-01-26,-0.007787291219604366,FUGAX,utilities,2001
2001-01-29,0.021835288590522417,FUGAX,utilities,2001
2001-01-30,-0.001603431250704928,FUGAX,utilities,2001
2001-01-31,-0.0027707515398334567,FUGAX,utilities,2001
2001-02-01,0.005154503885131293,FUGAX,utilities,2001
2001-02-02,-0.015458862667034275,FUGAX,utilities,2001
2001-02-05,0.003086336675305234,FUGAX,utilities,2001
2001-02-06,0.00532772112796981,FUGAX,utilities,2001
2001-02-07,-0.008577144753622418,FUGAX,utilities,2001
2001-02-08,0.005926468569905951,FUGAX,utilities,2001
2001-02-09,-0.008724510013660328,FUGAX,utilities,2001
2001-02-12,0.004094745562356368,FUGAX,utilities,2001
2001-02-13,0.001706875323068754,FUGAX,utilities,2001
2001-02-14,-0.018666931865830683,FUGAX,utilities,2001
2001-02-15,-0.007557251496883517,FUGAX,utilities,2001
2001-02-16,0.0030512415180542155,FUGAX,utilities,2001
2001-02-20,-0.0029119096008682274,FUGAX,utilities,2001
2001-02-21,-0.003338760469398334,FUGAX,utilities,2001
2001-02-22,0.009028053125751244,FUGAX,utilities,2001
2001-02-23,0.003681185730702745,FUGAX,utilities,2001
2001-02-26,0.010824732916617983,FUGAX,utilities,2001
2001-02-27,0.005419506034090269,FUGAX,utilities,2001
2001-02-28,-0.002499748101525749,FUGAX,utilities,2001
2001-03-01,-0.021796306693999012,FUGAX,utilities,2001
2001-03-02,0.014896941844317491,FUGAX,utilities,2001
2001-03-05,-0.00658483367132577,FUGAX,utilities,2001
2001-03-06,0.006519331618764308,FUGAX,utilities,2001
2001-03-07,-0.010935665234702173,FUGAX,utilities,2001
2001-03-08,0.007908444627483505,FUGAX,utilities,2001
2001-03-09,0.0009169659275955616,FUGAX,utilities,2001
2001-03-12,0.000512471538623438,FUGAX,utilities,2001
2001-03-13,-0.0022555192797864623,FUGAX,utilities,2001
2001-03-14,-0.021882482183474793,FUGAX,utilities,2001
2001-03-15,0.015953055764247024,FUGAX,utilities,2001
2001-03-16,-0.00010675980148602479,FUGAX,utilities,2001
2001-03-19,0.0021476711259112036,FUGAX,utilities,2001
2001-03-20,-0.006910643246351919,FUGAX,utilities,2001
2001-03-21,-0.005338885029686845,FUGAX,utilities,2001
2001-03-22,-0.006805635718451,FUGAX,utilities,2001
2001-03-23,-0.002530305385869635,FUGAX,utilities,2001
2001-03-26,0.0189887841140666,FUGAX,utilities,2001
2001-03-27,0.0177720055596551,FUGAX,utilities,2001
2001-03-28,-0.015189019034182207,FUGAX,utilities,2001
2001-03-29,0.0038884486400830994,FUGAX,utilities,2001
2001-03-30,-0.005490857593789645,FUGAX,utilities,2001
2001-04-02,0.008154208339804105,FUGAX,utilities,2001
2001-04-03,-0.010410983919527474,FUGAX,utilities,2001
2001-04-04,-0.00820902789234127,FUGAX,utilities,2001
2001-04-05,0.006480593597947667,FUGAX,utilities,2001
2001-04-06,-0.01068590720151005,FUGAX,utilities,2001
2001-04-09,0.007553333969288225,FUGAX,utilities,2001
2001-04-10,0.02405246106103058,FUGAX,utilities,2001
2001-04-11,0.0032238811175093465,FUGAX,utilities,2001
2001-04-12,-0.004085085666699028,FUGAX,utilities,2001
2001-04-16,0.007547067269366445,FUGAX,utilities,2001
2001-04-17,0.0006211003286671589,FUGAX,utilities,2001
2001-04-18,-0.0019192915811683878,FUGAX,utilities,2001
2001-04-19,-0.00044706345362930354,FUGAX,utilities,2001
2001-04-20,-0.010586994636144157,FUGAX,utilities,2001
2001-04-23,-0.0008248700944677601,FUGAX,utilities,2001
2001-04-24,0.0014072585040300766,FUGAX,utilities,2001
2001-04-25,0.01112225488349596,FUGAX,utilities,2001
2001-04-26,-0.0014392637558531146,FUGAX,utilities,2001
2001-04-27,0.0024572301526729814,FUGAX,utilities,2001
2001-04-30,-0.008287475091994496,FUGAX,utilities,2001
2001-05-01,0.014832349469585598,FUGAX,utilities,2001
2001-05-02,0.004716686681170127,FUGAX,utilities,2001
2001-05-03,-0.0016106331361378373,FUGAX,utilities,2001
2001-05-04,-0.003739399882118177,FUGAX,utilities,2001
2001-05-07,0.012543668098952129,FUGAX,utilities,2001
2001-05-08,-0.013708437389120044,FUGAX,utilities,2001
2001-05-09,-0.006926121504729784,FUGAX,utilities,2001
2001-05-10,-0.004249281255026391,FUGAX,utilities,2001
2001-05-11,0.0012171438429455458,FUGAX,utilities,2001
2001-05-14,0.0008937304336144535,FUGAX,utilities,2001
2001-05-15,-0.002841302810235633,FUGAX,utilities,2001
2001-05-16,0.005379394733000156,FUGAX,utilities,2001
2001-05-17,-0.001361345718284576,FUGAX,utilities,2001
2001-05-18,0.004128493828756988,FUGAX,utilities,2001
2001-05-21,-0.0010073045494593223,FUGAX,utilities,2001
2001-05-22,-0.00498578698973341,FUGAX,utilities,2001
2001-05-23,-0.0005168829979250358,FUGAX,utilities,2001
2001-05-24,-0.00042043621939600803,FUGAX,utilities,2001
2001-05-25,0.002746796536054456,FUGAX,utilities,2001
2001-05-29,-0.0018249826143216033,FUGAX,utilities,2001
2001-05-30,-0.003493612543629083,FUGAX,utilities,2001
2001-05-31,0.012985250193631516,FUGAX,utilities,2001
2001-06-01,-0.009022809049773196,FUGAX,utilities,2001
2001-06-04,-0.001687994405763675,FUGAX,utilities,2001
2001-06-05,-0.0004870941459181417,FUGAX,utilities,2001
2001-06-06,-0.007964205043115931,FUGAX,utilities,2001
2001-06-07,-0.009235497118290774,FUGAX,utilities,2001
2001-06-08,0.006050564674775969,FUGAX,utilities,2001
2001-06-11,0.004543413086223443,FUGAX,utilities,2001
2001-06-12,-0.005628352766754353,FUGAX,utilities,2001
2001-06-13,-0.002956394438497314,FUGAX,utilities,2001
2001-06-14,-0.0014722438295562412,FUGAX,utilities,2001
2001-06-15,-0.0027923657295721963,FUGAX,utilities,2001
2001-06-18,-0.013878253590982407,FUGAX,utilities,2001
2001-06-19,0.0014514730474503921,FUGAX,utilities,2001
2001-06-20,0.00492832345018405,FUGAX,utilities,2001
2001-06-21,-0.004745729894116696,FUGAX,utilities,2001
2001-06-22,0.0023256293093380336,FUGAX,utilities,2001
2001-06-25,0.001214961588226168,FUGAX,utilities,2001
2001-06-26,0.004700141020848954,FUGAX,utilities,2001
2001-06-27,0.0007267772960629789,FUGAX,utilities,2001
2001-06-28,0.015583400651513602,FUGAX,utilities,2001
2001-06-29,0.008477194355395784,FUGAX,utilities,2001
2001-07-02,0.002990858859190435,FUGAX,utilities,2001
2001-07-03,-0.0034185563747687626,FUGAX,utilities,2001
2001-07-05,0.0078120799245605934,FUGAX,utilities,2001
2001-07-06,0.0026352372970193955,FUGAX,utilities,2001
2001-07-09,-0.014762361458884345,FUGAX,utilities,2001
2001-07-10,0.0436963285897126,FUGAX,utilities,2001
2001-07-11,-0.0029733955063128803,FUGAX,utilities,2001
2001-07-12,-0.0094132351861048,FUGAX,utilities,2001
2001-07-13,-0.010810129729967031,FUGAX,utilities,2001
2001-07-16,0.009570836808035192,FUGAX,utilities,2001
2001-07-17,-0.00021531063493517542,FUGAX,utilities,2001
2001-07-18,-0.002781889397408672,FUGAX,utilities,2001
2001-07-19,0.0015159876572152647,FUGAX,utilities,2001
2001-07-20,-0.006603994096471059,FUGAX,utilities,2001
2001-07-23,-0.0032272424238623722,FUGAX,utilities,2001
2001-07-24,-0.015747302064245124,FUGAX,utilities,2001
2001-07-25,0.016683445664124975,FUGAX,utilities,2001
2001-07-26,0.00047445720967015555,FUGAX,utilities,2001
2001-07-27,0.005661964356421969,FUGAX,utilities,2001
2001-07-30,0.00010465873585593054,FUGAX,utilities,2001
2001-07-31,-0.00447946287040616,FUGAX,utilities,2001
2001-08-01,0.003940360389974493,FUGAX,utilities,2001
2001-08-02,-0.0050921167274112986,FUGAX,utilities,2001
2001-08-03,-0.0005063550514284908,FUGAX,utilities,2001
2001-08-06,-0.004924782818374768,FUGAX,utilities,2001
2001-08-07,-0.0030167690449833754,FUGAX,utilities,2001
2001-08-08,-0.006996683251167386,FUGAX,utilities,2001
2001-08-09,-0.003058886421723107,FUGAX,utilities,2001
2001-08-10,0.006845340166633939,FUGAX,utilities,2001
2001-08-13,0.00015927817839108405,FUGAX,utilities,2001
2001-08-14,0.0012968134523304179,FUGAX,utilities,2001
2001-08-15,-0.004569371425804346,FUGAX,utilities,2001
2001-08-16,0.0006882501506432158,FUGAX,utilities,2001
2001-08-17,-0.0030070225382395153,FUGAX,utilities,2001
2001-08-20,0.0029825443605826603,FUGAX,utilities,2001
2001-08-21,0.0024325065703459763,FUGAX,utilities,2001
2001-08-22,-0.012316685781371453,FUGAX,utilities,2001
2001-08-23,-0.0013841412330107862,FUGAX,utilities,2001
2001-08-24,-0.0034180167250462846,FUGAX,utilities,2001
2001-08-27,-0.0004200293302471514,FUGAX,utilities,2001
2001-08-28,0.006886405864225122,FUGAX,utilities,2001
2001-08-29,0.0022648573374020346,FUGAX,utilities,2001
2001-08-30,-0.0005017884132716768,FUGAX,utilities,2001
2001-08-31,-0.0011394846901333442,FUGAX,utilities,2001
2001-09-04,0.0033027476656564475,FUGAX,utilities,2001
2001-09-05,-0.01058209016922551,FUGAX,utilities,2001
2001-09-06,-0.0013163891874985283,FUGAX,utilities,2001
2001-09-07,0.0042690836751557975,FUGAX,utilities,2001
2001-09-10,0.011821560419271005,FUGAX,utilities,2001
2001-09-17,0.013794206573579694,FUGAX,utilities,2001
2001-09-18,0.015270114400545473,FUGAX,utilities,2001
2001-09-19,0.010533700805028483,FUGAX,utilities,2001
2001-09-20,0.022134700302922992,FUGAX,utilities,2001
2001-09-21,-0.021527582171552487,FUGAX,utilities,2001
2001-09-24,-0.002687170720887335,FUGAX,utilities,2001
2001-09-25,0.004986210724983434,FUGAX,utilities,2001
2001-09-26,-0.03225219297572487,FUGAX,utilities,2001
2001-09-27,-0.011669599676498922,FUGAX,utilities,2001
2001-09-28,0.0025048747933042372,FUGAX,utilities,2001
2001-10-01,-0.004534794350125295,FUGAX,utilities,2001
2001-10-02,0.005255876447380169,FUGAX,utilities,2001
2001-10-03,-0.0037449538667005747,FUGAX,utilities,2001
2001-10-04,0.0019667130083306167,FUGAX,utilities,2001
2001-10-05,-0.0005328347625558653,FUGAX,utilities,2001
2001-10-08,0.007757499591542072,FUGAX,utilities,2001
2001-10-09,0.004737679388566006,FUGAX,utilities,2001
2001-10-10,-0.001732773298747093,FUGAX,utilities,2001
2001-10-11,-0.013931971179997034,FUGAX,utilities,2001
2001-10-12,-0.0030955429176165446,FUGAX,utilities,2001
2001-10-15,-0.006467877335703163,FUGAX,utilities,2001
2001-10-16,-0.007688979498874501,FUGAX,utilities,2001
2001-10-17,0.0015939275540453636,FUGAX,utilities,2001
2001-10-18,-0.013968447890032563,FUGAX,utilities,2001
2001-10-19,0.003066941959357164,FUGAX,utilities,2001
2001-10-22,-0.024632535301134066,FUGAX,utilities,2001
2001-10-23,-0.014634375565105506,FUGAX,utilities,2001
2001-10-24,-0.004116324250604795,FUGAX,utilities,2001
2001-10-25,-0.010405941297125151,FUGAX,utilities,2001
2001-10-26,0.008187055255395561,FUGAX,utilities,2001
2001-10-29,0.008782229080652043,FUGAX,utilities,2001
2001-10-30,-0.00882305909003167,FUGAX,utilities,2001
2001-10-31,-0.0053861903337361645,FUGAX,utilities,2001
2001-11-01,-0.004265175121037855,FUGAX,utilities,2001
2001-11-02,-0.005147989871166779,FUGAX,utilities,2001
2001-11-05,0.005775544263894768,FUGAX,utilities,2001
2001-11-06,-0.010330126338346008,FUGAX,utilities,2001
2001-11-07,-0.009811261498997735,FUGAX,utilities,2001
2001-11-08,0.010173378233682815,FUGAX,utilities,2001
2001-11-09,0.004336309329396341,FUGAX,utilities,2001
2001-11-12,-0.0017530612554332997,FUGAX,utilities,2001
2001-11-13,-0.002452475589008442,FUGAX,utilities,2001
2001-11-14,0.0027960968133004705,FUGAX,utilities,2001
2001-11-15,0.01853015574197684,FUGAX,utilities,2001
2001-11-16,0.006430925588462354,FUGAX,utilities,2001
2001-11-19,-0.008127058505323395,FUGAX,utilities,2001
2001-11-20,-0.003053048089699641,FUGAX,utilities,2001
2001-11-21,-0.0012706985320709721,FUGAX,utilities,2001
2001-11-23,-0.0041248067097166795,FUGAX,utilities,2001
2001-11-26,0.005767245659413179,FUGAX,utilities,2001
2001-11-27,-0.0073965972641793784,FUGAX,utilities,2001
2001-11-28,0.0034940464909611196,FUGAX,utilities,2001
2001-11-29,-0.0042566318746793215,FUGAX,utilities,2001
2001-11-30,0.0005780601991538922,FUGAX,utilities,2001
2001-12-03,0.0028644639407662087,FUGAX,utilities,2001
2001-12-04,-0.004266451745429125,FUGAX,utilities,2001
2001-12-05,-0.0037042453991722336,FUGAX,utilities,2001
2001-12-06,0.00452330613310636,FUGAX,utilities,2001
2001-12-07,-0.00658490775952016,FUGAX,utilities,2001
2001-12-10,-0.000769257860254972,FUGAX,utilities,2001
2001-12-11,-0.003783561417322776,FUGAX,utilities,2001
2001-12-12,0.0003403535645705172,FUGAX,utilities,2001
2001-12-13,0.012081185792234873,FUGAX,utilities,2001
2001-12-14,-0.0038494151718511016,FUGAX,utilities,2001
2001-12-17,0.012149222697651996,FUGAX,utilities,2001
2001-12-18,-0.0006571522039352747,FUGAX,utilities,2001
2001-12-19,0.00012561340638929646,FUGAX,utilities,2001
2001-12-20,0.010922792388214137,FUGAX,utilities,2001
2001-12-21,-0.00765180299592306,FUGAX,utilities,2001
2001-12-24,0.003947620368073439,FUGAX,utilities,2001
2001-12-26,-0.0011389303020001153,FUGAX,utilities,2001
2001-12-27,0.006864026991158754,FUGAX,utilities,2001
2001-12-28,0.006733468426988193,FUGAX,utilities,2001
2001-12-29,0.000331677548507105,FUGAX,utilities,2001
2001-12-30,0.000331677548507105,FUGAX,utilities,2001
2001-12-31,0.000331677548507105,FUGAX,utilities,2001
2002-01-01,0.0006254939405856417,FUGAX,utilities,2002
2002-01-03,-0.003413233008522135,FUGAX,utilities,2002
2002-01-04,-0.0033368361744060184,FUGAX,utilities,2002
2002-01-07,0.00046951201756136214,FUGAX,utilities,2002
2002-01-08,0.0002804438484076445,FUGAX,utilities,2002
2002-01-09,-0.007620227309334228,FUGAX,utilities,2002
2002-01-10,-0.0014603254316907547,FUGAX,utilities,2002
2002-01-11,0.005611956256529533,FUGAX,utilities,2002
2002-01-14,0.002703567110467742,FUGAX,utilities,2002
2002-01-15,-0.005251533582721235,FUGAX,utilities,2002
2002-01-16,0.004220863398955263,FUGAX,utilities,2002
2002-01-17,-0.010896379580485178,FUGAX,utilities,2002
2002-01-18,-0.0018285460546325046,FUGAX,utilities,2002
2002-01-22,-0.0077521680641514205,FUGAX,utilities,2002
2002-01-23,0.00463974888438468,FUGAX,utilities,2002
2002-01-24,-0.0003335422488547513,FUGAX,utilities,2002
2002-01-25,-0.004614406852798698,FUGAX,utilities,2002
2002-01-28,-0.0008158026753068442,FUGAX,utilities,2002
2002-01-29,0.0004124815273171996,FUGAX,utilities,2002
2002-01-30,-0.01836130260210983,FUGAX,utilities,2002
2002-01-31,0.004035703440597553,FUGAX,utilities,2002
2002-02-01,-0.0019525805586608483,FUGAX,utilities,2002
2002-02-04,-0.014512390403798685,FUGAX,utilities,2002
2002-02-05,-0.014344943175169225,FUGAX,utilities,2002
2002-02-06,-0.01118482454035157,FUGAX,utilities,2002
2002-02-07,0.018689702940186518,FUGAX,utilities,2002
2002-02-08,0.002069716959710942,FUGAX,utilities,2002
2002-02-11,-0.005175774819356974,FUGAX,utilities,2002
2002-02-12,-0.0018260274497116846,FUGAX,utilities,2002
2002-02-13,-0.007193387281194933,FUGAX,utilities,2002
2002-02-14,-0.01462823509602548,FUGAX,utilities,2002
2002-02-15,-0.007076326235494196,FUGAX,utilities,2002
2002-02-19,-0.008868965951752468,FUGAX,utilities,2002
2002-02-20,0.0020351946213770337,FUGAX,utilities,2002
2002-02-21,-0.0035303605379053277,FUGAX,utilities,2002
2002-02-22,0.0030735560201593983,FUGAX,utilities,2002
2002-02-25,0.012810103163496947,FUGAX,utilities,2002
2002-02-26,0.0057558306597859325,FUGAX,utilities,2002
2002-02-27,5.1855890047032994e-05,FUGAX,utilities,2002
2002-02-28,0.011987533220253158,FUGAX,utilities,2002
2002-03-01,0.0011895312815971455,FUGAX,utilities,2002
2002-03-04,-0.006273022619880108,FUGAX,utilities,2002
2002-03-05,0.006542351157950691,FUGAX,utilities,2002
2002-03-06,0.03220148249047254,FUGAX,utilities,2002
2002-03-07,-0.00872319911608859,FUGAX,utilities,2002
2002-03-08,-0.001199761332636494,FUGAX,utilities,2002
2002-03-11,0.006083214448895981,FUGAX,utilities,2002
2002-03-12,-0.004447718579473709,FUGAX,utilities,2002
2002-03-13,-0.004292816251223554,FUGAX,utilities,2002
2002-03-14,-0.004723690992067546,FUGAX,utilities,2002
2002-03-15,-0.004697948596345567,FUGAX,utilities,2002
2002-03-18,0.009421400863383646,FUGAX,utilities,2002
2002-03-19,-0.012875463347915877,FUGAX,utilities,2002
2002-03-20,0.009470036322438287,FUGAX,utilities,2002
2002-03-21,0.010075470141668636,FUGAX,utilities,2002
2002-03-22,-0.011360826855451079,FUGAX,utilities,2002
2002-03-25,9.289264000418747e-05,FUGAX,utilities,2002
2002-03-26,-0.004109433354518537,FUGAX,utilities,2002
2002-03-27,-0.00483082101548412,FUGAX,utilities,2002
2002-03-28,0.008468619650659297,FUGAX,utilities,2002
2002-04-01,-0.0013816615387222154,FUGAX,utilities,2002
2002-04-02,-0.003164021059796536,FUGAX,utilities,2002
2002-04-03,0.008016556209893666,FUGAX,utilities,2002
2002-04-04,0.004011955705349538,FUGAX,utilities,2002
2002-04-05,-0.004515498524069034,FUGAX,utilities,2002
2002-04-08,-0.006131162132912554,FUGAX,utilities,2002
2002-04-09,-0.017221627334293277,FUGAX,utilities,2002
2002-04-10,-0.006883523166008605,FUGAX,utilities,2002
2002-04-11,-0.018658543812711804,FUGAX,utilities,2002
2002-04-12,0.009726824217134389,FUGAX,utilities,2002
2002-04-15,-0.0010921112553752537,FUGAX,utilities,2002
2002-04-16,0.04345873228723958,FUGAX,utilities,2002
2002-04-17,0.003191017418982968,FUGAX,utilities,2002
2002-04-18,-0.010888880261382756,FUGAX,utilities,2002
2002-04-19,-0.015079240697230958,FUGAX,utilities,2002
2002-04-22,-0.01331428370576933,FUGAX,utilities,2002
2002-04-23,0.010339911197486047,FUGAX,utilities,2002
2002-04-24,0.008811600930733061,FUGAX,utilities,2002
2002-04-25,-0.0015784252025333547,FUGAX,utilities,2002
2002-04-26,-0.0023727973732845346,FUGAX,utilities,2002
2002-04-29,-0.025844751099580635,FUGAX,utilities,2002
2002-04-30,0.006874163217533314,FUGAX,utilities,2002
2002-05-01,0.009809323655409728,FUGAX,utilities,2002
2002-05-02,-0.008771740282246747,FUGAX,utilities,2002
2002-05-03,-0.006850233620784046,FUGAX,utilities,2002
2002-05-06,0.0018665048848442861,FUGAX,utilities,2002
2002-05-07,0.004420522636734463,FUGAX,utilities,2002
2002-05-08,0.0011417189352775498,FUGAX,utilities,2002
2002-05-09,-0.005365393131272746,FUGAX,utilities,2002
2002-05-10,-0.012562557708198096,FUGAX,utilities,2002
2002-05-13,0.0020571824060528106,FUGAX,utilities,2002
2002-05-14,0.0005593171855138787,FUGAX,utilities,2002
2002-05-15,0.0028900396995618057,FUGAX,utilities,2002
2002-05-16,5.7225244913631634e-05,FUGAX,utilities,2002
2002-05-17,-0.010662705404093677,FUGAX,utilities,2002
2002-05-20,0.009446001284994383,FUGAX,utilities,2002
2002-05-21,0.00897508848728751,FUGAX,utilities,2002
2002-05-22,0.014436725071232845,FUGAX,utilities,2002
2002-05-23,0.00550793475323595,FUGAX,utilities,2002
2002-05-24,-0.0005326286446100809,FUGAX,utilities,2002
2002-05-28,0.006856015042875865,FUGAX,utilities,2002
2002-05-29,-0.005054932058226848,FUGAX,utilities,2002
2002-05-30,-0.0016531191942312602,FUGAX,utilities,2002
2002-05-31,-0.0010500173505055995,FUGAX,utilities,2002
2002-06-03,-0.0006014220756464864,FUGAX,utilities,2002
2002-06-04,0.004218000357323088,FUGAX,utilities,2002
2002-06-05,-0.013533216998460943,FUGAX,utilities,2002
2002-06-06,-0.01279905404233678,FUGAX,utilities,2002
2002-06-07,0.00834161533245803,FUGAX,utilities,2002
2002-06-10,-0.013097303989572514,FUGAX,utilities,2002
2002-06-11,0.004903123511666057,FUGAX,utilities,2002
2002-06-12,-0.004330839777322783,FUGAX,utilities,2002
2002-06-13,0.00782947023328568,FUGAX,utilities,2002
2002-06-14,-0.012891096231637863,FUGAX,utilities,2002
2002-06-17,-0.014267778620926173,FUGAX,utilities,2002
2002-06-18,-0.0010830322579177352,FUGAX,utilities,2002
2002-06-19,-0.004956200220120596,FUGAX,utilities,2002
2002-06-20,-0.008130741281339185,FUGAX,utilities,2002
2002-06-21,0.014399603995405465,FUGAX,utilities,2002
2002-06-24,-0.010838904546384288,FUGAX,utilities,2002
2002-06-25,0.0023582173030101926,FUGAX,utilities,2002
2002-06-26,-0.021764012219036195,FUGAX,utilities,2002
2002-06-27,-0.0018107410976469732,FUGAX,utilities,2002
2002-06-28,0.02998369109752176,FUGAX,utilities,2002
2002-07-01,-0.012493006729366696,FUGAX,utilities,2002
2002-07-02,-0.011951963948180763,FUGAX,utilities,2002
2002-07-03,0.0003916528781739842,FUGAX,utilities,2002
2002-07-05,-0.007709248790008939,FUGAX,utilities,2002
2002-07-08,0.005456095368951079,FUGAX,utilities,2002
2002-07-09,0.0028753272122567473,FUGAX,utilities,2002
2002-07-10,0.0018200874739183227,FUGAX,utilities,2002
2002-07-11,0.02668363536924726,FUGAX,utilities,2002
2002-07-12,0.0019358595232944172,FUGAX,utilities,2002
2002-07-15,0.006178069827565284,FUGAX,utilities,2002
2002-07-16,0.0010878333717483889,FUGAX,utilities,2002
2002-07-17,-0.0032072926836249644,FUGAX,utilities,2002
2002-07-18,0.01040640624494435,FUGAX,utilities,2002
2002-07-19,-0.011274234439538684,FUGAX,utilities,2002
2002-07-22,-0.01869977911861178,FUGAX,utilities,2002
2002-07-23,-0.03971654623311191,FUGAX,utilities,2002
2002-07-24,0.0017968026345598631,FUGAX,utilities,2002
2002-07-25,0.010050467212699405,FUGAX,utilities,2002
2002-07-26,-0.0161460889259378,FUGAX,utilities,2002
2002-07-29,-0.004171113159715925,FUGAX,utilities,2002
2002-07-30,0.021327244744146618,FUGAX,utilities,2002
2002-07-31,0.019681417466848743,FUGAX,utilities,2002
2002-08-01,0.002455995881721955,FUGAX,utilities,2002
2002-08-02,0.015395667262222013,FUGAX,utilities,2002
2002-08-05,0.009082968454707619,FUGAX,utilities,2002
2002-08-06,-0.010088202717524551,FUGAX,utilities,2002
2002-08-07,-0.007713259359598613,FUGAX,utilities,2002
2002-08-08,-0.01172522943890966,FUGAX,utilities,2002
2002-08-09,-0.0012698548684111955,FUGAX,utilities,2002
2002-08-12,0.013513081014685568,FUGAX,utilities,2002
2002-08-13,-0.003961699545604932,FUGAX,utilities,2002
2002-08-14,0.001152986866253345,FUGAX,utilities,2002
2002-08-15,-0.006164081102193436,FUGAX,utilities,2002
2002-08-16,0.015454191377487355,FUGAX,utilities,2002
2002-08-19,0.002698504769445241,FUGAX,utilities,2002
2002-08-20,-0.001638666175073215,FUGAX,utilities,2002
2002-08-21,0.010907600980164623,FUGAX,utilities,2002
2002-08-22,0.004562003910316453,FUGAX,utilities,2002
2002-08-23,-0.00100714613061368,FUGAX,utilities,2002
2002-08-26,0.012310913306969762,FUGAX,utilities,2002
2002-08-27,-0.004903170166404741,FUGAX,utilities,2002
2002-08-28,0.0032907144813971497,FUGAX,utilities,2002
2002-08-29,-0.0019289500462885407,FUGAX,utilities,2002
2002-08-30,-0.0028050710177266285,FUGAX,utilities,2002
2002-09-03,-0.00047663971436587294,FUGAX,utilities,2002
2002-09-04,-0.0018337288376910916,FUGAX,utilities,2002
2002-09-05,-0.004956448976632424,FUGAX,utilities,2002
2002-09-06,0.00459391720553267,FUGAX,utilities,2002
2002-09-09,-0.0053522853866009665,FUGAX,utilities,2002
2002-09-10,-0.01102444647399594,FUGAX,utilities,2002
2002-09-11,0.014909577914942875,FUGAX,utilities,2002
2002-09-12,-0.0037540605746507263,FUGAX,utilities,2002
2002-09-13,0.004441439676602349,FUGAX,utilities,2002
2002-09-16,-0.00831916380834184,FUGAX,utilities,2002
2002-09-17,-0.0016733541913488761,FUGAX,utilities,2002
2002-09-18,0.015935604888407763,FUGAX,utilities,2002
2002-09-19,0.0016234427591931347,FUGAX,utilities,2002
2002-09-20,0.00035474946549883345,FUGAX,utilities,2002
2002-09-23,-0.0023562630150638026,FUGAX,utilities,2002
2002-09-24,-0.010581419806870558,FUGAX,utilities,2002
2002-09-25,0.006639750487287269,FUGAX,utilities,2002
2002-09-26,0.00797122016448288,FUGAX,utilities,2002
2002-09-27,0.00869742092994508,FUGAX,utilities,2002
2002-09-30,0.0027823387117578762,FUGAX,utilities,2002
2002-10-01,-0.01648236900161773,FUGAX,utilities,2002
2002-10-02,0.010675186938416768,FUGAX,utilities,2002
2002-10-03,0.012510428301153896,FUGAX,utilities,2002
2002-10-04,-0.007451373035196135,FUGAX,utilities,2002
2002-10-07,0.0013436748640431664,FUGAX,utilities,2002
2002-10-08,-0.037368318147120536,FUGAX,utilities,2002
2002-10-09,-0.02421710176545945,FUGAX,utilities,2002
2002-10-10,0.021773978267525213,FUGAX,utilities,2002
2002-10-11,-0.013011172228922861,FUGAX,utilities,2002
2002-10-14,-0.0064648818957472294,FUGAX,utilities,2002
2002-10-15,-0.02076376989373496,FUGAX,utilities,2002
2002-10-16,-0.007116737892912523,FUGAX,utilities,2002
2002-10-17,0.008848368910075947,FUGAX,utilities,2002
2002-10-18,-0.0027915704116077923,FUGAX,utilities,2002
2002-10-21,0.010395594460120774,FUGAX,utilities,2002
2002-10-22,0.01385428296770935,FUGAX,utilities,2002
2002-10-23,0.015115038094893906,FUGAX,utilities,2002
2002-10-24,0.01725262692268286,FUGAX,utilities,2002
2002-10-25,-0.006812503977756483,FUGAX,utilities,2002
2002-10-28,0.0213051700497743,FUGAX,utilities,2002
2002-10-29,-0.0027044655079026,FUGAX,utilities,2002
2002-10-30,0.01508950581361569,FUGAX,utilities,2002
2002-10-31,0.004311715529689009,FUGAX,utilities,2002
2002-11-01,0.001872059877877589,FUGAX,utilities,2002
2002-11-04,0.011061941874417114,FUGAX,utilities,2002
2002-11-05,-0.0024623802080052655,FUGAX,utilities,2002
2002-11-06,-0.009935446017060864,FUGAX,utilities,2002
2002-11-07,-0.0016713804900150217,FUGAX,utilities,2002
2002-11-08,-0.0007947682984188378,FUGAX,utilities,2002
2002-11-11,-0.005168816250738209,FUGAX,utilities,2002
2002-11-12,-0.003492772416420669,FUGAX,utilities,2002
2002-11-13,-0.00019872209216486247,FUGAX,utilities,2002
2002-11-14,-0.0018723697047625387,FUGAX,utilities,2002
2002-11-15,0.014259796518826858,FUGAX,utilities,2002
2002-11-18,0.004295035661204948,FUGAX,utilities,2002
2002-11-19,-0.0051267130886217,FUGAX,utilities,2002
2002-11-20,0.0008418604210977364,FUGAX,utilities,2002
2002-11-21,0.005717685313012269,FUGAX,utilities,2002
2002-11-22,0.017467859129955715,FUGAX,utilities,2002
2002-11-25,0.00774317715199136,FUGAX,utilities,2002
2002-11-26,-0.006605424630183154,FUGAX,utilities,2002
2002-11-27,-0.0012434454623955274,FUGAX,utilities,2002
2002-11-29,0.003218578785636101,FUGAX,utilities,2002
2002-12-02,-0.0006746531758233102,FUGAX,utilities,2002
2002-12-03,0.0006782155772729892,FUGAX,utilities,2002
2002-12-04,-0.006664491163328341,FUGAX,utilities,2002
2002-12-05,-0.00037050151840024165,FUGAX,utilities,2002
2002-12-06,0.002002614427863773,FUGAX,utilities,2002
2002-12-09,0.0063302334778667195,FUGAX,utilities,2002
2002-12-10,0.005551926870279994,FUGAX,utilities,2002
2002-12-11,0.0077103772019333945,FUGAX,utilities,2002
2002-12-12,0.005139868682872153,FUGAX,utilities,2002
2002-12-13,0.013466944041724603,FUGAX,utilities,2002
2002-12-16,-0.0026924328500254543,FUGAX,utilities,2002
2002-12-17,0.012102494039305956,FUGAX,utilities,2002
2002-12-18,0.004617527831293489,FUGAX,utilities,2002
2002-12-19,-0.001207120054604275,FUGAX,utilities,2002
2002-12-20,0.0010953710169736078,FUGAX,utilities,2002
2002-12-23,0.0003539441461281072,FUGAX,utilities,2002
2002-12-24,0.002344755931964277,FUGAX,utilities,2002
2002-12-26,0.003535790878407855,FUGAX,utilities,2002
2002-12-27,0.0026317391053947876,FUGAX,utilities,2002
2002-12-30,-0.003971567947565867,FUGAX,utilities,2002
2003-01-03,0.0015106998265645593,FUGAX,utilities,2003
2003-01-06,0.032810395713173846,FUGAX,utilities,2003
2003-01-07,-0.015349137078956299,FUGAX,utilities,2003
2003-01-08,-0.0043391983231184685,FUGAX,utilities,2003
2003-01-09,-0.007147284845389694,FUGAX,utilities,2003
2003-01-10,-0.002453344755941466,FUGAX,utilities,2003
2003-01-13,-0.004058743387292764,FUGAX,utilities,2003
2003-01-14,0.006563491671759448,FUGAX,utilities,2003
2003-01-15,6.618933047841669e-05,FUGAX,utilities,2003
2003-01-16,-0.002921868690992989,FUGAX,utilities,2003
2003-01-17,-0.004391256695979291,FUGAX,utilities,2003
2003-01-21,-0.0029428482624743804,FUGAX,utilities,2003
2003-01-22,0.005865661032167854,FUGAX,utilities,2003
2003-01-23,-0.011991267180158253,FUGAX,utilities,2003
2003-01-24,-0.0019399839880521186,FUGAX,utilities,2003
2003-01-27,-0.0020253092091161613,FUGAX,utilities,2003
2003-01-28,0.00960443715584101,FUGAX,utilities,2003
2003-01-29,0.0012768634675512291,FUGAX,utilities,2003
2003-01-30,0.008976382308064468,FUGAX,utilities,2003
2003-01-31,-0.005358859125904284,FUGAX,utilities,2003
2003-02-03,0.006018291774590654,FUGAX,utilities,2003
2003-02-04,0.0005217326729844464,FUGAX,utilities,2003
2003-02-05,-0.0037940556773692017,FUGAX,utilities,2003
2003-02-06,-0.004024511202405514,FUGAX,utilities,2003
2003-02-07,-0.0033751425844371127,FUGAX,utilities,2003
2003-02-10,-0.0073680242312663385,FUGAX,utilities,2003
2003-02-11,-0.005806561380457092,FUGAX,utilities,2003
2003-02-12,-0.006392443644946004,FUGAX,utilities,2003
2003-02-13,0.008010032879408185,FUGAX,utilities,2003
2003-02-14,-0.002331075428628992,FUGAX,utilities,2003
2003-02-18,0.0033916195725590802,FUGAX,utilities,2003
2003-02-19,-0.011633069355257847,FUGAX,utilities,2003
2003-02-20,-0.006678030898184086,FUGAX,utilities,2003
2003-02-21,0.004179578997607356,FUGAX,utilities,2003
2003-02-24,0.0032834011306630464,FUGAX,utilities,2003
2003-02-25,5.5035327007296395e-05,FUGAX,utilities,2003
2003-02-26,-0.0004972711095279376,FUGAX,utilities,2003
2003-02-27,-0.00793255177873955,FUGAX,utilities,2003
2003-02-28,-0.001123163621971809,FUGAX,utilities,2003
2003-03-03,0.009218395468034948,FUGAX,utilities,2003
2003-03-04,0.008842690462207054,FUGAX,utilities,2003
2003-03-05,0.004376975230657326,FUGAX,utilities,2003
2003-03-06,0.0023995415266996655,FUGAX,utilities,2003
2003-03-07,-0.008392841671588379,FUGAX,utilities,2003
2003-03-10,-0.0006459119093880777,FUGAX,utilities,2003
2003-03-11,-0.001281469296452781,FUGAX,utilities,2003
2003-03-12,-0.0010608469656894666,FUGAX,utilities,2003
2003-03-13,0.005113325544958504,FUGAX,utilities,2003
2003-03-14,0.0005840638423094645,FUGAX,utilities,2003
2003-03-17,-0.0016809888497359843,FUGAX,utilities,2003
2003-03-18,0.001593680538534703,FUGAX,utilities,2003
2003-03-19,-0.004484244372821973,FUGAX,utilities,2003
2003-03-20,-0.00535618053391443,FUGAX,utilities,2003
2003-03-21,-0.0016052627281099574,FUGAX,utilities,2003
2003-03-24,0.0029618146325890715,FUGAX,utilities,2003
2003-03-25,0.004113236164948856,FUGAX,utilities,2003
2003-03-26,0.0008120858146592625,FUGAX,utilities,2003
2003-03-27,0.0025385710574707776,FUGAX,utilities,2003
2003-03-28,0.0008302879282474354,FUGAX,utilities,2003
2003-03-31,0.00924187321643468,FUGAX,utilities,2003
2003-04-01,0.0003137751736607356,FUGAX,utilities,2003
2003-04-02,-0.0007312621085675958,FUGAX,utilities,2003
2003-04-03,-0.0048332355526282695,FUGAX,utilities,2003
2003-04-04,0.009164932653518693,FUGAX,utilities,2003
2003-04-07,0.0047862771313656365,FUGAX,utilities,2003
2003-04-08,-0.0069475859594088875,FUGAX,utilities,2003
2003-04-09,0.00020442292354617975,FUGAX,utilities,2003
2003-04-10,-0.0037689339523902677,FUGAX,utilities,2003
2003-04-11,-0.0032428656422017915,FUGAX,utilities,2003
2003-04-14,0.0021563878478251496,FUGAX,utilities,2003
2003-04-15,-0.0005163844490956668,FUGAX,utilities,2003
2003-04-16,0.0014944140140355222,FUGAX,utilities,2003
2003-04-17,-0.0041087846197808316,FUGAX,utilities,2003
2003-04-21,-0.005352360571319548,FUGAX,utilities,2003
2003-04-22,-0.0032183791299872193,FUGAX,utilities,2003
2003-04-23,0.009206605098347326,FUGAX,utilities,2003
2003-04-24,0.012787455686662275,FUGAX,utilities,2003
2003-04-25,0.003095909513109861,FUGAX,utilities,2003
2003-04-28,0.00731412223412645,FUGAX,utilities,2003
2003-04-29,-1.9234667077912358e-05,FUGAX,utilities,2003
2003-04-30,0.010002040147360489,FUGAX,utilities,2003
2003-05-01,-0.004155424010226982,FUGAX,utilities,2003
2003-05-02,0.0123674844602112,FUGAX,utilities,2003
2003-05-05,-0.009551238009090102,FUGAX,utilities,2003
2003-05-06,0.0008950285119452527,FUGAX,utilities,2003
2003-05-07,0.0025932991906475163,FUGAX,utilities,2003
2003-05-08,0.0004142324989896799,FUGAX,utilities,2003
2003-05-09,0.0022327189578421214,FUGAX,utilities,2003
2003-05-12,0.003385222138327249,FUGAX,utilities,2003
2003-05-13,-0.004545768260814571,FUGAX,utilities,2003
2003-05-14,0.005653996406063709,FUGAX,utilities,2003
2003-05-15,0.0003621688092965503,FUGAX,utilities,2003
2003-05-16,0.013857089296790342,FUGAX,utilities,2003
2003-05-19,0.005318084996884059,FUGAX,utilities,2003
2003-05-20,0.006562998520754695,FUGAX,utilities,2003
2003-05-21,-0.005843001320300557,FUGAX,utilities,2003
2003-05-22,0.006158536939180229,FUGAX,utilities,2003
2003-05-23,0.019535908485735023,FUGAX,utilities,2003
2003-05-27,0.002007818107685631,FUGAX,utilities,2003
2003-05-28,-0.009131341598159743,FUGAX,utilities,2003
2003-05-29,-0.0007306423005710872,FUGAX,utilities,2003
2003-05-30,-0.0034956382559618044,FUGAX,utilities,2003
2003-06-02,0.005680744594204855,FUGAX,utilities,2003
2003-06-03,-0.001814046693232311,FUGAX,utilities,2003
2003-06-04,0.00229520219361354,FUGAX,utilities,2003
2003-06-05,-0.003470400656453203,FUGAX,utilities,2003
2003-06-06,-0.012281671746645734,FUGAX,utilities,2003
2003-06-09,0.001182469166122472,FUGAX,utilities,2003
2003-06-10,-0.008876683695254099,FUGAX,utilities,2003
2003-06-11,0.011300703932920118,FUGAX,utilities,2003
2003-06-12,0.005432178043253782,FUGAX,utilities,2003
2003-06-13,-0.0011595524328239688,FUGAX,utilities,2003
2003-06-16,-0.0008433478250266385,FUGAX,utilities,2003
2003-06-17,-0.010943880890577106,FUGAX,utilities,2003
2003-06-18,0.0051672261151184135,FUGAX,utilities,2003
2003-06-19,0.01114120108805739,FUGAX,utilities,2003
2003-06-20,0.008104352478831801,FUGAX,utilities,2003
2003-06-23,-0.007571060760509011,FUGAX,utilities,2003
2003-06-24,-0.002847635864934911,FUGAX,utilities,2003
2003-06-25,0.006644328848220872,FUGAX,utilities,2003
2003-06-26,-0.0002777427634915713,FUGAX,utilities,2003
2003-06-27,-0.001159238658371406,FUGAX,utilities,2003
2003-06-30,-0.0017191249718558335,FUGAX,utilities,2003
2003-07-01,-0.0034453785870747254,FUGAX,utilities,2003
2003-07-02,0.008324730387216603,FUGAX,utilities,2003
2003-07-03,0.003315893491411922,FUGAX,utilities,2003
2003-07-07,-0.008127342267950187,FUGAX,utilities,2003
2003-07-08,-0.004873349867133434,FUGAX,utilities,2003
2003-07-09,-0.006079381560820451,FUGAX,utilities,2003
2003-07-10,-0.009185785747372993,FUGAX,utilities,2003
2003-07-11,6.837060840912852e-05,FUGAX,utilities,2003
2003-07-14,-0.005255930068473881,FUGAX,utilities,2003
2003-07-15,-0.007459634680298499,FUGAX,utilities,2003
2003-07-16,-0.007164311139859309,FUGAX,utilities,2003
2003-07-17,-0.006726649874102954,FUGAX,utilities,2003
2003-07-18,0.0015850182461236602,FUGAX,utilities,2003
2003-07-21,-0.01131588079418281,FUGAX,utilities,2003
2003-07-22,0.010479623000632293,FUGAX,utilities,2003
2003-07-23,-0.007402092702019265,FUGAX,utilities,2003
2003-07-24,0.008256135329041955,FUGAX,utilities,2003
2003-07-25,-0.008616564549909007,FUGAX,utilities,2003
2003-07-28,0.004923138418833826,FUGAX,utilities,2003
2003-07-29,-0.010394766357256766,FUGAX,utilities,2003
2003-07-30,-0.003833864828187929,FUGAX,utilities,2003
2003-07-31,-0.0002008000103963009,FUGAX,utilities,2003
2003-08-01,-0.0021874007154508305,FUGAX,utilities,2003
2003-08-04,0.007647100206718594,FUGAX,utilities,2003
2003-08-05,-0.0012601536064855527,FUGAX,utilities,2003
2003-08-06,0.003740488157850207,FUGAX,utilities,2003
2003-08-07,-0.015026827507922159,FUGAX,utilities,2003
2003-08-08,-0.0006300001878504079,FUGAX,utilities,2003
2003-08-11,0.000548043317932775,FUGAX,utilities,2003
2003-08-12,0.003747958339644135,FUGAX,utilities,2003
2003-08-13,-0.004433423980950151,FUGAX,utilities,2003
2003-08-14,0.0014124573427245326,FUGAX,utilities,2003
2003-08-15,-0.0047613600056496804,FUGAX,utilities,2003
2003-08-18,-0.006578687298804572,FUGAX,utilities,2003
2003-08-19,0.0004958947163681729,FUGAX,utilities,2003
2003-08-20,0.01301669662904437,FUGAX,utilities,2003
2003-08-21,0.0028718233539100275,FUGAX,utilities,2003
2003-08-22,-0.004959706224576782,FUGAX,utilities,2003
2003-08-25,-0.007310859032992953,FUGAX,utilities,2003
2003-08-26,0.003166028897095186,FUGAX,utilities,2003
2003-08-27,0.0005667001614606919,FUGAX,utilities,2003
2003-08-28,0.00033601885140248974,FUGAX,utilities,2003
2003-08-29,-0.002094913747698402,FUGAX,utilities,2003
2003-09-02,0.002693235914486388,FUGAX,utilities,2003
2003-09-03,-0.0010475806101894031,FUGAX,utilities,2003
2003-09-04,0.005076364061111465,FUGAX,utilities,2003
2003-09-05,0.003731735936242885,FUGAX,utilities,2003
2003-09-08,-0.004416938926725664,FUGAX,utilities,2003
2003-09-09,-0.006697559126506587,FUGAX,utilities,2003
2003-09-10,0.007573531884949214,FUGAX,utilities,2003
2003-09-11,-0.0036173464380537704,FUGAX,utilities,2003
2003-09-12,0.0039661269213046475,FUGAX,utilities,2003
2003-09-15,-0.00374235862552467,FUGAX,utilities,2003
2003-09-16,0.002556314506962209,FUGAX,utilities,2003
2003-09-17,-0.0022344576257784547,FUGAX,utilities,2003
2003-09-18,0.00478230857539042,FUGAX,utilities,2003
2003-09-19,0.0005157587979656001,FUGAX,utilities,2003
2003-09-22,0.0016857699479277451,FUGAX,utilities,2003
2003-09-23,-0.007154663299046344,FUGAX,utilities,2003
2003-09-24,-0.006524019151841115,FUGAX,utilities,2003
2003-09-25,0.00593950975198674,FUGAX,utilities,2003
2003-09-26,0.004606964245332991,FUGAX,utilities,2003
2003-09-29,-0.0027927925423959716,FUGAX,utilities,2003
2003-09-30,0.004369823232646339,FUGAX,utilities,2003
2003-10-01,-0.005965737660741122,FUGAX,utilities,2003
2003-10-02,0.0024286790424658984,FUGAX,utilities,2003
2003-10-03,0.006108545159689283,FUGAX,utilities,2003
2003-10-06,0.001527805721336626,FUGAX,utilities,2003
2003-10-07,-0.004371263997046723,FUGAX,utilities,2003
2003-10-08,-0.008169142439825246,FUGAX,utilities,2003
2003-10-09,-0.0005851886139162218,FUGAX,utilities,2003
2003-10-10,-0.0053250228015133145,FUGAX,utilities,2003
2003-10-13,-0.000980910194000715,FUGAX,utilities,2003
2003-10-14,-0.0050352733101744485,FUGAX,utilities,2003
2003-10-15,0.0012053306778842987,FUGAX,utilities,2003
2003-10-16,0.0057795441452462865,FUGAX,utilities,2003
2003-10-17,0.00273203538566284,FUGAX,utilities,2003
2003-10-20,0.0018328688572930877,FUGAX,utilities,2003
2003-10-21,-0.003296989557715053,FUGAX,utilities,2003
2003-10-22,0.010659939520577848,FUGAX,utilities,2003
2003-10-23,0.0023615903393971608,FUGAX,utilities,2003
2003-10-24,0.0025902228731742656,FUGAX,utilities,2003
2003-10-27,0.0022163381513656735,FUGAX,utilities,2003
2003-10-28,-0.0072105055311153295,FUGAX,utilities,2003
2003-10-29,0.008804865143515937,FUGAX,utilities,2003
2003-10-30,0.006237194484090856,FUGAX,utilities,2003
2003-10-31,0.0024739840343802498,FUGAX,utilities,2003
2003-11-03,-0.00036933218589311687,FUGAX,utilities,2003
2003-11-04,-0.007225893816387907,FUGAX,utilities,2003
2003-11-05,-0.0071091826004320334,FUGAX,utilities,2003
2003-11-06,-0.012856832380399807,FUGAX,utilities,2003
2003-11-07,0.008060732669831521,FUGAX,utilities,2003
2003-11-10,0.0015226156915912382,FUGAX,utilities,2003
2003-11-11,-0.011802013339703106,FUGAX,utilities,2003
2003-11-12,0.0004220268834508531,FUGAX,utilities,2003
2003-11-13,-0.004055176753387289,FUGAX,utilities,2003
2003-11-14,0.0034367630477639844,FUGAX,utilities,2003
2003-11-17,-0.0050721004515099696,FUGAX,utilities,2003
2003-11-18,-0.003355212528134527,FUGAX,utilities,2003
2003-11-19,-0.0036376749756355515,FUGAX,utilities,2003
2003-11-20,0.0037974992852037232,FUGAX,utilities,2003
2003-11-21,7.940591777303623e-05,FUGAX,utilities,2003
2003-11-24,0.0016632220222181585,FUGAX,utilities,2003
2003-11-25,0.005893066195543399,FUGAX,utilities,2003
2003-11-26,0.004139851871457339,FUGAX,utilities,2003
2003-11-28,0.00012538670462446295,FUGAX,utilities,2003
2003-12-01,-0.0021135702978369074,FUGAX,utilities,2003
2003-12-02,-0.0025187937796873117,FUGAX,utilities,2003
2003-12-03,-0.0078824463497788,FUGAX,utilities,2003
2003-12-04,0.004598984457585078,FUGAX,utilities,2003
2003-12-05,0.004928089449865487,FUGAX,utilities,2003
2003-12-08,-0.004102133788979161,FUGAX,utilities,2003
2003-12-09,-0.005350264383079436,FUGAX,utilities,2003
2003-12-10,-6.220420431836215e-05,FUGAX,utilities,2003
2003-12-11,0.0058634941483634104,FUGAX,utilities,2003
2003-12-12,-0.0027220188904101893,FUGAX,utilities,2003
2003-12-15,-0.00041097014680229263,FUGAX,utilities,2003
2003-12-16,-0.0018642333849068328,FUGAX,utilities,2003
2003-12-17,0.003546996487635406,FUGAX,utilities,2003
2003-12-18,0.002901002189949785,FUGAX,utilities,2003
2003-12-19,0.0022464946858129567,FUGAX,utilities,2003
2003-12-22,0.001926258997243811,FUGAX,utilities,2003
2003-12-23,0.004637929427000996,FUGAX,utilities,2003
2003-12-24,-0.002815705524472946,FUGAX,utilities,2003
2003-12-26,0.0010042738191589691,FUGAX,utilities,2003
2003-12-29,0.0008261186710310509,FUGAX,utilities,2003
2003-12-30,0.0031993818445734193,FUGAX,utilities,2003
2004-01-05,0.007419720903723356,FUGAX,utilities,2004
2004-01-06,0.0021409207667060282,FUGAX,utilities,2004
2004-01-07,0.0027927586229407053,FUGAX,utilities,2004
2004-01-08,0.00566599230450399,FUGAX,utilities,2004
2004-01-09,-0.007883017290314709,FUGAX,utilities,2004
2004-01-12,-0.0020833404035893585,FUGAX,utilities,2004
2004-01-13,-0.00014284449494334026,FUGAX,utilities,2004
2004-01-14,-0.001994752002856549,FUGAX,utilities,2004
2004-01-15,-0.009236272520044539,FUGAX,utilities,2004
2004-01-16,-0.003632248993122204,FUGAX,utilities,2004
2004-01-20,0.005672603326492038,FUGAX,utilities,2004
2004-01-21,5.190892886836312e-05,FUGAX,utilities,2004
2004-01-22,-0.00013379094660538517,FUGAX,utilities,2004
2004-01-23,0.005414737045675425,FUGAX,utilities,2004
2004-01-26,-0.00876833242363613,FUGAX,utilities,2004
2004-01-27,-0.0016293667685398092,FUGAX,utilities,2004
2004-01-28,-0.0016524391019303395,FUGAX,utilities,2004
2004-01-29,-0.004699074971855333,FUGAX,utilities,2004
2004-01-30,-0.0022258053129347835,FUGAX,utilities,2004
2004-02-02,0.0029655454271701907,FUGAX,utilities,2004
2004-02-03,0.0016640273236035866,FUGAX,utilities,2004
2004-02-04,-0.0060057815458142445,FUGAX,utilities,2004
2004-02-05,0.0006391577344977356,FUGAX,utilities,2004
2004-02-06,0.006992648716577303,FUGAX,utilities,2004
2004-02-09,0.0009799565176554822,FUGAX,utilities,2004
2004-02-10,0.0028618970338576493,FUGAX,utilities,2004
2004-02-11,0.0020332534195209237,FUGAX,utilities,2004
2004-02-12,-0.005968562175447868,FUGAX,utilities,2004
2004-02-13,-0.001989306015145041,FUGAX,utilities,2004
2004-02-17,0.01174907277478536,FUGAX,utilities,2004
2004-02-18,-0.0077920236622912595,FUGAX,utilities,2004
2004-02-19,-0.015965229445694687,FUGAX,utilities,2004
2004-02-20,-0.002366798254737088,FUGAX,utilities,2004
2004-02-23,0.004053041303908085,FUGAX,utilities,2004
2004-02-24,0.003431324882199886,FUGAX,utilities,2004
2004-02-25,-0.0038229989147062723,FUGAX,utilities,2004
2004-02-26,0.0015632295896098045,FUGAX,utilities,2004
2004-02-27,0.00573416861315949,FUGAX,utilities,2004
2004-03-01,0.0026236496984912705,FUGAX,utilities,2004
2004-03-02,0.011622958512593403,FUGAX,utilities,2004
2004-03-03,-0.00691102799269378,FUGAX,utilities,2004
2004-03-04,0.0032676117261172537,FUGAX,utilities,2004
2004-03-05,-0.008954098900871087,FUGAX,utilities,2004
2004-03-08,0.004139929899210076,FUGAX,utilities,2004
2004-03-09,0.0018176477098528808,FUGAX,utilities,2004
2004-03-10,-0.006506889921967173,FUGAX,utilities,2004
2004-03-11,-0.0013542404625924917,FUGAX,utilities,2004
2004-03-12,-0.0005341047108031478,FUGAX,utilities,2004
2004-03-15,-0.0019250859443749237,FUGAX,utilities,2004
2004-03-16,0.0013451313758098557,FUGAX,utilities,2004
2004-03-17,0.0052510033059608805,FUGAX,utilities,2004
2004-03-18,-0.004101980526933009,FUGAX,utilities,2004
2004-03-19,0.004874413661637235,FUGAX,utilities,2004
2004-03-22,-0.004140943954010358,FUGAX,utilities,2004
2004-03-23,-0.00606532102991836,FUGAX,utilities,2004
2004-03-24,-0.00551635086337327,FUGAX,utilities,2004
2004-03-25,0.0004195362882020645,FUGAX,utilities,2004
2004-03-26,-0.005916386644511328,FUGAX,utilities,2004
2004-03-29,-0.0037750725363578166,FUGAX,utilities,2004
2004-03-30,-0.0005837042193025306,FUGAX,utilities,2004
2004-03-31,0.005474112298207965,FUGAX,utilities,2004
2004-04-01,-0.00012489588502914272,FUGAX,utilities,2004
2004-04-02,-0.0030747952177448286,FUGAX,utilities,2004
2004-04-05,0.0044811336020073745,FUGAX,utilities,2004
2004-04-06,0.002867570601590398,FUGAX,utilities,2004
2004-04-07,-0.007886539903581413,FUGAX,utilities,2004
2004-04-08,0.0021320016155209863,FUGAX,utilities,2004
2004-04-12,-0.007850276514310155,FUGAX,utilities,2004
2004-04-13,-0.003035230976629782,FUGAX,utilities,2004
2004-04-14,-0.0052120306701711975,FUGAX,utilities,2004
2004-04-15,0.006813065232010247,FUGAX,utilities,2004
2004-04-16,-0.005730501567783487,FUGAX,utilities,2004
2004-04-19,0.005516460151290416,FUGAX,utilities,2004
2004-04-20,0.00847139418401666,FUGAX,utilities,2004
2004-04-21,0.0027889373671228495,FUGAX,utilities,2004
2004-04-22,0.00289340423768333,FUGAX,utilities,2004
2004-04-23,-0.0004283365004395176,FUGAX,utilities,2004
2004-04-26,0.00814814182208856,FUGAX,utilities,2004
2004-04-27,-0.004529740819539321,FUGAX,utilities,2004
2004-04-28,0.002202680132028281,FUGAX,utilities,2004
2004-04-29,0.0005329004522618974,FUGAX,utilities,2004
2004-04-30,-0.0002888179140497519,FUGAX,utilities,2004
2004-05-03,0.0012408412955684216,FUGAX,utilities,2004
2004-05-04,0.00602917094698329,FUGAX,utilities,2004
2004-05-05,-0.002230939688990975,FUGAX,utilities,2004
2004-05-06,0.0004394751617767083,FUGAX,utilities,2004
2004-05-07,-0.008444631242216259,FUGAX,utilities,2004
2004-05-10,-0.011272747337068057,FUGAX,utilities,2004
2004-05-11,-0.0010618071788890474,FUGAX,utilities,2004
2004-05-12,-0.008155181359687756,FUGAX,utilities,2004
2004-05-13,0.006270101566742648,FUGAX,utilities,2004
2004-05-14,-0.003473459619168693,FUGAX,utilities,2004
2004-05-17,-0.010309203886128014,FUGAX,utilities,2004
2004-05-18,0.010566595157957251,FUGAX,utilities,2004
2004-05-19,0.003103082891988838,FUGAX,utilities,2004
2004-05-20,0.00044932305101873845,FUGAX,utilities,2004
2004-05-21,-0.0018770703692794926,FUGAX,utilities,2004
2004-05-24,-0.002948498418900631,FUGAX,utilities,2004
2004-05-25,-0.000542865688074972,FUGAX,utilities,2004
2004-05-26,-0.008412950350045672,FUGAX,utilities,2004
2004-05-27,0.003686572771128901,FUGAX,utilities,2004
2004-05-28,-0.003004335072942197,FUGAX,utilities,2004
2004-06-01,-0.00203065367735061,FUGAX,utilities,2004
2004-06-02,-1.2296406882177872e-05,FUGAX,utilities,2004
2004-06-03,-0.003527497292925101,FUGAX,utilities,2004
2004-06-04,-0.002451403394136285,FUGAX,utilities,2004
2004-06-07,0.0029815567528857206,FUGAX,utilities,2004
2004-06-08,-0.005005028797083295,FUGAX,utilities,2004
2004-06-09,0.0042966369002052736,FUGAX,utilities,2004
2004-06-10,0.003290233765989737,FUGAX,utilities,2004
2004-06-14,-0.002022698121507567,FUGAX,utilities,2004
2004-06-15,-0.0009569844450738252,FUGAX,utilities,2004
2004-06-16,0.00218348492864803,FUGAX,utilities,2004
2004-06-17,0.0074617279991829755,FUGAX,utilities,2004
2004-06-18,0.0013747188448557006,FUGAX,utilities,2004
2004-06-21,-0.002560685360720587,FUGAX,utilities,2004
2004-06-22,-0.005329907668475038,FUGAX,utilities,2004
2004-06-23,0.004521248295869912,FUGAX,utilities,2004
2004-06-24,-0.007218917011177232,FUGAX,utilities,2004
2004-06-25,0.006664061838415603,FUGAX,utilities,2004
2004-06-28,0.0005181730731491569,FUGAX,utilities,2004
2004-06-29,-0.0004137682613628555,FUGAX,utilities,2004
2004-06-30,-0.0005432561257904707,FUGAX,utilities,2004
2004-07-01,0.007118258441752267,FUGAX,utilities,2004
2004-07-02,0.0049416390883164196,FUGAX,utilities,2004
2004-07-06,-0.000251022444152863,FUGAX,utilities,2004
2004-07-07,0.004718845503726605,FUGAX,utilities,2004
2004-07-08,-0.0058494044689978136,FUGAX,utilities,2004
2004-07-09,-0.005933608775111475,FUGAX,utilities,2004
2004-07-12,0.0059012423791346665,FUGAX,utilities,2004
2004-07-13,-0.0010730518603025137,FUGAX,utilities,2004
2004-07-14,0.004412798169559579,FUGAX,utilities,2004
2004-07-15,-0.0012697516149066538,FUGAX,utilities,2004
2004-07-16,0.0018188942862119696,FUGAX,utilities,2004
2004-07-19,0.002004782457576561,FUGAX,utilities,2004
2004-07-20,-0.003806161107855207,FUGAX,utilities,2004
2004-07-21,-0.0026523472590657335,FUGAX,utilities,2004
2004-07-22,0.003281226226008162,FUGAX,utilities,2004
2004-07-23,0.00526218184749994,FUGAX,utilities,2004
2004-07-26,0.0027069412059345004,FUGAX,utilities,2004
2004-07-27,0.008129814413200088,FUGAX,utilities,2004
2004-07-28,0.002936905872299751,FUGAX,utilities,2004
2004-07-29,-0.0038806245574493393,FUGAX,utilities,2004
2004-07-30,-0.003263253236724869,FUGAX,utilities,2004
2004-08-02,0.00529681954288331,FUGAX,utilities,2004
2004-08-03,-0.0017796004879192303,FUGAX,utilities,2004
2004-08-04,-0.0020900532879328366,FUGAX,utilities,2004
2004-08-05,0.0007973434630972453,FUGAX,utilities,2004
2004-08-06,0.0015685405254753752,FUGAX,utilities,2004
2004-08-09,-0.004154814265636943,FUGAX,utilities,2004
2004-08-10,0.0062668312629743945,FUGAX,utilities,2004
2004-08-11,0.003597542414628215,FUGAX,utilities,2004
2004-08-12,0.005615997250536084,FUGAX,utilities,2004
2004-08-13,-0.0012247621428596715,FUGAX,utilities,2004
2004-08-16,0.00047850352856739116,FUGAX,utilities,2004
2004-08-17,-0.007435742480310592,FUGAX,utilities,2004
2004-08-18,-0.00035331616147579736,FUGAX,utilities,2004
2004-08-19,-0.0014945692868877343,FUGAX,utilities,2004
2004-08-20,0.0005370909170762965,FUGAX,utilities,2004
2004-08-23,-0.0017780281422635018,FUGAX,utilities,2004
2004-08-24,-0.004867359383441884,FUGAX,utilities,2004
2004-08-25,-0.00011125519276922874,FUGAX,utilities,2004
2004-08-26,-0.0013267455371209838,FUGAX,utilities,2004
2004-08-27,-0.000537373645789741,FUGAX,utilities,2004
2004-08-30,0.00274332948451256,FUGAX,utilities,2004
2004-08-31,0.0035501708577006562,FUGAX,utilities,2004
2004-09-01,0.0020673885393881954,FUGAX,utilities,2004
2004-09-02,-0.0005357402906302107,FUGAX,utilities,2004
2004-09-03,-0.0004931040723158489,FUGAX,utilities,2004
2004-09-07,0.0031429445616191426,FUGAX,utilities,2004
2004-09-08,-0.00573638993776779,FUGAX,utilities,2004
2004-09-09,0.005021016789434925,FUGAX,utilities,2004
2004-09-10,0.0010542733315507613,FUGAX,utilities,2004
2004-09-13,0.00010941259766414531,FUGAX,utilities,2004
2004-09-14,0.0018810274253477244,FUGAX,utilities,2004
2004-09-15,-0.0016841368126438517,FUGAX,utilities,2004
2004-09-16,0.0027154782462498537,FUGAX,utilities,2004
2004-09-17,0.00011462062829638861,FUGAX,utilities,2004
2004-09-20,-0.001310806578639581,FUGAX,utilities,2004
2004-09-21,0.0008347955899331398,FUGAX,utilities,2004
2004-09-22,0.00300498883694486,FUGAX,utilities,2004
2004-09-23,0.0045405370362102395,FUGAX,utilities,2004
2004-09-24,-0.0009470502832169929,FUGAX,utilities,2004
2004-09-27,-0.0010437729802194535,FUGAX,utilities,2004
2004-09-28,-0.0002884876283635084,FUGAX,utilities,2004
2004-09-29,-0.004483254984240594,FUGAX,utilities,2004
2004-09-30,0.005635140286483846,FUGAX,utilities,2004
2004-10-01,-0.0019823145049591047,FUGAX,utilities,2004
2004-10-04,0.0075680480426501,FUGAX,utilities,2004
2004-10-05,0.004506687684208158,FUGAX,utilities,2004
2004-10-06,0.00025536020860408067,FUGAX,utilities,2004
2004-10-07,0.000296651524193307,FUGAX,utilities,2004
2004-10-08,0.003720091093261047,FUGAX,utilities,2004
2004-10-11,0.0016841725354503636,FUGAX,utilities,2004
2004-10-12,0.0087330961194001,FUGAX,utilities,2004
2004-10-13,-0.001214268271634629,FUGAX,utilities,2004
2004-10-14,0.0027804107549500847,FUGAX,utilities,2004
2004-10-15,0.0028054943529039304,FUGAX,utilities,2004
2004-10-18,0.001885780750526228,FUGAX,utilities,2004
2004-10-19,-0.001497511948093366,FUGAX,utilities,2004
2004-10-20,0.0002921612442797828,FUGAX,utilities,2004
2004-10-21,-0.010276594993977291,FUGAX,utilities,2004
2004-10-22,0.004499498375236553,FUGAX,utilities,2004
2004-10-25,0.013635441464759082,FUGAX,utilities,2004
2004-10-26,-0.0064541014560699555,FUGAX,utilities,2004
2004-10-27,-0.007712113625314685,FUGAX,utilities,2004
2004-10-28,-0.002887177161276824,FUGAX,utilities,2004
2004-10-29,0.0034337518619020953,FUGAX,utilities,2004
2004-11-01,0.0011169068775120478,FUGAX,utilities,2004
2004-11-02,-0.008333340621268058,FUGAX,utilities,2004
2004-11-03,-0.0005712876822520502,FUGAX,utilities,2004
2004-11-04,0.0022591432940897056,FUGAX,utilities,2004
2004-11-05,-0.0039700247542492,FUGAX,utilities,2004
2004-11-08,0.005088402951936747,FUGAX,utilities,2004
2004-11-09,0.0039981564048570915,FUGAX,utilities,2004
2004-11-10,-0.001852342602057373,FUGAX,utilities,2004
2004-11-11,0.005271550040184118,FUGAX,utilities,2004
2004-11-12,0.005640277126175239,FUGAX,utilities,2004
2004-11-15,-0.00676498418913259,FUGAX,utilities,2004
2004-11-16,0.003703189006001434,FUGAX,utilities,2004
2004-11-17,-0.006646497901736649,FUGAX,utilities,2004
2004-11-18,-0.0030229895907704085,FUGAX,utilities,2004
2004-11-19,-0.0011585747135924272,FUGAX,utilities,2004
2004-11-22,0.00524775819623577,FUGAX,utilities,2004
2004-11-23,-0.001712847592221644,FUGAX,utilities,2004
2004-11-24,-0.0009282899094995439,FUGAX,utilities,2004
2004-11-26,0.0008171123987257529,FUGAX,utilities,2004
2004-11-29,0.0009246996842615972,FUGAX,utilities,2004
2004-11-30,-0.009026003021952915,FUGAX,utilities,2004
2004-12-01,-0.0007100315678792123,FUGAX,utilities,2004
2004-12-02,-0.00044483988435699707,FUGAX,utilities,2004
2004-12-03,0.0014713307771794804,FUGAX,utilities,2004
2004-12-06,-0.0002429474407035349,FUGAX,utilities,2004
2004-12-07,-0.0040047942313698745,FUGAX,utilities,2004
2004-12-08,-0.008781624561730084,FUGAX,utilities,2004
2004-12-09,0.0033071098135614473,FUGAX,utilities,2004
2004-12-10,0.001644763229315675,FUGAX,utilities,2004
2004-12-13,0.0028934390203427703,FUGAX,utilities,2004
2004-12-14,-0.0003548727769368304,FUGAX,utilities,2004
2004-12-15,-0.003272085122723808,FUGAX,utilities,2004
2004-12-16,0.0021299704957416558,FUGAX,utilities,2004
2004-12-17,0.0047617563009254744,FUGAX,utilities,2004
2004-12-20,0.0029194249913418557,FUGAX,utilities,2004
2004-12-21,0.0013566633113411284,FUGAX,utilities,2004
2004-12-22,-0.0016931141972992775,FUGAX,utilities,2004
2004-12-23,-0.00396295470196717,FUGAX,utilities,2004
2004-12-27,-0.002464357658790206,FUGAX,utilities,2004
2004-12-28,-0.0005076936404263569,FUGAX,utilities,2004
2004-12-29,-0.002399672964293796,FUGAX,utilities,2004
2004-12-30,0.0017087105992465142,FUGAX,utilities,2004
2005-01-05,0.0035729252875376753,FUGAX,utilities,2005
2005-01-06,0.001276304438027993,FUGAX,utilities,2005
2005-01-07,0.0017683288337645522,FUGAX,utilities,2005
2005-01-10,-0.0028425937277022726,FUGAX,utilities,2005
2005-01-11,-7.482091374997647e-05,FUGAX,utilities,2005
2005-01-12,-0.003067874374377726,FUGAX,utilities,2005
2005-01-13,0.0023324301296244257,FUGAX,utilities,2005
2005-01-14,0.0011271149292799952,FUGAX,utilities,2005
2005-01-18,-0.000422122279842143,FUGAX,utilities,2005
2005-01-19,0.002320315361824132,FUGAX,utilities,2005
2005-01-20,-0.003709675094726126,FUGAX,utilities,2005
2005-01-21,0.005106730445638018,FUGAX,utilities,2005
2005-01-24,0.0015014554073494008,FUGAX,utilities,2005
2005-01-25,-0.010785830944970671,FUGAX,utilities,2005
2005-01-26,0.0031543064769188143,FUGAX,utilities,2005
2005-01-27,-0.006126952229586545,FUGAX,utilities,2005
2005-01-28,0.002024497398817051,FUGAX,utilities,2005
2005-01-31,-0.0011452728318246943,FUGAX,utilities,2005
2005-02-01,0.00167523258705883,FUGAX,utilities,2005
2005-02-02,0.0015677231655758144,FUGAX,utilities,2005
2005-02-03,0.005696848978414415,FUGAX,utilities,2005
2005-02-04,0.0050819533831995625,FUGAX,utilities,2005
2005-02-07,-0.0047869072665162014,FUGAX,utilities,2005
2005-02-08,0.0023873166996345343,FUGAX,utilities,2005
2005-02-09,-0.005208560629769058,FUGAX,utilities,2005
2005-02-10,-0.0069646082867958845,FUGAX,utilities,2005
2005-02-11,-0.00255953865142927,FUGAX,utilities,2005
2005-02-14,0.0062448156127948165,FUGAX,utilities,2005
2005-02-15,-0.0034394683763104422,FUGAX,utilities,2005
2005-02-16,0.002107443914333173,FUGAX,utilities,2005
2005-02-17,-0.001828745084286338,FUGAX,utilities,2005
2005-02-18,-0.005714516989412213,FUGAX,utilities,2005
2005-02-22,-0.001162617119810692,FUGAX,utilities,2005
2005-02-23,0.0009705175570109926,FUGAX,utilities,2005
2005-02-24,0.001395907948771643,FUGAX,utilities,2005
2005-02-25,0.0014088932941808477,FUGAX,utilities,2005
2005-02-28,-0.0002613981695901669,FUGAX,utilities,2005
2005-03-01,0.0034572216831339183,FUGAX,utilities,2005
2005-03-02,0.0009425727734656501,FUGAX,utilities,2005
2005-03-03,0.0001546284909034473,FUGAX,utilities,2005
2005-03-04,-0.0023865640447159886,FUGAX,utilities,2005
2005-03-07,0.0015067335933225106,FUGAX,utilities,2005
2005-03-08,-0.0054870043214203645,FUGAX,utilities,2005
2005-03-09,-0.0006022894965423391,FUGAX,utilities,2005
2005-03-10,-0.0014176951690860942,FUGAX,utilities,2005
2005-03-11,0.003702268409722226,FUGAX,utilities,2005
2005-03-14,0.0030940348529721684,FUGAX,utilities,2005
2005-03-15,-0.0002376912390774739,FUGAX,utilities,2005
2005-03-16,0.0013624182630299396,FUGAX,utilities,2005
2005-03-17,0.001688540523482209,FUGAX,utilities,2005
2005-03-18,0.001642509044337589,FUGAX,utilities,2005
2005-03-21,0.00010696916487732029,FUGAX,utilities,2005
2005-03-22,-0.00523415970020079,FUGAX,utilities,2005
2005-03-23,-0.002424699099858124,FUGAX,utilities,2005
2005-03-24,0.0024539887137651996,FUGAX,utilities,2005
2005-03-28,0.000746575543126882,FUGAX,utilities,2005
2005-03-29,-0.0017946491963984667,FUGAX,utilities,2005
2005-03-30,0.00010905102371150908,FUGAX,utilities,2005
2005-03-31,0.009454806978597467,FUGAX,utilities,2005
2005-04-01,0.0036896578786018855,FUGAX,utilities,2005
2005-04-04,0.004848226196832691,FUGAX,utilities,2005
2005-04-05,0.002875898777870406,FUGAX,utilities,2005
2005-04-06,-0.005362300465195698,FUGAX,utilities,2005
2005-04-07,0.0022885899039426045,FUGAX,utilities,2005
2005-04-08,0.0031126176833937745,FUGAX,utilities,2005
2005-04-11,0.0019979929121064477,FUGAX,utilities,2005
2005-04-12,0.0031714679382936414,FUGAX,utilities,2005
2005-04-13,0.0015156299566948476,FUGAX,utilities,2005
2005-04-14,-0.0003331216155200087,FUGAX,utilities,2005
2005-04-15,-0.0075946820944045625,FUGAX,utilities,2005
2005-04-18,0.0015593892123323435,FUGAX,utilities,2005
2005-04-19,0.0009788442163320152,FUGAX,utilities,2005
2005-04-20,0.003149542387652098,FUGAX,utilities,2005
2005-04-21,-0.004554210441804032,FUGAX,utilities,2005
2005-04-22,0.002357094637966323,FUGAX,utilities,2005
2005-04-25,0.0006268791380100698,FUGAX,utilities,2005
2005-04-26,0.0002801418977445777,FUGAX,utilities,2005
2005-04-27,0.0065882052832561405,FUGAX,utilities,2005
2005-04-28,0.004905768659118993,FUGAX,utilities,2005
2005-04-29,-0.004733654228258376,FUGAX,utilities,2005
2005-05-02,-0.00867053474055781,FUGAX,utilities,2005
2005-05-03,-0.006745960807410916,FUGAX,utilities,2005
2005-05-04,-0.001097777530073802,FUGAX,utilities,2005
2005-05-05,-0.004958125288449454,FUGAX,utilities,2005
2005-05-06,-0.0010983323124412734,FUGAX,utilities,2005
2005-05-09,-0.0012480136753868533,FUGAX,utilities,2005
2005-05-10,0.0022550351879475914,FUGAX,utilities,2005
2005-05-11,-0.0020506008815899027,FUGAX,utilities,2005
2005-05-12,0.0006140347694969482,FUGAX,utilities,2005
2005-05-13,-0.008750792627554922,FUGAX,utilities,2005
2005-05-16,-0.002372615742145788,FUGAX,utilities,2005
2005-05-17,0.004312730930307121,FUGAX,utilities,2005
2005-05-18,-0.0018407276503615818,FUGAX,utilities,2005
2005-05-19,0.004103464736708459,FUGAX,utilities,2005
2005-05-20,-0.0011243150420285376,FUGAX,utilities,2005
2005-05-23,-0.005010403504981585,FUGAX,utilities,2005
2005-05-24,0.001820678826376471,FUGAX,utilities,2005
2005-05-25,-0.0009922843185996893,FUGAX,utilities,2005
2005-05-26,0.00379192243700363,FUGAX,utilities,2005
2005-05-27,0.0026351499727726314,FUGAX,utilities,2005
2005-05-31,0.008190755610087187,FUGAX,utilities,2005
2005-06-01,-0.0026442956216573606,FUGAX,utilities,2005
2005-06-02,0.0028629605669834544,FUGAX,utilities,2005
2005-06-03,0.0034711489887985225,FUGAX,utilities,2005
2005-06-06,-0.0015202960813625256,FUGAX,utilities,2005
2005-06-07,0.0012558965865050646,FUGAX,utilities,2005
2005-06-08,0.001381838944403418,FUGAX,utilities,2005
2005-06-09,-0.005030575539215308,FUGAX,utilities,2005
2005-06-10,0.007435470633484485,FUGAX,utilities,2005
2005-06-13,0.004044539217481243,FUGAX,utilities,2005
2005-06-14,-0.0015253739642299069,FUGAX,utilities,2005
2005-06-15,-0.0018564299188273592,FUGAX,utilities,2005
2005-06-16,-0.0038140051587619013,FUGAX,utilities,2005
2005-06-17,0.0014457590494651724,FUGAX,utilities,2005
2005-06-20,0.002965973387100857,FUGAX,utilities,2005
2005-06-21,-0.0020848617481576716,FUGAX,utilities,2005
2005-06-22,0.0032202486163249635,FUGAX,utilities,2005
2005-06-23,0.00786641955765005,FUGAX,utilities,2005
2005-06-24,0.004089607708423834,FUGAX,utilities,2005
2005-06-27,-6.180197194822568e-05,FUGAX,utilities,2005
2005-06-28,0.0021846820657492553,FUGAX,utilities,2005
2005-06-29,0.002787208210358918,FUGAX,utilities,2005
2005-06-30,0.0058637970021458916,FUGAX,utilities,2005
2005-07-01,0.0020258140474024816,FUGAX,utilities,2005
2005-07-05,-0.0037732006699930944,FUGAX,utilities,2005
2005-07-06,-0.0017401391324365287,FUGAX,utilities,2005
2005-07-07,-0.0015677219965174035,FUGAX,utilities,2005
2005-07-08,-0.0005663479112739244,FUGAX,utilities,2005
2005-07-11,0.0007643411375835357,FUGAX,utilities,2005
2005-07-12,-0.0004666685460435649,FUGAX,utilities,2005
2005-07-13,-7.192737118392437e-05,FUGAX,utilities,2005
2005-07-14,-0.006283532826640192,FUGAX,utilities,2005
2005-07-15,0.00028796650411390667,FUGAX,utilities,2005
2005-07-18,-0.004130343170420017,FUGAX,utilities,2005
2005-07-19,-0.0015737697705133493,FUGAX,utilities,2005
2005-07-20,0.0002027736722426685,FUGAX,utilities,2005
2005-07-21,-0.007237580119079176,FUGAX,utilities,2005
2005-07-22,-0.0005619923656853733,FUGAX,utilities,2005
2005-07-25,0.00022256729348087059,FUGAX,utilities,2005
2005-07-26,0.0028025557926806346,FUGAX,utilities,2005
2005-07-27,0.007426790828187571,FUGAX,utilities,2005
2005-07-28,0.007681136684695489,FUGAX,utilities,2005
2005-07-29,0.004912147830164362,FUGAX,utilities,2005
2005-08-01,-0.0022119932149085746,FUGAX,utilities,2005
2005-08-02,0.0038571634552698516,FUGAX,utilities,2005
2005-08-03,0.0033874291127490154,FUGAX,utilities,2005
2005-08-04,0.002840037063884081,FUGAX,utilities,2005
2005-08-05,-0.006737296564554059,FUGAX,utilities,2005
2005-08-08,-0.010496007658868578,FUGAX,utilities,2005
2005-08-09,0.0032692179780007234,FUGAX,utilities,2005
2005-08-10,0.00021578950428548027,FUGAX,utilities,2005
2005-08-11,0.002323778542201673,FUGAX,utilities,2005
2005-08-12,-0.0021443293815504244,FUGAX,utilities,2005
2005-08-15,-0.002237117231143414,FUGAX,utilities,2005
2005-08-16,0.0017906915973048866,FUGAX,utilities,2005
2005-08-17,0.0018715089144111692,FUGAX,utilities,2005
2005-08-18,-0.0021383468892327,FUGAX,utilities,2005
2005-08-19,0.0024893256397725606,FUGAX,utilities,2005
2005-08-22,0.004454304182465151,FUGAX,utilities,2005
2005-08-23,0.004735576059481971,FUGAX,utilities,2005
2005-08-24,-0.0004008800786363927,FUGAX,utilities,2005
2005-08-25,-0.0006919566116072753,FUGAX,utilities,2005
2005-08-26,0.0010647884154544153,FUGAX,utilities,2005
2005-08-29,-0.002881365766110835,FUGAX,utilities,2005
2005-08-30,0.00501860189802953,FUGAX,utilities,2005
2005-08-31,0.00012189595372529873,FUGAX,utilities,2005
2005-09-01,0.005027060659373167,FUGAX,utilities,2005
2005-09-02,-0.0025708899407808064,FUGAX,utilities,2005
2005-09-06,0.0014638055096709533,FUGAX,utilities,2005
2005-09-07,-0.0023269947836293543,FUGAX,utilities,2005
2005-09-08,-0.006422160687990987,FUGAX,utilities,2005
2005-09-09,0.001238557265611357,FUGAX,utilities,2005
2005-09-12,-0.0017107343846806007,FUGAX,utilities,2005
2005-09-13,-0.0025563342646085377,FUGAX,utilities,2005
2005-09-14,0.0029488843275296698,FUGAX,utilities,2005
2005-09-15,0.0048059921689214795,FUGAX,utilities,2005
2005-09-16,0.0018926087062415414,FUGAX,utilities,2005
2005-09-19,-0.0012621818568158494,FUGAX,utilities,2005
2005-09-20,-0.0007801337911910082,FUGAX,utilities,2005
2005-09-21,-0.003387899900992553,FUGAX,utilities,2005
2005-09-22,-0.003961268612842866,FUGAX,utilities,2005
2005-09-23,0.0004223711742012638,FUGAX,utilities,2005
2005-09-26,0.002818345887408074,FUGAX,utilities,2005
2005-09-27,7.738750027847961e-06,FUGAX,utilities,2005
2005-09-28,0.010961596481602328,FUGAX,utilities,2005
2005-09-29,-0.002640689802363416,FUGAX,utilities,2005
2005-09-30,0.001706234092587231,FUGAX,utilities,2005
2005-10-03,0.010088657516574973,FUGAX,utilities,2005
2005-10-04,-0.000186221172454799,FUGAX,utilities,2005
2005-10-05,-0.010472431266602382,FUGAX,utilities,2005
2005-10-06,-0.01183468556135981,FUGAX,utilities,2005
2005-10-07,0.002253430758099767,FUGAX,utilities,2005
2005-10-10,-0.0037103939989876714,FUGAX,utilities,2005
2005-10-11,-0.003750772441330354,FUGAX,utilities,2005
2005-10-12,-0.005768580609959392,FUGAX,utilities,2005
2005-10-13,-0.01569565567277278,FUGAX,utilities,2005
2005-10-14,0.0012459299124415648,FUGAX,utilities,2005
2005-10-17,7.799429881303038e-05,FUGAX,utilities,2005
2005-10-18,-0.0068547471349008245,FUGAX,utilities,2005
2005-10-19,-0.007543252248491496,FUGAX,utilities,2005
2005-10-20,-0.003932953089746664,FUGAX,utilities,2005
2005-10-21,0.012903801059288894,FUGAX,utilities,2005
2005-10-24,0.008238244905794927,FUGAX,utilities,2005
2005-10-25,0.004290660877407183,FUGAX,utilities,2005
2005-10-26,-0.00800181263654283,FUGAX,utilities,2005
2005-10-27,0.0006682007203400175,FUGAX,utilities,2005
2005-10-28,0.0069611087158135635,FUGAX,utilities,2005
2005-10-31,0.007040402618491424,FUGAX,utilities,2005
2005-11-01,-0.014392627035701197,FUGAX,utilities,2005
2005-11-02,-0.000997786426521697,FUGAX,utilities,2005
2005-11-03,-0.008013976528211767,FUGAX,utilities,2005
2005-11-04,0.0036760895456321736,FUGAX,utilities,2005
2005-11-07,-0.0031133009548296254,FUGAX,utilities,2005
2005-11-08,-0.00020628545164534895,FUGAX,utilities,2005
2005-11-09,0.002776839130608867,FUGAX,utilities,2005
2005-11-10,-0.0069366878988563465,FUGAX,utilities,2005
2005-11-11,-0.006576792791065697,FUGAX,utilities,2005
2005-11-14,0.0016560491559292603,FUGAX,utilities,2005
2005-11-15,-0.0004761940659978644,FUGAX,utilities,2005
2005-11-16,0.0014708820978572845,FUGAX,utilities,2005
2005-11-17,0.008157438273591716,FUGAX,utilities,2005
2005-11-18,0.00042760782060302475,FUGAX,utilities,2005
2005-11-21,-0.0012157651911676474,FUGAX,utilities,2005
2005-11-22,8.428975213770583e-05,FUGAX,utilities,2005
2005-11-23,-0.001221179895281972,FUGAX,utilities,2005
2005-11-25,0.004419804828476804,FUGAX,utilities,2005
2005-11-28,0.0059321672793453475,FUGAX,utilities,2005
2005-11-29,0.002075606848098856,FUGAX,utilities,2005
2005-11-30,-0.0021224113268880967,FUGAX,utilities,2005
2005-12-01,0.0015613053146224347,FUGAX,utilities,2005
2005-12-02,-0.004468429074392807,FUGAX,utilities,2005
2005-12-05,0.002963361265131435,FUGAX,utilities,2005
2005-12-06,-0.0025117608310952604,FUGAX,utilities,2005
2005-12-07,0.00022399768485960574,FUGAX,utilities,2005
2005-12-08,0.0043305317247654546,FUGAX,utilities,2005
2005-12-09,0.005464534717602774,FUGAX,utilities,2005
2005-12-12,-0.006282888899851044,FUGAX,utilities,2005
2005-12-13,0.0011575874551841125,FUGAX,utilities,2005
2005-12-14,-0.00230107655843329,FUGAX,utilities,2005
2005-12-15,0.004921435542013722,FUGAX,utilities,2005
2005-12-16,0.0019320367671468175,FUGAX,utilities,2005
2005-12-19,-0.0061972384766034805,FUGAX,utilities,2005
2005-12-20,-0.004333796280751092,FUGAX,utilities,2005
2005-12-21,-0.010193606748502467,FUGAX,utilities,2005
2005-12-22,-7.152105920450735e-05,FUGAX,utilities,2005
2005-12-23,-0.0006853250790998553,FUGAX,utilities,2005
2005-12-27,0.005293136692180353,FUGAX,utilities,2005
2005-12-28,-0.006143119448356167,FUGAX,utilities,2005
2005-12-29,0.00298464916812736,FUGAX,utilities,2005
2005-12-30,0.0004815991951545714,FUGAX,utilities,2005
2006-01-04,0.0024221848053446217,FUGAX,utilities,2006
2006-01-05,-0.004452508281920999,FUGAX,utilities,2006
2006-01-06,0.0030239064185251727,FUGAX,utilities,2006
2006-01-09,-0.0026047545214482873,FUGAX,utilities,2006
2006-01-10,-0.0040609348166214115,FUGAX,utilities,2006
2006-01-11,0.00022807812965188953,FUGAX,utilities,2006
2006-01-12,0.0003161813832897125,FUGAX,utilities,2006
2006-01-13,0.0072553586896111225,FUGAX,utilities,2006
2006-01-17,-0.0005927845569802556,FUGAX,utilities,2006
2006-01-18,0.0036154067153293685,FUGAX,utilities,2006
2006-01-19,0.002977739455491124,FUGAX,utilities,2006
2006-01-20,0.003929565862936005,FUGAX,utilities,2006
2006-01-23,-0.004012941163015856,FUGAX,utilities,2006
2006-01-24,0.003794576502315708,FUGAX,utilities,2006
2006-01-25,-2.4974340813327736e-05,FUGAX,utilities,2006
2006-01-26,-0.0015695328868083752,FUGAX,utilities,2006
2006-01-27,0.0008047414542794928,FUGAX,utilities,2006
2006-01-30,-0.00395320911122505,FUGAX,utilities,2006
2006-01-31,0.003526055378627658,FUGAX,utilities,2006
2006-02-01,0.0011985859054110806,FUGAX,utilities,2006
2006-02-02,0.00032891615838283404,FUGAX,utilities,2006
2006-02-03,0.002403489705834502,FUGAX,utilities,2006
2006-02-06,-4.723118265176048e-05,FUGAX,utilities,2006
2006-02-07,0.00015127802056017024,FUGAX,utilities,2006
2006-02-08,0.0003006091473741635,FUGAX,utilities,2006
2006-02-09,0.0018587316200971249,FUGAX,utilities,2006
2006-02-10,0.003109401326195315,FUGAX,utilities,2006
2006-02-13,-0.004437712068278712,FUGAX,utilities,2006
2006-02-14,0.006176211627875483,FUGAX,utilities,2006
2006-02-15,0.0017560525416259747,FUGAX,utilities,2006
2006-02-16,0.005696977823333929,FUGAX,utilities,2006
2006-02-17,0.008844258226421351,FUGAX,utilities,2006
2006-02-21,0.0005695233396439319,FUGAX,utilities,2006
2006-02-22,-0.008330900814476494,FUGAX,utilities,2006
2006-02-23,-0.0014372458936739935,FUGAX,utilities,2006
2006-02-24,-0.004463383782613307,FUGAX,utilities,2006
2006-02-27,0.00651948499543782,FUGAX,utilities,2006
2006-02-28,-0.002212308430931914,FUGAX,utilities,2006
2006-03-01,0.000145032278518511,FUGAX,utilities,2006
2006-03-02,0.0012422804967974267,FUGAX,utilities,2006
2006-03-03,-0.0027641043038565795,FUGAX,utilities,2006
2006-03-06,0.0064971653817516295,FUGAX,utilities,2006
2006-03-07,-0.011903364301906048,FUGAX,utilities,2006
2006-03-08,0.000878194728627798,FUGAX,utilities,2006
2006-03-09,0.004984363292805993,FUGAX,utilities,2006
2006-03-10,0.0009484040530250886,FUGAX,utilities,2006
2006-03-13,-0.00021727268226624775,FUGAX,utilities,2006
2006-03-14,0.001358422488908535,FUGAX,utilities,2006
2006-03-15,-0.0009568322920887563,FUGAX,utilities,2006
2006-03-16,0.003271412602331891,FUGAX,utilities,2006
2006-03-17,-0.007378439940454967,FUGAX,utilities,2006
2006-03-20,-0.008026674173408278,FUGAX,utilities,2006
2006-03-21,-0.002120694754181896,FUGAX,utilities,2006
2006-03-22,0.0034319450360359603,FUGAX,utilities,2006
2006-03-23,0.0014936098672666811,FUGAX,utilities,2006
2006-03-24,0.0018199056832643808,FUGAX,utilities,2006
2006-03-27,-0.0014186577446459842,FUGAX,utilities,2006
2006-03-28,-0.0015823766014032015,FUGAX,utilities,2006
2006-03-29,0.0020258129337850884,FUGAX,utilities,2006
2006-03-30,-0.008539305250243082,FUGAX,utilities,2006
2006-03-31,-0.003941800798764903,FUGAX,utilities,2006
2006-04-03,0.0011423854801508788,FUGAX,utilities,2006
2006-04-04,0.0019563932088121133,FUGAX,utilities,2006
2006-04-05,0.00042632346568675667,FUGAX,utilities,2006
2006-04-06,-0.009065026989431808,FUGAX,utilities,2006
2006-04-07,-0.0023233212205937357,FUGAX,utilities,2006
2006-04-10,-0.003708071237600713,FUGAX,utilities,2006
2006-04-11,-0.00681874065544761,FUGAX,utilities,2006
2006-04-12,-0.00017707019539175777,FUGAX,utilities,2006
2006-04-13,-0.002846544627132735,FUGAX,utilities,2006
2006-04-17,-0.004189133405601246,FUGAX,utilities,2006
2006-04-18,0.005881204454334741,FUGAX,utilities,2006
2006-04-19,-0.007737165455464982,FUGAX,utilities,2006
2006-04-20,-0.00422222304596378,FUGAX,utilities,2006
2006-04-21,-0.0007906861490797772,FUGAX,utilities,2006
2006-04-24,0.003218225693657123,FUGAX,utilities,2006
2006-04-25,0.0005346572316823662,FUGAX,utilities,2006
2006-04-26,0.0010404662095424581,FUGAX,utilities,2006
2006-04-27,0.005125408285004072,FUGAX,utilities,2006
2006-04-28,-0.004443266039699201,FUGAX,utilities,2006
2006-05-01,0.004810944747971578,FUGAX,utilities,2006
2006-05-02,0.0011679402088152022,FUGAX,utilities,2006
2006-05-03,-0.003448859572041134,FUGAX,utilities,2006
2006-05-04,-0.0027496154917099154,FUGAX,utilities,2006
2006-05-05,0.0007843545133361619,FUGAX,utilities,2006
2006-05-08,0.0014649950702439948,FUGAX,utilities,2006
2006-05-09,-0.004616556915674717,FUGAX,utilities,2006
2006-05-10,-0.002134365516257932,FUGAX,utilities,2006
2006-05-11,-0.0009021676170351354,FUGAX,utilities,2006
2006-05-12,-0.0008730967221938415,FUGAX,utilities,2006
2006-05-15,0.00033864823565525094,FUGAX,utilities,2006
2006-05-16,0.000425494345661275,FUGAX,utilities,2006
2006-05-17,-0.0078054658543940045,FUGAX,utilities,2006
2006-05-18,0.0011803996348376162,FUGAX,utilities,2006
2006-05-19,0.004346517439480459,FUGAX,utilities,2006
2006-05-22,0.0005858430478333527,FUGAX,utilities,2006
2006-05-23,0.0024733318121479713,FUGAX,utilities,2006
2006-05-24,-0.004102776935556866,FUGAX,utilities,2006
2006-05-25,-0.0016245026718370251,FUGAX,utilities,2006
2006-05-26,0.006946732051172577,FUGAX,utilities,2006
2006-05-30,-0.0017998558774356722,FUGAX,utilities,2006
2006-05-31,0.004322048490852869,FUGAX,utilities,2006
2006-06-01,0.012909308400706747,FUGAX,utilities,2006
2006-06-02,0.0008320037470137521,FUGAX,utilities,2006
2006-06-05,0.001045029831602335,FUGAX,utilities,2006
2006-06-06,0.006117089375639597,FUGAX,utilities,2006
2006-06-07,0.0012438904534835455,FUGAX,utilities,2006
2006-06-08,-0.0012587348333788304,FUGAX,utilities,2006
2006-06-09,0.004193232994194811,FUGAX,utilities,2006
2006-06-12,0.0006613183822971923,FUGAX,utilities,2006
2006-06-13,0.00305829383549044,FUGAX,utilities,2006
2006-06-14,-0.005869921875514997,FUGAX,utilities,2006
2006-06-15,0.0009206187075584023,FUGAX,utilities,2006
2006-06-16,0.006639337185407547,FUGAX,utilities,2006
2006-06-19,-0.0052100032222724985,FUGAX,utilities,2006
2006-06-20,-0.001985170208722058,FUGAX,utilities,2006
2006-06-21,-0.005002080211695842,FUGAX,utilities,2006
2006-06-22,-0.002324394821440207,FUGAX,utilities,2006
2006-06-23,0.0006889208238981627,FUGAX,utilities,2006
2006-06-26,-0.0021309899170502185,FUGAX,utilities,2006
2006-06-27,0.0033305901322108274,FUGAX,utilities,2006
2006-06-28,0.001071185516913228,FUGAX,utilities,2006
2006-06-29,-0.0022602990605622517,FUGAX,utilities,2006
2006-06-30,0.004746061797946276,FUGAX,utilities,2006
2006-07-03,0.0017081980840959621,FUGAX,utilities,2006
2006-07-05,-0.0024122598735189264,FUGAX,utilities,2006
2006-07-06,-0.0016496400748272069,FUGAX,utilities,2006
2006-07-07,0.0023968379472059454,FUGAX,utilities,2006
2006-07-10,-0.0020988475514353054,FUGAX,utilities,2006
2006-07-11,-0.003990322250209219,FUGAX,utilities,2006
2006-07-12,6.0070532563506925e-05,FUGAX,utilities,2006
2006-07-13,-0.002517442887064413,FUGAX,utilities,2006
2006-07-14,0.0028491914063958484,FUGAX,utilities,2006
2006-07-17,0.004752228177765527,FUGAX,utilities,2006
2006-07-18,-0.002044261985286942,FUGAX,utilities,2006
2006-07-19,0.005513914122305435,FUGAX,utilities,2006
2006-07-20,0.0020398450291195676,FUGAX,utilities,2006
2006-07-21,0.002190737036201832,FUGAX,utilities,2006
2006-07-24,0.0014421096191515916,FUGAX,utilities,2006
2006-07-25,0.012206104588392956,FUGAX,utilities,2006
2006-07-26,0.005976776573480898,FUGAX,utilities,2006
2006-07-27,0.00237406680830062,FUGAX,utilities,2006
2006-07-28,-0.000615741515427785,FUGAX,utilities,2006
2006-07-31,-0.003966912692269024,FUGAX,utilities,2006
2006-08-01,0.004185625274640797,FUGAX,utilities,2006
2006-08-02,0.00702502090350108,FUGAX,utilities,2006
2006-08-03,-0.008976063722610872,FUGAX,utilities,2006
2006-08-04,-0.002852169217640227,FUGAX,utilities,2006
2006-08-07,-0.006446685349238752,FUGAX,utilities,2006
2006-08-08,0.00511617595015589,FUGAX,utilities,2006
2006-08-09,0.0001128983496870785,FUGAX,utilities,2006
2006-08-10,-0.0035647699970103694,FUGAX,utilities,2006
2006-08-11,0.0008628897296778469,FUGAX,utilities,2006
2006-08-14,-0.003017866916574291,FUGAX,utilities,2006
2006-08-15,0.0002829826849548977,FUGAX,utilities,2006
2006-08-16,-0.012129658148386206,FUGAX,utilities,2006
2006-08-17,-0.0031676714946346526,FUGAX,utilities,2006
2006-08-18,0.00249832664719175,FUGAX,utilities,2006
2006-08-21,0.0031185510031768162,FUGAX,utilities,2006
2006-08-22,0.004003043060168952,FUGAX,utilities,2006
2006-08-23,-0.003199378584853013,FUGAX,utilities,2006
2006-08-24,0.0016934078356317587,FUGAX,utilities,2006
2006-08-25,0.00012751834425238319,FUGAX,utilities,2006
2006-08-28,0.003798331402176957,FUGAX,utilities,2006
2006-08-29,0.004171998455685033,FUGAX,utilities,2006
2006-08-30,-0.0022718404361278884,FUGAX,utilities,2006
2006-08-31,0.002849553377316391,FUGAX,utilities,2006
2006-09-01,-0.0011917014064877973,FUGAX,utilities,2006
2006-09-05,-0.0026687411566463292,FUGAX,utilities,2006
2006-09-06,0.0014203622918547302,FUGAX,utilities,2006
2006-09-07,-0.000628491151083788,FUGAX,utilities,2006
2006-09-08,-0.002814205071867609,FUGAX,utilities,2006
2006-09-11,-0.0002863934829994304,FUGAX,utilities,2006
2006-09-12,-0.0034965855563143366,FUGAX,utilities,2006
2006-09-13,-0.0019995110049938385,FUGAX,utilities,2006
2006-09-14,0.002091739433235449,FUGAX,utilities,2006
2006-09-15,-0.004542220770725324,FUGAX,utilities,2006
2006-09-18,-0.0073978992873560655,FUGAX,utilities,2006
2006-09-19,0.0029178202004423305,FUGAX,utilities,2006
2006-09-20,0.004490952824273961,FUGAX,utilities,2006
2006-09-21,0.002949174233700231,FUGAX,utilities,2006
2006-09-22,0.007269900137846987,FUGAX,utilities,2006
2006-09-25,0.0076490475895742045,FUGAX,utilities,2006
2006-09-26,-0.005797140656802986,FUGAX,utilities,2006
2006-09-27,-0.010459560842885905,FUGAX,utilities,2006
2006-09-28,-0.0059975242516828965,FUGAX,utilities,2006
2006-09-29,0.001068369483429307,FUGAX,utilities,2006
2006-10-02,-0.002368194482003393,FUGAX,utilities,2006
2006-10-03,0.0028320773059026904,FUGAX,utilities,2006
2006-10-04,-0.0038336001067617725,FUGAX,utilities,2006
2006-10-05,-0.005478333307899507,FUGAX,utilities,2006
2006-10-06,-0.004782561848143551,FUGAX,utilities,2006
2006-10-09,-0.0005568525565647497,FUGAX,utilities,2006
2006-10-10,0.0050882485173134005,FUGAX,utilities,2006
2006-10-11,0.0018911888067997887,FUGAX,utilities,2006
2006-10-12,-0.004381468780939225,FUGAX,utilities,2006
2006-10-13,-0.00371894696820372,FUGAX,utilities,2006
2006-10-16,0.0031921760434273933,FUGAX,utilities,2006
2006-10-17,0.007790914999894966,FUGAX,utilities,2006
2006-10-18,0.007715124376041807,FUGAX,utilities,2006
2006-10-19,0.0030351714398935588,FUGAX,utilities,2006
2006-10-20,0.005144050078129865,FUGAX,utilities,2006
2006-10-23,-0.0014278840500408425,FUGAX,utilities,2006
2006-10-24,-0.002915280050969256,FUGAX,utilities,2006
2006-10-25,0.007012829017886819,FUGAX,utilities,2006
2006-10-26,-0.005144664438187938,FUGAX,utilities,2006
2006-10-27,-0.0018555160305103145,FUGAX,utilities,2006
2006-10-30,-0.00013197961548258943,FUGAX,utilities,2006
2006-10-31,-2.8770960467573757e-05,FUGAX,utilities,2006
2006-11-01,0.008155693711789223,FUGAX,utilities,2006
2006-11-02,-0.005060015840715797,FUGAX,utilities,2006
2006-11-03,-0.003667157069394629,FUGAX,utilities,2006
2006-11-06,-0.01022457447988348,FUGAX,utilities,2006
2006-11-07,-0.005723400269494871,FUGAX,utilities,2006
2006-11-08,0.008551148461245309,FUGAX,utilities,2006
2006-11-09,0.004342864754108865,FUGAX,utilities,2006
2006-11-10,0.0048958150661437905,FUGAX,utilities,2006
2006-11-13,0.00014263909466434924,FUGAX,utilities,2006
2006-11-14,-0.003651442388917844,FUGAX,utilities,2006
2006-11-15,-0.004947960065814954,FUGAX,utilities,2006
2006-11-16,5.041751733007209e-05,FUGAX,utilities,2006
2006-11-17,-0.0003600923429608248,FUGAX,utilities,2006
2006-11-20,-0.0021631946345592413,FUGAX,utilities,2006
2006-11-21,-0.0003634679220508629,FUGAX,utilities,2006
2006-11-22,0.0020667727616120045,FUGAX,utilities,2006
2006-11-24,0.00394253562065415,FUGAX,utilities,2006
2006-11-27,-0.0008852227054982013,FUGAX,utilities,2006
2006-11-28,0.002988696511178464,FUGAX,utilities,2006
2006-11-29,0.007350523254244082,FUGAX,utilities,2006
2006-11-30,0.0005636200629467261,FUGAX,utilities,2006
2006-12-01,0.005620330562644325,FUGAX,utilities,2006
2006-12-04,0.004492897643510854,FUGAX,utilities,2006
2006-12-05,-0.0013498588274721136,FUGAX,utilities,2006
2006-12-06,-0.0051620714788728865,FUGAX,utilities,2006
2006-12-07,-0.0035693320006040725,FUGAX,utilities,2006
2006-12-08,-0.003612523252688831,FUGAX,utilities,2006
2006-12-11,0.0007779125617546406,FUGAX,utilities,2006
2006-12-12,0.0024905124620589244,FUGAX,utilities,2006
2006-12-13,0.0021373591383012165,FUGAX,utilities,2006
2006-12-14,-0.0042083668720420166,FUGAX,utilities,2006
2006-12-15,-0.002792769191853307,FUGAX,utilities,2006
2006-12-18,-0.006828878495809546,FUGAX,utilities,2006
2006-12-19,0.003069342830900371,FUGAX,utilities,2006
2006-12-20,-0.003341483929716378,FUGAX,utilities,2006
2006-12-21,0.0005209028606679646,FUGAX,utilities,2006
2006-12-22,0.0018669905608853996,FUGAX,utilities,2006
2006-12-26,7.890008193278588e-05,FUGAX,utilities,2006
2006-12-27,-0.0025145055034820835,FUGAX,utilities,2006
2006-12-28,-0.003206788696677802,FUGAX,utilities,2006
2006-12-29,0.0003742334131312014,FUGAX,utilities,2006
2007-01-04,-0.004438424707548188,FUGAX,utilities,2007
2007-01-05,-0.01187560003737571,FUGAX,utilities,2007
2007-01-08,-0.007651079461088627,FUGAX,utilities,2007
2007-01-09,0.0011920353730217848,FUGAX,utilities,2007
2007-01-10,-0.0012997690217344303,FUGAX,utilities,2007
2007-01-11,-0.004818004711586405,FUGAX,utilities,2007
2007-01-12,-0.011221617147652456,FUGAX,utilities,2007
2007-01-16,0.003713248119823898,FUGAX,utilities,2007
2007-01-17,0.00011408414916656514,FUGAX,utilities,2007
2007-01-18,0.0006840240564741707,FUGAX,utilities,2007
2007-01-19,0.002493076826591231,FUGAX,utilities,2007
2007-01-22,0.00045573593502778943,FUGAX,utilities,2007
2007-01-23,0.0016430730680369833,FUGAX,utilities,2007
2007-01-24,-0.000611617695953354,FUGAX,utilities,2007
2007-01-25,0.0031359913084451135,FUGAX,utilities,2007
2007-01-26,0.0022811684602273806,FUGAX,utilities,2007
2007-01-29,0.0004159405221221096,FUGAX,utilities,2007
2007-01-30,0.00021293370546140566,FUGAX,utilities,2007
2007-01-31,-0.0036867838922024195,FUGAX,utilities,2007
2007-02-01,0.0021020521270124163,FUGAX,utilities,2007
2007-02-02,0.0018357795364421065,FUGAX,utilities,2007
2007-02-05,0.011958620335707252,FUGAX,utilities,2007
2007-02-06,0.007257028704199775,FUGAX,utilities,2007
2007-02-07,-0.0009515436479675019,FUGAX,utilities,2007
2007-02-08,0.006023820234380267,FUGAX,utilities,2007
2007-02-09,0.005229506074960956,FUGAX,utilities,2007
2007-02-12,0.0008098456404978659,FUGAX,utilities,2007
2007-02-13,0.0007387277146730653,FUGAX,utilities,2007
2007-02-14,-0.00021864271211763896,FUGAX,utilities,2007
2007-02-15,-0.006597329621443953,FUGAX,utilities,2007
2007-02-16,0.00031807175440646705,FUGAX,utilities,2007
2007-02-20,0.0025467275680618414,FUGAX,utilities,2007
2007-02-21,-0.00415901706313385,FUGAX,utilities,2007
2007-02-22,0.0030119270673118633,FUGAX,utilities,2007
2007-02-23,0.012060250477117253,FUGAX,utilities,2007
2007-02-26,0.02548008634676027,FUGAX,utilities,2007
2007-02-27,0.0045028368520049385,FUGAX,utilities,2007
2007-02-28,-0.010242279306144084,FUGAX,utilities,2007
2007-03-01,0.005852225161250907,FUGAX,utilities,2007
2007-03-02,-0.005554733223846515,FUGAX,utilities,2007
2007-03-05,-0.007856882617557594,FUGAX,utilities,2007
2007-03-06,0.0010044058024093333,FUGAX,utilities,2007
2007-03-07,0.0022448405341699896,FUGAX,utilities,2007
2007-03-08,-0.004782995565839394,FUGAX,utilities,2007
2007-03-09,0.0016380826630022834,FUGAX,utilities,2007
2007-03-12,0.008954437697695479,FUGAX,utilities,2007
2007-03-13,0.0013107258974765917,FUGAX,utilities,2007
2007-03-14,-0.00048622286229882666,FUGAX,utilities,2007
2007-03-15,0.01099473649641464,FUGAX,utilities,2007
2007-03-16,-0.003528486712042234,FUGAX,utilities,2007
2007-03-19,-9.959230433556274e-05,FUGAX,utilities,2007
2007-03-20,0.006790970182809022,FUGAX,utilities,2007
2007-03-21,-0.0016912903726931973,FUGAX,utilities,2007
2007-03-22,0.0014764181535209492,FUGAX,utilities,2007
2007-03-23,0.00332989556632961,FUGAX,utilities,2007
2007-03-26,0.004736623107065185,FUGAX,utilities,2007
2007-03-27,0.0014289541315930163,FUGAX,utilities,2007
2007-03-28,0.005120592020669193,FUGAX,utilities,2007
2007-03-29,0.0013091461985199962,FUGAX,utilities,2007
2007-03-30,-0.005856451843282791,FUGAX,utilities,2007
2007-04-02,0.01708522908906792,FUGAX,utilities,2007
2007-04-03,-0.009241895488845808,FUGAX,utilities,2007
2007-04-04,-0.003809589911933305,FUGAX,utilities,2007
2007-04-05,0.00032622192957811654,FUGAX,utilities,2007
2007-04-09,0.00874147443808625,FUGAX,utilities,2007
2007-04-10,0.0015822561880489798,FUGAX,utilities,2007
2007-04-11,-0.0011779669250943396,FUGAX,utilities,2007
2007-04-12,-0.007962836280650223,FUGAX,utilities,2007
2007-04-13,-0.004901078622972118,FUGAX,utilities,2007
2007-04-16,-0.0009097070411257652,FUGAX,utilities,2007
2007-04-17,0.0052734930921752125,FUGAX,utilities,2007
2007-04-18,0.0001695908970040529,FUGAX,utilities,2007
2007-04-19,-0.004366814468818797,FUGAX,utilities,2007
2007-04-20,-0.0005191896257563666,FUGAX,utilities,2007
2007-04-23,0.010162752090766704,FUGAX,utilities,2007
2007-04-24,0.003924368743193343,FUGAX,utilities,2007
2007-04-25,-0.0013394453863649841,FUGAX,utilities,2007
2007-04-26,-0.00938852946412464,FUGAX,utilities,2007
2007-04-27,-0.006490525662354522,FUGAX,utilities,2007
2007-04-30,-0.002840833261503148,FUGAX,utilities,2007
2007-05-01,0.007510198893829896,FUGAX,utilities,2007
2007-05-02,0.0010863988932033521,FUGAX,utilities,2007
2007-05-03,-0.006048234722804509,FUGAX,utilities,2007
2007-05-04,-0.0007195070805754108,FUGAX,utilities,2007
2007-05-07,0.0071309030171024575,FUGAX,utilities,2007
2007-05-08,-0.00510723742098265,FUGAX,utilities,2007
2007-05-09,0.0010462867849423572,FUGAX,utilities,2007
2007-05-10,-0.0017362010091555753,FUGAX,utilities,2007
2007-05-11,0.0009595453748072105,FUGAX,utilities,2007
2007-05-14,0.00388562279221313,FUGAX,utilities,2007
2007-05-15,0.001365684478541799,FUGAX,utilities,2007
2007-05-16,-0.0011728677731968678,FUGAX,utilities,2007
2007-05-17,-0.0019254028642379038,FUGAX,utilities,2007
2007-05-18,-0.0023475748539365992,FUGAX,utilities,2007
2007-05-21,0.002443910118199385,FUGAX,utilities,2007
2007-05-22,-0.0037779793677264395,FUGAX,utilities,2007
2007-05-23,-0.011033849046313708,FUGAX,utilities,2007
2007-05-24,-0.020340272119141998,FUGAX,utilities,2007
2007-05-25,-0.00456275413402899,FUGAX,utilities,2007
2007-05-29,0.0030636445689855747,FUGAX,utilities,2007
2007-05-30,0.0049738036817834844,FUGAX,utilities,2007
2007-05-31,0.0029373490533124162,FUGAX,utilities,2007
2007-06-01,-0.00828698299025569,FUGAX,utilities,2007
2007-06-04,-0.0033307221078820314,FUGAX,utilities,2007
2007-06-05,-0.012219858497707499,FUGAX,utilities,2007
2007-06-06,-0.007142433414419669,FUGAX,utilities,2007
2007-06-07,-0.018492368060910626,FUGAX,utilities,2007
2007-06-08,0.00015531079987704532,FUGAX,utilities,2007
2007-06-11,0.008187570239453993,FUGAX,utilities,2007
2007-06-12,-0.005149419082391906,FUGAX,utilities,2007
2007-06-13,0.005869511463658985,FUGAX,utilities,2007
2007-06-14,-0.0004973457022980068,FUGAX,utilities,2007
2007-06-15,0.010991612149712802,FUGAX,utilities,2007
2007-06-18,-0.00944304891359438,FUGAX,utilities,2007
2007-06-19,-0.0008767218590039203,FUGAX,utilities,2007
2007-06-20,-0.015006721707403397,FUGAX,utilities,2007
2007-06-21,0.0016672217588156882,FUGAX,utilities,2007
2007-06-22,-0.009193318493200615,FUGAX,utilities,2007
2007-06-25,0.008153088445453411,FUGAX,utilities,2007
2007-06-26,0.003463151079662172,FUGAX,utilities,2007
2007-06-27,0.0023523621853461622,FUGAX,utilities,2007
2007-06-28,-0.0023149011483975536,FUGAX,utilities,2007
2007-06-29,0.0028342057502835035,FUGAX,utilities,2007
2007-07-02,0.013869633199762896,FUGAX,utilities,2007
2007-07-03,-0.004553015382877692,FUGAX,utilities,2007
2007-07-05,-0.0028502076626506063,FUGAX,utilities,2007
2007-07-06,-0.009559648229896082,FUGAX,utilities,2007
2007-07-09,0.002389327694559109,FUGAX,utilities,2007
2007-07-10,-0.0025595220123671592,FUGAX,utilities,2007
2007-07-11,-0.001535122507777046,FUGAX,utilities,2007
2007-07-12,0.0020379307408153694,FUGAX,utilities,2007
2007-07-13,0.010388778915889355,FUGAX,utilities,2007
2007-07-16,-0.015119279140941333,FUGAX,utilities,2007
2007-07-17,-0.0005948805373085133,FUGAX,utilities,2007
2007-07-18,0.008161152519640386,FUGAX,utilities,2007
2007-07-19,0.016709146537490678,FUGAX,utilities,2007
2007-07-20,-0.007787540605524692,FUGAX,utilities,2007
2007-07-23,0.0008330200718468664,FUGAX,utilities,2007
2007-07-24,-0.02360306894438517,FUGAX,utilities,2007
2007-07-25,-0.0037002969563552637,FUGAX,utilities,2007
2007-07-26,-0.013302171367989897,FUGAX,utilities,2007
2007-07-27,-0.001588996420665078,FUGAX,utilities,2007
2007-07-30,-0.003630177710172126,FUGAX,utilities,2007
2007-07-31,0.006554791853851638,FUGAX,utilities,2007
2007-08-01,0.01795176430038284,FUGAX,utilities,2007
2007-08-02,0.0020791425753537663,FUGAX,utilities,2007
2007-08-03,-0.014737120003781128,FUGAX,utilities,2007
2007-08-06,0.013805727058252374,FUGAX,utilities,2007
2007-08-07,0.007808156613270726,FUGAX,utilities,2007
2007-08-08,-0.0031325712260252755,FUGAX,utilities,2007
2007-08-09,-0.004377805079190975,FUGAX,utilities,2007
2007-08-10,-0.006067204004302294,FUGAX,utilities,2007
2007-08-13,0.0049576423418882165,FUGAX,utilities,2007
2007-08-14,-0.00559961108278639,FUGAX,utilities,2007
2007-08-15,-0.002393502488479818,FUGAX,utilities,2007
2007-08-16,-0.01573377267664633,FUGAX,utilities,2007
2007-08-17,0.010446894414859464,FUGAX,utilities,2007
2007-08-20,0.0003075313313671811,FUGAX,utilities,2007
2007-08-21,0.002513114473545588,FUGAX,utilities,2007
2007-08-22,0.003200206943018766,FUGAX,utilities,2007
2007-08-23,0.003933525741094875,FUGAX,utilities,2007
2007-08-24,-0.000263859812887764,FUGAX,utilities,2007
2007-08-27,-0.021921503198494223,FUGAX,utilities,2007
2007-08-28,0.0051379294905512,FUGAX,utilities,2007
2007-08-29,0.005061732332759892,FUGAX,utilities,2007
2007-08-30,-0.004483204831942779,FUGAX,utilities,2007
2007-08-31,-0.003211103617965402,FUGAX,utilities,2007
2007-09-04,0.008866251868777802,FUGAX,utilities,2007
2007-09-05,-0.003489044632809379,FUGAX,utilities,2007
2007-09-06,0.01016274392078454,FUGAX,utilities,2007
2007-09-07,-0.0050497153384017526,FUGAX,utilities,2007
2007-09-10,0.0010421935413079397,FUGAX,utilities,2007
2007-09-11,0.0008654463709033243,FUGAX,utilities,2007
2007-09-12,3.5291277992855526e-05,FUGAX,utilities,2007
2007-09-13,-0.004213557576197343,FUGAX,utilities,2007
2007-09-14,0.003355563192413457,FUGAX,utilities,2007
2007-09-17,-0.001619517570595792,FUGAX,utilities,2007
2007-09-18,-0.004912523362857156,FUGAX,utilities,2007
2007-09-19,0.00910289144967513,FUGAX,utilities,2007
2007-09-20,-0.003209467228000168,FUGAX,utilities,2007
2007-09-21,0.0016940526451955937,FUGAX,utilities,2007
2007-09-24,0.0032495848542437975,FUGAX,utilities,2007
2007-09-25,-0.001172436531952847,FUGAX,utilities,2007
2007-09-26,0.0008453997846321537,FUGAX,utilities,2007
2007-09-27,-0.01146111229338274,FUGAX,utilities,2007
2007-09-28,-0.01002180755345429,FUGAX,utilities,2007
2007-10-01,0.005501168980983717,FUGAX,utilities,2007
2007-10-02,-0.002597885297422776,FUGAX,utilities,2007
2007-10-03,-0.00024036999803006011,FUGAX,utilities,2007
2007-10-04,0.007645777401548596,FUGAX,utilities,2007
2007-10-05,-0.003440423722783528,FUGAX,utilities,2007
2007-10-08,0.0007988835153048394,FUGAX,utilities,2007
2007-10-09,0.005347021142386547,FUGAX,utilities,2007
2007-10-10,-0.004041308396552136,FUGAX,utilities,2007
2007-10-11,0.008820306052159575,FUGAX,utilities,2007
2007-10-12,-0.0012869086493944564,FUGAX,utilities,2007
2007-10-15,-0.004442496642839667,FUGAX,utilities,2007
2007-10-16,0.0030215713962101734,FUGAX,utilities,2007
2007-10-17,-0.0036174213237539533,FUGAX,utilities,2007
2007-10-18,0.0029400598691222573,FUGAX,utilities,2007
2007-10-19,-0.0007650344254303554,FUGAX,utilities,2007
2007-10-22,0.0008922578707289937,FUGAX,utilities,2007
2007-10-23,-0.006993065840155437,FUGAX,utilities,2007
2007-10-24,0.003704779737999931,FUGAX,utilities,2007
2007-10-25,0.015059327503550624,FUGAX,utilities,2007
2007-10-26,0.003721702346019127,FUGAX,utilities,2007
2007-10-29,0.004500663895465239,FUGAX,utilities,2007
2007-10-30,0.0052988293073694195,FUGAX,utilities,2007
2007-10-31,0.003672504285395544,FUGAX,utilities,2007
2007-11-01,0.00034727360948547115,FUGAX,utilities,2007
2007-11-02,0.00678326436528082,FUGAX,utilities,2007
2007-11-05,0.01584786456028881,FUGAX,utilities,2007
2007-11-06,-0.008546714886161695,FUGAX,utilities,2007
2007-11-07,-0.0009725625586052972,FUGAX,utilities,2007
2007-11-08,0.01731573557722065,FUGAX,utilities,2007
2007-11-09,-0.001507761674394847,FUGAX,utilities,2007
2007-11-12,-0.010590167263257868,FUGAX,utilities,2007
2007-11-13,-0.020149627742810042,FUGAX,utilities,2007
2007-11-14,0.0017631617952816828,FUGAX,utilities,2007
2007-11-15,0.012968391540459031,FUGAX,utilities,2007
2007-11-16,0.0006226854435821909,FUGAX,utilities,2007
2007-11-19,0.012097515254827992,FUGAX,utilities,2007
2007-11-20,0.00483322006623203,FUGAX,utilities,2007
2007-11-21,0.002331174979626179,FUGAX,utilities,2007
2007-11-23,-0.012570455868454043,FUGAX,utilities,2007
2007-11-26,0.013243538949068252,FUGAX,utilities,2007
2007-11-27,-0.004540752856455783,FUGAX,utilities,2007
2007-11-28,-0.01353616666638287,FUGAX,utilities,2007
2007-11-29,1.4608850758099541e-06,FUGAX,utilities,2007
2007-11-30,-0.003441421267606936,FUGAX,utilities,2007
2007-12-03,0.009764421402292906,FUGAX,utilities,2007
2007-12-04,0.013884101895531752,FUGAX,utilities,2007
2007-12-05,-0.00021474724478696798,FUGAX,utilities,2007
2007-12-06,-0.01355078161313475,FUGAX,utilities,2007
2007-12-07,0.004229101775897923,FUGAX,utilities,2007
2007-12-10,-0.006729212413499272,FUGAX,utilities,2007
2007-12-11,0.0033269393233401508,FUGAX,utilities,2007
2007-12-12,-0.007231190732955449,FUGAX,utilities,2007
2007-12-13,0.010154429177170757,FUGAX,utilities,2007
2007-12-14,-0.003709012042725458,FUGAX,utilities,2007
2007-12-17,-0.0006101700369377638,FUGAX,utilities,2007
2007-12-18,0.007828185555193693,FUGAX,utilities,2007
2007-12-19,-0.0036082850588595172,FUGAX,utilities,2007
2007-12-20,-0.0046231447102926685,FUGAX,utilities,2007
2007-12-21,-0.0054314329118967195,FUGAX,utilities,2007
2007-12-24,-0.00601291072622115,FUGAX,utilities,2007
2007-12-26,-0.007552788820616618,FUGAX,utilities,2007
2007-12-27,0.004453822366841758,FUGAX,utilities,2007
2007-12-28,0.00805398830426945,FUGAX,utilities,2007
2007-12-29,-0.0005820237368688176,FUGAX,utilities,2007
2008-01-04,0.020006136962875305,FUGAX,utilities,2008
2008-01-07,0.020288756992307432,FUGAX,utilities,2008
2008-01-08,0.013709850332140653,FUGAX,utilities,2008
2008-01-09,0.0021573802631968918,FUGAX,utilities,2008
2008-01-10,-0.009256875258813677,FUGAX,utilities,2008
2008-01-11,0.0007826041351619052,FUGAX,utilities,2008
2008-01-14,-0.00448607349912361,FUGAX,utilities,2008
2008-01-15,0.005961200080934811,FUGAX,utilities,2008
2008-01-16,-0.01019259458880244,FUGAX,utilities,2008
2008-01-17,-0.016502250586323364,FUGAX,utilities,2008
2008-01-18,-0.006641178519802516,FUGAX,utilities,2008
2008-01-22,-0.02379428753459762,FUGAX,utilities,2008
2008-01-23,0.010401254552209051,FUGAX,utilities,2008
2008-01-24,-0.02902742302147429,FUGAX,utilities,2008
2008-01-25,-0.0010472168103259853,FUGAX,utilities,2008
2008-01-28,9.682872618781493e-05,FUGAX,utilities,2008
2008-01-29,0.0006118777684360247,FUGAX,utilities,2008
2008-01-30,0.003814678779055278,FUGAX,utilities,2008
2008-01-31,0.007156458802070184,FUGAX,utilities,2008
2008-02-01,0.001865159436642642,FUGAX,utilities,2008
2008-02-04,0.024293816314170193,FUGAX,utilities,2008
2008-02-05,-0.00870640853817331,FUGAX,utilities,2008
2008-02-06,0.004411675382508866,FUGAX,utilities,2008
2008-02-07,-0.007398635877538069,FUGAX,utilities,2008
2008-02-08,-0.0006911978696126754,FUGAX,utilities,2008
2008-02-11,0.005198711088223113,FUGAX,utilities,2008
2008-02-12,0.002710202144293407,FUGAX,utilities,2008
2008-02-13,-0.005148456268677107,FUGAX,utilities,2008
2008-02-14,-0.0010076181985489343,FUGAX,utilities,2008
2008-02-15,0.006557273132089934,FUGAX,utilities,2008
2008-02-19,-0.0038472623144547025,FUGAX,utilities,2008
2008-02-20,-0.002561493838321199,FUGAX,utilities,2008
2008-02-21,-0.008915048421308806,FUGAX,utilities,2008
2008-02-22,0.005771541117688777,FUGAX,utilities,2008
2008-02-25,-0.007048265016750729,FUGAX,utilities,2008
2008-02-26,0.0026791170400532584,FUGAX,utilities,2008
2008-02-27,-0.016097207667590725,FUGAX,utilities,2008
2008-02-28,0.004360097932768272,FUGAX,utilities,2008
2008-02-29,-0.01025871420124129,FUGAX,utilities,2008
2008-03-03,0.012953112942192915,FUGAX,utilities,2008
2008-03-04,0.017855868142136605,FUGAX,utilities,2008
2008-03-05,-0.0024209539534610584,FUGAX,utilities,2008
2008-03-06,-0.0025453480183511568,FUGAX,utilities,2008
2008-03-07,0.0032399746658165153,FUGAX,utilities,2008
2008-03-10,0.003582929357833875,FUGAX,utilities,2008
2008-03-11,-0.001644878348652689,FUGAX,utilities,2008
2008-03-12,-0.002708120219620174,FUGAX,utilities,2008
2008-03-13,0.0004368687898206546,FUGAX,utilities,2008
2008-03-14,0.003592789895538894,FUGAX,utilities,2008
2008-03-17,-0.003748946673007795,FUGAX,utilities,2008
2008-03-18,-0.01640858850795195,FUGAX,utilities,2008
2008-03-19,-0.000614595049652434,FUGAX,utilities,2008
2008-03-20,-0.01809178861077007,FUGAX,utilities,2008
2008-03-24,-0.015806880159737486,FUGAX,utilities,2008
2008-03-25,0.003477256939858289,FUGAX,utilities,2008
2008-03-26,0.016558882483167767,FUGAX,utilities,2008
2008-03-27,0.00969874444673708,FUGAX,utilities,2008
2008-03-28,-0.0003170161827111967,FUGAX,utilities,2008
2008-03-31,0.006816382376550995,FUGAX,utilities,2008
2008-04-01,-0.005103028893975674,FUGAX,utilities,2008
2008-04-02,0.004517258244733081,FUGAX,utilities,2008
2008-04-03,-0.00646389601249157,FUGAX,utilities,2008
2008-04-04,0.008310894804986868,FUGAX,utilities,2008
2008-04-07,0.0017631973147622469,FUGAX,utilities,2008
2008-04-08,0.007716607542546153,FUGAX,utilities,2008
2008-04-09,0.006105794871311441,FUGAX,utilities,2008
2008-04-10,-0.006006736174447525,FUGAX,utilities,2008
2008-04-11,0.014016552442465545,FUGAX,utilities,2008
2008-04-14,0.006305535210182013,FUGAX,utilities,2008
2008-04-15,0.006410983690460571,FUGAX,utilities,2008
2008-04-16,0.003239951458103199,FUGAX,utilities,2008
2008-04-17,0.0013849928525250309,FUGAX,utilities,2008
2008-04-18,-0.003567789718282771,FUGAX,utilities,2008
2008-04-21,-0.005560593224238001,FUGAX,utilities,2008
2008-04-22,0.0006376505678310183,FUGAX,utilities,2008
2008-04-23,0.010244764567185236,FUGAX,utilities,2008
2008-04-24,-0.011377872259040316,FUGAX,utilities,2008
2008-04-25,-0.008080588597546767,FUGAX,utilities,2008
2008-04-28,0.0010221538090568994,FUGAX,utilities,2008
2008-04-29,-0.005680195023952115,FUGAX,utilities,2008
2008-04-30,0.004104901593183971,FUGAX,utilities,2008
2008-05-01,-0.010833564954268403,FUGAX,utilities,2008
2008-05-02,0.008148722865038994,FUGAX,utilities,2008
2008-05-05,-0.00720424475763467,FUGAX,utilities,2008
2008-05-06,-0.00439479373559841,FUGAX,utilities,2008
2008-05-07,-4.862720901530927e-05,FUGAX,utilities,2008
2008-05-08,0.00700921974678995,FUGAX,utilities,2008
2008-05-09,0.0054887230379908085,FUGAX,utilities,2008
2008-05-12,-0.0027624342097273095,FUGAX,utilities,2008
2008-05-13,-0.0016674580005956944,FUGAX,utilities,2008
2008-05-14,0.003672577059792266,FUGAX,utilities,2008
2008-05-15,-0.010696126519056888,FUGAX,utilities,2008
2008-05-16,0.009611003989374367,FUGAX,utilities,2008
2008-05-19,0.01030954163979229,FUGAX,utilities,2008
2008-05-20,0.01038708014056653,FUGAX,utilities,2008
2008-05-21,0.01478765415816828,FUGAX,utilities,2008
2008-05-22,0.0028384021603056844,FUGAX,utilities,2008
2008-05-23,-0.007144086684306775,FUGAX,utilities,2008
2008-05-27,0.0006511851830603181,FUGAX,utilities,2008
2008-05-28,-0.002534305201617074,FUGAX,utilities,2008
2008-05-29,0.002525491673309689,FUGAX,utilities,2008
2008-05-30,5.44314050370425e-05,FUGAX,utilities,2008
2008-06-02,-0.00031511997184470453,FUGAX,utilities,2008
2008-06-03,-0.00042093156406967924,FUGAX,utilities,2008
2008-06-04,0.012443090607800718,FUGAX,utilities,2008
2008-06-05,-0.001962846710758484,FUGAX,utilities,2008
2008-06-06,0.0017132946807575655,FUGAX,utilities,2008
2008-06-09,0.012334301999123552,FUGAX,utilities,2008
2008-06-10,0.0051780771588025,FUGAX,utilities,2008
2008-06-11,0.002777375849871788,FUGAX,utilities,2008
2008-06-12,-0.0036820090331428235,FUGAX,utilities,2008
2008-06-13,0.005391747967502846,FUGAX,utilities,2008
2008-06-16,0.0006938541317877095,FUGAX,utilities,2008
2008-06-17,0.005508163606576033,FUGAX,utilities,2008
2008-06-18,0.0032575041969347233,FUGAX,utilities,2008
2008-06-19,0.006811188459801784,FUGAX,utilities,2008
2008-06-20,-0.0011981154714369047,FUGAX,utilities,2008
2008-06-23,0.009573947099378137,FUGAX,utilities,2008
2008-06-24,-0.0016744189209664888,FUGAX,utilities,2008
2008-06-25,0.0009278883051587758,FUGAX,utilities,2008
2008-06-26,-0.004441276012497282,FUGAX,utilities,2008
2008-06-27,-0.0012418673094171636,FUGAX,utilities,2008
2008-06-30,0.018960895025327797,FUGAX,utilities,2008
2008-07-01,0.005385049257511014,FUGAX,utilities,2008
2008-07-02,0.006512518291332884,FUGAX,utilities,2008
2008-07-03,-0.010857353749927714,FUGAX,utilities,2008
2008-07-07,-0.005538134474656986,FUGAX,utilities,2008
2008-07-08,-0.015848788059339525,FUGAX,utilities,2008
2008-07-09,0.024983225999935976,FUGAX,utilities,2008
2008-07-10,0.0029199343818914706,FUGAX,utilities,2008
2008-07-11,0.0028600940706711526,FUGAX,utilities,2008
2008-07-14,-0.005675281261281481,FUGAX,utilities,2008
2008-07-15,0.005152512506175227,FUGAX,utilities,2008
2008-07-16,-0.03996137851514837,FUGAX,utilities,2008
2008-07-17,-0.02820755001467103,FUGAX,utilities,2008
2008-07-18,0.004971023378553917,FUGAX,utilities,2008
2008-07-21,0.015211008255120246,FUGAX,utilities,2008
2008-07-22,-0.012636197382312522,FUGAX,utilities,2008
2008-07-23,-0.03210395240971571,FUGAX,utilities,2008
2008-07-24,0.0008567377594922154,FUGAX,utilities,2008
2008-07-25,-0.003003584542505133,FUGAX,utilities,2008
2008-07-28,0.00660091687804041,FUGAX,utilities,2008
2008-07-29,-0.012394245408110963,FUGAX,utilities,2008
2008-07-30,0.0004103299034050878,FUGAX,utilities,2008
2008-07-31,0.00797623566854205,FUGAX,utilities,2008
2008-08-01,-0.026546774154404595,FUGAX,utilities,2008
2008-08-04,-0.015676227104883516,FUGAX,utilities,2008
2008-08-05,-0.015685089799972435,FUGAX,utilities,2008
2008-08-06,-0.0012198438837600707,FUGAX,utilities,2008
2008-08-07,0.011750339104849971,FUGAX,utilities,2008
2008-08-08,-0.01053388627167047,FUGAX,utilities,2008
2008-08-11,-0.004962965256222945,FUGAX,utilities,2008
2008-08-12,-0.012413283895882721,FUGAX,utilities,2008
2008-08-13,0.018258180254797036,FUGAX,utilities,2008
2008-08-14,-0.018226120025960336,FUGAX,utilities,2008
2008-08-15,0.0026624372686690346,FUGAX,utilities,2008
2008-08-18,0.010245450053358666,FUGAX,utilities,2008
2008-08-19,0.009579706088247916,FUGAX,utilities,2008
2008-08-20,0.005409721696359353,FUGAX,utilities,2008
2008-08-21,0.00975177324109028,FUGAX,utilities,2008
2008-08-22,-0.010347832436101016,FUGAX,utilities,2008
2008-08-25,0.005878452580288648,FUGAX,utilities,2008
2008-08-26,0.010332875089322747,FUGAX,utilities,2008
2008-08-27,0.0016303495679790775,FUGAX,utilities,2008
2008-08-28,-0.004930233181182253,FUGAX,utilities,2008
2008-08-29,-0.009181149580147388,FUGAX,utilities,2008
2008-09-02,-0.012145895964700837,FUGAX,utilities,2008
2008-09-03,-0.017284608130174937,FUGAX,utilities,2008
2008-09-04,0.010167254407225138,FUGAX,utilities,2008
2008-09-05,-0.02165651714628448,FUGAX,utilities,2008
2008-09-08,0.0012474284182811546,FUGAX,utilities,2008
2008-09-09,-0.010399123819345463,FUGAX,utilities,2008
2008-09-10,0.005409044721487577,FUGAX,utilities,2008
2008-09-11,0.003064110600770307,FUGAX,utilities,2008
2008-09-12,0.011834390311016886,FUGAX,utilities,2008
2008-09-15,0.0007044919062127245,FUGAX,utilities,2008
2008-09-16,-0.03400117338793004,FUGAX,utilities,2008
2008-09-17,-0.022689366343352918,FUGAX,utilities,2008
2008-09-18,0.005092378421187954,FUGAX,utilities,2008
2008-09-19,0.00570373092726309,FUGAX,utilities,2008
2008-09-22,-0.002662945979620253,FUGAX,utilities,2008
2008-09-23,0.007489615885193961,FUGAX,utilities,2008
2008-09-24,-0.002890107357087629,FUGAX,utilities,2008
2008-09-25,0.013121558508037251,FUGAX,utilities,2008
2008-09-26,-0.012229187484850612,FUGAX,utilities,2008
2008-09-29,0.010815988211106325,FUGAX,utilities,2008
2008-09-30,-0.017630643366156502,FUGAX,utilities,2008
2008-10-01,-0.00020432695459857007,FUGAX,utilities,2008
2008-10-02,0.002172610509349724,FUGAX,utilities,2008
2008-10-03,0.006157060962350768,FUGAX,utilities,2008
2008-10-06,-0.010760158113971796,FUGAX,utilities,2008
2008-10-07,-0.00930489956007275,FUGAX,utilities,2008
2008-10-08,0.00392662866801511,FUGAX,utilities,2008
2008-10-09,-0.0012920471375522241,FUGAX,utilities,2008
2008-10-10,-0.022828460298366257,FUGAX,utilities,2008
2008-10-13,0.023255125725432382,FUGAX,utilities,2008
2008-10-14,-0.000828626246589451,FUGAX,utilities,2008
2008-10-15,-0.0003389671988297399,FUGAX,utilities,2008
2008-10-16,-0.0015511972467393415,FUGAX,utilities,2008
2008-10-17,0.01898713400933139,FUGAX,utilities,2008
2008-10-20,0.032009997974123516,FUGAX,utilities,2008
2008-10-21,-0.011092035880897817,FUGAX,utilities,2008
2008-10-22,-0.01613817498444045,FUGAX,utilities,2008
2008-10-23,0.02706640351704994,FUGAX,utilities,2008
2008-10-24,0.011940820460577317,FUGAX,utilities,2008
2008-10-27,-0.007041535282832245,FUGAX,utilities,2008
2008-10-28,0.011847345388266137,FUGAX,utilities,2008
2008-10-29,-0.019998006143940508,FUGAX,utilities,2008
2008-10-30,0.015484789550805959,FUGAX,utilities,2008
2008-10-31,-0.02512287364801831,FUGAX,utilities,2008
2008-11-03,0.0014094237493555788,FUGAX,utilities,2008
2008-11-04,0.0011654284570935397,FUGAX,utilities,2008
2008-11-05,-0.006077702028485912,FUGAX,utilities,2008
2008-11-06,0.003709602416696281,FUGAX,utilities,2008
2008-11-07,0.029018178846849072,FUGAX,utilities,2008
2008-11-10,-0.018136816126800553,FUGAX,utilities,2008
2008-11-11,0.027973808035489572,FUGAX,utilities,2008
2008-11-12,0.01020272796167496,FUGAX,utilities,2008
2008-11-13,0.027864843658501733,FUGAX,utilities,2008
2008-11-14,0.00606194920858185,FUGAX,utilities,2008
2008-11-17,0.008872395804153686,FUGAX,utilities,2008
2008-11-18,-0.010681668544710594,FUGAX,utilities,2008
2008-11-19,0.0184083344684655,FUGAX,utilities,2008
2008-11-20,0.005958987885548654,FUGAX,utilities,2008
2008-11-21,0.04527625645287341,FUGAX,utilities,2008
2008-11-24,-0.03658307089541056,FUGAX,utilities,2008
2008-11-25,0.003939609208650561,FUGAX,utilities,2008
2008-11-26,-0.02197211604159647,FUGAX,utilities,2008
2008-11-28,0.010391997590181756,FUGAX,utilities,2008
2008-12-01,0.004117621640930935,FUGAX,utilities,2008
2008-12-02,-0.008710388746049597,FUGAX,utilities,2008
2008-12-03,0.0024440015509558308,FUGAX,utilities,2008
2008-12-04,-0.0286535949846459,FUGAX,utilities,2008
2008-12-05,-0.00028468092242102047,FUGAX,utilities,2008
2008-12-08,-0.021553722515278925,FUGAX,utilities,2008
2008-12-09,-0.003059857223391976,FUGAX,utilities,2008
2008-12-10,0.015906830907950958,FUGAX,utilities,2008
2008-12-11,0.011394711528026012,FUGAX,utilities,2008
2008-12-12,-0.0015883854701793272,FUGAX,utilities,2008
2008-12-15,-0.009452947607687992,FUGAX,utilities,2008
2008-12-16,-0.0026519909757176177,FUGAX,utilities,2008
2008-12-17,-0.021556433621025897,FUGAX,utilities,2008
2008-12-18,0.02171178275410262,FUGAX,utilities,2008
2008-12-19,0.005155205643314532,FUGAX,utilities,2008
2008-12-22,0.006365827811092497,FUGAX,utilities,2008
2008-12-23,-0.008383360487993438,FUGAX,utilities,2008
2008-12-24,0.0028101842750640656,FUGAX,utilities,2008
2008-12-26,0.0027849634482447067,FUGAX,utilities,2008
2008-12-29,0.0011702687977306185,FUGAX,utilities,2008
2008-12-30,-0.0024500194193668723,FUGAX,utilities,2008
2009-01-05,0.010142430935197311,FUGAX,utilities,2009
2009-01-06,-0.00885876197999099,FUGAX,utilities,2009
2009-01-07,-0.00029066931596417184,FUGAX,utilities,2009
2009-01-08,0.0021865567289701777,FUGAX,utilities,2009
2009-01-09,0.002118230353761177,FUGAX,utilities,2009
2009-01-12,0.015263257548062042,FUGAX,utilities,2009
2009-01-13,-0.021667749271572712,FUGAX,utilities,2009
2009-01-14,0.007411182249173811,FUGAX,utilities,2009
2009-01-15,0.006160059360222816,FUGAX,utilities,2009
2009-01-16,0.01754545624597193,FUGAX,utilities,2009
2009-01-20,0.01289916129826002,FUGAX,utilities,2009
2009-01-21,-0.01195057570679617,FUGAX,utilities,2009
2009-01-22,0.008453512833948879,FUGAX,utilities,2009
2009-01-23,0.0007194275901708023,FUGAX,utilities,2009
2009-01-26,0.02118575228471832,FUGAX,utilities,2009
2009-01-27,-0.006425947075409876,FUGAX,utilities,2009
2009-01-28,-0.012707588500871671,FUGAX,utilities,2009
2009-01-29,0.011976507830228285,FUGAX,utilities,2009
2009-01-30,-0.012625896587238096,FUGAX,utilities,2009
2009-02-02,0.008837017380596118,FUGAX,utilities,2009
2009-02-03,-0.002039794906822892,FUGAX,utilities,2009
2009-02-04,0.011977171788103168,FUGAX,utilities,2009
2009-02-05,-0.003350160992546665,FUGAX,utilities,2009
2009-02-06,-0.005990865807639334,FUGAX,utilities,2009
2009-02-09,-0.00880745090151923,FUGAX,utilities,2009
2009-02-10,-0.0009698043362804491,FUGAX,utilities,2009
2009-02-11,-0.00923076857453283,FUGAX,utilities,2009
2009-02-12,-0.009438206328884884,FUGAX,utilities,2009
2009-02-13,0.006847476379990331,FUGAX,utilities,2009
2009-02-17,-0.023849308028436884,FUGAX,utilities,2009
2009-02-18,-0.01613062109420596,FUGAX,utilities,2009
2009-02-19,0.012092365779534316,FUGAX,utilities,2009
2009-02-20,-0.02065617789158876,FUGAX,utilities,2009
2009-02-23,-0.005627690528777509,FUGAX,utilities,2009
2009-02-24,0.013818114459871623,FUGAX,utilities,2009
2009-02-25,-0.005622050818201552,FUGAX,utilities,2009
2009-02-26,-0.0011812398264862897,FUGAX,utilities,2009
2009-02-27,0.000993834616222919,FUGAX,utilities,2009
2009-03-02,-0.006829903916359542,FUGAX,utilities,2009
2009-03-03,-0.030317682892275197,FUGAX,utilities,2009
2009-03-04,0.005290856805937549,FUGAX,utilities,2009
2009-03-05,-0.009713569448353682,FUGAX,utilities,2009
2009-03-06,0.004072694264942275,FUGAX,utilities,2009
2009-03-09,-0.015618098995225548,FUGAX,utilities,2009
2009-03-10,-0.015039900080899928,FUGAX,utilities,2009
2009-03-11,-0.010105705510342167,FUGAX,utilities,2009
2009-03-12,-0.007738100760443199,FUGAX,utilities,2009
2009-03-13,0.006069103606252411,FUGAX,utilities,2009
2009-03-16,0.024551632837653124,FUGAX,utilities,2009
2009-03-17,-0.0038261080439773217,FUGAX,utilities,2009
2009-03-18,0.014847928730402676,FUGAX,utilities,2009
2009-03-19,0.01963567958273224,FUGAX,utilities,2009
2009-03-20,0.005012719170814549,FUGAX,utilities,2009
2009-03-23,-0.00571773131831383,FUGAX,utilities,2009
2009-03-24,-0.009264284183668592,FUGAX,utilities,2009
2009-03-25,-0.010512048767668244,FUGAX,utilities,2009
2009-03-26,0.00482007606183428,FUGAX,utilities,2009
2009-03-27,-0.0036778403713646247,FUGAX,utilities,2009
2009-03-30,0.0004090461861086074,FUGAX,utilities,2009
2009-03-31,0.01065064817299195,FUGAX,utilities,2009
2009-04-01,-0.009948899298604274,FUGAX,utilities,2009
2009-04-02,-0.002329832847063562,FUGAX,utilities,2009
2009-04-03,0.0013001183595764288,FUGAX,utilities,2009
2009-04-06,-0.007820007175766648,FUGAX,utilities,2009
2009-04-07,0.008715437286937217,FUGAX,utilities,2009
2009-04-08,0.007005921126862918,FUGAX,utilities,2009
2009-04-09,-0.02216973338436732,FUGAX,utilities,2009
2009-04-13,-0.013723032694820097,FUGAX,utilities,2009
2009-04-14,-0.0020543300492490996,FUGAX,utilities,2009
2009-04-15,0.006438356944330482,FUGAX,utilities,2009
2009-04-16,-0.003924406303531386,FUGAX,utilities,2009
2009-04-17,-0.0004265552677596455,FUGAX,utilities,2009
2009-04-20,0.0061334458714193615,FUGAX,utilities,2009
2009-04-21,-0.006181309939845113,FUGAX,utilities,2009
2009-04-22,-0.007648015867318096,FUGAX,utilities,2009
2009-04-23,-0.0038732150313813257,FUGAX,utilities,2009
2009-04-24,-0.011899493129090548,FUGAX,utilities,2009
2009-04-27,0.014592191162225534,FUGAX,utilities,2009
2009-04-28,0.005104436662932957,FUGAX,utilities,2009
2009-04-29,-0.0019290943557829805,FUGAX,utilities,2009
2009-04-30,0.0036077909530725623,FUGAX,utilities,2009
2009-05-01,0.02390175286728615,FUGAX,utilities,2009
2009-05-04,-0.0038553644785881275,FUGAX,utilities,2009
2009-05-05,-0.004342115153737327,FUGAX,utilities,2009
2009-05-06,-0.012439943876809259,FUGAX,utilities,2009
2009-05-07,0.014684372386289167,FUGAX,utilities,2009
2009-05-08,0.009196005924643808,FUGAX,utilities,2009
2009-05-11,0.0047988000497666975,FUGAX,utilities,2009
2009-05-12,0.007616586174103329,FUGAX,utilities,2009
2009-05-13,-0.011724126542135244,FUGAX,utilities,2009
2009-05-14,-0.006880050344258759,FUGAX,utilities,2009
2009-05-15,-0.023350833770599794,FUGAX,utilities,2009
2009-05-18,-0.017252989266961005,FUGAX,utilities,2009
2009-05-19,0.018857998056848926,FUGAX,utilities,2009
2009-05-20,-0.01052452197955124,FUGAX,utilities,2009
2009-05-21,-0.0036282351076462327,FUGAX,utilities,2009
2009-05-22,0.005174281734204391,FUGAX,utilities,2009
2009-05-26,0.012555026148661816,FUGAX,utilities,2009
2009-05-27,-0.0033772554580414824,FUGAX,utilities,2009
2009-05-28,0.01210065183327353,FUGAX,utilities,2009
2009-05-29,-0.001699863279126343,FUGAX,utilities,2009
2009-06-01,0.023091190439512632,FUGAX,utilities,2009
2009-06-02,-0.015878327733954655,FUGAX,utilities,2009
2009-06-03,-0.013936712068133354,FUGAX,utilities,2009
2009-06-04,0.007110082374683722,FUGAX,utilities,2009
2009-06-05,-0.0001138233080859996,FUGAX,utilities,2009
2009-06-08,-0.004520566397218795,FUGAX,utilities,2009
2009-06-09,-0.009703537053111798,FUGAX,utilities,2009
2009-06-10,0.01904650471009092,FUGAX,utilities,2009
2009-06-11,0.01788152464268897,FUGAX,utilities,2009
2009-06-12,0.012256025292075654,FUGAX,utilities,2009
2009-06-15,-0.009550995685834287,FUGAX,utilities,2009
2009-06-16,0.005801899439391035,FUGAX,utilities,2009
2009-06-17,-0.0036054921979159814,FUGAX,utilities,2009
2009-06-18,0.016713347910510497,FUGAX,utilities,2009
2009-06-19,-0.009978701078750025,FUGAX,utilities,2009
2009-06-22,0.01133008257938551,FUGAX,utilities,2009
2009-06-23,-0.011792900879123698,FUGAX,utilities,2009
2009-06-24,0.004566072668970312,FUGAX,utilities,2009
2009-06-25,0.0032158755156669484,FUGAX,utilities,2009
2009-06-26,-0.0018069707739377776,FUGAX,utilities,2009
2009-06-29,0.009451336489505902,FUGAX,utilities,2009
2009-06-30,0.0010249254107027811,FUGAX,utilities,2009
2009-07-01,0.007764113028568498,FUGAX,utilities,2009
2009-07-02,-0.014123235187974363,FUGAX,utilities,2009
2009-07-06,0.005034337408652657,FUGAX,utilities,2009
2009-07-07,-0.00806323029061251,FUGAX,utilities,2009
2009-07-08,-0.000982248933941375,FUGAX,utilities,2009
2009-07-09,0.008133388061739792,FUGAX,utilities,2009
2009-07-10,-0.0020266799209126504,FUGAX,utilities,2009
2009-07-13,-0.0004186387067998277,FUGAX,utilities,2009
2009-07-14,0.008391613286991723,FUGAX,utilities,2009
2009-07-15,0.001628164624506774,FUGAX,utilities,2009
2009-07-16,0.0030862540668266407,FUGAX,utilities,2009
2009-07-17,-0.014415175951498122,FUGAX,utilities,2009
2009-07-20,0.0021891011637624304,FUGAX,utilities,2009
2009-07-21,0.008634452004930723,FUGAX,utilities,2009
2009-07-22,-0.006562833248994859,FUGAX,utilities,2009
2009-07-23,0.01372790065604111,FUGAX,utilities,2009
2009-07-24,0.01386922957915984,FUGAX,utilities,2009
2009-07-27,-0.0018564566164912435,FUGAX,utilities,2009
2009-07-28,-0.015781883014447173,FUGAX,utilities,2009
2009-07-29,0.000916047220871791,FUGAX,utilities,2009
2009-07-30,0.007913803806427672,FUGAX,utilities,2009
2009-07-31,-0.007386363273628861,FUGAX,utilities,2009
2009-08-03,0.0006848759166523458,FUGAX,utilities,2009
2009-08-04,-0.008746762775599375,FUGAX,utilities,2009
2009-08-05,-0.00206591076338817,FUGAX,utilities,2009
2009-08-06,0.00592566255721518,FUGAX,utilities,2009
2009-08-07,0.0014958895262739622,FUGAX,utilities,2009
2009-08-10,0.005864358092168462,FUGAX,utilities,2009
2009-08-11,0.005362326486595719,FUGAX,utilities,2009
2009-08-12,-0.0003321753381924355,FUGAX,utilities,2009
2009-08-13,-0.006751586415499536,FUGAX,utilities,2009
2009-08-14,0.006821392252956239,FUGAX,utilities,2009
2009-08-17,0.001523933353987983,FUGAX,utilities,2009
2009-08-18,-0.001761771377032532,FUGAX,utilities,2009
2009-08-19,0.0035271714709951543,FUGAX,utilities,2009
2009-08-20,-0.0007345439136321463,FUGAX,utilities,2009
2009-08-21,0.006748589047787787,FUGAX,utilities,2009
2009-08-24,0.0007088475238795302,FUGAX,utilities,2009
2009-08-25,-0.006225489793365119,FUGAX,utilities,2009
2009-08-26,0.0018477605219509828,FUGAX,utilities,2009
2009-08-27,-0.0032795801089667634,FUGAX,utilities,2009
2009-08-28,0.002031988475958066,FUGAX,utilities,2009
2009-08-31,-0.007531399060182782,FUGAX,utilities,2009
2009-09-01,0.004463532683093912,FUGAX,utilities,2009
2009-09-02,-0.007219242465199383,FUGAX,utilities,2009
2009-09-03,-0.0026589161875599167,FUGAX,utilities,2009
2009-09-04,-0.004335916734213381,FUGAX,utilities,2009
2009-09-08,-0.0022277542070598647,FUGAX,utilities,2009
2009-09-09,-0.0035645812363221474,FUGAX,utilities,2009
2009-09-10,-0.005180651686452037,FUGAX,utilities,2009
2009-09-11,-0.003296891448060442,FUGAX,utilities,2009
2009-09-14,0.013858247588758935,FUGAX,utilities,2009
2009-09-15,0.0037702740445460293,FUGAX,utilities,2009
2009-09-16,0.005683736492893802,FUGAX,utilities,2009
2009-09-17,-0.009059259200757388,FUGAX,utilities,2009
2009-09-18,0.0027805010468979745,FUGAX,utilities,2009
2009-09-21,-0.00026678667724500246,FUGAX,utilities,2009
2009-09-22,-0.004308201147637064,FUGAX,utilities,2009
2009-09-23,-0.00039712218114403355,FUGAX,utilities,2009
2009-09-24,1.496679893300129e-05,FUGAX,utilities,2009
2009-09-25,-0.003001379936786275,FUGAX,utilities,2009
2009-09-28,0.0009089464112049684,FUGAX,utilities,2009
2009-09-29,0.007662774753945441,FUGAX,utilities,2009
2009-09-30,-0.0070242834757425505,FUGAX,utilities,2009
2009-10-01,-0.004694305495300224,FUGAX,utilities,2009
2009-10-02,-0.006159862638562154,FUGAX,utilities,2009
2009-10-05,0.009650582247377486,FUGAX,utilities,2009
2009-10-06,-0.001959111728454487,FUGAX,utilities,2009
2009-10-07,-0.0042912114930909575,FUGAX,utilities,2009
2009-10-08,-0.0016203603601941136,FUGAX,utilities,2009
2009-10-09,0.004490074392996502,FUGAX,utilities,2009
2009-10-12,0.0032604337367577447,FUGAX,utilities,2009
2009-10-13,-0.002478046907212918,FUGAX,utilities,2009
2009-10-14,-0.0070949723451802366,FUGAX,utilities,2009
2009-10-15,0.007818419858973708,FUGAX,utilities,2009
2009-10-16,0.0060154877798676955,FUGAX,utilities,2009
2009-10-19,0.004156115821175162,FUGAX,utilities,2009
2009-10-20,-0.010257829926346263,FUGAX,utilities,2009
2009-10-21,0.0025738745123235394,FUGAX,utilities,2009
2009-10-22,-0.003278273084745464,FUGAX,utilities,2009
2009-10-23,-0.012197316229370102,FUGAX,utilities,2009
2009-10-26,-0.0072036438774918075,FUGAX,utilities,2009
2009-10-27,-0.004218668875421742,FUGAX,utilities,2009
2009-10-28,-0.0037010472456413205,FUGAX,utilities,2009
2009-10-29,-0.000960689026238748,FUGAX,utilities,2009
2009-10-30,0.000678169800889257,FUGAX,utilities,2009
2009-11-02,-0.009984683429218107,FUGAX,utilities,2009
2009-11-03,-0.0026590562311291266,FUGAX,utilities,2009
2009-11-04,0.005108493608031371,FUGAX,utilities,2009
2009-11-05,0.005714800215565946,FUGAX,utilities,2009
2009-11-06,-0.004925061778251361,FUGAX,utilities,2009
2009-11-09,0.0026945138098900534,FUGAX,utilities,2009
2009-11-10,0.005085578921978092,FUGAX,utilities,2009
2009-11-11,-0.005155760673243026,FUGAX,utilities,2009
2009-11-12,-0.009666129633779618,FUGAX,utilities,2009
2009-11-13,0.007084636881178152,FUGAX,utilities,2009
2009-11-16,0.0038032072759184125,FUGAX,utilities,2009
2009-11-17,-0.003926780814386145,FUGAX,utilities,2009
2009-11-18,-0.004725372809640093,FUGAX,utilities,2009
2009-11-19,-0.006577242615349588,FUGAX,utilities,2009
2009-11-20,0.004898154873433993,FUGAX,utilities,2009
2009-11-23,0.0043938361741133625,FUGAX,utilities,2009
2009-11-24,0.0035719938516157413,FUGAX,utilities,2009
2009-11-25,0.007442865240780026,FUGAX,utilities,2009
2009-11-27,-0.00623845508407871,FUGAX,utilities,2009
2009-11-30,0.005006459280934888,FUGAX,utilities,2009
2009-12-01,0.009544805357928928,FUGAX,utilities,2009
2009-12-02,0.012955898087708455,FUGAX,utilities,2009
2009-12-03,0.006232006291921854,FUGAX,utilities,2009
2009-12-04,-0.004849250701267892,FUGAX,utilities,2009
2009-12-07,0.007862879907304651,FUGAX,utilities,2009
2009-12-08,0.0039601046919082936,FUGAX,utilities,2009
2009-12-09,-0.00048656041498367484,FUGAX,utilities,2009
2009-12-10,0.008245927234168803,FUGAX,utilities,2009
2009-12-11,0.01636143997974207,FUGAX,utilities,2009
2009-12-14,0.0011738816217681993,FUGAX,utilities,2009
2009-12-15,-0.0006726703859761072,FUGAX,utilities,2009
2009-12-16,-0.0021674292970891382,FUGAX,utilities,2009
2009-12-17,0.003374236826035123,FUGAX,utilities,2009
2009-12-18,0.0019452721537541414,FUGAX,utilities,2009
2009-12-21,-0.002163192144486648,FUGAX,utilities,2009
2009-12-22,-0.007114157249012613,FUGAX,utilities,2009
2009-12-23,0.0006002840175048348,FUGAX,utilities,2009
2009-12-24,0.0031026564014326723,FUGAX,utilities,2009
2009-12-28,-0.0007290394024558812,FUGAX,utilities,2009
2009-12-29,0.001525602744632537,FUGAX,utilities,2009
2009-12-30,0.0008498720606169869,FUGAX,utilities,2009
2010-01-05,-0.00873498069369212,FUGAX,utilities,2010
2010-01-06,0.005592047261597337,FUGAX,utilities,2010
2010-01-07,-0.006863986358002994,FUGAX,utilities,2010
2010-01-08,-0.001299365980437595,FUGAX,utilities,2010
2010-01-11,0.008726310361138145,FUGAX,utilities,2010
2010-01-12,0.0008996744667558818,FUGAX,utilities,2010
2010-01-13,0.0027912650779813907,FUGAX,utilities,2010
2010-01-14,-0.005688808334643751,FUGAX,utilities,2010
2010-01-15,0.00474873408680581,FUGAX,utilities,2010
2010-01-19,0.00217384157861528,FUGAX,utilities,2010
2010-01-20,-0.0014364169670791098,FUGAX,utilities,2010
2010-01-21,-0.003840024985091615,FUGAX,utilities,2010
2010-01-22,-0.001261104126713479,FUGAX,utilities,2010
2010-01-25,0.0024282346403252057,FUGAX,utilities,2010
2010-01-26,0.0024876043265193598,FUGAX,utilities,2010
2010-01-27,-0.010494840452347344,FUGAX,utilities,2010
2010-01-28,0.0010018103291895225,FUGAX,utilities,2010
2010-01-29,-0.0007811136182711027,FUGAX,utilities,2010
2010-02-01,-0.0027108851937721074,FUGAX,utilities,2010
2010-02-02,0.00043193698845059476,FUGAX,utilities,2010
2010-02-03,-0.001962541624365224,FUGAX,utilities,2010
2010-02-04,-0.004755576273018525,FUGAX,utilities,2010
2010-02-05,-0.0035360317488239285,FUGAX,utilities,2010
2010-02-08,-0.006370295198245502,FUGAX,utilities,2010
2010-02-09,-0.0001996196271476479,FUGAX,utilities,2010
2010-02-10,-0.003799260236393335,FUGAX,utilities,2010
2010-02-11,-0.0019571371043746047,FUGAX,utilities,2010
2010-02-12,-0.0033319459117425315,FUGAX,utilities,2010
2010-02-16,0.007219193719361505,FUGAX,utilities,2010
2010-02-17,-0.004229907424736337,FUGAX,utilities,2010
2010-02-18,6.4306797682003e-05,FUGAX,utilities,2010
2010-02-19,0.011259488615509355,FUGAX,utilities,2010
2010-02-22,-0.003969139083085512,FUGAX,utilities,2010
2010-02-23,0.0001708874894557951,FUGAX,utilities,2010
2010-02-24,-0.006288301874938991,FUGAX,utilities,2010
2010-02-25,-0.0035068203682278023,FUGAX,utilities,2010
2010-02-26,-0.008886081205394719,FUGAX,utilities,2010
2010-03-01,0.0051833296193341035,FUGAX,utilities,2010
2010-03-02,0.004951818589318688,FUGAX,utilities,2010
2010-03-03,-0.004521643603048393,FUGAX,utilities,2010
2010-03-04,-0.0016613799104439264,FUGAX,utilities,2010
2010-03-05,0.0007556932903219141,FUGAX,utilities,2010
2010-03-08,0.0017353332537934799,FUGAX,utilities,2010
2010-03-09,-0.001908432535292751,FUGAX,utilities,2010
2010-03-10,-0.0014783537165980682,FUGAX,utilities,2010
2010-03-11,0.0012485382244876988,FUGAX,utilities,2010
2010-03-12,-0.004485759038909526,FUGAX,utilities,2010
2010-03-15,0.0016659002810850562,FUGAX,utilities,2010
2010-03-16,0.004056754365153712,FUGAX,utilities,2010
2010-03-17,-0.0007405257891481042,FUGAX,utilities,2010
2010-03-18,-0.004608147166155816,FUGAX,utilities,2010
2010-03-19,0.0018979887736258292,FUGAX,utilities,2010
2010-03-22,-0.009037828967134892,FUGAX,utilities,2010
2010-03-23,0.0003436556066234355,FUGAX,utilities,2010
2010-03-24,-0.003878119124414335,FUGAX,utilities,2010
2010-03-25,-0.006985571251277918,FUGAX,utilities,2010
2010-03-26,0.00612810519253126,FUGAX,utilities,2010
2010-03-29,0.0065570331607872605,FUGAX,utilities,2010
2010-03-30,-0.0011645270842955884,FUGAX,utilities,2010
2010-03-31,-0.0018399392341248992,FUGAX,utilities,2010
2010-04-01,0.0061183599810249786,FUGAX,utilities,2010
2010-04-05,0.0037695178726545077,FUGAX,utilities,2010
2010-04-06,0.008017409828364864,FUGAX,utilities,2010
2010-04-07,-0.00667922023633522,FUGAX,utilities,2010
2010-04-08,-0.009385122771649738,FUGAX,utilities,2010
2010-04-09,0.0018457296654589839,FUGAX,utilities,2010
2010-04-12,0.0024635074057239347,FUGAX,utilities,2010
2010-04-13,-0.005489526713076106,FUGAX,utilities,2010
2010-04-14,-0.007314384541901752,FUGAX,utilities,2010
2010-04-15,0.0005798105090774802,FUGAX,utilities,2010
2010-04-16,0.000866019666270439,FUGAX,utilities,2010
2010-04-19,-0.002858274438248703,FUGAX,utilities,2010
2010-04-20,0.006297227048724977,FUGAX,utilities,2010
2010-04-21,0.006847564496458272,FUGAX,utilities,2010
2010-04-22,0.0026038010277528553,FUGAX,utilities,2010
2010-04-23,0.003557637065307556,FUGAX,utilities,2010
2010-04-26,-0.0008019633268805315,FUGAX,utilities,2010
2010-04-27,-0.0009828273769033335,FUGAX,utilities,2010
2010-04-28,0.0010321673236088754,FUGAX,utilities,2010
2010-04-29,-0.0020046372964083545,FUGAX,utilities,2010
2010-04-30,0.016215091202641186,FUGAX,utilities,2010
2010-05-03,0.004151516955510021,FUGAX,utilities,2010
2010-05-04,-0.002661479377159135,FUGAX,utilities,2010
2010-05-05,-0.005907942491935791,FUGAX,utilities,2010
2010-05-06,-0.0009410527444772866,FUGAX,utilities,2010
2010-05-07,0.002292553867476352,FUGAX,utilities,2010
2010-05-10,-0.0005879161922045656,FUGAX,utilities,2010
2010-05-11,0.004569276905612478,FUGAX,utilities,2010
2010-05-12,0.0011696137784988504,FUGAX,utilities,2010
2010-05-13,0.0026055763258673193,FUGAX,utilities,2010
2010-05-14,0.00436863370535806,FUGAX,utilities,2010
2010-05-17,0.0014294309818601862,FUGAX,utilities,2010
2010-05-18,0.0003056646909003879,FUGAX,utilities,2010
2010-05-19,-0.005103673772779158,FUGAX,utilities,2010
2010-05-20,-0.005662334944828568,FUGAX,utilities,2010
2010-05-21,-0.00512344902622615,FUGAX,utilities,2010
2010-05-24,0.001182559733881679,FUGAX,utilities,2010
2010-05-25,-0.007322610535238405,FUGAX,utilities,2010
2010-05-26,0.008435331723913017,FUGAX,utilities,2010
2010-05-27,-0.004874045657568722,FUGAX,utilities,2010
2010-05-28,0.010027527389626017,FUGAX,utilities,2010
2010-06-01,-0.01112561067737439,FUGAX,utilities,2010
2010-06-02,0.001445408296127649,FUGAX,utilities,2010
2010-06-03,0.008318913989067192,FUGAX,utilities,2010
2010-06-04,-0.0054742818686351995,FUGAX,utilities,2010
2010-06-07,0.01456782165030601,FUGAX,utilities,2010
2010-06-08,0.003044915152588595,FUGAX,utilities,2010
2010-06-09,-0.003128795850383518,FUGAX,utilities,2010
2010-06-10,0.006684781157311262,FUGAX,utilities,2010
2010-06-11,-0.003039998440686432,FUGAX,utilities,2010
2010-06-14,0.006193726631787191,FUGAX,utilities,2010
2010-06-15,0.00493775214706051,FUGAX,utilities,2010
2010-06-16,0.0045487901084509275,FUGAX,utilities,2010
2010-06-17,0.007960533429525523,FUGAX,utilities,2010
2010-06-18,-0.00023505768804979346,FUGAX,utilities,2010
2010-06-21,-0.0075954590863277355,FUGAX,utilities,2010
2010-06-22,-0.014002558830903292,FUGAX,utilities,2010
2010-06-23,-0.007147728329199197,FUGAX,utilities,2010
2010-06-24,0.007952707787325309,FUGAX,utilities,2010
2010-06-25,0.0038517559589588413,FUGAX,utilities,2010
2010-06-28,0.007407891946122538,FUGAX,utilities,2010
2010-06-29,0.001683986834853074,FUGAX,utilities,2010
2010-06-30,-0.0006390510273412576,FUGAX,utilities,2010
2010-07-01,-0.0018841296111247294,FUGAX,utilities,2010
2010-07-02,0.005365778554211788,FUGAX,utilities,2010
2010-07-06,0.006793129559419849,FUGAX,utilities,2010
2010-07-07,0.007933176314642514,FUGAX,utilities,2010
2010-07-08,4.598719659081214e-05,FUGAX,utilities,2010
2010-07-09,0.003054327188256237,FUGAX,utilities,2010
2010-07-12,0.0031739796497999018,FUGAX,utilities,2010
2010-07-13,-0.008285988293121913,FUGAX,utilities,2010
2010-07-14,-0.0017939196393155867,FUGAX,utilities,2010
2010-07-15,0.006496977134796066,FUGAX,utilities,2010
2010-07-16,0.002391466408547,FUGAX,utilities,2010
2010-07-19,0.00916160400861006,FUGAX,utilities,2010
2010-07-20,0.00020094541417654647,FUGAX,utilities,2010
2010-07-21,-0.0029973392367595216,FUGAX,utilities,2010
2010-07-22,0.0022418511469776657,FUGAX,utilities,2010
2010-07-23,-0.0029293847915041384,FUGAX,utilities,2010
2010-07-26,-0.0006455201317071436,FUGAX,utilities,2010
2010-07-27,0.01492802329426962,FUGAX,utilities,2010
2010-07-28,-0.0034034645757526636,FUGAX,utilities,2010
2010-07-29,-0.008207813629002374,FUGAX,utilities,2010
2010-07-30,-0.006480816223750732,FUGAX,utilities,2010
2010-08-02,0.0041258296536596725,FUGAX,utilities,2010
2010-08-03,0.0029731361209789377,FUGAX,utilities,2010
2010-08-04,-0.004453200784590667,FUGAX,utilities,2010
2010-08-05,0.0007675398324337268,FUGAX,utilities,2010
2010-08-06,0.007751292723296978,FUGAX,utilities,2010
2010-08-09,-0.0022721946519401372,FUGAX,utilities,2010
2010-08-10,0.005780416093548851,FUGAX,utilities,2010
2010-08-11,-0.0017154117144913689,FUGAX,utilities,2010
2010-08-12,0.0021744177073312887,FUGAX,utilities,2010
2010-08-13,0.006982232984719598,FUGAX,utilities,2010
2010-08-16,-0.0002805742383309829,FUGAX,utilities,2010
2010-08-17,-0.0008786699787421554,FUGAX,utilities,2010
2010-08-18,-0.004955752917806366,FUGAX,utilities,2010
2010-08-19,-6.44077221235613e-05,FUGAX,utilities,2010
2010-08-20,0.0054183475877298826,FUGAX,utilities,2010
2010-08-23,0.010043164351125133,FUGAX,utilities,2010
2010-08-24,0.013492753428708535,FUGAX,utilities,2010
2010-08-25,-0.0035396340609565994,FUGAX,utilities,2010
2010-08-26,0.0014253700281076508,FUGAX,utilities,2010
2010-08-27,0.0068786894478745555,FUGAX,utilities,2010
2010-08-30,-0.0032316895013690967,FUGAX,utilities,2010
2010-08-31,0.003541968629372218,FUGAX,utilities,2010
2010-09-01,6.734503720522839e-05,FUGAX,utilities,2010
2010-09-02,-0.007016431113066596,FUGAX,utilities,2010
2010-09-03,-0.00570137073174037,FUGAX,utilities,2010
2010-09-07,0.003805879518150106,FUGAX,utilities,2010
2010-09-08,-0.00870052245964613,FUGAX,utilities,2010
2010-09-09,0.004156682870708659,FUGAX,utilities,2010
2010-09-10,-0.007906091536657436,FUGAX,utilities,2010
2010-09-13,-0.003096627259521625,FUGAX,utilities,2010
2010-09-14,-0.0007303853728468488,FUGAX,utilities,2010
2010-09-15,-0.010487062684499993,FUGAX,utilities,2010
2010-09-16,-0.004539306459084267,FUGAX,utilities,2010
2010-09-17,-0.0014921523733206173,FUGAX,utilities,2010
2010-09-20,-0.0008439533495499217,FUGAX,utilities,2010
2010-09-21,-0.001447907078867393,FUGAX,utilities,2010
2010-09-22,0.008356860917221641,FUGAX,utilities,2010
2010-09-23,-0.0009615877038389705,FUGAX,utilities,2010
2010-09-24,-0.0013673500202909857,FUGAX,utilities,2010
2010-09-27,0.006468055364364643,FUGAX,utilities,2010
2010-09-28,0.000818284563382976,FUGAX,utilities,2010
2010-09-29,-0.00218291335699366,FUGAX,utilities,2010
2010-09-30,-0.00011761164093227828,FUGAX,utilities,2010
2010-10-01,0.0026191748088519604,FUGAX,utilities,2010
2010-10-04,0.003291886671282144,FUGAX,utilities,2010
2010-10-05,-0.0035667884583129583,FUGAX,utilities,2010
2010-10-06,-0.003395117052200579,FUGAX,utilities,2010
2010-10-07,0.0037443895953671526,FUGAX,utilities,2010
2010-10-08,0.0014829837517520896,FUGAX,utilities,2010
2010-10-11,-0.0007375351776428855,FUGAX,utilities,2010
2010-10-12,-0.0023449149077387956,FUGAX,utilities,2010
2010-10-13,-0.003020291820249085,FUGAX,utilities,2010
2010-10-14,0.0006280879725608151,FUGAX,utilities,2010
2010-10-15,-0.000425788012727362,FUGAX,utilities,2010
2010-10-18,0.0042238514770754736,FUGAX,utilities,2010
2010-10-19,0.0019144302273381743,FUGAX,utilities,2010
2010-10-20,0.0028652978875412065,FUGAX,utilities,2010
2010-10-21,-0.005619186580459819,FUGAX,utilities,2010
2010-10-22,-0.0036847523078989966,FUGAX,utilities,2010
2010-10-25,-0.003379081613588876,FUGAX,utilities,2010
2010-10-26,0.0009761478029755142,FUGAX,utilities,2010
2010-10-27,-0.002971512378168915,FUGAX,utilities,2010
2010-10-28,0.004960116527988104,FUGAX,utilities,2010
2010-10-29,0.006188030393983676,FUGAX,utilities,2010
2010-11-01,-0.008709907467748502,FUGAX,utilities,2010
2010-11-02,0.007051325177062457,FUGAX,utilities,2010
2010-11-03,-0.0047213668606174986,FUGAX,utilities,2010
2010-11-04,-0.0038339068452587135,FUGAX,utilities,2010
2010-11-05,-0.0034070167505813203,FUGAX,utilities,2010
2010-11-08,-0.005833924293034965,FUGAX,utilities,2010
2010-11-09,-0.0019016793742056013,FUGAX,utilities,2010
2010-11-10,-0.002490088394682465,FUGAX,utilities,2010
2010-11-11,0.0011099518293311678,FUGAX,utilities,2010
2010-11-12,0.0020916174170075947,FUGAX,utilities,2010
2010-11-15,0.00216599844173607,FUGAX,utilities,2010
2010-11-16,-0.0025050074194101855,FUGAX,utilities,2010
2010-11-17,-0.00041055866397490294,FUGAX,utilities,2010
2010-11-18,-0.001302351184216434,FUGAX,utilities,2010
2010-11-19,-0.005508016947981915,FUGAX,utilities,2010
2010-11-22,0.002878224162411981,FUGAX,utilities,2010
2010-11-23,-0.002843058232603222,FUGAX,utilities,2010
2010-11-24,-0.005914555707800774,FUGAX,utilities,2010
2010-11-26,8.777467107789864e-05,FUGAX,utilities,2010
2010-11-29,-0.0075200163710373285,FUGAX,utilities,2010
2010-11-30,0.0018577975171038472,FUGAX,utilities,2010
2010-12-01,-0.004887914942994892,FUGAX,utilities,2010
2010-12-02,-0.0027071177967605753,FUGAX,utilities,2010
2010-12-03,0.0013923548528350558,FUGAX,utilities,2010
2010-12-06,-0.0009513180363750426,FUGAX,utilities,2010
2010-12-07,-0.0021752589414318685,FUGAX,utilities,2010
2010-12-08,-0.003925673533268336,FUGAX,utilities,2010
2010-12-09,-7.931624550659407e-05,FUGAX,utilities,2010
2010-12-10,0.0008236475734754722,FUGAX,utilities,2010
2010-12-13,0.00410162082207936,FUGAX,utilities,2010
2010-12-14,-0.00011791008507537723,FUGAX,utilities,2010
2010-12-15,-0.008074006437584082,FUGAX,utilities,2010
2010-12-16,0.003743206779905716,FUGAX,utilities,2010
2010-12-17,0.004347661537093618,FUGAX,utilities,2010
2010-12-20,0.002742089658885641,FUGAX,utilities,2010
2010-12-21,-0.0036463371817179453,FUGAX,utilities,2010
2010-12-22,0.004470577786131681,FUGAX,utilities,2010
2010-12-23,-8.697051247400444e-05,FUGAX,utilities,2010
2010-12-27,-0.0020270194359882257,FUGAX,utilities,2010
2010-12-28,0.0005973762162074646,FUGAX,utilities,2010
2010-12-29,0.0011323276972932872,FUGAX,utilities,2010
2010-12-30,-0.0005335964554021902,FUGAX,utilities,2010
2011-01-05,-0.009688573005117766,FUGAX,utilities,2011
2011-01-06,0.0009854005546261113,FUGAX,utilities,2011
2011-01-07,0.004368357957744397,FUGAX,utilities,2011
2011-01-10,-0.000633886890136443,FUGAX,utilities,2011
2011-01-11,0.0004587553580281691,FUGAX,utilities,2011
2011-01-12,-0.0011956854057380197,FUGAX,utilities,2011
2011-01-13,-0.003145019454528237,FUGAX,utilities,2011
2011-01-14,-0.0021806411275756884,FUGAX,utilities,2011
2011-01-18,-0.0004934384881813726,FUGAX,utilities,2011
2011-01-19,0.003204894729116294,FUGAX,utilities,2011
2011-01-20,0.002771311853639359,FUGAX,utilities,2011
2011-01-21,-0.00033495149160608765,FUGAX,utilities,2011
2011-01-24,0.000575867622493403,FUGAX,utilities,2011
2011-01-25,-0.0018942255718389662,FUGAX,utilities,2011
2011-01-26,-0.004254696682627947,FUGAX,utilities,2011
2011-01-27,0.0022883779141084195,FUGAX,utilities,2011
2011-01-28,-0.00018273293245475546,FUGAX,utilities,2011
2011-01-31,-0.003491632221662961,FUGAX,utilities,2011
2011-02-01,0.0016457239783754102,FUGAX,utilities,2011
2011-02-02,-0.004003486630233323,FUGAX,utilities,2011
2011-02-03,0.00023580591220872475,FUGAX,utilities,2011
2011-02-04,-0.009585775317249705,FUGAX,utilities,2011
2011-02-07,0.0023967789361153714,FUGAX,utilities,2011
2011-02-08,-0.0019675924651166273,FUGAX,utilities,2011
2011-02-09,-0.00045319253166903545,FUGAX,utilities,2011
2011-02-10,0.00043356413617034475,FUGAX,utilities,2011
2011-02-11,-0.003530012094716619,FUGAX,utilities,2011
2011-02-14,-0.0065137352936052145,FUGAX,utilities,2011
2011-02-15,0.005147942913263783,FUGAX,utilities,2011
2011-02-16,-0.006532514264120922,FUGAX,utilities,2011
2011-02-17,0.00024200742533145346,FUGAX,utilities,2011
2011-02-18,0.0019756477949019356,FUGAX,utilities,2011
2011-02-22,0.00888018891703927,FUGAX,utilities,2011
2011-02-23,-0.0010120441675244033,FUGAX,utilities,2011
2011-02-24,-0.003242221810079551,FUGAX,utilities,2011
2011-02-25,0.0009191230776845714,FUGAX,utilities,2011
2011-02-28,0.006231232230243076,FUGAX,utilities,2011
2011-03-01,0.0021430309659150135,FUGAX,utilities,2011
2011-03-02,0.001384294592004482,FUGAX,utilities,2011
2011-03-03,-0.0021860121185922465,FUGAX,utilities,2011
2011-03-04,-0.0005226615864062116,FUGAX,utilities,2011
2011-03-07,0.003523438333803603,FUGAX,utilities,2011
2011-03-08,0.0048788324266167,FUGAX,utilities,2011
2011-03-09,0.007639734869687118,FUGAX,utilities,2011
2011-03-10,-0.003928483261919132,FUGAX,utilities,2011
2011-03-11,0.0012394534107572595,FUGAX,utilities,2011
2011-03-14,-0.008597043806427519,FUGAX,utilities,2011
2011-03-15,-0.010405483448240993,FUGAX,utilities,2011
2011-03-16,-0.0018249201072418203,FUGAX,utilities,2011
2011-03-17,-0.005241539552576272,FUGAX,utilities,2011
2011-03-18,0.002104552583861209,FUGAX,utilities,2011
2011-03-21,0.0060407185942867574,FUGAX,utilities,2011
2011-03-22,0.002055176275338221,FUGAX,utilities,2011
2011-03-23,-0.0035356084555415914,FUGAX,utilities,2011
2011-03-24,-0.0038609719914330667,FUGAX,utilities,2011
2011-03-25,-0.001465617656062119,FUGAX,utilities,2011
2011-03-28,-0.005834083406075453,FUGAX,utilities,2011
2011-03-29,0.002600845776936864,FUGAX,utilities,2011
2011-03-30,0.006264415638645879,FUGAX,utilities,2011
2011-03-31,-0.0005303102877591542,FUGAX,utilities,2011
2011-04-01,0.006408229816171264,FUGAX,utilities,2011
2011-04-04,-0.002066504873705794,FUGAX,utilities,2011
2011-04-05,-0.002456251721781913,FUGAX,utilities,2011
2011-04-06,0.002774646987118263,FUGAX,utilities,2011
2011-04-07,-0.0034437966134656956,FUGAX,utilities,2011
2011-04-08,0.0020423277118967573,FUGAX,utilities,2011
2011-04-11,-0.010167250903985754,FUGAX,utilities,2011
2011-04-12,-3.255613626039055e-05,FUGAX,utilities,2011
2011-04-13,0.003501352306776671,FUGAX,utilities,2011
2011-04-14,0.003990409649531249,FUGAX,utilities,2011
2011-04-15,0.006280989881101066,FUGAX,utilities,2011
2011-04-18,-0.002724758160559968,FUGAX,utilities,2011
2011-04-19,-0.005564980595476913,FUGAX,utilities,2011
2011-04-20,0.00523778600424904,FUGAX,utilities,2011
2011-04-21,-0.002408198497229993,FUGAX,utilities,2011
2011-04-25,-0.0007360759296570121,FUGAX,utilities,2011
2011-04-26,0.0026440321129806137,FUGAX,utilities,2011
2011-04-27,0.003499728517561979,FUGAX,utilities,2011
2011-04-28,0.005227045601521528,FUGAX,utilities,2011
2011-04-29,-0.0004954426525214401,FUGAX,utilities,2011
2011-05-02,-0.00035901883475091705,FUGAX,utilities,2011
2011-05-03,0.004766929545301419,FUGAX,utilities,2011
2011-05-04,-0.0019764316439638656,FUGAX,utilities,2011
2011-05-05,-0.0008291588125678966,FUGAX,utilities,2011
2011-05-06,0.0033537681512528623,FUGAX,utilities,2011
2011-05-09,0.002638048169141025,FUGAX,utilities,2011
2011-05-10,0.008192466539185293,FUGAX,utilities,2011
2011-05-11,0.0029320639049629704,FUGAX,utilities,2011
2011-05-12,0.0019172412526235394,FUGAX,utilities,2011
2011-05-13,0.0004214079140569234,FUGAX,utilities,2011
2011-05-16,0.0009886233881313908,FUGAX,utilities,2011
2011-05-17,0.0033344280757291243,FUGAX,utilities,2011
2011-05-18,-0.005184463147901136,FUGAX,utilities,2011
2011-05-19,-0.0010583938599451803,FUGAX,utilities,2011
2011-05-20,0.0057423928356314605,FUGAX,utilities,2011
2011-05-23,-0.004545986481356691,FUGAX,utilities,2011
2011-05-24,-0.0018993845124503455,FUGAX,utilities,2011
2011-05-25,-0.001720129844936646,FUGAX,utilities,2011
2011-05-26,-0.0047121842768421225,FUGAX,utilities,2011
2011-05-27,-0.0015514212402200638,FUGAX,utilities,2011
2011-05-31,-0.0004741491041459897,FUGAX,utilities,2011
2011-06-01,0.003079084087566202,FUGAX,utilities,2011
2011-06-02,-0.005421389615626375,FUGAX,utilities,2011
2011-06-03,0.0003121027818269303,FUGAX,utilities,2011
2011-06-06,0.00019169953342443227,FUGAX,utilities,2011
2011-06-07,0.00164069942315338,FUGAX,utilities,2011
2011-06-08,0.006302158153438269,FUGAX,utilities,2011
2011-06-09,-0.004746448336243203,FUGAX,utilities,2011
2011-06-10,0.005735371397996566,FUGAX,utilities,2011
2011-06-13,-0.0009580451054937542,FUGAX,utilities,2011
2011-06-14,-0.00459275910192668,FUGAX,utilities,2011
2011-06-15,-0.0026610899012122734,FUGAX,utilities,2011
2011-06-16,0.005039524423559177,FUGAX,utilities,2011
2011-06-17,0.005508355899436594,FUGAX,utilities,2011
2011-06-20,0.00021813509654864272,FUGAX,utilities,2011
2011-06-21,-0.007471169203832801,FUGAX,utilities,2011
2011-06-22,-0.00035012822605604227,FUGAX,utilities,2011
2011-06-23,-0.006305636648148446,FUGAX,utilities,2011
2011-06-24,0.009961590678330997,FUGAX,utilities,2011
2011-06-27,0.0002051642149332811,FUGAX,utilities,2011
2011-06-28,-0.0022493316204397424,FUGAX,utilities,2011
2011-06-29,-0.0017469501681217732,FUGAX,utilities,2011
2011-06-30,-0.0019545395716901873,FUGAX,utilities,2011
2011-07-01,0.001080852642128276,FUGAX,utilities,2011
2011-07-05,-0.008038449313342811,FUGAX,utilities,2011
2011-07-06,0.0008217418178469939,FUGAX,utilities,2011
2011-07-07,-0.0005200809476913022,FUGAX,utilities,2011
2011-07-08,0.002057431454472562,FUGAX,utilities,2011
2011-07-11,-0.0030220505456352957,FUGAX,utilities,2011
2011-07-12,0.006315310440331746,FUGAX,utilities,2011
2011-07-13,-0.003816668094339429,FUGAX,utilities,2011
2011-07-14,0.0008406603589894892,FUGAX,utilities,2011
2011-07-15,-0.0008549535244174581,FUGAX,utilities,2011
2011-07-18,-0.0055339503600432315,FUGAX,utilities,2011
2011-07-19,-0.0024211241752815724,FUGAX,utilities,2011
2011-07-20,0.003155537724345665,FUGAX,utilities,2011
2011-07-21,0.004336009303364098,FUGAX,utilities,2011
2011-07-22,-0.005492436563299084,FUGAX,utilities,2011
2011-07-25,0.011274676674960113,FUGAX,utilities,2011
2011-07-26,-0.0013338295861015314,FUGAX,utilities,2011
2011-07-27,0.0110287252306876,FUGAX,utilities,2011
2011-07-28,-0.0034873833073391144,FUGAX,utilities,2011
2011-07-29,-0.007975715179129327,FUGAX,utilities,2011
2011-08-01,0.0041826023784277844,FUGAX,utilities,2011
2011-08-02,-0.004787957292731376,FUGAX,utilities,2011
2011-08-03,-0.006918074423542654,FUGAX,utilities,2011
2011-08-04,-0.011736779001311426,FUGAX,utilities,2011
2011-08-05,-0.0010257660914764362,FUGAX,utilities,2011
2011-08-08,-0.017808172527138615,FUGAX,utilities,2011
2011-08-09,0.008087124510497534,FUGAX,utilities,2011
2011-08-10,0.006682249704278675,FUGAX,utilities,2011
2011-08-11,0.015072017241489696,FUGAX,utilities,2011
2011-08-12,-0.009124309389373156,FUGAX,utilities,2011
2011-08-15,0.02255892100011088,FUGAX,utilities,2011
2011-08-16,0.0007363800096846108,FUGAX,utilities,2011
2011-08-17,0.00460855378310204,FUGAX,utilities,2011
2011-08-18,0.007785350206452938,FUGAX,utilities,2011
2011-08-19,0.0022412535009458997,FUGAX,utilities,2011
2011-08-22,-0.007162492193364927,FUGAX,utilities,2011
2011-08-23,-0.0021948400145972748,FUGAX,utilities,2011
2011-08-24,0.011801605007821616,FUGAX,utilities,2011
2011-08-25,-0.004792719644358574,FUGAX,utilities,2011
2011-08-26,-0.009049205179154224,FUGAX,utilities,2011
2011-08-29,0.0034361522454643204,FUGAX,utilities,2011
2011-08-30,-0.0022711083045993865,FUGAX,utilities,2011
2011-08-31,0.003971138185827192,FUGAX,utilities,2011
2011-09-01,0.0016886329408755752,FUGAX,utilities,2011
2011-09-02,0.001625613177519112,FUGAX,utilities,2011
2011-09-06,-0.0023117146464416653,FUGAX,utilities,2011
2011-09-07,-0.00667832062238524,FUGAX,utilities,2011
2011-09-08,0.006420294509633454,FUGAX,utilities,2011
2011-09-09,-0.003806108046646328,FUGAX,utilities,2011
2011-09-12,0.002279288203702016,FUGAX,utilities,2011
2011-09-13,-0.0007979286629669364,FUGAX,utilities,2011
2011-09-14,-0.001939363369319578,FUGAX,utilities,2011
2011-09-15,0.001591173914336318,FUGAX,utilities,2011
2011-09-16,0.0061908597542853945,FUGAX,utilities,2011
2011-09-19,0.000250206650912123,FUGAX,utilities,2011
2011-09-20,0.013311195093045592,FUGAX,utilities,2011
2011-09-21,0.0019148530878669544,FUGAX,utilities,2011
2011-09-22,0.0008939894070887737,FUGAX,utilities,2011
2011-09-23,0.00526701447866087,FUGAX,utilities,2011
2011-09-26,-0.007413182297077206,FUGAX,utilities,2011
2011-09-27,-0.006703676721772443,FUGAX,utilities,2011
2011-09-28,0.003796605607687027,FUGAX,utilities,2011
2011-09-29,0.01092723881666425,FUGAX,utilities,2011
2011-09-30,0.006564517541537593,FUGAX,utilities,2011
2011-10-03,-0.006837653822849659,FUGAX,utilities,2011
2011-10-04,-0.020957562012211196,FUGAX,utilities,2011
2011-10-05,-0.012402415304562209,FUGAX,utilities,2011
2011-10-06,0.004694151558342954,FUGAX,utilities,2011
2011-10-07,0.007642530168266241,FUGAX,utilities,2011
2011-10-10,-0.0038183949706630665,FUGAX,utilities,2011
2011-10-11,-0.011323349516521693,FUGAX,utilities,2011
2011-10-12,-0.0077046000910756165,FUGAX,utilities,2011
2011-10-13,-8.142868840723262e-05,FUGAX,utilities,2011
2011-10-14,-0.0032668883964237557,FUGAX,utilities,2011
2011-10-17,0.008274395965094754,FUGAX,utilities,2011
2011-10-18,-0.0061279453886963296,FUGAX,utilities,2011
2011-10-19,0.009592013386558159,FUGAX,utilities,2011
2011-10-20,0.0002521540124057189,FUGAX,utilities,2011
2011-10-21,0.00377978407858213,FUGAX,utilities,2011
2011-10-24,-0.012767910668400112,FUGAX,utilities,2011
2011-10-25,0.00019753841569560351,FUGAX,utilities,2011
2011-10-26,-0.0017256192156933975,FUGAX,utilities,2011
2011-10-27,-0.0006589902829276482,FUGAX,utilities,2011
2011-10-28,-0.0028297185065644065,FUGAX,utilities,2011
2011-10-31,0.00784417423636483,FUGAX,utilities,2011
2011-11-01,-4.205781011538262e-05,FUGAX,utilities,2011
2011-11-02,0.002476972741641128,FUGAX,utilities,2011
2011-11-03,0.0030223887599864913,FUGAX,utilities,2011
2011-11-04,-0.0023047591791211137,FUGAX,utilities,2011
2011-11-07,0.0030212696477743065,FUGAX,utilities,2011
2011-11-08,-0.002245069300926515,FUGAX,utilities,2011
2011-11-09,0.0010744570958194054,FUGAX,utilities,2011
2011-11-10,-0.0023327492229524415,FUGAX,utilities,2011
2011-11-11,-0.0006245905174774406,FUGAX,utilities,2011
2011-11-14,-0.0035281274710423256,FUGAX,utilities,2011
2011-11-15,-0.002858964568377587,FUGAX,utilities,2011
2011-11-16,-0.002223229972477807,FUGAX,utilities,2011
2011-11-17,0.005025140188674148,FUGAX,utilities,2011
2011-11-18,0.00620908551603668,FUGAX,utilities,2011
2011-11-21,0.00037041024456878867,FUGAX,utilities,2011
2011-11-22,-0.00887932436707282,FUGAX,utilities,2011
2011-11-23,-0.000492625679417092,FUGAX,utilities,2011
2011-11-25,0.003689840057022744,FUGAX,utilities,2011
2011-11-28,-0.006094814285883002,FUGAX,utilities,2011
2011-11-29,0.008412636771143112,FUGAX,utilities,2011
2011-11-30,-0.0017103114160999383,FUGAX,utilities,2011
2011-12-01,-0.003936973961534777,FUGAX,utilities,2011
2011-12-02,-0.008670210616621429,FUGAX,utilities,2011
2011-12-05,0.0008498652604027029,FUGAX,utilities,2011
2011-12-06,-0.0006273340940297046,FUGAX,utilities,2011
2011-12-07,-0.005132567202176811,FUGAX,utilities,2011
2011-12-08,-5.719083753835327e-05,FUGAX,utilities,2011
2011-12-09,0.0015306138364148004,FUGAX,utilities,2011
2011-12-12,-0.0006743283888967638,FUGAX,utilities,2011
2011-12-13,0.011044211140694416,FUGAX,utilities,2011
2011-12-14,-0.0014012118112639027,FUGAX,utilities,2011
2011-12-15,0.007267704730227913,FUGAX,utilities,2011
2011-12-16,-0.004118527434300785,FUGAX,utilities,2011
2011-12-19,-0.002981419433582295,FUGAX,utilities,2011
2011-12-20,0.0013725447287097486,FUGAX,utilities,2011
2011-12-21,0.012472805606272952,FUGAX,utilities,2011
2011-12-22,-0.005119549550935309,FUGAX,utilities,2011
2011-12-23,0.0010539165155167129,FUGAX,utilities,2011
2011-12-27,0.00676885664648747,FUGAX,utilities,2011
2011-12-28,0.003270244806509769,FUGAX,utilities,2011
2011-12-29,0.0010193323285228335,FUGAX,utilities,2011
2011-12-30,-0.003038501004569693,FUGAX,utilities,2011
2012-01-04,-0.007077668678589505,FUGAX,utilities,2012
2012-01-05,-0.0008484571976208901,FUGAX,utilities,2012
2012-01-06,-0.0034607579615318343,FUGAX,utilities,2012
2012-01-09,0.0003246052459138808,FUGAX,utilities,2012
2012-01-10,-0.003862619364649228,FUGAX,utilities,2012
2012-01-11,-0.006089612700030399,FUGAX,utilities,2012
2012-01-12,-0.003354928674781309,FUGAX,utilities,2012
2012-01-13,0.002029302016496214,FUGAX,utilities,2012
2012-01-17,0.0011954475739220064,FUGAX,utilities,2012
2012-01-18,-0.0071706814155659175,FUGAX,utilities,2012
2012-01-19,-0.012209040474429774,FUGAX,utilities,2012
2012-01-20,0.0023658838033653977,FUGAX,utilities,2012
2012-01-23,0.0017879108001069928,FUGAX,utilities,2012
2012-01-24,-0.006376024774892878,FUGAX,utilities,2012
2012-01-25,0.01021758915508508,FUGAX,utilities,2012
2012-01-26,0.004648193815946222,FUGAX,utilities,2012
2012-01-27,-0.01297327729163472,FUGAX,utilities,2012
2012-01-30,-0.0031261802649906884,FUGAX,utilities,2012
2012-01-31,0.0039074149864074415,FUGAX,utilities,2012
2012-02-01,0.001978249382196419,FUGAX,utilities,2012
2012-02-02,-0.000301790924462288,FUGAX,utilities,2012
2012-02-03,-0.0017673635722643384,FUGAX,utilities,2012
2012-02-06,-0.0044505991536001295,FUGAX,utilities,2012
2012-02-07,0.004525967088271887,FUGAX,utilities,2012
2012-02-08,-0.0004720466107505719,FUGAX,utilities,2012
2012-02-09,-0.0033013780887582262,FUGAX,utilities,2012
2012-02-10,0.00208715043193757,FUGAX,utilities,2012
2012-02-13,-0.0005991926149205885,FUGAX,utilities,2012
2012-02-14,0.0011205901694613643,FUGAX,utilities,2012
2012-02-15,-0.003493968896833464,FUGAX,utilities,2012
2012-02-16,0.006594447647499544,FUGAX,utilities,2012
2012-02-17,-0.003982804677915609,FUGAX,utilities,2012
2012-02-21,0.0002672240286429585,FUGAX,utilities,2012
2012-02-22,0.0015812309617391218,FUGAX,utilities,2012
2012-02-23,-0.0032999205877442444,FUGAX,utilities,2012
2012-02-24,0.003587745555231803,FUGAX,utilities,2012
2012-02-27,0.0006883843720282405,FUGAX,utilities,2012
2012-02-28,-0.006197868591716656,FUGAX,utilities,2012
2012-02-29,0.005079530311817038,FUGAX,utilities,2012
2012-03-01,0.003112390125059269,FUGAX,utilities,2012
2012-03-02,0.0020135757442686884,FUGAX,utilities,2012
2012-03-05,0.0025294083118965424,FUGAX,utilities,2012
2012-03-06,3.4378835922129966e-05,FUGAX,utilities,2012
2012-03-07,-0.0009231712325767343,FUGAX,utilities,2012
2012-03-08,0.00018593772025642715,FUGAX,utilities,2012
2012-03-09,0.004249348813935355,FUGAX,utilities,2012
2012-03-12,0.0061155183084803015,FUGAX,utilities,2012
2012-03-13,-0.0049831876587237475,FUGAX,utilities,2012
2012-03-14,-0.011750877600978085,FUGAX,utilities,2012
2012-03-15,-0.0013920359714992153,FUGAX,utilities,2012
2012-03-16,-0.00021619561858023985,FUGAX,utilities,2012
2012-03-19,-0.007161111930939783,FUGAX,utilities,2012
2012-03-20,0.001941918972392047,FUGAX,utilities,2012
2012-03-21,-0.0002511257385195161,FUGAX,utilities,2012
2012-03-22,0.0009850312302852318,FUGAX,utilities,2012
2012-03-23,-9.943407780044818e-05,FUGAX,utilities,2012
2012-03-26,0.0007076841880181385,FUGAX,utilities,2012
2012-03-27,0.0035830362617271867,FUGAX,utilities,2012
2012-03-28,-0.006288899307236979,FUGAX,utilities,2012
2012-03-29,0.0039327082749277585,FUGAX,utilities,2012
2012-03-30,0.003057828811848188,FUGAX,utilities,2012
2012-04-02,0.003493551177899047,FUGAX,utilities,2012
2012-04-03,0.0066118648526772225,FUGAX,utilities,2012
2012-04-04,0.002395248772702859,FUGAX,utilities,2012
2012-04-05,-0.001824572996790234,FUGAX,utilities,2012
2012-04-09,-0.001039492523942291,FUGAX,utilities,2012
2012-04-10,-0.008065651700041442,FUGAX,utilities,2012
2012-04-11,-0.0009626424617916085,FUGAX,utilities,2012
2012-04-12,0.00017975045976247918,FUGAX,utilities,2012
2012-04-13,0.00282411921782303,FUGAX,utilities,2012
2012-04-16,0.007041849002009732,FUGAX,utilities,2012
2012-04-17,0.0007811822519486183,FUGAX,utilities,2012
2012-04-18,0.002682146661592041,FUGAX,utilities,2012
2012-04-19,-0.0003917727465911954,FUGAX,utilities,2012
2012-04-20,0.009381893631028057,FUGAX,utilities,2012
2012-04-23,-0.00190826202946105,FUGAX,utilities,2012
2012-04-24,0.006226694761345766,FUGAX,utilities,2012
2012-04-25,0.0022098568080545057,FUGAX,utilities,2012
2012-04-26,0.0014857036981753106,FUGAX,utilities,2012
2012-04-27,0.0031357766980764853,FUGAX,utilities,2012
2012-04-30,0.010777030234478858,FUGAX,utilities,2012
2012-05-01,0.0017720259314549028,FUGAX,utilities,2012
2012-05-02,-0.00491774905697418,FUGAX,utilities,2012
2012-05-03,-0.001642323448832994,FUGAX,utilities,2012
2012-05-04,0.007576220941345079,FUGAX,utilities,2012
2012-05-07,-0.000899841350796234,FUGAX,utilities,2012
2012-05-08,0.0009824791490171774,FUGAX,utilities,2012
2012-05-09,0.0019446420193654386,FUGAX,utilities,2012
2012-05-10,0.009884062283253532,FUGAX,utilities,2012
2012-05-11,0.0019684629134951266,FUGAX,utilities,2012
2012-05-14,-0.0003935680920278597,FUGAX,utilities,2012
2012-05-15,-0.003099434523881084,FUGAX,utilities,2012
2012-05-16,-0.00011004663247396701,FUGAX,utilities,2012
2012-05-17,-0.0015797344009520218,FUGAX,utilities,2012
2012-05-18,0.00022803248381998101,FUGAX,utilities,2012
2012-05-21,0.001452784925778829,FUGAX,utilities,2012
2012-05-22,0.0055984883009140675,FUGAX,utilities,2012
2012-05-23,-0.007268070604022476,FUGAX,utilities,2012
2012-05-24,0.003485588076576209,FUGAX,utilities,2012
2012-05-25,0.0035864876095824247,FUGAX,utilities,2012
2012-05-29,-0.0006402965335293607,FUGAX,utilities,2012
2012-05-30,-0.00364605482921794,FUGAX,utilities,2012
2012-05-31,0.006072712191554327,FUGAX,utilities,2012
2012-06-01,0.004132847143582316,FUGAX,utilities,2012
2012-06-04,0.0012029003031114587,FUGAX,utilities,2012
2012-06-05,0.0021833344895402797,FUGAX,utilities,2012
2012-06-06,0.002153201626409751,FUGAX,utilities,2012
2012-06-07,0.002118983837870909,FUGAX,utilities,2012
2012-06-08,0.0018631785009986116,FUGAX,utilities,2012
2012-06-11,0.0014555746630853387,FUGAX,utilities,2012
2012-06-12,-0.0033522727943550335,FUGAX,utilities,2012
2012-06-13,0.0007267872090456189,FUGAX,utilities,2012
2012-06-14,0.002489986446119122,FUGAX,utilities,2012
2012-06-15,-0.0003035830614825487,FUGAX,utilities,2012
2012-06-18,0.0023797038163828116,FUGAX,utilities,2012
2012-06-19,-0.005856553922776456,FUGAX,utilities,2012
2012-06-20,-0.007918981597012008,FUGAX,utilities,2012
2012-06-21,-0.0024204642245796073,FUGAX,utilities,2012
2012-06-22,-0.002419845819852445,FUGAX,utilities,2012
2012-06-25,0.005543729602682873,FUGAX,utilities,2012
2012-06-26,0.001396675416790118,FUGAX,utilities,2012
2012-06-27,0.0072605746919631045,FUGAX,utilities,2012
2012-06-28,0.005776913543603574,FUGAX,utilities,2012
2012-06-29,-0.005276031125968787,FUGAX,utilities,2012
2012-07-02,0.0051887237586471565,FUGAX,utilities,2012
2012-07-03,-0.00430222439458383,FUGAX,utilities,2012
2012-07-05,-0.0035140675911262843,FUGAX,utilities,2012
2012-07-06,-0.0005607359137357942,FUGAX,utilities,2012
2012-07-09,-0.004245226398555242,FUGAX,utilities,2012
2012-07-10,0.007256315661877632,FUGAX,utilities,2012
2012-07-11,0.0037664448883380666,FUGAX,utilities,2012
2012-07-12,0.005774301460563367,FUGAX,utilities,2012
2012-07-13,0.000204646206162137,FUGAX,utilities,2012
2012-07-16,-0.0031474097438403304,FUGAX,utilities,2012
2012-07-17,-0.0010874804654534315,FUGAX,utilities,2012
2012-07-18,-0.0008867041360365807,FUGAX,utilities,2012
2012-07-19,0.0015081771224112793,FUGAX,utilities,2012
2012-07-20,0.007881251551850656,FUGAX,utilities,2012
2012-07-23,-0.001593765700869905,FUGAX,utilities,2012
2012-07-24,-0.005741896306540815,FUGAX,utilities,2012
2012-07-25,-0.0025575694518911694,FUGAX,utilities,2012
2012-07-26,0.00810000868835753,FUGAX,utilities,2012
2012-07-27,0.0016386360668687889,FUGAX,utilities,2012
2012-07-30,0.005132246130046018,FUGAX,utilities,2012
2012-07-31,-0.005409153796590148,FUGAX,utilities,2012
2012-08-01,-0.004788482267590724,FUGAX,utilities,2012
2012-08-02,-0.0022611475458201016,FUGAX,utilities,2012
2012-08-03,0.00383810413420513,FUGAX,utilities,2012
2012-08-06,-0.004301913762941468,FUGAX,utilities,2012
2012-08-07,-0.012463585174787925,FUGAX,utilities,2012
2012-08-08,-0.0011214486891861714,FUGAX,utilities,2012
2012-08-09,0.0033489630916119575,FUGAX,utilities,2012
2012-08-10,0.0010425304097901014,FUGAX,utilities,2012
2012-08-13,-0.0026322058790251295,FUGAX,utilities,2012
2012-08-14,0.0017936011457551336,FUGAX,utilities,2012
2012-08-15,-0.00440442924220752,FUGAX,utilities,2012
2012-08-16,-0.006122164409749836,FUGAX,utilities,2012
2012-08-17,-0.0021408105088049603,FUGAX,utilities,2012
2012-08-20,0.0032750677976703412,FUGAX,utilities,2012
2012-08-21,-0.006622116713569231,FUGAX,utilities,2012
2012-08-22,-0.0016910063344818221,FUGAX,utilities,2012
2012-08-23,-0.005556263708993282,FUGAX,utilities,2012
2012-08-24,0.0013033055978720455,FUGAX,utilities,2012
2012-08-27,0.0008239880415624496,FUGAX,utilities,2012
2012-08-28,-0.001957095225523613,FUGAX,utilities,2012
2012-08-29,5.7650675583148254e-05,FUGAX,utilities,2012
2012-08-30,-0.0007780722244037351,FUGAX,utilities,2012
2012-08-31,-0.003403341378504098,FUGAX,utilities,2012
2012-09-04,0.005293705301765285,FUGAX,utilities,2012
2012-09-05,-0.003485774460097098,FUGAX,utilities,2012
2012-09-06,0.003395228596488763,FUGAX,utilities,2012
2012-09-07,-0.0069355017993957225,FUGAX,utilities,2012
2012-09-10,0.0033015088493485584,FUGAX,utilities,2012
2012-09-11,-0.0019226299927198659,FUGAX,utilities,2012
2012-09-12,-0.0036594433939175653,FUGAX,utilities,2012
2012-09-13,0.00256515891218479,FUGAX,utilities,2012
2012-09-14,-0.0061272146812197765,FUGAX,utilities,2012
2012-09-17,-0.005122209311365393,FUGAX,utilities,2012
2012-09-18,-0.004021196039239846,FUGAX,utilities,2012
2012-09-19,0.0016512689515989366,FUGAX,utilities,2012
2012-09-20,0.003844488628744893,FUGAX,utilities,2012
2012-09-21,0.003098272496895279,FUGAX,utilities,2012
2012-09-24,0.008984805272154681,FUGAX,utilities,2012
2012-09-25,-5.305165134451839e-09,FUGAX,utilities,2012
2012-09-26,0.003268724949850926,FUGAX,utilities,2012
2012-09-27,-0.007187668320814883,FUGAX,utilities,2012
2012-09-28,0.0061730888764684015,FUGAX,utilities,2012
2012-10-01,-0.004264042747179445,FUGAX,utilities,2012
2012-10-02,0.003808129038664722,FUGAX,utilities,2012
2012-10-03,0.005160168719074738,FUGAX,utilities,2012
2012-10-04,0.002600737300089907,FUGAX,utilities,2012
2012-10-05,-0.001978060468723317,FUGAX,utilities,2012
2012-10-08,0.002634967952402685,FUGAX,utilities,2012
2012-10-09,0.003971362870231839,FUGAX,utilities,2012
2012-10-10,-0.0016099783562922828,FUGAX,utilities,2012
2012-10-11,0.001601855185888551,FUGAX,utilities,2012
2012-10-12,-0.005096104948609256,FUGAX,utilities,2012
2012-10-15,0.004462192435160397,FUGAX,utilities,2012
2012-10-16,-0.00177686111007778,FUGAX,utilities,2012
2012-10-17,0.009120886007408568,FUGAX,utilities,2012
2012-10-18,0.00315181522741345,FUGAX,utilities,2012
2012-10-19,0.001274394644150122,FUGAX,utilities,2012
2012-10-22,-0.003894493159442463,FUGAX,utilities,2012
2012-10-23,-0.0021031768496607896,FUGAX,utilities,2012
2012-10-24,-0.00389315652507282,FUGAX,utilities,2012
2012-10-25,0.0033253911925536523,FUGAX,utilities,2012
2012-10-26,0.0002470976202268952,FUGAX,utilities,2012
2012-10-31,0.0057206689394880186,FUGAX,utilities,2012
2012-11-01,-0.009108487160219773,FUGAX,utilities,2012
2012-11-02,-0.0008423522367301253,FUGAX,utilities,2012
2012-11-05,-0.013101882787795078,FUGAX,utilities,2012
2012-11-06,0.0009091959422094604,FUGAX,utilities,2012
2012-11-07,-0.0095161346450057,FUGAX,utilities,2012
2012-11-08,5.39353487346364e-05,FUGAX,utilities,2012
2012-11-09,-0.0069497927669658795,FUGAX,utilities,2012
2012-11-12,-0.009965315228655515,FUGAX,utilities,2012
2012-11-13,0.0032243484416638307,FUGAX,utilities,2012
2012-11-14,0.00016534050005726723,FUGAX,utilities,2012
2012-11-15,-0.004276719981305727,FUGAX,utilities,2012
2012-11-16,0.011295813841813027,FUGAX,utilities,2012
2012-11-19,-0.008680928188935934,FUGAX,utilities,2012
2012-11-20,-0.0007572259853476369,FUGAX,utilities,2012
2012-11-21,-0.002486734925016588,FUGAX,utilities,2012
2012-11-23,-0.00687522941342291,FUGAX,utilities,2012
2012-11-26,0.011629395469609784,FUGAX,utilities,2012
2012-11-27,0.0030242289566115325,FUGAX,utilities,2012
2012-11-28,0.0009142001627903806,FUGAX,utilities,2012
2012-11-29,0.0035828840442103443,FUGAX,utilities,2012
2012-11-30,0.009733775583926777,FUGAX,utilities,2012
2012-12-03,-0.0009888164163748335,FUGAX,utilities,2012
2012-12-04,-0.002762574150545591,FUGAX,utilities,2012
2012-12-05,0.011876898038458376,FUGAX,utilities,2012
2012-12-06,-0.001739448050474325,FUGAX,utilities,2012
2012-12-07,-0.0025290291055823488,FUGAX,utilities,2012
2012-12-10,0.00023797361045399014,FUGAX,utilities,2012
2012-12-11,-0.0015082897064601834,FUGAX,utilities,2012
2012-12-12,-0.0007673687179798945,FUGAX,utilities,2012
2012-12-13,-0.0003591227806400907,FUGAX,utilities,2012
2012-12-14,-0.0001214223346764551,FUGAX,utilities,2012
2012-12-17,0.008224989448420832,FUGAX,utilities,2012
2012-12-18,0.0006368790704605332,FUGAX,utilities,2012
2012-12-19,-0.003007244696566848,FUGAX,utilities,2012
2012-12-20,0.0028565171946497653,FUGAX,utilities,2012
2012-12-21,-0.002161260014584678,FUGAX,utilities,2012
2012-12-24,-0.002389511649726333,FUGAX,utilities,2012
2012-12-26,-0.006727395848937374,FUGAX,utilities,2012
2012-12-27,0.00014203760397143116,FUGAX,utilities,2012
2012-12-28,-0.002513490150342206,FUGAX,utilities,2012
2012-12-29,-3.6946718741481636e-05,FUGAX,utilities,2012
2012-12-30,-3.6946718741481636e-05,FUGAX,utilities,2012
2013-01-03,0.002458315228125263,FUGAX,utilities,2013
2013-01-04,0.0023916739113585906,FUGAX,utilities,2013
2013-01-07,-0.005312304871007837,FUGAX,utilities,2013
2013-01-08,5.953528703847317e-05,FUGAX,utilities,2013
2013-01-09,-0.001416968130649566,FUGAX,utilities,2013
2013-01-10,2.450193566272147e-05,FUGAX,utilities,2013
2013-01-11,0.0016493918430546726,FUGAX,utilities,2013
2013-01-14,-0.0012204782369755415,FUGAX,utilities,2013
2013-01-15,0.003932905389687089,FUGAX,utilities,2013
2013-01-16,-0.0045299841249042076,FUGAX,utilities,2013
2013-01-17,0.0007120940956848862,FUGAX,utilities,2013
2013-01-18,0.0060099578056687,FUGAX,utilities,2013
2013-01-22,0.005772751826481873,FUGAX,utilities,2013
2013-01-23,-0.0035000319921037267,FUGAX,utilities,2013
2013-01-24,0.0004062812627109631,FUGAX,utilities,2013
2013-01-25,-0.0010892901579762815,FUGAX,utilities,2013
2013-01-28,0.00017923877024402706,FUGAX,utilities,2013
2013-01-29,0.004499460912024788,FUGAX,utilities,2013
2013-01-30,0.006113672513467853,FUGAX,utilities,2013
2013-01-31,0.004469920300349259,FUGAX,utilities,2013
2013-02-01,-0.00397817181090842,FUGAX,utilities,2013
2013-02-04,0.0018318416568951675,FUGAX,utilities,2013
2013-02-05,-0.003345411102644631,FUGAX,utilities,2013
2013-02-06,0.0032719356700609318,FUGAX,utilities,2013
2013-02-07,0.002606200340846442,FUGAX,utilities,2013
2013-02-08,-0.003419914994746334,FUGAX,utilities,2013
2013-02-11,0.0012331943147137546,FUGAX,utilities,2013
2013-02-12,0.0020441528195954363,FUGAX,utilities,2013
2013-02-13,-8.00148516734974e-05,FUGAX,utilities,2013
2013-02-14,-0.010224295533244193,FUGAX,utilities,2013
2013-02-15,0.0024958150338383004,FUGAX,utilities,2013
2013-02-19,0.005200059338157526,FUGAX,utilities,2013
2013-02-20,0.005183840271669952,FUGAX,utilities,2013
2013-02-21,-0.0022956465291656316,FUGAX,utilities,2013
2013-02-22,0.0024492720841992957,FUGAX,utilities,2013
2013-02-25,0.0017615303852129057,FUGAX,utilities,2013
2013-02-26,-0.00026300863094597896,FUGAX,utilities,2013
2013-02-27,0.0024665084397859725,FUGAX,utilities,2013
2013-02-28,0.0031172589619769117,FUGAX,utilities,2013
2013-03-01,0.001138078846272956,FUGAX,utilities,2013
2013-03-04,0.0053970165799754905,FUGAX,utilities,2013
2013-03-05,-0.00033002276874112904,FUGAX,utilities,2013
2013-03-06,-0.0009473623849035372,FUGAX,utilities,2013
2013-03-07,-0.004889759384290637,FUGAX,utilities,2013
2013-03-08,0.0016452332089769046,FUGAX,utilities,2013
2013-03-11,0.0006592920699433845,FUGAX,utilities,2013
2013-03-12,-0.000707202783516729,FUGAX,utilities,2013
2013-03-13,0.0021337482043725224,FUGAX,utilities,2013
2013-03-14,-0.00014385925729167286,FUGAX,utilities,2013
2013-03-15,0.006091022832224763,FUGAX,utilities,2013
2013-03-18,-0.0006821708642221688,FUGAX,utilities,2013
2013-03-19,0.0038003129476767393,FUGAX,utilities,2013
2013-03-20,0.002475220107380451,FUGAX,utilities,2013
2013-03-21,0.003098845637014641,FUGAX,utilities,2013
2013-03-22,-0.004131191568654501,FUGAX,utilities,2013
2013-03-25,0.001765671642058206,FUGAX,utilities,2013
2013-03-26,0.003380673884572292,FUGAX,utilities,2013
2013-03-27,0.004078213617289924,FUGAX,utilities,2013
2013-03-28,0.008099759622759994,FUGAX,utilities,2013
2013-04-01,0.0016269355422164485,FUGAX,utilities,2013
2013-04-02,-0.0003860014466766531,FUGAX,utilities,2013
2013-04-03,0.001040314316596706,FUGAX,utilities,2013
2013-04-04,0.004226605209108765,FUGAX,utilities,2013
2013-04-05,0.007213306512375819,FUGAX,utilities,2013
2013-04-08,0.0041005258370683,FUGAX,utilities,2013
2013-04-09,-0.004759336005056708,FUGAX,utilities,2013
2013-04-10,-0.00209314934658865,FUGAX,utilities,2013
2013-04-11,0.0008778219846592664,FUGAX,utilities,2013
2013-04-12,0.00423014027209331,FUGAX,utilities,2013
2013-04-15,0.0012550489958786278,FUGAX,utilities,2013
2013-04-16,0.0018879900863051878,FUGAX,utilities,2013
2013-04-17,0.004372179883278963,FUGAX,utilities,2013
2013-04-18,0.007746417097708808,FUGAX,utilities,2013
2013-04-19,0.00709683490141638,FUGAX,utilities,2013
2013-04-22,-0.004683665298694684,FUGAX,utilities,2013
2013-04-23,-0.00483073085663788,FUGAX,utilities,2013
2013-04-24,0.0029718696787273437,FUGAX,utilities,2013
2013-04-25,-0.0006315035632187428,FUGAX,utilities,2013
2013-04-26,0.0003354391247768038,FUGAX,utilities,2013
2013-04-29,0.0026193717038974877,FUGAX,utilities,2013
2013-04-30,0.0019276270274014528,FUGAX,utilities,2013
2013-05-01,-0.004243869970968984,FUGAX,utilities,2013
2013-05-02,-0.009006455585692297,FUGAX,utilities,2013
2013-05-03,-0.0072071931647951695,FUGAX,utilities,2013
2013-05-06,-0.012273743422435781,FUGAX,utilities,2013
2013-05-07,0.003186290814055433,FUGAX,utilities,2013
2013-05-08,-0.010600936658687513,FUGAX,utilities,2013
2013-05-09,-0.014764622093067014,FUGAX,utilities,2013
2013-05-10,0.0013633481311844686,FUGAX,utilities,2013
2013-05-13,-0.004741045377331774,FUGAX,utilities,2013
2013-05-14,-0.0009374834667373747,FUGAX,utilities,2013
2013-05-15,0.004699725335772042,FUGAX,utilities,2013
2013-05-16,-0.004876107124264737,FUGAX,utilities,2013
2013-05-17,0.0025066993410598846,FUGAX,utilities,2013
2013-05-20,-0.002316711845202532,FUGAX,utilities,2013
2013-05-21,0.0006719208151986732,FUGAX,utilities,2013
2013-05-22,-0.008971506744688735,FUGAX,utilities,2013
2013-05-23,-0.0026276108912480717,FUGAX,utilities,2013
2013-05-24,-0.009447695942927199,FUGAX,utilities,2013
2013-05-28,-0.017238416151721378,FUGAX,utilities,2013
2013-05-29,-0.008633180878471494,FUGAX,utilities,2013
2013-05-30,-0.0014964078213891363,FUGAX,utilities,2013
2013-05-31,0.005524605166772411,FUGAX,utilities,2013
2013-06-03,-0.0029541393277495043,FUGAX,utilities,2013
2013-06-04,-0.0008758008455916075,FUGAX,utilities,2013
2013-06-05,0.0011441065853416872,FUGAX,utilities,2013
2013-06-06,0.004621167449070533,FUGAX,utilities,2013
2013-06-07,0.0015230525598665789,FUGAX,utilities,2013
2013-06-10,-0.002061776221335276,FUGAX,utilities,2013
2013-06-11,0.0004961002511174543,FUGAX,utilities,2013
2013-06-12,-0.0016616061468309332,FUGAX,utilities,2013
2013-06-13,0.005010058723508178,FUGAX,utilities,2013
2013-06-14,0.007434181795032065,FUGAX,utilities,2013
2013-06-17,-0.004756586757264742,FUGAX,utilities,2013
2013-06-18,0.0003960701260390066,FUGAX,utilities,2013
2013-06-19,-0.00932297284442443,FUGAX,utilities,2013
2013-06-20,-0.008077933371520706,FUGAX,utilities,2013
2013-06-21,0.0063228437620616584,FUGAX,utilities,2013
2013-06-24,0.007611972575161403,FUGAX,utilities,2013
2013-06-25,0.005225853137475103,FUGAX,utilities,2013
2013-06-26,0.00528466253525889,FUGAX,utilities,2013
2013-06-27,-0.0023545867233734016,FUGAX,utilities,2013
2013-06-28,0.007919183530570036,FUGAX,utilities,2013
2013-07-01,-0.013013919463382869,FUGAX,utilities,2013
2013-07-02,0.0013496791757596697,FUGAX,utilities,2013
2013-07-03,-0.001988531422623288,FUGAX,utilities,2013
2013-07-05,-0.010353635889149757,FUGAX,utilities,2013
2013-07-08,0.009015267719783674,FUGAX,utilities,2013
2013-07-09,0.002315103242172237,FUGAX,utilities,2013
2013-07-10,0.004692910871768902,FUGAX,utilities,2013
2013-07-11,0.0031506820812232626,FUGAX,utilities,2013
2013-07-12,0.0019711286999782693,FUGAX,utilities,2013
2013-07-15,0.009980828387890594,FUGAX,utilities,2013
2013-07-16,-0.0014978909532608704,FUGAX,utilities,2013
2013-07-17,-0.004483287257569474,FUGAX,utilities,2013
2013-07-18,0.0038617485677640284,FUGAX,utilities,2013
2013-07-19,-0.002132170362583889,FUGAX,utilities,2013
2013-07-22,-0.002699053729523124,FUGAX,utilities,2013
2013-07-23,0.005271160524661841,FUGAX,utilities,2013
2013-07-24,-0.010883138334607627,FUGAX,utilities,2013
2013-07-25,0.0037780401782068866,FUGAX,utilities,2013
2013-07-26,0.002712856606139843,FUGAX,utilities,2013
2013-07-29,0.003060932266562415,FUGAX,utilities,2013
2013-07-30,0.001003602685455724,FUGAX,utilities,2013
2013-07-31,-0.0008487600470936157,FUGAX,utilities,2013
2013-08-01,0.006575472636450978,FUGAX,utilities,2013
2013-08-02,-0.002059177161011661,FUGAX,utilities,2013
2013-08-05,-0.0053819028836406815,FUGAX,utilities,2013
2013-08-06,-0.00159647046311032,FUGAX,utilities,2013
2013-08-07,0.0027680326051755253,FUGAX,utilities,2013
2013-08-08,0.0035697695475420572,FUGAX,utilities,2013
2013-08-09,-0.00470013043769134,FUGAX,utilities,2013
2013-08-12,-0.005277399916337007,FUGAX,utilities,2013
2013-08-13,-0.008659783733107367,FUGAX,utilities,2013
2013-08-14,0.0017072107664763774,FUGAX,utilities,2013
2013-08-15,-0.0006547508980909601,FUGAX,utilities,2013
2013-08-16,-0.00636509243993949,FUGAX,utilities,2013
2013-08-19,-0.0039581607147247105,FUGAX,utilities,2013
2013-08-20,0.005985387457321157,FUGAX,utilities,2013
2013-08-21,-0.001934525999325548,FUGAX,utilities,2013
2013-08-22,-0.001431728248398493,FUGAX,utilities,2013
2013-08-23,0.0031730710602012324,FUGAX,utilities,2013
2013-08-26,-0.003434224350039423,FUGAX,utilities,2013
2013-08-27,0.010928924432528912,FUGAX,utilities,2013
2013-08-28,0.003045995128208554,FUGAX,utilities,2013
2013-08-29,-0.004214176436958608,FUGAX,utilities,2013
2013-08-30,5.69257180791944e-05,FUGAX,utilities,2013
2013-09-03,-0.009705666554458854,FUGAX,utilities,2013
2013-09-04,-0.006975537887074129,FUGAX,utilities,2013
2013-09-05,-0.0035488809780024576,FUGAX,utilities,2013
2013-09-06,0.005647390827461431,FUGAX,utilities,2013
2013-09-09,0.0009692775775833745,FUGAX,utilities,2013
2013-09-10,0.00042507152293026675,FUGAX,utilities,2013
2013-09-11,-0.012138876651694747,FUGAX,utilities,2013
2013-09-12,0.0014015228064782896,FUGAX,utilities,2013
2013-09-13,0.0032661200064744754,FUGAX,utilities,2013
2013-09-16,-0.0018467557712274702,FUGAX,utilities,2013
2013-09-17,0.005444865472606114,FUGAX,utilities,2013
2013-09-18,0.014614552474856693,FUGAX,utilities,2013
2013-09-19,0.000213093015176037,FUGAX,utilities,2013
2013-09-20,-0.005845767574819734,FUGAX,utilities,2013
2013-09-23,0.013923243203741373,FUGAX,utilities,2013
2013-09-24,0.001620208682771272,FUGAX,utilities,2013
2013-09-25,-0.00010681212460483726,FUGAX,utilities,2013
2013-09-26,-0.000787265495489178,FUGAX,utilities,2013
2013-09-27,-0.00045989672743667036,FUGAX,utilities,2013
2013-09-30,0.0031514302114646307,FUGAX,utilities,2013
2013-10-01,-0.0014578597792719332,FUGAX,utilities,2013
2013-10-02,0.0013469524994663504,FUGAX,utilities,2013
2013-10-03,-0.0010530737819947605,FUGAX,utilities,2013
2013-10-04,-0.001167652174632443,FUGAX,utilities,2013
2013-10-07,0.00018498311590155105,FUGAX,utilities,2013
2013-10-08,0.009556151726772025,FUGAX,utilities,2013
2013-10-09,0.000440882279312417,FUGAX,utilities,2013
2013-10-10,0.0010919608048725812,FUGAX,utilities,2013
2013-10-11,9.56837774901513e-05,FUGAX,utilities,2013
2013-10-14,-0.005633919969202261,FUGAX,utilities,2013
2013-10-15,-0.007255705850591589,FUGAX,utilities,2013
2013-10-16,0.0014494466843466645,FUGAX,utilities,2013
2013-10-17,0.008459038662437877,FUGAX,utilities,2013
2013-10-18,0.0023020155983010573,FUGAX,utilities,2013
2013-10-21,-0.0011526181128305077,FUGAX,utilities,2013
2013-10-22,0.004710820481176264,FUGAX,utilities,2013
2013-10-23,0.001522811031473731,FUGAX,utilities,2013
2013-10-24,-0.0008637798629246834,FUGAX,utilities,2013
2013-10-25,0.010201780465716409,FUGAX,utilities,2013
2013-10-28,-0.005239883821827783,FUGAX,utilities,2013
2013-10-29,-0.0004445254853852015,FUGAX,utilities,2013
2013-10-30,-0.00446530499600885,FUGAX,utilities,2013
2013-10-31,-0.0021170743023524773,FUGAX,utilities,2013
2013-11-01,0.0028019967262654286,FUGAX,utilities,2013
2013-11-04,0.00021117766188511519,FUGAX,utilities,2013
2013-11-05,-0.0030766281673956235,FUGAX,utilities,2013
2013-11-06,0.0064196300421899425,FUGAX,utilities,2013
2013-11-07,-0.0007452302705202342,FUGAX,utilities,2013
2013-11-08,-0.009079419158049785,FUGAX,utilities,2013
2013-11-11,0.0004305100029316118,FUGAX,utilities,2013
2013-11-12,-0.006511785290998637,FUGAX,utilities,2013
2013-11-13,-0.0033981811627345755,FUGAX,utilities,2013
2013-11-14,0.004052800939554208,FUGAX,utilities,2013
2013-11-15,0.0036771571741308438,FUGAX,utilities,2013
2013-11-18,-0.001134582571556245,FUGAX,utilities,2013
2013-11-19,-0.007589602549376429,FUGAX,utilities,2013
2013-11-20,-0.0031585020137620723,FUGAX,utilities,2013
2013-11-21,0.000764129372376238,FUGAX,utilities,2013
2013-11-22,-0.0018066634364216324,FUGAX,utilities,2013
2013-11-25,-0.0023680936128604338,FUGAX,utilities,2013
2013-11-26,-0.010909947302136768,FUGAX,utilities,2013
2013-11-27,-0.0072932045960569,FUGAX,utilities,2013
2013-11-29,-0.0010081331068625627,FUGAX,utilities,2013
2013-12-02,-0.001147463245100221,FUGAX,utilities,2013
2013-12-03,0.010881099990591754,FUGAX,utilities,2013
2013-12-04,0.0032010536626812633,FUGAX,utilities,2013
2013-12-05,-0.0005149739817868373,FUGAX,utilities,2013
2013-12-06,0.0008634302825836319,FUGAX,utilities,2013
2013-12-09,-0.0060946620043109065,FUGAX,utilities,2013
2013-12-10,-0.003691438956940105,FUGAX,utilities,2013
2013-12-11,-0.0005288192949497207,FUGAX,utilities,2013
2013-12-12,0.004101332005962891,FUGAX,utilities,2013
2013-12-13,-0.0014675719743029638,FUGAX,utilities,2013
2013-12-16,-0.0010264442449349825,FUGAX,utilities,2013
2013-12-17,0.0027193112988429325,FUGAX,utilities,2013
2013-12-18,-0.0021158028599402665,FUGAX,utilities,2013
2013-12-19,-0.0006026271524010619,FUGAX,utilities,2013
2013-12-20,0.00751389227275281,FUGAX,utilities,2013
2013-12-23,-0.0054255798148270425,FUGAX,utilities,2013
2013-12-24,0.0025972712942006863,FUGAX,utilities,2013
2013-12-26,-0.005212899409539294,FUGAX,utilities,2013
2013-12-27,0.0014557440958140532,FUGAX,utilities,2013
2013-12-30,0.0028036505769143327,FUGAX,utilities,2013
2014-01-03,-0.0012199738632978237,FUGAX,utilities,2014
2014-01-06,0.004542644295282482,FUGAX,utilities,2014
2014-01-07,0.004835942723994384,FUGAX,utilities,2014
2014-01-08,-0.0035751714673005713,FUGAX,utilities,2014
2014-01-09,0.0065924346718492875,FUGAX,utilities,2014
2014-01-10,0.00922072266642384,FUGAX,utilities,2014
2014-01-13,-0.0021012528220732338,FUGAX,utilities,2014
2014-01-14,-0.0011990085487698227,FUGAX,utilities,2014
2014-01-15,-0.00434044363616782,FUGAX,utilities,2014
2014-01-16,0.006635337434062014,FUGAX,utilities,2014
2014-01-17,0.001707575257102122,FUGAX,utilities,2014
2014-01-21,0.008094930902617868,FUGAX,utilities,2014
2014-01-22,-0.00014308545445809067,FUGAX,utilities,2014
2014-01-23,-0.000735834492790929,FUGAX,utilities,2014
2014-01-24,-0.004061268670685776,FUGAX,utilities,2014
2014-01-27,0.0005212564272236661,FUGAX,utilities,2014
2014-01-28,0.00486362693831222,FUGAX,utilities,2014
2014-01-29,0.0034714192382316873,FUGAX,utilities,2014
2014-01-30,0.007291675981895215,FUGAX,utilities,2014
2014-01-31,0.01145673391702335,FUGAX,utilities,2014
2014-02-03,0.0021976358401849215,FUGAX,utilities,2014
2014-02-04,-0.008370649247056244,FUGAX,utilities,2014
2014-02-05,-0.005366419905103311,FUGAX,utilities,2014
2014-02-06,-0.0032747970778644496,FUGAX,utilities,2014
2014-02-07,0.000129624785112286,FUGAX,utilities,2014
2014-02-10,0.005133139341614944,FUGAX,utilities,2014
2014-02-11,0.0006076061561651955,FUGAX,utilities,2014
2014-02-12,0.0031713946066600452,FUGAX,utilities,2014
2014-02-13,0.008221997393245447,FUGAX,utilities,2014
2014-02-14,0.0007040128926928731,FUGAX,utilities,2014
2014-02-18,0.0037649975719764627,FUGAX,utilities,2014
2014-02-19,-0.0028023638302170873,FUGAX,utilities,2014
2014-02-20,0.001596028734182641,FUGAX,utilities,2014
2014-02-21,0.0014979970850413386,FUGAX,utilities,2014
2014-02-24,-0.006407291012701204,FUGAX,utilities,2014
2014-02-25,-0.004530014743622257,FUGAX,utilities,2014
2014-02-26,-0.004463585440778893,FUGAX,utilities,2014
2014-02-27,-0.004238796291707904,FUGAX,utilities,2014
2014-02-28,0.0016517764814913015,FUGAX,utilities,2014
2014-03-03,-0.000977080560940733,FUGAX,utilities,2014
2014-03-04,0.0005473845313643151,FUGAX,utilities,2014
2014-03-05,-0.006615831361702374,FUGAX,utilities,2014
2014-03-06,-0.004094360179816925,FUGAX,utilities,2014
2014-03-07,0.0015711830781042053,FUGAX,utilities,2014
2014-03-10,-0.003258614750614895,FUGAX,utilities,2014
2014-03-11,0.0002769284909869786,FUGAX,utilities,2014
2014-03-12,0.009206877363523087,FUGAX,utilities,2014
2014-03-13,0.013391663191415121,FUGAX,utilities,2014
2014-03-14,0.0073547817320559475,FUGAX,utilities,2014
2014-03-17,-0.0011425827035492662,FUGAX,utilities,2014
2014-03-18,-0.004433514174821104,FUGAX,utilities,2014
2014-03-19,-0.007066384892101161,FUGAX,utilities,2014
2014-03-20,-0.0015532084268773208,FUGAX,utilities,2014
2014-03-21,0.006151102976826422,FUGAX,utilities,2014
2014-03-24,0.000918492658787313,FUGAX,utilities,2014
2014-03-25,0.0003695804950536634,FUGAX,utilities,2014
2014-03-26,0.0007972423368548826,FUGAX,utilities,2014
2014-03-27,0.00796673999901266,FUGAX,utilities,2014
2014-03-28,0.000591011229258232,FUGAX,utilities,2014
2014-03-31,0.0024388143374280465,FUGAX,utilities,2014
2014-04-01,-0.006361866433777242,FUGAX,utilities,2014
2014-04-02,-0.0036391246776160424,FUGAX,utilities,2014
2014-04-03,0.0012123068322356253,FUGAX,utilities,2014
2014-04-04,0.009087711129186087,FUGAX,utilities,2014
2014-04-07,-0.0013047512610701697,FUGAX,utilities,2014
2014-04-08,0.011073675808017243,FUGAX,utilities,2014
2014-04-09,-0.004781363588799172,FUGAX,utilities,2014
2014-04-10,0.007382234090855842,FUGAX,utilities,2014
2014-04-11,0.0010306740502696475,FUGAX,utilities,2014
2014-04-14,-0.000802464538921837,FUGAX,utilities,2014
2014-04-15,0.004031534592595518,FUGAX,utilities,2014
2014-04-16,0.0006309270495987885,FUGAX,utilities,2014
2014-04-17,-0.009649461145674096,FUGAX,utilities,2014
2014-04-21,-0.0003637011123541101,FUGAX,utilities,2014
2014-04-22,-0.0029907665197354536,FUGAX,utilities,2014
2014-04-23,0.0022989256781671677,FUGAX,utilities,2014
2014-04-24,0.0014119998368533947,FUGAX,utilities,2014
2014-04-25,0.009445156838907152,FUGAX,utilities,2014
2014-04-28,0.00020330958594191005,FUGAX,utilities,2014
2014-04-29,-0.005658299052491772,FUGAX,utilities,2014
2014-04-30,-0.00040622850172697964,FUGAX,utilities,2014
2014-05-01,0.006430817886979332,FUGAX,utilities,2014
2014-05-02,-0.013001252672425322,FUGAX,utilities,2014
2014-05-05,0.005186763267184204,FUGAX,utilities,2014
2014-05-06,0.002778772696120302,FUGAX,utilities,2014
2014-05-07,0.011920590464097514,FUGAX,utilities,2014
2014-05-08,-0.00990192827328859,FUGAX,utilities,2014
2014-05-09,-0.013300157862099543,FUGAX,utilities,2014
2014-05-12,-0.012642540137154292,FUGAX,utilities,2014
2014-05-13,-0.0003846075561137394,FUGAX,utilities,2014
2014-05-14,0.009606058468686294,FUGAX,utilities,2014
2014-05-15,0.0009617226986769088,FUGAX,utilities,2014
2014-05-16,0.0018722750004362028,FUGAX,utilities,2014
2014-05-19,-0.016079509152660376,FUGAX,utilities,2014
2014-05-20,0.005136989404376307,FUGAX,utilities,2014
2014-05-21,-0.0038825979292575748,FUGAX,utilities,2014
2014-05-22,0.004877305370154688,FUGAX,utilities,2014
2014-05-23,-0.003725602004342469,FUGAX,utilities,2014
2014-05-27,0.0036634208094664285,FUGAX,utilities,2014
2014-05-28,0.004819058588839337,FUGAX,utilities,2014
2014-05-29,-0.0005200740889193152,FUGAX,utilities,2014
2014-05-30,0.01004510074706401,FUGAX,utilities,2014
2014-06-02,0.0004988717071647292,FUGAX,utilities,2014
2014-06-03,0.0016802116996276087,FUGAX,utilities,2014
2014-06-04,-0.0015763676659977493,FUGAX,utilities,2014
2014-06-05,0.0013238148260700912,FUGAX,utilities,2014
2014-06-06,-0.005692867286592218,FUGAX,utilities,2014
2014-06-09,-0.005159346907800186,FUGAX,utilities,2014
2014-06-10,-0.003438928165063559,FUGAX,utilities,2014
2014-06-11,-0.009540673262784866,FUGAX,utilities,2014
2014-06-12,0.0038350842069119267,FUGAX,utilities,2014
2014-06-13,0.004993367875154934,FUGAX,utilities,2014
2014-06-16,0.0054370156113216425,FUGAX,utilities,2014
2014-06-17,-0.0021163979676328184,FUGAX,utilities,2014
2014-06-18,0.010448601793243237,FUGAX,utilities,2014
2014-06-19,0.00401591264099631,FUGAX,utilities,2014
2014-06-20,-0.007220959021372689,FUGAX,utilities,2014
2014-06-23,-0.0016882033671107414,FUGAX,utilities,2014
2014-06-24,0.003101813321824724,FUGAX,utilities,2014
2014-06-25,0.002663905590213395,FUGAX,utilities,2014
2014-06-26,0.0014291800360944555,FUGAX,utilities,2014
2014-06-27,0.0009352936514684539,FUGAX,utilities,2014
2014-06-30,0.00724143871376241,FUGAX,utilities,2014
2014-07-01,-0.012585192902909995,FUGAX,utilities,2014
2014-07-02,-0.017356771367198418,FUGAX,utilities,2014
2014-07-03,-0.013989092347734542,FUGAX,utilities,2014
2014-07-07,0.0023548569835797704,FUGAX,utilities,2014
2014-07-08,0.006620771272273358,FUGAX,utilities,2014
2014-07-09,-0.0018977075669851257,FUGAX,utilities,2014
2014-07-10,0.005202714059694894,FUGAX,utilities,2014
2014-07-11,-0.005763678046720636,FUGAX,utilities,2014
2014-07-14,-0.014858662744432784,FUGAX,utilities,2014
2014-07-15,0.003023326946810493,FUGAX,utilities,2014
2014-07-16,-0.00023704473508821952,FUGAX,utilities,2014
2014-07-17,-0.003931415127111507,FUGAX,utilities,2014
2014-07-18,0.0035375142005552255,FUGAX,utilities,2014
2014-07-21,-0.0016841115730418148,FUGAX,utilities,2014
2014-07-22,-0.003603432392666291,FUGAX,utilities,2014
2014-07-23,-0.002076536378054262,FUGAX,utilities,2014
2014-07-24,0.0005591764678614825,FUGAX,utilities,2014
2014-07-25,-0.003660325729286296,FUGAX,utilities,2014
2014-07-28,0.009415961317344748,FUGAX,utilities,2014
2014-07-29,-0.004271728910435156,FUGAX,utilities,2014
2014-07-30,-0.013667163938903663,FUGAX,utilities,2014
2014-07-31,-0.0018361756301590593,FUGAX,utilities,2014
2014-08-01,0.0005701095067809309,FUGAX,utilities,2014
2014-08-04,-0.0034039554525671914,FUGAX,utilities,2014
2014-08-05,-0.0036420563079319138,FUGAX,utilities,2014
2014-08-06,-0.010891790788888285,FUGAX,utilities,2014
2014-08-07,0.008706894658090334,FUGAX,utilities,2014
2014-08-08,0.00791371112022724,FUGAX,utilities,2014
2014-08-11,-0.0029335183058983314,FUGAX,utilities,2014
2014-08-12,0.0012491392454800354,FUGAX,utilities,2014
2014-08-13,-0.001228305935022279,FUGAX,utilities,2014
2014-08-14,0.003184378133142987,FUGAX,utilities,2014
2014-08-15,0.0051792084244505696,FUGAX,utilities,2014
2014-08-18,-0.006841393008168153,FUGAX,utilities,2014
2014-08-19,0.005675449667417476,FUGAX,utilities,2014
2014-08-20,0.00014108999563013308,FUGAX,utilities,2014
2014-08-21,-0.0022115989875337804,FUGAX,utilities,2014
2014-08-22,-0.00046774987047343373,FUGAX,utilities,2014
2014-08-25,0.001320957527914367,FUGAX,utilities,2014
2014-08-26,-0.007439321447911486,FUGAX,utilities,2014
2014-08-27,0.00958362903718052,FUGAX,utilities,2014
2014-08-28,0.004209281072026674,FUGAX,utilities,2014
2014-08-29,0.005698472470817341,FUGAX,utilities,2014
2014-09-02,-0.006164128027426653,FUGAX,utilities,2014
2014-09-03,0.004538220626994213,FUGAX,utilities,2014
2014-09-04,-0.0012340989384519994,FUGAX,utilities,2014
2014-09-05,0.007083857031040588,FUGAX,utilities,2014
2014-09-08,-0.005313850740725088,FUGAX,utilities,2014
2014-09-09,-0.00604118059902474,FUGAX,utilities,2014
2014-09-10,-0.005815942812738787,FUGAX,utilities,2014
2014-09-11,0.0043544040468294675,FUGAX,utilities,2014
2014-09-12,-0.013975878466563344,FUGAX,utilities,2014
2014-09-15,-0.0003361539851312952,FUGAX,utilities,2014
2014-09-16,0.0040723189940757056,FUGAX,utilities,2014
2014-09-17,-0.0029686935127274904,FUGAX,utilities,2014
2014-09-18,-0.0073320100682345134,FUGAX,utilities,2014
2014-09-19,0.005859549710494363,FUGAX,utilities,2014
2014-09-22,-0.004813756728822799,FUGAX,utilities,2014
2014-09-23,-0.0013711091949547725,FUGAX,utilities,2014
2014-09-24,-0.007233092999617918,FUGAX,utilities,2014
2014-09-25,0.0021881932285881707,FUGAX,utilities,2014
2014-09-26,-0.0018986353032812544,FUGAX,utilities,2014
2014-09-29,0.008146415745836296,FUGAX,utilities,2014
2014-09-30,0.001005312246768662,FUGAX,utilities,2014
2014-10-01,0.010336733565343512,FUGAX,utilities,2014
2014-10-02,-0.0025174437074510607,FUGAX,utilities,2014
2014-10-03,-0.0002916620235480158,FUGAX,utilities,2014
2014-10-06,-0.001179007895008421,FUGAX,utilities,2014
2014-10-07,0.00442944955073157,FUGAX,utilities,2014
2014-10-08,0.004287436605769468,FUGAX,utilities,2014
2014-10-09,-0.011979240797468127,FUGAX,utilities,2014
2014-10-10,0.004949803170879048,FUGAX,utilities,2014
2014-10-13,-0.004289039571371441,FUGAX,utilities,2014
2014-10-14,-0.0067222345705901555,FUGAX,utilities,2014
2014-10-15,-0.008343261754662828,FUGAX,utilities,2014
2014-10-16,0.016581000015351007,FUGAX,utilities,2014
2014-10-17,0.0021329458656452714,FUGAX,utilities,2014
2014-10-20,0.005465317012038565,FUGAX,utilities,2014
2014-10-21,-0.005382559945009118,FUGAX,utilities,2014
2014-10-22,0.005732954464130529,FUGAX,utilities,2014
2014-10-23,-0.001922730561363474,FUGAX,utilities,2014
2014-10-24,0.003869764575514705,FUGAX,utilities,2014
2014-10-27,-0.005515623517834289,FUGAX,utilities,2014
2014-10-28,0.0034018069800562135,FUGAX,utilities,2014
2014-10-29,-0.002769705655961242,FUGAX,utilities,2014
2014-10-30,0.012152610221984866,FUGAX,utilities,2014
2014-10-31,-0.0060810343418599795,FUGAX,utilities,2014
2014-11-03,0.007562462503007709,FUGAX,utilities,2014
2014-11-04,-0.007114907442092474,FUGAX,utilities,2014
2014-11-05,0.018510587977583065,FUGAX,utilities,2014
2014-11-06,-0.009093121751192748,FUGAX,utilities,2014
2014-11-07,0.007505146108920316,FUGAX,utilities,2014
2014-11-10,-0.003812762812014016,FUGAX,utilities,2014
2014-11-11,-0.003341398151882951,FUGAX,utilities,2014
2014-11-12,-0.014802665895442987,FUGAX,utilities,2014
2014-11-13,-0.011139919450475119,FUGAX,utilities,2014
2014-11-14,-0.004716159360829417,FUGAX,utilities,2014
2014-11-17,0.007186741931339869,FUGAX,utilities,2014
2014-11-18,-0.00021407048471843663,FUGAX,utilities,2014
2014-11-19,0.0017507425680069017,FUGAX,utilities,2014
2014-11-20,-0.004297040969387704,FUGAX,utilities,2014
2014-11-21,0.00117234871296894,FUGAX,utilities,2014
2014-11-24,-0.00940465951085267,FUGAX,utilities,2014
2014-11-25,0.0003915137536180529,FUGAX,utilities,2014
2014-11-26,0.0017075815200985524,FUGAX,utilities,2014
2014-11-28,-7.200925164469341e-05,FUGAX,utilities,2014
2014-12-01,-0.004287388865743734,FUGAX,utilities,2014
2014-12-02,0.0018883915487680055,FUGAX,utilities,2014
2014-12-03,-0.007272029914171491,FUGAX,utilities,2014
2014-12-04,-0.0026382866380312486,FUGAX,utilities,2014
2014-12-05,-0.007551547691795283,FUGAX,utilities,2014
2014-12-08,-0.001274506735278535,FUGAX,utilities,2014
2014-12-09,0.006696299765101914,FUGAX,utilities,2014
2014-12-10,-0.008651074152357545,FUGAX,utilities,2014
2014-12-11,0.0026806384841403207,FUGAX,utilities,2014
2014-12-12,-0.0005698552243511585,FUGAX,utilities,2014
2014-12-15,-0.007341448060941426,FUGAX,utilities,2014
2014-12-16,0.0017815829144290554,FUGAX,utilities,2014
2014-12-17,0.012078412656471655,FUGAX,utilities,2014
2014-12-18,0.003604429039362613,FUGAX,utilities,2014
2014-12-19,-0.019682195323978358,FUGAX,utilities,2014
2014-12-22,0.015234996827156767,FUGAX,utilities,2014
2014-12-23,0.004141804557627868,FUGAX,utilities,2014
2014-12-24,0.013168955951797444,FUGAX,utilities,2014
2014-12-26,0.008919196724863871,FUGAX,utilities,2014
2014-12-29,0.011573814447597655,FUGAX,utilities,2014
2014-12-30,-0.013445113479896258,FUGAX,utilities,2014
2015-01-05,-0.007317290812039913,FUGAX,utilities,2015
2015-01-06,0.0003969908382699351,FUGAX,utilities,2015
2015-01-07,0.0011913448659258072,FUGAX,utilities,2015
2015-01-08,-0.001854779683367374,FUGAX,utilities,2015
2015-01-09,0.0024483657800709567,FUGAX,utilities,2015
2015-01-12,0.002678830580300348,FUGAX,utilities,2015
2015-01-13,0.004350576250831983,FUGAX,utilities,2015
2015-01-14,0.012171467081002373,FUGAX,utilities,2015
2015-01-15,0.008783307180279847,FUGAX,utilities,2015
2015-01-16,-0.0002189368264302674,FUGAX,utilities,2015
2015-01-20,-0.0017030244133208966,FUGAX,utilities,2015
2015-01-21,0.00755843683071074,FUGAX,utilities,2015
2015-01-22,-0.01315137887530016,FUGAX,utilities,2015
2015-01-23,0.005812537029475167,FUGAX,utilities,2015
2015-01-26,0.004664018258518851,FUGAX,utilities,2015
2015-01-27,0.011205032695748168,FUGAX,utilities,2015
2015-01-28,-0.00376991901853887,FUGAX,utilities,2015
2015-01-29,0.001680520310780008,FUGAX,utilities,2015
2015-01-30,-0.009075628678063724,FUGAX,utilities,2015
2015-02-02,0.0002985025515871015,FUGAX,utilities,2015
2015-02-03,0.0005954733247348718,FUGAX,utilities,2015
2015-02-04,-0.00800118949648108,FUGAX,utilities,2015
2015-02-05,0.002572017327851313,FUGAX,utilities,2015
2015-02-06,-0.031187575426378303,FUGAX,utilities,2015
2015-02-09,-0.002331632425015084,FUGAX,utilities,2015
2015-02-10,0.012638478272928366,FUGAX,utilities,2015
2015-02-11,-0.020572688602275468,FUGAX,utilities,2015
2015-02-12,-0.006220165588224365,FUGAX,utilities,2015
2015-02-13,-0.012926960421143809,FUGAX,utilities,2015
2015-02-17,-0.002106323745494385,FUGAX,utilities,2015
2015-02-18,0.022599559855733364,FUGAX,utilities,2015
2015-02-19,-0.0068231678273398344,FUGAX,utilities,2015
2015-02-20,-0.000296942180659069,FUGAX,utilities,2015
2015-02-23,0.00399779909745436,FUGAX,utilities,2015
2015-02-24,0.0037649883991851167,FUGAX,utilities,2015
2015-02-25,-0.011531904956654291,FUGAX,utilities,2015
2015-02-26,-0.007694073514617257,FUGAX,utilities,2015
2015-02-27,0.0013877555386262283,FUGAX,utilities,2015
2015-03-02,-0.021041196035493256,FUGAX,utilities,2015
2015-03-03,0.011146999095531901,FUGAX,utilities,2015
2015-03-04,-0.0019062309897537235,FUGAX,utilities,2015
2015-03-05,0.007097536999000313,FUGAX,utilities,2015
2015-03-06,-0.01379460696204286,FUGAX,utilities,2015
2015-03-09,-0.0039573526225857554,FUGAX,utilities,2015
2015-03-10,0.00677231654090709,FUGAX,utilities,2015
2015-03-11,-0.0037759081877830015,FUGAX,utilities,2015
2015-03-12,0.010326540847444287,FUGAX,utilities,2015
2015-03-13,-0.002999269332695777,FUGAX,utilities,2015
2015-03-16,0.006915902107676395,FUGAX,utilities,2015
2015-03-17,0.006483676689374581,FUGAX,utilities,2015
2015-03-18,0.021073445008975022,FUGAX,utilities,2015
2015-03-19,-0.00867345564306753,FUGAX,utilities,2015
2015-03-20,0.0034593437470132812,FUGAX,utilities,2015
2015-03-23,0.0026401806391277618,FUGAX,utilities,2015
2015-03-24,-0.006082432448974539,FUGAX,utilities,2015
2015-03-25,0.00013866360850910663,FUGAX,utilities,2015
2015-03-26,-0.003963604441259526,FUGAX,utilities,2015
2015-03-27,0.0035600713334950984,FUGAX,utilities,2015
2015-03-30,0.008147655802131375,FUGAX,utilities,2015
2015-03-31,0.00437287017931274,FUGAX,utilities,2015
2015-04-01,-0.0004196990894415071,FUGAX,utilities,2015
2015-04-02,0.005242884305959023,FUGAX,utilities,2015
2015-04-06,0.006020377347692157,FUGAX,utilities,2015
2015-04-07,-0.0032437581177249923,FUGAX,utilities,2015
2015-04-08,-0.00448425745169677,FUGAX,utilities,2015
2015-04-09,-0.005602427916467759,FUGAX,utilities,2015
2015-04-10,0.0004853214022024167,FUGAX,utilities,2015
2015-04-13,-0.00385881122704629,FUGAX,utilities,2015
2015-04-14,0.00374494148761471,FUGAX,utilities,2015
2015-04-15,0.0026765018601539155,FUGAX,utilities,2015
2015-04-16,-0.004552282553127676,FUGAX,utilities,2015
2015-04-17,0.0010117980392319488,FUGAX,utilities,2015
2015-04-20,0.007088104942895899,FUGAX,utilities,2015
2015-04-21,-0.008813535638179822,FUGAX,utilities,2015
2015-04-22,-0.0021628292448194896,FUGAX,utilities,2015
2015-04-23,0.0025596684880820958,FUGAX,utilities,2015
2015-04-24,0.010636650438561138,FUGAX,utilities,2015
2015-04-27,-0.008170745257755154,FUGAX,utilities,2015
2015-04-28,0.00473185868184573,FUGAX,utilities,2015
2015-04-29,0.0015237755165593105,FUGAX,utilities,2015
2015-04-30,-0.0026360151088717,FUGAX,utilities,2015
2015-05-01,-0.0036500486548674284,FUGAX,utilities,2015
2015-05-04,0.007636399146492478,FUGAX,utilities,2015
2015-05-05,-0.013272480321397826,FUGAX,utilities,2015
2015-05-06,-0.006208455407044532,FUGAX,utilities,2015
2015-05-07,0.001995983179697113,FUGAX,utilities,2015
2015-05-08,0.005213080135163552,FUGAX,utilities,2015
2015-05-11,-0.004142476720598424,FUGAX,utilities,2015
2015-05-12,0.0030021055815769825,FUGAX,utilities,2015
2015-05-13,-0.0057618338903620316,FUGAX,utilities,2015
2015-05-14,0.0009453076986558262,FUGAX,utilities,2015
2015-05-15,0.012807804025993637,FUGAX,utilities,2015
2015-05-18,0.0017525566780187236,FUGAX,utilities,2015
2015-05-19,0.0018836037098068359,FUGAX,utilities,2015
2015-05-20,0.0006376857378979383,FUGAX,utilities,2015
2015-05-21,-0.0007664641639693343,FUGAX,utilities,2015
2015-05-22,0.001441767633463846,FUGAX,utilities,2015
2015-05-26,0.0012677827799064184,FUGAX,utilities,2015
2015-05-27,-0.001955481542051261,FUGAX,utilities,2015
2015-05-28,0.00320312095865393,FUGAX,utilities,2015
2015-05-29,0.0003462300515264206,FUGAX,utilities,2015
2015-06-01,0.0009895239665692812,FUGAX,utilities,2015
2015-06-02,-0.009381779113365414,FUGAX,utilities,2015
2015-06-03,-0.013195284662752592,FUGAX,utilities,2015
2015-06-04,0.002570531120240511,FUGAX,utilities,2015
2015-06-05,-0.006051477151527979,FUGAX,utilities,2015
2015-06-08,-0.0026102058890340616,FUGAX,utilities,2015
2015-06-09,-0.0005619505550785153,FUGAX,utilities,2015
2015-06-10,0.0035717300853232332,FUGAX,utilities,2015
2015-06-11,0.0025577816159143988,FUGAX,utilities,2015
2015-06-12,-0.003058810514670436,FUGAX,utilities,2015
2015-06-15,0.0019552514758629414,FUGAX,utilities,2015
2015-06-16,0.0006303421199278679,FUGAX,utilities,2015
2015-06-17,0.007609568673068844,FUGAX,utilities,2015
2015-06-18,0.002939715094673774,FUGAX,utilities,2015
2015-06-19,-0.005982705642293475,FUGAX,utilities,2015
2015-06-22,-0.0034584962928105867,FUGAX,utilities,2015
2015-06-23,-0.010853255184664564,FUGAX,utilities,2015
2015-06-24,-0.0018507450727283737,FUGAX,utilities,2015
2015-06-25,-0.00763626681557937,FUGAX,utilities,2015
2015-06-26,0.001853577382131869,FUGAX,utilities,2015
2015-06-29,0.004038920575623637,FUGAX,utilities,2015
2015-06-30,-0.005792695192977796,FUGAX,utilities,2015
2015-07-01,-0.0034745712846560232,FUGAX,utilities,2015
2015-07-02,0.013723457766057967,FUGAX,utilities,2015
2015-07-06,0.0021159488546874453,FUGAX,utilities,2015
2015-07-07,0.014126797624389613,FUGAX,utilities,2015
2015-07-08,0.004023740745990229,FUGAX,utilities,2015
2015-07-09,-0.008677173824407846,FUGAX,utilities,2015
2015-07-10,-0.0019110059266742255,FUGAX,utilities,2015
2015-07-13,-0.004833104258039251,FUGAX,utilities,2015
2015-07-14,-0.002123707067449367,FUGAX,utilities,2015
2015-07-15,0.0031302851164223483,FUGAX,utilities,2015
2015-07-16,0.007539069293073503,FUGAX,utilities,2015
2015-07-17,-0.009827498519967882,FUGAX,utilities,2015
2015-07-20,-0.006540145245767369,FUGAX,utilities,2015
2015-07-21,-0.007816068269057447,FUGAX,utilities,2015
2015-07-22,0.004988100318484993,FUGAX,utilities,2015
2015-07-23,-0.010326827488802353,FUGAX,utilities,2015
2015-07-24,0.0053568114678985874,FUGAX,utilities,2015
2015-07-27,0.011921715415056,FUGAX,utilities,2015
2015-07-28,-0.0008199041885869028,FUGAX,utilities,2015
2015-07-29,-0.0002915965530824183,FUGAX,utilities,2015
2015-07-30,0.008342176936148662,FUGAX,utilities,2015
2015-07-31,0.011093266304207842,FUGAX,utilities,2015
2015-08-03,0.00641784964172833,FUGAX,utilities,2015
2015-08-04,-0.01805430219875595,FUGAX,utilities,2015
2015-08-05,-0.0005922202546926876,FUGAX,utilities,2015
2015-08-06,0.00865213571255453,FUGAX,utilities,2015
2015-08-07,0.011409397272742615,FUGAX,utilities,2015
2015-08-10,-0.009492329102276365,FUGAX,utilities,2015
2015-08-11,0.006845922423562205,FUGAX,utilities,2015
2015-08-12,0.020974348755144104,FUGAX,utilities,2015
2015-08-13,0.0013932086516837516,FUGAX,utilities,2015
2015-08-14,0.006076135503476911,FUGAX,utilities,2015
2015-08-17,0.0034984339069297253,FUGAX,utilities,2015
2015-08-18,-0.0004915062759606524,FUGAX,utilities,2015
2015-08-19,0.007970240531541948,FUGAX,utilities,2015
2015-08-20,0.0052574931040534345,FUGAX,utilities,2015
2015-08-21,0.0070070534228511925,FUGAX,utilities,2015
2015-08-24,-0.004701067842763966,FUGAX,utilities,2015
2015-08-25,-0.022770555943031352,FUGAX,utilities,2015
2015-08-26,-0.00760326959542745,FUGAX,utilities,2015
2015-08-27,-0.0020646338918118567,FUGAX,utilities,2015
2015-08-28,-0.001129588153713213,FUGAX,utilities,2015
2015-08-31,-0.01242360496008621,FUGAX,utilities,2015
2015-09-01,-0.006586353205947165,FUGAX,utilities,2015
2015-09-02,-0.014480307394292269,FUGAX,utilities,2015
2015-09-03,0.007240236548656147,FUGAX,utilities,2015
2015-09-04,-0.0040518346530712505,FUGAX,utilities,2015
2015-09-08,0.001747890752465918,FUGAX,utilities,2015
2015-09-09,-0.004397322153187142,FUGAX,utilities,2015
2015-09-10,-0.007984294552211875,FUGAX,utilities,2015
2015-09-11,0.0008445359814657038,FUGAX,utilities,2015
2015-09-14,0.007548725522542609,FUGAX,utilities,2015
2015-09-15,-0.001189427930138486,FUGAX,utilities,2015
2015-09-16,0.005386565473895799,FUGAX,utilities,2015
2015-09-17,0.014217668409051556,FUGAX,utilities,2015
2015-09-18,0.000855767511721648,FUGAX,utilities,2015
2015-09-21,-0.003966291396178937,FUGAX,utilities,2015
2015-09-22,-0.00942819864737107,FUGAX,utilities,2015
2015-09-23,0.0029655813596347856,FUGAX,utilities,2015
2015-09-24,0.007462899672800049,FUGAX,utilities,2015
2015-09-25,0.010794727341771709,FUGAX,utilities,2015
2015-09-28,0.010728983793166093,FUGAX,utilities,2015
2015-09-29,-0.001202098360748338,FUGAX,utilities,2015
2015-09-30,0.005846681733664148,FUGAX,utilities,2015
2015-10-01,-0.009053435985804117,FUGAX,utilities,2015
2015-10-02,0.003492999936041458,FUGAX,utilities,2015
2015-10-05,0.006446129597372759,FUGAX,utilities,2015
2015-10-06,-0.002959570635649152,FUGAX,utilities,2015
2015-10-07,-0.00606593595073755,FUGAX,utilities,2015
2015-10-08,0.008998889643637362,FUGAX,utilities,2015
2015-10-09,-0.0023980606083702934,FUGAX,utilities,2015
2015-10-12,0.0057097267092325035,FUGAX,utilities,2015
2015-10-13,0.0024463270324628383,FUGAX,utilities,2015
2015-10-14,0.0022154887544256533,FUGAX,utilities,2015
2015-10-15,0.0047759703578852605,FUGAX,utilities,2015
2015-10-16,-0.0030769557746633293,FUGAX,utilities,2015
2015-10-19,0.0005871150910773373,FUGAX,utilities,2015
2015-10-20,0.004294864112587523,FUGAX,utilities,2015
2015-10-21,0.0007707647056143197,FUGAX,utilities,2015
2015-10-22,0.001847372044298655,FUGAX,utilities,2015
2015-10-23,-0.026253446392889963,FUGAX,utilities,2015
2015-10-26,-0.003967313115653152,FUGAX,utilities,2015
2015-10-27,-0.005624688635161268,FUGAX,utilities,2015
2015-10-28,-0.014589213056665221,FUGAX,utilities,2015
2015-10-29,-0.0028819111737830804,FUGAX,utilities,2015
2015-10-30,0.009484333630997255,FUGAX,utilities,2015
2015-11-02,-0.006506917462329502,FUGAX,utilities,2015
2015-11-03,0.0022812766195502198,FUGAX,utilities,2015
2015-11-04,0.009783930633213008,FUGAX,utilities,2015
2015-11-05,-0.009616982578192792,FUGAX,utilities,2015
2015-11-06,-0.028610308931541276,FUGAX,utilities,2015
2015-11-09,0.008798613429243823,FUGAX,utilities,2015
2015-11-10,0.006273142760108544,FUGAX,utilities,2015
2015-11-11,0.008010216018083837,FUGAX,utilities,2015
2015-11-12,2.7846982287303354e-05,FUGAX,utilities,2015
2015-11-13,0.004930460603844491,FUGAX,utilities,2015
2015-11-16,0.007664043030232935,FUGAX,utilities,2015
2015-11-17,-0.01731237118563825,FUGAX,utilities,2015
2015-11-18,-0.0036479109890255627,FUGAX,utilities,2015
2015-11-19,0.00803093920770019,FUGAX,utilities,2015
2015-11-20,0.0009669266238919744,FUGAX,utilities,2015
2015-11-23,-0.006367463891196584,FUGAX,utilities,2015
2015-11-24,-0.0004179038956374178,FUGAX,utilities,2015
2015-11-25,-0.0058387861106479816,FUGAX,utilities,2015
2015-11-27,-0.0011496784634390665,FUGAX,utilities,2015
2015-11-30,0.007769952796442699,FUGAX,utilities,2015
2015-12-01,0.001179573699134977,FUGAX,utilities,2015
2015-12-02,-0.017196623578732008,FUGAX,utilities,2015
2015-12-03,-0.001097125729249436,FUGAX,utilities,2015
2015-12-04,-0.010480850790645693,FUGAX,utilities,2015
2015-12-07,0.0012184861649074787,FUGAX,utilities,2015
2015-12-08,0.00345031986903546,FUGAX,utilities,2015
2015-12-09,0.005974381300443247,FUGAX,utilities,2015
2015-12-10,-0.010209032086814583,FUGAX,utilities,2015
2015-12-11,0.00330596670533145,FUGAX,utilities,2015
2015-12-14,-0.007570438066391007,FUGAX,utilities,2015
2015-12-15,0.003673952504485549,FUGAX,utilities,2015
2015-12-16,0.019210115860488087,FUGAX,utilities,2015
2015-12-17,0.007686308026236619,FUGAX,utilities,2015
2015-12-18,0.008817217487398828,FUGAX,utilities,2015
2015-12-21,0.0019037719473731004,FUGAX,utilities,2015
2015-12-22,0.0012741260408203814,FUGAX,utilities,2015
2015-12-23,0.012149125613376537,FUGAX,utilities,2015
2015-12-24,0.000812719848056804,FUGAX,utilities,2015
2015-12-28,0.0012562364902694628,FUGAX,utilities,2015
2015-12-29,-2.4503679570524357e-05,FUGAX,utilities,2015
2015-12-30,0.0007542101018774752,FUGAX,utilities,2015
2016-01-06,-0.0009238309497188665,FUGAX,utilities,2016
2016-01-07,0.0010648152756557259,FUGAX,utilities,2016
2016-01-08,0.010366620873192844,FUGAX,utilities,2016
2016-01-11,0.0014008428130776577,FUGAX,utilities,2016
2016-01-12,-0.011374880495536553,FUGAX,utilities,2016
2016-01-13,0.004983803784994601,FUGAX,utilities,2016
2016-01-14,0.011902431912380891,FUGAX,utilities,2016
2016-01-15,-0.004287700125035926,FUGAX,utilities,2016
2016-01-19,0.01009970690422125,FUGAX,utilities,2016
2016-01-20,-0.01671004014876413,FUGAX,utilities,2016
2016-01-21,0.0019938235283686475,FUGAX,utilities,2016
2016-01-22,0.010542913493697645,FUGAX,utilities,2016
2016-01-25,-0.010519487293218452,FUGAX,utilities,2016
2016-01-26,0.00409841252884398,FUGAX,utilities,2016
2016-01-27,0.007656872815525644,FUGAX,utilities,2016
2016-01-28,0.01308568516115916,FUGAX,utilities,2016
2016-01-29,0.0111007302516893,FUGAX,utilities,2016
2016-02-01,0.005447900610497089,FUGAX,utilities,2016
2016-02-02,0.011598999459335924,FUGAX,utilities,2016
2016-02-03,0.015650192906542945,FUGAX,utilities,2016
2016-02-04,-0.0015361837600094408,FUGAX,utilities,2016
2016-02-05,0.012145079280219222,FUGAX,utilities,2016
2016-02-08,-0.003324497784669974,FUGAX,utilities,2016
2016-02-09,0.001803274351285504,FUGAX,utilities,2016
2016-02-10,-0.005551356308381537,FUGAX,utilities,2016
2016-02-11,-0.016647115446609816,FUGAX,utilities,2016
2016-02-12,-0.013572041477914382,FUGAX,utilities,2016
2016-02-16,0.0004989272852079611,FUGAX,utilities,2016
2016-02-17,-0.0060670315990019605,FUGAX,utilities,2016
2016-02-18,0.013872889462155922,FUGAX,utilities,2016
2016-02-19,-0.004976920554064239,FUGAX,utilities,2016
2016-02-22,-0.0012859978823662275,FUGAX,utilities,2016
2016-02-23,0.0035535372172864873,FUGAX,utilities,2016
2016-02-24,0.008860608825834271,FUGAX,utilities,2016
2016-02-25,0.00035225011322655674,FUGAX,utilities,2016
2016-02-26,-0.019819371060448614,FUGAX,utilities,2016
2016-02-29,0.00752568634671978,FUGAX,utilities,2016
2016-03-01,-0.011828747792443079,FUGAX,utilities,2016
2016-03-02,0.005129738755079223,FUGAX,utilities,2016
2016-03-03,0.004565152244862542,FUGAX,utilities,2016
2016-03-04,0.005301478474060383,FUGAX,utilities,2016
2016-03-07,0.006631996250508017,FUGAX,utilities,2016
2016-03-08,0.006722697090841937,FUGAX,utilities,2016
2016-03-09,0.0038341625088004734,FUGAX,utilities,2016
2016-03-10,0.001310765729088186,FUGAX,utilities,2016
2016-03-11,-0.004539694491430911,FUGAX,utilities,2016
2016-03-14,0.00048186775635466377,FUGAX,utilities,2016
2016-03-15,-0.0005164053406767241,FUGAX,utilities,2016
2016-03-16,0.006858538148812349,FUGAX,utilities,2016
2016-03-17,0.007621935375624694,FUGAX,utilities,2016
2016-03-18,-0.005186806161122954,FUGAX,utilities,2016
2016-03-21,-0.003778794050558615,FUGAX,utilities,2016
2016-03-22,-0.000722225844700271,FUGAX,utilities,2016
2016-03-23,0.0007328872561119396,FUGAX,utilities,2016
2016-03-24,0.0059118850356473605,FUGAX,utilities,2016
2016-03-28,-0.0040952400574571154,FUGAX,utilities,2016
2016-03-29,0.010248583754780837,FUGAX,utilities,2016
2016-03-30,-0.0054211478921685746,FUGAX,utilities,2016
2016-03-31,0.005391057871627034,FUGAX,utilities,2016
2016-04-01,-0.0006082809591807467,FUGAX,utilities,2016
2016-04-04,-0.004953658654891311,FUGAX,utilities,2016
2016-04-05,-0.014741122925534204,FUGAX,utilities,2016
2016-04-06,-0.006003813582961972,FUGAX,utilities,2016
2016-04-07,0.004926488011730351,FUGAX,utilities,2016
2016-04-08,0.005358711128186656,FUGAX,utilities,2016
2016-04-11,-0.002059996429546014,FUGAX,utilities,2016
2016-04-12,0.002388443548800432,FUGAX,utilities,2016
2016-04-13,-0.009064089061141568,FUGAX,utilities,2016
2016-04-14,-0.001836353877776137,FUGAX,utilities,2016
2016-04-15,0.0050955418708933916,FUGAX,utilities,2016
2016-04-18,-0.0006845072916320831,FUGAX,utilities,2016
2016-04-19,0.0022654958401321416,FUGAX,utilities,2016
2016-04-20,-0.019784884383082905,FUGAX,utilities,2016
2016-04-21,-0.014211179135132212,FUGAX,utilities,2016
2016-04-22,0.009011146851933386,FUGAX,utilities,2016
2016-04-25,0.0019257674121809765,FUGAX,utilities,2016
2016-04-26,0.004892453223663798,FUGAX,utilities,2016
2016-04-27,0.014823412619940614,FUGAX,utilities,2016
2016-04-28,0.00020320737200606957,FUGAX,utilities,2016
2016-04-29,0.007106827070737183,FUGAX,utilities,2016
2016-05-02,0.0011207060824137182,FUGAX,utilities,2016
2016-05-03,-0.0003685146461686684,FUGAX,utilities,2016
2016-05-04,0.01185685558995517,FUGAX,utilities,2016
2016-05-05,-0.002059627555283369,FUGAX,utilities,2016
2016-05-06,-0.0026909474233446683,FUGAX,utilities,2016
2016-05-09,-0.0007068060323461579,FUGAX,utilities,2016
2016-05-10,-0.0033844220479248757,FUGAX,utilities,2016
2016-05-11,0.005803794835268819,FUGAX,utilities,2016
2016-05-12,0.0030597798797326417,FUGAX,utilities,2016
2016-05-13,0.00045300016641971075,FUGAX,utilities,2016
2016-05-16,-0.0031072947036091827,FUGAX,utilities,2016
2016-05-17,-0.005734851964657374,FUGAX,utilities,2016
2016-05-18,-0.01477561925077792,FUGAX,utilities,2016
2016-05-19,0.009593121029141225,FUGAX,utilities,2016
2016-05-20,0.0012793004913075612,FUGAX,utilities,2016
2016-05-23,-0.007251976441479265,FUGAX,utilities,2016
2016-05-24,0.004210535229329669,FUGAX,utilities,2016
2016-05-25,-0.008714816017664438,FUGAX,utilities,2016
2016-05-26,0.007771667228353046,FUGAX,utilities,2016
2016-05-27,0.0011958239776004328,FUGAX,utilities,2016
2016-05-31,0.008139721003513931,FUGAX,utilities,2016
2016-06-01,0.0024218182476128634,FUGAX,utilities,2016
2016-06-02,-0.0004355476886282977,FUGAX,utilities,2016
2016-06-03,0.017014887409941924,FUGAX,utilities,2016
2016-06-06,-0.0016143143575956518,FUGAX,utilities,2016
2016-06-07,-0.0014947975093739976,FUGAX,utilities,2016
2016-06-08,0.0038977333222516416,FUGAX,utilities,2016
2016-06-09,0.005727698187269546,FUGAX,utilities,2016
2016-06-10,-0.003393726805388012,FUGAX,utilities,2016
2016-06-13,0.00038180637133941684,FUGAX,utilities,2016
2016-06-14,0.0027378640619403734,FUGAX,utilities,2016
2016-06-15,-0.006547208029967193,FUGAX,utilities,2016
2016-06-16,0.0029632301279260993,FUGAX,utilities,2016
2016-06-17,0.005974023391563081,FUGAX,utilities,2016
2016-06-20,-0.006107295007259364,FUGAX,utilities,2016
2016-06-21,0.0018924502959742435,FUGAX,utilities,2016
2016-06-22,-0.007133532082512461,FUGAX,utilities,2016
2016-06-23,-0.0015846376826286436,FUGAX,utilities,2016
2016-06-24,0.015160926339984532,FUGAX,utilities,2016
2016-06-27,0.019220775346796802,FUGAX,utilities,2016
2016-06-28,-0.0022475303397527287,FUGAX,utilities,2016
2016-06-29,-0.003584687451841417,FUGAX,utilities,2016
2016-06-30,0.011084864063220772,FUGAX,utilities,2016
2016-07-01,-0.001425327016948572,FUGAX,utilities,2016
2016-07-05,0.0070450824687794105,FUGAX,utilities,2016
2016-07-06,-0.0004027169974618978,FUGAX,utilities,2016
2016-07-07,-0.015226512419256192,FUGAX,utilities,2016
2016-07-08,0.0011422421753229904,FUGAX,utilities,2016
2016-07-11,-0.0011538249964255774,FUGAX,utilities,2016
2016-07-12,-0.012934924511036866,FUGAX,utilities,2016
2016-07-13,0.005981277809951917,FUGAX,utilities,2016
2016-07-14,-0.010213889882071638,FUGAX,utilities,2016
2016-07-15,0.0034089167673729158,FUGAX,utilities,2016
2016-07-18,-0.00031377907912948566,FUGAX,utilities,2016
2016-07-19,-0.00398907272756696,FUGAX,utilities,2016
2016-07-20,-0.007289816018831099,FUGAX,utilities,2016
2016-07-21,0.006249537189502469,FUGAX,utilities,2016
2016-07-22,0.008807265282734402,FUGAX,utilities,2016
2016-07-25,-0.0012134459643906859,FUGAX,utilities,2016
2016-07-26,-0.007313417971974516,FUGAX,utilities,2016
2016-07-27,-0.011556043350330305,FUGAX,utilities,2016
2016-07-28,0.0023964403545779314,FUGAX,utilities,2016
2016-07-29,0.003582804219630209,FUGAX,utilities,2016
2016-08-01,-0.0023108238923553346,FUGAX,utilities,2016
2016-08-02,-0.002805552802266104,FUGAX,utilities,2016
2016-08-03,-0.003717044708860113,FUGAX,utilities,2016
2016-08-04,-0.00450381527781441,FUGAX,utilities,2016
2016-08-05,-0.018088098545843524,FUGAX,utilities,2016
2016-08-08,-0.0021404297946055117,FUGAX,utilities,2016
2016-08-09,-0.0043112923358162285,FUGAX,utilities,2016
2016-08-10,0.001904124274634066,FUGAX,utilities,2016
2016-08-11,0.0008879740857850472,FUGAX,utilities,2016
2016-08-12,0.0017411078480850804,FUGAX,utilities,2016
2016-08-15,-0.012671665519524603,FUGAX,utilities,2016
2016-08-16,-0.008255488814493357,FUGAX,utilities,2016
2016-08-17,0.011265084501490805,FUGAX,utilities,2016
2016-08-18,0.00977623551903562,FUGAX,utilities,2016
2016-08-19,-0.009457231507849988,FUGAX,utilities,2016
2016-08-22,0.0016629109004411354,FUGAX,utilities,2016
2016-08-23,-0.0036258939582795883,FUGAX,utilities,2016
2016-08-24,0.0011396216888313899,FUGAX,utilities,2016
2016-08-25,-0.00022894925433303013,FUGAX,utilities,2016
2016-08-26,-0.01762763948586278,FUGAX,utilities,2016
2016-08-29,0.0038866336744083777,FUGAX,utilities,2016
2016-08-30,-0.009216266983098399,FUGAX,utilities,2016
2016-08-31,0.003286690828062695,FUGAX,utilities,2016
2016-09-01,-0.004106992324408856,FUGAX,utilities,2016
2016-09-02,0.009167695165586399,FUGAX,utilities,2016
2016-09-06,0.010245239787216556,FUGAX,utilities,2016
2016-09-07,0.0035740500712635255,FUGAX,utilities,2016
2016-09-08,0.005920811381587191,FUGAX,utilities,2016
2016-09-09,-0.02256632405873104,FUGAX,utilities,2016
2016-09-12,0.005988212352071153,FUGAX,utilities,2016
2016-09-13,-0.007778410160834704,FUGAX,utilities,2016
2016-09-14,0.004621698147447237,FUGAX,utilities,2016
2016-09-15,0.0014547789172123168,FUGAX,utilities,2016
2016-09-16,0.009215518116332274,FUGAX,utilities,2016
2016-09-19,0.010679950136868859,FUGAX,utilities,2016
2016-09-20,0.0012372978064218714,FUGAX,utilities,2016
2016-09-21,0.012569357911511805,FUGAX,utilities,2016
2016-09-22,0.002101338179085562,FUGAX,utilities,2016
2016-09-23,-0.0011809007044837633,FUGAX,utilities,2016
2016-09-26,0.0024885024862460513,FUGAX,utilities,2016
2016-09-27,-0.014057957088617928,FUGAX,utilities,2016
2016-09-28,-0.0037844819478939115,FUGAX,utilities,2016
2016-09-29,-0.008925070419348015,FUGAX,utilities,2016
2016-09-30,-0.009407076146852454,FUGAX,utilities,2016
2016-10-03,-0.012552876799707482,FUGAX,utilities,2016
2016-10-04,-0.01892162432193454,FUGAX,utilities,2016
2016-10-05,-0.0027360710623352087,FUGAX,utilities,2016
2016-10-06,-0.0014199567574873537,FUGAX,utilities,2016
2016-10-07,0.0044485117659317334,FUGAX,utilities,2016
2016-10-10,0.0074232244695953496,FUGAX,utilities,2016
2016-10-11,-0.005552092406158155,FUGAX,utilities,2016
2016-10-12,0.0068871737619349985,FUGAX,utilities,2016
2016-10-13,0.01253505878699353,FUGAX,utilities,2016
2016-10-14,-0.004779536841013838,FUGAX,utilities,2016
2016-10-17,0.006757585402002051,FUGAX,utilities,2016
2016-10-18,0.004715738602919493,FUGAX,utilities,2016
2016-10-19,-0.0025097720635243975,FUGAX,utilities,2016
2016-10-20,-0.0011025951302835889,FUGAX,utilities,2016
2016-10-21,-0.004340622968048545,FUGAX,utilities,2016
2016-10-24,5.668980822767528e-05,FUGAX,utilities,2016
2016-10-25,0.004336130283225746,FUGAX,utilities,2016
2016-10-26,0.0012742019904888398,FUGAX,utilities,2016
2016-10-27,-0.0029487691075420833,FUGAX,utilities,2016
2016-10-28,0.004116638370818792,FUGAX,utilities,2016
2016-10-31,0.01660360837525464,FUGAX,utilities,2016
2016-11-01,-0.012747076103185154,FUGAX,utilities,2016
2016-11-02,-0.017936120575835754,FUGAX,utilities,2016
2016-11-03,0.008215364310148236,FUGAX,utilities,2016
2016-11-04,0.0015481713932960122,FUGAX,utilities,2016
2016-11-07,0.004825166857584528,FUGAX,utilities,2016
2016-11-08,0.004482829825181,FUGAX,utilities,2016
2016-11-09,-0.044549241610611,FUGAX,utilities,2016
2016-11-10,-0.024931356876783013,FUGAX,utilities,2016
2016-11-11,-0.0037897579925780705,FUGAX,utilities,2016
2016-11-14,0.000128213861650564,FUGAX,utilities,2016
2016-11-15,0.010775104806906603,FUGAX,utilities,2016
2016-11-16,-0.0035765357226045427,FUGAX,utilities,2016
2016-11-17,7.096425709107995e-05,FUGAX,utilities,2016
2016-11-18,-0.0017795890760686282,FUGAX,utilities,2016
2016-11-21,0.005128228995617655,FUGAX,utilities,2016
2016-11-22,0.003425421911060684,FUGAX,utilities,2016
2016-11-23,-0.0076649913089386155,FUGAX,utilities,2016
2016-11-25,0.008814562655098999,FUGAX,utilities,2016
2016-11-28,0.0185543339459315,FUGAX,utilities,2016
2016-11-29,-0.0017283072999072753,FUGAX,utilities,2016
2016-11-30,-0.02409184891280887,FUGAX,utilities,2016
2016-12-01,-0.006919497516220125,FUGAX,utilities,2016
2016-12-02,0.007101599379279113,FUGAX,utilities,2016
2016-12-05,-0.0012400090062640668,FUGAX,utilities,2016
2016-12-06,-0.004013282926800902,FUGAX,utilities,2016
2016-12-07,0.004326060362565946,FUGAX,utilities,2016
2016-12-08,0.0019188826716290183,FUGAX,utilities,2016
2016-12-09,0.0050218240433399855,FUGAX,utilities,2016
2016-12-12,0.007534773550455034,FUGAX,utilities,2016
2016-12-13,0.006220190328837036,FUGAX,utilities,2016
2016-12-14,-0.01660684173272965,FUGAX,utilities,2016
2016-12-15,0.004197133086821,FUGAX,utilities,2016
2016-12-16,0.01271046519574321,FUGAX,utilities,2016
2016-12-19,0.003995315231551159,FUGAX,utilities,2016
2016-12-20,-0.0035807227677741174,FUGAX,utilities,2016
2016-12-21,-0.002169729985567857,FUGAX,utilities,2016
2016-12-22,0.0022930901777544438,FUGAX,utilities,2016
2016-12-23,-0.0006772078567105521,FUGAX,utilities,2016
2016-12-27,-0.0008614973406666042,FUGAX,utilities,2016
2016-12-28,-0.004915909358096224,FUGAX,utilities,2016
2016-12-29,0.012060801730622735,FUGAX,utilities,2016
2016-12-30,-0.00322491537427179,FUGAX,utilities,2016
2017-01-04,0.004836203186745454,FUGAX,utilities,2017
2017-01-05,-0.0013687735156801865,FUGAX,utilities,2017
2017-01-06,0.005497259098546436,FUGAX,utilities,2017
2017-01-09,-0.010654778814490782,FUGAX,utilities,2017
2017-01-10,-0.0016105814696813518,FUGAX,utilities,2017
2017-01-11,0.008493724662091128,FUGAX,utilities,2017
2017-01-12,-0.0012445084525116899,FUGAX,utilities,2017
2017-01-13,-0.0015062902053013267,FUGAX,utilities,2017
2017-01-17,0.013011667738159047,FUGAX,utilities,2017
2017-01-18,-0.0033917772883870134,FUGAX,utilities,2017
2017-01-19,-0.008555396342706335,FUGAX,utilities,2017
2017-01-20,0.0011848382857080116,FUGAX,utilities,2017
2017-01-23,-0.005464962107857578,FUGAX,utilities,2017
2017-01-24,-5.5028659827938316e-06,FUGAX,utilities,2017
2017-01-25,-0.0006750418384655807,FUGAX,utilities,2017
2017-01-26,-0.00012988216992652305,FUGAX,utilities,2017
2017-01-27,-0.0011353696033584825,FUGAX,utilities,2017
2017-01-30,0.002171170754580679,FUGAX,utilities,2017
2017-01-31,0.015453692075962262,FUGAX,utilities,2017
2017-02-01,-0.013889873550160957,FUGAX,utilities,2017
2017-02-02,0.007859773808553265,FUGAX,utilities,2017
2017-02-03,0.0013486252548158585,FUGAX,utilities,2017
2017-02-06,-0.0029611330924436572,FUGAX,utilities,2017
2017-02-07,0.00031275210944023754,FUGAX,utilities,2017
2017-02-08,0.009876093856588847,FUGAX,utilities,2017
2017-02-09,-0.00900340127006137,FUGAX,utilities,2017
2017-02-10,0.006770038645899279,FUGAX,utilities,2017
2017-02-13,0.002481429697361978,FUGAX,utilities,2017
2017-02-14,-0.006133461641494537,FUGAX,utilities,2017
2017-02-15,-0.0034951768109763868,FUGAX,utilities,2017
2017-02-16,0.007376981581564907,FUGAX,utilities,2017
2017-02-17,0.0017214578985033729,FUGAX,utilities,2017
2017-02-21,0.009029860182592426,FUGAX,utilities,2017
2017-02-22,0.0005636362357606499,FUGAX,utilities,2017
2017-02-23,0.007869188206364498,FUGAX,utilities,2017
2017-02-24,0.01239152168534128,FUGAX,utilities,2017
2017-02-27,-0.00633301579127933,FUGAX,utilities,2017
2017-02-28,0.00836843382594441,FUGAX,utilities,2017
2017-03-01,-0.01180579609391107,FUGAX,utilities,2017
2017-03-02,0.007245257004038521,FUGAX,utilities,2017
2017-03-03,-0.0024341152896943724,FUGAX,utilities,2017
2017-03-06,-0.002094010715804722,FUGAX,utilities,2017
2017-03-07,8.15185895207627e-05,FUGAX,utilities,2017
2017-03-08,-0.012971194192545284,FUGAX,utilities,2017
2017-03-09,-0.0019194137582031383,FUGAX,utilities,2017
2017-03-10,0.007001012999883094,FUGAX,utilities,2017
2017-03-13,-0.0005887533450510732,FUGAX,utilities,2017
2017-03-14,-0.0018650701266074363,FUGAX,utilities,2017
2017-03-15,0.014954365757191362,FUGAX,utilities,2017
2017-03-16,-0.008856413263367667,FUGAX,utilities,2017
2017-03-17,0.005892431848315356,FUGAX,utilities,2017
2017-03-20,-0.006615062691890841,FUGAX,utilities,2017
2017-03-21,0.013902840530974342,FUGAX,utilities,2017
2017-03-22,0.0013818820070500791,FUGAX,utilities,2017
2017-03-23,-0.0022763113071462976,FUGAX,utilities,2017
2017-03-24,0.0044505618123615335,FUGAX,utilities,2017
2017-03-27,-0.005504332219293204,FUGAX,utilities,2017
2017-03-28,-0.0011542635030234124,FUGAX,utilities,2017
2017-03-29,-0.002153226350835836,FUGAX,utilities,2017
2017-03-30,-0.008578692358907281,FUGAX,utilities,2017
2017-03-31,0.003874173524674709,FUGAX,utilities,2017
2017-04-03,-0.0017301928589591904,FUGAX,utilities,2017
2017-04-04,0.005884082156397959,FUGAX,utilities,2017
2017-04-05,0.003675876907252985,FUGAX,utilities,2017
2017-04-06,-0.001988146412715674,FUGAX,utilities,2017
2017-04-07,-0.005157284636583237,FUGAX,utilities,2017
2017-04-10,0.0033482553263938417,FUGAX,utilities,2017
2017-04-11,-0.0008049784923676738,FUGAX,utilities,2017
2017-04-12,0.007323344123299365,FUGAX,utilities,2017
2017-04-13,-0.0035130985189059764,FUGAX,utilities,2017
2017-04-17,0.0023180125596979776,FUGAX,utilities,2017
2017-04-18,0.0029415006625750427,FUGAX,utilities,2017
2017-04-19,-0.007724338106274869,FUGAX,utilities,2017
2017-04-20,-0.005359749177299134,FUGAX,utilities,2017
2017-04-21,0.00517888303420508,FUGAX,utilities,2017
2017-04-24,0.0016735007558211835,FUGAX,utilities,2017
2017-04-25,-0.0028739963269347425,FUGAX,utilities,2017
2017-04-26,-0.0016779315697816224,FUGAX,utilities,2017
2017-04-27,0.002523053897433819,FUGAX,utilities,2017
2017-04-28,-0.0037059431026267788,FUGAX,utilities,2017
2017-05-01,-0.008682636805321504,FUGAX,utilities,2017
2017-05-02,0.0001683388123219394,FUGAX,utilities,2017
2017-05-03,-0.006909438821295755,FUGAX,utilities,2017
2017-05-04,-0.00042482437796533093,FUGAX,utilities,2017
2017-05-05,0.004907306283978039,FUGAX,utilities,2017
2017-05-08,-0.0011087769403135977,FUGAX,utilities,2017
2017-05-09,-0.009520014906513049,FUGAX,utilities,2017
2017-05-10,0.0033863318401295213,FUGAX,utilities,2017
2017-05-11,-0.00019631948480598662,FUGAX,utilities,2017
2017-05-12,0.00439507575791643,FUGAX,utilities,2017
2017-05-15,0.0018869070253260973,FUGAX,utilities,2017
2017-05-16,-0.006983392481801844,FUGAX,utilities,2017
2017-05-17,0.004813296046164985,FUGAX,utilities,2017
2017-05-18,0.0008962892847887618,FUGAX,utilities,2017
2017-05-19,0.004119289228979026,FUGAX,utilities,2017
2017-05-22,0.005931450917999867,FUGAX,utilities,2017
2017-05-23,0.0017467290806602968,FUGAX,utilities,2017
2017-05-24,0.007722718294648478,FUGAX,utilities,2017
2017-05-25,0.0051655138079135295,FUGAX,utilities,2017
2017-05-26,-0.00037809565884779203,FUGAX,utilities,2017
2017-05-30,0.0019093079416031347,FUGAX,utilities,2017
2017-05-31,0.003460420521462576,FUGAX,utilities,2017
2017-06-01,0.00517607396362272,FUGAX,utilities,2017
2017-06-02,-4.9669433934571234e-05,FUGAX,utilities,2017
2017-06-05,-0.005026995698749133,FUGAX,utilities,2017
2017-06-06,0.0011969844700385967,FUGAX,utilities,2017
2017-06-07,-0.00029782669846896914,FUGAX,utilities,2017
2017-06-08,-0.007474690221503474,FUGAX,utilities,2017
2017-06-09,-0.0006837875993800958,FUGAX,utilities,2017
2017-06-12,-0.0024611875864396183,FUGAX,utilities,2017
2017-06-13,0.0015914516048634603,FUGAX,utilities,2017
2017-06-14,0.0034020795367442703,FUGAX,utilities,2017
2017-06-15,0.005311762017486226,FUGAX,utilities,2017
2017-06-16,0.007056031413505286,FUGAX,utilities,2017
2017-06-19,-0.006655488208996271,FUGAX,utilities,2017
2017-06-20,-0.0004970524586010261,FUGAX,utilities,2017
2017-06-21,-0.007570503352038934,FUGAX,utilities,2017
2017-06-22,0.0017680997773262441,FUGAX,utilities,2017
2017-06-23,-0.000447902954184674,FUGAX,utilities,2017
2017-06-26,0.008328216602244837,FUGAX,utilities,2017
2017-06-27,-0.008645745857406007,FUGAX,utilities,2017
2017-06-28,-0.01068577530517347,FUGAX,utilities,2017
2017-06-29,-0.005144224505057096,FUGAX,utilities,2017
2017-06-30,-0.0009912573706128474,FUGAX,utilities,2017
2017-07-03,-0.004096053600755959,FUGAX,utilities,2017
2017-07-05,-0.0060465594960666955,FUGAX,utilities,2017
2017-07-06,0.00014773277472074006,FUGAX,utilities,2017
2017-07-07,-0.0020050405740887735,FUGAX,utilities,2017
2017-07-10,0.0010123581071341697,FUGAX,utilities,2017
2017-07-11,-0.00021951311993721178,FUGAX,utilities,2017
2017-07-12,0.011823850642483697,FUGAX,utilities,2017
2017-07-13,-0.0016334831516615252,FUGAX,utilities,2017
2017-07-14,0.005848438524545656,FUGAX,utilities,2017
2017-07-17,0.0006343335296334664,FUGAX,utilities,2017
2017-07-18,0.0028593383694741708,FUGAX,utilities,2017
2017-07-19,0.0034677219578297044,FUGAX,utilities,2017
2017-07-20,0.0066206361290196,FUGAX,utilities,2017
2017-07-21,0.00696450772836842,FUGAX,utilities,2017
2017-07-24,-0.004756251630262675,FUGAX,utilities,2017
2017-07-25,-0.003871702484105957,FUGAX,utilities,2017
2017-07-26,0.006349127597119642,FUGAX,utilities,2017
2017-07-27,-0.00016417030165784274,FUGAX,utilities,2017
2017-07-28,0.0005831529602585094,FUGAX,utilities,2017
2017-07-31,0.0034409730651358008,FUGAX,utilities,2017
2017-08-01,0.004616965956045592,FUGAX,utilities,2017
2017-08-02,-0.00024854907558725107,FUGAX,utilities,2017
2017-08-03,0.0031430551758058157,FUGAX,utilities,2017
2017-08-04,-0.000312475640458272,FUGAX,utilities,2017
2017-08-07,0.00034244944954964305,FUGAX,utilities,2017
2017-08-08,0.0026169914739559976,FUGAX,utilities,2017
2017-08-09,-0.005735853168331475,FUGAX,utilities,2017
2017-08-10,0.003405297090652962,FUGAX,utilities,2017
2017-08-11,-0.003879456787880835,FUGAX,utilities,2017
2017-08-14,0.005327595248737086,FUGAX,utilities,2017
2017-08-15,0.0029145629301015304,FUGAX,utilities,2017
2017-08-16,0.0030125236071158793,FUGAX,utilities,2017
2017-08-17,-0.006034922444298505,FUGAX,utilities,2017
2017-08-18,0.007677252440969162,FUGAX,utilities,2017
2017-08-21,0.003952400262882603,FUGAX,utilities,2017
2017-08-22,8.124447477759773e-05,FUGAX,utilities,2017
2017-08-23,0.002587366947701268,FUGAX,utilities,2017
2017-08-24,-7.645199873465293e-05,FUGAX,utilities,2017
2017-08-25,-0.0014580542612487395,FUGAX,utilities,2017
2017-08-28,0.0024926412678583365,FUGAX,utilities,2017
2017-08-29,-0.001756688619346451,FUGAX,utilities,2017
2017-08-30,-0.006739032816628949,FUGAX,utilities,2017
2017-08-31,0.0010607461734598086,FUGAX,utilities,2017
2017-09-01,-0.0021661555853907687,FUGAX,utilities,2017
2017-09-05,-0.0002779823410367201,FUGAX,utilities,2017
2017-09-06,-0.007355379785910769,FUGAX,utilities,2017
2017-09-07,0.005867383207977252,FUGAX,utilities,2017
2017-09-08,0.0012201877633608567,FUGAX,utilities,2017
2017-09-11,0.005902070220774974,FUGAX,utilities,2017
2017-09-12,-0.015713590833004693,FUGAX,utilities,2017
2017-09-13,-0.0058479311000151106,FUGAX,utilities,2017
2017-09-14,0.007927898040859083,FUGAX,utilities,2017
2017-09-15,0.0014594654114393393,FUGAX,utilities,2017
2017-09-18,-0.009909545934895196,FUGAX,utilities,2017
2017-09-19,-0.0010661960729258456,FUGAX,utilities,2017
2017-09-20,-0.007155327750262853,FUGAX,utilities,2017
2017-09-21,2.1127234141281575e-05,FUGAX,utilities,2017
2017-09-22,-0.00449206985703376,FUGAX,utilities,2017
2017-09-25,0.005845889722076553,FUGAX,utilities,2017
2017-09-26,-0.000950007697705595,FUGAX,utilities,2017
2017-09-27,-0.012227193980964425,FUGAX,utilities,2017
2017-09-28,0.0035724355439371953,FUGAX,utilities,2017
2017-09-29,-0.0011455796688382112,FUGAX,utilities,2017
2017-10-02,0.00028243375652206235,FUGAX,utilities,2017
2017-10-03,-0.0014065550501488155,FUGAX,utilities,2017
2017-10-04,0.006552642764928197,FUGAX,utilities,2017
2017-10-05,-0.005175495751446195,FUGAX,utilities,2017
2017-10-06,-0.0034255262618810398,FUGAX,utilities,2017
2017-10-09,0.0023835105221867376,FUGAX,utilities,2017
2017-10-10,0.006431073610371853,FUGAX,utilities,2017
2017-10-11,0.003717243722563486,FUGAX,utilities,2017
2017-10-12,0.0019737588198907993,FUGAX,utilities,2017
2017-10-13,-0.00998306095846567,FUGAX,utilities,2017
2017-10-16,-0.0028201988683239565,FUGAX,utilities,2017
2017-10-17,0.004326823284932168,FUGAX,utilities,2017
2017-10-18,-0.004359185630308451,FUGAX,utilities,2017
2017-10-19,0.004779417858711709,FUGAX,utilities,2017
2017-10-20,-0.0013080361000711084,FUGAX,utilities,2017
2017-10-23,-0.0009343462134832201,FUGAX,utilities,2017
2017-10-24,0.0006895404459812044,FUGAX,utilities,2017
2017-10-25,-0.0019374750522114805,FUGAX,utilities,2017
2017-10-26,0.0001685812120382471,FUGAX,utilities,2017
2017-10-27,0.00571828798589642,FUGAX,utilities,2017
2017-10-30,-0.00031794944105404896,FUGAX,utilities,2017
2017-10-31,0.0010643892939723896,FUGAX,utilities,2017
2017-11-01,-0.0067133170124737025,FUGAX,utilities,2017
2017-11-02,-0.0018693045918315887,FUGAX,utilities,2017
2017-11-03,0.009434874710739179,FUGAX,utilities,2017
2017-11-06,-0.0008975010815827401,FUGAX,utilities,2017
2017-11-07,0.009535223451875912,FUGAX,utilities,2017
2017-11-08,-0.0025553190375450794,FUGAX,utilities,2017
2017-11-09,-0.001303394138469801,FUGAX,utilities,2017
2017-11-10,-0.0003475809924751081,FUGAX,utilities,2017
2017-11-13,0.011906651666675386,FUGAX,utilities,2017
2017-11-14,0.00951639633195398,FUGAX,utilities,2017
2017-11-15,-0.005924052667111577,FUGAX,utilities,2017
2017-11-16,-0.005188170910846578,FUGAX,utilities,2017
2017-11-17,-0.005321871185946791,FUGAX,utilities,2017
2017-11-20,-0.0041589564607597395,FUGAX,utilities,2017
2017-11-21,-0.0004413910174945236,FUGAX,utilities,2017
2017-11-22,0.0014318980005220507,FUGAX,utilities,2017
2017-11-24,-0.0004805865875961926,FUGAX,utilities,2017
2017-11-27,0.0013139820117468236,FUGAX,utilities,2017
2017-11-28,0.0010461954728015577,FUGAX,utilities,2017
2017-11-29,-0.001216574097954158,FUGAX,utilities,2017
2017-11-30,-0.00015571683831531492,FUGAX,utilities,2017
2017-12-01,-0.001736417342482064,FUGAX,utilities,2017
2017-12-04,-0.009337403990958872,FUGAX,utilities,2017
2017-12-05,-0.009039764980282368,FUGAX,utilities,2017
2017-12-06,0.002757564343376548,FUGAX,utilities,2017
2017-12-07,0.0012213165346401955,FUGAX,utilities,2017
2017-12-08,0.00407768380132379,FUGAX,utilities,2017
2017-12-11,0.00632792592492756,FUGAX,utilities,2017
2017-12-12,-0.015502743269154417,FUGAX,utilities,2017
2017-12-13,-0.0017472961003106519,FUGAX,utilities,2017
2017-12-14,0.0007702389787926908,FUGAX,utilities,2017
2017-12-15,0.0004534506231073628,FUGAX,utilities,2017
2017-12-18,-0.010348591775257418,FUGAX,utilities,2017
2017-12-19,-0.015496792858220068,FUGAX,utilities,2017
2017-12-20,-0.005771141937284163,FUGAX,utilities,2017
2017-12-21,-0.01139405419240318,FUGAX,utilities,2017
2017-12-22,0.0048645546789596525,FUGAX,utilities,2017
2017-12-26,-0.002858026438676935,FUGAX,utilities,2017
2017-12-27,0.0008069897231292154,FUGAX,utilities,2017
2017-12-28,0.005199425507802693,FUGAX,utilities,2017
2017-12-29,0.0024014940011614296,FUGAX,utilities,2017
2018-01-03,-0.008414737580658055,FUGAX,utilities,2018
2018-01-04,-0.00946692521679316,FUGAX,utilities,2018
2018-01-05,-0.00022954943311107772,FUGAX,utilities,2018
2018-01-08,0.0052342367141570145,FUGAX,utilities,2018
2018-01-09,-0.00879755767923948,FUGAX,utilities,2018
2018-01-10,-0.008966183163694163,FUGAX,utilities,2018
2018-01-11,0.0034479721418377023,FUGAX,utilities,2018
2018-01-12,-0.004023796851894309,FUGAX,utilities,2018
2018-01-16,-0.0034606219782991627,FUGAX,utilities,2018
2018-01-17,0.0016307754124880824,FUGAX,utilities,2018
2018-01-18,-0.0022954386720778746,FUGAX,utilities,2018
2018-01-19,-0.0005543437198570194,FUGAX,utilities,2018
2018-01-22,-0.0028200514686051257,FUGAX,utilities,2018
2018-01-23,0.008668860802344847,FUGAX,utilities,2018
2018-01-24,-0.004791783008982868,FUGAX,utilities,2018
2018-01-25,0.011979739055297879,FUGAX,utilities,2018
2018-01-26,0.0018536164902492281,FUGAX,utilities,2018
2018-01-29,-0.010135475770035504,FUGAX,utilities,2018
2018-01-30,-5.436992542019953e-05,FUGAX,utilities,2018
2018-01-31,0.010870120729215803,FUGAX,utilities,2018
2018-02-01,-0.009983057189124117,FUGAX,utilities,2018
2018-02-02,-0.0037849695453731607,FUGAX,utilities,2018
2018-02-05,-0.008670357893601911,FUGAX,utilities,2018
2018-02-06,-0.01784405713327373,FUGAX,utilities,2018
2018-02-07,-0.0025631324806613684,FUGAX,utilities,2018
2018-02-08,-0.009169568419408945,FUGAX,utilities,2018
2018-02-09,0.014197423654350786,FUGAX,utilities,2018
2018-02-12,0.003723060338340671,FUGAX,utilities,2018
2018-02-13,0.0023541184181198617,FUGAX,utilities,2018
2018-02-14,-0.007868020845876598,FUGAX,utilities,2018
2018-02-15,0.016199166483849135,FUGAX,utilities,2018
2018-02-16,0.00549658554065807,FUGAX,utilities,2018
2018-02-20,-0.006378766870197923,FUGAX,utilities,2018
2018-02-21,-0.014676693120083843,FUGAX,utilities,2018
2018-02-22,0.005266942454888596,FUGAX,utilities,2018
2018-02-23,0.019595310440787144,FUGAX,utilities,2018
2018-02-26,-0.00749143634754532,FUGAX,utilities,2018
2018-02-27,-0.01089122889845102,FUGAX,utilities,2018
2018-02-28,-0.004090662414795713,FUGAX,utilities,2018
2018-03-01,0.008090055375819402,FUGAX,utilities,2018
2018-03-02,-0.0025189733364563856,FUGAX,utilities,2018
2018-03-05,0.01421949351069202,FUGAX,utilities,2018
2018-03-06,-0.007228922648352115,FUGAX,utilities,2018
2018-03-07,-0.005576959937871562,FUGAX,utilities,2018
2018-03-08,0.007508873277895232,FUGAX,utilities,2018
2018-03-09,-0.003153976456970229,FUGAX,utilities,2018
2018-03-12,0.0021079509490088784,FUGAX,utilities,2018
2018-03-13,0.005264260120495818,FUGAX,utilities,2018
2018-03-14,0.010018836443788861,FUGAX,utilities,2018
2018-03-15,0.0020219905503395547,FUGAX,utilities,2018
2018-03-16,0.00850832144960492,FUGAX,utilities,2018
2018-03-19,-0.004014099389348178,FUGAX,utilities,2018
2018-03-20,-0.004773327455544605,FUGAX,utilities,2018
2018-03-21,-0.000455828408280391,FUGAX,utilities,2018
2018-03-22,0.011506560636707677,FUGAX,utilities,2018
2018-03-23,-0.006958359485752779,FUGAX,utilities,2018
2018-03-26,0.0018288009530489854,FUGAX,utilities,2018
2018-03-27,0.013626838437076925,FUGAX,utilities,2018
2018-03-28,0.0019536974211893984,FUGAX,utilities,2018
2018-03-29,0.0014046425410984154,FUGAX,utilities,2018
2018-04-02,-0.0015915649836198194,FUGAX,utilities,2018
2018-04-03,0.0003788015080156233,FUGAX,utilities,2018
2018-04-04,-0.003359485727880158,FUGAX,utilities,2018
2018-04-05,0.003038903307442577,FUGAX,utilities,2018
2018-04-06,-0.002678643111322416,FUGAX,utilities,2018
2018-04-09,0.002357413889160988,FUGAX,utilities,2018
2018-04-10,-0.007164154090193772,FUGAX,utilities,2018
2018-04-11,0.0003383519945472284,FUGAX,utilities,2018
2018-04-12,-0.013776159858473165,FUGAX,utilities,2018
2018-04-13,0.006782503919880213,FUGAX,utilities,2018
2018-04-16,0.009474214010494406,FUGAX,utilities,2018
2018-04-17,0.006785021924922888,FUGAX,utilities,2018
2018-04-18,-0.003009360314715352,FUGAX,utilities,2018
2018-04-19,-0.0008841029204428629,FUGAX,utilities,2018
2018-04-20,-0.006285466535305354,FUGAX,utilities,2018
2018-04-23,0.003366612423897091,FUGAX,utilities,2018
2018-04-24,0.008202412682919845,FUGAX,utilities,2018
2018-04-25,-0.0009166470868113715,FUGAX,utilities,2018
2018-04-26,0.004551885308515092,FUGAX,utilities,2018
2018-04-27,0.004938345494855682,FUGAX,utilities,2018
2018-04-30,0.0005311096795532378,FUGAX,utilities,2018
2018-05-01,-0.0026794911227293653,FUGAX,utilities,2018
2018-05-02,-0.0011356663231816364,FUGAX,utilities,2018
2018-05-03,0.00033086069374442566,FUGAX,utilities,2018
2018-05-04,0.003879038348912755,FUGAX,utilities,2018
2018-05-07,-0.002886182883180207,FUGAX,utilities,2018
2018-05-08,-0.022291854074924688,FUGAX,utilities,2018
2018-05-09,-0.0050461592740024454,FUGAX,utilities,2018
2018-05-10,0.010328536051286263,FUGAX,utilities,2018
2018-05-11,0.001562591019321772,FUGAX,utilities,2018
2018-05-14,-0.002913172312125327,FUGAX,utilities,2018
2018-05-15,-0.004102344877048067,FUGAX,utilities,2018
2018-05-16,-0.006550995706224165,FUGAX,utilities,2018
2018-05-17,-0.007567041068546196,FUGAX,utilities,2018
2018-05-18,0.002475127450330332,FUGAX,utilities,2018
2018-05-21,0.0038348456961821075,FUGAX,utilities,2018
2018-05-22,0.003902142259988296,FUGAX,utilities,2018
2018-05-23,0.003699268896808319,FUGAX,utilities,2018
2018-05-24,0.005300176839219498,FUGAX,utilities,2018
2018-05-25,0.005055109889144072,FUGAX,utilities,2018
2018-05-29,0.003481013373813993,FUGAX,utilities,2018
2018-05-30,0.005341250359565499,FUGAX,utilities,2018
2018-05-31,0.002972508658754878,FUGAX,utilities,2018
2018-06-01,-0.01586934460809149,FUGAX,utilities,2018
2018-06-04,-0.008329450027053095,FUGAX,utilities,2018
2018-06-05,-0.002665449716313754,FUGAX,utilities,2018
2018-06-06,-0.018972745370262237,FUGAX,utilities,2018
2018-06-07,0.003699763071312894,FUGAX,utilities,2018
2018-06-08,-0.0024331946468775837,FUGAX,utilities,2018
2018-06-11,-0.0005277302444038165,FUGAX,utilities,2018
2018-06-12,0.009647949195619052,FUGAX,utilities,2018
2018-06-13,-0.0010107794897629275,FUGAX,utilities,2018
2018-06-14,0.006790445271628912,FUGAX,utilities,2018
2018-06-15,0.006012338206360027,FUGAX,utilities,2018
2018-06-18,0.0016055944364900961,FUGAX,utilities,2018
2018-06-19,0.008819277218948983,FUGAX,utilities,2018
2018-06-20,0.0006468467791904474,FUGAX,utilities,2018
2018-06-21,0.0026906876097352087,FUGAX,utilities,2018
2018-06-22,0.0061656407890275464,FUGAX,utilities,2018
2018-06-25,0.01459264845177383,FUGAX,utilities,2018
2018-06-26,0.0026926975676105375,FUGAX,utilities,2018
2018-06-27,0.0055940994457680665,FUGAX,utilities,2018
2018-06-28,-0.0017143022523566035,FUGAX,utilities,2018
2018-06-29,5.3812205981979065e-05,FUGAX,utilities,2018
2018-07-02,0.005235174923965438,FUGAX,utilities,2018
2018-07-03,0.0023646029131879926,FUGAX,utilities,2018
2018-07-05,0.00029903121916890736,FUGAX,utilities,2018
2018-07-06,0.0033366694205187292,FUGAX,utilities,2018
2018-07-09,-0.03007884080004082,FUGAX,utilities,2018
2018-07-10,0.006084501551599034,FUGAX,utilities,2018
2018-07-11,0.006531030036760329,FUGAX,utilities,2018
2018-07-12,-0.00285203948124468,FUGAX,utilities,2018
2018-07-13,-0.0006825431468788295,FUGAX,utilities,2018
2018-07-16,-0.0007477403587032026,FUGAX,utilities,2018
2018-07-17,-0.003057411889988133,FUGAX,utilities,2018
2018-07-18,-0.006855470655748815,FUGAX,utilities,2018
2018-07-19,0.00918196007309783,FUGAX,utilities,2018
2018-07-20,-0.00701045706513454,FUGAX,utilities,2018
2018-07-23,-0.007757122630770326,FUGAX,utilities,2018
2018-07-24,-0.002120778822830024,FUGAX,utilities,2018
2018-07-25,-0.002337845351097725,FUGAX,utilities,2018
2018-07-26,0.011633824965979011,FUGAX,utilities,2018
2018-07-27,-0.0016160916006268526,FUGAX,utilities,2018
2018-07-30,-0.001516828417901947,FUGAX,utilities,2018
2018-07-31,0.006871151362125988,FUGAX,utilities,2018
2018-08-01,-0.003654479860838525,FUGAX,utilities,2018
2018-08-02,0.0028307710835733975,FUGAX,utilities,2018
2018-08-03,0.006048898122569075,FUGAX,utilities,2018
2018-08-06,0.0005407823430825971,FUGAX,utilities,2018
2018-08-07,-0.0046693858399589425,FUGAX,utilities,2018
2018-08-08,-0.003103333723269647,FUGAX,utilities,2018
2018-08-09,0.005723438305794495,FUGAX,utilities,2018
2018-08-10,-0.003162792706393943,FUGAX,utilities,2018
2018-08-13,-0.0007232978730989097,FUGAX,utilities,2018
2018-08-14,0.0008947900802522132,FUGAX,utilities,2018
2018-08-15,0.004945508900158749,FUGAX,utilities,2018
2018-08-16,0.010330530792367097,FUGAX,utilities,2018
2018-08-17,0.003343551773981027,FUGAX,utilities,2018
2018-08-20,-0.002680790825248543,FUGAX,utilities,2018
2018-08-21,-0.00614561815680905,FUGAX,utilities,2018
2018-08-22,-0.006414075288428673,FUGAX,utilities,2018
2018-08-23,-0.001837418231458772,FUGAX,utilities,2018
2018-08-24,0.003170190522717466,FUGAX,utilities,2018
2018-08-27,-0.006198390638179473,FUGAX,utilities,2018
2018-08-28,-0.0002676611893851757,FUGAX,utilities,2018
2018-08-29,0.004304984718680321,FUGAX,utilities,2018
2018-08-30,0.0021943015528062782,FUGAX,utilities,2018
2018-08-31,-0.0047562493437387915,FUGAX,utilities,2018
2018-09-04,0.0032732482749690335,FUGAX,utilities,2018
2018-09-05,0.008545755225188181,FUGAX,utilities,2018
2018-09-06,0.0009110934882340001,FUGAX,utilities,2018
2018-09-07,-0.008047055100651134,FUGAX,utilities,2018
2018-09-10,0.004567959856299383,FUGAX,utilities,2018
2018-09-11,-0.0024563090471352244,FUGAX,utilities,2018
2018-09-12,0.0007346107924613331,FUGAX,utilities,2018
2018-09-13,0.004351749185483681,FUGAX,utilities,2018
2018-09-14,-0.003531318669328863,FUGAX,utilities,2018
2018-09-17,0.003831514725961109,FUGAX,utilities,2018
2018-09-18,-0.0037838323209080362,FUGAX,utilities,2018
2018-09-19,-0.019465826026053946,FUGAX,utilities,2018
2018-09-20,-0.0006636488250391257,FUGAX,utilities,2018
2018-09-21,0.004254052892321187,FUGAX,utilities,2018
2018-09-24,-0.007972673411833808,FUGAX,utilities,2018
2018-09-25,-0.011987546782165126,FUGAX,utilities,2018
2018-09-26,-0.007632311868280141,FUGAX,utilities,2018
2018-09-27,0.008532046986520235,FUGAX,utilities,2018
2018-09-28,0.015351928438641626,FUGAX,utilities,2018
2018-10-01,-0.004703936943875062,FUGAX,utilities,2018
2018-10-02,0.011954119058509424,FUGAX,utilities,2018
2018-10-03,-0.011085977406482957,FUGAX,utilities,2018
2018-10-04,0.006283504060623716,FUGAX,utilities,2018
2018-10-05,0.013274230939839104,FUGAX,utilities,2018
2018-10-08,0.00694641230795101,FUGAX,utilities,2018
2018-10-09,0.003428033431826598,FUGAX,utilities,2018
2018-10-10,0.003332227322828939,FUGAX,utilities,2018
2018-10-11,-0.010679258049511454,FUGAX,utilities,2018
2018-10-12,-0.0029434106694228843,FUGAX,utilities,2018
2018-10-15,0.004592171346984307,FUGAX,utilities,2018
2018-10-16,0.004246340539142376,FUGAX,utilities,2018
2018-10-17,-0.0032285356305704876,FUGAX,utilities,2018
2018-10-18,0.004170415595602904,FUGAX,utilities,2018
2018-10-19,0.012344963725883607,FUGAX,utilities,2018
2018-10-22,-0.010406651294275463,FUGAX,utilities,2018
2018-10-23,-0.004513850257958117,FUGAX,utilities,2018
2018-10-24,0.02218049027650884,FUGAX,utilities,2018
2018-10-25,-0.01715207085121909,FUGAX,utilities,2018
2018-10-26,-0.012000833106517662,FUGAX,utilities,2018
2018-10-29,0.011173217102198561,FUGAX,utilities,2018
2018-10-30,0.00014835383225856452,FUGAX,utilities,2018
2018-10-31,-0.011439736848357172,FUGAX,utilities,2018
2018-11-01,-0.004021346766847985,FUGAX,utilities,2018
2018-11-02,-0.0005850102086352176,FUGAX,utilities,2018
2018-11-05,0.01048757291313978,FUGAX,utilities,2018
2018-11-06,0.002361789033090748,FUGAX,utilities,2018
2018-11-07,0.004880612369844011,FUGAX,utilities,2018
2018-11-08,-0.0028239616367649154,FUGAX,utilities,2018
2018-11-09,-0.005595976137442383,FUGAX,utilities,2018
2018-11-12,-0.001730127966576983,FUGAX,utilities,2018
2018-11-13,0.0020669003175771937,FUGAX,utilities,2018
2018-11-14,-0.013786789307110196,FUGAX,utilities,2018
2018-11-15,-0.017701926568005625,FUGAX,utilities,2018
2018-11-16,0.02024950279622172,FUGAX,utilities,2018
2018-11-19,0.007796565961859153,FUGAX,utilities,2018
2018-11-20,-0.004665474577556059,FUGAX,utilities,2018
2018-11-21,-0.010325598420721937,FUGAX,utilities,2018
2018-11-23,0.0018471059839551465,FUGAX,utilities,2018
2018-11-26,0.0026316077460606666,FUGAX,utilities,2018
2018-11-27,0.0065770616440371365,FUGAX,utilities,2018
2018-11-28,-0.00914806370320957,FUGAX,utilities,2018
2018-11-29,-0.0018491439537077078,FUGAX,utilities,2018
2018-11-30,0.01090205420885619,FUGAX,utilities,2018
2018-12-03,0.006154254911393229,FUGAX,utilities,2018
2018-12-04,0.009347804833468977,FUGAX,utilities,2018
2018-12-06,0.0007065493819277627,FUGAX,utilities,2018
2018-12-07,0.011036094335862022,FUGAX,utilities,2018
2018-12-10,0.0009604965506012397,FUGAX,utilities,2018
2018-12-11,0.0021936313975487653,FUGAX,utilities,2018
2018-12-12,-0.0031266210228871475,FUGAX,utilities,2018
2018-12-13,0.006404024459154899,FUGAX,utilities,2018
2018-12-14,0.006839117752464338,FUGAX,utilities,2018
2018-12-17,-0.025039448123229238,FUGAX,utilities,2018
2018-12-18,-0.008629477102217063,FUGAX,utilities,2018
2018-12-19,0.00431211018155671,FUGAX,utilities,2018
2018-12-20,0.004406240874308542,FUGAX,utilities,2018
2018-12-21,-0.002142226702184076,FUGAX,utilities,2018
2018-12-24,-0.030987552375580374,FUGAX,utilities,2018
2018-12-26,0.00030995561186152043,FUGAX,utilities,2018
2018-12-27,0.0052119008802049335,FUGAX,utilities,2018
2018-12-28,0.002505483360272388,FUGAX,utilities,2018
2018-12-29,-0.0004157548964439898,FUGAX,utilities,2018
2019-01-03,0.007396369453153765,FUGAX,utilities,2019
2019-01-04,0.007161575841063934,FUGAX,utilities,2019
2019-01-07,-0.010384151310673578,FUGAX,utilities,2019
2019-01-08,0.00856585863689423,FUGAX,utilities,2019
2019-01-09,-0.007234826507772046,FUGAX,utilities,2019
2019-01-10,0.011748237525324182,FUGAX,utilities,2019
2019-01-11,-0.0068792007039747355,FUGAX,utilities,2019
2019-01-14,-0.023735295028113307,FUGAX,utilities,2019
2019-01-15,0.0062631575959753195,FUGAX,utilities,2019
2019-01-16,0.0015657311181589157,FUGAX,utilities,2019
2019-01-17,0.0009850344828391164,FUGAX,utilities,2019
2019-01-18,-0.0029538796116194447,FUGAX,utilities,2019
2019-01-22,0.0030614197341723264,FUGAX,utilities,2019
2019-01-23,0.00974308060598154,FUGAX,utilities,2019
2019-01-24,0.0028067367573592003,FUGAX,utilities,2019
2019-01-25,-0.012898053878078172,FUGAX,utilities,2019
2019-01-28,-0.003359769960481538,FUGAX,utilities,2019
2019-01-29,0.0027304514110863833,FUGAX,utilities,2019
2019-01-30,0.00010696036400915151,FUGAX,utilities,2019
2019-01-31,0.014180352372584006,FUGAX,utilities,2019
2019-02-01,-0.0027189607406066735,FUGAX,utilities,2019
2019-02-04,-0.001355684079684285,FUGAX,utilities,2019
2019-02-05,-0.0008020194431479371,FUGAX,utilities,2019
2019-02-06,-0.001806150437621317,FUGAX,utilities,2019
2019-02-07,0.01488272877977374,FUGAX,utilities,2019
2019-02-08,0.002841478718521918,FUGAX,utilities,2019
2019-02-11,-0.0020354977099002083,FUGAX,utilities,2019
2019-02-12,-0.0018629792929840973,FUGAX,utilities,2019
2019-02-13,-0.002209422824130064,FUGAX,utilities,2019
2019-02-14,-0.0004821122149221318,FUGAX,utilities,2019
2019-02-15,0.0007836506678970583,FUGAX,utilities,2019
2019-02-19,0.00500623346021861,FUGAX,utilities,2019
2019-02-20,0.0022022582658771557,FUGAX,utilities,2019
2019-02-21,0.005954198416877851,FUGAX,utilities,2019
2019-02-22,0.0008502614337754424,FUGAX,utilities,2019
2019-02-25,-0.0065590700945191115,FUGAX,utilities,2019
2019-02-26,-0.001611189149187503,FUGAX,utilities,2019
2019-02-27,0.001293953543780152,FUGAX,utilities,2019
2019-02-28,0.0010789232705187418,FUGAX,utilities,2019
2019-03-01,0.0021682895841397313,FUGAX,utilities,2019
2019-03-04,0.0016347992820314686,FUGAX,utilities,2019
2019-03-05,-0.001398077938454589,FUGAX,utilities,2019
2019-03-06,0.0007466911867037128,FUGAX,utilities,2019
2019-03-07,0.005778374345258772,FUGAX,utilities,2019
2019-03-08,0.0027628830486905974,FUGAX,utilities,2019
2019-03-11,0.003457377317827368,FUGAX,utilities,2019
2019-03-12,0.005473755920665473,FUGAX,utilities,2019
2019-03-13,-0.0009816185641539584,FUGAX,utilities,2019
2019-03-14,-0.0015975167728327414,FUGAX,utilities,2019
2019-03-15,0.001490540777714048,FUGAX,utilities,2019
2019-03-18,-0.0035884481872495793,FUGAX,utilities,2019
2019-03-19,-0.011893998683291024,FUGAX,utilities,2019
2019-03-20,0.002405564984476992,FUGAX,utilities,2019
2019-03-21,0.007010704786826923,FUGAX,utilities,2019
2019-03-22,0.009772347870552207,FUGAX,utilities,2019
2019-03-25,-0.0005906143808686139,FUGAX,utilities,2019
2019-03-26,0.0029199725152698587,FUGAX,utilities,2019
2019-03-27,-0.0036459747338276594,FUGAX,utilities,2019
2019-03-28,-0.012620446312467053,FUGAX,utilities,2019
2019-03-29,0.004314845366129906,FUGAX,utilities,2019
2019-04-01,-0.007158319431184194,FUGAX,utilities,2019
2019-04-02,0.000954523781108973,FUGAX,utilities,2019
2019-04-03,-0.00035897480277340035,FUGAX,utilities,2019
2019-04-04,-0.005862225404062505,FUGAX,utilities,2019
2019-04-05,0.007035779928979492,FUGAX,utilities,2019
2019-04-08,-0.006528691420761346,FUGAX,utilities,2019
2019-04-09,0.0004675663305821466,FUGAX,utilities,2019
2019-04-10,-0.002878357517134905,FUGAX,utilities,2019
2019-04-11,0.00443498149068335,FUGAX,utilities,2019
2019-04-12,0.007659441202345737,FUGAX,utilities,2019
2019-04-15,-0.000618896069621019,FUGAX,utilities,2019
2019-04-16,-0.014107032599252606,FUGAX,utilities,2019
2019-04-17,-0.003934935382429011,FUGAX,utilities,2019
2019-04-18,-0.0008052700147862266,FUGAX,utilities,2019
2019-04-22,-0.001753058124455157,FUGAX,utilities,2019
2019-04-23,0.00022230526304344847,FUGAX,utilities,2019
2019-04-24,0.006343492497901131,FUGAX,utilities,2019
2019-04-25,0.0019392238125594736,FUGAX,utilities,2019
2019-04-26,0.0009088461593860001,FUGAX,utilities,2019
2019-04-29,-0.006762820740537096,FUGAX,utilities,2019
2019-04-30,0.012849546089854651,FUGAX,utilities,2019
2019-05-01,-0.009880107495335877,FUGAX,utilities,2019
2019-05-02,-0.0033592541643909864,FUGAX,utilities,2019
2019-05-03,0.0028476886745451074,FUGAX,utilities,2019
2019-05-06,-0.005614188030308129,FUGAX,utilities,2019
2019-05-07,0.0009038180671826919,FUGAX,utilities,2019
2019-05-08,-0.013340893612812713,FUGAX,utilities,2019
2019-05-09,-0.0008627807389702794,FUGAX,utilities,2019
2019-05-10,0.012687965694860998,FUGAX,utilities,2019
2019-05-13,0.014237243379323396,FUGAX,utilities,2019
2019-05-14,-0.009154444959012225,FUGAX,utilities,2019
2019-05-15,-0.0030060653537879517,FUGAX,utilities,2019
2019-05-16,0.002066229234649654,FUGAX,utilities,2019
2019-05-17,0.0037900986242183216,FUGAX,utilities,2019
2019-05-20,0.00351041149340701,FUGAX,utilities,2019
2019-05-21,0.00016783096911507714,FUGAX,utilities,2019
2019-05-22,0.006532540205275802,FUGAX,utilities,2019
2019-05-23,0.007483368627284159,FUGAX,utilities,2019
2019-05-24,-0.004385895121584453,FUGAX,utilities,2019
2019-05-28,-0.013424161724186676,FUGAX,utilities,2019
2019-05-29,-0.010308997378901614,FUGAX,utilities,2019
2019-05-30,-0.0036540580301320136,FUGAX,utilities,2019
2019-05-31,0.007676636877311558,FUGAX,utilities,2019
2019-06-03,0.01136841184347258,FUGAX,utilities,2019
2019-06-04,-0.0025398050436176538,FUGAX,utilities,2019
2019-06-05,0.015664405514185437,FUGAX,utilities,2019
2019-06-06,0.0027839985789017197,FUGAX,utilities,2019
2019-06-07,-0.009616221410759917,FUGAX,utilities,2019
2019-06-10,-0.009512302143219326,FUGAX,utilities,2019
2019-06-11,-0.005504941148996791,FUGAX,utilities,2019
2019-06-12,0.008976863619029135,FUGAX,utilities,2019
2019-06-13,0.0007157926150171425,FUGAX,utilities,2019
2019-06-14,0.007406147927418582,FUGAX,utilities,2019
2019-06-17,-0.0040678992674527525,FUGAX,utilities,2019
2019-06-18,-0.004759932089255715,FUGAX,utilities,2019
2019-06-19,0.007575806767280103,FUGAX,utilities,2019
2019-06-20,0.005503678925128713,FUGAX,utilities,2019
2019-06-21,0.005199199368898987,FUGAX,utilities,2019
2019-06-24,-0.001347997860110592,FUGAX,utilities,2019
2019-06-25,-0.005398352042662572,FUGAX,utilities,2019
2019-06-26,-0.022503531622334552,FUGAX,utilities,2019
2019-06-27,0.001224424576105409,FUGAX,utilities,2019
2019-06-28,0.0060832302113728,FUGAX,utilities,2019
2019-07-01,-0.005885493871400169,FUGAX,utilities,2019
2019-07-02,0.008411792250783805,FUGAX,utilities,2019
2019-07-03,0.0038118104499806336,FUGAX,utilities,2019
2019-07-05,-0.0001473416122534349,FUGAX,utilities,2019
2019-07-08,0.001539689400223794,FUGAX,utilities,2019
2019-07-09,0.0003349932869169277,FUGAX,utilities,2019
2019-07-10,0.00014259252310521884,FUGAX,utilities,2019
2019-07-11,-0.0009405377029365598,FUGAX,utilities,2019
2019-07-12,-0.006540915321062759,FUGAX,utilities,2019
2019-07-15,0.0009345342085413997,FUGAX,utilities,2019
2019-07-16,-0.00659068686279866,FUGAX,utilities,2019
2019-07-17,0.004755125670511929,FUGAX,utilities,2019
2019-07-18,0.00515721709728868,FUGAX,utilities,2019
2019-07-19,-0.01106966167628306,FUGAX,utilities,2019
2019-07-22,-0.003778446976655946,FUGAX,utilities,2019
2019-07-23,-0.0087074135347165,FUGAX,utilities,2019
2019-07-24,-0.0010496353003339762,FUGAX,utilities,2019
2019-07-25,-0.0002529743695842653,FUGAX,utilities,2019
2019-07-26,-0.00010928323453977687,FUGAX,utilities,2019
2019-07-29,0.0016375664949530367,FUGAX,utilities,2019
2019-07-30,-0.005056652596852208,FUGAX,utilities,2019
2019-07-31,0.0023223596494621676,FUGAX,utilities,2019
2019-08-01,0.006973788624322714,FUGAX,utilities,2019
2019-08-02,0.004069490394939072,FUGAX,utilities,2019
2019-08-05,-0.010716456188297719,FUGAX,utilities,2019
2019-08-06,0.008149672096435617,FUGAX,utilities,2019
2019-08-07,-0.0013241941866978559,FUGAX,utilities,2019
2019-08-08,0.005903141552803842,FUGAX,utilities,2019
2019-08-09,-0.0024016717198194625,FUGAX,utilities,2019
2019-08-12,-9.735710489253147e-05,FUGAX,utilities,2019
2019-08-13,-0.002914442504396988,FUGAX,utilities,2019
2019-08-14,-0.00023455569492745847,FUGAX,utilities,2019
2019-08-15,0.008133136034151903,FUGAX,utilities,2019
2019-08-16,0.0029628950662587868,FUGAX,utilities,2019
2019-08-19,0.0009594309796108202,FUGAX,utilities,2019
2019-08-20,-0.0014802272786318769,FUGAX,utilities,2019
2019-08-21,0.0040455066916401,FUGAX,utilities,2019
2019-08-22,-0.00010200804535567706,FUGAX,utilities,2019
2019-08-23,-0.003762419457294916,FUGAX,utilities,2019
2019-08-26,0.007815815232915071,FUGAX,utilities,2019
2019-08-27,0.0004262235258207393,FUGAX,utilities,2019
2019-08-28,-0.003348642660630648,FUGAX,utilities,2019
2019-08-29,0.0028388776120147237,FUGAX,utilities,2019
2019-08-30,0.002687589085410291,FUGAX,utilities,2019
2019-09-03,0.015044588815247527,FUGAX,utilities,2019
2019-09-04,-0.0010920924113029615,FUGAX,utilities,2019
2019-09-05,-0.011460212880371252,FUGAX,utilities,2019
2019-09-06,-0.0031635873221901273,FUGAX,utilities,2019
2019-09-09,-0.002782539992703086,FUGAX,utilities,2019
2019-09-10,0.005323097049422457,FUGAX,utilities,2019
2019-09-11,0.00959376272073827,FUGAX,utilities,2019
2019-09-12,-0.002494898828471887,FUGAX,utilities,2019
2019-09-13,-0.005062165114251124,FUGAX,utilities,2019
2019-09-16,0.001666754460412255,FUGAX,utilities,2019
2019-09-17,0.004370586026028593,FUGAX,utilities,2019
2019-09-18,0.003464144931560588,FUGAX,utilities,2019
2019-09-19,0.0033612064977066236,FUGAX,utilities,2019
2019-09-20,0.004524863564477649,FUGAX,utilities,2019
2019-09-23,0.001623401604727973,FUGAX,utilities,2019
2019-09-24,0.009010007166953124,FUGAX,utilities,2019
2019-09-25,-0.0023772618544015277,FUGAX,utilities,2019
2019-09-26,0.002771819167805338,FUGAX,utilities,2019
2019-09-27,-0.001417018957493999,FUGAX,utilities,2019
2019-09-30,-0.0008089936484755916,FUGAX,utilities,2019
2019-10-01,-0.001980152254450009,FUGAX,utilities,2019
2019-10-02,-0.007198450578679976,FUGAX,utilities,2019
2019-10-03,-0.0007299367909942532,FUGAX,utilities,2019
2019-10-04,0.0099762520842068,FUGAX,utilities,2019
2019-10-07,-0.003507037806111918,FUGAX,utilities,2019
2019-10-08,-0.004072723626322987,FUGAX,utilities,2019
2019-10-09,-0.0008574526157854485,FUGAX,utilities,2019
2019-10-10,-0.0032335933268989618,FUGAX,utilities,2019
2019-10-11,-0.004961401664293949,FUGAX,utilities,2019
2019-10-14,-0.006632933801147965,FUGAX,utilities,2019
2019-10-15,-0.0051197467484419695,FUGAX,utilities,2019
2019-10-16,-0.0008895925834443736,FUGAX,utilities,2019
2019-10-17,0.0009372169332930451,FUGAX,utilities,2019
2019-10-18,0.004729874371040732,FUGAX,utilities,2019
2019-10-21,0.0005967391940052999,FUGAX,utilities,2019
2019-10-22,0.006117484716914138,FUGAX,utilities,2019
2019-10-23,0.004426160398608865,FUGAX,utilities,2019
2019-10-24,0.0010128943968420415,FUGAX,utilities,2019
2019-10-25,-0.016900761676305075,FUGAX,utilities,2019
2019-10-28,-0.016440115018933308,FUGAX,utilities,2019
2019-10-29,0.0034741431975530788,FUGAX,utilities,2019
2019-10-30,0.004480906126337017,FUGAX,utilities,2019
2019-10-31,0.0021115957496530523,FUGAX,utilities,2019
2019-11-01,0.0009975504648708135,FUGAX,utilities,2019
2019-11-04,-0.00942882801366264,FUGAX,utilities,2019
2019-11-05,-0.009350707690559693,FUGAX,utilities,2019
2019-11-06,-0.0008784037138148423,FUGAX,utilities,2019
2019-11-07,-0.0076070660381402505,FUGAX,utilities,2019
2019-11-08,-0.0024918054888581572,FUGAX,utilities,2019
2019-11-11,-0.007141175458473577,FUGAX,utilities,2019
2019-11-12,0.002775556935940811,FUGAX,utilities,2019
2019-11-13,0.01028323846027524,FUGAX,utilities,2019
2019-11-14,0.002325262156123259,FUGAX,utilities,2019
2019-11-15,-0.00040911176368598704,FUGAX,utilities,2019
2019-11-18,0.0013433070750508017,FUGAX,utilities,2019
2019-11-19,-0.0036826656693541788,FUGAX,utilities,2019
2019-11-20,0.00692609664355964,FUGAX,utilities,2019
2019-11-21,-0.005032679163741834,FUGAX,utilities,2019
2019-11-22,0.000873339370315509,FUGAX,utilities,2019
2019-11-25,-0.005927778403505909,FUGAX,utilities,2019
2019-11-26,-0.000627898289697431,FUGAX,utilities,2019
2019-11-27,0.0013584818158383595,FUGAX,utilities,2019
2019-11-29,-0.0008181393930863143,FUGAX,utilities,2019
2019-12-02,-0.003170164283614915,FUGAX,utilities,2019
2019-12-03,0.005497333314670186,FUGAX,utilities,2019
2019-12-04,-0.000374567117740482,FUGAX,utilities,2019
2019-12-05,-0.0010756013778466633,FUGAX,utilities,2019
2019-12-06,-0.006068103375506518,FUGAX,utilities,2019
2019-12-09,-0.003682147529256033,FUGAX,utilities,2019
2019-12-10,-0.00015446664863707712,FUGAX,utilities,2019
2019-12-11,0.00158559306921819,FUGAX,utilities,2019
2019-12-12,-0.006810286385712381,FUGAX,utilities,2019
2019-12-13,0.007083421329775785,FUGAX,utilities,2019
2019-12-16,0.010978453229295224,FUGAX,utilities,2019
2019-12-17,-0.0014549839222082507,FUGAX,utilities,2019
2019-12-18,0.004750120030195536,FUGAX,utilities,2019
2019-12-19,-0.002095130197232321,FUGAX,utilities,2019
2019-12-20,0.005119237578647701,FUGAX,utilities,2019
2019-12-23,-0.008366645014819648,FUGAX,utilities,2019
2019-12-24,-0.0002199388319453553,FUGAX,utilities,2019
2019-12-26,-0.0007041223371845613,FUGAX,utilities,2019
2019-12-27,0.0010550180408283826,FUGAX,utilities,2019
2019-12-30,0.001532418406721018,FUGAX,utilities,2019
2020-01-06,-0.0005741064236924865,FUGAX,utilities,2020
2020-01-07,0.003151591794526381,FUGAX,utilities,2020
2020-01-08,-0.00449359263186173,FUGAX,utilities,2020
2020-01-09,-0.0026910143008041097,FUGAX,utilities,2020
2020-01-10,0.004701242879121257,FUGAX,utilities,2020
2020-01-13,-0.0016212830469116658,FUGAX,utilities,2020
2020-01-14,0.004503493595705658,FUGAX,utilities,2020
2020-01-15,0.013306945634876674,FUGAX,utilities,2020
2020-01-16,-0.0020252382028911947,FUGAX,utilities,2020
2020-01-17,0.004651183432881329,FUGAX,utilities,2020
2020-01-21,0.008874610806037297,FUGAX,utilities,2020
2020-01-22,-0.0006555772383318013,FUGAX,utilities,2020
2020-01-23,0.008828448487442339,FUGAX,utilities,2020
2020-01-24,0.008758743443634361,FUGAX,utilities,2020
2020-01-27,0.01034214232358079,FUGAX,utilities,2020
2020-01-28,-0.0037590236738298975,FUGAX,utilities,2020
2020-01-29,0.005105994552479237,FUGAX,utilities,2020
2020-01-30,0.004625797346781758,FUGAX,utilities,2020
2020-01-31,0.013960514673953577,FUGAX,utilities,2020
2020-02-03,-0.0007469048642545746,FUGAX,utilities,2020
2020-02-04,-0.025136081717744847,FUGAX,utilities,2020
2020-02-05,-0.006579797423355189,FUGAX,utilities,2020
2020-02-06,-0.003083218049976474,FUGAX,utilities,2020
2020-02-07,0.004034863056802257,FUGAX,utilities,2020
2020-02-10,-0.004424604050177175,FUGAX,utilities,2020
2020-02-11,0.00585587728085317,FUGAX,utilities,2020
2020-02-12,-0.005361977582256211,FUGAX,utilities,2020
2020-02-13,0.009472222797381408,FUGAX,utilities,2020
2020-02-14,0.005053444336548674,FUGAX,utilities,2020
2020-02-18,0.010344530821404652,FUGAX,utilities,2020
2020-02-19,-0.011318770042924944,FUGAX,utilities,2020
2020-02-20,0.00723071971940193,FUGAX,utilities,2020
2020-02-21,0.008563658922388563,FUGAX,utilities,2020
2020-02-24,0.02100434083944861,FUGAX,utilities,2020
2020-02-25,0.007088062508092678,FUGAX,utilities,2020
2020-02-26,-0.007924407706262866,FUGAX,utilities,2020
2020-02-27,0.00539348276939202,FUGAX,utilities,2020
2020-02-28,-0.029720322044137687,FUGAX,utilities,2020
2020-03-02,0.00784336645876782,FUGAX,utilities,2020
2020-03-03,0.01447300417299392,FUGAX,utilities,2020
2020-03-04,0.00950182030077621,FUGAX,utilities,2020
2020-03-05,0.014507631033867829,FUGAX,utilities,2020
2020-03-06,0.005368024748526568,FUGAX,utilities,2020
2020-03-09,0.007863277382442385,FUGAX,utilities,2020
2020-03-10,-0.029811804485154327,FUGAX,utilities,2020
2020-03-11,-0.006111690489877072,FUGAX,utilities,2020
2020-03-12,-0.015716793049434116,FUGAX,utilities,2020
2020-03-13,-0.03458664228483801,FUGAX,utilities,2020
2020-03-16,-0.01956560775471955,FUGAX,utilities,2020
2020-03-17,0.08031758626009344,FUGAX,utilities,2020
2020-03-18,0.004114648768813178,FUGAX,utilities,2020
2020-03-19,-0.038864160120018226,FUGAX,utilities,2020
2020-03-20,-0.013725159329581717,FUGAX,utilities,2020
2020-03-23,-0.027548769452695344,FUGAX,utilities,2020
2020-03-24,0.020494502726783326,FUGAX,utilities,2020
2020-03-25,0.01628011505790912,FUGAX,utilities,2020
2020-03-26,0.024323632318894554,FUGAX,utilities,2020
2020-03-27,0.0250861340389925,FUGAX,utilities,2020
2020-03-30,-0.0019979764041186086,FUGAX,utilities,2020
2020-03-31,-0.02544355140198094,FUGAX,utilities,2020
2020-04-01,-0.016208047589858346,FUGAX,utilities,2020
2020-04-02,0.0033902953629937754,FUGAX,utilities,2020
2020-04-03,-0.020734910403423158,FUGAX,utilities,2020
2020-04-06,0.016566458129854564,FUGAX,utilities,2020
2020-04-07,-0.008675528114131633,FUGAX,utilities,2020
2020-04-08,0.025194012741712957,FUGAX,utilities,2020
2020-04-09,0.027891186075480422,FUGAX,utilities,2020
2020-04-13,-0.02127235592908232,FUGAX,utilities,2020
2020-04-14,-0.006260580185810261,FUGAX,utilities,2020
2020-04-15,-0.016224091587203934,FUGAX,utilities,2020
2020-04-16,-0.006342090582836587,FUGAX,utilities,2020
2020-04-17,0.010104014703821763,FUGAX,utilities,2020
2020-04-20,-0.015107792943307816,FUGAX,utilities,2020
2020-04-21,0.011749357001402512,FUGAX,utilities,2020
2020-04-22,0.008982498389575929,FUGAX,utilities,2020
2020-04-23,-0.01462555447146819,FUGAX,utilities,2020
2020-04-24,-0.005218191808212707,FUGAX,utilities,2020
2020-04-27,0.003132584491133064,FUGAX,utilities,2020
2020-04-28,0.009634845174705031,FUGAX,utilities,2020
2020-04-29,-0.029917914136852533,FUGAX,utilities,2020
2020-04-30,-0.012860295750019627,FUGAX,utilities,2020
2020-05-01,0.0008752464046397658,FUGAX,utilities,2020
2020-05-04,0.004534183965779426,FUGAX,utilities,2020
2020-05-05,0.0024989562963953736,FUGAX,utilities,2020
2020-05-06,-0.02069003096667472,FUGAX,utilities,2020
2020-05-07,-0.00481495557844278,FUGAX,utilities,2020
2020-05-08,0.010142214171191842,FUGAX,utilities,2020
2020-05-11,-0.005142411655598495,FUGAX,utilities,2020
2020-05-12,0.012424198243241905,FUGAX,utilities,2020
2020-05-13,0.006921569265035463,FUGAX,utilities,2020
2020-05-14,0.0005638394496477964,FUGAX,utilities,2020
2020-05-15,-0.01738310717965348,FUGAX,utilities,2020
2020-05-18,0.013512852017406585,FUGAX,utilities,2020
2020-05-19,-0.002969826065904072,FUGAX,utilities,2020
2020-05-20,-0.012791163717417509,FUGAX,utilities,2020
2020-05-21,-0.0020469089694462603,FUGAX,utilities,2020
2020-05-22,0.010846215507077095,FUGAX,utilities,2020
2020-05-26,-0.005343103750398555,FUGAX,utilities,2020
2020-05-27,-0.004221687982130445,FUGAX,utilities,2020
2020-05-28,0.027799914060864638,FUGAX,utilities,2020
2020-05-29,-0.0032486661059459485,FUGAX,utilities,2020
2020-06-01,0.011324443796441836,FUGAX,utilities,2020
2020-06-02,-0.002263933329929123,FUGAX,utilities,2020
2020-06-03,-0.0002865536966894285,FUGAX,utilities,2020
2020-06-04,-0.013303991106282956,FUGAX,utilities,2020
2020-06-05,-0.007846292106387615,FUGAX,utilities,2020
2020-06-08,0.01829520767827575,FUGAX,utilities,2020
2020-06-09,-0.01688781803201597,FUGAX,utilities,2020
2020-06-10,-0.0010414049418193102,FUGAX,utilities,2020
2020-06-11,0.013921572366352788,FUGAX,utilities,2020
2020-06-12,-0.012187478684989917,FUGAX,utilities,2020
2020-06-15,-0.00014482460753108446,FUGAX,utilities,2020
2020-06-16,-0.00925734531298659,FUGAX,utilities,2020
2020-06-17,-0.00012177325109130784,FUGAX,utilities,2020
2020-06-18,0.00021334160649241047,FUGAX,utilities,2020
2020-06-19,-0.023665025447607114,FUGAX,utilities,2020
2020-06-22,0.008409940401178807,FUGAX,utilities,2020
2020-06-23,-0.015469820092133522,FUGAX,utilities,2020
2020-06-24,0.01555654052452797,FUGAX,utilities,2020
2020-06-25,-0.01951667676224561,FUGAX,utilities,2020
2020-06-26,0.010091487972123074,FUGAX,utilities,2020
2020-06-29,0.0068233239161800616,FUGAX,utilities,2020
2020-06-30,-0.009952086095710834,FUGAX,utilities,2020
2020-07-01,0.0110323277270723,FUGAX,utilities,2020
2020-07-02,0.000430987453113681,FUGAX,utilities,2020
2020-07-06,-0.028789943151545684,FUGAX,utilities,2020
2020-07-07,0.004232936786113709,FUGAX,utilities,2020
2020-07-08,0.001774735658967636,FUGAX,utilities,2020
2020-07-09,-0.008925261023375458,FUGAX,utilities,2020
2020-07-10,0.009591579023971728,FUGAX,utilities,2020
2020-07-13,0.010383303605399137,FUGAX,utilities,2020
2020-07-14,-0.001015482035851955,FUGAX,utilities,2020
2020-07-15,-0.011036714419151227,FUGAX,utilities,2020
2020-07-16,0.013655292350740998,FUGAX,utilities,2020
2020-07-17,0.019241870010850957,FUGAX,utilities,2020
2020-07-20,-0.023496552335384693,FUGAX,utilities,2020
2020-07-21,0.0004305269922955451,FUGAX,utilities,2020
2020-07-22,0.002749323013585544,FUGAX,utilities,2020
2020-07-23,0.014968660119142264,FUGAX,utilities,2020
2020-07-24,0.0019034358845624105,FUGAX,utilities,2020
2020-07-27,-0.02054848578345113,FUGAX,utilities,2020
2020-07-28,0.019988249744576435,FUGAX,utilities,2020
2020-07-29,-0.007907375568710847,FUGAX,utilities,2020
2020-07-30,0.004214576767447271,FUGAX,utilities,2020
2020-07-31,-0.004780441097757857,FUGAX,utilities,2020
2020-08-03,-0.018171491681353298,FUGAX,utilities,2020
2020-08-04,0.0006523974632373286,FUGAX,utilities,2020
2020-08-05,-0.01915678837949414,FUGAX,utilities,2020
2020-08-06,0.007161248350448303,FUGAX,utilities,2020
2020-08-07,0.016313140156948437,FUGAX,utilities,2020
2020-08-10,-0.0014520732273598843,FUGAX,utilities,2020
2020-08-11,-0.008812175393673285,FUGAX,utilities,2020
2020-08-12,-0.001667063758128912,FUGAX,utilities,2020
2020-08-13,0.002107829243840125,FUGAX,utilities,2020
2020-08-14,-0.00820755380932747,FUGAX,utilities,2020
2020-08-17,-0.007205295900815099,FUGAX,utilities,2020
2020-08-18,-0.004220230053121863,FUGAX,utilities,2020
2020-08-19,0.0015128065464297914,FUGAX,utilities,2020
2020-08-20,-0.013490039250975257,FUGAX,utilities,2020
2020-08-21,-0.0019817193178139347,FUGAX,utilities,2020
2020-08-24,5.82725532648036e-05,FUGAX,utilities,2020
2020-08-25,-0.010898627960918518,FUGAX,utilities,2020
2020-08-26,-0.02158140996907331,FUGAX,utilities,2020
2020-08-27,0.005835502562711457,FUGAX,utilities,2020
2020-08-28,-0.003919711889169177,FUGAX,utilities,2020
2020-08-31,0.0072866407105811395,FUGAX,utilities,2020
2020-09-01,-0.019625392992031542,FUGAX,utilities,2020
2020-09-02,0.011638297321038897,FUGAX,utilities,2020
2020-09-03,0.02226195519726463,FUGAX,utilities,2020
2020-09-04,0.0005230775327089016,FUGAX,utilities,2020
2020-09-08,0.0208540245024787,FUGAX,utilities,2020
2020-09-09,-0.008533440972119536,FUGAX,utilities,2020
2020-09-10,0.0017405094443465885,FUGAX,utilities,2020
2020-09-11,0.005545105597197285,FUGAX,utilities,2020
2020-09-14,0.002535873700120119,FUGAX,utilities,2020
2020-09-15,-0.002506044386876291,FUGAX,utilities,2020
2020-09-16,0.008621417058489652,FUGAX,utilities,2020
2020-09-17,0.004191822251633539,FUGAX,utilities,2020
2020-09-18,-0.0027686669518749013,FUGAX,utilities,2020
2020-09-21,0.0030545698525702263,FUGAX,utilities,2020
2020-09-22,-0.002865602887038709,FUGAX,utilities,2020
2020-09-23,0.005395281850347284,FUGAX,utilities,2020
2020-09-24,0.010019783654012375,FUGAX,utilities,2020
2020-09-25,-0.0024232956216743325,FUGAX,utilities,2020
2020-09-28,-0.016546183257769694,FUGAX,utilities,2020
2020-09-29,0.007128651177194625,FUGAX,utilities,2020
2020-09-30,0.004058394514338661,FUGAX,utilities,2020
2020-10-01,0.0001087803830544477,FUGAX,utilities,2020
2020-10-02,0.025796827852479907,FUGAX,utilities,2020
2020-10-05,-0.0039606290492644,FUGAX,utilities,2020
2020-10-06,0.026268437492569238,FUGAX,utilities,2020
2020-10-07,-0.00841430705029528,FUGAX,utilities,2020
2020-10-08,0.013742087964935248,FUGAX,utilities,2020
2020-10-09,-0.00998089208277071,FUGAX,utilities,2020
2020-10-12,-0.011347484777352645,FUGAX,utilities,2020
2020-10-13,0.001970070501296689,FUGAX,utilities,2020
2020-10-14,0.0072728097524088365,FUGAX,utilities,2020
2020-10-15,0.005260605210592882,FUGAX,utilities,2020
2020-10-16,0.01170860482097816,FUGAX,utilities,2020
2020-10-19,0.01110493302567667,FUGAX,utilities,2020
2020-10-20,0.005449699665335728,FUGAX,utilities,2020
2020-10-21,-0.0014355494643993683,FUGAX,utilities,2020
2020-10-22,0.008795177012444054,FUGAX,utilities,2020
2020-10-23,0.0013851192822569008,FUGAX,utilities,2020
2020-10-26,0.013307612013242084,FUGAX,utilities,2020
2020-10-27,0.0007725530491816618,FUGAX,utilities,2020
2020-10-28,0.004611205535511288,FUGAX,utilities,2020
2020-10-29,-0.0062480659618917855,FUGAX,utilities,2020
2020-10-30,-0.0006752317498714168,FUGAX,utilities,2020
2020-11-02,0.010367158913607588,FUGAX,utilities,2020
2020-11-03,-0.002457860058893646,FUGAX,utilities,2020
2020-11-04,-0.036004709622491325,FUGAX,utilities,2020
2020-11-05,-0.003719916914123756,FUGAX,utilities,2020
2020-11-06,-0.0022024645870197877,FUGAX,utilities,2020
2020-11-09,0.008901490493383781,FUGAX,utilities,2020
2020-11-10,0.015512441800327707,FUGAX,utilities,2020
2020-11-11,-0.001322834746735179,FUGAX,utilities,2020
2020-11-12,-0.005385742864255751,FUGAX,utilities,2020
2020-11-13,-2.5131943674892854e-05,FUGAX,utilities,2020
2020-11-16,-0.0029327046474564838,FUGAX,utilities,2020
2020-11-17,-0.003551799425804081,FUGAX,utilities,2020
2020-11-18,-0.0001375721353998327,FUGAX,utilities,2020
2020-11-19,-0.015261736049870956,FUGAX,utilities,2020
2020-11-20,0.006330332964018055,FUGAX,utilities,2020
2020-11-23,-0.0024505121842516436,FUGAX,utilities,2020
2020-11-24,-0.001584577953697524,FUGAX,utilities,2020
2020-11-25,0.0012748851352648008,FUGAX,utilities,2020
2020-11-27,-0.008443563671059601,FUGAX,utilities,2020
2020-11-30,-0.011925449613809213,FUGAX,utilities,2020
2020-12-01,-0.004396606253731864,FUGAX,utilities,2020
2020-12-02,0.00420753563512184,FUGAX,utilities,2020
2020-12-03,-0.0054218566569848034,FUGAX,utilities,2020
2020-12-04,-0.01144098281447773,FUGAX,utilities,2020
2020-12-07,0.006318604885504252,FUGAX,utilities,2020
2020-12-08,-0.003264330636398852,FUGAX,utilities,2020
2020-12-09,0.007868745751115154,FUGAX,utilities,2020
2020-12-10,-0.0051188511998165225,FUGAX,utilities,2020
2020-12-11,0.0020944551934145086,FUGAX,utilities,2020
2020-12-14,-0.0006491578180666761,FUGAX,utilities,2020
2020-12-15,0.012025857558897145,FUGAX,utilities,2020
2020-12-16,-0.013529978325291278,FUGAX,utilities,2020
2020-12-17,0.00220247921929506,FUGAX,utilities,2020
2020-12-18,0.0001380920135599928,FUGAX,utilities,2020
2020-12-21,-0.00532518589605398,FUGAX,utilities,2020
2020-12-22,0.003863758473870696,FUGAX,utilities,2020
2020-12-23,0.0018666507737665004,FUGAX,utilities,2020
2020-12-24,0.00038306354890641067,FUGAX,utilities,2020
2020-12-28,-0.006549247993949745,FUGAX,utilities,2020
2020-12-29,-0.0011634899475924678,FUGAX,utilities,2020
2020-12-30,0.005963362579474027,FUGAX,utilities,2020
2021-01-05,0.0027736092667371625,FUGAX,utilities,2021
2021-01-06,0.023307228546262135,FUGAX,utilities,2021
2021-01-07,-0.019217083526606952,FUGAX,utilities,2021
2021-01-08,0.0042540021177121185,FUGAX,utilities,2021
2021-01-11,-0.002187185158737525,FUGAX,utilities,2021
2021-01-12,9.761996737900466e-05,FUGAX,utilities,2021
2021-01-13,0.013667643750214727,FUGAX,utilities,2021
2021-01-14,-0.002061297933630305,FUGAX,utilities,2021
2021-01-15,0.01433184549663893,FUGAX,utilities,2021
2021-01-19,-0.0067372157498369134,FUGAX,utilities,2021
2021-01-20,-0.0042393167598586004,FUGAX,utilities,2021
2021-01-21,-0.006545614504722139,FUGAX,utilities,2021
2021-01-22,0.0018330303795966822,FUGAX,utilities,2021
2021-01-25,0.005196051831204565,FUGAX,utilities,2021
2021-01-26,-0.014726414120511191,FUGAX,utilities,2021
2021-01-27,-0.021097698533022735,FUGAX,utilities,2021
2021-01-28,0.020365677964627252,FUGAX,utilities,2021
2021-01-29,0.005723944314357735,FUGAX,utilities,2021
2021-02-01,-0.003115583708108806,FUGAX,utilities,2021
2021-02-02,0.004446085699585574,FUGAX,utilities,2021
2021-02-03,-0.0008617858418130651,FUGAX,utilities,2021
2021-02-04,0.0015186362883764064,FUGAX,utilities,2021
2021-02-05,0.0019213998274222525,FUGAX,utilities,2021
2021-02-08,-0.007813594307950335,FUGAX,utilities,2021
2021-02-09,0.0024127965194982058,FUGAX,utilities,2021
2021-02-10,0.003446578667377207,FUGAX,utilities,2021
2021-02-11,-0.005788632854089202,FUGAX,utilities,2021
2021-02-12,-0.00906351742423538,FUGAX,utilities,2021
2021-02-16,-0.006972486279866942,FUGAX,utilities,2021
2021-02-17,-0.0008156115857593252,FUGAX,utilities,2021
2021-02-18,0.006175229769945879,FUGAX,utilities,2021
2021-02-19,-0.0100318216322557,FUGAX,utilities,2021
2021-02-22,-0.0173460487223265,FUGAX,utilities,2021
2021-02-23,0.0031879379266346666,FUGAX,utilities,2021
2021-02-24,-0.007240751796373561,FUGAX,utilities,2021
2021-02-25,-0.006009608483166999,FUGAX,utilities,2021
2021-02-26,-0.018249294572704796,FUGAX,utilities,2021
2021-03-01,0.009259060456802446,FUGAX,utilities,2021
2021-03-02,-0.0021166300604307077,FUGAX,utilities,2021
2021-03-03,-0.0009876858694215368,FUGAX,utilities,2021
2021-03-04,0.006992240858595629,FUGAX,utilities,2021
2021-03-05,0.0009153812405011241,FUGAX,utilities,2021
2021-03-08,0.018778704987596782,FUGAX,utilities,2021
2021-03-09,0.007788674213114907,FUGAX,utilities,2021
2021-03-10,0.0030686399796996666,FUGAX,utilities,2021
2021-03-11,-0.0054758718763885175,FUGAX,utilities,2021
2021-03-12,0.009681495644615823,FUGAX,utilities,2021
2021-03-15,0.011488489485156586,FUGAX,utilities,2021
2021-03-16,-0.0001730279717813111,FUGAX,utilities,2021
2021-03-17,-0.021682253937161618,FUGAX,utilities,2021
2021-03-18,-0.0036629754769816163,FUGAX,utilities,2021
2021-03-19,0.005653430890211235,FUGAX,utilities,2021
2021-03-22,-0.009597822915272586,FUGAX,utilities,2021
2021-03-23,0.011230701861249637,FUGAX,utilities,2021
2021-03-24,0.00460618461716947,FUGAX,utilities,2021
2021-03-25,0.01034319556106007,FUGAX,utilities,2021
2021-03-26,-0.006224866609286877,FUGAX,utilities,2021
2021-03-29,0.005591477724673992,FUGAX,utilities,2021
2021-03-30,-0.0028567364098929142,FUGAX,utilities,2021
2021-03-31,0.004234578114144441,FUGAX,utilities,2021
2021-04-01,-0.007680527017808093,FUGAX,utilities,2021
2021-04-05,0.0016210209265230605,FUGAX,utilities,2021
2021-04-06,0.006137170490106595,FUGAX,utilities,2021
2021-04-07,-0.0034076832217465073,FUGAX,utilities,2021
2021-04-08,-0.0021543262704119786,FUGAX,utilities,2021
2021-04-09,-0.004016967509698705,FUGAX,utilities,2021
2021-04-12,-0.0008817120521236591,FUGAX,utilities,2021
2021-04-13,0.01001069449983917,FUGAX,utilities,2021
2021-04-14,0.006365617282690844,FUGAX,utilities,2021
2021-04-15,0.0029733784560832064,FUGAX,utilities,2021
2021-04-16,0.0029497602593736598,FUGAX,utilities,2021
2021-04-19,-0.0040672425220216355,FUGAX,utilities,2021
2021-04-20,0.014143621307519148,FUGAX,utilities,2021
2021-04-21,-0.011872216134560484,FUGAX,utilities,2021
2021-04-22,-0.0025962947477091818,FUGAX,utilities,2021
2021-04-23,-0.007678883282687329,FUGAX,utilities,2021
2021-04-26,-0.006228267176575007,FUGAX,utilities,2021
2021-04-27,-0.0068277162031394525,FUGAX,utilities,2021
2021-04-28,0.0012616444160453702,FUGAX,utilities,2021
2021-04-29,0.004331420997201777,FUGAX,utilities,2021
2021-04-30,0.011460455013512207,FUGAX,utilities,2021
2021-05-03,-0.002552486654970182,FUGAX,utilities,2021
2021-05-04,-0.0019228655850444046,FUGAX,utilities,2021
2021-05-05,-0.017148865425581916,FUGAX,utilities,2021
2021-05-06,-0.0003881124925691152,FUGAX,utilities,2021
2021-05-07,-0.0014168235643823401,FUGAX,utilities,2021
2021-05-10,0.008689647670983618,FUGAX,utilities,2021
2021-05-11,-0.004310087107131253,FUGAX,utilities,2021
2021-05-12,-0.012154038012916474,FUGAX,utilities,2021
2021-05-13,0.012443235965778631,FUGAX,utilities,2021
2021-05-14,-0.0014399801544954759,FUGAX,utilities,2021
2021-05-17,-0.0063243544668602865,FUGAX,utilities,2021
2021-05-18,0.003827408755784081,FUGAX,utilities,2021
2021-05-19,-0.0004913132529284379,FUGAX,utilities,2021
2021-05-20,-0.0008997815487530782,FUGAX,utilities,2021
2021-05-21,0.005105230073318204,FUGAX,utilities,2021
2021-05-24,-0.004385901941168445,FUGAX,utilities,2021
2021-05-25,-0.014634288548670476,FUGAX,utilities,2021
2021-05-26,0.0007533560036077512,FUGAX,utilities,2021
2021-05-27,-0.005691030945958226,FUGAX,utilities,2021
2021-05-28,0.004132421241213243,FUGAX,utilities,2021
2021-06-01,-0.003052365841500684,FUGAX,utilities,2021
2021-06-02,0.0027827757513434743,FUGAX,utilities,2021
2021-06-03,0.008995935858458618,FUGAX,utilities,2021
2021-06-04,-0.00722625964820369,FUGAX,utilities,2021
2021-06-07,0.0034538456839158732,FUGAX,utilities,2021
2021-06-08,-0.004869110392629328,FUGAX,utilities,2021
2021-06-09,0.00964013897246268,FUGAX,utilities,2021
2021-06-10,0.0051608662052279415,FUGAX,utilities,2021
2021-06-11,0.004081102813968543,FUGAX,utilities,2021
2021-06-14,0.0008246804177447788,FUGAX,utilities,2021
2021-06-15,0.003640461274185568,FUGAX,utilities,2021
2021-06-16,-0.011135540697228061,FUGAX,utilities,2021
2021-06-17,0.003315134433093652,FUGAX,utilities,2021
2021-06-18,-0.016762142597850964,FUGAX,utilities,2021
2021-06-21,0.00462045412561315,FUGAX,utilities,2021
2021-06-22,-0.011571415597939198,FUGAX,utilities,2021
2021-06-23,-0.007854937267654878,FUGAX,utilities,2021
2021-06-24,-0.004942765233250094,FUGAX,utilities,2021
2021-06-25,0.010193299301126377,FUGAX,utilities,2021
2021-06-28,0.006594415462508914,FUGAX,utilities,2021
2021-06-29,-0.015255312785735765,FUGAX,utilities,2021
2021-06-30,-0.0023701282878642108,FUGAX,utilities,2021
2021-07-01,0.007433522331518858,FUGAX,utilities,2021
2021-07-02,-0.003074544594276322,FUGAX,utilities,2021
2021-07-06,0.00369150182694744,FUGAX,utilities,2021
2021-07-07,0.0006423862512204607,FUGAX,utilities,2021
2021-07-08,-0.00023352253949960374,FUGAX,utilities,2021
2021-07-09,-0.0029195657124083466,FUGAX,utilities,2021
2021-07-12,-0.000847326492380046,FUGAX,utilities,2021
2021-07-13,-0.009579078848764778,FUGAX,utilities,2021
2021-07-14,0.004586052692452407,FUGAX,utilities,2021
2021-07-15,0.011412425090880078,FUGAX,utilities,2021
2021-07-16,0.012053486579404178,FUGAX,utilities,2021
2021-07-19,-0.011593469170976714,FUGAX,utilities,2021
2021-07-20,-0.0004745902049191463,FUGAX,utilities,2021
2021-07-21,-0.010938842476377164,FUGAX,utilities,2021
2021-07-22,-0.0002048635972634247,FUGAX,utilities,2021
2021-07-23,0.00200931489078729,FUGAX,utilities,2021
2021-07-26,-0.0030522167959922187,FUGAX,utilities,2021
2021-07-27,0.018457100226677348,FUGAX,utilities,2021
2021-07-28,-0.0038236660885630144,FUGAX,utilities,2021
2021-07-29,0.0002178418607757496,FUGAX,utilities,2021
2021-07-30,-0.007935643647415818,FUGAX,utilities,2021
2021-08-02,0.007604405092679939,FUGAX,utilities,2021
2021-08-03,0.0017688960013161658,FUGAX,utilities,2021
2021-08-04,-0.00215559301892016,FUGAX,utilities,2021
2021-08-05,0.006901093738579865,FUGAX,utilities,2021
2021-08-06,-0.001101903054627644,FUGAX,utilities,2021
2021-08-09,-0.00013553963368658433,FUGAX,utilities,2021
2021-08-10,0.003133197389376248,FUGAX,utilities,2021
2021-08-11,0.00942527553298,FUGAX,utilities,2021
2021-08-12,-0.0005382217345396006,FUGAX,utilities,2021
2021-08-13,0.003548955457528212,FUGAX,utilities,2021
2021-08-16,0.0018018914136425038,FUGAX,utilities,2021
2021-08-17,0.0034525333545984745,FUGAX,utilities,2021
2021-08-18,0.002575246498932496,FUGAX,utilities,2021
2021-08-19,0.0006356410773583033,FUGAX,utilities,2021
2021-08-20,0.0097247192861946,FUGAX,utilities,2021
2021-08-23,-0.01542303273947982,FUGAX,utilities,2021
2021-08-24,-0.005493339962716251,FUGAX,utilities,2021
2021-08-25,0.0019592744971721095,FUGAX,utilities,2021
2021-08-26,-0.001667451429397593,FUGAX,utilities,2021
2021-08-27,-0.005639058281395244,FUGAX,utilities,2021
2021-08-30,-0.003368051232118868,FUGAX,utilities,2021
2021-08-31,0.001686032779289711,FUGAX,utilities,2021
2021-09-01,0.011301069039330262,FUGAX,utilities,2021
2021-09-02,0.006827256542431772,FUGAX,utilities,2021
2021-09-03,-0.007568280727352193,FUGAX,utilities,2021
2021-09-07,-0.006928347427459621,FUGAX,utilities,2021
2021-09-08,0.014014700791779333,FUGAX,utilities,2021
2021-09-09,-0.0017933110471086647,FUGAX,utilities,2021
2021-09-10,-0.007827050961398307,FUGAX,utilities,2021
2021-09-13,0.002515585121312766,FUGAX,utilities,2021
2021-09-14,-0.0011562432701800198,FUGAX,utilities,2021
2021-09-15,-0.0030415048242523205,FUGAX,utilities,2021
2021-09-16,-0.009381642217906633,FUGAX,utilities,2021
2021-09-17,-0.004973684455137876,FUGAX,utilities,2021
2021-09-20,0.004052542068992681,FUGAX,utilities,2021
2021-09-21,-0.0006293467202612933,FUGAX,utilities,2021
2021-09-22,-0.006431606826732214,FUGAX,utilities,2021
2021-09-23,-0.010787760098927207,FUGAX,utilities,2021
2021-09-24,-0.00253506107305435,FUGAX,utilities,2021
2021-09-27,-0.006062173768774447,FUGAX,utilities,2021
2021-09-28,-0.0020299342159963655,FUGAX,utilities,2021
2021-09-29,0.007707362356356278,FUGAX,utilities,2021
2021-09-30,-4.936597109629279e-05,FUGAX,utilities,2021
2021-10-01,-0.008058900142379649,FUGAX,utilities,2021
2021-10-04,0.01883681293871816,FUGAX,utilities,2021
2021-10-05,-0.0062590385710818005,FUGAX,utilities,2021
2021-10-06,0.011301086612087088,FUGAX,utilities,2021
2021-10-07,-0.007176643635726472,FUGAX,utilities,2021
2021-10-08,-0.003822565377026652,FUGAX,utilities,2021
2021-10-11,-0.009138774363121493,FUGAX,utilities,2021
2021-10-12,0.007606653408454409,FUGAX,utilities,2021
2021-10-13,0.010779896536162941,FUGAX,utilities,2021
2021-10-14,0.0020926811797821673,FUGAX,utilities,2021
2021-10-15,-0.0036798236039288193,FUGAX,utilities,2021
2021-10-18,-0.010981036181617266,FUGAX,utilities,2021
2021-10-19,0.007131214385981021,FUGAX,utilities,2021
2021-10-20,0.014996017723000188,FUGAX,utilities,2021
2021-10-21,-0.0016970277418687637,FUGAX,utilities,2021
2021-10-22,0.005569040905990489,FUGAX,utilities,2021
2021-10-25,-0.004516476341019241,FUGAX,utilities,2021
2021-10-26,0.0046207728156576625,FUGAX,utilities,2021
2021-10-27,-0.0011670423504708998,FUGAX,utilities,2021
2021-10-28,0.001101057242107597,FUGAX,utilities,2021
2021-10-29,-0.006272024708867714,FUGAX,utilities,2021
2021-11-01,0.0043669541063865985,FUGAX,utilities,2021
2021-11-02,-0.004508546557159911,FUGAX,utilities,2021
2021-11-03,-0.0025003009111297762,FUGAX,utilities,2021
2021-11-04,-0.007942394640787631,FUGAX,utilities,2021
2021-11-05,0.005758227888777154,FUGAX,utilities,2021
2021-11-08,-0.015640568723214957,FUGAX,utilities,2021
2021-11-09,0.007535159767606857,FUGAX,utilities,2021
2021-11-10,0.01211119145992419,FUGAX,utilities,2021
2021-11-11,-0.0021931945996233938,FUGAX,utilities,2021
2021-11-12,-0.005869002953755797,FUGAX,utilities,2021
2021-11-15,0.01235791257896296,FUGAX,utilities,2021
2021-11-16,-0.007151618085073292,FUGAX,utilities,2021
2021-11-17,0.0011661935446920337,FUGAX,utilities,2021
2021-11-18,-0.008734364182694994,FUGAX,utilities,2021
2021-11-19,0.007080833748441326,FUGAX,utilities,2021
2021-11-22,0.005773051289933185,FUGAX,utilities,2021
2021-11-23,0.001547873190939012,FUGAX,utilities,2021
2021-11-24,0.00016265339106402406,FUGAX,utilities,2021
2021-11-26,-0.005675568762436691,FUGAX,utilities,2021
2021-11-29,0.007195975383541336,FUGAX,utilities,2021
2021-11-30,-0.014613467572128573,FUGAX,utilities,2021
2021-12-01,0.0065615107144398055,FUGAX,utilities,2021
2021-12-02,0.0046465262024214995,FUGAX,utilities,2021
2021-12-03,0.009751985434943246,FUGAX,utilities,2021
2021-12-06,0.011758733311015932,FUGAX,utilities,2021
2021-12-07,-0.007296262774720742,FUGAX,utilities,2021
2021-12-08,-0.002792543180694633,FUGAX,utilities,2021
2021-12-09,0.00037820020718119405,FUGAX,utilities,2021
2021-12-10,-0.0010916284059242212,FUGAX,utilities,2021
2021-12-13,0.014006141436551524,FUGAX,utilities,2021
2021-12-14,-0.0034867618306990665,FUGAX,utilities,2021
2021-12-15,0.004910029232843881,FUGAX,utilities,2021
2021-12-16,0.008579214948645187,FUGAX,utilities,2021
2021-12-17,-0.007236254807487471,FUGAX,utilities,2021
2021-12-20,0.004357575089788552,FUGAX,utilities,2021
2021-12-21,-0.0078380968824881,FUGAX,utilities,2021
2021-12-22,-0.0016512363381615026,FUGAX,utilities,2021
2021-12-23,-0.004218534279390183,FUGAX,utilities,2021
2021-12-27,-0.004528845209186508,FUGAX,utilities,2021
2021-12-28,0.009105191827899883,FUGAX,utilities,2021
2021-12-29,0.0036967564281682407,FUGAX,utilities,2021
2021-12-30,0.006460355037168554,FUGAX,utilities,2021
2022-01-04,-0.0032053567712094578,FUGAX,utilities,2022
2022-01-05,0.0025609268669631695,FUGAX,utilities,2022
2022-01-06,-0.009346087601066214,FUGAX,utilities,2022
2022-01-07,0.0103630085363276,FUGAX,utilities,2022
2022-01-10,-0.00565689604186098,FUGAX,utilities,2022
2022-01-11,-0.012755604567858247,FUGAX,utilities,2022
2022-01-12,0.0022748912699560205,FUGAX,utilities,2022
2022-01-13,0.010845728278253886,FUGAX,utilities,2022
2022-01-14,-0.0050531948184005205,FUGAX,utilities,2022
2022-01-18,-0.002296352072246195,FUGAX,utilities,2022
2022-01-19,0.01021671060230557,FUGAX,utilities,2022
2022-01-20,0.005944491316378829,FUGAX,utilities,2022
2022-01-21,0.0053537937143969105,FUGAX,utilities,2022
2022-01-24,-0.012409150647220795,FUGAX,utilities,2022
2022-01-25,-0.008960915847689214,FUGAX,utilities,2022
2022-01-26,-0.0037503222829128238,FUGAX,utilities,2022
2022-01-27,0.006789691941477504,FUGAX,utilities,2022
2022-01-28,-0.0030055997436381487,FUGAX,utilities,2022
2022-01-31,0.007100226706366529,FUGAX,utilities,2022
2022-02-01,-0.017432085255311987,FUGAX,utilities,2022
2022-02-02,0.00950176627459386,FUGAX,utilities,2022
2022-02-03,0.0071686802593374874,FUGAX,utilities,2022
2022-02-04,-0.010178666736927766,FUGAX,utilities,2022
2022-02-07,-0.002400087023795066,FUGAX,utilities,2022
2022-02-08,-0.0029287146895207805,FUGAX,utilities,2022
2022-02-09,-0.002372339756993247,FUGAX,utilities,2022
2022-02-10,-0.014374993156465137,FUGAX,utilities,2022
2022-02-11,0.008912423344063836,FUGAX,utilities,2022
2022-02-14,-0.005830965124985132,FUGAX,utilities,2022
2022-02-15,-0.012754471484771846,FUGAX,utilities,2022
2022-02-16,0.004005404760387159,FUGAX,utilities,2022
2022-02-17,0.008754940044016436,FUGAX,utilities,2022
2022-02-18,-0.0030930534438484126,FUGAX,utilities,2022
2022-02-22,0.0025892437073975066,FUGAX,utilities,2022
2022-02-23,-0.009573258786506765,FUGAX,utilities,2022
2022-02-24,0.006298400304148773,FUGAX,utilities,2022
2022-02-25,0.015366167405308138,FUGAX,utilities,2022
2022-02-28,0.012017075284515377,FUGAX,utilities,2022
2022-03-01,0.0018059724870335345,FUGAX,utilities,2022
2022-03-02,0.0018246861577698795,FUGAX,utilities,2022
2022-03-03,0.015204361141468689,FUGAX,utilities,2022
2022-03-04,0.01992803684926742,FUGAX,utilities,2022
2022-03-07,0.027762606132136422,FUGAX,utilities,2022
2022-03-08,-0.004630622151227979,FUGAX,utilities,2022
2022-03-09,-0.02146661912858379,FUGAX,utilities,2022
2022-03-10,0.007083061914560072,FUGAX,utilities,2022
2022-03-11,2.024516325318214e-06,FUGAX,utilities,2022
2022-03-14,0.004480207808219034,FUGAX,utilities,2022
2022-03-15,-0.0003264934287494931,FUGAX,utilities,2022
2022-03-16,-0.010421161539459253,FUGAX,utilities,2022
2022-03-17,-0.005390915795917782,FUGAX,utilities,2022
2022-03-18,-0.014982468129611171,FUGAX,utilities,2022
2022-03-21,0.003414527578699439,FUGAX,utilities,2022
2022-03-22,-0.001731470283129497,FUGAX,utilities,2022
2022-03-23,0.005725364757542055,FUGAX,utilities,2022
2022-03-24,0.003036414702994688,FUGAX,utilities,2022
2022-03-25,0.011361525393586399,FUGAX,utilities,2022
2022-03-28,0.002634795334462055,FUGAX,utilities,2022
2022-03-29,0.0014306728334988628,FUGAX,utilities,2022
2022-03-30,0.010276321305091063,FUGAX,utilities,2022
2022-03-31,0.006808990610190244,FUGAX,utilities,2022
2022-04-01,0.012934279373677117,FUGAX,utilities,2022
2022-04-04,-0.012070750964120776,FUGAX,utilities,2022
2022-04-05,0.010358769057733908,FUGAX,utilities,2022
2022-04-06,0.019874299064770812,FUGAX,utilities,2022
2022-04-07,-0.003781657276497056,FUGAX,utilities,2022
2022-04-08,0.005989087138761974,FUGAX,utilities,2022
2022-04-11,-0.008828194208595099,FUGAX,utilities,2022
2022-04-12,0.005940614569847882,FUGAX,utilities,2022
2022-04-13,-0.004952732824406832,FUGAX,utilities,2022
2022-04-14,0.00457495272003668,FUGAX,utilities,2022
2022-04-18,-0.0034427077681011935,FUGAX,utilities,2022
2022-04-19,-0.004332034134069265,FUGAX,utilities,2022
2022-04-20,0.008272479848845946,FUGAX,utilities,2022
2022-04-21,-0.011845172639437126,FUGAX,utilities,2022
2022-04-22,-0.0019958119186421035,FUGAX,utilities,2022
2022-04-25,-0.011802246574894834,FUGAX,utilities,2022
2022-04-26,0.006335231888837559,FUGAX,utilities,2022
2022-04-27,-0.005003724810335243,FUGAX,utilities,2022
2022-04-28,-0.004668739593387169,FUGAX,utilities,2022
2022-04-29,-0.00539558177259826,FUGAX,utilities,2022
2022-05-02,-0.012741768793822212,FUGAX,utilities,2022
2022-05-03,0.0030857381429286613,FUGAX,utilities,2022
2022-05-04,0.005498906959367108,FUGAX,utilities,2022
2022-05-05,0.00640507128707586,FUGAX,utilities,2022
2022-05-06,0.010128839680637932,FUGAX,utilities,2022
2022-05-09,0.0015973180236420852,FUGAX,utilities,2022
2022-05-10,-0.013923406980979864,FUGAX,utilities,2022
2022-05-11,0.015216670944205191,FUGAX,utilities,2022
2022-05-12,-0.016704675940358224,FUGAX,utilities,2022
2022-05-13,9.360016995561479e-05,FUGAX,utilities,2022
2022-05-16,0.005932967718813509,FUGAX,utilities,2022
2022-05-17,0.0018161811836356154,FUGAX,utilities,2022
2022-05-18,0.012471781084190458,FUGAX,utilities,2022
2022-05-19,0.002173904483348276,FUGAX,utilities,2022
2022-05-20,-0.00205020093679946,FUGAX,utilities,2022
2022-05-23,0.0008136639050834813,FUGAX,utilities,2022
2022-05-24,0.018112262148353653,FUGAX,utilities,2022
2022-05-25,-0.0004570975915666924,FUGAX,utilities,2022
2022-05-26,-0.008996839881227719,FUGAX,utilities,2022
2022-05-27,0.0028995197470798716,FUGAX,utilities,2022
2022-05-31,-0.011753421998562682,FUGAX,utilities,2022
2022-06-01,0.003641629042593686,FUGAX,utilities,2022
2022-06-02,-0.003919787571156054,FUGAX,utilities,2022
2022-06-03,0.005671376015331889,FUGAX,utilities,2022
2022-06-06,0.0036944099334147765,FUGAX,utilities,2022
2022-06-07,-0.00029816588792373235,FUGAX,utilities,2022
2022-06-08,-0.012013397209381107,FUGAX,utilities,2022
2022-06-09,-0.011099927936958087,FUGAX,utilities,2022
2022-06-10,0.0035778751706707097,FUGAX,utilities,2022
2022-06-13,-0.026304453980313204,FUGAX,utilities,2022
2022-06-14,-0.02288629093201282,FUGAX,utilities,2022
2022-06-15,0.003635765493017605,FUGAX,utilities,2022
2022-06-16,-0.0036013639463320195,FUGAX,utilities,2022
2022-06-17,-0.00945427513430975,FUGAX,utilities,2022
2022-06-21,0.003881832808396074,FUGAX,utilities,2022
2022-06-22,0.008243215416628915,FUGAX,utilities,2022
2022-06-23,0.012626551868433686,FUGAX,utilities,2022
2022-06-24,-0.002389073466368217,FUGAX,utilities,2022
2022-06-27,0.008843585785470773,FUGAX,utilities,2022
2022-06-28,0.004376043582949896,FUGAX,utilities,2022
2022-06-29,-0.003750179781301995,FUGAX,utilities,2022
2022-06-30,0.013902221739001583,FUGAX,utilities,2022
2022-07-01,0.017495364057646103,FUGAX,utilities,2022
2022-07-05,-0.03571958569827531,FUGAX,utilities,2022
2022-07-06,0.005367185462084398,FUGAX,utilities,2022
2022-07-07,-0.005204285726676915,FUGAX,utilities,2022
2022-07-08,-0.0015827415791164357,FUGAX,utilities,2022
2022-07-11,0.009917726999133392,FUGAX,utilities,2022
2022-07-12,0.00032541369553257,FUGAX,utilities,2022
2022-07-13,-0.0015966596376079654,FUGAX,utilities,2022
2022-07-14,0.000727473815829396,FUGAX,utilities,2022
2022-07-15,-0.011736033364738694,FUGAX,utilities,2022
2022-07-18,-0.0059956399104661735,FUGAX,utilities,2022
2022-07-19,-0.0072501842691936776,FUGAX,utilities,2022
2022-07-20,-0.015644637481441844,FUGAX,utilities,2022
2022-07-21,-0.0060696353311445374,FUGAX,utilities,2022
2022-07-22,0.016307713270576972,FUGAX,utilities,2022
2022-07-25,0.011458503631499362,FUGAX,utilities,2022
2022-07-26,0.01012873843872122,FUGAX,utilities,2022
2022-07-27,-0.014298681811462865,FUGAX,utilities,2022
2022-07-28,0.03134879045939265,FUGAX,utilities,2022
2022-07-29,0.0003763093822369088,FUGAX,utilities,2022
2022-08-01,0.0002940071508759388,FUGAX,utilities,2022
2022-08-02,0.0012286216929505997,FUGAX,utilities,2022
2022-08-03,-0.004134207394079326,FUGAX,utilities,2022
2022-08-04,0.002179262825405673,FUGAX,utilities,2022
2022-08-05,0.0005320794287277665,FUGAX,utilities,2022
2022-08-08,0.0024653719919128254,FUGAX,utilities,2022
2022-08-09,0.011396548677787425,FUGAX,utilities,2022
2022-08-10,-0.006745491649503191,FUGAX,utilities,2022
2022-08-11,0.0014720717954153405,FUGAX,utilities,2022
2022-08-12,0.00595041504755903,FUGAX,utilities,2022
2022-08-15,0.004485577124349833,FUGAX,utilities,2022
2022-08-16,-0.00024738751227644366,FUGAX,utilities,2022
2022-08-17,-3.451886760831016e-05,FUGAX,utilities,2022
2022-08-18,0.0020594467413560325,FUGAX,utilities,2022
2022-08-19,0.004989888547289467,FUGAX,utilities,2022
2022-08-22,-0.0027515544731672135,FUGAX,utilities,2022
2022-08-23,-0.004374049115025307,FUGAX,utilities,2022
2022-08-24,0.002694180506697409,FUGAX,utilities,2022
2022-08-25,-0.0010152581097263615,FUGAX,utilities,2022
2022-08-26,0.004301175176573248,FUGAX,utilities,2022
2022-08-29,0.005697673471960209,FUGAX,utilities,2022
2022-08-30,-0.008737062619569231,FUGAX,utilities,2022
2022-08-31,0.00014493192104481556,FUGAX,utilities,2022
2022-09-01,0.010279182096520088,FUGAX,utilities,2022
2022-09-02,-0.0029521685376557496,FUGAX,utilities,2022
2022-09-06,0.0022815335178061557,FUGAX,utilities,2022
2022-09-07,0.01757045110789376,FUGAX,utilities,2022
2022-09-08,-0.003485240214000449,FUGAX,utilities,2022
2022-09-09,-0.005323596926675357,FUGAX,utilities,2022
2022-09-12,0.0025563927985917216,FUGAX,utilities,2022
2022-09-13,0.0009372527358103185,FUGAX,utilities,2022
2022-09-14,0.006164715896828323,FUGAX,utilities,2022
2022-09-15,-0.015491934894361617,FUGAX,utilities,2022
2022-09-16,-0.0005491400110207698,FUGAX,utilities,2022
2022-09-19,0.01010704784597696,FUGAX,utilities,2022
2022-09-20,-0.008371005086476944,FUGAX,utilities,2022
2022-09-21,-0.004244693365256092,FUGAX,utilities,2022
2022-09-22,-0.001412392220866282,FUGAX,utilities,2022
2022-09-23,-0.0044405971604247856,FUGAX,utilities,2022
2022-09-26,-0.017440376821657007,FUGAX,utilities,2022
2022-09-27,-0.014578086887261225,FUGAX,utilities,2022
2022-09-28,-0.0012355202109876982,FUGAX,utilities,2022
2022-09-29,-0.02660682189269524,FUGAX,utilities,2022
2022-09-30,-0.006647596994165696,FUGAX,utilities,2022
2022-10-03,0.014283640293673808,FUGAX,utilities,2022
2022-10-04,0.0070983739214495085,FUGAX,utilities,2022
2022-10-05,-0.018141513964469155,FUGAX,utilities,2022
2022-10-06,-0.024594941989682585,FUGAX,utilities,2022
2022-10-07,-0.0036165862770740353,FUGAX,utilities,2022
2022-10-10,0.0035902164731648045,FUGAX,utilities,2022
2022-10-11,-0.001136261380925195,FUGAX,utilities,2022
2022-10-12,-0.030403552262145257,FUGAX,utilities,2022
2022-10-13,0.0069676356528466515,FUGAX,utilities,2022
2022-10-14,-0.0052270108357516335,FUGAX,utilities,2022
2022-10-17,0.006108193841711521,FUGAX,utilities,2022
2022-10-18,0.006654862412293161,FUGAX,utilities,2022
2022-10-19,-0.009621196093325339,FUGAX,utilities,2022
2022-10-20,-0.0186607431258147,FUGAX,utilities,2022
2022-10-21,0.0031750805300794945,FUGAX,utilities,2022
2022-10-24,-0.00014381351557984402,FUGAX,utilities,2022
2022-10-25,0.010552228026037946,FUGAX,utilities,2022
2022-10-26,0.0029793328832199016,FUGAX,utilities,2022
2022-10-27,0.010805025136964632,FUGAX,utilities,2022
2022-10-28,0.009372513607701125,FUGAX,utilities,2022
2022-10-31,-0.004967746280160206,FUGAX,utilities,2022
2022-11-01,0.007860903246924383,FUGAX,utilities,2022
2022-11-02,0.0033791320195252408,FUGAX,utilities,2022
2022-11-03,0.011738933314371664,FUGAX,utilities,2022
2022-11-04,-0.004561228725252246,FUGAX,utilities,2022
2022-11-07,-0.025357601171266043,FUGAX,utilities,2022
2022-11-08,-0.0015275929350840101,FUGAX,utilities,2022
2022-11-09,0.003765021911372478,FUGAX,utilities,2022
2022-11-10,0.012974021996819227,FUGAX,utilities,2022
2022-11-11,-0.016596472031766125,FUGAX,utilities,2022
2022-11-14,-0.006781353965901203,FUGAX,utilities,2022
2022-11-15,0.003262913943191321,FUGAX,utilities,2022
2022-11-16,0.011870072013893602,FUGAX,utilities,2022
2022-11-17,-0.015562416947913639,FUGAX,utilities,2022
2022-11-18,0.01724073237501338,FUGAX,utilities,2022
2022-11-21,0.0054111895391669995,FUGAX,utilities,2022
2022-11-22,0.0011143138503367737,FUGAX,utilities,2022
2022-11-23,0.006116342977863372,FUGAX,utilities,2022
2022-11-25,0.005056298222034543,FUGAX,utilities,2022
2022-11-28,-0.0021035256754620944,FUGAX,utilities,2022
2022-11-29,-0.005133525205692659,FUGAX,utilities,2022
2022-11-30,0.007547593746397636,FUGAX,utilities,2022
2022-12-01,-0.002066862449398724,FUGAX,utilities,2022
2022-12-02,-0.0025781245829057135,FUGAX,utilities,2022
2022-12-05,0.0042758757744655535,FUGAX,utilities,2022
2022-12-06,0.014615161912597438,FUGAX,utilities,2022
2022-12-07,-0.00377701596407723,FUGAX,utilities,2022
2022-12-08,-0.0034285741245675687,FUGAX,utilities,2022
2022-12-09,-0.001573782071643506,FUGAX,utilities,2022
2022-12-12,0.013334596299101564,FUGAX,utilities,2022
2022-12-13,-0.0028072990852382154,FUGAX,utilities,2022
2022-12-14,0.00337146131475447,FUGAX,utilities,2022
2022-12-15,0.002801921033971446,FUGAX,utilities,2022
2022-12-16,-0.009969024939313623,FUGAX,utilities,2022
2022-12-19,0.00013088902140103668,FUGAX,utilities,2022
2022-12-20,-0.00023117528671632117,FUGAX,utilities,2022
2022-12-21,0.0035546360579023703,FUGAX,utilities,2022
2022-12-22,-0.0002755919567640503,FUGAX,utilities,2022
2022-12-23,0.005596669703094226,FUGAX,utilities,2022
2022-12-27,0.006893365228464527,FUGAX,utilities,2022
2022-12-28,-0.0028974532407508025,FUGAX,utilities,2022
2022-12-29,-0.004487894232711325,FUGAX,utilities,2022
2022-12-30,-0.007265766873266053,FUGAX,utilities,2022
2023-01-04,0.0054456560332926925,FUGAX,utilities,2023
2023-01-05,-0.013506139700254228,FUGAX,utilities,2023
2023-01-06,0.003229188832951148,FUGAX,utilities,2023
2023-01-09,0.007066519822862599,FUGAX,utilities,2023
2023-01-10,-0.004430098275899479,FUGAX,utilities,2023
2023-01-11,0.0021496856539994415,FUGAX,utilities,2023
2023-01-12,-0.006138366945817893,FUGAX,utilities,2023
2023-01-13,-0.004225460672213545,FUGAX,utilities,2023
2023-01-17,0.0012966620200297735,FUGAX,utilities,2023
2023-01-18,-0.012170989222886145,FUGAX,utilities,2023
2023-01-19,-0.005901655403004431,FUGAX,utilities,2023
2023-01-20,-0.0046541641069492426,FUGAX,utilities,2023
2023-01-23,-0.005787939424836152,FUGAX,utilities,2023
2023-01-24,0.005090095958066032,FUGAX,utilities,2023
2023-01-25,-0.014063155117060872,FUGAX,utilities,2023
2023-01-26,-0.0013201293572691272,FUGAX,utilities,2023
2023-01-27,-0.00031343145440328917,FUGAX,utilities,2023
2023-01-30,0.0014644258947412222,FUGAX,utilities,2023
2023-01-31,-0.002899288725899279,FUGAX,utilities,2023
2023-02-01,-0.005705373548074509,FUGAX,utilities,2023
2023-02-02,-0.006897437704156519,FUGAX,utilities,2023
2023-02-03,-0.01298714205957185,FUGAX,utilities,2023
2023-02-06,0.013678199180671202,FUGAX,utilities,2023
2023-02-07,-0.006194921469534046,FUGAX,utilities,2023
2023-02-08,-0.008364113382612164,FUGAX,utilities,2023
2023-02-09,-0.005662412292681831,FUGAX,utilities,2023
2023-02-10,0.018742030593698077,FUGAX,utilities,2023
2023-02-13,-0.001742970593999243,FUGAX,utilities,2023
2023-02-14,-0.001802671195602774,FUGAX,utilities,2023
2023-02-15,0.005386713737460998,FUGAX,utilities,2023
2023-02-16,0.000559728665326711,FUGAX,utilities,2023
2023-02-17,0.01022051624945536,FUGAX,utilities,2023
2023-02-21,-0.007100155494367082,FUGAX,utilities,2023
2023-02-22,-0.0026500989285947072,FUGAX,utilities,2023
2023-02-23,-0.006723427199961105,FUGAX,utilities,2023
2023-02-24,0.010355462477920086,FUGAX,utilities,2023
2023-02-27,-0.007168703280144835,FUGAX,utilities,2023
2023-02-28,-0.015549519617234595,FUGAX,utilities,2023
2023-03-01,-0.012082384044682162,FUGAX,utilities,2023
2023-03-02,0.014818847874161144,FUGAX,utilities,2023
2023-03-03,0.00882342577811563,FUGAX,utilities,2023
2023-03-06,0.00775896239001541,FUGAX,utilities,2023
2023-03-07,-0.0039199976887888816,FUGAX,utilities,2023
2023-03-08,0.00522689387091765,FUGAX,utilities,2023
2023-03-09,0.004150038463897632,FUGAX,utilities,2023
2023-03-10,-0.006456142446743149,FUGAX,utilities,2023
2023-03-13,0.012212935282315429,FUGAX,utilities,2023
2023-03-14,0.004467433974781941,FUGAX,utilities,2023
2023-03-15,0.013390447468506834,FUGAX,utilities,2023
2023-03-16,-0.0018129440889999779,FUGAX,utilities,2023
2023-03-17,-0.0017336191692332529,FUGAX,utilities,2023
2023-03-20,0.002215279164796656,FUGAX,utilities,2023
2023-03-21,-0.023910129750760394,FUGAX,utilities,2023
2023-03-22,-0.007729778295646394,FUGAX,utilities,2023
2023-03-23,-0.010577284019292749,FUGAX,utilities,2023
2023-03-24,0.02330338776417367,FUGAX,utilities,2023
2023-03-27,0.0025235588640177987,FUGAX,utilities,2023
2023-03-28,0.004615989322735749,FUGAX,utilities,2023
2023-03-29,0.004677464366386072,FUGAX,utilities,2023
2023-03-30,0.0020979186036078554,FUGAX,utilities,2023
2023-03-31,3.82384695976571e-05,FUGAX,utilities,2023
2023-04-03,-0.00947065320774115,FUGAX,utilities,2023
2023-04-04,0.008348334432050585,FUGAX,utilities,2023
2023-04-05,0.0245849551246966,FUGAX,utilities,2023
2023-04-06,0.005893869356155703,FUGAX,utilities,2023
2023-04-10,-0.0013625455972169128,FUGAX,utilities,2023
2023-04-11,0.0007265514408927691,FUGAX,utilities,2023
2023-04-12,0.003005745151947573,FUGAX,utilities,2023
2023-04-13,-0.0068976157184823805,FUGAX,utilities,2023
2023-04-14,-0.0073772524698203015,FUGAX,utilities,2023
2023-04-17,0.003153487918908059,FUGAX,utilities,2023
2023-04-18,-0.002465823408122509,FUGAX,utilities,2023
2023-04-19,0.006380830683468322,FUGAX,utilities,2023
2023-04-20,0.004433258561857301,FUGAX,utilities,2023
2023-04-21,0.0033335502701985023,FUGAX,utilities,2023
2023-04-24,0.004480740657521237,FUGAX,utilities,2023
2023-04-25,0.007466844568709045,FUGAX,utilities,2023
2023-04-26,-0.021073063816778613,FUGAX,utilities,2023
2023-04-27,0.0008221003313029582,FUGAX,utilities,2023
2023-04-28,-0.0032780466750372394,FUGAX,utilities,2023
2023-05-01,0.002898259562702098,FUGAX,utilities,2023
2023-05-02,-0.0030797796906259518,FUGAX,utilities,2023
2023-05-03,0.0026379872847633996,FUGAX,utilities,2023
2023-05-04,0.012010553175110333,FUGAX,utilities,2023
2023-05-05,-0.005143726620127868,FUGAX,utilities,2023
2023-05-08,0.001801858612079668,FUGAX,utilities,2023
2023-05-09,0.003740256070134933,FUGAX,utilities,2023
2023-05-10,0.006712432428449373,FUGAX,utilities,2023
2023-05-11,-0.008319500203229807,FUGAX,utilities,2023
2023-05-12,0.006574253078491902,FUGAX,utilities,2023
2023-05-15,-0.012532811432441407,FUGAX,utilities,2023
2023-05-16,-0.017148707471215864,FUGAX,utilities,2023
2023-05-17,-0.00832725684559352,FUGAX,utilities,2023
2023-05-18,-0.008638167178320048,FUGAX,utilities,2023
2023-05-19,-0.0009159368982642527,FUGAX,utilities,2023
2023-05-22,0.0023136660556693296,FUGAX,utilities,2023
2023-05-23,0.006513810040959498,FUGAX,utilities,2023
2023-05-24,-0.0002246378543255519,FUGAX,utilities,2023
2023-05-25,-0.01640848618412989,FUGAX,utilities,2023
2023-05-26,-0.00690283841558145,FUGAX,utilities,2023
2023-05-30,-0.0018682797316575002,FUGAX,utilities,2023
2023-05-31,0.012134929330745708,FUGAX,utilities,2023
2023-06-01,-0.0069180876294851965,FUGAX,utilities,2023
2023-06-02,-0.0014282923196074337,FUGAX,utilities,2023
2023-06-05,0.00494007446703568,FUGAX,utilities,2023
2023-06-06,0.0006136674944970722,FUGAX,utilities,2023
2023-06-07,0.018687872910630496,FUGAX,utilities,2023
2023-06-08,0.0013617798041931136,FUGAX,utilities,2023
2023-06-09,-0.005421677567678438,FUGAX,utilities,2023
2023-06-12,-0.007151417855876302,FUGAX,utilities,2023
2023-06-13,-0.0019913717235031454,FUGAX,utilities,2023
2023-06-14,-0.0006837708638187408,FUGAX,utilities,2023
2023-06-15,0.0019055787756699482,FUGAX,utilities,2023
2023-06-16,0.008799443649804606,FUGAX,utilities,2023
2023-06-20,-0.00758875665931234,FUGAX,utilities,2023
2023-06-21,0.012397273094135875,FUGAX,utilities,2023
2023-06-22,-0.008457956417532832,FUGAX,utilities,2023
2023-06-23,-0.00834604918233213,FUGAX,utilities,2023
2023-06-26,0.011554248406978905,FUGAX,utilities,2023
2023-06-27,-0.004821267081342229,FUGAX,utilities,2023
2023-06-28,-0.011711312059442543,FUGAX,utilities,2023
2023-06-29,-0.0021940648528253177,FUGAX,utilities,2023
2023-06-30,0.004886434597054384,FUGAX,utilities,2023
2023-07-03,0.003988546588705941,FUGAX,utilities,2023
2023-07-05,0.013844519454028556,FUGAX,utilities,2023
2023-07-06,-0.00801048556469312,FUGAX,utilities,2023
2023-07-07,-0.00310062062776494,FUGAX,utilities,2023
2023-07-10,-0.00375887168919071,FUGAX,utilities,2023
2023-07-11,0.0075578120439883986,FUGAX,utilities,2023
2023-07-12,0.010448483058967785,FUGAX,utilities,2023
2023-07-13,-0.003158441074174777,FUGAX,utilities,2023
2023-07-14,-0.0046068251208538046,FUGAX,utilities,2023
2023-07-17,-0.010802924590236705,FUGAX,utilities,2023
2023-07-18,-0.010995739274033828,FUGAX,utilities,2023
2023-07-19,0.008807189506525776,FUGAX,utilities,2023
2023-07-20,0.020706232238443333,FUGAX,utilities,2023
2023-07-21,0.01482765537903222,FUGAX,utilities,2023
2023-07-24,-0.005162702722897318,FUGAX,utilities,2023
2023-07-25,-7.401752340474533e-05,FUGAX,utilities,2023
2023-07-26,5.13229859409436e-06,FUGAX,utilities,2023
2023-07-27,-0.009897139044464254,FUGAX,utilities,2023
2023-07-28,-0.007047337919786557,FUGAX,utilities,2023
2023-07-31,0.0020918622373197592,FUGAX,utilities,2023
2023-08-01,-0.010124586262075538,FUGAX,utilities,2023
2023-08-02,0.009095090097829883,FUGAX,utilities,2023
2023-08-03,-0.014911836771418344,FUGAX,utilities,2023
2023-08-04,-0.004462942745089358,FUGAX,utilities,2023
2023-08-07,-0.004179525992756011,FUGAX,utilities,2023
2023-08-08,0.007908142652587687,FUGAX,utilities,2023
2023-08-09,0.00995576515495507,FUGAX,utilities,2023
2023-08-10,-0.0023597099894151086,FUGAX,utilities,2023
2023-08-11,0.004887505547028346,FUGAX,utilities,2023
2023-08-14,-0.008455089783272994,FUGAX,utilities,2023
2023-08-15,-0.007078129964535686,FUGAX,utilities,2023
2023-08-16,0.008200347271624723,FUGAX,utilities,2023
2023-08-17,0.0019155196020725724,FUGAX,utilities,2023
2023-08-18,0.00426799547941119,FUGAX,utilities,2023
2023-08-21,-0.006946830208808843,FUGAX,utilities,2023
2023-08-22,0.004922202261993379,FUGAX,utilities,2023
2023-08-23,-0.00011348070592124768,FUGAX,utilities,2023
2023-08-24,0.002625990873969461,FUGAX,utilities,2023
2023-08-25,0.002536408354277265,FUGAX,utilities,2023
2023-08-28,-0.003750673983615094,FUGAX,utilities,2023
2023-08-29,-0.0042525564034385024,FUGAX,utilities,2023
2023-08-30,-0.0045359016037440315,FUGAX,utilities,2023
2023-08-31,-0.007342606006989533,FUGAX,utilities,2023
2023-09-01,-0.0014178032642844177,FUGAX,utilities,2023
2023-09-05,-0.009241044982320555,FUGAX,utilities,2023
2023-09-06,0.006411597769194439,FUGAX,utilities,2023
2023-09-07,0.015153161939526344,FUGAX,utilities,2023
2023-09-08,0.009504392076049903,FUGAX,utilities,2023
2023-09-11,-0.0011167217924364092,FUGAX,utilities,2023
2023-09-12,0.005574119658741772,FUGAX,utilities,2023
2023-09-13,0.008203135321951627,FUGAX,utilities,2023
2023-09-14,0.010186986173058913,FUGAX,utilities,2023
2023-09-15,0.004366997264729852,FUGAX,utilities,2023
2023-09-18,0.0002541473794785881,FUGAX,utilities,2023
2023-09-19,-0.003195596519931853,FUGAX,utilities,2023
2023-09-20,0.004669929187219125,FUGAX,utilities,2023
2023-09-21,0.0006423398745691242,FUGAX,utilities,2023
2023-09-22,0.0007039699900857274,FUGAX,utilities,2023
2023-09-25,-0.0018108393887574198,FUGAX,utilities,2023
2023-09-26,-0.01815025830424019,FUGAX,utilities,2023
2023-09-27,-0.018465608830469125,FUGAX,utilities,2023
2023-09-28,-0.02581337570568725,FUGAX,utilities,2023
2023-09-29,0.0016094701433863328,FUGAX,utilities,2023
2023-10-02,-0.045280935086394,FUGAX,utilities,2023
2023-10-03,0.017731179574512188,FUGAX,utilities,2023
2023-10-04,-0.008106081967891615,FUGAX,utilities,2023
2023-10-05,-0.001920854291156179,FUGAX,utilities,2023
2023-10-06,0.005487351021924399,FUGAX,utilities,2023
2023-10-09,0.004229377548268849,FUGAX,utilities,2023
2023-10-10,0.011396547250218284,FUGAX,utilities,2023
2023-10-11,0.016158269485216724,FUGAX,utilities,2023
2023-10-12,-0.007320720462497711,FUGAX,utilities,2023
2023-10-13,0.013192646946630967,FUGAX,utilities,2023
2023-10-16,0.005755866123588445,FUGAX,utilities,2023
2023-10-17,-0.0008105421556413633,FUGAX,utilities,2023
2023-10-18,0.0009926854383993221,FUGAX,utilities,2023
2023-10-19,-0.00439598668623173,FUGAX,utilities,2023
2023-10-20,-0.0013426343039562444,FUGAX,utilities,2023
2023-10-23,-0.005842963535656827,FUGAX,utilities,2023
2023-10-24,0.023318246627242308,FUGAX,utilities,2023
2023-10-25,0.012010830701374826,FUGAX,utilities,2023
2023-10-26,0.017308596363428744,FUGAX,utilities,2023
2023-10-27,-0.013531053908921759,FUGAX,utilities,2023
2023-10-30,0.002792534374644524,FUGAX,utilities,2023
2023-10-31,0.005181311139431342,FUGAX,utilities,2023
2023-11-01,0.006686736321177863,FUGAX,utilities,2023
2023-11-02,0.006832748060408159,FUGAX,utilities,2023
2023-11-03,-0.001847460069957761,FUGAX,utilities,2023
2023-11-06,-0.0031309059582152613,FUGAX,utilities,2023
2023-11-07,-0.009190452868198582,FUGAX,utilities,2023
2023-11-08,-0.00644936040686094,FUGAX,utilities,2023
2023-11-09,-0.007334815179485761,FUGAX,utilities,2023
2023-11-10,-0.004192281041760747,FUGAX,utilities,2023
2023-11-13,-0.007787154541352648,FUGAX,utilities,2023
2023-11-14,0.028675379535296502,FUGAX,utilities,2023
2023-11-15,-0.006673971032082573,FUGAX,utilities,2023
2023-11-16,0.004961403262861925,FUGAX,utilities,2023
2023-11-17,0.004356103337273476,FUGAX,utilities,2023
2023-11-20,-0.006321025726669002,FUGAX,utilities,2023
2023-11-21,0.0037379963201959006,FUGAX,utilities,2023
2023-11-22,0.002643073306401707,FUGAX,utilities,2023
2023-11-24,0.0021989434169641907,FUGAX,utilities,2023
2023-11-27,0.004039225868173294,FUGAX,utilities,2023
2023-11-28,0.0013892804892386757,FUGAX,utilities,2023
2023-11-29,-0.006720935487622908,FUGAX,utilities,2023
2023-11-30,0.0028642403278762146,FUGAX,utilities,2023
2023-12-01,0.007995984394795458,FUGAX,utilities,2023
2023-12-04,-0.00011869808594265618,FUGAX,utilities,2023
2023-12-05,-0.006740573484558933,FUGAX,utilities,2023
2023-12-06,0.014720475813231396,FUGAX,utilities,2023
2023-12-07,-0.0051361084976571545,FUGAX,utilities,2023
2023-12-08,-0.004365025105524587,FUGAX,utilities,2023
2023-12-11,0.004778720136706924,FUGAX,utilities,2023
2023-12-12,-0.006735315008417246,FUGAX,utilities,2023
2023-12-13,0.027718266050684295,FUGAX,utilities,2023
2023-12-14,-0.007058963107659976,FUGAX,utilities,2023
2023-12-15,-0.010645842302264688,FUGAX,utilities,2023
2023-12-18,-0.006618736055874541,FUGAX,utilities,2023
2023-12-19,0.0028304946460013716,FUGAX,utilities,2023
2023-12-20,-0.011177160251345254,FUGAX,utilities,2023
2023-12-21,-0.003240456694278413,FUGAX,utilities,2023
2023-12-22,0.003285453197217442,FUGAX,utilities,2023
2023-12-26,0.00549335425974202,FUGAX,utilities,2023
2023-12-27,-0.00025797068710074837,FUGAX,utilities,2023
2023-12-28,0.0073647004620586536,FUGAX,utilities,2023
2023-12-29,0.0008453838646798426,FUGAX,utilities,2023
2024-01-03,0.005627145811624509,FUGAX,utilities,2024
2024-01-04,-0.0031867939596650044,FUGAX,utilities,2024
2024-01-05,0.002397556522574031,FUGAX,utilities,2024
2024-01-08,0.002469184091344545,FUGAX,utilities,2024
2024-01-09,-0.00763079871015483,FUGAX,utilities,2024
2024-01-10,-0.003968378188455188,FUGAX,utilities,2024
2024-01-11,-0.02236279410737567,FUGAX,utilities,2024
2024-01-12,0.0046923947167327555,FUGAX,utilities,2024
2024-01-16,-0.012260258992898397,FUGAX,utilities,2024
2024-01-17,-0.014224379193666935,FUGAX,utilities,2024
2024-01-18,-0.0139033915498607,FUGAX,utilities,2024
2024-01-19,-0.006733243350826172,FUGAX,utilities,2024
2024-01-22,-0.006685994430674638,FUGAX,utilities,2024
2024-01-23,0.0008331380263965796,FUGAX,utilities,2024
2024-01-24,-0.015591676346721046,FUGAX,utilities,2024
2024-01-25,0.01607943363257615,FUGAX,utilities,2024
2024-01-26,0.003054712626429695,FUGAX,utilities,2024
2024-01-29,0.002861792968529579,FUGAX,utilities,2024
2024-01-30,-0.0003250204116057978,FUGAX,utilities,2024
2024-01-31,0.0024004928559410057,FUGAX,utilities,2024
2024-02-01,0.014017075421333205,FUGAX,utilities,2024
2024-02-02,-0.020594865604993427,FUGAX,utilities,2024
2024-02-05,-0.019812072409837636,FUGAX,utilities,2024
2024-02-06,-2.8357245084087695e-05,FUGAX,utilities,2024
2024-02-07,-0.0013113622711641336,FUGAX,utilities,2024
2024-02-08,-0.007504627195039099,FUGAX,utilities,2024
2024-02-09,0.0023532380122563844,FUGAX,utilities,2024
2024-02-12,0.011207524096163626,FUGAX,utilities,2024
2024-02-13,-0.01131276066389304,FUGAX,utilities,2024
2024-02-14,0.0025034029681519293,FUGAX,utilities,2024
2024-02-15,0.014094055273311142,FUGAX,utilities,2024
2024-02-16,0.0004850383501667934,FUGAX,utilities,2024
2024-02-20,0.0012650612298398388,FUGAX,utilities,2024
2024-02-21,0.010177493123614616,FUGAX,utilities,2024
2024-02-22,-0.016202264139451753,FUGAX,utilities,2024
2024-02-23,0.005086184555566568,FUGAX,utilities,2024
2024-02-26,-0.018181168447532325,FUGAX,utilities,2024
2024-02-27,0.019446905585431693,FUGAX,utilities,2024
2024-02-28,0.0044236623771613205,FUGAX,utilities,2024
2024-02-29,0.0016075200198257134,FUGAX,utilities,2024
2024-03-01,-0.0071636461685262685,FUGAX,utilities,2024
2024-03-04,0.015004751769579923,FUGAX,utilities,2024
2024-03-05,0.0016666228057835594,FUGAX,utilities,2024
2024-03-06,0.006252551118220517,FUGAX,utilities,2024
2024-03-07,0.0028696927575327918,FUGAX,utilities,2024
2024-03-08,0.003662702902688374,FUGAX,utilities,2024
2024-03-11,0.0018927325972932143,FUGAX,utilities,2024
2024-03-12,-0.01334016870423893,FUGAX,utilities,2024
2024-03-13,0.005757474121678737,FUGAX,utilities,2024
2024-03-14,-0.0077668719825574025,FUGAX,utilities,2024
2024-03-15,0.0029169626273653267,FUGAX,utilities,2024
2024-03-18,0.0011366766026419109,FUGAX,utilities,2024
2024-03-19,0.008120487318181498,FUGAX,utilities,2024
2024-03-20,0.00030600440439399607,FUGAX,utilities,2024
2024-03-21,-0.001672539995048376,FUGAX,utilities,2024
2024-03-22,0.003085596043174651,FUGAX,utilities,2024
2024-03-25,0.007184314764658433,FUGAX,utilities,2024
2024-03-26,-0.0119152829595803,FUGAX,utilities,2024
2024-03-27,0.02252218322629997,FUGAX,utilities,2024
2024-03-28,0.0081326647009249,FUGAX,utilities,2024
2024-04-01,-0.004901455586267044,FUGAX,utilities,2024
2024-04-02,0.0016273157263253222,FUGAX,utilities,2024
2024-04-03,-0.002379183384690301,FUGAX,utilities,2024
2024-04-04,0.0005302991947314273,FUGAX,utilities,2024
2024-04-05,0.002985426109048054,FUGAX,utilities,2024
2024-04-08,0.004402681621258491,FUGAX,utilities,2024
2024-04-09,0.0007394880308461773,FUGAX,utilities,2024
2024-04-10,-0.012057679497695444,FUGAX,utilities,2024
2024-04-11,-0.005479740275908192,FUGAX,utilities,2024
2024-04-12,-0.005513810067540086,FUGAX,utilities,2024
2024-04-15,-0.007469211092650467,FUGAX,utilities,2024
2024-04-16,-0.012669917030875104,FUGAX,utilities,2024
2024-04-17,0.02014186183720878,FUGAX,utilities,2024
2024-04-18,0.0015345006230756135,FUGAX,utilities,2024
2024-04-19,0.014426203871457694,FUGAX,utilities,2024
2024-04-22,0.006913274764778707,FUGAX,utilities,2024
2024-04-23,0.002307966312126376,FUGAX,utilities,2024
2024-04-24,0.0058358482847249765,FUGAX,utilities,2024
2024-04-25,0.0042546646924311576,FUGAX,utilities,2024
2024-04-26,-0.012940042281973029,FUGAX,utilities,2024
2024-04-29,0.01573690742771547,FUGAX,utilities,2024
2024-04-30,-0.0017970507974531223,FUGAX,utilities,2024
2024-05-01,0.013075153816943436,FUGAX,utilities,2024
2024-05-02,0.004092203140734905,FUGAX,utilities,2024
2024-05-03,0.004589725284703999,FUGAX,utilities,2024
2024-05-06,0.0030500224942339007,FUGAX,utilities,2024
2024-05-07,0.0061500634142464695,FUGAX,utilities,2024
2024-05-08,0.012676299033899902,FUGAX,utilities,2024
2024-05-09,0.01561987141512251,FUGAX,utilities,2024
2024-05-10,-0.0023399038911335,FUGAX,utilities,2024
2024-05-13,-0.0028427244185429985,FUGAX,utilities,2024
2024-05-14,0.003074808514245211,FUGAX,utilities,2024
2024-05-15,0.012139906980333353,FUGAX,utilities,2024
2024-05-16,-0.004511865316377362,FUGAX,utilities,2024
2024-05-17,-0.0009659639124222783,FUGAX,utilities,2024
2024-05-20,-0.0032112417237527818,FUGAX,utilities,2024
2024-05-21,0.00997678801960328,FUGAX,utilities,2024
2024-05-22,-0.009770416778405082,FUGAX,utilities,2024
2024-05-23,-0.013079766648141561,FUGAX,utilities,2024
2024-05-24,0.012567841306215868,FUGAX,utilities,2024
2024-05-28,0.0002712497172174175,FUGAX,utilities,2024
2024-05-29,-0.010820320792439556,FUGAX,utilities,2024
2024-05-30,0.01728423872400845,FUGAX,utilities,2024
2024-05-31,0.007518139846289766,FUGAX,utilities,2024
2024-06-03,-0.017462917496918466,FUGAX,utilities,2024
2024-06-04,-0.006039614339386046,FUGAX,utilities,2024
2024-06-05,-0.004869601784520385,FUGAX,utilities,2024
2024-06-06,-0.015585242540283551,FUGAX,utilities,2024
2024-06-07,-0.011721668559406788,FUGAX,utilities,2024
2024-06-10,0.014240478144041745,FUGAX,utilities,2024
2024-06-11,-0.009507962076264049,FUGAX,utilities,2024
2024-06-12,-0.008727928913588416,FUGAX,utilities,2024
2024-06-13,-0.002159653964603608,FUGAX,utilities,2024
2024-06-14,-0.006469355154582902,FUGAX,utilities,2024
2024-06-17,-0.017489725318360162,FUGAX,utilities,2024
2024-06-18,0.001337528432170668,FUGAX,utilities,2024
2024-06-20,0.009102330592371144,FUGAX,utilities,2024
2024-06-21,-0.0062306035401210194,FUGAX,utilities,2024
2024-06-24,0.012007122231226172,FUGAX,utilities,2024
2024-06-25,-0.007770144223076788,FUGAX,utilities,2024
2024-06-26,-0.007260279569244616,FUGAX,utilities,2024
2024-06-27,-0.0005161281064360749,FUGAX,utilities,2024
2024-06-28,-0.012638143336312774,FUGAX,utilities,2024
2024-07-01,-0.008699723432605657,FUGAX,utilities,2024
2024-07-02,-2.5951551638098667e-05,FUGAX,utilities,2024
2024-07-03,0.00864537375864927,FUGAX,utilities,2024
2024-07-05,-0.003517417679486984,FUGAX,utilities,2024
2024-07-08,0.0016564214005782931,FUGAX,utilities,2024
2024-07-09,0.0012231754307028722,FUGAX,utilities,2024
2024-07-10,0.005379583739500173,FUGAX,utilities,2024
2024-07-11,0.019265844126856085,FUGAX,utilities,2024
2024-07-12,0.0041254260786426425,FUGAX,utilities,2024
2024-07-15,-0.03126845742445326,FUGAX,utilities,2024
2024-07-16,0.0036995925000770243,FUGAX,utilities,2024
2024-07-17,-0.001464265629422143,FUGAX,utilities,2024
2024-07-18,0.0021682960879138937,FUGAX,utilities,2024
2024-07-19,0.003734506608400934,FUGAX,utilities,2024
2024-07-22,0.006151654327311053,FUGAX,utilities,2024
2024-07-23,-0.005142870241217171,FUGAX,utilities,2024
2024-07-24,0.014743556745175492,FUGAX,utilities,2024
2024-07-25,-0.008331140612626986,FUGAX,utilities,2024
2024-07-26,0.007007798971885602,FUGAX,utilities,2024
2024-07-29,0.002789272593093158,FUGAX,utilities,2024
2024-07-30,0.005017994743050176,FUGAX,utilities,2024
2024-07-31,0.0071906188088818514,FUGAX,utilities,2024
2024-08-01,0.01857472672088455,FUGAX,utilities,2024
2024-08-02,0.0036936021456343586,FUGAX,utilities,2024
2024-08-05,-0.015745806189787402,FUGAX,utilities,2024
2024-08-06,0.00322714215176306,FUGAX,utilities,2024
2024-08-07,0.006109277358329696,FUGAX,utilities,2024
2024-08-08,-0.0045271327973763955,FUGAX,utilities,2024
2024-08-09,0.00047994074922293704,FUGAX,utilities,2024
2024-08-12,-0.0010777027700520799,FUGAX,utilities,2024
2024-08-13,0.00045458435455912605,FUGAX,utilities,2024
2024-08-14,-0.0028265468053598783,FUGAX,utilities,2024
2024-08-15,-0.006720698004617944,FUGAX,utilities,2024
2024-08-16,0.002727366630969451,FUGAX,utilities,2024
2024-08-19,0.0021571937933665677,FUGAX,utilities,2024
2024-08-20,-0.0020880967700878323,FUGAX,utilities,2024
2024-08-21,0.005024284979620878,FUGAX,utilities,2024
2024-08-22,0.0017836574639573445,FUGAX,utilities,2024
2024-08-23,-0.00019522989184470561,FUGAX,utilities,2024
2024-08-26,0.0058677807859728185,FUGAX,utilities,2024
2024-08-27,-0.007850633832306692,FUGAX,utilities,2024
2024-08-28,-0.00018306858337137377,FUGAX,utilities,2024
2024-08-29,0.0062965392449202025,FUGAX,utilities,2024
2024-08-30,0.002959113283076734,FUGAX,utilities,2024
2024-09-03,0.0002065645193126235,FUGAX,utilities,2024
2024-09-04,0.008939620630078422,FUGAX,utilities,2024
2024-09-05,-0.001723970016452974,FUGAX,utilities,2024
2024-09-06,-0.006094050728090198,FUGAX,utilities,2024
2024-09-09,0.003041421587986825,FUGAX,utilities,2024
2024-09-10,0.0008599302456463519,FUGAX,utilities,2024
2024-09-11,0.002863373356786471,FUGAX,utilities,2024
2024-09-12,-0.0012421342347363191,FUGAX,utilities,2024
2024-09-13,0.014084636638516222,FUGAX,utilities,2024
2024-09-16,0.008153387083198347,FUGAX,utilities,2024
2024-09-17,-0.0012358940865414654,FUGAX,utilities,2024
2024-09-18,-0.004984214637219275,FUGAX,utilities,2024
2024-09-19,-0.010956765714765906,FUGAX,utilities,2024
2024-09-20,0.032858726827190404,FUGAX,utilities,2024
2024-09-23,0.008316965512884017,FUGAX,utilities,2024
2024-09-24,-0.007329234504240367,FUGAX,utilities,2024
2024-09-25,0.008203222987966913,FUGAX,utilities,2024
2024-09-26,-0.01052840555680195,FUGAX,utilities,2024
2024-09-27,0.011135800259978552,FUGAX,utilities,2024
2024-09-30,0.0013975283176905396,FUGAX,utilities,2024
2024-10-01,0.009919837486082517,FUGAX,utilities,2024
2024-10-02,-0.0020628941224545717,FUGAX,utilities,2024
2024-10-03,0.0019912768698174647,FUGAX,utilities,2024
2024-10-04,-0.0012969400545512337,FUGAX,utilities,2024
2024-10-07,-0.0196014905789835,FUGAX,utilities,2024
2024-10-08,-0.005891841427071249,FUGAX,utilities,2024
2024-10-09,-0.01460974571523456,FUGAX,utilities,2024
2024-10-10,-0.002995817615876843,FUGAX,utilities,2024
2024-10-11,0.0037856802600280356,FUGAX,utilities,2024
2024-10-14,0.011359162027990479,FUGAX,utilities,2024
2024-10-15,0.004378496919928466,FUGAX,utilities,2024
2024-10-16,0.01839768511300703,FUGAX,utilities,2024
2024-10-17,-0.012822404163909645,FUGAX,utilities,2024
2024-10-18,0.003995776997190355,FUGAX,utilities,2024
2024-10-21,-0.0029328614704239213,FUGAX,utilities,2024
2024-10-22,-0.004651151411478696,FUGAX,utilities,2024
2024-10-23,0.01085066522546414,FUGAX,utilities,2024
2024-10-24,-0.006758202784911238,FUGAX,utilities,2024
2024-10-25,-0.012994760590193697,FUGAX,utilities,2024
2024-10-28,0.007582235132109025,FUGAX,utilities,2024
2024-10-29,-0.02125224003591574,FUGAX,utilities,2024
2024-10-30,-0.0022513814006544187,FUGAX,utilities,2024
2024-10-31,0.022148503646133022,FUGAX,utilities,2024
2024-11-01,-0.027803518302634278,FUGAX,utilities,2024
2024-11-04,-0.012530486171450446,FUGAX,utilities,2024
2024-11-05,0.013281240078913098,FUGAX,utilities,2024
2024-11-06,-0.011804420602894267,FUGAX,utilities,2024
2024-11-07,0.0037450294840872234,FUGAX,utilities,2024
2024-11-08,0.01633816784529155,FUGAX,utilities,2024
2024-11-11,0.003896233746241442,FUGAX,utilities,2024
2024-11-12,-0.009164042812475546,FUGAX,utilities,2024
2024-11-13,-0.002539437610144586,FUGAX,utilities,2024
2024-11-14,-0.0030205982574206874,FUGAX,utilities,2024
2024-11-15,0.018690194223116137,FUGAX,utilities,2024
2024-11-18,0.006254026548174133,FUGAX,utilities,2024
2024-11-19,0.00614640032767386,FUGAX,utilities,2024
2024-11-20,-0.00034757564847172774,FUGAX,utilities,2024
2024-11-21,0.017318777828469398,FUGAX,utilities,2024
2024-11-22,-0.005346716056910788,FUGAX,utilities,2024
2024-11-25,-0.0015654467902679087,FUGAX,utilities,2024
2024-11-26,0.011900776012854612,FUGAX,utilities,2024
2024-11-27,-0.0008493755044973555,FUGAX,utilities,2024
2024-11-29,-0.001471101073684981,FUGAX,utilities,2024
2024-12-02,-0.022420717710782426,FUGAX,utilities,2024
2024-12-03,-0.007648141400655955,FUGAX,utilities,2024
2024-12-04,0.001074985124356736,FUGAX,utilities,2024
2024-12-05,0.0014741088289586411,FUGAX,utilities,2024
2024-12-06,-0.013199685609318626,FUGAX,utilities,2024
2024-12-09,-0.013064035056809028,FUGAX,utilities,2024
2024-12-10,-0.008977321212319339,FUGAX,utilities,2024
2024-12-11,-0.006061518413886996,FUGAX,utilities,2024
2024-12-12,0.0009806600539633682,FUGAX,utilities,2024
2024-12-13,-0.00033738931958055836,FUGAX,utilities,2024
2024-12-16,-0.009220233985380785,FUGAX,utilities,2024
2024-12-17,-0.005940976723594719,FUGAX,utilities,2024
2024-12-18,-0.012845822438819012,FUGAX,utilities,2024
2024-12-19,0.005534241117431588,FUGAX,utilities,2024
2024-12-20,0.009921964019492455,FUGAX,utilities,2024
2024-12-23,0.0013362005620020352,FUGAX,utilities,2024
2024-12-24,0.0024707494166928525,FUGAX,utilities,2024
2024-12-26,-0.0035947798559963877,FUGAX,utilities,2024
2024-12-27,-0.000988403216412795,FUGAX,utilities,2024
2024-12-30,0.0007076482149686531,FUGAX,utilities,2024
2025-01-03,0.007260143473547761,FUGAX,utilities,2025
2025-01-06,-0.01336476594913114,FUGAX,utilities,2025
2025-01-07,0.0015405451054086292,FUGAX,utilities,2025
2025-01-08,-0.00740336844747592,FUGAX,utilities,2025
2025-01-10,-0.0029857591427376136,FUGAX,utilities,2025
2025-01-13,-0.015350009966441477,FUGAX,utilities,2025
2025-01-14,0.012041459369751747,FUGAX,utilities,2025
2025-01-15,0.006940332118240583,FUGAX,utilities,2025
2025-01-16,0.024152652321491424,FUGAX,utilities,2025
2025-01-17,-0.004414510024980945,FUGAX,utilities,2025
2025-01-21,0.013214659100296355,FUGAX,utilities,2025
2025-01-22,-0.022587843030018873,FUGAX,utilities,2025
2025-01-23,0.0023725115806412962,FUGAX,utilities,2025
2025-01-24,0.008919471747238606,FUGAX,utilities,2025
2025-01-27,-0.03329450742556972,FUGAX,utilities,2025
2025-01-28,-0.012673651405927296,FUGAX,utilities,2025
2025-01-29,0.004858875612669355,FUGAX,utilities,2025
2025-01-30,0.019721290185758026,FUGAX,utilities,2025
2025-01-31,-0.00472323348853843,FUGAX,utilities,2025
2025-02-03,0.006621948265723302,FUGAX,utilities,2025
2025-02-04,-0.009965496028513585,FUGAX,utilities,2025
2025-02-05,0.007552670222892554,FUGAX,utilities,2025
2025-02-06,-0.0012323168765644371,FUGAX,utilities,2025
2025-02-07,-0.00021381579665789288,FUGAX,utilities,2025
2025-02-10,0.0056690478963762935,FUGAX,utilities,2025
2025-02-11,0.0027743322709883863,FUGAX,utilities,2025
2025-02-12,-0.0006630117524481839,FUGAX,utilities,2025
2025-02-13,-0.003966791511618566,FUGAX,utilities,2025
2025-02-14,-0.004193320204925578,FUGAX,utilities,2025
2025-02-18,0.008299282311345293,FUGAX,utilities,2025
2025-02-19,0.002292020887675686,FUGAX,utilities,2025
2025-02-20,-0.00025876066513042754,FUGAX,utilities,2025
2025-02-21,0.0049082889314338895,FUGAX,utilities,2025
2025-02-24,-0.0038272794586119395,FUGAX,utilities,2025
2025-02-25,-0.008084138704766031,FUGAX,utilities,2025
2025-02-26,0.0035608065688542234,FUGAX,utilities,2025
2025-02-27,-0.015075789259117458,FUGAX,utilities,2025
2025-02-28,0.009115675414007457,FUGAX,utilities,2025
2025-03-03,0.005723191713594055,FUGAX,utilities,2025
2025-03-04,-0.012908537665399823,FUGAX,utilities,2025
2025-03-05,-0.011046427970630114,FUGAX,utilities,2025
2025-03-06,-0.014954748311818585,FUGAX,utilities,2025
2025-03-07,0.009575900602795732,FUGAX,utilities,2025
2025-03-10,0.01777424460515256,FUGAX,utilities,2025
2025-03-11,0.0018674778587135475,FUGAX,utilities,2025
2025-03-12,-0.0038020457699009668,FUGAX,utilities,2025
2025-03-13,0.006701288861803923,FUGAX,utilities,2025
2025-03-14,0.010148313376726153,FUGAX,utilities,2025
2025-03-17,0.0010434405803462455,FUGAX,utilities,2025
2025-03-18,-0.002648620479369851,FUGAX,utilities,2025
2025-03-19,-0.0011702806622471305,FUGAX,utilities,2025
2025-03-20,0.004773678144504004,FUGAX,utilities,2025
2025-03-21,-0.007941242358203952,FUGAX,utilities,2025
2025-03-24,-0.007011028219115404,FUGAX,utilities,2025
2025-03-25,-0.015792018369000002,FUGAX,utilities,2025
2025-03-26,0.008607758164842685,FUGAX,utilities,2025
2025-03-27,-0.0016093246068094962,FUGAX,utilities,2025
2025-03-28,0.013371174549295109,FUGAX,utilities,2025
2025-03-31,0.005995242950358942,FUGAX,utilities,2025
2025-04-01,0.0012724421610917208,FUGAX,utilities,2025
2025-04-02,0.0022527330095448213,FUGAX,utilities,2025
2025-04-03,0.012306274775566183,FUGAX,utilities,2025
2025-04-04,-0.028858256751133085,FUGAX,utilities,2025
2025-04-07,-0.016012781225119715,FUGAX,utilities,2025
2025-04-08,0.0012755438067727906,FUGAX,utilities,2025
2025-04-09,-0.011805010877304803,FUGAX,utilities,2025
2025-04-10,0.012417478014325644,FUGAX,utilities,2025
2025-04-11,0.005757702058985879,FUGAX,utilities,2025
2025-04-14,0.010578951633007424,FUGAX,utilities,2025
2025-04-15,0.002085065924565612,FUGAX,utilities,2025
2025-04-16,0.0015085304270601669,FUGAX,utilities,2025
2025-04-17,0.00790836426468935,FUGAX,utilities,2025
2025-04-21,-0.011694636233245008,FUGAX,utilities,2025
2025-04-22,0.012882466083685156,FUGAX,utilities,2025
2025-04-23,-0.005767552200632443,FUGAX,utilities,2025
2025-04-24,-0.007854450428773842,FUGAX,utilities,2025
2025-04-25,-0.006172850096304589,FUGAX,utilities,2025
2025-04-28,0.005282495238030637,FUGAX,utilities,2025
2025-04-29,0.0021061247747447736,FUGAX,utilities,2025
2025-04-30,-0.0030844519576947874,FUGAX,utilities,2025
2025-05-01,-0.0031790496669062444,FUGAX,utilities,2025
2025-05-02,-0.0001230427780485356,FUGAX,utilities,2025
2025-05-05,-0.0002984486821034605,FUGAX,utilities,2025
2025-05-06,0.011513625689452056,FUGAX,utilities,2025
2025-05-07,-0.0002141155976270112,FUGAX,utilities,2025
2025-05-08,-0.0155124585088963,FUGAX,utilities,2025
2025-05-09,0.0007465344202848845,FUGAX,utilities,2025
2025-05-12,-0.022925369512624066,FUGAX,utilities,2025
2025-05-13,0.002207346394069441,FUGAX,utilities,2025
2025-05-14,-0.003675771244037183,FUGAX,utilities,2025
2025-05-15,0.011217917096158464,FUGAX,utilities,2025
2025-05-16,0.007321092407941707,FUGAX,utilities,2025
2025-05-19,0.000620176571563782,FUGAX,utilities,2025
2025-05-20,0.0018152383502984184,FUGAX,utilities,2025
2025-05-21,-0.012466775113784008,FUGAX,utilities,2025
2025-05-22,-0.012874803803287708,FUGAX,utilities,2025
2025-05-23,0.014341090028277216,FUGAX,utilities,2025
2025-05-27,0.000471740969931099,FUGAX,utilities,2025
2025-05-28,-0.008861688156993917,FUGAX,utilities,2025
2025-05-29,0.0008006867564916082,FUGAX,utilities,2025
2025-05-30,0.008679863383444737,FUGAX,utilities,2025
2025-06-02,0.0016044371178118742,FUGAX,utilities,2025
2025-06-03,0.0011155001678201876,FUGAX,utilities,2025
2025-06-04,-0.01585730077847462,FUGAX,utilities,2025
2025-06-05,-0.001328885283350478,FUGAX,utilities,2025
2025-06-06,0.0001629225416526249,FUGAX,utilities,2025
2025-06-09,-0.005479366238388989,FUGAX,utilities,2025
2025-06-10,-0.005261216592802712,FUGAX,utilities,2025
2025-06-11,0.0025135384876527785,FUGAX,utilities,2025
2025-06-12,0.011006488293637108,FUGAX,utilities,2025
2025-06-13,-0.0023874819097025697,FUGAX,utilities,2025
2025-06-16,-0.004859449816976402,FUGAX,utilities,2025
2025-06-17,-0.005955642801379417,FUGAX,utilities,2025
2025-06-18,0.002726318236464472,FUGAX,utilities,2025
2025-06-20,0.0022977002019010017,FUGAX,utilities,2025
2025-06-23,0.007399936033561693,FUGAX,utilities,2025
2025-06-24,0.0012923760766339948,FUGAX,utilities,2025
2025-06-25,-0.013093636684868789,FUGAX,utilities,2025
2025-06-26,0.0075161956492480345,FUGAX,utilities,2025
2025-06-27,0.0003015728917337597,FUGAX,utilities,2025
2025-06-30,-6.380947232131548e-05,FUGAX,utilities,2025
2025-07-01,-0.0042242206687927,FUGAX,utilities,2025
2025-07-02,-0.009736185343594567,FUGAX,utilities,2025
2025-07-03,0.006984368584240484,FUGAX,utilities,2025
2025-07-07,0.005454119184750284,FUGAX,utilities,2025
2025-07-08,-0.014696223258201456,FUGAX,utilities,2025
2025-07-09,0.005803076056755077,FUGAX,utilities,2025
2025-07-10,0.0031388399058429784,FUGAX,utilities,2025
2025-07-11,0.0013478683319772455,FUGAX,utilities,2025
2025-07-14,0.004156235437512289,FUGAX,utilities,2025
2025-07-15,-0.0066501454002522945,FUGAX,utilities,2025
2025-07-16,-0.004456730040841413,FUGAX,utilities,2025
2025-07-17,0.0017765036444713587,FUGAX,utilities,2025
2025-07-18,0.019318960285397233,FUGAX,utilities,2025
2025-07-21,-0.0001943115246661215,FUGAX,utilities,2025
2025-07-22,0.009859670298946124,FUGAX,utilities,2025
2025-07-23,-0.006946201930792898,FUGAX,utilities,2025
2025-07-24,-0.00228839295854695,FUGAX,utilities,2025
2025-07-25,0.0007224407112621763,FUGAX,utilities,2025
2025-07-28,-0.009392059849539745,FUGAX,utilities,2025
2025-07-29,0.011010378140113498,FUGAX,utilities,2025
2025-07-30,0.00969680536536202,FUGAX,utilities,2025
2025-07-31,0.005449150872272489,FUGAX,utilities,2025
2025-08-01,0.003250870553302177,FUGAX,utilities,2025
2025-08-04,0.012265565949637397,FUGAX,utilities,2025
2025-08-05,-0.008326297791482272,FUGAX,utilities,2025
2025-08-06,-0.015363209567491362,FUGAX,utilities,2025
2025-08-07,0.00797738630257011,FUGAX,utilities,2025
2025-08-08,-0.00824946136206763,FUGAX,utilities,2025
2025-08-11,-0.003372265050986298,FUGAX,utilities,2025
2025-08-12,0.0031943748802810857,FUGAX,utilities,2025
2025-08-13,-0.0039563617433220465,FUGAX,utilities,2025
2025-08-14,-0.006905378594149441,FUGAX,utilities,2025
2025-08-15,-0.0030248916670514324,FUGAX,utilities,2025
2025-08-18,-0.0012126168672650065,FUGAX,utilities,2025
2025-08-19,0.005955419734539132,FUGAX,utilities,2025
2025-08-20,-0.0008174330569728893,FUGAX,utilities,2025
2025-08-21,-0.006279104398258434,FUGAX,utilities,2025
2025-08-22,-0.000583824554030006,FUGAX,utilities,2025
2025-08-25,-0.007370459698117509,FUGAX,utilities,2025
2025-08-26,0.002401430837537434,FUGAX,utilities,2025
2025-08-27,-0.0022528976464404682,FUGAX,utilities,2025
2025-08-28,-0.005911135635350457,FUGAX,utilities,2025
2025-08-29,-0.004903457092339474,FUGAX,utilities,2025
2025-09-02,-0.0011813234445821733,FUGAX,utilities,2025
2025-09-03,-0.0039933176735972055,FUGAX,utilities,2025
2025-09-04,-0.005004965614277646,FUGAX,utilities,2025
2025-09-05,-0.003292261335255472,FUGAX,utilities,2025
2025-09-08,-0.010220753766488368,FUGAX,utilities,2025
2025-09-09,0.005878057998434637,FUGAX,utilities,2025
2025-09-10,0.02114592642594279,FUGAX,utilities,2025
2025-09-11,-0.001011114046229529,FUGAX,utilities,2025
2025-09-12,0.004862758452061076,FUGAX,utilities,2025
2025-09-15,0.001858573527105274,FUGAX,utilities,2025
2025-09-16,-0.018204966442497847,FUGAX,utilities,2025
2025-09-17,0.0029805468466724354,FUGAX,utilities,2025
2025-09-18,-0.0011615942449413543,FUGAX,utilities,2025
2025-09-19,0.005183270619883087,FUGAX,utilities,2025
2025-09-22,0.009971336578599556,FUGAX,utilities,2025
2025-09-23,0.0017914275443438935,FUGAX,utilities,2025
2025-09-24,0.007794482130271681,FUGAX,utilities,2025
2025-09-25,-0.007478652407270369,FUGAX,utilities,2025
2025-09-26,0.01248511343424029,FUGAX,utilities,2025
2025-09-29,0.0007706439975920252,FUGAX,utilities,2025
2025-09-30,-0.0028491161092305635,FUGAX,utilities,2025
2025-10-01,0.010166855678035708,FUGAX,utilities,2025
2025-10-02,0.0004310128720826831,FUGAX,utilities,2025
2025-10-03,0.009892951276559434,FUGAX,utilities,2025
2025-10-06,0.007279429877396123,FUGAX,utilities,2025
2025-10-07,0.004180389794006736,FUGAX,utilities,2025
2025-10-08,0.007531596308075466,FUGAX,utilities,2025
2025-10-09,-0.0013962092912104015,FUGAX,utilities,2025
2025-10-10,-0.001762651010833052,FUGAX,utilities,2025
2025-10-13,0.007373947646760864,FUGAX,utilities,2025
2025-10-14,0.005923873809146626,FUGAX,utilities,2025
2025-10-15,0.012419597999185603,FUGAX,utilities,2025
2025-10-16,-0.008888315572321748,FUGAX,utilities,2025
