Fund,H_without_fund,drop_in_diversification
PRNEX,0.6880952380952381,0.0295918367346939
ICPAX,0.6976190476190476,0.02006802721088441
VGENX,0.6976190476190476,0.02006802721088441
FSENX,0.7285714285714285,-0.010884353741496544
FNARX,0.7333333333333333,-0.01564625850340129
FRNRX,0.7357142857142858,-0.018027210884353773
RYEIX,0.7428571428571429,-0.02517006802721089
